zone_id,colonia,alcaldia,reference_value,origin_period,horizon_months,target_period,forecast_value,forecast_change_abs,forecast_change_pct,direction,model_used,validation_status,forecast_role,artifact_role,target_unit,issued_at,interval_lower_80,interval_upper_80,interval_width,lower_clipped,frozen_radius,calibration_origin_period,n_calibration_points,uncertainty_status,issue_time,forecast_model,forecast_explanation,context_signal_1_feature,context_signal_2_feature,context_signal_3_feature,context_signal_1,context_signal_1_value,context_signal_1_direction,context_signal_2,context_signal_2_value,context_signal_2_direction,context_signal_3,context_signal_3_value,context_signal_3_direction,spatial_context_available,context_coverage,explanation_version,limitations
col_058b0a95e3e35746bf806f626cc29e3c,Del Valle Centro,Benito Juarez,44578.0,2026-08,1,2026-09,44578.0,0.0,0.0,NEUTRAL,PERSISTENCE,VALIDATED_SHORT_TERM,VALIDATED_FORECAST,CURRENT_FORECAST,station_endpoints_per_calendar_month,2026-09-19T16:02:18.602535+00:00,43533.0,45623.0,2090.0,False,1045.0,2026-07,911,FROZEN_PHASE6_CALIBRATION,2026-09-01T00:00:00,PERSISTENCE,El forecast mantiene el nivel de actividad registrado en su origen: persistencia fue seleccionada por su desempeño retrospectivo. Las señales contextuales no modifican esta predicción.,growth_1,trend_3,NONE,crecimiento reciente: -2.74% (contexto no causal),-0.02744567588794834,NEGATIVE,tendencia trimestral: 663.50 endpoints/mes (contexto no causal),663.5,POSITIVE,SIN_DATO,,UNAVAILABLE,False,,2.0-phase6-persistence-context,Disponibilidad histórica y finalización del target no verificadas. Radio de Fase 6 congelado; cobertura de la emisión actual no evaluada. Contexto descriptivo no causal; catálogo de estaciones sin vigencia histórica verificada.
col_058b0a95e3e35746bf806f626cc29e3c,Del Valle Centro,Benito Juarez,44578.0,2026-08,3,2026-11,44578.0,0.0,0.0,NEUTRAL,PERSISTENCE,VALIDATED_WITH_CAUTION,VALIDATED_FORECAST,CURRENT_FORECAST,station_endpoints_per_calendar_month,2026-09-19T16:02:18.602535+00:00,43300.0,45856.0,2556.0,False,1278.0,2026-05,780,FROZEN_PHASE6_CALIBRATION,2026-09-01T00:00:00,PERSISTENCE,El forecast mantiene el nivel de actividad registrado en su origen: persistencia fue seleccionada por su desempeño retrospectivo. Las señales contextuales no modifican esta predicción.,growth_1,trend_3,NONE,crecimiento reciente: -2.74% (contexto no causal),-0.02744567588794834,NEGATIVE,tendencia trimestral: 663.50 endpoints/mes (contexto no causal),663.5,POSITIVE,SIN_DATO,,UNAVAILABLE,False,,2.0-phase6-persistence-context,Disponibilidad histórica y finalización del target no verificadas. Radio de Fase 6 congelado; cobertura de la emisión actual no evaluada. Contexto descriptivo no causal; catálogo de estaciones sin vigencia histórica verificada.
col_058b0a95e3e35746bf806f626cc29e3c,Del Valle Centro,Benito Juarez,44578.0,2026-08,6,2027-02,44578.0,0.0,0.0,NEUTRAL,PERSISTENCE,VALIDATED_WITH_CAUTION,VALIDATED_FORECAST,CURRENT_FORECAST,station_endpoints_per_calendar_month,2026-09-19T16:02:18.602535+00:00,43237.0,45919.0,2682.0,False,1341.0,2026-02,571,FROZEN_PHASE6_CALIBRATION,2026-09-01T00:00:00,PERSISTENCE,El forecast mantiene el nivel de actividad registrado en su origen: persistencia fue seleccionada por su desempeño retrospectivo. Las señales contextuales no modifican esta predicción.,growth_1,trend_3,NONE,crecimiento reciente: -2.74% (contexto no causal),-0.02744567588794834,NEGATIVE,tendencia trimestral: 663.50 endpoints/mes (contexto no causal),663.5,POSITIVE,SIN_DATO,,UNAVAILABLE,False,,2.0-phase6-persistence-context,Disponibilidad histórica y finalización del target no verificadas. Radio de Fase 6 congelado; cobertura de la emisión actual no evaluada. Contexto descriptivo no causal; catálogo de estaciones sin vigencia histórica verificada.
col_058b0a95e3e35746bf806f626cc29e3c,Del Valle Centro,Benito Juarez,44578.0,2026-08,12,2027-08,44578.0,0.0,0.0,NEUTRAL,PERSISTENCE,VALIDATED_WITH_CAUTION,VALIDATED_FORECAST,CURRENT_FORECAST,station_endpoints_per_calendar_month,2026-09-19T16:02:18.602535+00:00,42297.0,46859.0,4562.0,False,2281.0,2025-08,165,FROZEN_PHASE6_CALIBRATION,2026-09-01T00:00:00,PERSISTENCE,El forecast mantiene el nivel de actividad registrado en su origen: persistencia fue seleccionada por su desempeño retrospectivo. Las señales contextuales no modifican esta predicción.,growth_1,trend_3,NONE,crecimiento reciente: -2.74% (contexto no causal),-0.02744567588794834,NEGATIVE,tendencia trimestral: 663.50 endpoints/mes (contexto no causal),663.5,POSITIVE,SIN_DATO,,UNAVAILABLE,False,,2.0-phase6-persistence-context,Disponibilidad histórica y finalización del target no verificadas. Radio de Fase 6 congelado; cobertura de la emisión actual no evaluada. Contexto descriptivo no causal; catálogo de estaciones sin vigencia histórica verificada.
col_075ade1e8b735efcac21da8802b37c0a,Obrero Popular,Azcapotzalco,1463.0,2026-08,1,2026-09,1463.0,0.0,0.0,NEUTRAL,PERSISTENCE,VALIDATED_SHORT_TERM,VALIDATED_FORECAST,CURRENT_FORECAST,station_endpoints_per_calendar_month,2026-09-19T16:02:18.602535+00:00,418.0,2508.0,2090.0,False,1045.0,2026-07,911,FROZEN_PHASE6_CALIBRATION,2026-09-01T00:00:00,PERSISTENCE,El forecast mantiene el nivel de actividad registrado en su origen: persistencia fue seleccionada por su desempeño retrospectivo. Las señales contextuales no modifican esta predicción.,growth_1,trend_3,neighbor_growth_lag1,crecimiento reciente: -11.71% (contexto no causal),-0.11707905853952927,NEGATIVE,tendencia trimestral: -171.00 endpoints/mes (contexto no causal),-171.0,NEGATIVE,crecimiento vecinal reciente: -9.37% (contexto no causal),-0.09374657418546545,NEGATIVE,True,1.0,2.0-phase6-persistence-context,Disponibilidad histórica y finalización del target no verificadas. Radio de Fase 6 congelado; cobertura de la emisión actual no evaluada. Contexto descriptivo no causal; catálogo de estaciones sin vigencia histórica verificada.
col_075ade1e8b735efcac21da8802b37c0a,Obrero Popular,Azcapotzalco,1463.0,2026-08,3,2026-11,1463.0,0.0,0.0,NEUTRAL,PERSISTENCE,VALIDATED_WITH_CAUTION,VALIDATED_FORECAST,CURRENT_FORECAST,station_endpoints_per_calendar_month,2026-09-19T16:02:18.602535+00:00,185.0,2741.0,2556.0,False,1278.0,2026-05,780,FROZEN_PHASE6_CALIBRATION,2026-09-01T00:00:00,PERSISTENCE,El forecast mantiene el nivel de actividad registrado en su origen: persistencia fue seleccionada por su desempeño retrospectivo. Las señales contextuales no modifican esta predicción.,growth_1,trend_3,neighbor_growth_lag1,crecimiento reciente: -11.71% (contexto no causal),-0.11707905853952927,NEGATIVE,tendencia trimestral: -171.00 endpoints/mes (contexto no causal),-171.0,NEGATIVE,crecimiento vecinal reciente: -9.37% (contexto no causal),-0.09374657418546545,NEGATIVE,True,1.0,2.0-phase6-persistence-context,Disponibilidad histórica y finalización del target no verificadas. Radio de Fase 6 congelado; cobertura de la emisión actual no evaluada. Contexto descriptivo no causal; catálogo de estaciones sin vigencia histórica verificada.
col_075ade1e8b735efcac21da8802b37c0a,Obrero Popular,Azcapotzalco,1463.0,2026-08,6,2027-02,1463.0,0.0,0.0,NEUTRAL,PERSISTENCE,VALIDATED_WITH_CAUTION,VALIDATED_FORECAST,CURRENT_FORECAST,station_endpoints_per_calendar_month,2026-09-19T16:02:18.602535+00:00,122.0,2804.0,2682.0,False,1341.0,2026-02,571,FROZEN_PHASE6_CALIBRATION,2026-09-01T00:00:00,PERSISTENCE,El forecast mantiene el nivel de actividad registrado en su origen: persistencia fue seleccionada por su desempeño retrospectivo. Las señales contextuales no modifican esta predicción.,growth_1,trend_3,neighbor_growth_lag1,crecimiento reciente: -11.71% (contexto no causal),-0.11707905853952927,NEGATIVE,tendencia trimestral: -171.00 endpoints/mes (contexto no causal),-171.0,NEGATIVE,crecimiento vecinal reciente: -9.37% (contexto no causal),-0.09374657418546545,NEGATIVE,True,1.0,2.0-phase6-persistence-context,Disponibilidad histórica y finalización del target no verificadas. Radio de Fase 6 congelado; cobertura de la emisión actual no evaluada. Contexto descriptivo no causal; catálogo de estaciones sin vigencia histórica verificada.
col_075ade1e8b735efcac21da8802b37c0a,Obrero Popular,Azcapotzalco,1463.0,2026-08,12,2027-08,1463.0,0.0,0.0,NEUTRAL,PERSISTENCE,VALIDATED_WITH_CAUTION,VALIDATED_FORECAST,CURRENT_FORECAST,station_endpoints_per_calendar_month,2026-09-19T16:02:18.602535+00:00,0.0,3744.0,3744.0,True,2281.0,2025-08,165,FROZEN_PHASE6_CALIBRATION,2026-09-01T00:00:00,PERSISTENCE,El forecast mantiene el nivel de actividad registrado en su origen: persistencia fue seleccionada por su desempeño retrospectivo. Las señales contextuales no modifican esta predicción.,growth_1,trend_3,neighbor_growth_lag1,crecimiento reciente: -11.71% (contexto no causal),-0.11707905853952927,NEGATIVE,tendencia trimestral: -171.00 endpoints/mes (contexto no causal),-171.0,NEGATIVE,crecimiento vecinal reciente: -9.37% (contexto no causal),-0.09374657418546545,NEGATIVE,True,1.0,2.0-phase6-persistence-context,Disponibilidad histórica y finalización del target no verificadas. Radio de Fase 6 congelado; cobertura de la emisión actual no evaluada. Contexto descriptivo no causal; catálogo de estaciones sin vigencia histórica verificada.
col_0d7a0b5c2d6b5f31bd586ed063d99183,San Alvaro,Azcapotzalco,3065.0,2026-08,1,2026-09,3065.0,0.0,0.0,NEUTRAL,PERSISTENCE,VALIDATED_SHORT_TERM,VALIDATED_FORECAST,CURRENT_FORECAST,station_endpoints_per_calendar_month,2026-09-19T16:02:18.602535+00:00,2020.0,4110.0,2090.0,False,1045.0,2026-07,911,FROZEN_PHASE6_CALIBRATION,2026-09-01T00:00:00,PERSISTENCE,El forecast mantiene el nivel de actividad registrado en su origen: persistencia fue seleccionada por su desempeño retrospectivo. Las señales contextuales no modifican esta predicción.,growth_1,trend_3,neighbor_growth_lag1,crecimiento reciente: -11.80% (contexto no causal),-0.11798561151079137,NEGATIVE,tendencia trimestral: -106.00 endpoints/mes (contexto no causal),-106.0,NEGATIVE,crecimiento vecinal reciente: -4.65% (contexto no causal),-0.046468777322776475,NEGATIVE,True,1.0,2.0-phase6-persistence-context,Disponibilidad histórica y finalización del target no verificadas. Radio de Fase 6 congelado; cobertura de la emisión actual no evaluada. Contexto descriptivo no causal; catálogo de estaciones sin vigencia histórica verificada.
col_0d7a0b5c2d6b5f31bd586ed063d99183,San Alvaro,Azcapotzalco,3065.0,2026-08,3,2026-11,3065.0,0.0,0.0,NEUTRAL,PERSISTENCE,VALIDATED_WITH_CAUTION,VALIDATED_FORECAST,CURRENT_FORECAST,station_endpoints_per_calendar_month,2026-09-19T16:02:18.602535+00:00,1787.0,4343.0,2556.0,False,1278.0,2026-05,780,FROZEN_PHASE6_CALIBRATION,2026-09-01T00:00:00,PERSISTENCE,El forecast mantiene el nivel de actividad registrado en su origen: persistencia fue seleccionada por su desempeño retrospectivo. Las señales contextuales no modifican esta predicción.,growth_1,trend_3,neighbor_growth_lag1,crecimiento reciente: -11.80% (contexto no causal),-0.11798561151079137,NEGATIVE,tendencia trimestral: -106.00 endpoints/mes (contexto no causal),-106.0,NEGATIVE,crecimiento vecinal reciente: -4.65% (contexto no causal),-0.046468777322776475,NEGATIVE,True,1.0,2.0-phase6-persistence-context,Disponibilidad histórica y finalización del target no verificadas. Radio de Fase 6 congelado; cobertura de la emisión actual no evaluada. Contexto descriptivo no causal; catálogo de estaciones sin vigencia histórica verificada.
col_0d7a0b5c2d6b5f31bd586ed063d99183,San Alvaro,Azcapotzalco,3065.0,2026-08,6,2027-02,3065.0,0.0,0.0,NEUTRAL,PERSISTENCE,VALIDATED_WITH_CAUTION,VALIDATED_FORECAST,CURRENT_FORECAST,station_endpoints_per_calendar_month,2026-09-19T16:02:18.602535+00:00,1724.0,4406.0,2682.0,False,1341.0,2026-02,571,FROZEN_PHASE6_CALIBRATION,2026-09-01T00:00:00,PERSISTENCE,El forecast mantiene el nivel de actividad registrado en su origen: persistencia fue seleccionada por su desempeño retrospectivo. Las señales contextuales no modifican esta predicción.,growth_1,trend_3,neighbor_growth_lag1,crecimiento reciente: -11.80% (contexto no causal),-0.11798561151079137,NEGATIVE,tendencia trimestral: -106.00 endpoints/mes (contexto no causal),-106.0,NEGATIVE,crecimiento vecinal reciente: -4.65% (contexto no causal),-0.046468777322776475,NEGATIVE,True,1.0,2.0-phase6-persistence-context,Disponibilidad histórica y finalización del target no verificadas. Radio de Fase 6 congelado; cobertura de la emisión actual no evaluada. Contexto descriptivo no causal; catálogo de estaciones sin vigencia histórica verificada.
col_0d7a0b5c2d6b5f31bd586ed063d99183,San Alvaro,Azcapotzalco,3065.0,2026-08,12,2027-08,3065.0,0.0,0.0,NEUTRAL,PERSISTENCE,VALIDATED_WITH_CAUTION,VALIDATED_FORECAST,CURRENT_FORECAST,station_endpoints_per_calendar_month,2026-09-19T16:02:18.602535+00:00,784.0,5346.0,4562.0,False,2281.0,2025-08,165,FROZEN_PHASE6_CALIBRATION,2026-09-01T00:00:00,PERSISTENCE,El forecast mantiene el nivel de actividad registrado en su origen: persistencia fue seleccionada por su desempeño retrospectivo. Las señales contextuales no modifican esta predicción.,growth_1,trend_3,neighbor_growth_lag1,crecimiento reciente: -11.80% (contexto no causal),-0.11798561151079137,NEGATIVE,tendencia trimestral: -106.00 endpoints/mes (contexto no causal),-106.0,NEGATIVE,crecimiento vecinal reciente: -4.65% (contexto no causal),-0.046468777322776475,NEGATIVE,True,1.0,2.0-phase6-persistence-context,Disponibilidad histórica y finalización del target no verificadas. Radio de Fase 6 congelado; cobertura de la emisión actual no evaluada. Contexto descriptivo no causal; catálogo de estaciones sin vigencia histórica verificada.
col_0f6878a834535080af77fae943ae9b95,Tabacalera,Cuauhtemoc,50284.0,2026-08,1,2026-09,50284.0,0.0,0.0,NEUTRAL,PERSISTENCE,VALIDATED_SHORT_TERM,VALIDATED_FORECAST,CURRENT_FORECAST,station_endpoints_per_calendar_month,2026-09-19T16:02:18.602535+00:00,49239.0,51329.0,2090.0,False,1045.0,2026-07,911,FROZEN_PHASE6_CALIBRATION,2026-09-01T00:00:00,PERSISTENCE,El forecast mantiene el nivel de actividad registrado en su origen: persistencia fue seleccionada por su desempeño retrospectivo. Las señales contextuales no modifican esta predicción.,growth_1,trend_3,neighbor_growth_lag1,crecimiento reciente: 7.60% (contexto no causal),0.0759618265074678,POSITIVE,tendencia trimestral: 467.00 endpoints/mes (contexto no causal),467.0,POSITIVE,crecimiento vecinal reciente: -2.14% (contexto no causal),-0.021437013961197723,NEGATIVE,True,1.0,2.0-phase6-persistence-context,Disponibilidad histórica y finalización del target no verificadas. Radio de Fase 6 congelado; cobertura de la emisión actual no evaluada. Contexto descriptivo no causal; catálogo de estaciones sin vigencia histórica verificada.
col_0f6878a834535080af77fae943ae9b95,Tabacalera,Cuauhtemoc,50284.0,2026-08,3,2026-11,50284.0,0.0,0.0,NEUTRAL,PERSISTENCE,VALIDATED_WITH_CAUTION,VALIDATED_FORECAST,CURRENT_FORECAST,station_endpoints_per_calendar_month,2026-09-19T16:02:18.602535+00:00,49006.0,51562.0,2556.0,False,1278.0,2026-05,780,FROZEN_PHASE6_CALIBRATION,2026-09-01T00:00:00,PERSISTENCE,El forecast mantiene el nivel de actividad registrado en su origen: persistencia fue seleccionada por su desempeño retrospectivo. Las señales contextuales no modifican esta predicción.,growth_1,trend_3,neighbor_growth_lag1,crecimiento reciente: 7.60% (contexto no causal),0.0759618265074678,POSITIVE,tendencia trimestral: 467.00 endpoints/mes (contexto no causal),467.0,POSITIVE,crecimiento vecinal reciente: -2.14% (contexto no causal),-0.021437013961197723,NEGATIVE,True,1.0,2.0-phase6-persistence-context,Disponibilidad histórica y finalización del target no verificadas. Radio de Fase 6 congelado; cobertura de la emisión actual no evaluada. Contexto descriptivo no causal; catálogo de estaciones sin vigencia histórica verificada.
col_0f6878a834535080af77fae943ae9b95,Tabacalera,Cuauhtemoc,50284.0,2026-08,6,2027-02,50284.0,0.0,0.0,NEUTRAL,PERSISTENCE,VALIDATED_WITH_CAUTION,VALIDATED_FORECAST,CURRENT_FORECAST,station_endpoints_per_calendar_month,2026-09-19T16:02:18.602535+00:00,48943.0,51625.0,2682.0,False,1341.0,2026-02,571,FROZEN_PHASE6_CALIBRATION,2026-09-01T00:00:00,PERSISTENCE,El forecast mantiene el nivel de actividad registrado en su origen: persistencia fue seleccionada por su desempeño retrospectivo. Las señales contextuales no modifican esta predicción.,growth_1,trend_3,neighbor_growth_lag1,crecimiento reciente: 7.60% (contexto no causal),0.0759618265074678,POSITIVE,tendencia trimestral: 467.00 endpoints/mes (contexto no causal),467.0,POSITIVE,crecimiento vecinal reciente: -2.14% (contexto no causal),-0.021437013961197723,NEGATIVE,True,1.0,2.0-phase6-persistence-context,Disponibilidad histórica y finalización del target no verificadas. Radio de Fase 6 congelado; cobertura de la emisión actual no evaluada. Contexto descriptivo no causal; catálogo de estaciones sin vigencia histórica verificada.
col_0f6878a834535080af77fae943ae9b95,Tabacalera,Cuauhtemoc,50284.0,2026-08,12,2027-08,50284.0,0.0,0.0,NEUTRAL,PERSISTENCE,VALIDATED_WITH_CAUTION,VALIDATED_FORECAST,CURRENT_FORECAST,station_endpoints_per_calendar_month,2026-09-19T16:02:18.602535+00:00,48003.0,52565.0,4562.0,False,2281.0,2025-08,165,FROZEN_PHASE6_CALIBRATION,2026-09-01T00:00:00,PERSISTENCE,El forecast mantiene el nivel de actividad registrado en su origen: persistencia fue seleccionada por su desempeño retrospectivo. Las señales contextuales no modifican esta predicción.,growth_1,trend_3,neighbor_growth_lag1,crecimiento reciente: 7.60% (contexto no causal),0.0759618265074678,POSITIVE,tendencia trimestral: 467.00 endpoints/mes (contexto no causal),467.0,POSITIVE,crecimiento vecinal reciente: -2.14% (contexto no causal),-0.021437013961197723,NEGATIVE,True,1.0,2.0-phase6-persistence-context,Disponibilidad histórica y finalización del target no verificadas. Radio de Fase 6 congelado; cobertura de la emisión actual no evaluada. Contexto descriptivo no causal; catálogo de estaciones sin vigencia histórica verificada.
col_145462232cb0506eac0d954b79bb4e67,Tlatilco,Azcapotzalco,5954.0,2026-08,1,2026-09,5954.0,0.0,0.0,NEUTRAL,PERSISTENCE,VALIDATED_SHORT_TERM,VALIDATED_FORECAST,CURRENT_FORECAST,station_endpoints_per_calendar_month,2026-09-19T16:02:18.602535+00:00,4909.0,6999.0,2090.0,False,1045.0,2026-07,911,FROZEN_PHASE6_CALIBRATION,2026-09-01T00:00:00,PERSISTENCE,El forecast mantiene el nivel de actividad registrado en su origen: persistencia fue seleccionada por su desempeño retrospectivo. Las señales contextuales no modifican esta predicción.,growth_1,trend_3,neighbor_growth_lag1,crecimiento reciente: -5.98% (contexto no causal),-0.05984525501342176,NEGATIVE,tendencia trimestral: -370.50 endpoints/mes (contexto no causal),-370.5,NEGATIVE,crecimiento vecinal reciente: -6.39% (contexto no causal),-0.06390913913898076,NEGATIVE,True,1.0,2.0-phase6-persistence-context,Disponibilidad histórica y finalización del target no verificadas. Radio de Fase 6 congelado; cobertura de la emisión actual no evaluada. Contexto descriptivo no causal; catálogo de estaciones sin vigencia histórica verificada.
col_145462232cb0506eac0d954b79bb4e67,Tlatilco,Azcapotzalco,5954.0,2026-08,3,2026-11,5954.0,0.0,0.0,NEUTRAL,PERSISTENCE,VALIDATED_WITH_CAUTION,VALIDATED_FORECAST,CURRENT_FORECAST,station_endpoints_per_calendar_month,2026-09-19T16:02:18.602535+00:00,4676.0,7232.0,2556.0,False,1278.0,2026-05,780,FROZEN_PHASE6_CALIBRATION,2026-09-01T00:00:00,PERSISTENCE,El forecast mantiene el nivel de actividad registrado en su origen: persistencia fue seleccionada por su desempeño retrospectivo. Las señales contextuales no modifican esta predicción.,growth_1,trend_3,neighbor_growth_lag1,crecimiento reciente: -5.98% (contexto no causal),-0.05984525501342176,NEGATIVE,tendencia trimestral: -370.50 endpoints/mes (contexto no causal),-370.5,NEGATIVE,crecimiento vecinal reciente: -6.39% (contexto no causal),-0.06390913913898076,NEGATIVE,True,1.0,2.0-phase6-persistence-context,Disponibilidad histórica y finalización del target no verificadas. Radio de Fase 6 congelado; cobertura de la emisión actual no evaluada. Contexto descriptivo no causal; catálogo de estaciones sin vigencia histórica verificada.
col_145462232cb0506eac0d954b79bb4e67,Tlatilco,Azcapotzalco,5954.0,2026-08,6,2027-02,5954.0,0.0,0.0,NEUTRAL,PERSISTENCE,VALIDATED_WITH_CAUTION,VALIDATED_FORECAST,CURRENT_FORECAST,station_endpoints_per_calendar_month,2026-09-19T16:02:18.602535+00:00,4613.0,7295.0,2682.0,False,1341.0,2026-02,571,FROZEN_PHASE6_CALIBRATION,2026-09-01T00:00:00,PERSISTENCE,El forecast mantiene el nivel de actividad registrado en su origen: persistencia fue seleccionada por su desempeño retrospectivo. Las señales contextuales no modifican esta predicción.,growth_1,trend_3,neighbor_growth_lag1,crecimiento reciente: -5.98% (contexto no causal),-0.05984525501342176,NEGATIVE,tendencia trimestral: -370.50 endpoints/mes (contexto no causal),-370.5,NEGATIVE,crecimiento vecinal reciente: -6.39% (contexto no causal),-0.06390913913898076,NEGATIVE,True,1.0,2.0-phase6-persistence-context,Disponibilidad histórica y finalización del target no verificadas. Radio de Fase 6 congelado; cobertura de la emisión actual no evaluada. Contexto descriptivo no causal; catálogo de estaciones sin vigencia histórica verificada.
col_145462232cb0506eac0d954b79bb4e67,Tlatilco,Azcapotzalco,5954.0,2026-08,12,2027-08,5954.0,0.0,0.0,NEUTRAL,PERSISTENCE,VALIDATED_WITH_CAUTION,VALIDATED_FORECAST,CURRENT_FORECAST,station_endpoints_per_calendar_month,2026-09-19T16:02:18.602535+00:00,3673.0,8235.0,4562.0,False,2281.0,2025-08,165,FROZEN_PHASE6_CALIBRATION,2026-09-01T00:00:00,PERSISTENCE,El forecast mantiene el nivel de actividad registrado en su origen: persistencia fue seleccionada por su desempeño retrospectivo. Las señales contextuales no modifican esta predicción.,growth_1,trend_3,neighbor_growth_lag1,crecimiento reciente: -5.98% (contexto no causal),-0.05984525501342176,NEGATIVE,tendencia trimestral: -370.50 endpoints/mes (contexto no causal),-370.5,NEGATIVE,crecimiento vecinal reciente: -6.39% (contexto no causal),-0.06390913913898076,NEGATIVE,True,1.0,2.0-phase6-persistence-context,Disponibilidad histórica y finalización del target no verificadas. Radio de Fase 6 congelado; cobertura de la emisión actual no evaluada. Contexto descriptivo no causal; catálogo de estaciones sin vigencia histórica verificada.
col_175c1726756a5dda90d2345c13795848,Angel Zimbron,Azcapotzalco,6587.0,2026-08,1,2026-09,6587.0,0.0,0.0,NEUTRAL,PERSISTENCE,VALIDATED_SHORT_TERM,VALIDATED_FORECAST,CURRENT_FORECAST,station_endpoints_per_calendar_month,2026-09-19T16:02:18.602535+00:00,5542.0,7632.0,2090.0,False,1045.0,2026-07,911,FROZEN_PHASE6_CALIBRATION,2026-09-01T00:00:00,PERSISTENCE,El forecast mantiene el nivel de actividad registrado en su origen: persistencia fue seleccionada por su desempeño retrospectivo. Las señales contextuales no modifican esta predicción.,growth_1,trend_3,neighbor_growth_lag1,crecimiento reciente: -4.18% (contexto no causal),-0.04175152749490835,NEGATIVE,tendencia trimestral: 103.50 endpoints/mes (contexto no causal),103.5,POSITIVE,crecimiento vecinal reciente: -4.92% (contexto no causal),-0.0492213497123309,NEGATIVE,True,1.0,2.0-phase6-persistence-context,Disponibilidad histórica y finalización del target no verificadas. Radio de Fase 6 congelado; cobertura de la emisión actual no evaluada. Contexto descriptivo no causal; catálogo de estaciones sin vigencia histórica verificada.
col_175c1726756a5dda90d2345c13795848,Angel Zimbron,Azcapotzalco,6587.0,2026-08,3,2026-11,6587.0,0.0,0.0,NEUTRAL,PERSISTENCE,VALIDATED_WITH_CAUTION,VALIDATED_FORECAST,CURRENT_FORECAST,station_endpoints_per_calendar_month,2026-09-19T16:02:18.602535+00:00,5309.0,7865.0,2556.0,False,1278.0,2026-05,780,FROZEN_PHASE6_CALIBRATION,2026-09-01T00:00:00,PERSISTENCE,El forecast mantiene el nivel de actividad registrado en su origen: persistencia fue seleccionada por su desempeño retrospectivo. Las señales contextuales no modifican esta predicción.,growth_1,trend_3,neighbor_growth_lag1,crecimiento reciente: -4.18% (contexto no causal),-0.04175152749490835,NEGATIVE,tendencia trimestral: 103.50 endpoints/mes (contexto no causal),103.5,POSITIVE,crecimiento vecinal reciente: -4.92% (contexto no causal),-0.0492213497123309,NEGATIVE,True,1.0,2.0-phase6-persistence-context,Disponibilidad histórica y finalización del target no verificadas. Radio de Fase 6 congelado; cobertura de la emisión actual no evaluada. Contexto descriptivo no causal; catálogo de estaciones sin vigencia histórica verificada.
col_175c1726756a5dda90d2345c13795848,Angel Zimbron,Azcapotzalco,6587.0,2026-08,6,2027-02,6587.0,0.0,0.0,NEUTRAL,PERSISTENCE,VALIDATED_WITH_CAUTION,VALIDATED_FORECAST,CURRENT_FORECAST,station_endpoints_per_calendar_month,2026-09-19T16:02:18.602535+00:00,5246.0,7928.0,2682.0,False,1341.0,2026-02,571,FROZEN_PHASE6_CALIBRATION,2026-09-01T00:00:00,PERSISTENCE,El forecast mantiene el nivel de actividad registrado en su origen: persistencia fue seleccionada por su desempeño retrospectivo. Las señales contextuales no modifican esta predicción.,growth_1,trend_3,neighbor_growth_lag1,crecimiento reciente: -4.18% (contexto no causal),-0.04175152749490835,NEGATIVE,tendencia trimestral: 103.50 endpoints/mes (contexto no causal),103.5,POSITIVE,crecimiento vecinal reciente: -4.92% (contexto no causal),-0.0492213497123309,NEGATIVE,True,1.0,2.0-phase6-persistence-context,Disponibilidad histórica y finalización del target no verificadas. Radio de Fase 6 congelado; cobertura de la emisión actual no evaluada. Contexto descriptivo no causal; catálogo de estaciones sin vigencia histórica verificada.
col_175c1726756a5dda90d2345c13795848,Angel Zimbron,Azcapotzalco,6587.0,2026-08,12,2027-08,6587.0,0.0,0.0,NEUTRAL,PERSISTENCE,VALIDATED_WITH_CAUTION,VALIDATED_FORECAST,CURRENT_FORECAST,station_endpoints_per_calendar_month,2026-09-19T16:02:18.602535+00:00,4306.0,8868.0,4562.0,False,2281.0,2025-08,165,FROZEN_PHASE6_CALIBRATION,2026-09-01T00:00:00,PERSISTENCE,El forecast mantiene el nivel de actividad registrado en su origen: persistencia fue seleccionada por su desempeño retrospectivo. Las señales contextuales no modifican esta predicción.,growth_1,trend_3,neighbor_growth_lag1,crecimiento reciente: -4.18% (contexto no causal),-0.04175152749490835,NEGATIVE,tendencia trimestral: 103.50 endpoints/mes (contexto no causal),103.5,POSITIVE,crecimiento vecinal reciente: -4.92% (contexto no causal),-0.0492213497123309,NEGATIVE,True,1.0,2.0-phase6-persistence-context,Disponibilidad histórica y finalización del target no verificadas. Radio de Fase 6 congelado; cobertura de la emisión actual no evaluada. Contexto descriptivo no causal; catálogo de estaciones sin vigencia histórica verificada.
col_19663fbe37bd50ee8eff60a93705eb35,Nextitla,Miguel Hidalgo,5344.0,2026-08,1,2026-09,5344.0,0.0,0.0,NEUTRAL,PERSISTENCE,VALIDATED_SHORT_TERM,VALIDATED_FORECAST,CURRENT_FORECAST,station_endpoints_per_calendar_month,2026-09-19T16:02:18.602535+00:00,4299.0,6389.0,2090.0,False,1045.0,2026-07,911,FROZEN_PHASE6_CALIBRATION,2026-09-01T00:00:00,PERSISTENCE,El forecast mantiene el nivel de actividad registrado en su origen: persistencia fue seleccionada por su desempeño retrospectivo. Las señales contextuales no modifican esta predicción.,growth_1,trend_3,NONE,crecimiento reciente: 0.58% (contexto no causal),0.005834744965179748,POSITIVE,tendencia trimestral: 124.50 endpoints/mes (contexto no causal),124.5,POSITIVE,SIN_DATO,,UNAVAILABLE,False,,2.0-phase6-persistence-context,Disponibilidad histórica y finalización del target no verificadas. Radio de Fase 6 congelado; cobertura de la emisión actual no evaluada. Contexto descriptivo no causal; catálogo de estaciones sin vigencia histórica verificada.
col_19663fbe37bd50ee8eff60a93705eb35,Nextitla,Miguel Hidalgo,5344.0,2026-08,3,2026-11,5344.0,0.0,0.0,NEUTRAL,PERSISTENCE,VALIDATED_WITH_CAUTION,VALIDATED_FORECAST,CURRENT_FORECAST,station_endpoints_per_calendar_month,2026-09-19T16:02:18.602535+00:00,4066.0,6622.0,2556.0,False,1278.0,2026-05,780,FROZEN_PHASE6_CALIBRATION,2026-09-01T00:00:00,PERSISTENCE,El forecast mantiene el nivel de actividad registrado en su origen: persistencia fue seleccionada por su desempeño retrospectivo. Las señales contextuales no modifican esta predicción.,growth_1,trend_3,NONE,crecimiento reciente: 0.58% (contexto no causal),0.005834744965179748,POSITIVE,tendencia trimestral: 124.50 endpoints/mes (contexto no causal),124.5,POSITIVE,SIN_DATO,,UNAVAILABLE,False,,2.0-phase6-persistence-context,Disponibilidad histórica y finalización del target no verificadas. Radio de Fase 6 congelado; cobertura de la emisión actual no evaluada. Contexto descriptivo no causal; catálogo de estaciones sin vigencia histórica verificada.
col_19663fbe37bd50ee8eff60a93705eb35,Nextitla,Miguel Hidalgo,5344.0,2026-08,6,2027-02,5344.0,0.0,0.0,NEUTRAL,PERSISTENCE,VALIDATED_WITH_CAUTION,VALIDATED_FORECAST,CURRENT_FORECAST,station_endpoints_per_calendar_month,2026-09-19T16:02:18.602535+00:00,4003.0,6685.0,2682.0,False,1341.0,2026-02,571,FROZEN_PHASE6_CALIBRATION,2026-09-01T00:00:00,PERSISTENCE,El forecast mantiene el nivel de actividad registrado en su origen: persistencia fue seleccionada por su desempeño retrospectivo. Las señales contextuales no modifican esta predicción.,growth_1,trend_3,NONE,crecimiento reciente: 0.58% (contexto no causal),0.005834744965179748,POSITIVE,tendencia trimestral: 124.50 endpoints/mes (contexto no causal),124.5,POSITIVE,SIN_DATO,,UNAVAILABLE,False,,2.0-phase6-persistence-context,Disponibilidad histórica y finalización del target no verificadas. Radio de Fase 6 congelado; cobertura de la emisión actual no evaluada. Contexto descriptivo no causal; catálogo de estaciones sin vigencia histórica verificada.
col_19663fbe37bd50ee8eff60a93705eb35,Nextitla,Miguel Hidalgo,5344.0,2026-08,12,2027-08,5344.0,0.0,0.0,NEUTRAL,PERSISTENCE,VALIDATED_WITH_CAUTION,VALIDATED_FORECAST,CURRENT_FORECAST,station_endpoints_per_calendar_month,2026-09-19T16:02:18.602535+00:00,3063.0,7625.0,4562.0,False,2281.0,2025-08,165,FROZEN_PHASE6_CALIBRATION,2026-09-01T00:00:00,PERSISTENCE,El forecast mantiene el nivel de actividad registrado en su origen: persistencia fue seleccionada por su desempeño retrospectivo. Las señales contextuales no modifican esta predicción.,growth_1,trend_3,NONE,crecimiento reciente: 0.58% (contexto no causal),0.005834744965179748,POSITIVE,tendencia trimestral: 124.50 endpoints/mes (contexto no causal),124.5,POSITIVE,SIN_DATO,,UNAVAILABLE,False,,2.0-phase6-persistence-context,Disponibilidad histórica y finalización del target no verificadas. Radio de Fase 6 congelado; cobertura de la emisión actual no evaluada. Contexto descriptivo no causal; catálogo de estaciones sin vigencia histórica verificada.
col_1fd836f8991b530f861257d28b0cb970,Agricola,Alvaro Obregon,1522.0,2026-08,1,2026-09,1522.0,0.0,0.0,NEUTRAL,PERSISTENCE,VALIDATED_SHORT_TERM,VALIDATED_FORECAST,CURRENT_FORECAST,station_endpoints_per_calendar_month,2026-09-19T16:02:18.602535+00:00,477.0,2567.0,2090.0,False,1045.0,2026-07,911,FROZEN_PHASE6_CALIBRATION,2026-09-01T00:00:00,PERSISTENCE,El forecast mantiene el nivel de actividad registrado en su origen: persistencia fue seleccionada por su desempeño retrospectivo. Las señales contextuales no modifican esta predicción.,growth_1,trend_3,NONE,crecimiento reciente: 1.13% (contexto no causal),0.011295681063122924,POSITIVE,tendencia trimestral: 50.00 endpoints/mes (contexto no causal),50.0,POSITIVE,SIN_DATO,,UNAVAILABLE,False,,2.0-phase6-persistence-context,Disponibilidad histórica y finalización del target no verificadas. Radio de Fase 6 congelado; cobertura de la emisión actual no evaluada. Contexto descriptivo no causal; catálogo de estaciones sin vigencia histórica verificada.
col_1fd836f8991b530f861257d28b0cb970,Agricola,Alvaro Obregon,1522.0,2026-08,3,2026-11,1522.0,0.0,0.0,NEUTRAL,PERSISTENCE,VALIDATED_WITH_CAUTION,VALIDATED_FORECAST,CURRENT_FORECAST,station_endpoints_per_calendar_month,2026-09-19T16:02:18.602535+00:00,244.0,2800.0,2556.0,False,1278.0,2026-05,780,FROZEN_PHASE6_CALIBRATION,2026-09-01T00:00:00,PERSISTENCE,El forecast mantiene el nivel de actividad registrado en su origen: persistencia fue seleccionada por su desempeño retrospectivo. Las señales contextuales no modifican esta predicción.,growth_1,trend_3,NONE,crecimiento reciente: 1.13% (contexto no causal),0.011295681063122924,POSITIVE,tendencia trimestral: 50.00 endpoints/mes (contexto no causal),50.0,POSITIVE,SIN_DATO,,UNAVAILABLE,False,,2.0-phase6-persistence-context,Disponibilidad histórica y finalización del target no verificadas. Radio de Fase 6 congelado; cobertura de la emisión actual no evaluada. Contexto descriptivo no causal; catálogo de estaciones sin vigencia histórica verificada.
col_1fd836f8991b530f861257d28b0cb970,Agricola,Alvaro Obregon,1522.0,2026-08,6,2027-02,1522.0,0.0,0.0,NEUTRAL,PERSISTENCE,VALIDATED_WITH_CAUTION,VALIDATED_FORECAST,CURRENT_FORECAST,station_endpoints_per_calendar_month,2026-09-19T16:02:18.602535+00:00,181.0,2863.0,2682.0,False,1341.0,2026-02,571,FROZEN_PHASE6_CALIBRATION,2026-09-01T00:00:00,PERSISTENCE,El forecast mantiene el nivel de actividad registrado en su origen: persistencia fue seleccionada por su desempeño retrospectivo. Las señales contextuales no modifican esta predicción.,growth_1,trend_3,NONE,crecimiento reciente: 1.13% (contexto no causal),0.011295681063122924,POSITIVE,tendencia trimestral: 50.00 endpoints/mes (contexto no causal),50.0,POSITIVE,SIN_DATO,,UNAVAILABLE,False,,2.0-phase6-persistence-context,Disponibilidad histórica y finalización del target no verificadas. Radio de Fase 6 congelado; cobertura de la emisión actual no evaluada. Contexto descriptivo no causal; catálogo de estaciones sin vigencia histórica verificada.
col_1fd836f8991b530f861257d28b0cb970,Agricola,Alvaro Obregon,1522.0,2026-08,12,2027-08,1522.0,0.0,0.0,NEUTRAL,PERSISTENCE,VALIDATED_WITH_CAUTION,VALIDATED_FORECAST,CURRENT_FORECAST,station_endpoints_per_calendar_month,2026-09-19T16:02:18.602535+00:00,0.0,3803.0,3803.0,True,2281.0,2025-08,165,FROZEN_PHASE6_CALIBRATION,2026-09-01T00:00:00,PERSISTENCE,El forecast mantiene el nivel de actividad registrado en su origen: persistencia fue seleccionada por su desempeño retrospectivo. Las señales contextuales no modifican esta predicción.,growth_1,trend_3,NONE,crecimiento reciente: 1.13% (contexto no causal),0.011295681063122924,POSITIVE,tendencia trimestral: 50.00 endpoints/mes (contexto no causal),50.0,POSITIVE,SIN_DATO,,UNAVAILABLE,False,,2.0-phase6-persistence-context,Disponibilidad histórica y finalización del target no verificadas. Radio de Fase 6 congelado; cobertura de la emisión actual no evaluada. Contexto descriptivo no causal; catálogo de estaciones sin vigencia histórica verificada.
col_2006d9e5f6975534a01a4ae3d0063ec1,Plutarco Elias Calles,Miguel Hidalgo,6671.0,2026-08,1,2026-09,6671.0,0.0,0.0,NEUTRAL,PERSISTENCE,VALIDATED_SHORT_TERM,VALIDATED_FORECAST,CURRENT_FORECAST,station_endpoints_per_calendar_month,2026-09-19T16:02:18.602535+00:00,5626.0,7716.0,2090.0,False,1045.0,2026-07,911,FROZEN_PHASE6_CALIBRATION,2026-09-01T00:00:00,PERSISTENCE,El forecast mantiene el nivel de actividad registrado en su origen: persistencia fue seleccionada por su desempeño retrospectivo. Las señales contextuales no modifican esta predicción.,growth_1,trend_3,neighbor_growth_lag1,crecimiento reciente: 42.88% (contexto no causal),0.4287856071964018,POSITIVE,tendencia trimestral: -642.00 endpoints/mes (contexto no causal),-642.0,NEGATIVE,crecimiento vecinal reciente: 32.36% (contexto no causal),0.3235614658284548,POSITIVE,True,1.0,2.0-phase6-persistence-context,Disponibilidad histórica y finalización del target no verificadas. Radio de Fase 6 congelado; cobertura de la emisión actual no evaluada. Contexto descriptivo no causal; catálogo de estaciones sin vigencia histórica verificada.
col_2006d9e5f6975534a01a4ae3d0063ec1,Plutarco Elias Calles,Miguel Hidalgo,6671.0,2026-08,3,2026-11,6671.0,0.0,0.0,NEUTRAL,PERSISTENCE,VALIDATED_WITH_CAUTION,VALIDATED_FORECAST,CURRENT_FORECAST,station_endpoints_per_calendar_month,2026-09-19T16:02:18.602535+00:00,5393.0,7949.0,2556.0,False,1278.0,2026-05,780,FROZEN_PHASE6_CALIBRATION,2026-09-01T00:00:00,PERSISTENCE,El forecast mantiene el nivel de actividad registrado en su origen: persistencia fue seleccionada por su desempeño retrospectivo. Las señales contextuales no modifican esta predicción.,growth_1,trend_3,neighbor_growth_lag1,crecimiento reciente: 42.88% (contexto no causal),0.4287856071964018,POSITIVE,tendencia trimestral: -642.00 endpoints/mes (contexto no causal),-642.0,NEGATIVE,crecimiento vecinal reciente: 32.36% (contexto no causal),0.3235614658284548,POSITIVE,True,1.0,2.0-phase6-persistence-context,Disponibilidad histórica y finalización del target no verificadas. Radio de Fase 6 congelado; cobertura de la emisión actual no evaluada. Contexto descriptivo no causal; catálogo de estaciones sin vigencia histórica verificada.
col_2006d9e5f6975534a01a4ae3d0063ec1,Plutarco Elias Calles,Miguel Hidalgo,6671.0,2026-08,6,2027-02,6671.0,0.0,0.0,NEUTRAL,PERSISTENCE,VALIDATED_WITH_CAUTION,VALIDATED_FORECAST,CURRENT_FORECAST,station_endpoints_per_calendar_month,2026-09-19T16:02:18.602535+00:00,5330.0,8012.0,2682.0,False,1341.0,2026-02,571,FROZEN_PHASE6_CALIBRATION,2026-09-01T00:00:00,PERSISTENCE,El forecast mantiene el nivel de actividad registrado en su origen: persistencia fue seleccionada por su desempeño retrospectivo. Las señales contextuales no modifican esta predicción.,growth_1,trend_3,neighbor_growth_lag1,crecimiento reciente: 42.88% (contexto no causal),0.4287856071964018,POSITIVE,tendencia trimestral: -642.00 endpoints/mes (contexto no causal),-642.0,NEGATIVE,crecimiento vecinal reciente: 32.36% (contexto no causal),0.3235614658284548,POSITIVE,True,1.0,2.0-phase6-persistence-context,Disponibilidad histórica y finalización del target no verificadas. Radio de Fase 6 congelado; cobertura de la emisión actual no evaluada. Contexto descriptivo no causal; catálogo de estaciones sin vigencia histórica verificada.
col_2006d9e5f6975534a01a4ae3d0063ec1,Plutarco Elias Calles,Miguel Hidalgo,6671.0,2026-08,12,2027-08,6671.0,0.0,0.0,NEUTRAL,PERSISTENCE,VALIDATED_WITH_CAUTION,VALIDATED_FORECAST,CURRENT_FORECAST,station_endpoints_per_calendar_month,2026-09-19T16:02:18.602535+00:00,4390.0,8952.0,4562.0,False,2281.0,2025-08,165,FROZEN_PHASE6_CALIBRATION,2026-09-01T00:00:00,PERSISTENCE,El forecast mantiene el nivel de actividad registrado en su origen: persistencia fue seleccionada por su desempeño retrospectivo. Las señales contextuales no modifican esta predicción.,growth_1,trend_3,neighbor_growth_lag1,crecimiento reciente: 42.88% (contexto no causal),0.4287856071964018,POSITIVE,tendencia trimestral: -642.00 endpoints/mes (contexto no causal),-642.0,NEGATIVE,crecimiento vecinal reciente: 32.36% (contexto no causal),0.3235614658284548,POSITIVE,True,1.0,2.0-phase6-persistence-context,Disponibilidad histórica y finalización del target no verificadas. Radio de Fase 6 congelado; cobertura de la emisión actual no evaluada. Contexto descriptivo no causal; catálogo de estaciones sin vigencia histórica verificada.
col_218c753a6a38548aa02718260c2caef7,Del Recreo,Azcapotzalco,1544.0,2026-08,1,2026-09,1544.0,0.0,0.0,NEUTRAL,PERSISTENCE,VALIDATED_SHORT_TERM,VALIDATED_FORECAST,CURRENT_FORECAST,station_endpoints_per_calendar_month,2026-09-19T16:02:18.602535+00:00,499.0,2589.0,2090.0,False,1045.0,2026-07,911,FROZEN_PHASE6_CALIBRATION,2026-09-01T00:00:00,PERSISTENCE,El forecast mantiene el nivel de actividad registrado en su origen: persistencia fue seleccionada por su desempeño retrospectivo. Las señales contextuales no modifican esta predicción.,growth_1,trend_3,neighbor_growth_lag1,crecimiento reciente: -3.50% (contexto no causal),-0.035,NEGATIVE,tendencia trimestral: -60.00 endpoints/mes (contexto no causal),-60.0,NEGATIVE,crecimiento vecinal reciente: -5.00% (contexto no causal),-0.050046988777468215,NEGATIVE,True,1.0,2.0-phase6-persistence-context,Disponibilidad histórica y finalización del target no verificadas. Radio de Fase 6 congelado; cobertura de la emisión actual no evaluada. Contexto descriptivo no causal; catálogo de estaciones sin vigencia histórica verificada.
col_218c753a6a38548aa02718260c2caef7,Del Recreo,Azcapotzalco,1544.0,2026-08,3,2026-11,1544.0,0.0,0.0,NEUTRAL,PERSISTENCE,VALIDATED_WITH_CAUTION,VALIDATED_FORECAST,CURRENT_FORECAST,station_endpoints_per_calendar_month,2026-09-19T16:02:18.602535+00:00,266.0,2822.0,2556.0,False,1278.0,2026-05,780,FROZEN_PHASE6_CALIBRATION,2026-09-01T00:00:00,PERSISTENCE,El forecast mantiene el nivel de actividad registrado en su origen: persistencia fue seleccionada por su desempeño retrospectivo. Las señales contextuales no modifican esta predicción.,growth_1,trend_3,neighbor_growth_lag1,crecimiento reciente: -3.50% (contexto no causal),-0.035,NEGATIVE,tendencia trimestral: -60.00 endpoints/mes (contexto no causal),-60.0,NEGATIVE,crecimiento vecinal reciente: -5.00% (contexto no causal),-0.050046988777468215,NEGATIVE,True,1.0,2.0-phase6-persistence-context,Disponibilidad histórica y finalización del target no verificadas. Radio de Fase 6 congelado; cobertura de la emisión actual no evaluada. Contexto descriptivo no causal; catálogo de estaciones sin vigencia histórica verificada.
col_218c753a6a38548aa02718260c2caef7,Del Recreo,Azcapotzalco,1544.0,2026-08,6,2027-02,1544.0,0.0,0.0,NEUTRAL,PERSISTENCE,VALIDATED_WITH_CAUTION,VALIDATED_FORECAST,CURRENT_FORECAST,station_endpoints_per_calendar_month,2026-09-19T16:02:18.602535+00:00,203.0,2885.0,2682.0,False,1341.0,2026-02,571,FROZEN_PHASE6_CALIBRATION,2026-09-01T00:00:00,PERSISTENCE,El forecast mantiene el nivel de actividad registrado en su origen: persistencia fue seleccionada por su desempeño retrospectivo. Las señales contextuales no modifican esta predicción.,growth_1,trend_3,neighbor_growth_lag1,crecimiento reciente: -3.50% (contexto no causal),-0.035,NEGATIVE,tendencia trimestral: -60.00 endpoints/mes (contexto no causal),-60.0,NEGATIVE,crecimiento vecinal reciente: -5.00% (contexto no causal),-0.050046988777468215,NEGATIVE,True,1.0,2.0-phase6-persistence-context,Disponibilidad histórica y finalización del target no verificadas. Radio de Fase 6 congelado; cobertura de la emisión actual no evaluada. Contexto descriptivo no causal; catálogo de estaciones sin vigencia histórica verificada.
col_218c753a6a38548aa02718260c2caef7,Del Recreo,Azcapotzalco,1544.0,2026-08,12,2027-08,1544.0,0.0,0.0,NEUTRAL,PERSISTENCE,VALIDATED_WITH_CAUTION,VALIDATED_FORECAST,CURRENT_FORECAST,station_endpoints_per_calendar_month,2026-09-19T16:02:18.602535+00:00,0.0,3825.0,3825.0,True,2281.0,2025-08,165,FROZEN_PHASE6_CALIBRATION,2026-09-01T00:00:00,PERSISTENCE,El forecast mantiene el nivel de actividad registrado en su origen: persistencia fue seleccionada por su desempeño retrospectivo. Las señales contextuales no modifican esta predicción.,growth_1,trend_3,neighbor_growth_lag1,crecimiento reciente: -3.50% (contexto no causal),-0.035,NEGATIVE,tendencia trimestral: -60.00 endpoints/mes (contexto no causal),-60.0,NEGATIVE,crecimiento vecinal reciente: -5.00% (contexto no causal),-0.050046988777468215,NEGATIVE,True,1.0,2.0-phase6-persistence-context,Disponibilidad histórica y finalización del target no verificadas. Radio de Fase 6 congelado; cobertura de la emisión actual no evaluada. Contexto descriptivo no causal; catálogo de estaciones sin vigencia histórica verificada.
col_21faee63d17e537f90a501b5c0313a20,General Pedro Maria Anaya,Benito Juarez,11776.0,2026-08,1,2026-09,11776.0,0.0,0.0,NEUTRAL,PERSISTENCE,VALIDATED_SHORT_TERM,VALIDATED_FORECAST,CURRENT_FORECAST,station_endpoints_per_calendar_month,2026-09-19T16:02:18.602535+00:00,10731.0,12821.0,2090.0,False,1045.0,2026-07,911,FROZEN_PHASE6_CALIBRATION,2026-09-01T00:00:00,PERSISTENCE,El forecast mantiene el nivel de actividad registrado en su origen: persistencia fue seleccionada por su desempeño retrospectivo. Las señales contextuales no modifican esta predicción.,growth_1,trend_3,neighbor_growth_lag1,crecimiento reciente: -1.52% (contexto no causal),-0.015219936444221442,NEGATIVE,tendencia trimestral: 467.50 endpoints/mes (contexto no causal),467.5,POSITIVE,crecimiento vecinal reciente: -1.19% (contexto no causal),-0.011894555201910541,NEGATIVE,True,1.0,2.0-phase6-persistence-context,Disponibilidad histórica y finalización del target no verificadas. Radio de Fase 6 congelado; cobertura de la emisión actual no evaluada. Contexto descriptivo no causal; catálogo de estaciones sin vigencia histórica verificada.
col_21faee63d17e537f90a501b5c0313a20,General Pedro Maria Anaya,Benito Juarez,11776.0,2026-08,3,2026-11,11776.0,0.0,0.0,NEUTRAL,PERSISTENCE,VALIDATED_WITH_CAUTION,VALIDATED_FORECAST,CURRENT_FORECAST,station_endpoints_per_calendar_month,2026-09-19T16:02:18.602535+00:00,10498.0,13054.0,2556.0,False,1278.0,2026-05,780,FROZEN_PHASE6_CALIBRATION,2026-09-01T00:00:00,PERSISTENCE,El forecast mantiene el nivel de actividad registrado en su origen: persistencia fue seleccionada por su desempeño retrospectivo. Las señales contextuales no modifican esta predicción.,growth_1,trend_3,neighbor_growth_lag1,crecimiento reciente: -1.52% (contexto no causal),-0.015219936444221442,NEGATIVE,tendencia trimestral: 467.50 endpoints/mes (contexto no causal),467.5,POSITIVE,crecimiento vecinal reciente: -1.19% (contexto no causal),-0.011894555201910541,NEGATIVE,True,1.0,2.0-phase6-persistence-context,Disponibilidad histórica y finalización del target no verificadas. Radio de Fase 6 congelado; cobertura de la emisión actual no evaluada. Contexto descriptivo no causal; catálogo de estaciones sin vigencia histórica verificada.
col_21faee63d17e537f90a501b5c0313a20,General Pedro Maria Anaya,Benito Juarez,11776.0,2026-08,6,2027-02,11776.0,0.0,0.0,NEUTRAL,PERSISTENCE,VALIDATED_WITH_CAUTION,VALIDATED_FORECAST,CURRENT_FORECAST,station_endpoints_per_calendar_month,2026-09-19T16:02:18.602535+00:00,10435.0,13117.0,2682.0,False,1341.0,2026-02,571,FROZEN_PHASE6_CALIBRATION,2026-09-01T00:00:00,PERSISTENCE,El forecast mantiene el nivel de actividad registrado en su origen: persistencia fue seleccionada por su desempeño retrospectivo. Las señales contextuales no modifican esta predicción.,growth_1,trend_3,neighbor_growth_lag1,crecimiento reciente: -1.52% (contexto no causal),-0.015219936444221442,NEGATIVE,tendencia trimestral: 467.50 endpoints/mes (contexto no causal),467.5,POSITIVE,crecimiento vecinal reciente: -1.19% (contexto no causal),-0.011894555201910541,NEGATIVE,True,1.0,2.0-phase6-persistence-context,Disponibilidad histórica y finalización del target no verificadas. Radio de Fase 6 congelado; cobertura de la emisión actual no evaluada. Contexto descriptivo no causal; catálogo de estaciones sin vigencia histórica verificada.
col_21faee63d17e537f90a501b5c0313a20,General Pedro Maria Anaya,Benito Juarez,11776.0,2026-08,12,2027-08,11776.0,0.0,0.0,NEUTRAL,PERSISTENCE,VALIDATED_WITH_CAUTION,VALIDATED_FORECAST,CURRENT_FORECAST,station_endpoints_per_calendar_month,2026-09-19T16:02:18.602535+00:00,9495.0,14057.0,4562.0,False,2281.0,2025-08,165,FROZEN_PHASE6_CALIBRATION,2026-09-01T00:00:00,PERSISTENCE,El forecast mantiene el nivel de actividad registrado en su origen: persistencia fue seleccionada por su desempeño retrospectivo. Las señales contextuales no modifican esta predicción.,growth_1,trend_3,neighbor_growth_lag1,crecimiento reciente: -1.52% (contexto no causal),-0.015219936444221442,NEGATIVE,tendencia trimestral: 467.50 endpoints/mes (contexto no causal),467.5,POSITIVE,crecimiento vecinal reciente: -1.19% (contexto no causal),-0.011894555201910541,NEGATIVE,True,1.0,2.0-phase6-persistence-context,Disponibilidad histórica y finalización del target no verificadas. Radio de Fase 6 congelado; cobertura de la emisión actual no evaluada. Contexto descriptivo no causal; catálogo de estaciones sin vigencia histórica verificada.
col_296d6268c64b5552821a2eebfad2256f,Lomas de Chapultepec Seccion III,Miguel Hidalgo,5572.0,2026-08,1,2026-09,5572.0,0.0,0.0,NEUTRAL,PERSISTENCE,VALIDATED_SHORT_TERM,VALIDATED_FORECAST,CURRENT_FORECAST,station_endpoints_per_calendar_month,2026-09-19T16:02:18.602535+00:00,4527.0,6617.0,2090.0,False,1045.0,2026-07,911,FROZEN_PHASE6_CALIBRATION,2026-09-01T00:00:00,PERSISTENCE,El forecast mantiene el nivel de actividad registrado en su origen: persistencia fue seleccionada por su desempeño retrospectivo. Las señales contextuales no modifican esta predicción.,growth_1,trend_3,NONE,crecimiento reciente: -8.66% (contexto no causal),-0.08655737704918033,NEGATIVE,tendencia trimestral: -87.00 endpoints/mes (contexto no causal),-87.0,NEGATIVE,SIN_DATO,,UNAVAILABLE,False,,2.0-phase6-persistence-context,Disponibilidad histórica y finalización del target no verificadas. Radio de Fase 6 congelado; cobertura de la emisión actual no evaluada. Contexto descriptivo no causal; catálogo de estaciones sin vigencia histórica verificada.
col_296d6268c64b5552821a2eebfad2256f,Lomas de Chapultepec Seccion III,Miguel Hidalgo,5572.0,2026-08,3,2026-11,5572.0,0.0,0.0,NEUTRAL,PERSISTENCE,VALIDATED_WITH_CAUTION,VALIDATED_FORECAST,CURRENT_FORECAST,station_endpoints_per_calendar_month,2026-09-19T16:02:18.602535+00:00,4294.0,6850.0,2556.0,False,1278.0,2026-05,780,FROZEN_PHASE6_CALIBRATION,2026-09-01T00:00:00,PERSISTENCE,El forecast mantiene el nivel de actividad registrado en su origen: persistencia fue seleccionada por su desempeño retrospectivo. Las señales contextuales no modifican esta predicción.,growth_1,trend_3,NONE,crecimiento reciente: -8.66% (contexto no causal),-0.08655737704918033,NEGATIVE,tendencia trimestral: -87.00 endpoints/mes (contexto no causal),-87.0,NEGATIVE,SIN_DATO,,UNAVAILABLE,False,,2.0-phase6-persistence-context,Disponibilidad histórica y finalización del target no verificadas. Radio de Fase 6 congelado; cobertura de la emisión actual no evaluada. Contexto descriptivo no causal; catálogo de estaciones sin vigencia histórica verificada.
col_296d6268c64b5552821a2eebfad2256f,Lomas de Chapultepec Seccion III,Miguel Hidalgo,5572.0,2026-08,6,2027-02,5572.0,0.0,0.0,NEUTRAL,PERSISTENCE,VALIDATED_WITH_CAUTION,VALIDATED_FORECAST,CURRENT_FORECAST,station_endpoints_per_calendar_month,2026-09-19T16:02:18.602535+00:00,4231.0,6913.0,2682.0,False,1341.0,2026-02,571,FROZEN_PHASE6_CALIBRATION,2026-09-01T00:00:00,PERSISTENCE,El forecast mantiene el nivel de actividad registrado en su origen: persistencia fue seleccionada por su desempeño retrospectivo. Las señales contextuales no modifican esta predicción.,growth_1,trend_3,NONE,crecimiento reciente: -8.66% (contexto no causal),-0.08655737704918033,NEGATIVE,tendencia trimestral: -87.00 endpoints/mes (contexto no causal),-87.0,NEGATIVE,SIN_DATO,,UNAVAILABLE,False,,2.0-phase6-persistence-context,Disponibilidad histórica y finalización del target no verificadas. Radio de Fase 6 congelado; cobertura de la emisión actual no evaluada. Contexto descriptivo no causal; catálogo de estaciones sin vigencia histórica verificada.
col_296d6268c64b5552821a2eebfad2256f,Lomas de Chapultepec Seccion III,Miguel Hidalgo,5572.0,2026-08,12,2027-08,5572.0,0.0,0.0,NEUTRAL,PERSISTENCE,VALIDATED_WITH_CAUTION,VALIDATED_FORECAST,CURRENT_FORECAST,station_endpoints_per_calendar_month,2026-09-19T16:02:18.602535+00:00,3291.0,7853.0,4562.0,False,2281.0,2025-08,165,FROZEN_PHASE6_CALIBRATION,2026-09-01T00:00:00,PERSISTENCE,El forecast mantiene el nivel de actividad registrado en su origen: persistencia fue seleccionada por su desempeño retrospectivo. Las señales contextuales no modifican esta predicción.,growth_1,trend_3,NONE,crecimiento reciente: -8.66% (contexto no causal),-0.08655737704918033,NEGATIVE,tendencia trimestral: -87.00 endpoints/mes (contexto no causal),-87.0,NEGATIVE,SIN_DATO,,UNAVAILABLE,False,,2.0-phase6-persistence-context,Disponibilidad histórica y finalización del target no verificadas. Radio de Fase 6 congelado; cobertura de la emisión actual no evaluada. Contexto descriptivo no causal; catálogo de estaciones sin vigencia histórica verificada.
col_2d383baad6155258af666ad388181e00,Ampliacion Granada,Miguel Hidalgo,19405.0,2026-08,1,2026-09,19405.0,0.0,0.0,NEUTRAL,PERSISTENCE,VALIDATED_SHORT_TERM,VALIDATED_FORECAST,CURRENT_FORECAST,station_endpoints_per_calendar_month,2026-09-19T16:02:18.602535+00:00,18360.0,20450.0,2090.0,False,1045.0,2026-07,911,FROZEN_PHASE6_CALIBRATION,2026-09-01T00:00:00,PERSISTENCE,El forecast mantiene el nivel de actividad registrado en su origen: persistencia fue seleccionada por su desempeño retrospectivo. Las señales contextuales no modifican esta predicción.,growth_1,trend_3,NONE,crecimiento reciente: -6.31% (contexto no causal),-0.06314874716361706,NEGATIVE,tendencia trimestral: 385.00 endpoints/mes (contexto no causal),385.0,POSITIVE,SIN_DATO,,UNAVAILABLE,False,,2.0-phase6-persistence-context,Disponibilidad histórica y finalización del target no verificadas. Radio de Fase 6 congelado; cobertura de la emisión actual no evaluada. Contexto descriptivo no causal; catálogo de estaciones sin vigencia histórica verificada.
col_2d383baad6155258af666ad388181e00,Ampliacion Granada,Miguel Hidalgo,19405.0,2026-08,3,2026-11,19405.0,0.0,0.0,NEUTRAL,PERSISTENCE,VALIDATED_WITH_CAUTION,VALIDATED_FORECAST,CURRENT_FORECAST,station_endpoints_per_calendar_month,2026-09-19T16:02:18.602535+00:00,18127.0,20683.0,2556.0,False,1278.0,2026-05,780,FROZEN_PHASE6_CALIBRATION,2026-09-01T00:00:00,PERSISTENCE,El forecast mantiene el nivel de actividad registrado en su origen: persistencia fue seleccionada por su desempeño retrospectivo. Las señales contextuales no modifican esta predicción.,growth_1,trend_3,NONE,crecimiento reciente: -6.31% (contexto no causal),-0.06314874716361706,NEGATIVE,tendencia trimestral: 385.00 endpoints/mes (contexto no causal),385.0,POSITIVE,SIN_DATO,,UNAVAILABLE,False,,2.0-phase6-persistence-context,Disponibilidad histórica y finalización del target no verificadas. Radio de Fase 6 congelado; cobertura de la emisión actual no evaluada. Contexto descriptivo no causal; catálogo de estaciones sin vigencia histórica verificada.
col_2d383baad6155258af666ad388181e00,Ampliacion Granada,Miguel Hidalgo,19405.0,2026-08,6,2027-02,19405.0,0.0,0.0,NEUTRAL,PERSISTENCE,VALIDATED_WITH_CAUTION,VALIDATED_FORECAST,CURRENT_FORECAST,station_endpoints_per_calendar_month,2026-09-19T16:02:18.602535+00:00,18064.0,20746.0,2682.0,False,1341.0,2026-02,571,FROZEN_PHASE6_CALIBRATION,2026-09-01T00:00:00,PERSISTENCE,El forecast mantiene el nivel de actividad registrado en su origen: persistencia fue seleccionada por su desempeño retrospectivo. Las señales contextuales no modifican esta predicción.,growth_1,trend_3,NONE,crecimiento reciente: -6.31% (contexto no causal),-0.06314874716361706,NEGATIVE,tendencia trimestral: 385.00 endpoints/mes (contexto no causal),385.0,POSITIVE,SIN_DATO,,UNAVAILABLE,False,,2.0-phase6-persistence-context,Disponibilidad histórica y finalización del target no verificadas. Radio de Fase 6 congelado; cobertura de la emisión actual no evaluada. Contexto descriptivo no causal; catálogo de estaciones sin vigencia histórica verificada.
col_2d383baad6155258af666ad388181e00,Ampliacion Granada,Miguel Hidalgo,19405.0,2026-08,12,2027-08,19405.0,0.0,0.0,NEUTRAL,PERSISTENCE,VALIDATED_WITH_CAUTION,VALIDATED_FORECAST,CURRENT_FORECAST,station_endpoints_per_calendar_month,2026-09-19T16:02:18.602535+00:00,17124.0,21686.0,4562.0,False,2281.0,2025-08,165,FROZEN_PHASE6_CALIBRATION,2026-09-01T00:00:00,PERSISTENCE,El forecast mantiene el nivel de actividad registrado en su origen: persistencia fue seleccionada por su desempeño retrospectivo. Las señales contextuales no modifican esta predicción.,growth_1,trend_3,NONE,crecimiento reciente: -6.31% (contexto no causal),-0.06314874716361706,NEGATIVE,tendencia trimestral: 385.00 endpoints/mes (contexto no causal),385.0,POSITIVE,SIN_DATO,,UNAVAILABLE,False,,2.0-phase6-persistence-context,Disponibilidad histórica y finalización del target no verificadas. Radio de Fase 6 congelado; cobertura de la emisión actual no evaluada. Contexto descriptivo no causal; catálogo de estaciones sin vigencia histórica verificada.
col_321ef9a198015257a1d0afd095d56686,Victoria de las Democracias,Azcapotzalco,3664.0,2026-08,1,2026-09,3664.0,0.0,0.0,NEUTRAL,PERSISTENCE,VALIDATED_SHORT_TERM,VALIDATED_FORECAST,CURRENT_FORECAST,station_endpoints_per_calendar_month,2026-09-19T16:02:18.602535+00:00,2619.0,4709.0,2090.0,False,1045.0,2026-07,911,FROZEN_PHASE6_CALIBRATION,2026-09-01T00:00:00,PERSISTENCE,El forecast mantiene el nivel de actividad registrado en su origen: persistencia fue seleccionada por su desempeño retrospectivo. Las señales contextuales no modifican esta predicción.,growth_1,trend_3,neighbor_growth_lag1,crecimiento reciente: -2.79% (contexto no causal),-0.027858848500928627,NEGATIVE,tendencia trimestral: -42.00 endpoints/mes (contexto no causal),-42.0,NEGATIVE,crecimiento vecinal reciente: -8.86% (contexto no causal),-0.0886067261496225,NEGATIVE,True,1.0,2.0-phase6-persistence-context,Disponibilidad histórica y finalización del target no verificadas. Radio de Fase 6 congelado; cobertura de la emisión actual no evaluada. Contexto descriptivo no causal; catálogo de estaciones sin vigencia histórica verificada.
col_321ef9a198015257a1d0afd095d56686,Victoria de las Democracias,Azcapotzalco,3664.0,2026-08,3,2026-11,3664.0,0.0,0.0,NEUTRAL,PERSISTENCE,VALIDATED_WITH_CAUTION,VALIDATED_FORECAST,CURRENT_FORECAST,station_endpoints_per_calendar_month,2026-09-19T16:02:18.602535+00:00,2386.0,4942.0,2556.0,False,1278.0,2026-05,780,FROZEN_PHASE6_CALIBRATION,2026-09-01T00:00:00,PERSISTENCE,El forecast mantiene el nivel de actividad registrado en su origen: persistencia fue seleccionada por su desempeño retrospectivo. Las señales contextuales no modifican esta predicción.,growth_1,trend_3,neighbor_growth_lag1,crecimiento reciente: -2.79% (contexto no causal),-0.027858848500928627,NEGATIVE,tendencia trimestral: -42.00 endpoints/mes (contexto no causal),-42.0,NEGATIVE,crecimiento vecinal reciente: -8.86% (contexto no causal),-0.0886067261496225,NEGATIVE,True,1.0,2.0-phase6-persistence-context,Disponibilidad histórica y finalización del target no verificadas. Radio de Fase 6 congelado; cobertura de la emisión actual no evaluada. Contexto descriptivo no causal; catálogo de estaciones sin vigencia histórica verificada.
col_321ef9a198015257a1d0afd095d56686,Victoria de las Democracias,Azcapotzalco,3664.0,2026-08,6,2027-02,3664.0,0.0,0.0,NEUTRAL,PERSISTENCE,VALIDATED_WITH_CAUTION,VALIDATED_FORECAST,CURRENT_FORECAST,station_endpoints_per_calendar_month,2026-09-19T16:02:18.602535+00:00,2323.0,5005.0,2682.0,False,1341.0,2026-02,571,FROZEN_PHASE6_CALIBRATION,2026-09-01T00:00:00,PERSISTENCE,El forecast mantiene el nivel de actividad registrado en su origen: persistencia fue seleccionada por su desempeño retrospectivo. Las señales contextuales no modifican esta predicción.,growth_1,trend_3,neighbor_growth_lag1,crecimiento reciente: -2.79% (contexto no causal),-0.027858848500928627,NEGATIVE,tendencia trimestral: -42.00 endpoints/mes (contexto no causal),-42.0,NEGATIVE,crecimiento vecinal reciente: -8.86% (contexto no causal),-0.0886067261496225,NEGATIVE,True,1.0,2.0-phase6-persistence-context,Disponibilidad histórica y finalización del target no verificadas. Radio de Fase 6 congelado; cobertura de la emisión actual no evaluada. Contexto descriptivo no causal; catálogo de estaciones sin vigencia histórica verificada.
col_321ef9a198015257a1d0afd095d56686,Victoria de las Democracias,Azcapotzalco,3664.0,2026-08,12,2027-08,3664.0,0.0,0.0,NEUTRAL,PERSISTENCE,VALIDATED_WITH_CAUTION,VALIDATED_FORECAST,CURRENT_FORECAST,station_endpoints_per_calendar_month,2026-09-19T16:02:18.602535+00:00,1383.0,5945.0,4562.0,False,2281.0,2025-08,165,FROZEN_PHASE6_CALIBRATION,2026-09-01T00:00:00,PERSISTENCE,El forecast mantiene el nivel de actividad registrado en su origen: persistencia fue seleccionada por su desempeño retrospectivo. Las señales contextuales no modifican esta predicción.,growth_1,trend_3,neighbor_growth_lag1,crecimiento reciente: -2.79% (contexto no causal),-0.027858848500928627,NEGATIVE,tendencia trimestral: -42.00 endpoints/mes (contexto no causal),-42.0,NEGATIVE,crecimiento vecinal reciente: -8.86% (contexto no causal),-0.0886067261496225,NEGATIVE,True,1.0,2.0-phase6-persistence-context,Disponibilidad histórica y finalización del target no verificadas. Radio de Fase 6 congelado; cobertura de la emisión actual no evaluada. Contexto descriptivo no causal; catálogo de estaciones sin vigencia histórica verificada.
col_333380f5322950cf9a22ac2947f13767,Lomas de Chapultepec Seccion V,Miguel Hidalgo,3353.0,2026-08,1,2026-09,3353.0,0.0,0.0,NEUTRAL,PERSISTENCE,VALIDATED_SHORT_TERM,VALIDATED_FORECAST,CURRENT_FORECAST,station_endpoints_per_calendar_month,2026-09-19T16:02:18.602535+00:00,2308.0,4398.0,2090.0,False,1045.0,2026-07,911,FROZEN_PHASE6_CALIBRATION,2026-09-01T00:00:00,PERSISTENCE,El forecast mantiene el nivel de actividad registrado en su origen: persistencia fue seleccionada por su desempeño retrospectivo. Las señales contextuales no modifican esta predicción.,growth_1,trend_3,NONE,crecimiento reciente: -19.26% (contexto no causal),-0.1926318324103058,NEGATIVE,tendencia trimestral: -141.50 endpoints/mes (contexto no causal),-141.5,NEGATIVE,SIN_DATO,,UNAVAILABLE,False,,2.0-phase6-persistence-context,Disponibilidad histórica y finalización del target no verificadas. Radio de Fase 6 congelado; cobertura de la emisión actual no evaluada. Contexto descriptivo no causal; catálogo de estaciones sin vigencia histórica verificada.
col_333380f5322950cf9a22ac2947f13767,Lomas de Chapultepec Seccion V,Miguel Hidalgo,3353.0,2026-08,3,2026-11,3353.0,0.0,0.0,NEUTRAL,PERSISTENCE,VALIDATED_WITH_CAUTION,VALIDATED_FORECAST,CURRENT_FORECAST,station_endpoints_per_calendar_month,2026-09-19T16:02:18.602535+00:00,2075.0,4631.0,2556.0,False,1278.0,2026-05,780,FROZEN_PHASE6_CALIBRATION,2026-09-01T00:00:00,PERSISTENCE,El forecast mantiene el nivel de actividad registrado en su origen: persistencia fue seleccionada por su desempeño retrospectivo. Las señales contextuales no modifican esta predicción.,growth_1,trend_3,NONE,crecimiento reciente: -19.26% (contexto no causal),-0.1926318324103058,NEGATIVE,tendencia trimestral: -141.50 endpoints/mes (contexto no causal),-141.5,NEGATIVE,SIN_DATO,,UNAVAILABLE,False,,2.0-phase6-persistence-context,Disponibilidad histórica y finalización del target no verificadas. Radio de Fase 6 congelado; cobertura de la emisión actual no evaluada. Contexto descriptivo no causal; catálogo de estaciones sin vigencia histórica verificada.
col_333380f5322950cf9a22ac2947f13767,Lomas de Chapultepec Seccion V,Miguel Hidalgo,3353.0,2026-08,6,2027-02,3353.0,0.0,0.0,NEUTRAL,PERSISTENCE,VALIDATED_WITH_CAUTION,VALIDATED_FORECAST,CURRENT_FORECAST,station_endpoints_per_calendar_month,2026-09-19T16:02:18.602535+00:00,2012.0,4694.0,2682.0,False,1341.0,2026-02,571,FROZEN_PHASE6_CALIBRATION,2026-09-01T00:00:00,PERSISTENCE,El forecast mantiene el nivel de actividad registrado en su origen: persistencia fue seleccionada por su desempeño retrospectivo. Las señales contextuales no modifican esta predicción.,growth_1,trend_3,NONE,crecimiento reciente: -19.26% (contexto no causal),-0.1926318324103058,NEGATIVE,tendencia trimestral: -141.50 endpoints/mes (contexto no causal),-141.5,NEGATIVE,SIN_DATO,,UNAVAILABLE,False,,2.0-phase6-persistence-context,Disponibilidad histórica y finalización del target no verificadas. Radio de Fase 6 congelado; cobertura de la emisión actual no evaluada. Contexto descriptivo no causal; catálogo de estaciones sin vigencia histórica verificada.
col_333380f5322950cf9a22ac2947f13767,Lomas de Chapultepec Seccion V,Miguel Hidalgo,3353.0,2026-08,12,2027-08,3353.0,0.0,0.0,NEUTRAL,PERSISTENCE,VALIDATED_WITH_CAUTION,VALIDATED_FORECAST,CURRENT_FORECAST,station_endpoints_per_calendar_month,2026-09-19T16:02:18.602535+00:00,1072.0,5634.0,4562.0,False,2281.0,2025-08,165,FROZEN_PHASE6_CALIBRATION,2026-09-01T00:00:00,PERSISTENCE,El forecast mantiene el nivel de actividad registrado en su origen: persistencia fue seleccionada por su desempeño retrospectivo. Las señales contextuales no modifican esta predicción.,growth_1,trend_3,NONE,crecimiento reciente: -19.26% (contexto no causal),-0.1926318324103058,NEGATIVE,tendencia trimestral: -141.50 endpoints/mes (contexto no causal),-141.5,NEGATIVE,SIN_DATO,,UNAVAILABLE,False,,2.0-phase6-persistence-context,Disponibilidad histórica y finalización del target no verificadas. Radio de Fase 6 congelado; cobertura de la emisión actual no evaluada. Contexto descriptivo no causal; catálogo de estaciones sin vigencia histórica verificada.
col_347bf8c118ae5cde8343a717c911525d,Independencia,Benito Juarez,6248.0,2026-08,1,2026-09,6248.0,0.0,0.0,NEUTRAL,PERSISTENCE,VALIDATED_SHORT_TERM,VALIDATED_FORECAST,CURRENT_FORECAST,station_endpoints_per_calendar_month,2026-09-19T16:02:18.602535+00:00,5203.0,7293.0,2090.0,False,1045.0,2026-07,911,FROZEN_PHASE6_CALIBRATION,2026-09-01T00:00:00,PERSISTENCE,El forecast mantiene el nivel de actividad registrado en su origen: persistencia fue seleccionada por su desempeño retrospectivo. Las señales contextuales no modifican esta predicción.,growth_1,trend_3,neighbor_growth_lag1,crecimiento reciente: -5.29% (contexto no causal),-0.05290283462179779,NEGATIVE,tendencia trimestral: 89.00 endpoints/mes (contexto no causal),89.0,POSITIVE,crecimiento vecinal reciente: -2.51% (contexto no causal),-0.02507970120406953,NEGATIVE,True,1.0,2.0-phase6-persistence-context,Disponibilidad histórica y finalización del target no verificadas. Radio de Fase 6 congelado; cobertura de la emisión actual no evaluada. Contexto descriptivo no causal; catálogo de estaciones sin vigencia histórica verificada.
col_347bf8c118ae5cde8343a717c911525d,Independencia,Benito Juarez,6248.0,2026-08,3,2026-11,6248.0,0.0,0.0,NEUTRAL,PERSISTENCE,VALIDATED_WITH_CAUTION,VALIDATED_FORECAST,CURRENT_FORECAST,station_endpoints_per_calendar_month,2026-09-19T16:02:18.602535+00:00,4970.0,7526.0,2556.0,False,1278.0,2026-05,780,FROZEN_PHASE6_CALIBRATION,2026-09-01T00:00:00,PERSISTENCE,El forecast mantiene el nivel de actividad registrado en su origen: persistencia fue seleccionada por su desempeño retrospectivo. Las señales contextuales no modifican esta predicción.,growth_1,trend_3,neighbor_growth_lag1,crecimiento reciente: -5.29% (contexto no causal),-0.05290283462179779,NEGATIVE,tendencia trimestral: 89.00 endpoints/mes (contexto no causal),89.0,POSITIVE,crecimiento vecinal reciente: -2.51% (contexto no causal),-0.02507970120406953,NEGATIVE,True,1.0,2.0-phase6-persistence-context,Disponibilidad histórica y finalización del target no verificadas. Radio de Fase 6 congelado; cobertura de la emisión actual no evaluada. Contexto descriptivo no causal; catálogo de estaciones sin vigencia histórica verificada.
col_347bf8c118ae5cde8343a717c911525d,Independencia,Benito Juarez,6248.0,2026-08,6,2027-02,6248.0,0.0,0.0,NEUTRAL,PERSISTENCE,VALIDATED_WITH_CAUTION,VALIDATED_FORECAST,CURRENT_FORECAST,station_endpoints_per_calendar_month,2026-09-19T16:02:18.602535+00:00,4907.0,7589.0,2682.0,False,1341.0,2026-02,571,FROZEN_PHASE6_CALIBRATION,2026-09-01T00:00:00,PERSISTENCE,El forecast mantiene el nivel de actividad registrado en su origen: persistencia fue seleccionada por su desempeño retrospectivo. Las señales contextuales no modifican esta predicción.,growth_1,trend_3,neighbor_growth_lag1,crecimiento reciente: -5.29% (contexto no causal),-0.05290283462179779,NEGATIVE,tendencia trimestral: 89.00 endpoints/mes (contexto no causal),89.0,POSITIVE,crecimiento vecinal reciente: -2.51% (contexto no causal),-0.02507970120406953,NEGATIVE,True,1.0,2.0-phase6-persistence-context,Disponibilidad histórica y finalización del target no verificadas. Radio de Fase 6 congelado; cobertura de la emisión actual no evaluada. Contexto descriptivo no causal; catálogo de estaciones sin vigencia histórica verificada.
col_347bf8c118ae5cde8343a717c911525d,Independencia,Benito Juarez,6248.0,2026-08,12,2027-08,6248.0,0.0,0.0,NEUTRAL,PERSISTENCE,VALIDATED_WITH_CAUTION,VALIDATED_FORECAST,CURRENT_FORECAST,station_endpoints_per_calendar_month,2026-09-19T16:02:18.602535+00:00,3967.0,8529.0,4562.0,False,2281.0,2025-08,165,FROZEN_PHASE6_CALIBRATION,2026-09-01T00:00:00,PERSISTENCE,El forecast mantiene el nivel de actividad registrado en su origen: persistencia fue seleccionada por su desempeño retrospectivo. Las señales contextuales no modifican esta predicción.,growth_1,trend_3,neighbor_growth_lag1,crecimiento reciente: -5.29% (contexto no causal),-0.05290283462179779,NEGATIVE,tendencia trimestral: 89.00 endpoints/mes (contexto no causal),89.0,POSITIVE,crecimiento vecinal reciente: -2.51% (contexto no causal),-0.02507970120406953,NEGATIVE,True,1.0,2.0-phase6-persistence-context,Disponibilidad histórica y finalización del target no verificadas. Radio de Fase 6 congelado; cobertura de la emisión actual no evaluada. Contexto descriptivo no causal; catálogo de estaciones sin vigencia histórica verificada.
col_34ef10debc6452f7a37e4eb02f41010f,Villa Coyoacan,Coyoacan,4414.0,2026-08,1,2026-09,4414.0,0.0,0.0,NEUTRAL,PERSISTENCE,VALIDATED_SHORT_TERM,VALIDATED_FORECAST,CURRENT_FORECAST,station_endpoints_per_calendar_month,2026-09-19T16:02:18.602535+00:00,3369.0,5459.0,2090.0,False,1045.0,2026-07,911,FROZEN_PHASE6_CALIBRATION,2026-09-01T00:00:00,PERSISTENCE,El forecast mantiene el nivel de actividad registrado en su origen: persistencia fue seleccionada por su desempeño retrospectivo. Las señales contextuales no modifican esta predicción.,growth_1,trend_3,neighbor_growth_lag1,crecimiento reciente: -3.69% (contexto no causal),-0.036875409120663324,NEGATIVE,tendencia trimestral: -289.00 endpoints/mes (contexto no causal),-289.0,NEGATIVE,crecimiento vecinal reciente: 0.58% (contexto no causal),0.005769775056491443,POSITIVE,True,1.0,2.0-phase6-persistence-context,Disponibilidad histórica y finalización del target no verificadas. Radio de Fase 6 congelado; cobertura de la emisión actual no evaluada. Contexto descriptivo no causal; catálogo de estaciones sin vigencia histórica verificada.
col_34ef10debc6452f7a37e4eb02f41010f,Villa Coyoacan,Coyoacan,4414.0,2026-08,3,2026-11,4414.0,0.0,0.0,NEUTRAL,PERSISTENCE,VALIDATED_WITH_CAUTION,VALIDATED_FORECAST,CURRENT_FORECAST,station_endpoints_per_calendar_month,2026-09-19T16:02:18.602535+00:00,3136.0,5692.0,2556.0,False,1278.0,2026-05,780,FROZEN_PHASE6_CALIBRATION,2026-09-01T00:00:00,PERSISTENCE,El forecast mantiene el nivel de actividad registrado en su origen: persistencia fue seleccionada por su desempeño retrospectivo. Las señales contextuales no modifican esta predicción.,growth_1,trend_3,neighbor_growth_lag1,crecimiento reciente: -3.69% (contexto no causal),-0.036875409120663324,NEGATIVE,tendencia trimestral: -289.00 endpoints/mes (contexto no causal),-289.0,NEGATIVE,crecimiento vecinal reciente: 0.58% (contexto no causal),0.005769775056491443,POSITIVE,True,1.0,2.0-phase6-persistence-context,Disponibilidad histórica y finalización del target no verificadas. Radio de Fase 6 congelado; cobertura de la emisión actual no evaluada. Contexto descriptivo no causal; catálogo de estaciones sin vigencia histórica verificada.
col_34ef10debc6452f7a37e4eb02f41010f,Villa Coyoacan,Coyoacan,4414.0,2026-08,6,2027-02,4414.0,0.0,0.0,NEUTRAL,PERSISTENCE,VALIDATED_WITH_CAUTION,VALIDATED_FORECAST,CURRENT_FORECAST,station_endpoints_per_calendar_month,2026-09-19T16:02:18.602535+00:00,3073.0,5755.0,2682.0,False,1341.0,2026-02,571,FROZEN_PHASE6_CALIBRATION,2026-09-01T00:00:00,PERSISTENCE,El forecast mantiene el nivel de actividad registrado en su origen: persistencia fue seleccionada por su desempeño retrospectivo. Las señales contextuales no modifican esta predicción.,growth_1,trend_3,neighbor_growth_lag1,crecimiento reciente: -3.69% (contexto no causal),-0.036875409120663324,NEGATIVE,tendencia trimestral: -289.00 endpoints/mes (contexto no causal),-289.0,NEGATIVE,crecimiento vecinal reciente: 0.58% (contexto no causal),0.005769775056491443,POSITIVE,True,1.0,2.0-phase6-persistence-context,Disponibilidad histórica y finalización del target no verificadas. Radio de Fase 6 congelado; cobertura de la emisión actual no evaluada. Contexto descriptivo no causal; catálogo de estaciones sin vigencia histórica verificada.
col_34ef10debc6452f7a37e4eb02f41010f,Villa Coyoacan,Coyoacan,4414.0,2026-08,12,2027-08,4414.0,0.0,0.0,NEUTRAL,PERSISTENCE,VALIDATED_WITH_CAUTION,VALIDATED_FORECAST,CURRENT_FORECAST,station_endpoints_per_calendar_month,2026-09-19T16:02:18.602535+00:00,2133.0,6695.0,4562.0,False,2281.0,2025-08,165,FROZEN_PHASE6_CALIBRATION,2026-09-01T00:00:00,PERSISTENCE,El forecast mantiene el nivel de actividad registrado en su origen: persistencia fue seleccionada por su desempeño retrospectivo. Las señales contextuales no modifican esta predicción.,growth_1,trend_3,neighbor_growth_lag1,crecimiento reciente: -3.69% (contexto no causal),-0.036875409120663324,NEGATIVE,tendencia trimestral: -289.00 endpoints/mes (contexto no causal),-289.0,NEGATIVE,crecimiento vecinal reciente: 0.58% (contexto no causal),0.005769775056491443,POSITIVE,True,1.0,2.0-phase6-persistence-context,Disponibilidad histórica y finalización del target no verificadas. Radio de Fase 6 congelado; cobertura de la emisión actual no evaluada. Contexto descriptivo no causal; catálogo de estaciones sin vigencia histórica verificada.
col_39b7c034d6a15d22952ae31d1eab536a,Tlaxpana,Miguel Hidalgo,17876.0,2026-08,1,2026-09,17876.0,0.0,0.0,NEUTRAL,PERSISTENCE,VALIDATED_SHORT_TERM,VALIDATED_FORECAST,CURRENT_FORECAST,station_endpoints_per_calendar_month,2026-09-19T16:02:18.602535+00:00,16831.0,18921.0,2090.0,False,1045.0,2026-07,911,FROZEN_PHASE6_CALIBRATION,2026-09-01T00:00:00,PERSISTENCE,El forecast mantiene el nivel de actividad registrado en su origen: persistencia fue seleccionada por su desempeño retrospectivo. Las señales contextuales no modifican esta predicción.,growth_1,trend_3,neighbor_growth_lag1,crecimiento reciente: -2.39% (contexto no causal),-0.02391612973681337,NEGATIVE,tendencia trimestral: 139.50 endpoints/mes (contexto no causal),139.5,POSITIVE,crecimiento vecinal reciente: 3.89% (contexto no causal),0.03886706999642118,POSITIVE,True,1.0,2.0-phase6-persistence-context,Disponibilidad histórica y finalización del target no verificadas. Radio de Fase 6 congelado; cobertura de la emisión actual no evaluada. Contexto descriptivo no causal; catálogo de estaciones sin vigencia histórica verificada.
col_39b7c034d6a15d22952ae31d1eab536a,Tlaxpana,Miguel Hidalgo,17876.0,2026-08,3,2026-11,17876.0,0.0,0.0,NEUTRAL,PERSISTENCE,VALIDATED_WITH_CAUTION,VALIDATED_FORECAST,CURRENT_FORECAST,station_endpoints_per_calendar_month,2026-09-19T16:02:18.602535+00:00,16598.0,19154.0,2556.0,False,1278.0,2026-05,780,FROZEN_PHASE6_CALIBRATION,2026-09-01T00:00:00,PERSISTENCE,El forecast mantiene el nivel de actividad registrado en su origen: persistencia fue seleccionada por su desempeño retrospectivo. Las señales contextuales no modifican esta predicción.,growth_1,trend_3,neighbor_growth_lag1,crecimiento reciente: -2.39% (contexto no causal),-0.02391612973681337,NEGATIVE,tendencia trimestral: 139.50 endpoints/mes (contexto no causal),139.5,POSITIVE,crecimiento vecinal reciente: 3.89% (contexto no causal),0.03886706999642118,POSITIVE,True,1.0,2.0-phase6-persistence-context,Disponibilidad histórica y finalización del target no verificadas. Radio de Fase 6 congelado; cobertura de la emisión actual no evaluada. Contexto descriptivo no causal; catálogo de estaciones sin vigencia histórica verificada.
col_39b7c034d6a15d22952ae31d1eab536a,Tlaxpana,Miguel Hidalgo,17876.0,2026-08,6,2027-02,17876.0,0.0,0.0,NEUTRAL,PERSISTENCE,VALIDATED_WITH_CAUTION,VALIDATED_FORECAST,CURRENT_FORECAST,station_endpoints_per_calendar_month,2026-09-19T16:02:18.602535+00:00,16535.0,19217.0,2682.0,False,1341.0,2026-02,571,FROZEN_PHASE6_CALIBRATION,2026-09-01T00:00:00,PERSISTENCE,El forecast mantiene el nivel de actividad registrado en su origen: persistencia fue seleccionada por su desempeño retrospectivo. Las señales contextuales no modifican esta predicción.,growth_1,trend_3,neighbor_growth_lag1,crecimiento reciente: -2.39% (contexto no causal),-0.02391612973681337,NEGATIVE,tendencia trimestral: 139.50 endpoints/mes (contexto no causal),139.5,POSITIVE,crecimiento vecinal reciente: 3.89% (contexto no causal),0.03886706999642118,POSITIVE,True,1.0,2.0-phase6-persistence-context,Disponibilidad histórica y finalización del target no verificadas. Radio de Fase 6 congelado; cobertura de la emisión actual no evaluada. Contexto descriptivo no causal; catálogo de estaciones sin vigencia histórica verificada.
col_39b7c034d6a15d22952ae31d1eab536a,Tlaxpana,Miguel Hidalgo,17876.0,2026-08,12,2027-08,17876.0,0.0,0.0,NEUTRAL,PERSISTENCE,VALIDATED_WITH_CAUTION,VALIDATED_FORECAST,CURRENT_FORECAST,station_endpoints_per_calendar_month,2026-09-19T16:02:18.602535+00:00,15595.0,20157.0,4562.0,False,2281.0,2025-08,165,FROZEN_PHASE6_CALIBRATION,2026-09-01T00:00:00,PERSISTENCE,El forecast mantiene el nivel de actividad registrado en su origen: persistencia fue seleccionada por su desempeño retrospectivo. Las señales contextuales no modifican esta predicción.,growth_1,trend_3,neighbor_growth_lag1,crecimiento reciente: -2.39% (contexto no causal),-0.02391612973681337,NEGATIVE,tendencia trimestral: 139.50 endpoints/mes (contexto no causal),139.5,POSITIVE,crecimiento vecinal reciente: 3.89% (contexto no causal),0.03886706999642118,POSITIVE,True,1.0,2.0-phase6-persistence-context,Disponibilidad histórica y finalización del target no verificadas. Radio de Fase 6 congelado; cobertura de la emisión actual no evaluada. Contexto descriptivo no causal; catálogo de estaciones sin vigencia histórica verificada.
col_3c107741e9aa5999ac5f00ed40d5deea,San Diego Churubusco,Coyoacan,5707.0,2026-08,1,2026-09,5707.0,0.0,0.0,NEUTRAL,PERSISTENCE,VALIDATED_SHORT_TERM,VALIDATED_FORECAST,CURRENT_FORECAST,station_endpoints_per_calendar_month,2026-09-19T16:02:18.602535+00:00,4662.0,6752.0,2090.0,False,1045.0,2026-07,911,FROZEN_PHASE6_CALIBRATION,2026-09-01T00:00:00,PERSISTENCE,El forecast mantiene el nivel de actividad registrado en su origen: persistencia fue seleccionada por su desempeño retrospectivo. Las señales contextuales no modifican esta predicción.,growth_1,trend_3,neighbor_growth_lag1,crecimiento reciente: 0.25% (contexto no causal),0.002459160372387142,POSITIVE,tendencia trimestral: 252.50 endpoints/mes (contexto no causal),252.5,POSITIVE,crecimiento vecinal reciente: -5.68% (contexto no causal),-0.05683329271898663,NEGATIVE,True,1.0,2.0-phase6-persistence-context,Disponibilidad histórica y finalización del target no verificadas. Radio de Fase 6 congelado; cobertura de la emisión actual no evaluada. Contexto descriptivo no causal; catálogo de estaciones sin vigencia histórica verificada.
col_3c107741e9aa5999ac5f00ed40d5deea,San Diego Churubusco,Coyoacan,5707.0,2026-08,3,2026-11,5707.0,0.0,0.0,NEUTRAL,PERSISTENCE,VALIDATED_WITH_CAUTION,VALIDATED_FORECAST,CURRENT_FORECAST,station_endpoints_per_calendar_month,2026-09-19T16:02:18.602535+00:00,4429.0,6985.0,2556.0,False,1278.0,2026-05,780,FROZEN_PHASE6_CALIBRATION,2026-09-01T00:00:00,PERSISTENCE,El forecast mantiene el nivel de actividad registrado en su origen: persistencia fue seleccionada por su desempeño retrospectivo. Las señales contextuales no modifican esta predicción.,growth_1,trend_3,neighbor_growth_lag1,crecimiento reciente: 0.25% (contexto no causal),0.002459160372387142,POSITIVE,tendencia trimestral: 252.50 endpoints/mes (contexto no causal),252.5,POSITIVE,crecimiento vecinal reciente: -5.68% (contexto no causal),-0.05683329271898663,NEGATIVE,True,1.0,2.0-phase6-persistence-context,Disponibilidad histórica y finalización del target no verificadas. Radio de Fase 6 congelado; cobertura de la emisión actual no evaluada. Contexto descriptivo no causal; catálogo de estaciones sin vigencia histórica verificada.
col_3c107741e9aa5999ac5f00ed40d5deea,San Diego Churubusco,Coyoacan,5707.0,2026-08,6,2027-02,5707.0,0.0,0.0,NEUTRAL,PERSISTENCE,VALIDATED_WITH_CAUTION,VALIDATED_FORECAST,CURRENT_FORECAST,station_endpoints_per_calendar_month,2026-09-19T16:02:18.602535+00:00,4366.0,7048.0,2682.0,False,1341.0,2026-02,571,FROZEN_PHASE6_CALIBRATION,2026-09-01T00:00:00,PERSISTENCE,El forecast mantiene el nivel de actividad registrado en su origen: persistencia fue seleccionada por su desempeño retrospectivo. Las señales contextuales no modifican esta predicción.,growth_1,trend_3,neighbor_growth_lag1,crecimiento reciente: 0.25% (contexto no causal),0.002459160372387142,POSITIVE,tendencia trimestral: 252.50 endpoints/mes (contexto no causal),252.5,POSITIVE,crecimiento vecinal reciente: -5.68% (contexto no causal),-0.05683329271898663,NEGATIVE,True,1.0,2.0-phase6-persistence-context,Disponibilidad histórica y finalización del target no verificadas. Radio de Fase 6 congelado; cobertura de la emisión actual no evaluada. Contexto descriptivo no causal; catálogo de estaciones sin vigencia histórica verificada.
col_3c107741e9aa5999ac5f00ed40d5deea,San Diego Churubusco,Coyoacan,5707.0,2026-08,12,2027-08,5707.0,0.0,0.0,NEUTRAL,PERSISTENCE,VALIDATED_WITH_CAUTION,VALIDATED_FORECAST,CURRENT_FORECAST,station_endpoints_per_calendar_month,2026-09-19T16:02:18.602535+00:00,3426.0,7988.0,4562.0,False,2281.0,2025-08,165,FROZEN_PHASE6_CALIBRATION,2026-09-01T00:00:00,PERSISTENCE,El forecast mantiene el nivel de actividad registrado en su origen: persistencia fue seleccionada por su desempeño retrospectivo. Las señales contextuales no modifican esta predicción.,growth_1,trend_3,neighbor_growth_lag1,crecimiento reciente: 0.25% (contexto no causal),0.002459160372387142,POSITIVE,tendencia trimestral: 252.50 endpoints/mes (contexto no causal),252.5,POSITIVE,crecimiento vecinal reciente: -5.68% (contexto no causal),-0.05683329271898663,NEGATIVE,True,1.0,2.0-phase6-persistence-context,Disponibilidad histórica y finalización del target no verificadas. Radio de Fase 6 congelado; cobertura de la emisión actual no evaluada. Contexto descriptivo no causal; catálogo de estaciones sin vigencia histórica verificada.
col_3d725e14185a5c38a7d3e1cda93adc73,Anahuac I Seccion,Miguel Hidalgo,24351.0,2026-08,1,2026-09,24351.0,0.0,0.0,NEUTRAL,PERSISTENCE,VALIDATED_SHORT_TERM,VALIDATED_FORECAST,CURRENT_FORECAST,station_endpoints_per_calendar_month,2026-09-19T16:02:18.602535+00:00,23306.0,25396.0,2090.0,False,1045.0,2026-07,911,FROZEN_PHASE6_CALIBRATION,2026-09-01T00:00:00,PERSISTENCE,El forecast mantiene el nivel de actividad registrado en su origen: persistencia fue seleccionada por su desempeño retrospectivo. Las señales contextuales no modifican esta predicción.,growth_1,trend_3,NONE,crecimiento reciente: -2.24% (contexto no causal),-0.022362293239119962,NEGATIVE,tendencia trimestral: -175.50 endpoints/mes (contexto no causal),-175.5,NEGATIVE,SIN_DATO,,UNAVAILABLE,False,,2.0-phase6-persistence-context,Disponibilidad histórica y finalización del target no verificadas. Radio de Fase 6 congelado; cobertura de la emisión actual no evaluada. Contexto descriptivo no causal; catálogo de estaciones sin vigencia histórica verificada.
col_3d725e14185a5c38a7d3e1cda93adc73,Anahuac I Seccion,Miguel Hidalgo,24351.0,2026-08,3,2026-11,24351.0,0.0,0.0,NEUTRAL,PERSISTENCE,VALIDATED_WITH_CAUTION,VALIDATED_FORECAST,CURRENT_FORECAST,station_endpoints_per_calendar_month,2026-09-19T16:02:18.602535+00:00,23073.0,25629.0,2556.0,False,1278.0,2026-05,780,FROZEN_PHASE6_CALIBRATION,2026-09-01T00:00:00,PERSISTENCE,El forecast mantiene el nivel de actividad registrado en su origen: persistencia fue seleccionada por su desempeño retrospectivo. Las señales contextuales no modifican esta predicción.,growth_1,trend_3,NONE,crecimiento reciente: -2.24% (contexto no causal),-0.022362293239119962,NEGATIVE,tendencia trimestral: -175.50 endpoints/mes (contexto no causal),-175.5,NEGATIVE,SIN_DATO,,UNAVAILABLE,False,,2.0-phase6-persistence-context,Disponibilidad histórica y finalización del target no verificadas. Radio de Fase 6 congelado; cobertura de la emisión actual no evaluada. Contexto descriptivo no causal; catálogo de estaciones sin vigencia histórica verificada.
col_3d725e14185a5c38a7d3e1cda93adc73,Anahuac I Seccion,Miguel Hidalgo,24351.0,2026-08,6,2027-02,24351.0,0.0,0.0,NEUTRAL,PERSISTENCE,VALIDATED_WITH_CAUTION,VALIDATED_FORECAST,CURRENT_FORECAST,station_endpoints_per_calendar_month,2026-09-19T16:02:18.602535+00:00,23010.0,25692.0,2682.0,False,1341.0,2026-02,571,FROZEN_PHASE6_CALIBRATION,2026-09-01T00:00:00,PERSISTENCE,El forecast mantiene el nivel de actividad registrado en su origen: persistencia fue seleccionada por su desempeño retrospectivo. Las señales contextuales no modifican esta predicción.,growth_1,trend_3,NONE,crecimiento reciente: -2.24% (contexto no causal),-0.022362293239119962,NEGATIVE,tendencia trimestral: -175.50 endpoints/mes (contexto no causal),-175.5,NEGATIVE,SIN_DATO,,UNAVAILABLE,False,,2.0-phase6-persistence-context,Disponibilidad histórica y finalización del target no verificadas. Radio de Fase 6 congelado; cobertura de la emisión actual no evaluada. Contexto descriptivo no causal; catálogo de estaciones sin vigencia histórica verificada.
col_3d725e14185a5c38a7d3e1cda93adc73,Anahuac I Seccion,Miguel Hidalgo,24351.0,2026-08,12,2027-08,24351.0,0.0,0.0,NEUTRAL,PERSISTENCE,VALIDATED_WITH_CAUTION,VALIDATED_FORECAST,CURRENT_FORECAST,station_endpoints_per_calendar_month,2026-09-19T16:02:18.602535+00:00,22070.0,26632.0,4562.0,False,2281.0,2025-08,165,FROZEN_PHASE6_CALIBRATION,2026-09-01T00:00:00,PERSISTENCE,El forecast mantiene el nivel de actividad registrado en su origen: persistencia fue seleccionada por su desempeño retrospectivo. Las señales contextuales no modifican esta predicción.,growth_1,trend_3,NONE,crecimiento reciente: -2.24% (contexto no causal),-0.022362293239119962,NEGATIVE,tendencia trimestral: -175.50 endpoints/mes (contexto no causal),-175.5,NEGATIVE,SIN_DATO,,UNAVAILABLE,False,,2.0-phase6-persistence-context,Disponibilidad histórica y finalización del target no verificadas. Radio de Fase 6 congelado; cobertura de la emisión actual no evaluada. Contexto descriptivo no causal; catálogo de estaciones sin vigencia histórica verificada.
col_43db8a95c872541680d0688e731fe141,Polanco,Miguel Hidalgo,189646.0,2026-08,1,2026-09,189646.0,0.0,0.0,NEUTRAL,PERSISTENCE,VALIDATED_SHORT_TERM,VALIDATED_FORECAST,CURRENT_FORECAST,station_endpoints_per_calendar_month,2026-09-19T16:02:18.602535+00:00,188601.0,190691.0,2090.0,False,1045.0,2026-07,911,FROZEN_PHASE6_CALIBRATION,2026-09-01T00:00:00,PERSISTENCE,El forecast mantiene el nivel de actividad registrado en su origen: persistencia fue seleccionada por su desempeño retrospectivo. Las señales contextuales no modifican esta predicción.,growth_1,trend_3,neighbor_growth_lag1,crecimiento reciente: -0.68% (contexto no causal),-0.006756190555997821,NEGATIVE,tendencia trimestral: -2303.50 endpoints/mes (contexto no causal),-2303.5,NEGATIVE,crecimiento vecinal reciente: -1.69% (contexto no causal),-0.016880288203752924,NEGATIVE,True,1.0,2.0-phase6-persistence-context,Disponibilidad histórica y finalización del target no verificadas. Radio de Fase 6 congelado; cobertura de la emisión actual no evaluada. Contexto descriptivo no causal; catálogo de estaciones sin vigencia histórica verificada.
col_43db8a95c872541680d0688e731fe141,Polanco,Miguel Hidalgo,189646.0,2026-08,3,2026-11,189646.0,0.0,0.0,NEUTRAL,PERSISTENCE,VALIDATED_WITH_CAUTION,VALIDATED_FORECAST,CURRENT_FORECAST,station_endpoints_per_calendar_month,2026-09-19T16:02:18.602535+00:00,188368.0,190924.0,2556.0,False,1278.0,2026-05,780,FROZEN_PHASE6_CALIBRATION,2026-09-01T00:00:00,PERSISTENCE,El forecast mantiene el nivel de actividad registrado en su origen: persistencia fue seleccionada por su desempeño retrospectivo. Las señales contextuales no modifican esta predicción.,growth_1,trend_3,neighbor_growth_lag1,crecimiento reciente: -0.68% (contexto no causal),-0.006756190555997821,NEGATIVE,tendencia trimestral: -2303.50 endpoints/mes (contexto no causal),-2303.5,NEGATIVE,crecimiento vecinal reciente: -1.69% (contexto no causal),-0.016880288203752924,NEGATIVE,True,1.0,2.0-phase6-persistence-context,Disponibilidad histórica y finalización del target no verificadas. Radio de Fase 6 congelado; cobertura de la emisión actual no evaluada. Contexto descriptivo no causal; catálogo de estaciones sin vigencia histórica verificada.
col_43db8a95c872541680d0688e731fe141,Polanco,Miguel Hidalgo,189646.0,2026-08,6,2027-02,189646.0,0.0,0.0,NEUTRAL,PERSISTENCE,VALIDATED_WITH_CAUTION,VALIDATED_FORECAST,CURRENT_FORECAST,station_endpoints_per_calendar_month,2026-09-19T16:02:18.602535+00:00,188305.0,190987.0,2682.0,False,1341.0,2026-02,571,FROZEN_PHASE6_CALIBRATION,2026-09-01T00:00:00,PERSISTENCE,El forecast mantiene el nivel de actividad registrado en su origen: persistencia fue seleccionada por su desempeño retrospectivo. Las señales contextuales no modifican esta predicción.,growth_1,trend_3,neighbor_growth_lag1,crecimiento reciente: -0.68% (contexto no causal),-0.006756190555997821,NEGATIVE,tendencia trimestral: -2303.50 endpoints/mes (contexto no causal),-2303.5,NEGATIVE,crecimiento vecinal reciente: -1.69% (contexto no causal),-0.016880288203752924,NEGATIVE,True,1.0,2.0-phase6-persistence-context,Disponibilidad histórica y finalización del target no verificadas. Radio de Fase 6 congelado; cobertura de la emisión actual no evaluada. Contexto descriptivo no causal; catálogo de estaciones sin vigencia histórica verificada.
col_43db8a95c872541680d0688e731fe141,Polanco,Miguel Hidalgo,189646.0,2026-08,12,2027-08,189646.0,0.0,0.0,NEUTRAL,PERSISTENCE,VALIDATED_WITH_CAUTION,VALIDATED_FORECAST,CURRENT_FORECAST,station_endpoints_per_calendar_month,2026-09-19T16:02:18.602535+00:00,187365.0,191927.0,4562.0,False,2281.0,2025-08,165,FROZEN_PHASE6_CALIBRATION,2026-09-01T00:00:00,PERSISTENCE,El forecast mantiene el nivel de actividad registrado en su origen: persistencia fue seleccionada por su desempeño retrospectivo. Las señales contextuales no modifican esta predicción.,growth_1,trend_3,neighbor_growth_lag1,crecimiento reciente: -0.68% (contexto no causal),-0.006756190555997821,NEGATIVE,tendencia trimestral: -2303.50 endpoints/mes (contexto no causal),-2303.5,NEGATIVE,crecimiento vecinal reciente: -1.69% (contexto no causal),-0.016880288203752924,NEGATIVE,True,1.0,2.0-phase6-persistence-context,Disponibilidad histórica y finalización del target no verificadas. Radio de Fase 6 congelado; cobertura de la emisión actual no evaluada. Contexto descriptivo no causal; catálogo de estaciones sin vigencia histórica verificada.
col_46ef3d6067b85bc580fd6f574f0e5a26,Claveria,Azcapotzalco,12046.0,2026-08,1,2026-09,12046.0,0.0,0.0,NEUTRAL,PERSISTENCE,VALIDATED_SHORT_TERM,VALIDATED_FORECAST,CURRENT_FORECAST,station_endpoints_per_calendar_month,2026-09-19T16:02:18.602535+00:00,11001.0,13091.0,2090.0,False,1045.0,2026-07,911,FROZEN_PHASE6_CALIBRATION,2026-09-01T00:00:00,PERSISTENCE,El forecast mantiene el nivel de actividad registrado en su origen: persistencia fue seleccionada por su desempeño retrospectivo. Las señales contextuales no modifican esta predicción.,growth_1,trend_3,neighbor_growth_lag1,crecimiento reciente: -6.34% (contexto no causal),-0.0634426994246618,NEGATIVE,tendencia trimestral: -296.00 endpoints/mes (contexto no causal),-296.0,NEGATIVE,crecimiento vecinal reciente: -7.46% (contexto no causal),-0.074624747249999,NEGATIVE,True,0.9999999999999996,2.0-phase6-persistence-context,Disponibilidad histórica y finalización del target no verificadas. Radio de Fase 6 congelado; cobertura de la emisión actual no evaluada. Contexto descriptivo no causal; catálogo de estaciones sin vigencia histórica verificada.
col_46ef3d6067b85bc580fd6f574f0e5a26,Claveria,Azcapotzalco,12046.0,2026-08,3,2026-11,12046.0,0.0,0.0,NEUTRAL,PERSISTENCE,VALIDATED_WITH_CAUTION,VALIDATED_FORECAST,CURRENT_FORECAST,station_endpoints_per_calendar_month,2026-09-19T16:02:18.602535+00:00,10768.0,13324.0,2556.0,False,1278.0,2026-05,780,FROZEN_PHASE6_CALIBRATION,2026-09-01T00:00:00,PERSISTENCE,El forecast mantiene el nivel de actividad registrado en su origen: persistencia fue seleccionada por su desempeño retrospectivo. Las señales contextuales no modifican esta predicción.,growth_1,trend_3,neighbor_growth_lag1,crecimiento reciente: -6.34% (contexto no causal),-0.0634426994246618,NEGATIVE,tendencia trimestral: -296.00 endpoints/mes (contexto no causal),-296.0,NEGATIVE,crecimiento vecinal reciente: -7.46% (contexto no causal),-0.074624747249999,NEGATIVE,True,0.9999999999999996,2.0-phase6-persistence-context,Disponibilidad histórica y finalización del target no verificadas. Radio de Fase 6 congelado; cobertura de la emisión actual no evaluada. Contexto descriptivo no causal; catálogo de estaciones sin vigencia histórica verificada.
col_46ef3d6067b85bc580fd6f574f0e5a26,Claveria,Azcapotzalco,12046.0,2026-08,6,2027-02,12046.0,0.0,0.0,NEUTRAL,PERSISTENCE,VALIDATED_WITH_CAUTION,VALIDATED_FORECAST,CURRENT_FORECAST,station_endpoints_per_calendar_month,2026-09-19T16:02:18.602535+00:00,10705.0,13387.0,2682.0,False,1341.0,2026-02,571,FROZEN_PHASE6_CALIBRATION,2026-09-01T00:00:00,PERSISTENCE,El forecast mantiene el nivel de actividad registrado en su origen: persistencia fue seleccionada por su desempeño retrospectivo. Las señales contextuales no modifican esta predicción.,growth_1,trend_3,neighbor_growth_lag1,crecimiento reciente: -6.34% (contexto no causal),-0.0634426994246618,NEGATIVE,tendencia trimestral: -296.00 endpoints/mes (contexto no causal),-296.0,NEGATIVE,crecimiento vecinal reciente: -7.46% (contexto no causal),-0.074624747249999,NEGATIVE,True,0.9999999999999996,2.0-phase6-persistence-context,Disponibilidad histórica y finalización del target no verificadas. Radio de Fase 6 congelado; cobertura de la emisión actual no evaluada. Contexto descriptivo no causal; catálogo de estaciones sin vigencia histórica verificada.
col_46ef3d6067b85bc580fd6f574f0e5a26,Claveria,Azcapotzalco,12046.0,2026-08,12,2027-08,12046.0,0.0,0.0,NEUTRAL,PERSISTENCE,VALIDATED_WITH_CAUTION,VALIDATED_FORECAST,CURRENT_FORECAST,station_endpoints_per_calendar_month,2026-09-19T16:02:18.602535+00:00,9765.0,14327.0,4562.0,False,2281.0,2025-08,165,FROZEN_PHASE6_CALIBRATION,2026-09-01T00:00:00,PERSISTENCE,El forecast mantiene el nivel de actividad registrado en su origen: persistencia fue seleccionada por su desempeño retrospectivo. Las señales contextuales no modifican esta predicción.,growth_1,trend_3,neighbor_growth_lag1,crecimiento reciente: -6.34% (contexto no causal),-0.0634426994246618,NEGATIVE,tendencia trimestral: -296.00 endpoints/mes (contexto no causal),-296.0,NEGATIVE,crecimiento vecinal reciente: -7.46% (contexto no causal),-0.074624747249999,NEGATIVE,True,0.9999999999999996,2.0-phase6-persistence-context,Disponibilidad histórica y finalización del target no verificadas. Radio de Fase 6 congelado; cobertura de la emisión actual no evaluada. Contexto descriptivo no causal; catálogo de estaciones sin vigencia histórica verificada.
col_47716220585b527aaf095e5cd827326f,San Angel,Alvaro Obregon,3198.0,2026-08,1,2026-09,3198.0,0.0,0.0,NEUTRAL,PERSISTENCE,VALIDATED_SHORT_TERM,VALIDATED_FORECAST,CURRENT_FORECAST,station_endpoints_per_calendar_month,2026-09-19T16:02:18.602535+00:00,2153.0,4243.0,2090.0,False,1045.0,2026-07,911,FROZEN_PHASE6_CALIBRATION,2026-09-01T00:00:00,PERSISTENCE,El forecast mantiene el nivel de actividad registrado en su origen: persistencia fue seleccionada por su desempeño retrospectivo. Las señales contextuales no modifican esta predicción.,growth_1,trend_3,neighbor_growth_lag1,crecimiento reciente: 7.14% (contexto no causal),0.07135678391959799,POSITIVE,tendencia trimestral: 187.50 endpoints/mes (contexto no causal),187.5,POSITIVE,crecimiento vecinal reciente: 5.91% (contexto no causal),0.05912863070539419,POSITIVE,True,1.0,2.0-phase6-persistence-context,Disponibilidad histórica y finalización del target no verificadas. Radio de Fase 6 congelado; cobertura de la emisión actual no evaluada. Contexto descriptivo no causal; catálogo de estaciones sin vigencia histórica verificada.
col_47716220585b527aaf095e5cd827326f,San Angel,Alvaro Obregon,3198.0,2026-08,3,2026-11,3198.0,0.0,0.0,NEUTRAL,PERSISTENCE,VALIDATED_WITH_CAUTION,VALIDATED_FORECAST,CURRENT_FORECAST,station_endpoints_per_calendar_month,2026-09-19T16:02:18.602535+00:00,1920.0,4476.0,2556.0,False,1278.0,2026-05,780,FROZEN_PHASE6_CALIBRATION,2026-09-01T00:00:00,PERSISTENCE,El forecast mantiene el nivel de actividad registrado en su origen: persistencia fue seleccionada por su desempeño retrospectivo. Las señales contextuales no modifican esta predicción.,growth_1,trend_3,neighbor_growth_lag1,crecimiento reciente: 7.14% (contexto no causal),0.07135678391959799,POSITIVE,tendencia trimestral: 187.50 endpoints/mes (contexto no causal),187.5,POSITIVE,crecimiento vecinal reciente: 5.91% (contexto no causal),0.05912863070539419,POSITIVE,True,1.0,2.0-phase6-persistence-context,Disponibilidad histórica y finalización del target no verificadas. Radio de Fase 6 congelado; cobertura de la emisión actual no evaluada. Contexto descriptivo no causal; catálogo de estaciones sin vigencia histórica verificada.
col_47716220585b527aaf095e5cd827326f,San Angel,Alvaro Obregon,3198.0,2026-08,6,2027-02,3198.0,0.0,0.0,NEUTRAL,PERSISTENCE,VALIDATED_WITH_CAUTION,VALIDATED_FORECAST,CURRENT_FORECAST,station_endpoints_per_calendar_month,2026-09-19T16:02:18.602535+00:00,1857.0,4539.0,2682.0,False,1341.0,2026-02,571,FROZEN_PHASE6_CALIBRATION,2026-09-01T00:00:00,PERSISTENCE,El forecast mantiene el nivel de actividad registrado en su origen: persistencia fue seleccionada por su desempeño retrospectivo. Las señales contextuales no modifican esta predicción.,growth_1,trend_3,neighbor_growth_lag1,crecimiento reciente: 7.14% (contexto no causal),0.07135678391959799,POSITIVE,tendencia trimestral: 187.50 endpoints/mes (contexto no causal),187.5,POSITIVE,crecimiento vecinal reciente: 5.91% (contexto no causal),0.05912863070539419,POSITIVE,True,1.0,2.0-phase6-persistence-context,Disponibilidad histórica y finalización del target no verificadas. Radio de Fase 6 congelado; cobertura de la emisión actual no evaluada. Contexto descriptivo no causal; catálogo de estaciones sin vigencia histórica verificada.
col_47716220585b527aaf095e5cd827326f,San Angel,Alvaro Obregon,3198.0,2026-08,12,2027-08,3198.0,0.0,0.0,NEUTRAL,PERSISTENCE,VALIDATED_WITH_CAUTION,VALIDATED_FORECAST,CURRENT_FORECAST,station_endpoints_per_calendar_month,2026-09-19T16:02:18.602535+00:00,917.0,5479.0,4562.0,False,2281.0,2025-08,165,FROZEN_PHASE6_CALIBRATION,2026-09-01T00:00:00,PERSISTENCE,El forecast mantiene el nivel de actividad registrado en su origen: persistencia fue seleccionada por su desempeño retrospectivo. Las señales contextuales no modifican esta predicción.,growth_1,trend_3,neighbor_growth_lag1,crecimiento reciente: 7.14% (contexto no causal),0.07135678391959799,POSITIVE,tendencia trimestral: 187.50 endpoints/mes (contexto no causal),187.5,POSITIVE,crecimiento vecinal reciente: 5.91% (contexto no causal),0.05912863070539419,POSITIVE,True,1.0,2.0-phase6-persistence-context,Disponibilidad histórica y finalización del target no verificadas. Radio de Fase 6 congelado; cobertura de la emisión actual no evaluada. Contexto descriptivo no causal; catálogo de estaciones sin vigencia histórica verificada.
col_479170cdfd5b53c484ffa7a376547b3a,Alamos,Benito Juarez,26156.0,2026-08,1,2026-09,26156.0,0.0,0.0,NEUTRAL,PERSISTENCE,VALIDATED_SHORT_TERM,VALIDATED_FORECAST,CURRENT_FORECAST,station_endpoints_per_calendar_month,2026-09-19T16:02:18.602535+00:00,25111.0,27201.0,2090.0,False,1045.0,2026-07,911,FROZEN_PHASE6_CALIBRATION,2026-09-01T00:00:00,PERSISTENCE,El forecast mantiene el nivel de actividad registrado en su origen: persistencia fue seleccionada por su desempeño retrospectivo. Las señales contextuales no modifican esta predicción.,growth_1,trend_3,neighbor_growth_lag1,crecimiento reciente: -7.71% (contexto no causal),-0.07709678557566776,NEGATIVE,tendencia trimestral: -2085.00 endpoints/mes (contexto no causal),-2085.0,NEGATIVE,crecimiento vecinal reciente: -1.04% (contexto no causal),-0.010405936986420328,NEGATIVE,True,1.0,2.0-phase6-persistence-context,Disponibilidad histórica y finalización del target no verificadas. Radio de Fase 6 congelado; cobertura de la emisión actual no evaluada. Contexto descriptivo no causal; catálogo de estaciones sin vigencia histórica verificada.
col_479170cdfd5b53c484ffa7a376547b3a,Alamos,Benito Juarez,26156.0,2026-08,3,2026-11,26156.0,0.0,0.0,NEUTRAL,PERSISTENCE,VALIDATED_WITH_CAUTION,VALIDATED_FORECAST,CURRENT_FORECAST,station_endpoints_per_calendar_month,2026-09-19T16:02:18.602535+00:00,24878.0,27434.0,2556.0,False,1278.0,2026-05,780,FROZEN_PHASE6_CALIBRATION,2026-09-01T00:00:00,PERSISTENCE,El forecast mantiene el nivel de actividad registrado en su origen: persistencia fue seleccionada por su desempeño retrospectivo. Las señales contextuales no modifican esta predicción.,growth_1,trend_3,neighbor_growth_lag1,crecimiento reciente: -7.71% (contexto no causal),-0.07709678557566776,NEGATIVE,tendencia trimestral: -2085.00 endpoints/mes (contexto no causal),-2085.0,NEGATIVE,crecimiento vecinal reciente: -1.04% (contexto no causal),-0.010405936986420328,NEGATIVE,True,1.0,2.0-phase6-persistence-context,Disponibilidad histórica y finalización del target no verificadas. Radio de Fase 6 congelado; cobertura de la emisión actual no evaluada. Contexto descriptivo no causal; catálogo de estaciones sin vigencia histórica verificada.
col_479170cdfd5b53c484ffa7a376547b3a,Alamos,Benito Juarez,26156.0,2026-08,6,2027-02,26156.0,0.0,0.0,NEUTRAL,PERSISTENCE,VALIDATED_WITH_CAUTION,VALIDATED_FORECAST,CURRENT_FORECAST,station_endpoints_per_calendar_month,2026-09-19T16:02:18.602535+00:00,24815.0,27497.0,2682.0,False,1341.0,2026-02,571,FROZEN_PHASE6_CALIBRATION,2026-09-01T00:00:00,PERSISTENCE,El forecast mantiene el nivel de actividad registrado en su origen: persistencia fue seleccionada por su desempeño retrospectivo. Las señales contextuales no modifican esta predicción.,growth_1,trend_3,neighbor_growth_lag1,crecimiento reciente: -7.71% (contexto no causal),-0.07709678557566776,NEGATIVE,tendencia trimestral: -2085.00 endpoints/mes (contexto no causal),-2085.0,NEGATIVE,crecimiento vecinal reciente: -1.04% (contexto no causal),-0.010405936986420328,NEGATIVE,True,1.0,2.0-phase6-persistence-context,Disponibilidad histórica y finalización del target no verificadas. Radio de Fase 6 congelado; cobertura de la emisión actual no evaluada. Contexto descriptivo no causal; catálogo de estaciones sin vigencia histórica verificada.
col_479170cdfd5b53c484ffa7a376547b3a,Alamos,Benito Juarez,26156.0,2026-08,12,2027-08,26156.0,0.0,0.0,NEUTRAL,PERSISTENCE,VALIDATED_WITH_CAUTION,VALIDATED_FORECAST,CURRENT_FORECAST,station_endpoints_per_calendar_month,2026-09-19T16:02:18.602535+00:00,23875.0,28437.0,4562.0,False,2281.0,2025-08,165,FROZEN_PHASE6_CALIBRATION,2026-09-01T00:00:00,PERSISTENCE,El forecast mantiene el nivel de actividad registrado en su origen: persistencia fue seleccionada por su desempeño retrospectivo. Las señales contextuales no modifican esta predicción.,growth_1,trend_3,neighbor_growth_lag1,crecimiento reciente: -7.71% (contexto no causal),-0.07709678557566776,NEGATIVE,tendencia trimestral: -2085.00 endpoints/mes (contexto no causal),-2085.0,NEGATIVE,crecimiento vecinal reciente: -1.04% (contexto no causal),-0.010405936986420328,NEGATIVE,True,1.0,2.0-phase6-persistence-context,Disponibilidad histórica y finalización del target no verificadas. Radio de Fase 6 congelado; cobertura de la emisión actual no evaluada. Contexto descriptivo no causal; catálogo de estaciones sin vigencia histórica verificada.
col_49351caf73a652ba8bcc7655ce37dd18,Anahuac,Miguel Hidalgo,34194.0,2026-08,1,2026-09,34194.0,0.0,0.0,NEUTRAL,PERSISTENCE,VALIDATED_SHORT_TERM,VALIDATED_FORECAST,CURRENT_FORECAST,station_endpoints_per_calendar_month,2026-09-19T16:02:18.602535+00:00,33149.0,35239.0,2090.0,False,1045.0,2026-07,911,FROZEN_PHASE6_CALIBRATION,2026-09-01T00:00:00,PERSISTENCE,El forecast mantiene el nivel de actividad registrado en su origen: persistencia fue seleccionada por su desempeño retrospectivo. Las señales contextuales no modifican esta predicción.,growth_1,trend_3,neighbor_growth_lag1,crecimiento reciente: -1.47% (contexto no causal),-0.014667319828256923,NEGATIVE,tendencia trimestral: 55.00 endpoints/mes (contexto no causal),55.0,POSITIVE,crecimiento vecinal reciente: 1.12% (contexto no causal),0.011199190795544985,POSITIVE,True,1.0,2.0-phase6-persistence-context,Disponibilidad histórica y finalización del target no verificadas. Radio de Fase 6 congelado; cobertura de la emisión actual no evaluada. Contexto descriptivo no causal; catálogo de estaciones sin vigencia histórica verificada.
col_49351caf73a652ba8bcc7655ce37dd18,Anahuac,Miguel Hidalgo,34194.0,2026-08,3,2026-11,34194.0,0.0,0.0,NEUTRAL,PERSISTENCE,VALIDATED_WITH_CAUTION,VALIDATED_FORECAST,CURRENT_FORECAST,station_endpoints_per_calendar_month,2026-09-19T16:02:18.602535+00:00,32916.0,35472.0,2556.0,False,1278.0,2026-05,780,FROZEN_PHASE6_CALIBRATION,2026-09-01T00:00:00,PERSISTENCE,El forecast mantiene el nivel de actividad registrado en su origen: persistencia fue seleccionada por su desempeño retrospectivo. Las señales contextuales no modifican esta predicción.,growth_1,trend_3,neighbor_growth_lag1,crecimiento reciente: -1.47% (contexto no causal),-0.014667319828256923,NEGATIVE,tendencia trimestral: 55.00 endpoints/mes (contexto no causal),55.0,POSITIVE,crecimiento vecinal reciente: 1.12% (contexto no causal),0.011199190795544985,POSITIVE,True,1.0,2.0-phase6-persistence-context,Disponibilidad histórica y finalización del target no verificadas. Radio de Fase 6 congelado; cobertura de la emisión actual no evaluada. Contexto descriptivo no causal; catálogo de estaciones sin vigencia histórica verificada.
col_49351caf73a652ba8bcc7655ce37dd18,Anahuac,Miguel Hidalgo,34194.0,2026-08,6,2027-02,34194.0,0.0,0.0,NEUTRAL,PERSISTENCE,VALIDATED_WITH_CAUTION,VALIDATED_FORECAST,CURRENT_FORECAST,station_endpoints_per_calendar_month,2026-09-19T16:02:18.602535+00:00,32853.0,35535.0,2682.0,False,1341.0,2026-02,571,FROZEN_PHASE6_CALIBRATION,2026-09-01T00:00:00,PERSISTENCE,El forecast mantiene el nivel de actividad registrado en su origen: persistencia fue seleccionada por su desempeño retrospectivo. Las señales contextuales no modifican esta predicción.,growth_1,trend_3,neighbor_growth_lag1,crecimiento reciente: -1.47% (contexto no causal),-0.014667319828256923,NEGATIVE,tendencia trimestral: 55.00 endpoints/mes (contexto no causal),55.0,POSITIVE,crecimiento vecinal reciente: 1.12% (contexto no causal),0.011199190795544985,POSITIVE,True,1.0,2.0-phase6-persistence-context,Disponibilidad histórica y finalización del target no verificadas. Radio de Fase 6 congelado; cobertura de la emisión actual no evaluada. Contexto descriptivo no causal; catálogo de estaciones sin vigencia histórica verificada.
col_49351caf73a652ba8bcc7655ce37dd18,Anahuac,Miguel Hidalgo,34194.0,2026-08,12,2027-08,34194.0,0.0,0.0,NEUTRAL,PERSISTENCE,VALIDATED_WITH_CAUTION,VALIDATED_FORECAST,CURRENT_FORECAST,station_endpoints_per_calendar_month,2026-09-19T16:02:18.602535+00:00,31913.0,36475.0,4562.0,False,2281.0,2025-08,165,FROZEN_PHASE6_CALIBRATION,2026-09-01T00:00:00,PERSISTENCE,El forecast mantiene el nivel de actividad registrado en su origen: persistencia fue seleccionada por su desempeño retrospectivo. Las señales contextuales no modifican esta predicción.,growth_1,trend_3,neighbor_growth_lag1,crecimiento reciente: -1.47% (contexto no causal),-0.014667319828256923,NEGATIVE,tendencia trimestral: 55.00 endpoints/mes (contexto no causal),55.0,POSITIVE,crecimiento vecinal reciente: 1.12% (contexto no causal),0.011199190795544985,POSITIVE,True,1.0,2.0-phase6-persistence-context,Disponibilidad histórica y finalización del target no verificadas. Radio de Fase 6 congelado; cobertura de la emisión actual no evaluada. Contexto descriptivo no causal; catálogo de estaciones sin vigencia histórica verificada.
col_49f6b5a0ab625bda9ca00f7acd601c17,Americas Unidas,Benito Juarez,11499.0,2026-08,1,2026-09,11499.0,0.0,0.0,NEUTRAL,PERSISTENCE,VALIDATED_SHORT_TERM,VALIDATED_FORECAST,CURRENT_FORECAST,station_endpoints_per_calendar_month,2026-09-19T16:02:18.602535+00:00,10454.0,12544.0,2090.0,False,1045.0,2026-07,911,FROZEN_PHASE6_CALIBRATION,2026-09-01T00:00:00,PERSISTENCE,El forecast mantiene el nivel de actividad registrado en su origen: persistencia fue seleccionada por su desempeño retrospectivo. Las señales contextuales no modifican esta predicción.,growth_1,trend_3,NONE,crecimiento reciente: -4.67% (contexto no causal),-0.046675509865693916,NEGATIVE,tendencia trimestral: -542.00 endpoints/mes (contexto no causal),-542.0,NEGATIVE,SIN_DATO,,UNAVAILABLE,False,,2.0-phase6-persistence-context,Disponibilidad histórica y finalización del target no verificadas. Radio de Fase 6 congelado; cobertura de la emisión actual no evaluada. Contexto descriptivo no causal; catálogo de estaciones sin vigencia histórica verificada.
col_49f6b5a0ab625bda9ca00f7acd601c17,Americas Unidas,Benito Juarez,11499.0,2026-08,3,2026-11,11499.0,0.0,0.0,NEUTRAL,PERSISTENCE,VALIDATED_WITH_CAUTION,VALIDATED_FORECAST,CURRENT_FORECAST,station_endpoints_per_calendar_month,2026-09-19T16:02:18.602535+00:00,10221.0,12777.0,2556.0,False,1278.0,2026-05,780,FROZEN_PHASE6_CALIBRATION,2026-09-01T00:00:00,PERSISTENCE,El forecast mantiene el nivel de actividad registrado en su origen: persistencia fue seleccionada por su desempeño retrospectivo. Las señales contextuales no modifican esta predicción.,growth_1,trend_3,NONE,crecimiento reciente: -4.67% (contexto no causal),-0.046675509865693916,NEGATIVE,tendencia trimestral: -542.00 endpoints/mes (contexto no causal),-542.0,NEGATIVE,SIN_DATO,,UNAVAILABLE,False,,2.0-phase6-persistence-context,Disponibilidad histórica y finalización del target no verificadas. Radio de Fase 6 congelado; cobertura de la emisión actual no evaluada. Contexto descriptivo no causal; catálogo de estaciones sin vigencia histórica verificada.
col_49f6b5a0ab625bda9ca00f7acd601c17,Americas Unidas,Benito Juarez,11499.0,2026-08,6,2027-02,11499.0,0.0,0.0,NEUTRAL,PERSISTENCE,VALIDATED_WITH_CAUTION,VALIDATED_FORECAST,CURRENT_FORECAST,station_endpoints_per_calendar_month,2026-09-19T16:02:18.602535+00:00,10158.0,12840.0,2682.0,False,1341.0,2026-02,571,FROZEN_PHASE6_CALIBRATION,2026-09-01T00:00:00,PERSISTENCE,El forecast mantiene el nivel de actividad registrado en su origen: persistencia fue seleccionada por su desempeño retrospectivo. Las señales contextuales no modifican esta predicción.,growth_1,trend_3,NONE,crecimiento reciente: -4.67% (contexto no causal),-0.046675509865693916,NEGATIVE,tendencia trimestral: -542.00 endpoints/mes (contexto no causal),-542.0,NEGATIVE,SIN_DATO,,UNAVAILABLE,False,,2.0-phase6-persistence-context,Disponibilidad histórica y finalización del target no verificadas. Radio de Fase 6 congelado; cobertura de la emisión actual no evaluada. Contexto descriptivo no causal; catálogo de estaciones sin vigencia histórica verificada.
col_49f6b5a0ab625bda9ca00f7acd601c17,Americas Unidas,Benito Juarez,11499.0,2026-08,12,2027-08,11499.0,0.0,0.0,NEUTRAL,PERSISTENCE,VALIDATED_WITH_CAUTION,VALIDATED_FORECAST,CURRENT_FORECAST,station_endpoints_per_calendar_month,2026-09-19T16:02:18.602535+00:00,9218.0,13780.0,4562.0,False,2281.0,2025-08,165,FROZEN_PHASE6_CALIBRATION,2026-09-01T00:00:00,PERSISTENCE,El forecast mantiene el nivel de actividad registrado en su origen: persistencia fue seleccionada por su desempeño retrospectivo. Las señales contextuales no modifican esta predicción.,growth_1,trend_3,NONE,crecimiento reciente: -4.67% (contexto no causal),-0.046675509865693916,NEGATIVE,tendencia trimestral: -542.00 endpoints/mes (contexto no causal),-542.0,NEGATIVE,SIN_DATO,,UNAVAILABLE,False,,2.0-phase6-persistence-context,Disponibilidad histórica y finalización del target no verificadas. Radio de Fase 6 congelado; cobertura de la emisión actual no evaluada. Contexto descriptivo no causal; catálogo de estaciones sin vigencia histórica verificada.
col_4a6ce89e87ac5037b13cd12239825b31,Residencial Emperadores,Benito Juarez,1792.0,2026-08,1,2026-09,1792.0,0.0,0.0,NEUTRAL,PERSISTENCE,VALIDATED_SHORT_TERM,VALIDATED_FORECAST,CURRENT_FORECAST,station_endpoints_per_calendar_month,2026-09-19T16:02:18.602535+00:00,747.0,2837.0,2090.0,False,1045.0,2026-07,911,FROZEN_PHASE6_CALIBRATION,2026-09-01T00:00:00,PERSISTENCE,El forecast mantiene el nivel de actividad registrado en su origen: persistencia fue seleccionada por su desempeño retrospectivo. Las señales contextuales no modifican esta predicción.,growth_1,trend_3,neighbor_growth_lag1,crecimiento reciente: -6.91% (contexto no causal),-0.06909090909090909,NEGATIVE,tendencia trimestral: -85.50 endpoints/mes (contexto no causal),-85.5,NEGATIVE,crecimiento vecinal reciente: -2.87% (contexto no causal),-0.028684372579011144,NEGATIVE,True,1.0,2.0-phase6-persistence-context,Disponibilidad histórica y finalización del target no verificadas. Radio de Fase 6 congelado; cobertura de la emisión actual no evaluada. Contexto descriptivo no causal; catálogo de estaciones sin vigencia histórica verificada.
col_4a6ce89e87ac5037b13cd12239825b31,Residencial Emperadores,Benito Juarez,1792.0,2026-08,3,2026-11,1792.0,0.0,0.0,NEUTRAL,PERSISTENCE,VALIDATED_WITH_CAUTION,VALIDATED_FORECAST,CURRENT_FORECAST,station_endpoints_per_calendar_month,2026-09-19T16:02:18.602535+00:00,514.0,3070.0,2556.0,False,1278.0,2026-05,780,FROZEN_PHASE6_CALIBRATION,2026-09-01T00:00:00,PERSISTENCE,El forecast mantiene el nivel de actividad registrado en su origen: persistencia fue seleccionada por su desempeño retrospectivo. Las señales contextuales no modifican esta predicción.,growth_1,trend_3,neighbor_growth_lag1,crecimiento reciente: -6.91% (contexto no causal),-0.06909090909090909,NEGATIVE,tendencia trimestral: -85.50 endpoints/mes (contexto no causal),-85.5,NEGATIVE,crecimiento vecinal reciente: -2.87% (contexto no causal),-0.028684372579011144,NEGATIVE,True,1.0,2.0-phase6-persistence-context,Disponibilidad histórica y finalización del target no verificadas. Radio de Fase 6 congelado; cobertura de la emisión actual no evaluada. Contexto descriptivo no causal; catálogo de estaciones sin vigencia histórica verificada.
col_4a6ce89e87ac5037b13cd12239825b31,Residencial Emperadores,Benito Juarez,1792.0,2026-08,6,2027-02,1792.0,0.0,0.0,NEUTRAL,PERSISTENCE,VALIDATED_WITH_CAUTION,VALIDATED_FORECAST,CURRENT_FORECAST,station_endpoints_per_calendar_month,2026-09-19T16:02:18.602535+00:00,451.0,3133.0,2682.0,False,1341.0,2026-02,571,FROZEN_PHASE6_CALIBRATION,2026-09-01T00:00:00,PERSISTENCE,El forecast mantiene el nivel de actividad registrado en su origen: persistencia fue seleccionada por su desempeño retrospectivo. Las señales contextuales no modifican esta predicción.,growth_1,trend_3,neighbor_growth_lag1,crecimiento reciente: -6.91% (contexto no causal),-0.06909090909090909,NEGATIVE,tendencia trimestral: -85.50 endpoints/mes (contexto no causal),-85.5,NEGATIVE,crecimiento vecinal reciente: -2.87% (contexto no causal),-0.028684372579011144,NEGATIVE,True,1.0,2.0-phase6-persistence-context,Disponibilidad histórica y finalización del target no verificadas. Radio de Fase 6 congelado; cobertura de la emisión actual no evaluada. Contexto descriptivo no causal; catálogo de estaciones sin vigencia histórica verificada.
col_4a6ce89e87ac5037b13cd12239825b31,Residencial Emperadores,Benito Juarez,1792.0,2026-08,12,2027-08,1792.0,0.0,0.0,NEUTRAL,PERSISTENCE,VALIDATED_WITH_CAUTION,VALIDATED_FORECAST,CURRENT_FORECAST,station_endpoints_per_calendar_month,2026-09-19T16:02:18.602535+00:00,0.0,4073.0,4073.0,True,2281.0,2025-08,165,FROZEN_PHASE6_CALIBRATION,2026-09-01T00:00:00,PERSISTENCE,El forecast mantiene el nivel de actividad registrado en su origen: persistencia fue seleccionada por su desempeño retrospectivo. Las señales contextuales no modifican esta predicción.,growth_1,trend_3,neighbor_growth_lag1,crecimiento reciente: -6.91% (contexto no causal),-0.06909090909090909,NEGATIVE,tendencia trimestral: -85.50 endpoints/mes (contexto no causal),-85.5,NEGATIVE,crecimiento vecinal reciente: -2.87% (contexto no causal),-0.028684372579011144,NEGATIVE,True,1.0,2.0-phase6-persistence-context,Disponibilidad histórica y finalización del target no verificadas. Radio de Fase 6 congelado; cobertura de la emisión actual no evaluada. Contexto descriptivo no causal; catálogo de estaciones sin vigencia histórica verificada.
col_4b057d99c17f5783822af98b43744780,Santa Catarina,Coyoacan,12170.0,2026-08,1,2026-09,12170.0,0.0,0.0,NEUTRAL,PERSISTENCE,VALIDATED_SHORT_TERM,VALIDATED_FORECAST,CURRENT_FORECAST,station_endpoints_per_calendar_month,2026-09-19T16:02:18.602535+00:00,11125.0,13215.0,2090.0,False,1045.0,2026-07,911,FROZEN_PHASE6_CALIBRATION,2026-09-01T00:00:00,PERSISTENCE,El forecast mantiene el nivel de actividad registrado en su origen: persistencia fue seleccionada por su desempeño retrospectivo. Las señales contextuales no modifican esta predicción.,growth_1,trend_3,neighbor_growth_lag1,crecimiento reciente: 0.81% (contexto no causal),0.008117958913187541,POSITIVE,tendencia trimestral: 1.00 endpoints/mes (contexto no causal),1.0,POSITIVE,crecimiento vecinal reciente: -1.67% (contexto no causal),-0.01672690896043399,NEGATIVE,True,1.0,2.0-phase6-persistence-context,Disponibilidad histórica y finalización del target no verificadas. Radio de Fase 6 congelado; cobertura de la emisión actual no evaluada. Contexto descriptivo no causal; catálogo de estaciones sin vigencia histórica verificada.
col_4b057d99c17f5783822af98b43744780,Santa Catarina,Coyoacan,12170.0,2026-08,3,2026-11,12170.0,0.0,0.0,NEUTRAL,PERSISTENCE,VALIDATED_WITH_CAUTION,VALIDATED_FORECAST,CURRENT_FORECAST,station_endpoints_per_calendar_month,2026-09-19T16:02:18.602535+00:00,10892.0,13448.0,2556.0,False,1278.0,2026-05,780,FROZEN_PHASE6_CALIBRATION,2026-09-01T00:00:00,PERSISTENCE,El forecast mantiene el nivel de actividad registrado en su origen: persistencia fue seleccionada por su desempeño retrospectivo. Las señales contextuales no modifican esta predicción.,growth_1,trend_3,neighbor_growth_lag1,crecimiento reciente: 0.81% (contexto no causal),0.008117958913187541,POSITIVE,tendencia trimestral: 1.00 endpoints/mes (contexto no causal),1.0,POSITIVE,crecimiento vecinal reciente: -1.67% (contexto no causal),-0.01672690896043399,NEGATIVE,True,1.0,2.0-phase6-persistence-context,Disponibilidad histórica y finalización del target no verificadas. Radio de Fase 6 congelado; cobertura de la emisión actual no evaluada. Contexto descriptivo no causal; catálogo de estaciones sin vigencia histórica verificada.
col_4b057d99c17f5783822af98b43744780,Santa Catarina,Coyoacan,12170.0,2026-08,6,2027-02,12170.0,0.0,0.0,NEUTRAL,PERSISTENCE,VALIDATED_WITH_CAUTION,VALIDATED_FORECAST,CURRENT_FORECAST,station_endpoints_per_calendar_month,2026-09-19T16:02:18.602535+00:00,10829.0,13511.0,2682.0,False,1341.0,2026-02,571,FROZEN_PHASE6_CALIBRATION,2026-09-01T00:00:00,PERSISTENCE,El forecast mantiene el nivel de actividad registrado en su origen: persistencia fue seleccionada por su desempeño retrospectivo. Las señales contextuales no modifican esta predicción.,growth_1,trend_3,neighbor_growth_lag1,crecimiento reciente: 0.81% (contexto no causal),0.008117958913187541,POSITIVE,tendencia trimestral: 1.00 endpoints/mes (contexto no causal),1.0,POSITIVE,crecimiento vecinal reciente: -1.67% (contexto no causal),-0.01672690896043399,NEGATIVE,True,1.0,2.0-phase6-persistence-context,Disponibilidad histórica y finalización del target no verificadas. Radio de Fase 6 congelado; cobertura de la emisión actual no evaluada. Contexto descriptivo no causal; catálogo de estaciones sin vigencia histórica verificada.
col_4b057d99c17f5783822af98b43744780,Santa Catarina,Coyoacan,12170.0,2026-08,12,2027-08,12170.0,0.0,0.0,NEUTRAL,PERSISTENCE,VALIDATED_WITH_CAUTION,VALIDATED_FORECAST,CURRENT_FORECAST,station_endpoints_per_calendar_month,2026-09-19T16:02:18.602535+00:00,9889.0,14451.0,4562.0,False,2281.0,2025-08,165,FROZEN_PHASE6_CALIBRATION,2026-09-01T00:00:00,PERSISTENCE,El forecast mantiene el nivel de actividad registrado en su origen: persistencia fue seleccionada por su desempeño retrospectivo. Las señales contextuales no modifican esta predicción.,growth_1,trend_3,neighbor_growth_lag1,crecimiento reciente: 0.81% (contexto no causal),0.008117958913187541,POSITIVE,tendencia trimestral: 1.00 endpoints/mes (contexto no causal),1.0,POSITIVE,crecimiento vecinal reciente: -1.67% (contexto no causal),-0.01672690896043399,NEGATIVE,True,1.0,2.0-phase6-persistence-context,Disponibilidad histórica y finalización del target no verificadas. Radio de Fase 6 congelado; cobertura de la emisión actual no evaluada. Contexto descriptivo no causal; catálogo de estaciones sin vigencia histórica verificada.
col_4d16bf4016d1531fac1806d04420e1fc,Acacias,Benito Juarez,9949.0,2026-08,1,2026-09,9949.0,0.0,0.0,NEUTRAL,PERSISTENCE,VALIDATED_SHORT_TERM,VALIDATED_FORECAST,CURRENT_FORECAST,station_endpoints_per_calendar_month,2026-09-19T16:02:18.602535+00:00,8904.0,10994.0,2090.0,False,1045.0,2026-07,911,FROZEN_PHASE6_CALIBRATION,2026-09-01T00:00:00,PERSISTENCE,El forecast mantiene el nivel de actividad registrado en su origen: persistencia fue seleccionada por su desempeño retrospectivo. Las señales contextuales no modifican esta predicción.,growth_1,trend_3,neighbor_growth_lag1,crecimiento reciente: -0.07% (contexto no causal),-0.0007030936118923262,NEGATIVE,tendencia trimestral: 270.50 endpoints/mes (contexto no causal),270.5,POSITIVE,crecimiento vecinal reciente: -1.39% (contexto no causal),-0.013853567527946083,NEGATIVE,True,1.0,2.0-phase6-persistence-context,Disponibilidad histórica y finalización del target no verificadas. Radio de Fase 6 congelado; cobertura de la emisión actual no evaluada. Contexto descriptivo no causal; catálogo de estaciones sin vigencia histórica verificada.
col_4d16bf4016d1531fac1806d04420e1fc,Acacias,Benito Juarez,9949.0,2026-08,3,2026-11,9949.0,0.0,0.0,NEUTRAL,PERSISTENCE,VALIDATED_WITH_CAUTION,VALIDATED_FORECAST,CURRENT_FORECAST,station_endpoints_per_calendar_month,2026-09-19T16:02:18.602535+00:00,8671.0,11227.0,2556.0,False,1278.0,2026-05,780,FROZEN_PHASE6_CALIBRATION,2026-09-01T00:00:00,PERSISTENCE,El forecast mantiene el nivel de actividad registrado en su origen: persistencia fue seleccionada por su desempeño retrospectivo. Las señales contextuales no modifican esta predicción.,growth_1,trend_3,neighbor_growth_lag1,crecimiento reciente: -0.07% (contexto no causal),-0.0007030936118923262,NEGATIVE,tendencia trimestral: 270.50 endpoints/mes (contexto no causal),270.5,POSITIVE,crecimiento vecinal reciente: -1.39% (contexto no causal),-0.013853567527946083,NEGATIVE,True,1.0,2.0-phase6-persistence-context,Disponibilidad histórica y finalización del target no verificadas. Radio de Fase 6 congelado; cobertura de la emisión actual no evaluada. Contexto descriptivo no causal; catálogo de estaciones sin vigencia histórica verificada.
col_4d16bf4016d1531fac1806d04420e1fc,Acacias,Benito Juarez,9949.0,2026-08,6,2027-02,9949.0,0.0,0.0,NEUTRAL,PERSISTENCE,VALIDATED_WITH_CAUTION,VALIDATED_FORECAST,CURRENT_FORECAST,station_endpoints_per_calendar_month,2026-09-19T16:02:18.602535+00:00,8608.0,11290.0,2682.0,False,1341.0,2026-02,571,FROZEN_PHASE6_CALIBRATION,2026-09-01T00:00:00,PERSISTENCE,El forecast mantiene el nivel de actividad registrado en su origen: persistencia fue seleccionada por su desempeño retrospectivo. Las señales contextuales no modifican esta predicción.,growth_1,trend_3,neighbor_growth_lag1,crecimiento reciente: -0.07% (contexto no causal),-0.0007030936118923262,NEGATIVE,tendencia trimestral: 270.50 endpoints/mes (contexto no causal),270.5,POSITIVE,crecimiento vecinal reciente: -1.39% (contexto no causal),-0.013853567527946083,NEGATIVE,True,1.0,2.0-phase6-persistence-context,Disponibilidad histórica y finalización del target no verificadas. Radio de Fase 6 congelado; cobertura de la emisión actual no evaluada. Contexto descriptivo no causal; catálogo de estaciones sin vigencia histórica verificada.
col_4d16bf4016d1531fac1806d04420e1fc,Acacias,Benito Juarez,9949.0,2026-08,12,2027-08,9949.0,0.0,0.0,NEUTRAL,PERSISTENCE,VALIDATED_WITH_CAUTION,VALIDATED_FORECAST,CURRENT_FORECAST,station_endpoints_per_calendar_month,2026-09-19T16:02:18.602535+00:00,7668.0,12230.0,4562.0,False,2281.0,2025-08,165,FROZEN_PHASE6_CALIBRATION,2026-09-01T00:00:00,PERSISTENCE,El forecast mantiene el nivel de actividad registrado en su origen: persistencia fue seleccionada por su desempeño retrospectivo. Las señales contextuales no modifican esta predicción.,growth_1,trend_3,neighbor_growth_lag1,crecimiento reciente: -0.07% (contexto no causal),-0.0007030936118923262,NEGATIVE,tendencia trimestral: 270.50 endpoints/mes (contexto no causal),270.5,POSITIVE,crecimiento vecinal reciente: -1.39% (contexto no causal),-0.013853567527946083,NEGATIVE,True,1.0,2.0-phase6-persistence-context,Disponibilidad histórica y finalización del target no verificadas. Radio de Fase 6 congelado; cobertura de la emisión actual no evaluada. Contexto descriptivo no causal; catálogo de estaciones sin vigencia histórica verificada.
col_506a1cf0beec53eb97a74f9abc9cfe66,San Jose Insurgentes,Benito Juarez,19406.0,2026-08,1,2026-09,19406.0,0.0,0.0,NEUTRAL,PERSISTENCE,VALIDATED_SHORT_TERM,VALIDATED_FORECAST,CURRENT_FORECAST,station_endpoints_per_calendar_month,2026-09-19T16:02:18.602535+00:00,18361.0,20451.0,2090.0,False,1045.0,2026-07,911,FROZEN_PHASE6_CALIBRATION,2026-09-01T00:00:00,PERSISTENCE,El forecast mantiene el nivel de actividad registrado en su origen: persistencia fue seleccionada por su desempeño retrospectivo. Las señales contextuales no modifican esta predicción.,growth_1,trend_3,neighbor_growth_lag1,crecimiento reciente: 0.98% (contexto no causal),0.00978249557706317,POSITIVE,tendencia trimestral: 1259.50 endpoints/mes (contexto no causal),1259.5,POSITIVE,crecimiento vecinal reciente: 0.70% (contexto no causal),0.0070454744995784215,POSITIVE,True,1.0,2.0-phase6-persistence-context,Disponibilidad histórica y finalización del target no verificadas. Radio de Fase 6 congelado; cobertura de la emisión actual no evaluada. Contexto descriptivo no causal; catálogo de estaciones sin vigencia histórica verificada.
col_506a1cf0beec53eb97a74f9abc9cfe66,San Jose Insurgentes,Benito Juarez,19406.0,2026-08,3,2026-11,19406.0,0.0,0.0,NEUTRAL,PERSISTENCE,VALIDATED_WITH_CAUTION,VALIDATED_FORECAST,CURRENT_FORECAST,station_endpoints_per_calendar_month,2026-09-19T16:02:18.602535+00:00,18128.0,20684.0,2556.0,False,1278.0,2026-05,780,FROZEN_PHASE6_CALIBRATION,2026-09-01T00:00:00,PERSISTENCE,El forecast mantiene el nivel de actividad registrado en su origen: persistencia fue seleccionada por su desempeño retrospectivo. Las señales contextuales no modifican esta predicción.,growth_1,trend_3,neighbor_growth_lag1,crecimiento reciente: 0.98% (contexto no causal),0.00978249557706317,POSITIVE,tendencia trimestral: 1259.50 endpoints/mes (contexto no causal),1259.5,POSITIVE,crecimiento vecinal reciente: 0.70% (contexto no causal),0.0070454744995784215,POSITIVE,True,1.0,2.0-phase6-persistence-context,Disponibilidad histórica y finalización del target no verificadas. Radio de Fase 6 congelado; cobertura de la emisión actual no evaluada. Contexto descriptivo no causal; catálogo de estaciones sin vigencia histórica verificada.
col_506a1cf0beec53eb97a74f9abc9cfe66,San Jose Insurgentes,Benito Juarez,19406.0,2026-08,6,2027-02,19406.0,0.0,0.0,NEUTRAL,PERSISTENCE,VALIDATED_WITH_CAUTION,VALIDATED_FORECAST,CURRENT_FORECAST,station_endpoints_per_calendar_month,2026-09-19T16:02:18.602535+00:00,18065.0,20747.0,2682.0,False,1341.0,2026-02,571,FROZEN_PHASE6_CALIBRATION,2026-09-01T00:00:00,PERSISTENCE,El forecast mantiene el nivel de actividad registrado en su origen: persistencia fue seleccionada por su desempeño retrospectivo. Las señales contextuales no modifican esta predicción.,growth_1,trend_3,neighbor_growth_lag1,crecimiento reciente: 0.98% (contexto no causal),0.00978249557706317,POSITIVE,tendencia trimestral: 1259.50 endpoints/mes (contexto no causal),1259.5,POSITIVE,crecimiento vecinal reciente: 0.70% (contexto no causal),0.0070454744995784215,POSITIVE,True,1.0,2.0-phase6-persistence-context,Disponibilidad histórica y finalización del target no verificadas. Radio de Fase 6 congelado; cobertura de la emisión actual no evaluada. Contexto descriptivo no causal; catálogo de estaciones sin vigencia histórica verificada.
col_506a1cf0beec53eb97a74f9abc9cfe66,San Jose Insurgentes,Benito Juarez,19406.0,2026-08,12,2027-08,19406.0,0.0,0.0,NEUTRAL,PERSISTENCE,VALIDATED_WITH_CAUTION,VALIDATED_FORECAST,CURRENT_FORECAST,station_endpoints_per_calendar_month,2026-09-19T16:02:18.602535+00:00,17125.0,21687.0,4562.0,False,2281.0,2025-08,165,FROZEN_PHASE6_CALIBRATION,2026-09-01T00:00:00,PERSISTENCE,El forecast mantiene el nivel de actividad registrado en su origen: persistencia fue seleccionada por su desempeño retrospectivo. Las señales contextuales no modifican esta predicción.,growth_1,trend_3,neighbor_growth_lag1,crecimiento reciente: 0.98% (contexto no causal),0.00978249557706317,POSITIVE,tendencia trimestral: 1259.50 endpoints/mes (contexto no causal),1259.5,POSITIVE,crecimiento vecinal reciente: 0.70% (contexto no causal),0.0070454744995784215,POSITIVE,True,1.0,2.0-phase6-persistence-context,Disponibilidad histórica y finalización del target no verificadas. Radio de Fase 6 congelado; cobertura de la emisión actual no evaluada. Contexto descriptivo no causal; catálogo de estaciones sin vigencia histórica verificada.
col_5176ae04e5c95d57b5192bbca17b2436,Condesa,Cuauhtemoc,74775.0,2026-08,1,2026-09,74775.0,0.0,0.0,NEUTRAL,PERSISTENCE,VALIDATED_SHORT_TERM,VALIDATED_FORECAST,CURRENT_FORECAST,station_endpoints_per_calendar_month,2026-09-19T16:02:18.602535+00:00,73730.0,75820.0,2090.0,False,1045.0,2026-07,911,FROZEN_PHASE6_CALIBRATION,2026-09-01T00:00:00,PERSISTENCE,El forecast mantiene el nivel de actividad registrado en su origen: persistencia fue seleccionada por su desempeño retrospectivo. Las señales contextuales no modifican esta predicción.,growth_1,trend_3,neighbor_growth_lag1,crecimiento reciente: -1.85% (contexto no causal),-0.01845604547065541,NEGATIVE,tendencia trimestral: -498.50 endpoints/mes (contexto no causal),-498.5,NEGATIVE,crecimiento vecinal reciente: 0.04% (contexto no causal),0.0003999445769319928,POSITIVE,True,1.0,2.0-phase6-persistence-context,Disponibilidad histórica y finalización del target no verificadas. Radio de Fase 6 congelado; cobertura de la emisión actual no evaluada. Contexto descriptivo no causal; catálogo de estaciones sin vigencia histórica verificada.
col_5176ae04e5c95d57b5192bbca17b2436,Condesa,Cuauhtemoc,74775.0,2026-08,3,2026-11,74775.0,0.0,0.0,NEUTRAL,PERSISTENCE,VALIDATED_WITH_CAUTION,VALIDATED_FORECAST,CURRENT_FORECAST,station_endpoints_per_calendar_month,2026-09-19T16:02:18.602535+00:00,73497.0,76053.0,2556.0,False,1278.0,2026-05,780,FROZEN_PHASE6_CALIBRATION,2026-09-01T00:00:00,PERSISTENCE,El forecast mantiene el nivel de actividad registrado en su origen: persistencia fue seleccionada por su desempeño retrospectivo. Las señales contextuales no modifican esta predicción.,growth_1,trend_3,neighbor_growth_lag1,crecimiento reciente: -1.85% (contexto no causal),-0.01845604547065541,NEGATIVE,tendencia trimestral: -498.50 endpoints/mes (contexto no causal),-498.5,NEGATIVE,crecimiento vecinal reciente: 0.04% (contexto no causal),0.0003999445769319928,POSITIVE,True,1.0,2.0-phase6-persistence-context,Disponibilidad histórica y finalización del target no verificadas. Radio de Fase 6 congelado; cobertura de la emisión actual no evaluada. Contexto descriptivo no causal; catálogo de estaciones sin vigencia histórica verificada.
col_5176ae04e5c95d57b5192bbca17b2436,Condesa,Cuauhtemoc,74775.0,2026-08,6,2027-02,74775.0,0.0,0.0,NEUTRAL,PERSISTENCE,VALIDATED_WITH_CAUTION,VALIDATED_FORECAST,CURRENT_FORECAST,station_endpoints_per_calendar_month,2026-09-19T16:02:18.602535+00:00,73434.0,76116.0,2682.0,False,1341.0,2026-02,571,FROZEN_PHASE6_CALIBRATION,2026-09-01T00:00:00,PERSISTENCE,El forecast mantiene el nivel de actividad registrado en su origen: persistencia fue seleccionada por su desempeño retrospectivo. Las señales contextuales no modifican esta predicción.,growth_1,trend_3,neighbor_growth_lag1,crecimiento reciente: -1.85% (contexto no causal),-0.01845604547065541,NEGATIVE,tendencia trimestral: -498.50 endpoints/mes (contexto no causal),-498.5,NEGATIVE,crecimiento vecinal reciente: 0.04% (contexto no causal),0.0003999445769319928,POSITIVE,True,1.0,2.0-phase6-persistence-context,Disponibilidad histórica y finalización del target no verificadas. Radio de Fase 6 congelado; cobertura de la emisión actual no evaluada. Contexto descriptivo no causal; catálogo de estaciones sin vigencia histórica verificada.
col_5176ae04e5c95d57b5192bbca17b2436,Condesa,Cuauhtemoc,74775.0,2026-08,12,2027-08,74775.0,0.0,0.0,NEUTRAL,PERSISTENCE,VALIDATED_WITH_CAUTION,VALIDATED_FORECAST,CURRENT_FORECAST,station_endpoints_per_calendar_month,2026-09-19T16:02:18.602535+00:00,72494.0,77056.0,4562.0,False,2281.0,2025-08,165,FROZEN_PHASE6_CALIBRATION,2026-09-01T00:00:00,PERSISTENCE,El forecast mantiene el nivel de actividad registrado en su origen: persistencia fue seleccionada por su desempeño retrospectivo. Las señales contextuales no modifican esta predicción.,growth_1,trend_3,neighbor_growth_lag1,crecimiento reciente: -1.85% (contexto no causal),-0.01845604547065541,NEGATIVE,tendencia trimestral: -498.50 endpoints/mes (contexto no causal),-498.5,NEGATIVE,crecimiento vecinal reciente: 0.04% (contexto no causal),0.0003999445769319928,POSITIVE,True,1.0,2.0-phase6-persistence-context,Disponibilidad histórica y finalización del target no verificadas. Radio de Fase 6 congelado; cobertura de la emisión actual no evaluada. Contexto descriptivo no causal; catálogo de estaciones sin vigencia histórica verificada.
col_5322fef4c1c650588d41946f956ec97e,Hipodromo,Cuauhtemoc,117310.0,2026-08,1,2026-09,117310.0,0.0,0.0,NEUTRAL,PERSISTENCE,VALIDATED_SHORT_TERM,VALIDATED_FORECAST,CURRENT_FORECAST,station_endpoints_per_calendar_month,2026-09-19T16:02:18.602535+00:00,116265.0,118355.0,2090.0,False,1045.0,2026-07,911,FROZEN_PHASE6_CALIBRATION,2026-09-01T00:00:00,PERSISTENCE,El forecast mantiene el nivel de actividad registrado en su origen: persistencia fue seleccionada por su desempeño retrospectivo. Las señales contextuales no modifican esta predicción.,growth_1,trend_3,neighbor_growth_lag1,crecimiento reciente: -1.63% (contexto no causal),-0.01630133999698123,NEGATIVE,tendencia trimestral: -2320.50 endpoints/mes (contexto no causal),-2320.5,NEGATIVE,crecimiento vecinal reciente: 0.12% (contexto no causal),0.0012331936459674814,POSITIVE,True,1.0,2.0-phase6-persistence-context,Disponibilidad histórica y finalización del target no verificadas. Radio de Fase 6 congelado; cobertura de la emisión actual no evaluada. Contexto descriptivo no causal; catálogo de estaciones sin vigencia histórica verificada.
col_5322fef4c1c650588d41946f956ec97e,Hipodromo,Cuauhtemoc,117310.0,2026-08,3,2026-11,117310.0,0.0,0.0,NEUTRAL,PERSISTENCE,VALIDATED_WITH_CAUTION,VALIDATED_FORECAST,CURRENT_FORECAST,station_endpoints_per_calendar_month,2026-09-19T16:02:18.602535+00:00,116032.0,118588.0,2556.0,False,1278.0,2026-05,780,FROZEN_PHASE6_CALIBRATION,2026-09-01T00:00:00,PERSISTENCE,El forecast mantiene el nivel de actividad registrado en su origen: persistencia fue seleccionada por su desempeño retrospectivo. Las señales contextuales no modifican esta predicción.,growth_1,trend_3,neighbor_growth_lag1,crecimiento reciente: -1.63% (contexto no causal),-0.01630133999698123,NEGATIVE,tendencia trimestral: -2320.50 endpoints/mes (contexto no causal),-2320.5,NEGATIVE,crecimiento vecinal reciente: 0.12% (contexto no causal),0.0012331936459674814,POSITIVE,True,1.0,2.0-phase6-persistence-context,Disponibilidad histórica y finalización del target no verificadas. Radio de Fase 6 congelado; cobertura de la emisión actual no evaluada. Contexto descriptivo no causal; catálogo de estaciones sin vigencia histórica verificada.
col_5322fef4c1c650588d41946f956ec97e,Hipodromo,Cuauhtemoc,117310.0,2026-08,6,2027-02,117310.0,0.0,0.0,NEUTRAL,PERSISTENCE,VALIDATED_WITH_CAUTION,VALIDATED_FORECAST,CURRENT_FORECAST,station_endpoints_per_calendar_month,2026-09-19T16:02:18.602535+00:00,115969.0,118651.0,2682.0,False,1341.0,2026-02,571,FROZEN_PHASE6_CALIBRATION,2026-09-01T00:00:00,PERSISTENCE,El forecast mantiene el nivel de actividad registrado en su origen: persistencia fue seleccionada por su desempeño retrospectivo. Las señales contextuales no modifican esta predicción.,growth_1,trend_3,neighbor_growth_lag1,crecimiento reciente: -1.63% (contexto no causal),-0.01630133999698123,NEGATIVE,tendencia trimestral: -2320.50 endpoints/mes (contexto no causal),-2320.5,NEGATIVE,crecimiento vecinal reciente: 0.12% (contexto no causal),0.0012331936459674814,POSITIVE,True,1.0,2.0-phase6-persistence-context,Disponibilidad histórica y finalización del target no verificadas. Radio de Fase 6 congelado; cobertura de la emisión actual no evaluada. Contexto descriptivo no causal; catálogo de estaciones sin vigencia histórica verificada.
col_5322fef4c1c650588d41946f956ec97e,Hipodromo,Cuauhtemoc,117310.0,2026-08,12,2027-08,117310.0,0.0,0.0,NEUTRAL,PERSISTENCE,VALIDATED_WITH_CAUTION,VALIDATED_FORECAST,CURRENT_FORECAST,station_endpoints_per_calendar_month,2026-09-19T16:02:18.602535+00:00,115029.0,119591.0,4562.0,False,2281.0,2025-08,165,FROZEN_PHASE6_CALIBRATION,2026-09-01T00:00:00,PERSISTENCE,El forecast mantiene el nivel de actividad registrado en su origen: persistencia fue seleccionada por su desempeño retrospectivo. Las señales contextuales no modifican esta predicción.,growth_1,trend_3,neighbor_growth_lag1,crecimiento reciente: -1.63% (contexto no causal),-0.01630133999698123,NEGATIVE,tendencia trimestral: -2320.50 endpoints/mes (contexto no causal),-2320.5,NEGATIVE,crecimiento vecinal reciente: 0.12% (contexto no causal),0.0012331936459674814,POSITIVE,True,1.0,2.0-phase6-persistence-context,Disponibilidad histórica y finalización del target no verificadas. Radio de Fase 6 congelado; cobertura de la emisión actual no evaluada. Contexto descriptivo no causal; catálogo de estaciones sin vigencia histórica verificada.
col_543d04998daf5e4ab3306049617a67b4,Florida,Alvaro Obregon,5894.0,2026-08,1,2026-09,5894.0,0.0,0.0,NEUTRAL,PERSISTENCE,VALIDATED_SHORT_TERM,VALIDATED_FORECAST,CURRENT_FORECAST,station_endpoints_per_calendar_month,2026-09-19T16:02:18.602535+00:00,4849.0,6939.0,2090.0,False,1045.0,2026-07,911,FROZEN_PHASE6_CALIBRATION,2026-09-01T00:00:00,PERSISTENCE,El forecast mantiene el nivel de actividad registrado en su origen: persistencia fue seleccionada por su desempeño retrospectivo. Las señales contextuales no modifican esta predicción.,growth_1,trend_3,neighbor_growth_lag1,crecimiento reciente: -3.58% (contexto no causal),-0.035825290364796335,NEGATIVE,tendencia trimestral: 209.50 endpoints/mes (contexto no causal),209.5,POSITIVE,crecimiento vecinal reciente: -0.99% (contexto no causal),-0.009853603603603604,NEGATIVE,True,1.0,2.0-phase6-persistence-context,Disponibilidad histórica y finalización del target no verificadas. Radio de Fase 6 congelado; cobertura de la emisión actual no evaluada. Contexto descriptivo no causal; catálogo de estaciones sin vigencia histórica verificada.
col_543d04998daf5e4ab3306049617a67b4,Florida,Alvaro Obregon,5894.0,2026-08,3,2026-11,5894.0,0.0,0.0,NEUTRAL,PERSISTENCE,VALIDATED_WITH_CAUTION,VALIDATED_FORECAST,CURRENT_FORECAST,station_endpoints_per_calendar_month,2026-09-19T16:02:18.602535+00:00,4616.0,7172.0,2556.0,False,1278.0,2026-05,780,FROZEN_PHASE6_CALIBRATION,2026-09-01T00:00:00,PERSISTENCE,El forecast mantiene el nivel de actividad registrado en su origen: persistencia fue seleccionada por su desempeño retrospectivo. Las señales contextuales no modifican esta predicción.,growth_1,trend_3,neighbor_growth_lag1,crecimiento reciente: -3.58% (contexto no causal),-0.035825290364796335,NEGATIVE,tendencia trimestral: 209.50 endpoints/mes (contexto no causal),209.5,POSITIVE,crecimiento vecinal reciente: -0.99% (contexto no causal),-0.009853603603603604,NEGATIVE,True,1.0,2.0-phase6-persistence-context,Disponibilidad histórica y finalización del target no verificadas. Radio de Fase 6 congelado; cobertura de la emisión actual no evaluada. Contexto descriptivo no causal; catálogo de estaciones sin vigencia histórica verificada.
col_543d04998daf5e4ab3306049617a67b4,Florida,Alvaro Obregon,5894.0,2026-08,6,2027-02,5894.0,0.0,0.0,NEUTRAL,PERSISTENCE,VALIDATED_WITH_CAUTION,VALIDATED_FORECAST,CURRENT_FORECAST,station_endpoints_per_calendar_month,2026-09-19T16:02:18.602535+00:00,4553.0,7235.0,2682.0,False,1341.0,2026-02,571,FROZEN_PHASE6_CALIBRATION,2026-09-01T00:00:00,PERSISTENCE,El forecast mantiene el nivel de actividad registrado en su origen: persistencia fue seleccionada por su desempeño retrospectivo. Las señales contextuales no modifican esta predicción.,growth_1,trend_3,neighbor_growth_lag1,crecimiento reciente: -3.58% (contexto no causal),-0.035825290364796335,NEGATIVE,tendencia trimestral: 209.50 endpoints/mes (contexto no causal),209.5,POSITIVE,crecimiento vecinal reciente: -0.99% (contexto no causal),-0.009853603603603604,NEGATIVE,True,1.0,2.0-phase6-persistence-context,Disponibilidad histórica y finalización del target no verificadas. Radio de Fase 6 congelado; cobertura de la emisión actual no evaluada. Contexto descriptivo no causal; catálogo de estaciones sin vigencia histórica verificada.
col_543d04998daf5e4ab3306049617a67b4,Florida,Alvaro Obregon,5894.0,2026-08,12,2027-08,5894.0,0.0,0.0,NEUTRAL,PERSISTENCE,VALIDATED_WITH_CAUTION,VALIDATED_FORECAST,CURRENT_FORECAST,station_endpoints_per_calendar_month,2026-09-19T16:02:18.602535+00:00,3613.0,8175.0,4562.0,False,2281.0,2025-08,165,FROZEN_PHASE6_CALIBRATION,2026-09-01T00:00:00,PERSISTENCE,El forecast mantiene el nivel de actividad registrado en su origen: persistencia fue seleccionada por su desempeño retrospectivo. Las señales contextuales no modifican esta predicción.,growth_1,trend_3,neighbor_growth_lag1,crecimiento reciente: -3.58% (contexto no causal),-0.035825290364796335,NEGATIVE,tendencia trimestral: 209.50 endpoints/mes (contexto no causal),209.5,POSITIVE,crecimiento vecinal reciente: -0.99% (contexto no causal),-0.009853603603603604,NEGATIVE,True,1.0,2.0-phase6-persistence-context,Disponibilidad histórica y finalización del target no verificadas. Radio de Fase 6 congelado; cobertura de la emisión actual no evaluada. Contexto descriptivo no causal; catálogo de estaciones sin vigencia histórica verificada.
col_5481a24d7414578eb3d8dcf5c715fb23,Niños Heroes de Chapultepec,Benito Juarez,6310.0,2026-08,1,2026-09,6310.0,0.0,0.0,NEUTRAL,PERSISTENCE,VALIDATED_SHORT_TERM,VALIDATED_FORECAST,CURRENT_FORECAST,station_endpoints_per_calendar_month,2026-09-19T16:02:18.602535+00:00,5265.0,7355.0,2090.0,False,1045.0,2026-07,911,FROZEN_PHASE6_CALIBRATION,2026-09-01T00:00:00,PERSISTENCE,El forecast mantiene el nivel de actividad registrado en su origen: persistencia fue seleccionada por su desempeño retrospectivo. Las señales contextuales no modifican esta predicción.,growth_1,trend_3,neighbor_growth_lag1,crecimiento reciente: 4.02% (contexto no causal),0.040224200461589185,POSITIVE,tendencia trimestral: 178.50 endpoints/mes (contexto no causal),178.5,POSITIVE,crecimiento vecinal reciente: -2.73% (contexto no causal),-0.027283012070871526,NEGATIVE,True,1.0,2.0-phase6-persistence-context,Disponibilidad histórica y finalización del target no verificadas. Radio de Fase 6 congelado; cobertura de la emisión actual no evaluada. Contexto descriptivo no causal; catálogo de estaciones sin vigencia histórica verificada.
col_5481a24d7414578eb3d8dcf5c715fb23,Niños Heroes de Chapultepec,Benito Juarez,6310.0,2026-08,3,2026-11,6310.0,0.0,0.0,NEUTRAL,PERSISTENCE,VALIDATED_WITH_CAUTION,VALIDATED_FORECAST,CURRENT_FORECAST,station_endpoints_per_calendar_month,2026-09-19T16:02:18.602535+00:00,5032.0,7588.0,2556.0,False,1278.0,2026-05,780,FROZEN_PHASE6_CALIBRATION,2026-09-01T00:00:00,PERSISTENCE,El forecast mantiene el nivel de actividad registrado en su origen: persistencia fue seleccionada por su desempeño retrospectivo. Las señales contextuales no modifican esta predicción.,growth_1,trend_3,neighbor_growth_lag1,crecimiento reciente: 4.02% (contexto no causal),0.040224200461589185,POSITIVE,tendencia trimestral: 178.50 endpoints/mes (contexto no causal),178.5,POSITIVE,crecimiento vecinal reciente: -2.73% (contexto no causal),-0.027283012070871526,NEGATIVE,True,1.0,2.0-phase6-persistence-context,Disponibilidad histórica y finalización del target no verificadas. Radio de Fase 6 congelado; cobertura de la emisión actual no evaluada. Contexto descriptivo no causal; catálogo de estaciones sin vigencia histórica verificada.
col_5481a24d7414578eb3d8dcf5c715fb23,Niños Heroes de Chapultepec,Benito Juarez,6310.0,2026-08,6,2027-02,6310.0,0.0,0.0,NEUTRAL,PERSISTENCE,VALIDATED_WITH_CAUTION,VALIDATED_FORECAST,CURRENT_FORECAST,station_endpoints_per_calendar_month,2026-09-19T16:02:18.602535+00:00,4969.0,7651.0,2682.0,False,1341.0,2026-02,571,FROZEN_PHASE6_CALIBRATION,2026-09-01T00:00:00,PERSISTENCE,El forecast mantiene el nivel de actividad registrado en su origen: persistencia fue seleccionada por su desempeño retrospectivo. Las señales contextuales no modifican esta predicción.,growth_1,trend_3,neighbor_growth_lag1,crecimiento reciente: 4.02% (contexto no causal),0.040224200461589185,POSITIVE,tendencia trimestral: 178.50 endpoints/mes (contexto no causal),178.5,POSITIVE,crecimiento vecinal reciente: -2.73% (contexto no causal),-0.027283012070871526,NEGATIVE,True,1.0,2.0-phase6-persistence-context,Disponibilidad histórica y finalización del target no verificadas. Radio de Fase 6 congelado; cobertura de la emisión actual no evaluada. Contexto descriptivo no causal; catálogo de estaciones sin vigencia histórica verificada.
col_5481a24d7414578eb3d8dcf5c715fb23,Niños Heroes de Chapultepec,Benito Juarez,6310.0,2026-08,12,2027-08,6310.0,0.0,0.0,NEUTRAL,PERSISTENCE,VALIDATED_WITH_CAUTION,VALIDATED_FORECAST,CURRENT_FORECAST,station_endpoints_per_calendar_month,2026-09-19T16:02:18.602535+00:00,4029.0,8591.0,4562.0,False,2281.0,2025-08,165,FROZEN_PHASE6_CALIBRATION,2026-09-01T00:00:00,PERSISTENCE,El forecast mantiene el nivel de actividad registrado en su origen: persistencia fue seleccionada por su desempeño retrospectivo. Las señales contextuales no modifican esta predicción.,growth_1,trend_3,neighbor_growth_lag1,crecimiento reciente: 4.02% (contexto no causal),0.040224200461589185,POSITIVE,tendencia trimestral: 178.50 endpoints/mes (contexto no causal),178.5,POSITIVE,crecimiento vecinal reciente: -2.73% (contexto no causal),-0.027283012070871526,NEGATIVE,True,1.0,2.0-phase6-persistence-context,Disponibilidad histórica y finalización del target no verificadas. Radio de Fase 6 congelado; cobertura de la emisión actual no evaluada. Contexto descriptivo no causal; catálogo de estaciones sin vigencia histórica verificada.
col_588e4e85b75a566e85b1e464fdd27b30,Portales Norte,Benito Juarez,8389.0,2026-08,1,2026-09,8389.0,0.0,0.0,NEUTRAL,PERSISTENCE,VALIDATED_SHORT_TERM,VALIDATED_FORECAST,CURRENT_FORECAST,station_endpoints_per_calendar_month,2026-09-19T16:02:18.602535+00:00,7344.0,9434.0,2090.0,False,1045.0,2026-07,911,FROZEN_PHASE6_CALIBRATION,2026-09-01T00:00:00,PERSISTENCE,El forecast mantiene el nivel de actividad registrado en su origen: persistencia fue seleccionada por su desempeño retrospectivo. Las señales contextuales no modifican esta predicción.,growth_1,trend_3,NONE,crecimiento reciente: -7.85% (contexto no causal),-0.07853690685413005,NEGATIVE,tendencia trimestral: -101.50 endpoints/mes (contexto no causal),-101.5,NEGATIVE,SIN_DATO,,UNAVAILABLE,False,,2.0-phase6-persistence-context,Disponibilidad histórica y finalización del target no verificadas. Radio de Fase 6 congelado; cobertura de la emisión actual no evaluada. Contexto descriptivo no causal; catálogo de estaciones sin vigencia histórica verificada.
col_588e4e85b75a566e85b1e464fdd27b30,Portales Norte,Benito Juarez,8389.0,2026-08,3,2026-11,8389.0,0.0,0.0,NEUTRAL,PERSISTENCE,VALIDATED_WITH_CAUTION,VALIDATED_FORECAST,CURRENT_FORECAST,station_endpoints_per_calendar_month,2026-09-19T16:02:18.602535+00:00,7111.0,9667.0,2556.0,False,1278.0,2026-05,780,FROZEN_PHASE6_CALIBRATION,2026-09-01T00:00:00,PERSISTENCE,El forecast mantiene el nivel de actividad registrado en su origen: persistencia fue seleccionada por su desempeño retrospectivo. Las señales contextuales no modifican esta predicción.,growth_1,trend_3,NONE,crecimiento reciente: -7.85% (contexto no causal),-0.07853690685413005,NEGATIVE,tendencia trimestral: -101.50 endpoints/mes (contexto no causal),-101.5,NEGATIVE,SIN_DATO,,UNAVAILABLE,False,,2.0-phase6-persistence-context,Disponibilidad histórica y finalización del target no verificadas. Radio de Fase 6 congelado; cobertura de la emisión actual no evaluada. Contexto descriptivo no causal; catálogo de estaciones sin vigencia histórica verificada.
col_588e4e85b75a566e85b1e464fdd27b30,Portales Norte,Benito Juarez,8389.0,2026-08,6,2027-02,8389.0,0.0,0.0,NEUTRAL,PERSISTENCE,VALIDATED_WITH_CAUTION,VALIDATED_FORECAST,CURRENT_FORECAST,station_endpoints_per_calendar_month,2026-09-19T16:02:18.602535+00:00,7048.0,9730.0,2682.0,False,1341.0,2026-02,571,FROZEN_PHASE6_CALIBRATION,2026-09-01T00:00:00,PERSISTENCE,El forecast mantiene el nivel de actividad registrado en su origen: persistencia fue seleccionada por su desempeño retrospectivo. Las señales contextuales no modifican esta predicción.,growth_1,trend_3,NONE,crecimiento reciente: -7.85% (contexto no causal),-0.07853690685413005,NEGATIVE,tendencia trimestral: -101.50 endpoints/mes (contexto no causal),-101.5,NEGATIVE,SIN_DATO,,UNAVAILABLE,False,,2.0-phase6-persistence-context,Disponibilidad histórica y finalización del target no verificadas. Radio de Fase 6 congelado; cobertura de la emisión actual no evaluada. Contexto descriptivo no causal; catálogo de estaciones sin vigencia histórica verificada.
col_588e4e85b75a566e85b1e464fdd27b30,Portales Norte,Benito Juarez,8389.0,2026-08,12,2027-08,8389.0,0.0,0.0,NEUTRAL,PERSISTENCE,VALIDATED_WITH_CAUTION,VALIDATED_FORECAST,CURRENT_FORECAST,station_endpoints_per_calendar_month,2026-09-19T16:02:18.602535+00:00,6108.0,10670.0,4562.0,False,2281.0,2025-08,165,FROZEN_PHASE6_CALIBRATION,2026-09-01T00:00:00,PERSISTENCE,El forecast mantiene el nivel de actividad registrado en su origen: persistencia fue seleccionada por su desempeño retrospectivo. Las señales contextuales no modifican esta predicción.,growth_1,trend_3,NONE,crecimiento reciente: -7.85% (contexto no causal),-0.07853690685413005,NEGATIVE,tendencia trimestral: -101.50 endpoints/mes (contexto no causal),-101.5,NEGATIVE,SIN_DATO,,UNAVAILABLE,False,,2.0-phase6-persistence-context,Disponibilidad histórica y finalización del target no verificadas. Radio de Fase 6 congelado; cobertura de la emisión actual no evaluada. Contexto descriptivo no causal; catálogo de estaciones sin vigencia histórica verificada.
col_62bb8f5cf8d25a898a34208ad6dee465,San Miguel Chapultepec,Miguel Hidalgo,46224.0,2026-08,1,2026-09,46224.0,0.0,0.0,NEUTRAL,PERSISTENCE,VALIDATED_SHORT_TERM,VALIDATED_FORECAST,CURRENT_FORECAST,station_endpoints_per_calendar_month,2026-09-19T16:02:18.602535+00:00,45179.0,47269.0,2090.0,False,1045.0,2026-07,911,FROZEN_PHASE6_CALIBRATION,2026-09-01T00:00:00,PERSISTENCE,El forecast mantiene el nivel de actividad registrado en su origen: persistencia fue seleccionada por su desempeño retrospectivo. Las señales contextuales no modifican esta predicción.,growth_1,trend_3,neighbor_growth_lag1,crecimiento reciente: 2.05% (contexto no causal),0.020532520863690555,POSITIVE,tendencia trimestral: 1853.00 endpoints/mes (contexto no causal),1853.0,POSITIVE,crecimiento vecinal reciente: -3.08% (contexto no causal),-0.03078195103000579,NEGATIVE,True,1.0,2.0-phase6-persistence-context,Disponibilidad histórica y finalización del target no verificadas. Radio de Fase 6 congelado; cobertura de la emisión actual no evaluada. Contexto descriptivo no causal; catálogo de estaciones sin vigencia histórica verificada.
col_62bb8f5cf8d25a898a34208ad6dee465,San Miguel Chapultepec,Miguel Hidalgo,46224.0,2026-08,3,2026-11,46224.0,0.0,0.0,NEUTRAL,PERSISTENCE,VALIDATED_WITH_CAUTION,VALIDATED_FORECAST,CURRENT_FORECAST,station_endpoints_per_calendar_month,2026-09-19T16:02:18.602535+00:00,44946.0,47502.0,2556.0,False,1278.0,2026-05,780,FROZEN_PHASE6_CALIBRATION,2026-09-01T00:00:00,PERSISTENCE,El forecast mantiene el nivel de actividad registrado en su origen: persistencia fue seleccionada por su desempeño retrospectivo. Las señales contextuales no modifican esta predicción.,growth_1,trend_3,neighbor_growth_lag1,crecimiento reciente: 2.05% (contexto no causal),0.020532520863690555,POSITIVE,tendencia trimestral: 1853.00 endpoints/mes (contexto no causal),1853.0,POSITIVE,crecimiento vecinal reciente: -3.08% (contexto no causal),-0.03078195103000579,NEGATIVE,True,1.0,2.0-phase6-persistence-context,Disponibilidad histórica y finalización del target no verificadas. Radio de Fase 6 congelado; cobertura de la emisión actual no evaluada. Contexto descriptivo no causal; catálogo de estaciones sin vigencia histórica verificada.
col_62bb8f5cf8d25a898a34208ad6dee465,San Miguel Chapultepec,Miguel Hidalgo,46224.0,2026-08,6,2027-02,46224.0,0.0,0.0,NEUTRAL,PERSISTENCE,VALIDATED_WITH_CAUTION,VALIDATED_FORECAST,CURRENT_FORECAST,station_endpoints_per_calendar_month,2026-09-19T16:02:18.602535+00:00,44883.0,47565.0,2682.0,False,1341.0,2026-02,571,FROZEN_PHASE6_CALIBRATION,2026-09-01T00:00:00,PERSISTENCE,El forecast mantiene el nivel de actividad registrado en su origen: persistencia fue seleccionada por su desempeño retrospectivo. Las señales contextuales no modifican esta predicción.,growth_1,trend_3,neighbor_growth_lag1,crecimiento reciente: 2.05% (contexto no causal),0.020532520863690555,POSITIVE,tendencia trimestral: 1853.00 endpoints/mes (contexto no causal),1853.0,POSITIVE,crecimiento vecinal reciente: -3.08% (contexto no causal),-0.03078195103000579,NEGATIVE,True,1.0,2.0-phase6-persistence-context,Disponibilidad histórica y finalización del target no verificadas. Radio de Fase 6 congelado; cobertura de la emisión actual no evaluada. Contexto descriptivo no causal; catálogo de estaciones sin vigencia histórica verificada.
col_62bb8f5cf8d25a898a34208ad6dee465,San Miguel Chapultepec,Miguel Hidalgo,46224.0,2026-08,12,2027-08,46224.0,0.0,0.0,NEUTRAL,PERSISTENCE,VALIDATED_WITH_CAUTION,VALIDATED_FORECAST,CURRENT_FORECAST,station_endpoints_per_calendar_month,2026-09-19T16:02:18.602535+00:00,43943.0,48505.0,4562.0,False,2281.0,2025-08,165,FROZEN_PHASE6_CALIBRATION,2026-09-01T00:00:00,PERSISTENCE,El forecast mantiene el nivel de actividad registrado en su origen: persistencia fue seleccionada por su desempeño retrospectivo. Las señales contextuales no modifican esta predicción.,growth_1,trend_3,neighbor_growth_lag1,crecimiento reciente: 2.05% (contexto no causal),0.020532520863690555,POSITIVE,tendencia trimestral: 1853.00 endpoints/mes (contexto no causal),1853.0,POSITIVE,crecimiento vecinal reciente: -3.08% (contexto no causal),-0.03078195103000579,NEGATIVE,True,1.0,2.0-phase6-persistence-context,Disponibilidad histórica y finalización del target no verificadas. Radio de Fase 6 congelado; cobertura de la emisión actual no evaluada. Contexto descriptivo no causal; catálogo de estaciones sin vigencia histórica verificada.
col_64a29c6aaaf85a42bb0e87a40667ac42,Insurgentes San Borja,Benito Juarez,4938.0,2026-08,1,2026-09,4938.0,0.0,0.0,NEUTRAL,PERSISTENCE,VALIDATED_SHORT_TERM,VALIDATED_FORECAST,CURRENT_FORECAST,station_endpoints_per_calendar_month,2026-09-19T16:02:18.602535+00:00,3893.0,5983.0,2090.0,False,1045.0,2026-07,911,FROZEN_PHASE6_CALIBRATION,2026-09-01T00:00:00,PERSISTENCE,El forecast mantiene el nivel de actividad registrado en su origen: persistencia fue seleccionada por su desempeño retrospectivo. Las señales contextuales no modifican esta predicción.,growth_1,trend_3,neighbor_growth_lag1,crecimiento reciente: 2.13% (contexto no causal),0.021302998965873836,POSITIVE,tendencia trimestral: 329.50 endpoints/mes (contexto no causal),329.5,POSITIVE,crecimiento vecinal reciente: -1.08% (contexto no causal),-0.010824070735971587,NEGATIVE,True,1.0,2.0-phase6-persistence-context,Disponibilidad histórica y finalización del target no verificadas. Radio de Fase 6 congelado; cobertura de la emisión actual no evaluada. Contexto descriptivo no causal; catálogo de estaciones sin vigencia histórica verificada.
col_64a29c6aaaf85a42bb0e87a40667ac42,Insurgentes San Borja,Benito Juarez,4938.0,2026-08,3,2026-11,4938.0,0.0,0.0,NEUTRAL,PERSISTENCE,VALIDATED_WITH_CAUTION,VALIDATED_FORECAST,CURRENT_FORECAST,station_endpoints_per_calendar_month,2026-09-19T16:02:18.602535+00:00,3660.0,6216.0,2556.0,False,1278.0,2026-05,780,FROZEN_PHASE6_CALIBRATION,2026-09-01T00:00:00,PERSISTENCE,El forecast mantiene el nivel de actividad registrado en su origen: persistencia fue seleccionada por su desempeño retrospectivo. Las señales contextuales no modifican esta predicción.,growth_1,trend_3,neighbor_growth_lag1,crecimiento reciente: 2.13% (contexto no causal),0.021302998965873836,POSITIVE,tendencia trimestral: 329.50 endpoints/mes (contexto no causal),329.5,POSITIVE,crecimiento vecinal reciente: -1.08% (contexto no causal),-0.010824070735971587,NEGATIVE,True,1.0,2.0-phase6-persistence-context,Disponibilidad histórica y finalización del target no verificadas. Radio de Fase 6 congelado; cobertura de la emisión actual no evaluada. Contexto descriptivo no causal; catálogo de estaciones sin vigencia histórica verificada.
col_64a29c6aaaf85a42bb0e87a40667ac42,Insurgentes San Borja,Benito Juarez,4938.0,2026-08,6,2027-02,4938.0,0.0,0.0,NEUTRAL,PERSISTENCE,VALIDATED_WITH_CAUTION,VALIDATED_FORECAST,CURRENT_FORECAST,station_endpoints_per_calendar_month,2026-09-19T16:02:18.602535+00:00,3597.0,6279.0,2682.0,False,1341.0,2026-02,571,FROZEN_PHASE6_CALIBRATION,2026-09-01T00:00:00,PERSISTENCE,El forecast mantiene el nivel de actividad registrado en su origen: persistencia fue seleccionada por su desempeño retrospectivo. Las señales contextuales no modifican esta predicción.,growth_1,trend_3,neighbor_growth_lag1,crecimiento reciente: 2.13% (contexto no causal),0.021302998965873836,POSITIVE,tendencia trimestral: 329.50 endpoints/mes (contexto no causal),329.5,POSITIVE,crecimiento vecinal reciente: -1.08% (contexto no causal),-0.010824070735971587,NEGATIVE,True,1.0,2.0-phase6-persistence-context,Disponibilidad histórica y finalización del target no verificadas. Radio de Fase 6 congelado; cobertura de la emisión actual no evaluada. Contexto descriptivo no causal; catálogo de estaciones sin vigencia histórica verificada.
col_64a29c6aaaf85a42bb0e87a40667ac42,Insurgentes San Borja,Benito Juarez,4938.0,2026-08,12,2027-08,4938.0,0.0,0.0,NEUTRAL,PERSISTENCE,VALIDATED_WITH_CAUTION,VALIDATED_FORECAST,CURRENT_FORECAST,station_endpoints_per_calendar_month,2026-09-19T16:02:18.602535+00:00,2657.0,7219.0,4562.0,False,2281.0,2025-08,165,FROZEN_PHASE6_CALIBRATION,2026-09-01T00:00:00,PERSISTENCE,El forecast mantiene el nivel de actividad registrado en su origen: persistencia fue seleccionada por su desempeño retrospectivo. Las señales contextuales no modifican esta predicción.,growth_1,trend_3,neighbor_growth_lag1,crecimiento reciente: 2.13% (contexto no causal),0.021302998965873836,POSITIVE,tendencia trimestral: 329.50 endpoints/mes (contexto no causal),329.5,POSITIVE,crecimiento vecinal reciente: -1.08% (contexto no causal),-0.010824070735971587,NEGATIVE,True,1.0,2.0-phase6-persistence-context,Disponibilidad histórica y finalización del target no verificadas. Radio de Fase 6 congelado; cobertura de la emisión actual no evaluada. Contexto descriptivo no causal; catálogo de estaciones sin vigencia histórica verificada.
col_6573c9286c5a50288130ecf1765ab3b5,Del Carmen,Coyoacan,31379.0,2026-08,1,2026-09,31379.0,0.0,0.0,NEUTRAL,PERSISTENCE,VALIDATED_SHORT_TERM,VALIDATED_FORECAST,CURRENT_FORECAST,station_endpoints_per_calendar_month,2026-09-19T16:02:18.602535+00:00,30334.0,32424.0,2090.0,False,1045.0,2026-07,911,FROZEN_PHASE6_CALIBRATION,2026-09-01T00:00:00,PERSISTENCE,El forecast mantiene el nivel de actividad registrado en su origen: persistencia fue seleccionada por su desempeño retrospectivo. Las señales contextuales no modifican esta predicción.,growth_1,trend_3,neighbor_growth_lag1,crecimiento reciente: 0.34% (contexto no causal),0.003421591199795344,POSITIVE,tendencia trimestral: 199.00 endpoints/mes (contexto no causal),199.0,POSITIVE,crecimiento vecinal reciente: -0.84% (contexto no causal),-0.008444263978240482,NEGATIVE,True,1.0,2.0-phase6-persistence-context,Disponibilidad histórica y finalización del target no verificadas. Radio de Fase 6 congelado; cobertura de la emisión actual no evaluada. Contexto descriptivo no causal; catálogo de estaciones sin vigencia histórica verificada.
col_6573c9286c5a50288130ecf1765ab3b5,Del Carmen,Coyoacan,31379.0,2026-08,3,2026-11,31379.0,0.0,0.0,NEUTRAL,PERSISTENCE,VALIDATED_WITH_CAUTION,VALIDATED_FORECAST,CURRENT_FORECAST,station_endpoints_per_calendar_month,2026-09-19T16:02:18.602535+00:00,30101.0,32657.0,2556.0,False,1278.0,2026-05,780,FROZEN_PHASE6_CALIBRATION,2026-09-01T00:00:00,PERSISTENCE,El forecast mantiene el nivel de actividad registrado en su origen: persistencia fue seleccionada por su desempeño retrospectivo. Las señales contextuales no modifican esta predicción.,growth_1,trend_3,neighbor_growth_lag1,crecimiento reciente: 0.34% (contexto no causal),0.003421591199795344,POSITIVE,tendencia trimestral: 199.00 endpoints/mes (contexto no causal),199.0,POSITIVE,crecimiento vecinal reciente: -0.84% (contexto no causal),-0.008444263978240482,NEGATIVE,True,1.0,2.0-phase6-persistence-context,Disponibilidad histórica y finalización del target no verificadas. Radio de Fase 6 congelado; cobertura de la emisión actual no evaluada. Contexto descriptivo no causal; catálogo de estaciones sin vigencia histórica verificada.
col_6573c9286c5a50288130ecf1765ab3b5,Del Carmen,Coyoacan,31379.0,2026-08,6,2027-02,31379.0,0.0,0.0,NEUTRAL,PERSISTENCE,VALIDATED_WITH_CAUTION,VALIDATED_FORECAST,CURRENT_FORECAST,station_endpoints_per_calendar_month,2026-09-19T16:02:18.602535+00:00,30038.0,32720.0,2682.0,False,1341.0,2026-02,571,FROZEN_PHASE6_CALIBRATION,2026-09-01T00:00:00,PERSISTENCE,El forecast mantiene el nivel de actividad registrado en su origen: persistencia fue seleccionada por su desempeño retrospectivo. Las señales contextuales no modifican esta predicción.,growth_1,trend_3,neighbor_growth_lag1,crecimiento reciente: 0.34% (contexto no causal),0.003421591199795344,POSITIVE,tendencia trimestral: 199.00 endpoints/mes (contexto no causal),199.0,POSITIVE,crecimiento vecinal reciente: -0.84% (contexto no causal),-0.008444263978240482,NEGATIVE,True,1.0,2.0-phase6-persistence-context,Disponibilidad histórica y finalización del target no verificadas. Radio de Fase 6 congelado; cobertura de la emisión actual no evaluada. Contexto descriptivo no causal; catálogo de estaciones sin vigencia histórica verificada.
col_6573c9286c5a50288130ecf1765ab3b5,Del Carmen,Coyoacan,31379.0,2026-08,12,2027-08,31379.0,0.0,0.0,NEUTRAL,PERSISTENCE,VALIDATED_WITH_CAUTION,VALIDATED_FORECAST,CURRENT_FORECAST,station_endpoints_per_calendar_month,2026-09-19T16:02:18.602535+00:00,29098.0,33660.0,4562.0,False,2281.0,2025-08,165,FROZEN_PHASE6_CALIBRATION,2026-09-01T00:00:00,PERSISTENCE,El forecast mantiene el nivel de actividad registrado en su origen: persistencia fue seleccionada por su desempeño retrospectivo. Las señales contextuales no modifican esta predicción.,growth_1,trend_3,neighbor_growth_lag1,crecimiento reciente: 0.34% (contexto no causal),0.003421591199795344,POSITIVE,tendencia trimestral: 199.00 endpoints/mes (contexto no causal),199.0,POSITIVE,crecimiento vecinal reciente: -0.84% (contexto no causal),-0.008444263978240482,NEGATIVE,True,1.0,2.0-phase6-persistence-context,Disponibilidad histórica y finalización del target no verificadas. Radio de Fase 6 congelado; cobertura de la emisión actual no evaluada. Contexto descriptivo no causal; catálogo de estaciones sin vigencia histórica verificada.
col_6954f4d5482a5e07b5721c81d464cd43,Algarin,Cuauhtemoc,12151.0,2026-08,1,2026-09,12151.0,0.0,0.0,NEUTRAL,PERSISTENCE,VALIDATED_SHORT_TERM,VALIDATED_FORECAST,CURRENT_FORECAST,station_endpoints_per_calendar_month,2026-09-19T16:02:18.602535+00:00,11106.0,13196.0,2090.0,False,1045.0,2026-07,911,FROZEN_PHASE6_CALIBRATION,2026-09-01T00:00:00,PERSISTENCE,El forecast mantiene el nivel de actividad registrado en su origen: persistencia fue seleccionada por su desempeño retrospectivo. Las señales contextuales no modifican esta predicción.,growth_1,trend_3,neighbor_growth_lag1,crecimiento reciente: -0.09% (contexto no causal),-0.000904456503864496,NEGATIVE,tendencia trimestral: -929.50 endpoints/mes (contexto no causal),-929.5,NEGATIVE,crecimiento vecinal reciente: -3.62% (contexto no causal),-0.036197604499545594,NEGATIVE,True,1.0,2.0-phase6-persistence-context,Disponibilidad histórica y finalización del target no verificadas. Radio de Fase 6 congelado; cobertura de la emisión actual no evaluada. Contexto descriptivo no causal; catálogo de estaciones sin vigencia histórica verificada.
col_6954f4d5482a5e07b5721c81d464cd43,Algarin,Cuauhtemoc,12151.0,2026-08,3,2026-11,12151.0,0.0,0.0,NEUTRAL,PERSISTENCE,VALIDATED_WITH_CAUTION,VALIDATED_FORECAST,CURRENT_FORECAST,station_endpoints_per_calendar_month,2026-09-19T16:02:18.602535+00:00,10873.0,13429.0,2556.0,False,1278.0,2026-05,780,FROZEN_PHASE6_CALIBRATION,2026-09-01T00:00:00,PERSISTENCE,El forecast mantiene el nivel de actividad registrado en su origen: persistencia fue seleccionada por su desempeño retrospectivo. Las señales contextuales no modifican esta predicción.,growth_1,trend_3,neighbor_growth_lag1,crecimiento reciente: -0.09% (contexto no causal),-0.000904456503864496,NEGATIVE,tendencia trimestral: -929.50 endpoints/mes (contexto no causal),-929.5,NEGATIVE,crecimiento vecinal reciente: -3.62% (contexto no causal),-0.036197604499545594,NEGATIVE,True,1.0,2.0-phase6-persistence-context,Disponibilidad histórica y finalización del target no verificadas. Radio de Fase 6 congelado; cobertura de la emisión actual no evaluada. Contexto descriptivo no causal; catálogo de estaciones sin vigencia histórica verificada.
col_6954f4d5482a5e07b5721c81d464cd43,Algarin,Cuauhtemoc,12151.0,2026-08,6,2027-02,12151.0,0.0,0.0,NEUTRAL,PERSISTENCE,VALIDATED_WITH_CAUTION,VALIDATED_FORECAST,CURRENT_FORECAST,station_endpoints_per_calendar_month,2026-09-19T16:02:18.602535+00:00,10810.0,13492.0,2682.0,False,1341.0,2026-02,571,FROZEN_PHASE6_CALIBRATION,2026-09-01T00:00:00,PERSISTENCE,El forecast mantiene el nivel de actividad registrado en su origen: persistencia fue seleccionada por su desempeño retrospectivo. Las señales contextuales no modifican esta predicción.,growth_1,trend_3,neighbor_growth_lag1,crecimiento reciente: -0.09% (contexto no causal),-0.000904456503864496,NEGATIVE,tendencia trimestral: -929.50 endpoints/mes (contexto no causal),-929.5,NEGATIVE,crecimiento vecinal reciente: -3.62% (contexto no causal),-0.036197604499545594,NEGATIVE,True,1.0,2.0-phase6-persistence-context,Disponibilidad histórica y finalización del target no verificadas. Radio de Fase 6 congelado; cobertura de la emisión actual no evaluada. Contexto descriptivo no causal; catálogo de estaciones sin vigencia histórica verificada.
col_6954f4d5482a5e07b5721c81d464cd43,Algarin,Cuauhtemoc,12151.0,2026-08,12,2027-08,12151.0,0.0,0.0,NEUTRAL,PERSISTENCE,VALIDATED_WITH_CAUTION,VALIDATED_FORECAST,CURRENT_FORECAST,station_endpoints_per_calendar_month,2026-09-19T16:02:18.602535+00:00,9870.0,14432.0,4562.0,False,2281.0,2025-08,165,FROZEN_PHASE6_CALIBRATION,2026-09-01T00:00:00,PERSISTENCE,El forecast mantiene el nivel de actividad registrado en su origen: persistencia fue seleccionada por su desempeño retrospectivo. Las señales contextuales no modifican esta predicción.,growth_1,trend_3,neighbor_growth_lag1,crecimiento reciente: -0.09% (contexto no causal),-0.000904456503864496,NEGATIVE,tendencia trimestral: -929.50 endpoints/mes (contexto no causal),-929.5,NEGATIVE,crecimiento vecinal reciente: -3.62% (contexto no causal),-0.036197604499545594,NEGATIVE,True,1.0,2.0-phase6-persistence-context,Disponibilidad histórica y finalización del target no verificadas. Radio de Fase 6 congelado; cobertura de la emisión actual no evaluada. Contexto descriptivo no causal; catálogo de estaciones sin vigencia histórica verificada.
col_6bf10fd8943e5967b7603760fb6cd344,Napoles,Benito Juarez,45949.0,2026-08,1,2026-09,45949.0,0.0,0.0,NEUTRAL,PERSISTENCE,VALIDATED_SHORT_TERM,VALIDATED_FORECAST,CURRENT_FORECAST,station_endpoints_per_calendar_month,2026-09-19T16:02:18.602535+00:00,44904.0,46994.0,2090.0,False,1045.0,2026-07,911,FROZEN_PHASE6_CALIBRATION,2026-09-01T00:00:00,PERSISTENCE,El forecast mantiene el nivel de actividad registrado en su origen: persistencia fue seleccionada por su desempeño retrospectivo. Las señales contextuales no modifican esta predicción.,growth_1,trend_3,neighbor_growth_lag1,crecimiento reciente: -1.10% (contexto no causal),-0.010956132420681046,NEGATIVE,tendencia trimestral: 1787.50 endpoints/mes (contexto no causal),1787.5,POSITIVE,crecimiento vecinal reciente: -0.12% (contexto no causal),-0.0012470745340409138,NEGATIVE,True,1.0,2.0-phase6-persistence-context,Disponibilidad histórica y finalización del target no verificadas. Radio de Fase 6 congelado; cobertura de la emisión actual no evaluada. Contexto descriptivo no causal; catálogo de estaciones sin vigencia histórica verificada.
col_6bf10fd8943e5967b7603760fb6cd344,Napoles,Benito Juarez,45949.0,2026-08,3,2026-11,45949.0,0.0,0.0,NEUTRAL,PERSISTENCE,VALIDATED_WITH_CAUTION,VALIDATED_FORECAST,CURRENT_FORECAST,station_endpoints_per_calendar_month,2026-09-19T16:02:18.602535+00:00,44671.0,47227.0,2556.0,False,1278.0,2026-05,780,FROZEN_PHASE6_CALIBRATION,2026-09-01T00:00:00,PERSISTENCE,El forecast mantiene el nivel de actividad registrado en su origen: persistencia fue seleccionada por su desempeño retrospectivo. Las señales contextuales no modifican esta predicción.,growth_1,trend_3,neighbor_growth_lag1,crecimiento reciente: -1.10% (contexto no causal),-0.010956132420681046,NEGATIVE,tendencia trimestral: 1787.50 endpoints/mes (contexto no causal),1787.5,POSITIVE,crecimiento vecinal reciente: -0.12% (contexto no causal),-0.0012470745340409138,NEGATIVE,True,1.0,2.0-phase6-persistence-context,Disponibilidad histórica y finalización del target no verificadas. Radio de Fase 6 congelado; cobertura de la emisión actual no evaluada. Contexto descriptivo no causal; catálogo de estaciones sin vigencia histórica verificada.
col_6bf10fd8943e5967b7603760fb6cd344,Napoles,Benito Juarez,45949.0,2026-08,6,2027-02,45949.0,0.0,0.0,NEUTRAL,PERSISTENCE,VALIDATED_WITH_CAUTION,VALIDATED_FORECAST,CURRENT_FORECAST,station_endpoints_per_calendar_month,2026-09-19T16:02:18.602535+00:00,44608.0,47290.0,2682.0,False,1341.0,2026-02,571,FROZEN_PHASE6_CALIBRATION,2026-09-01T00:00:00,PERSISTENCE,El forecast mantiene el nivel de actividad registrado en su origen: persistencia fue seleccionada por su desempeño retrospectivo. Las señales contextuales no modifican esta predicción.,growth_1,trend_3,neighbor_growth_lag1,crecimiento reciente: -1.10% (contexto no causal),-0.010956132420681046,NEGATIVE,tendencia trimestral: 1787.50 endpoints/mes (contexto no causal),1787.5,POSITIVE,crecimiento vecinal reciente: -0.12% (contexto no causal),-0.0012470745340409138,NEGATIVE,True,1.0,2.0-phase6-persistence-context,Disponibilidad histórica y finalización del target no verificadas. Radio de Fase 6 congelado; cobertura de la emisión actual no evaluada. Contexto descriptivo no causal; catálogo de estaciones sin vigencia histórica verificada.
col_6bf10fd8943e5967b7603760fb6cd344,Napoles,Benito Juarez,45949.0,2026-08,12,2027-08,45949.0,0.0,0.0,NEUTRAL,PERSISTENCE,VALIDATED_WITH_CAUTION,VALIDATED_FORECAST,CURRENT_FORECAST,station_endpoints_per_calendar_month,2026-09-19T16:02:18.602535+00:00,43668.0,48230.0,4562.0,False,2281.0,2025-08,165,FROZEN_PHASE6_CALIBRATION,2026-09-01T00:00:00,PERSISTENCE,El forecast mantiene el nivel de actividad registrado en su origen: persistencia fue seleccionada por su desempeño retrospectivo. Las señales contextuales no modifican esta predicción.,growth_1,trend_3,neighbor_growth_lag1,crecimiento reciente: -1.10% (contexto no causal),-0.010956132420681046,NEGATIVE,tendencia trimestral: 1787.50 endpoints/mes (contexto no causal),1787.5,POSITIVE,crecimiento vecinal reciente: -0.12% (contexto no causal),-0.0012470745340409138,NEGATIVE,True,1.0,2.0-phase6-persistence-context,Disponibilidad histórica y finalización del target no verificadas. Radio de Fase 6 congelado; cobertura de la emisión actual no evaluada. Contexto descriptivo no causal; catálogo de estaciones sin vigencia histórica verificada.
col_6e124db5b88b5695a72b6c82db5754cd,Santa Cruz Atoyac,Benito Juarez,23537.0,2026-08,1,2026-09,23537.0,0.0,0.0,NEUTRAL,PERSISTENCE,VALIDATED_SHORT_TERM,VALIDATED_FORECAST,CURRENT_FORECAST,station_endpoints_per_calendar_month,2026-09-19T16:02:18.602535+00:00,22492.0,24582.0,2090.0,False,1045.0,2026-07,911,FROZEN_PHASE6_CALIBRATION,2026-09-01T00:00:00,PERSISTENCE,El forecast mantiene el nivel de actividad registrado en su origen: persistencia fue seleccionada por su desempeño retrospectivo. Las señales contextuales no modifican esta predicción.,growth_1,trend_3,NONE,crecimiento reciente: 0.00% (contexto no causal),4.24881033310673e-05,POSITIVE,tendencia trimestral: 655.00 endpoints/mes (contexto no causal),655.0,POSITIVE,SIN_DATO,,UNAVAILABLE,False,,2.0-phase6-persistence-context,Disponibilidad histórica y finalización del target no verificadas. Radio de Fase 6 congelado; cobertura de la emisión actual no evaluada. Contexto descriptivo no causal; catálogo de estaciones sin vigencia histórica verificada.
col_6e124db5b88b5695a72b6c82db5754cd,Santa Cruz Atoyac,Benito Juarez,23537.0,2026-08,3,2026-11,23537.0,0.0,0.0,NEUTRAL,PERSISTENCE,VALIDATED_WITH_CAUTION,VALIDATED_FORECAST,CURRENT_FORECAST,station_endpoints_per_calendar_month,2026-09-19T16:02:18.602535+00:00,22259.0,24815.0,2556.0,False,1278.0,2026-05,780,FROZEN_PHASE6_CALIBRATION,2026-09-01T00:00:00,PERSISTENCE,El forecast mantiene el nivel de actividad registrado en su origen: persistencia fue seleccionada por su desempeño retrospectivo. Las señales contextuales no modifican esta predicción.,growth_1,trend_3,NONE,crecimiento reciente: 0.00% (contexto no causal),4.24881033310673e-05,POSITIVE,tendencia trimestral: 655.00 endpoints/mes (contexto no causal),655.0,POSITIVE,SIN_DATO,,UNAVAILABLE,False,,2.0-phase6-persistence-context,Disponibilidad histórica y finalización del target no verificadas. Radio de Fase 6 congelado; cobertura de la emisión actual no evaluada. Contexto descriptivo no causal; catálogo de estaciones sin vigencia histórica verificada.
col_6e124db5b88b5695a72b6c82db5754cd,Santa Cruz Atoyac,Benito Juarez,23537.0,2026-08,6,2027-02,23537.0,0.0,0.0,NEUTRAL,PERSISTENCE,VALIDATED_WITH_CAUTION,VALIDATED_FORECAST,CURRENT_FORECAST,station_endpoints_per_calendar_month,2026-09-19T16:02:18.602535+00:00,22196.0,24878.0,2682.0,False,1341.0,2026-02,571,FROZEN_PHASE6_CALIBRATION,2026-09-01T00:00:00,PERSISTENCE,El forecast mantiene el nivel de actividad registrado en su origen: persistencia fue seleccionada por su desempeño retrospectivo. Las señales contextuales no modifican esta predicción.,growth_1,trend_3,NONE,crecimiento reciente: 0.00% (contexto no causal),4.24881033310673e-05,POSITIVE,tendencia trimestral: 655.00 endpoints/mes (contexto no causal),655.0,POSITIVE,SIN_DATO,,UNAVAILABLE,False,,2.0-phase6-persistence-context,Disponibilidad histórica y finalización del target no verificadas. Radio de Fase 6 congelado; cobertura de la emisión actual no evaluada. Contexto descriptivo no causal; catálogo de estaciones sin vigencia histórica verificada.
col_6e124db5b88b5695a72b6c82db5754cd,Santa Cruz Atoyac,Benito Juarez,23537.0,2026-08,12,2027-08,23537.0,0.0,0.0,NEUTRAL,PERSISTENCE,VALIDATED_WITH_CAUTION,VALIDATED_FORECAST,CURRENT_FORECAST,station_endpoints_per_calendar_month,2026-09-19T16:02:18.602535+00:00,21256.0,25818.0,4562.0,False,2281.0,2025-08,165,FROZEN_PHASE6_CALIBRATION,2026-09-01T00:00:00,PERSISTENCE,El forecast mantiene el nivel de actividad registrado en su origen: persistencia fue seleccionada por su desempeño retrospectivo. Las señales contextuales no modifican esta predicción.,growth_1,trend_3,NONE,crecimiento reciente: 0.00% (contexto no causal),4.24881033310673e-05,POSITIVE,tendencia trimestral: 655.00 endpoints/mes (contexto no causal),655.0,POSITIVE,SIN_DATO,,UNAVAILABLE,False,,2.0-phase6-persistence-context,Disponibilidad histórica y finalización del target no verificadas. Radio de Fase 6 congelado; cobertura de la emisión actual no evaluada. Contexto descriptivo no causal; catálogo de estaciones sin vigencia histórica verificada.
col_6e932760ad7e5318b2922fea188ea3f8,Cuauhtemoc Pensil,Miguel Hidalgo,7216.0,2026-08,1,2026-09,7216.0,0.0,0.0,NEUTRAL,PERSISTENCE,VALIDATED_SHORT_TERM,VALIDATED_FORECAST,CURRENT_FORECAST,station_endpoints_per_calendar_month,2026-09-19T16:02:18.602535+00:00,6171.0,8261.0,2090.0,False,1045.0,2026-07,911,FROZEN_PHASE6_CALIBRATION,2026-09-01T00:00:00,PERSISTENCE,El forecast mantiene el nivel de actividad registrado en su origen: persistencia fue seleccionada por su desempeño retrospectivo. Las señales contextuales no modifican esta predicción.,growth_1,trend_3,neighbor_growth_lag1,crecimiento reciente: -5.53% (contexto no causal),-0.05525006546216287,NEGATIVE,tendencia trimestral: -297.00 endpoints/mes (contexto no causal),-297.0,NEGATIVE,crecimiento vecinal reciente: 1.03% (contexto no causal),0.01027701618016718,POSITIVE,True,1.0,2.0-phase6-persistence-context,Disponibilidad histórica y finalización del target no verificadas. Radio de Fase 6 congelado; cobertura de la emisión actual no evaluada. Contexto descriptivo no causal; catálogo de estaciones sin vigencia histórica verificada.
col_6e932760ad7e5318b2922fea188ea3f8,Cuauhtemoc Pensil,Miguel Hidalgo,7216.0,2026-08,3,2026-11,7216.0,0.0,0.0,NEUTRAL,PERSISTENCE,VALIDATED_WITH_CAUTION,VALIDATED_FORECAST,CURRENT_FORECAST,station_endpoints_per_calendar_month,2026-09-19T16:02:18.602535+00:00,5938.0,8494.0,2556.0,False,1278.0,2026-05,780,FROZEN_PHASE6_CALIBRATION,2026-09-01T00:00:00,PERSISTENCE,El forecast mantiene el nivel de actividad registrado en su origen: persistencia fue seleccionada por su desempeño retrospectivo. Las señales contextuales no modifican esta predicción.,growth_1,trend_3,neighbor_growth_lag1,crecimiento reciente: -5.53% (contexto no causal),-0.05525006546216287,NEGATIVE,tendencia trimestral: -297.00 endpoints/mes (contexto no causal),-297.0,NEGATIVE,crecimiento vecinal reciente: 1.03% (contexto no causal),0.01027701618016718,POSITIVE,True,1.0,2.0-phase6-persistence-context,Disponibilidad histórica y finalización del target no verificadas. Radio de Fase 6 congelado; cobertura de la emisión actual no evaluada. Contexto descriptivo no causal; catálogo de estaciones sin vigencia histórica verificada.
col_6e932760ad7e5318b2922fea188ea3f8,Cuauhtemoc Pensil,Miguel Hidalgo,7216.0,2026-08,6,2027-02,7216.0,0.0,0.0,NEUTRAL,PERSISTENCE,VALIDATED_WITH_CAUTION,VALIDATED_FORECAST,CURRENT_FORECAST,station_endpoints_per_calendar_month,2026-09-19T16:02:18.602535+00:00,5875.0,8557.0,2682.0,False,1341.0,2026-02,571,FROZEN_PHASE6_CALIBRATION,2026-09-01T00:00:00,PERSISTENCE,El forecast mantiene el nivel de actividad registrado en su origen: persistencia fue seleccionada por su desempeño retrospectivo. Las señales contextuales no modifican esta predicción.,growth_1,trend_3,neighbor_growth_lag1,crecimiento reciente: -5.53% (contexto no causal),-0.05525006546216287,NEGATIVE,tendencia trimestral: -297.00 endpoints/mes (contexto no causal),-297.0,NEGATIVE,crecimiento vecinal reciente: 1.03% (contexto no causal),0.01027701618016718,POSITIVE,True,1.0,2.0-phase6-persistence-context,Disponibilidad histórica y finalización del target no verificadas. Radio de Fase 6 congelado; cobertura de la emisión actual no evaluada. Contexto descriptivo no causal; catálogo de estaciones sin vigencia histórica verificada.
col_6e932760ad7e5318b2922fea188ea3f8,Cuauhtemoc Pensil,Miguel Hidalgo,7216.0,2026-08,12,2027-08,7216.0,0.0,0.0,NEUTRAL,PERSISTENCE,VALIDATED_WITH_CAUTION,VALIDATED_FORECAST,CURRENT_FORECAST,station_endpoints_per_calendar_month,2026-09-19T16:02:18.602535+00:00,4935.0,9497.0,4562.0,False,2281.0,2025-08,165,FROZEN_PHASE6_CALIBRATION,2026-09-01T00:00:00,PERSISTENCE,El forecast mantiene el nivel de actividad registrado en su origen: persistencia fue seleccionada por su desempeño retrospectivo. Las señales contextuales no modifican esta predicción.,growth_1,trend_3,neighbor_growth_lag1,crecimiento reciente: -5.53% (contexto no causal),-0.05525006546216287,NEGATIVE,tendencia trimestral: -297.00 endpoints/mes (contexto no causal),-297.0,NEGATIVE,crecimiento vecinal reciente: 1.03% (contexto no causal),0.01027701618016718,POSITIVE,True,1.0,2.0-phase6-persistence-context,Disponibilidad histórica y finalización del target no verificadas. Radio de Fase 6 congelado; cobertura de la emisión actual no evaluada. Contexto descriptivo no causal; catálogo de estaciones sin vigencia histórica verificada.
col_6f85f8cb1357503bae86559c4ab47194,Veronica Anzures,Miguel Hidalgo,14050.0,2026-08,1,2026-09,14050.0,0.0,0.0,NEUTRAL,PERSISTENCE,VALIDATED_SHORT_TERM,VALIDATED_FORECAST,CURRENT_FORECAST,station_endpoints_per_calendar_month,2026-09-19T16:02:18.602535+00:00,13005.0,15095.0,2090.0,False,1045.0,2026-07,911,FROZEN_PHASE6_CALIBRATION,2026-09-01T00:00:00,PERSISTENCE,El forecast mantiene el nivel de actividad registrado en su origen: persistencia fue seleccionada por su desempeño retrospectivo. Las señales contextuales no modifican esta predicción.,growth_1,trend_3,neighbor_growth_lag1,crecimiento reciente: -2.61% (contexto no causal),-0.026131558882650587,NEGATIVE,tendencia trimestral: 161.50 endpoints/mes (contexto no causal),161.5,POSITIVE,crecimiento vecinal reciente: -3.11% (contexto no causal),-0.031090752805594223,NEGATIVE,True,1.0,2.0-phase6-persistence-context,Disponibilidad histórica y finalización del target no verificadas. Radio de Fase 6 congelado; cobertura de la emisión actual no evaluada. Contexto descriptivo no causal; catálogo de estaciones sin vigencia histórica verificada.
col_6f85f8cb1357503bae86559c4ab47194,Veronica Anzures,Miguel Hidalgo,14050.0,2026-08,3,2026-11,14050.0,0.0,0.0,NEUTRAL,PERSISTENCE,VALIDATED_WITH_CAUTION,VALIDATED_FORECAST,CURRENT_FORECAST,station_endpoints_per_calendar_month,2026-09-19T16:02:18.602535+00:00,12772.0,15328.0,2556.0,False,1278.0,2026-05,780,FROZEN_PHASE6_CALIBRATION,2026-09-01T00:00:00,PERSISTENCE,El forecast mantiene el nivel de actividad registrado en su origen: persistencia fue seleccionada por su desempeño retrospectivo. Las señales contextuales no modifican esta predicción.,growth_1,trend_3,neighbor_growth_lag1,crecimiento reciente: -2.61% (contexto no causal),-0.026131558882650587,NEGATIVE,tendencia trimestral: 161.50 endpoints/mes (contexto no causal),161.5,POSITIVE,crecimiento vecinal reciente: -3.11% (contexto no causal),-0.031090752805594223,NEGATIVE,True,1.0,2.0-phase6-persistence-context,Disponibilidad histórica y finalización del target no verificadas. Radio de Fase 6 congelado; cobertura de la emisión actual no evaluada. Contexto descriptivo no causal; catálogo de estaciones sin vigencia histórica verificada.
col_6f85f8cb1357503bae86559c4ab47194,Veronica Anzures,Miguel Hidalgo,14050.0,2026-08,6,2027-02,14050.0,0.0,0.0,NEUTRAL,PERSISTENCE,VALIDATED_WITH_CAUTION,VALIDATED_FORECAST,CURRENT_FORECAST,station_endpoints_per_calendar_month,2026-09-19T16:02:18.602535+00:00,12709.0,15391.0,2682.0,False,1341.0,2026-02,571,FROZEN_PHASE6_CALIBRATION,2026-09-01T00:00:00,PERSISTENCE,El forecast mantiene el nivel de actividad registrado en su origen: persistencia fue seleccionada por su desempeño retrospectivo. Las señales contextuales no modifican esta predicción.,growth_1,trend_3,neighbor_growth_lag1,crecimiento reciente: -2.61% (contexto no causal),-0.026131558882650587,NEGATIVE,tendencia trimestral: 161.50 endpoints/mes (contexto no causal),161.5,POSITIVE,crecimiento vecinal reciente: -3.11% (contexto no causal),-0.031090752805594223,NEGATIVE,True,1.0,2.0-phase6-persistence-context,Disponibilidad histórica y finalización del target no verificadas. Radio de Fase 6 congelado; cobertura de la emisión actual no evaluada. Contexto descriptivo no causal; catálogo de estaciones sin vigencia histórica verificada.
col_6f85f8cb1357503bae86559c4ab47194,Veronica Anzures,Miguel Hidalgo,14050.0,2026-08,12,2027-08,14050.0,0.0,0.0,NEUTRAL,PERSISTENCE,VALIDATED_WITH_CAUTION,VALIDATED_FORECAST,CURRENT_FORECAST,station_endpoints_per_calendar_month,2026-09-19T16:02:18.602535+00:00,11769.0,16331.0,4562.0,False,2281.0,2025-08,165,FROZEN_PHASE6_CALIBRATION,2026-09-01T00:00:00,PERSISTENCE,El forecast mantiene el nivel de actividad registrado en su origen: persistencia fue seleccionada por su desempeño retrospectivo. Las señales contextuales no modifican esta predicción.,growth_1,trend_3,neighbor_growth_lag1,crecimiento reciente: -2.61% (contexto no causal),-0.026131558882650587,NEGATIVE,tendencia trimestral: 161.50 endpoints/mes (contexto no causal),161.5,POSITIVE,crecimiento vecinal reciente: -3.11% (contexto no causal),-0.031090752805594223,NEGATIVE,True,1.0,2.0-phase6-persistence-context,Disponibilidad histórica y finalización del target no verificadas. Radio de Fase 6 congelado; cobertura de la emisión actual no evaluada. Contexto descriptivo no causal; catálogo de estaciones sin vigencia histórica verificada.
col_76cd2cc2efb657e1a3779dc11ff63e1d,Cuauhtemoc,Cuauhtemoc,148334.0,2026-08,1,2026-09,148334.0,0.0,0.0,NEUTRAL,PERSISTENCE,VALIDATED_SHORT_TERM,VALIDATED_FORECAST,CURRENT_FORECAST,station_endpoints_per_calendar_month,2026-09-19T16:02:18.602535+00:00,147289.0,149379.0,2090.0,False,1045.0,2026-07,911,FROZEN_PHASE6_CALIBRATION,2026-09-01T00:00:00,PERSISTENCE,El forecast mantiene el nivel de actividad registrado en su origen: persistencia fue seleccionada por su desempeño retrospectivo. Las señales contextuales no modifican esta predicción.,growth_1,trend_3,neighbor_growth_lag1,crecimiento reciente: -0.16% (contexto no causal),-0.0016220763923944137,NEGATIVE,tendencia trimestral: -4306.00 endpoints/mes (contexto no causal),-4306.0,NEGATIVE,crecimiento vecinal reciente: -0.00% (contexto no causal),-4.051100848497663e-05,NEGATIVE,True,1.0,2.0-phase6-persistence-context,Disponibilidad histórica y finalización del target no verificadas. Radio de Fase 6 congelado; cobertura de la emisión actual no evaluada. Contexto descriptivo no causal; catálogo de estaciones sin vigencia histórica verificada.
col_76cd2cc2efb657e1a3779dc11ff63e1d,Cuauhtemoc,Cuauhtemoc,148334.0,2026-08,3,2026-11,148334.0,0.0,0.0,NEUTRAL,PERSISTENCE,VALIDATED_WITH_CAUTION,VALIDATED_FORECAST,CURRENT_FORECAST,station_endpoints_per_calendar_month,2026-09-19T16:02:18.602535+00:00,147056.0,149612.0,2556.0,False,1278.0,2026-05,780,FROZEN_PHASE6_CALIBRATION,2026-09-01T00:00:00,PERSISTENCE,El forecast mantiene el nivel de actividad registrado en su origen: persistencia fue seleccionada por su desempeño retrospectivo. Las señales contextuales no modifican esta predicción.,growth_1,trend_3,neighbor_growth_lag1,crecimiento reciente: -0.16% (contexto no causal),-0.0016220763923944137,NEGATIVE,tendencia trimestral: -4306.00 endpoints/mes (contexto no causal),-4306.0,NEGATIVE,crecimiento vecinal reciente: -0.00% (contexto no causal),-4.051100848497663e-05,NEGATIVE,True,1.0,2.0-phase6-persistence-context,Disponibilidad histórica y finalización del target no verificadas. Radio de Fase 6 congelado; cobertura de la emisión actual no evaluada. Contexto descriptivo no causal; catálogo de estaciones sin vigencia histórica verificada.
col_76cd2cc2efb657e1a3779dc11ff63e1d,Cuauhtemoc,Cuauhtemoc,148334.0,2026-08,6,2027-02,148334.0,0.0,0.0,NEUTRAL,PERSISTENCE,VALIDATED_WITH_CAUTION,VALIDATED_FORECAST,CURRENT_FORECAST,station_endpoints_per_calendar_month,2026-09-19T16:02:18.602535+00:00,146993.0,149675.0,2682.0,False,1341.0,2026-02,571,FROZEN_PHASE6_CALIBRATION,2026-09-01T00:00:00,PERSISTENCE,El forecast mantiene el nivel de actividad registrado en su origen: persistencia fue seleccionada por su desempeño retrospectivo. Las señales contextuales no modifican esta predicción.,growth_1,trend_3,neighbor_growth_lag1,crecimiento reciente: -0.16% (contexto no causal),-0.0016220763923944137,NEGATIVE,tendencia trimestral: -4306.00 endpoints/mes (contexto no causal),-4306.0,NEGATIVE,crecimiento vecinal reciente: -0.00% (contexto no causal),-4.051100848497663e-05,NEGATIVE,True,1.0,2.0-phase6-persistence-context,Disponibilidad histórica y finalización del target no verificadas. Radio de Fase 6 congelado; cobertura de la emisión actual no evaluada. Contexto descriptivo no causal; catálogo de estaciones sin vigencia histórica verificada.
col_76cd2cc2efb657e1a3779dc11ff63e1d,Cuauhtemoc,Cuauhtemoc,148334.0,2026-08,12,2027-08,148334.0,0.0,0.0,NEUTRAL,PERSISTENCE,VALIDATED_WITH_CAUTION,VALIDATED_FORECAST,CURRENT_FORECAST,station_endpoints_per_calendar_month,2026-09-19T16:02:18.602535+00:00,146053.0,150615.0,4562.0,False,2281.0,2025-08,165,FROZEN_PHASE6_CALIBRATION,2026-09-01T00:00:00,PERSISTENCE,El forecast mantiene el nivel de actividad registrado en su origen: persistencia fue seleccionada por su desempeño retrospectivo. Las señales contextuales no modifican esta predicción.,growth_1,trend_3,neighbor_growth_lag1,crecimiento reciente: -0.16% (contexto no causal),-0.0016220763923944137,NEGATIVE,tendencia trimestral: -4306.00 endpoints/mes (contexto no causal),-4306.0,NEGATIVE,crecimiento vecinal reciente: -0.00% (contexto no causal),-4.051100848497663e-05,NEGATIVE,True,1.0,2.0-phase6-persistence-context,Disponibilidad histórica y finalización del target no verificadas. Radio de Fase 6 congelado; cobertura de la emisión actual no evaluada. Contexto descriptivo no causal; catálogo de estaciones sin vigencia histórica verificada.
col_76d47b3676925748aa9d3dee653c6562,Modelo Pensil,Miguel Hidalgo,5192.0,2026-08,1,2026-09,5192.0,0.0,0.0,NEUTRAL,PERSISTENCE,VALIDATED_SHORT_TERM,VALIDATED_FORECAST,CURRENT_FORECAST,station_endpoints_per_calendar_month,2026-09-19T16:02:18.602535+00:00,4147.0,6237.0,2090.0,False,1045.0,2026-07,911,FROZEN_PHASE6_CALIBRATION,2026-09-01T00:00:00,PERSISTENCE,El forecast mantiene el nivel de actividad registrado en su origen: persistencia fue seleccionada por su desempeño retrospectivo. Las señales contextuales no modifican esta predicción.,growth_1,trend_3,neighbor_growth_lag1,crecimiento reciente: 3.61% (contexto no causal),0.03612053482338855,POSITIVE,tendencia trimestral: 116.50 endpoints/mes (contexto no causal),116.5,POSITIVE,crecimiento vecinal reciente: -5.53% (contexto no causal),-0.05525006546216287,NEGATIVE,True,1.0,2.0-phase6-persistence-context,Disponibilidad histórica y finalización del target no verificadas. Radio de Fase 6 congelado; cobertura de la emisión actual no evaluada. Contexto descriptivo no causal; catálogo de estaciones sin vigencia histórica verificada.
col_76d47b3676925748aa9d3dee653c6562,Modelo Pensil,Miguel Hidalgo,5192.0,2026-08,3,2026-11,5192.0,0.0,0.0,NEUTRAL,PERSISTENCE,VALIDATED_WITH_CAUTION,VALIDATED_FORECAST,CURRENT_FORECAST,station_endpoints_per_calendar_month,2026-09-19T16:02:18.602535+00:00,3914.0,6470.0,2556.0,False,1278.0,2026-05,780,FROZEN_PHASE6_CALIBRATION,2026-09-01T00:00:00,PERSISTENCE,El forecast mantiene el nivel de actividad registrado en su origen: persistencia fue seleccionada por su desempeño retrospectivo. Las señales contextuales no modifican esta predicción.,growth_1,trend_3,neighbor_growth_lag1,crecimiento reciente: 3.61% (contexto no causal),0.03612053482338855,POSITIVE,tendencia trimestral: 116.50 endpoints/mes (contexto no causal),116.5,POSITIVE,crecimiento vecinal reciente: -5.53% (contexto no causal),-0.05525006546216287,NEGATIVE,True,1.0,2.0-phase6-persistence-context,Disponibilidad histórica y finalización del target no verificadas. Radio de Fase 6 congelado; cobertura de la emisión actual no evaluada. Contexto descriptivo no causal; catálogo de estaciones sin vigencia histórica verificada.
col_76d47b3676925748aa9d3dee653c6562,Modelo Pensil,Miguel Hidalgo,5192.0,2026-08,6,2027-02,5192.0,0.0,0.0,NEUTRAL,PERSISTENCE,VALIDATED_WITH_CAUTION,VALIDATED_FORECAST,CURRENT_FORECAST,station_endpoints_per_calendar_month,2026-09-19T16:02:18.602535+00:00,3851.0,6533.0,2682.0,False,1341.0,2026-02,571,FROZEN_PHASE6_CALIBRATION,2026-09-01T00:00:00,PERSISTENCE,El forecast mantiene el nivel de actividad registrado en su origen: persistencia fue seleccionada por su desempeño retrospectivo. Las señales contextuales no modifican esta predicción.,growth_1,trend_3,neighbor_growth_lag1,crecimiento reciente: 3.61% (contexto no causal),0.03612053482338855,POSITIVE,tendencia trimestral: 116.50 endpoints/mes (contexto no causal),116.5,POSITIVE,crecimiento vecinal reciente: -5.53% (contexto no causal),-0.05525006546216287,NEGATIVE,True,1.0,2.0-phase6-persistence-context,Disponibilidad histórica y finalización del target no verificadas. Radio de Fase 6 congelado; cobertura de la emisión actual no evaluada. Contexto descriptivo no causal; catálogo de estaciones sin vigencia histórica verificada.
col_76d47b3676925748aa9d3dee653c6562,Modelo Pensil,Miguel Hidalgo,5192.0,2026-08,12,2027-08,5192.0,0.0,0.0,NEUTRAL,PERSISTENCE,VALIDATED_WITH_CAUTION,VALIDATED_FORECAST,CURRENT_FORECAST,station_endpoints_per_calendar_month,2026-09-19T16:02:18.602535+00:00,2911.0,7473.0,4562.0,False,2281.0,2025-08,165,FROZEN_PHASE6_CALIBRATION,2026-09-01T00:00:00,PERSISTENCE,El forecast mantiene el nivel de actividad registrado en su origen: persistencia fue seleccionada por su desempeño retrospectivo. Las señales contextuales no modifican esta predicción.,growth_1,trend_3,neighbor_growth_lag1,crecimiento reciente: 3.61% (contexto no causal),0.03612053482338855,POSITIVE,tendencia trimestral: 116.50 endpoints/mes (contexto no causal),116.5,POSITIVE,crecimiento vecinal reciente: -5.53% (contexto no causal),-0.05525006546216287,NEGATIVE,True,1.0,2.0-phase6-persistence-context,Disponibilidad histórica y finalización del target no verificadas. Radio de Fase 6 congelado; cobertura de la emisión actual no evaluada. Contexto descriptivo no causal; catálogo de estaciones sin vigencia histórica verificada.
col_77126fcee0bf5162978113f718dc8420,Hipodromo Condesa,Cuauhtemoc,26857.0,2026-08,1,2026-09,26857.0,0.0,0.0,NEUTRAL,PERSISTENCE,VALIDATED_SHORT_TERM,VALIDATED_FORECAST,CURRENT_FORECAST,station_endpoints_per_calendar_month,2026-09-19T16:02:18.602535+00:00,25812.0,27902.0,2090.0,False,1045.0,2026-07,911,FROZEN_PHASE6_CALIBRATION,2026-09-01T00:00:00,PERSISTENCE,El forecast mantiene el nivel de actividad registrado en su origen: persistencia fue seleccionada por su desempeño retrospectivo. Las señales contextuales no modifican esta predicción.,growth_1,trend_3,neighbor_growth_lag1,crecimiento reciente: 7.07% (contexto no causal),0.07072519236136028,POSITIVE,tendencia trimestral: 801.00 endpoints/mes (contexto no causal),801.0,POSITIVE,crecimiento vecinal reciente: -0.12% (contexto no causal),-0.0011830040929150104,NEGATIVE,True,1.0,2.0-phase6-persistence-context,Disponibilidad histórica y finalización del target no verificadas. Radio de Fase 6 congelado; cobertura de la emisión actual no evaluada. Contexto descriptivo no causal; catálogo de estaciones sin vigencia histórica verificada.
col_77126fcee0bf5162978113f718dc8420,Hipodromo Condesa,Cuauhtemoc,26857.0,2026-08,3,2026-11,26857.0,0.0,0.0,NEUTRAL,PERSISTENCE,VALIDATED_WITH_CAUTION,VALIDATED_FORECAST,CURRENT_FORECAST,station_endpoints_per_calendar_month,2026-09-19T16:02:18.602535+00:00,25579.0,28135.0,2556.0,False,1278.0,2026-05,780,FROZEN_PHASE6_CALIBRATION,2026-09-01T00:00:00,PERSISTENCE,El forecast mantiene el nivel de actividad registrado en su origen: persistencia fue seleccionada por su desempeño retrospectivo. Las señales contextuales no modifican esta predicción.,growth_1,trend_3,neighbor_growth_lag1,crecimiento reciente: 7.07% (contexto no causal),0.07072519236136028,POSITIVE,tendencia trimestral: 801.00 endpoints/mes (contexto no causal),801.0,POSITIVE,crecimiento vecinal reciente: -0.12% (contexto no causal),-0.0011830040929150104,NEGATIVE,True,1.0,2.0-phase6-persistence-context,Disponibilidad histórica y finalización del target no verificadas. Radio de Fase 6 congelado; cobertura de la emisión actual no evaluada. Contexto descriptivo no causal; catálogo de estaciones sin vigencia histórica verificada.
col_77126fcee0bf5162978113f718dc8420,Hipodromo Condesa,Cuauhtemoc,26857.0,2026-08,6,2027-02,26857.0,0.0,0.0,NEUTRAL,PERSISTENCE,VALIDATED_WITH_CAUTION,VALIDATED_FORECAST,CURRENT_FORECAST,station_endpoints_per_calendar_month,2026-09-19T16:02:18.602535+00:00,25516.0,28198.0,2682.0,False,1341.0,2026-02,571,FROZEN_PHASE6_CALIBRATION,2026-09-01T00:00:00,PERSISTENCE,El forecast mantiene el nivel de actividad registrado en su origen: persistencia fue seleccionada por su desempeño retrospectivo. Las señales contextuales no modifican esta predicción.,growth_1,trend_3,neighbor_growth_lag1,crecimiento reciente: 7.07% (contexto no causal),0.07072519236136028,POSITIVE,tendencia trimestral: 801.00 endpoints/mes (contexto no causal),801.0,POSITIVE,crecimiento vecinal reciente: -0.12% (contexto no causal),-0.0011830040929150104,NEGATIVE,True,1.0,2.0-phase6-persistence-context,Disponibilidad histórica y finalización del target no verificadas. Radio de Fase 6 congelado; cobertura de la emisión actual no evaluada. Contexto descriptivo no causal; catálogo de estaciones sin vigencia histórica verificada.
col_77126fcee0bf5162978113f718dc8420,Hipodromo Condesa,Cuauhtemoc,26857.0,2026-08,12,2027-08,26857.0,0.0,0.0,NEUTRAL,PERSISTENCE,VALIDATED_WITH_CAUTION,VALIDATED_FORECAST,CURRENT_FORECAST,station_endpoints_per_calendar_month,2026-09-19T16:02:18.602535+00:00,24576.0,29138.0,4562.0,False,2281.0,2025-08,165,FROZEN_PHASE6_CALIBRATION,2026-09-01T00:00:00,PERSISTENCE,El forecast mantiene el nivel de actividad registrado en su origen: persistencia fue seleccionada por su desempeño retrospectivo. Las señales contextuales no modifican esta predicción.,growth_1,trend_3,neighbor_growth_lag1,crecimiento reciente: 7.07% (contexto no causal),0.07072519236136028,POSITIVE,tendencia trimestral: 801.00 endpoints/mes (contexto no causal),801.0,POSITIVE,crecimiento vecinal reciente: -0.12% (contexto no causal),-0.0011830040929150104,NEGATIVE,True,1.0,2.0-phase6-persistence-context,Disponibilidad histórica y finalización del target no verificadas. Radio de Fase 6 congelado; cobertura de la emisión actual no evaluada. Contexto descriptivo no causal; catálogo de estaciones sin vigencia histórica verificada.
col_7d88ca5b0c8d519c962986381a6c0a11,San Pedro de los Pinos,Benito Juarez,30935.0,2026-08,1,2026-09,30935.0,0.0,0.0,NEUTRAL,PERSISTENCE,VALIDATED_SHORT_TERM,VALIDATED_FORECAST,CURRENT_FORECAST,station_endpoints_per_calendar_month,2026-09-19T16:02:18.602535+00:00,29890.0,31980.0,2090.0,False,1045.0,2026-07,911,FROZEN_PHASE6_CALIBRATION,2026-09-01T00:00:00,PERSISTENCE,El forecast mantiene el nivel de actividad registrado en su origen: persistencia fue seleccionada por su desempeño retrospectivo. Las señales contextuales no modifican esta predicción.,growth_1,trend_3,neighbor_growth_lag1,crecimiento reciente: 1.44% (contexto no causal),0.014395330535152151,POSITIVE,tendencia trimestral: 1235.00 endpoints/mes (contexto no causal),1235.0,POSITIVE,crecimiento vecinal reciente: -1.72% (contexto no causal),-0.01721425335262356,NEGATIVE,True,1.0,2.0-phase6-persistence-context,Disponibilidad histórica y finalización del target no verificadas. Radio de Fase 6 congelado; cobertura de la emisión actual no evaluada. Contexto descriptivo no causal; catálogo de estaciones sin vigencia histórica verificada.
col_7d88ca5b0c8d519c962986381a6c0a11,San Pedro de los Pinos,Benito Juarez,30935.0,2026-08,3,2026-11,30935.0,0.0,0.0,NEUTRAL,PERSISTENCE,VALIDATED_WITH_CAUTION,VALIDATED_FORECAST,CURRENT_FORECAST,station_endpoints_per_calendar_month,2026-09-19T16:02:18.602535+00:00,29657.0,32213.0,2556.0,False,1278.0,2026-05,780,FROZEN_PHASE6_CALIBRATION,2026-09-01T00:00:00,PERSISTENCE,El forecast mantiene el nivel de actividad registrado en su origen: persistencia fue seleccionada por su desempeño retrospectivo. Las señales contextuales no modifican esta predicción.,growth_1,trend_3,neighbor_growth_lag1,crecimiento reciente: 1.44% (contexto no causal),0.014395330535152151,POSITIVE,tendencia trimestral: 1235.00 endpoints/mes (contexto no causal),1235.0,POSITIVE,crecimiento vecinal reciente: -1.72% (contexto no causal),-0.01721425335262356,NEGATIVE,True,1.0,2.0-phase6-persistence-context,Disponibilidad histórica y finalización del target no verificadas. Radio de Fase 6 congelado; cobertura de la emisión actual no evaluada. Contexto descriptivo no causal; catálogo de estaciones sin vigencia histórica verificada.
col_7d88ca5b0c8d519c962986381a6c0a11,San Pedro de los Pinos,Benito Juarez,30935.0,2026-08,6,2027-02,30935.0,0.0,0.0,NEUTRAL,PERSISTENCE,VALIDATED_WITH_CAUTION,VALIDATED_FORECAST,CURRENT_FORECAST,station_endpoints_per_calendar_month,2026-09-19T16:02:18.602535+00:00,29594.0,32276.0,2682.0,False,1341.0,2026-02,571,FROZEN_PHASE6_CALIBRATION,2026-09-01T00:00:00,PERSISTENCE,El forecast mantiene el nivel de actividad registrado en su origen: persistencia fue seleccionada por su desempeño retrospectivo. Las señales contextuales no modifican esta predicción.,growth_1,trend_3,neighbor_growth_lag1,crecimiento reciente: 1.44% (contexto no causal),0.014395330535152151,POSITIVE,tendencia trimestral: 1235.00 endpoints/mes (contexto no causal),1235.0,POSITIVE,crecimiento vecinal reciente: -1.72% (contexto no causal),-0.01721425335262356,NEGATIVE,True,1.0,2.0-phase6-persistence-context,Disponibilidad histórica y finalización del target no verificadas. Radio de Fase 6 congelado; cobertura de la emisión actual no evaluada. Contexto descriptivo no causal; catálogo de estaciones sin vigencia histórica verificada.
col_7d88ca5b0c8d519c962986381a6c0a11,San Pedro de los Pinos,Benito Juarez,30935.0,2026-08,12,2027-08,30935.0,0.0,0.0,NEUTRAL,PERSISTENCE,VALIDATED_WITH_CAUTION,VALIDATED_FORECAST,CURRENT_FORECAST,station_endpoints_per_calendar_month,2026-09-19T16:02:18.602535+00:00,28654.0,33216.0,4562.0,False,2281.0,2025-08,165,FROZEN_PHASE6_CALIBRATION,2026-09-01T00:00:00,PERSISTENCE,El forecast mantiene el nivel de actividad registrado en su origen: persistencia fue seleccionada por su desempeño retrospectivo. Las señales contextuales no modifican esta predicción.,growth_1,trend_3,neighbor_growth_lag1,crecimiento reciente: 1.44% (contexto no causal),0.014395330535152151,POSITIVE,tendencia trimestral: 1235.00 endpoints/mes (contexto no causal),1235.0,POSITIVE,crecimiento vecinal reciente: -1.72% (contexto no causal),-0.01721425335262356,NEGATIVE,True,1.0,2.0-phase6-persistence-context,Disponibilidad histórica y finalización del target no verificadas. Radio de Fase 6 congelado; cobertura de la emisión actual no evaluada. Contexto descriptivo no causal; catálogo de estaciones sin vigencia histórica verificada.
col_7f4389bc274355ffaf821a5f6d5a33f1,Mariano Escobedo,Miguel Hidalgo,7962.0,2026-08,1,2026-09,7962.0,0.0,0.0,NEUTRAL,PERSISTENCE,VALIDATED_SHORT_TERM,VALIDATED_FORECAST,CURRENT_FORECAST,station_endpoints_per_calendar_month,2026-09-19T16:02:18.602535+00:00,6917.0,9007.0,2090.0,False,1045.0,2026-07,911,FROZEN_PHASE6_CALIBRATION,2026-09-01T00:00:00,PERSISTENCE,El forecast mantiene el nivel de actividad registrado en su origen: persistencia fue seleccionada por su desempeño retrospectivo. Las señales contextuales no modifican esta predicción.,growth_1,trend_3,NONE,crecimiento reciente: -3.61% (contexto no causal),-0.03607748184019371,NEGATIVE,tendencia trimestral: 93.00 endpoints/mes (contexto no causal),93.0,POSITIVE,SIN_DATO,,UNAVAILABLE,False,,2.0-phase6-persistence-context,Disponibilidad histórica y finalización del target no verificadas. Radio de Fase 6 congelado; cobertura de la emisión actual no evaluada. Contexto descriptivo no causal; catálogo de estaciones sin vigencia histórica verificada.
col_7f4389bc274355ffaf821a5f6d5a33f1,Mariano Escobedo,Miguel Hidalgo,7962.0,2026-08,3,2026-11,7962.0,0.0,0.0,NEUTRAL,PERSISTENCE,VALIDATED_WITH_CAUTION,VALIDATED_FORECAST,CURRENT_FORECAST,station_endpoints_per_calendar_month,2026-09-19T16:02:18.602535+00:00,6684.0,9240.0,2556.0,False,1278.0,2026-05,780,FROZEN_PHASE6_CALIBRATION,2026-09-01T00:00:00,PERSISTENCE,El forecast mantiene el nivel de actividad registrado en su origen: persistencia fue seleccionada por su desempeño retrospectivo. Las señales contextuales no modifican esta predicción.,growth_1,trend_3,NONE,crecimiento reciente: -3.61% (contexto no causal),-0.03607748184019371,NEGATIVE,tendencia trimestral: 93.00 endpoints/mes (contexto no causal),93.0,POSITIVE,SIN_DATO,,UNAVAILABLE,False,,2.0-phase6-persistence-context,Disponibilidad histórica y finalización del target no verificadas. Radio de Fase 6 congelado; cobertura de la emisión actual no evaluada. Contexto descriptivo no causal; catálogo de estaciones sin vigencia histórica verificada.
col_7f4389bc274355ffaf821a5f6d5a33f1,Mariano Escobedo,Miguel Hidalgo,7962.0,2026-08,6,2027-02,7962.0,0.0,0.0,NEUTRAL,PERSISTENCE,VALIDATED_WITH_CAUTION,VALIDATED_FORECAST,CURRENT_FORECAST,station_endpoints_per_calendar_month,2026-09-19T16:02:18.602535+00:00,6621.0,9303.0,2682.0,False,1341.0,2026-02,571,FROZEN_PHASE6_CALIBRATION,2026-09-01T00:00:00,PERSISTENCE,El forecast mantiene el nivel de actividad registrado en su origen: persistencia fue seleccionada por su desempeño retrospectivo. Las señales contextuales no modifican esta predicción.,growth_1,trend_3,NONE,crecimiento reciente: -3.61% (contexto no causal),-0.03607748184019371,NEGATIVE,tendencia trimestral: 93.00 endpoints/mes (contexto no causal),93.0,POSITIVE,SIN_DATO,,UNAVAILABLE,False,,2.0-phase6-persistence-context,Disponibilidad histórica y finalización del target no verificadas. Radio de Fase 6 congelado; cobertura de la emisión actual no evaluada. Contexto descriptivo no causal; catálogo de estaciones sin vigencia histórica verificada.
col_7f4389bc274355ffaf821a5f6d5a33f1,Mariano Escobedo,Miguel Hidalgo,7962.0,2026-08,12,2027-08,7962.0,0.0,0.0,NEUTRAL,PERSISTENCE,VALIDATED_WITH_CAUTION,VALIDATED_FORECAST,CURRENT_FORECAST,station_endpoints_per_calendar_month,2026-09-19T16:02:18.602535+00:00,5681.0,10243.0,4562.0,False,2281.0,2025-08,165,FROZEN_PHASE6_CALIBRATION,2026-09-01T00:00:00,PERSISTENCE,El forecast mantiene el nivel de actividad registrado en su origen: persistencia fue seleccionada por su desempeño retrospectivo. Las señales contextuales no modifican esta predicción.,growth_1,trend_3,NONE,crecimiento reciente: -3.61% (contexto no causal),-0.03607748184019371,NEGATIVE,tendencia trimestral: 93.00 endpoints/mes (contexto no causal),93.0,POSITIVE,SIN_DATO,,UNAVAILABLE,False,,2.0-phase6-persistence-context,Disponibilidad histórica y finalización del target no verificadas. Radio de Fase 6 congelado; cobertura de la emisión actual no evaluada. Contexto descriptivo no causal; catálogo de estaciones sin vigencia histórica verificada.
col_81496637921a5e749f117e8ef4f2ee99,Credito Constructor,Benito Juarez,2111.0,2026-08,1,2026-09,2111.0,0.0,0.0,NEUTRAL,PERSISTENCE,VALIDATED_SHORT_TERM,VALIDATED_FORECAST,CURRENT_FORECAST,station_endpoints_per_calendar_month,2026-09-19T16:02:18.602535+00:00,1066.0,3156.0,2090.0,False,1045.0,2026-07,911,FROZEN_PHASE6_CALIBRATION,2026-09-01T00:00:00,PERSISTENCE,El forecast mantiene el nivel de actividad registrado en su origen: persistencia fue seleccionada por su desempeño retrospectivo. Las señales contextuales no modifican esta predicción.,growth_1,trend_3,neighbor_growth_lag1,crecimiento reciente: -4.48% (contexto no causal),-0.04479638009049774,NEGATIVE,tendencia trimestral: 35.00 endpoints/mes (contexto no causal),35.0,POSITIVE,crecimiento vecinal reciente: 1.88% (contexto no causal),0.018753051388600964,POSITIVE,True,1.0,2.0-phase6-persistence-context,Disponibilidad histórica y finalización del target no verificadas. Radio de Fase 6 congelado; cobertura de la emisión actual no evaluada. Contexto descriptivo no causal; catálogo de estaciones sin vigencia histórica verificada.
col_81496637921a5e749f117e8ef4f2ee99,Credito Constructor,Benito Juarez,2111.0,2026-08,3,2026-11,2111.0,0.0,0.0,NEUTRAL,PERSISTENCE,VALIDATED_WITH_CAUTION,VALIDATED_FORECAST,CURRENT_FORECAST,station_endpoints_per_calendar_month,2026-09-19T16:02:18.602535+00:00,833.0,3389.0,2556.0,False,1278.0,2026-05,780,FROZEN_PHASE6_CALIBRATION,2026-09-01T00:00:00,PERSISTENCE,El forecast mantiene el nivel de actividad registrado en su origen: persistencia fue seleccionada por su desempeño retrospectivo. Las señales contextuales no modifican esta predicción.,growth_1,trend_3,neighbor_growth_lag1,crecimiento reciente: -4.48% (contexto no causal),-0.04479638009049774,NEGATIVE,tendencia trimestral: 35.00 endpoints/mes (contexto no causal),35.0,POSITIVE,crecimiento vecinal reciente: 1.88% (contexto no causal),0.018753051388600964,POSITIVE,True,1.0,2.0-phase6-persistence-context,Disponibilidad histórica y finalización del target no verificadas. Radio de Fase 6 congelado; cobertura de la emisión actual no evaluada. Contexto descriptivo no causal; catálogo de estaciones sin vigencia histórica verificada.
col_81496637921a5e749f117e8ef4f2ee99,Credito Constructor,Benito Juarez,2111.0,2026-08,6,2027-02,2111.0,0.0,0.0,NEUTRAL,PERSISTENCE,VALIDATED_WITH_CAUTION,VALIDATED_FORECAST,CURRENT_FORECAST,station_endpoints_per_calendar_month,2026-09-19T16:02:18.602535+00:00,770.0,3452.0,2682.0,False,1341.0,2026-02,571,FROZEN_PHASE6_CALIBRATION,2026-09-01T00:00:00,PERSISTENCE,El forecast mantiene el nivel de actividad registrado en su origen: persistencia fue seleccionada por su desempeño retrospectivo. Las señales contextuales no modifican esta predicción.,growth_1,trend_3,neighbor_growth_lag1,crecimiento reciente: -4.48% (contexto no causal),-0.04479638009049774,NEGATIVE,tendencia trimestral: 35.00 endpoints/mes (contexto no causal),35.0,POSITIVE,crecimiento vecinal reciente: 1.88% (contexto no causal),0.018753051388600964,POSITIVE,True,1.0,2.0-phase6-persistence-context,Disponibilidad histórica y finalización del target no verificadas. Radio de Fase 6 congelado; cobertura de la emisión actual no evaluada. Contexto descriptivo no causal; catálogo de estaciones sin vigencia histórica verificada.
col_81496637921a5e749f117e8ef4f2ee99,Credito Constructor,Benito Juarez,2111.0,2026-08,12,2027-08,2111.0,0.0,0.0,NEUTRAL,PERSISTENCE,VALIDATED_WITH_CAUTION,VALIDATED_FORECAST,CURRENT_FORECAST,station_endpoints_per_calendar_month,2026-09-19T16:02:18.602535+00:00,0.0,4392.0,4392.0,True,2281.0,2025-08,165,FROZEN_PHASE6_CALIBRATION,2026-09-01T00:00:00,PERSISTENCE,El forecast mantiene el nivel de actividad registrado en su origen: persistencia fue seleccionada por su desempeño retrospectivo. Las señales contextuales no modifican esta predicción.,growth_1,trend_3,neighbor_growth_lag1,crecimiento reciente: -4.48% (contexto no causal),-0.04479638009049774,NEGATIVE,tendencia trimestral: 35.00 endpoints/mes (contexto no causal),35.0,POSITIVE,crecimiento vecinal reciente: 1.88% (contexto no causal),0.018753051388600964,POSITIVE,True,1.0,2.0-phase6-persistence-context,Disponibilidad histórica y finalización del target no verificadas. Radio de Fase 6 congelado; cobertura de la emisión actual no evaluada. Contexto descriptivo no causal; catálogo de estaciones sin vigencia histórica verificada.
col_81ad18034e5855e38b63dfffe608d3d3,Letran Valle,Benito Juarez,13288.0,2026-08,1,2026-09,13288.0,0.0,0.0,NEUTRAL,PERSISTENCE,VALIDATED_SHORT_TERM,VALIDATED_FORECAST,CURRENT_FORECAST,station_endpoints_per_calendar_month,2026-09-19T16:02:18.602535+00:00,12243.0,14333.0,2090.0,False,1045.0,2026-07,911,FROZEN_PHASE6_CALIBRATION,2026-09-01T00:00:00,PERSISTENCE,El forecast mantiene el nivel de actividad registrado en su origen: persistencia fue seleccionada por su desempeño retrospectivo. Las señales contextuales no modifican esta predicción.,growth_1,trend_3,neighbor_growth_lag1,crecimiento reciente: -1.43% (contexto no causal),-0.014316445367554336,NEGATIVE,tendencia trimestral: -441.50 endpoints/mes (contexto no causal),-441.5,NEGATIVE,crecimiento vecinal reciente: -3.25% (contexto no causal),-0.03248345658288787,NEGATIVE,True,1.0,2.0-phase6-persistence-context,Disponibilidad histórica y finalización del target no verificadas. Radio de Fase 6 congelado; cobertura de la emisión actual no evaluada. Contexto descriptivo no causal; catálogo de estaciones sin vigencia histórica verificada.
col_81ad18034e5855e38b63dfffe608d3d3,Letran Valle,Benito Juarez,13288.0,2026-08,3,2026-11,13288.0,0.0,0.0,NEUTRAL,PERSISTENCE,VALIDATED_WITH_CAUTION,VALIDATED_FORECAST,CURRENT_FORECAST,station_endpoints_per_calendar_month,2026-09-19T16:02:18.602535+00:00,12010.0,14566.0,2556.0,False,1278.0,2026-05,780,FROZEN_PHASE6_CALIBRATION,2026-09-01T00:00:00,PERSISTENCE,El forecast mantiene el nivel de actividad registrado en su origen: persistencia fue seleccionada por su desempeño retrospectivo. Las señales contextuales no modifican esta predicción.,growth_1,trend_3,neighbor_growth_lag1,crecimiento reciente: -1.43% (contexto no causal),-0.014316445367554336,NEGATIVE,tendencia trimestral: -441.50 endpoints/mes (contexto no causal),-441.5,NEGATIVE,crecimiento vecinal reciente: -3.25% (contexto no causal),-0.03248345658288787,NEGATIVE,True,1.0,2.0-phase6-persistence-context,Disponibilidad histórica y finalización del target no verificadas. Radio de Fase 6 congelado; cobertura de la emisión actual no evaluada. Contexto descriptivo no causal; catálogo de estaciones sin vigencia histórica verificada.
col_81ad18034e5855e38b63dfffe608d3d3,Letran Valle,Benito Juarez,13288.0,2026-08,6,2027-02,13288.0,0.0,0.0,NEUTRAL,PERSISTENCE,VALIDATED_WITH_CAUTION,VALIDATED_FORECAST,CURRENT_FORECAST,station_endpoints_per_calendar_month,2026-09-19T16:02:18.602535+00:00,11947.0,14629.0,2682.0,False,1341.0,2026-02,571,FROZEN_PHASE6_CALIBRATION,2026-09-01T00:00:00,PERSISTENCE,El forecast mantiene el nivel de actividad registrado en su origen: persistencia fue seleccionada por su desempeño retrospectivo. Las señales contextuales no modifican esta predicción.,growth_1,trend_3,neighbor_growth_lag1,crecimiento reciente: -1.43% (contexto no causal),-0.014316445367554336,NEGATIVE,tendencia trimestral: -441.50 endpoints/mes (contexto no causal),-441.5,NEGATIVE,crecimiento vecinal reciente: -3.25% (contexto no causal),-0.03248345658288787,NEGATIVE,True,1.0,2.0-phase6-persistence-context,Disponibilidad histórica y finalización del target no verificadas. Radio de Fase 6 congelado; cobertura de la emisión actual no evaluada. Contexto descriptivo no causal; catálogo de estaciones sin vigencia histórica verificada.
col_81ad18034e5855e38b63dfffe608d3d3,Letran Valle,Benito Juarez,13288.0,2026-08,12,2027-08,13288.0,0.0,0.0,NEUTRAL,PERSISTENCE,VALIDATED_WITH_CAUTION,VALIDATED_FORECAST,CURRENT_FORECAST,station_endpoints_per_calendar_month,2026-09-19T16:02:18.602535+00:00,11007.0,15569.0,4562.0,False,2281.0,2025-08,165,FROZEN_PHASE6_CALIBRATION,2026-09-01T00:00:00,PERSISTENCE,El forecast mantiene el nivel de actividad registrado en su origen: persistencia fue seleccionada por su desempeño retrospectivo. Las señales contextuales no modifican esta predicción.,growth_1,trend_3,neighbor_growth_lag1,crecimiento reciente: -1.43% (contexto no causal),-0.014316445367554336,NEGATIVE,tendencia trimestral: -441.50 endpoints/mes (contexto no causal),-441.5,NEGATIVE,crecimiento vecinal reciente: -3.25% (contexto no causal),-0.03248345658288787,NEGATIVE,True,1.0,2.0-phase6-persistence-context,Disponibilidad histórica y finalización del target no verificadas. Radio de Fase 6 congelado; cobertura de la emisión actual no evaluada. Contexto descriptivo no causal; catálogo de estaciones sin vigencia histórica verificada.
col_84c2fef5059c546e9a59e6816fb7e72b,Extremadura Insurgentes,Benito Juarez,9159.0,2026-08,1,2026-09,9159.0,0.0,0.0,NEUTRAL,PERSISTENCE,VALIDATED_SHORT_TERM,VALIDATED_FORECAST,CURRENT_FORECAST,station_endpoints_per_calendar_month,2026-09-19T16:02:18.602535+00:00,8114.0,10204.0,2090.0,False,1045.0,2026-07,911,FROZEN_PHASE6_CALIBRATION,2026-09-01T00:00:00,PERSISTENCE,El forecast mantiene el nivel de actividad registrado en su origen: persistencia fue seleccionada por su desempeño retrospectivo. Las señales contextuales no modifican esta predicción.,growth_1,trend_3,neighbor_growth_lag1,crecimiento reciente: -2.96% (contexto no causal),-0.029561347743165926,NEGATIVE,tendencia trimestral: 715.50 endpoints/mes (contexto no causal),715.5,POSITIVE,crecimiento vecinal reciente: 1.77% (contexto no causal),0.01766910614045191,POSITIVE,True,1.0,2.0-phase6-persistence-context,Disponibilidad histórica y finalización del target no verificadas. Radio de Fase 6 congelado; cobertura de la emisión actual no evaluada. Contexto descriptivo no causal; catálogo de estaciones sin vigencia histórica verificada.
col_84c2fef5059c546e9a59e6816fb7e72b,Extremadura Insurgentes,Benito Juarez,9159.0,2026-08,3,2026-11,9159.0,0.0,0.0,NEUTRAL,PERSISTENCE,VALIDATED_WITH_CAUTION,VALIDATED_FORECAST,CURRENT_FORECAST,station_endpoints_per_calendar_month,2026-09-19T16:02:18.602535+00:00,7881.0,10437.0,2556.0,False,1278.0,2026-05,780,FROZEN_PHASE6_CALIBRATION,2026-09-01T00:00:00,PERSISTENCE,El forecast mantiene el nivel de actividad registrado en su origen: persistencia fue seleccionada por su desempeño retrospectivo. Las señales contextuales no modifican esta predicción.,growth_1,trend_3,neighbor_growth_lag1,crecimiento reciente: -2.96% (contexto no causal),-0.029561347743165926,NEGATIVE,tendencia trimestral: 715.50 endpoints/mes (contexto no causal),715.5,POSITIVE,crecimiento vecinal reciente: 1.77% (contexto no causal),0.01766910614045191,POSITIVE,True,1.0,2.0-phase6-persistence-context,Disponibilidad histórica y finalización del target no verificadas. Radio de Fase 6 congelado; cobertura de la emisión actual no evaluada. Contexto descriptivo no causal; catálogo de estaciones sin vigencia histórica verificada.
col_84c2fef5059c546e9a59e6816fb7e72b,Extremadura Insurgentes,Benito Juarez,9159.0,2026-08,6,2027-02,9159.0,0.0,0.0,NEUTRAL,PERSISTENCE,VALIDATED_WITH_CAUTION,VALIDATED_FORECAST,CURRENT_FORECAST,station_endpoints_per_calendar_month,2026-09-19T16:02:18.602535+00:00,7818.0,10500.0,2682.0,False,1341.0,2026-02,571,FROZEN_PHASE6_CALIBRATION,2026-09-01T00:00:00,PERSISTENCE,El forecast mantiene el nivel de actividad registrado en su origen: persistencia fue seleccionada por su desempeño retrospectivo. Las señales contextuales no modifican esta predicción.,growth_1,trend_3,neighbor_growth_lag1,crecimiento reciente: -2.96% (contexto no causal),-0.029561347743165926,NEGATIVE,tendencia trimestral: 715.50 endpoints/mes (contexto no causal),715.5,POSITIVE,crecimiento vecinal reciente: 1.77% (contexto no causal),0.01766910614045191,POSITIVE,True,1.0,2.0-phase6-persistence-context,Disponibilidad histórica y finalización del target no verificadas. Radio de Fase 6 congelado; cobertura de la emisión actual no evaluada. Contexto descriptivo no causal; catálogo de estaciones sin vigencia histórica verificada.
col_84c2fef5059c546e9a59e6816fb7e72b,Extremadura Insurgentes,Benito Juarez,9159.0,2026-08,12,2027-08,9159.0,0.0,0.0,NEUTRAL,PERSISTENCE,VALIDATED_WITH_CAUTION,VALIDATED_FORECAST,CURRENT_FORECAST,station_endpoints_per_calendar_month,2026-09-19T16:02:18.602535+00:00,6878.0,11440.0,4562.0,False,2281.0,2025-08,165,FROZEN_PHASE6_CALIBRATION,2026-09-01T00:00:00,PERSISTENCE,El forecast mantiene el nivel de actividad registrado en su origen: persistencia fue seleccionada por su desempeño retrospectivo. Las señales contextuales no modifican esta predicción.,growth_1,trend_3,neighbor_growth_lag1,crecimiento reciente: -2.96% (contexto no causal),-0.029561347743165926,NEGATIVE,tendencia trimestral: 715.50 endpoints/mes (contexto no causal),715.5,POSITIVE,crecimiento vecinal reciente: 1.77% (contexto no causal),0.01766910614045191,POSITIVE,True,1.0,2.0-phase6-persistence-context,Disponibilidad histórica y finalización del target no verificadas. Radio de Fase 6 congelado; cobertura de la emisión actual no evaluada. Contexto descriptivo no causal; catálogo de estaciones sin vigencia histórica verificada.
col_8694171d7ed551d78020504424e7148c,Xoco,Benito Juarez,6249.0,2026-08,1,2026-09,6249.0,0.0,0.0,NEUTRAL,PERSISTENCE,VALIDATED_SHORT_TERM,VALIDATED_FORECAST,CURRENT_FORECAST,station_endpoints_per_calendar_month,2026-09-19T16:02:18.602535+00:00,5204.0,7294.0,2090.0,False,1045.0,2026-07,911,FROZEN_PHASE6_CALIBRATION,2026-09-01T00:00:00,PERSISTENCE,El forecast mantiene el nivel de actividad registrado en su origen: persistencia fue seleccionada por su desempeño retrospectivo. Las señales contextuales no modifican esta predicción.,growth_1,trend_3,neighbor_growth_lag1,crecimiento reciente: -4.16% (contexto no causal),-0.04156441717791411,NEGATIVE,tendencia trimestral: 285.00 endpoints/mes (contexto no causal),285.0,POSITIVE,crecimiento vecinal reciente: -0.80% (contexto no causal),-0.007961515028056884,NEGATIVE,True,1.0,2.0-phase6-persistence-context,Disponibilidad histórica y finalización del target no verificadas. Radio de Fase 6 congelado; cobertura de la emisión actual no evaluada. Contexto descriptivo no causal; catálogo de estaciones sin vigencia histórica verificada.
col_8694171d7ed551d78020504424e7148c,Xoco,Benito Juarez,6249.0,2026-08,3,2026-11,6249.0,0.0,0.0,NEUTRAL,PERSISTENCE,VALIDATED_WITH_CAUTION,VALIDATED_FORECAST,CURRENT_FORECAST,station_endpoints_per_calendar_month,2026-09-19T16:02:18.602535+00:00,4971.0,7527.0,2556.0,False,1278.0,2026-05,780,FROZEN_PHASE6_CALIBRATION,2026-09-01T00:00:00,PERSISTENCE,El forecast mantiene el nivel de actividad registrado en su origen: persistencia fue seleccionada por su desempeño retrospectivo. Las señales contextuales no modifican esta predicción.,growth_1,trend_3,neighbor_growth_lag1,crecimiento reciente: -4.16% (contexto no causal),-0.04156441717791411,NEGATIVE,tendencia trimestral: 285.00 endpoints/mes (contexto no causal),285.0,POSITIVE,crecimiento vecinal reciente: -0.80% (contexto no causal),-0.007961515028056884,NEGATIVE,True,1.0,2.0-phase6-persistence-context,Disponibilidad histórica y finalización del target no verificadas. Radio de Fase 6 congelado; cobertura de la emisión actual no evaluada. Contexto descriptivo no causal; catálogo de estaciones sin vigencia histórica verificada.
col_8694171d7ed551d78020504424e7148c,Xoco,Benito Juarez,6249.0,2026-08,6,2027-02,6249.0,0.0,0.0,NEUTRAL,PERSISTENCE,VALIDATED_WITH_CAUTION,VALIDATED_FORECAST,CURRENT_FORECAST,station_endpoints_per_calendar_month,2026-09-19T16:02:18.602535+00:00,4908.0,7590.0,2682.0,False,1341.0,2026-02,571,FROZEN_PHASE6_CALIBRATION,2026-09-01T00:00:00,PERSISTENCE,El forecast mantiene el nivel de actividad registrado en su origen: persistencia fue seleccionada por su desempeño retrospectivo. Las señales contextuales no modifican esta predicción.,growth_1,trend_3,neighbor_growth_lag1,crecimiento reciente: -4.16% (contexto no causal),-0.04156441717791411,NEGATIVE,tendencia trimestral: 285.00 endpoints/mes (contexto no causal),285.0,POSITIVE,crecimiento vecinal reciente: -0.80% (contexto no causal),-0.007961515028056884,NEGATIVE,True,1.0,2.0-phase6-persistence-context,Disponibilidad histórica y finalización del target no verificadas. Radio de Fase 6 congelado; cobertura de la emisión actual no evaluada. Contexto descriptivo no causal; catálogo de estaciones sin vigencia histórica verificada.
col_8694171d7ed551d78020504424e7148c,Xoco,Benito Juarez,6249.0,2026-08,12,2027-08,6249.0,0.0,0.0,NEUTRAL,PERSISTENCE,VALIDATED_WITH_CAUTION,VALIDATED_FORECAST,CURRENT_FORECAST,station_endpoints_per_calendar_month,2026-09-19T16:02:18.602535+00:00,3968.0,8530.0,4562.0,False,2281.0,2025-08,165,FROZEN_PHASE6_CALIBRATION,2026-09-01T00:00:00,PERSISTENCE,El forecast mantiene el nivel de actividad registrado en su origen: persistencia fue seleccionada por su desempeño retrospectivo. Las señales contextuales no modifican esta predicción.,growth_1,trend_3,neighbor_growth_lag1,crecimiento reciente: -4.16% (contexto no causal),-0.04156441717791411,NEGATIVE,tendencia trimestral: 285.00 endpoints/mes (contexto no causal),285.0,POSITIVE,crecimiento vecinal reciente: -0.80% (contexto no causal),-0.007961515028056884,NEGATIVE,True,1.0,2.0-phase6-persistence-context,Disponibilidad histórica y finalización del target no verificadas. Radio de Fase 6 congelado; cobertura de la emisión actual no evaluada. Contexto descriptivo no causal; catálogo de estaciones sin vigencia histórica verificada.
col_8dd63c1e84435db49a927bcd4b149776,Atlampa,Cuauhtemoc,8080.0,2026-08,1,2026-09,8080.0,0.0,0.0,NEUTRAL,PERSISTENCE,VALIDATED_SHORT_TERM,VALIDATED_FORECAST,CURRENT_FORECAST,station_endpoints_per_calendar_month,2026-09-19T16:02:18.602535+00:00,7035.0,9125.0,2090.0,False,1045.0,2026-07,911,FROZEN_PHASE6_CALIBRATION,2026-09-01T00:00:00,PERSISTENCE,El forecast mantiene el nivel de actividad registrado en su origen: persistencia fue seleccionada por su desempeño retrospectivo. Las señales contextuales no modifican esta predicción.,growth_1,trend_3,neighbor_growth_lag1,crecimiento reciente: -1.45% (contexto no causal),-0.014513965117697281,NEGATIVE,tendencia trimestral: 0.00 endpoints/mes (contexto no causal),0.0,NEUTRAL,crecimiento vecinal reciente: 1.78% (contexto no causal),0.017837857171190127,POSITIVE,True,1.0,2.0-phase6-persistence-context,Disponibilidad histórica y finalización del target no verificadas. Radio de Fase 6 congelado; cobertura de la emisión actual no evaluada. Contexto descriptivo no causal; catálogo de estaciones sin vigencia histórica verificada.
col_8dd63c1e84435db49a927bcd4b149776,Atlampa,Cuauhtemoc,8080.0,2026-08,3,2026-11,8080.0,0.0,0.0,NEUTRAL,PERSISTENCE,VALIDATED_WITH_CAUTION,VALIDATED_FORECAST,CURRENT_FORECAST,station_endpoints_per_calendar_month,2026-09-19T16:02:18.602535+00:00,6802.0,9358.0,2556.0,False,1278.0,2026-05,780,FROZEN_PHASE6_CALIBRATION,2026-09-01T00:00:00,PERSISTENCE,El forecast mantiene el nivel de actividad registrado en su origen: persistencia fue seleccionada por su desempeño retrospectivo. Las señales contextuales no modifican esta predicción.,growth_1,trend_3,neighbor_growth_lag1,crecimiento reciente: -1.45% (contexto no causal),-0.014513965117697281,NEGATIVE,tendencia trimestral: 0.00 endpoints/mes (contexto no causal),0.0,NEUTRAL,crecimiento vecinal reciente: 1.78% (contexto no causal),0.017837857171190127,POSITIVE,True,1.0,2.0-phase6-persistence-context,Disponibilidad histórica y finalización del target no verificadas. Radio de Fase 6 congelado; cobertura de la emisión actual no evaluada. Contexto descriptivo no causal; catálogo de estaciones sin vigencia histórica verificada.
col_8dd63c1e84435db49a927bcd4b149776,Atlampa,Cuauhtemoc,8080.0,2026-08,6,2027-02,8080.0,0.0,0.0,NEUTRAL,PERSISTENCE,VALIDATED_WITH_CAUTION,VALIDATED_FORECAST,CURRENT_FORECAST,station_endpoints_per_calendar_month,2026-09-19T16:02:18.602535+00:00,6739.0,9421.0,2682.0,False,1341.0,2026-02,571,FROZEN_PHASE6_CALIBRATION,2026-09-01T00:00:00,PERSISTENCE,El forecast mantiene el nivel de actividad registrado en su origen: persistencia fue seleccionada por su desempeño retrospectivo. Las señales contextuales no modifican esta predicción.,growth_1,trend_3,neighbor_growth_lag1,crecimiento reciente: -1.45% (contexto no causal),-0.014513965117697281,NEGATIVE,tendencia trimestral: 0.00 endpoints/mes (contexto no causal),0.0,NEUTRAL,crecimiento vecinal reciente: 1.78% (contexto no causal),0.017837857171190127,POSITIVE,True,1.0,2.0-phase6-persistence-context,Disponibilidad histórica y finalización del target no verificadas. Radio de Fase 6 congelado; cobertura de la emisión actual no evaluada. Contexto descriptivo no causal; catálogo de estaciones sin vigencia histórica verificada.
col_8dd63c1e84435db49a927bcd4b149776,Atlampa,Cuauhtemoc,8080.0,2026-08,12,2027-08,8080.0,0.0,0.0,NEUTRAL,PERSISTENCE,VALIDATED_WITH_CAUTION,VALIDATED_FORECAST,CURRENT_FORECAST,station_endpoints_per_calendar_month,2026-09-19T16:02:18.602535+00:00,5799.0,10361.0,4562.0,False,2281.0,2025-08,165,FROZEN_PHASE6_CALIBRATION,2026-09-01T00:00:00,PERSISTENCE,El forecast mantiene el nivel de actividad registrado en su origen: persistencia fue seleccionada por su desempeño retrospectivo. Las señales contextuales no modifican esta predicción.,growth_1,trend_3,neighbor_growth_lag1,crecimiento reciente: -1.45% (contexto no causal),-0.014513965117697281,NEGATIVE,tendencia trimestral: 0.00 endpoints/mes (contexto no causal),0.0,NEUTRAL,crecimiento vecinal reciente: 1.78% (contexto no causal),0.017837857171190127,POSITIVE,True,1.0,2.0-phase6-persistence-context,Disponibilidad histórica y finalización del target no verificadas. Radio de Fase 6 congelado; cobertura de la emisión actual no evaluada. Contexto descriptivo no causal; catálogo de estaciones sin vigencia histórica verificada.
col_8e89f7e8963258c3b4c0ec85deb35ae9,Tlacoquemecatl del Valle,Benito Juarez,19818.0,2026-08,1,2026-09,19818.0,0.0,0.0,NEUTRAL,PERSISTENCE,VALIDATED_SHORT_TERM,VALIDATED_FORECAST,CURRENT_FORECAST,station_endpoints_per_calendar_month,2026-09-19T16:02:18.602535+00:00,18773.0,20863.0,2090.0,False,1045.0,2026-07,911,FROZEN_PHASE6_CALIBRATION,2026-09-01T00:00:00,PERSISTENCE,El forecast mantiene el nivel de actividad registrado en su origen: persistencia fue seleccionada por su desempeño retrospectivo. Las señales contextuales no modifican esta predicción.,growth_1,trend_3,neighbor_growth_lag1,crecimiento reciente: 1.46% (contexto no causal),0.014642637722711448,POSITIVE,tendencia trimestral: 997.50 endpoints/mes (contexto no causal),997.5,POSITIVE,crecimiento vecinal reciente: 0.88% (contexto no causal),0.008828309047276434,POSITIVE,True,1.0,2.0-phase6-persistence-context,Disponibilidad histórica y finalización del target no verificadas. Radio de Fase 6 congelado; cobertura de la emisión actual no evaluada. Contexto descriptivo no causal; catálogo de estaciones sin vigencia histórica verificada.
col_8e89f7e8963258c3b4c0ec85deb35ae9,Tlacoquemecatl del Valle,Benito Juarez,19818.0,2026-08,3,2026-11,19818.0,0.0,0.0,NEUTRAL,PERSISTENCE,VALIDATED_WITH_CAUTION,VALIDATED_FORECAST,CURRENT_FORECAST,station_endpoints_per_calendar_month,2026-09-19T16:02:18.602535+00:00,18540.0,21096.0,2556.0,False,1278.0,2026-05,780,FROZEN_PHASE6_CALIBRATION,2026-09-01T00:00:00,PERSISTENCE,El forecast mantiene el nivel de actividad registrado en su origen: persistencia fue seleccionada por su desempeño retrospectivo. Las señales contextuales no modifican esta predicción.,growth_1,trend_3,neighbor_growth_lag1,crecimiento reciente: 1.46% (contexto no causal),0.014642637722711448,POSITIVE,tendencia trimestral: 997.50 endpoints/mes (contexto no causal),997.5,POSITIVE,crecimiento vecinal reciente: 0.88% (contexto no causal),0.008828309047276434,POSITIVE,True,1.0,2.0-phase6-persistence-context,Disponibilidad histórica y finalización del target no verificadas. Radio de Fase 6 congelado; cobertura de la emisión actual no evaluada. Contexto descriptivo no causal; catálogo de estaciones sin vigencia histórica verificada.
col_8e89f7e8963258c3b4c0ec85deb35ae9,Tlacoquemecatl del Valle,Benito Juarez,19818.0,2026-08,6,2027-02,19818.0,0.0,0.0,NEUTRAL,PERSISTENCE,VALIDATED_WITH_CAUTION,VALIDATED_FORECAST,CURRENT_FORECAST,station_endpoints_per_calendar_month,2026-09-19T16:02:18.602535+00:00,18477.0,21159.0,2682.0,False,1341.0,2026-02,571,FROZEN_PHASE6_CALIBRATION,2026-09-01T00:00:00,PERSISTENCE,El forecast mantiene el nivel de actividad registrado en su origen: persistencia fue seleccionada por su desempeño retrospectivo. Las señales contextuales no modifican esta predicción.,growth_1,trend_3,neighbor_growth_lag1,crecimiento reciente: 1.46% (contexto no causal),0.014642637722711448,POSITIVE,tendencia trimestral: 997.50 endpoints/mes (contexto no causal),997.5,POSITIVE,crecimiento vecinal reciente: 0.88% (contexto no causal),0.008828309047276434,POSITIVE,True,1.0,2.0-phase6-persistence-context,Disponibilidad histórica y finalización del target no verificadas. Radio de Fase 6 congelado; cobertura de la emisión actual no evaluada. Contexto descriptivo no causal; catálogo de estaciones sin vigencia histórica verificada.
col_8e89f7e8963258c3b4c0ec85deb35ae9,Tlacoquemecatl del Valle,Benito Juarez,19818.0,2026-08,12,2027-08,19818.0,0.0,0.0,NEUTRAL,PERSISTENCE,VALIDATED_WITH_CAUTION,VALIDATED_FORECAST,CURRENT_FORECAST,station_endpoints_per_calendar_month,2026-09-19T16:02:18.602535+00:00,17537.0,22099.0,4562.0,False,2281.0,2025-08,165,FROZEN_PHASE6_CALIBRATION,2026-09-01T00:00:00,PERSISTENCE,El forecast mantiene el nivel de actividad registrado en su origen: persistencia fue seleccionada por su desempeño retrospectivo. Las señales contextuales no modifican esta predicción.,growth_1,trend_3,neighbor_growth_lag1,crecimiento reciente: 1.46% (contexto no causal),0.014642637722711448,POSITIVE,tendencia trimestral: 997.50 endpoints/mes (contexto no causal),997.5,POSITIVE,crecimiento vecinal reciente: 0.88% (contexto no causal),0.008828309047276434,POSITIVE,True,1.0,2.0-phase6-persistence-context,Disponibilidad histórica y finalización del target no verificadas. Radio de Fase 6 congelado; cobertura de la emisión actual no evaluada. Contexto descriptivo no causal; catálogo de estaciones sin vigencia histórica verificada.
col_926ff32000a751399a54daad7479254d,Anzures,Miguel Hidalgo,32710.0,2026-08,1,2026-09,32710.0,0.0,0.0,NEUTRAL,PERSISTENCE,VALIDATED_SHORT_TERM,VALIDATED_FORECAST,CURRENT_FORECAST,station_endpoints_per_calendar_month,2026-09-19T16:02:18.602535+00:00,31665.0,33755.0,2090.0,False,1045.0,2026-07,911,FROZEN_PHASE6_CALIBRATION,2026-09-01T00:00:00,PERSISTENCE,El forecast mantiene el nivel de actividad registrado en su origen: persistencia fue seleccionada por su desempeño retrospectivo. Las señales contextuales no modifican esta predicción.,growth_1,trend_3,neighbor_growth_lag1,crecimiento reciente: -5.56% (contexto no causal),-0.05560688301189514,NEGATIVE,tendencia trimestral: 262.50 endpoints/mes (contexto no causal),262.5,POSITIVE,crecimiento vecinal reciente: -1.58% (contexto no causal),-0.01578039293248988,NEGATIVE,True,1.0,2.0-phase6-persistence-context,Disponibilidad histórica y finalización del target no verificadas. Radio de Fase 6 congelado; cobertura de la emisión actual no evaluada. Contexto descriptivo no causal; catálogo de estaciones sin vigencia histórica verificada.
col_926ff32000a751399a54daad7479254d,Anzures,Miguel Hidalgo,32710.0,2026-08,3,2026-11,32710.0,0.0,0.0,NEUTRAL,PERSISTENCE,VALIDATED_WITH_CAUTION,VALIDATED_FORECAST,CURRENT_FORECAST,station_endpoints_per_calendar_month,2026-09-19T16:02:18.602535+00:00,31432.0,33988.0,2556.0,False,1278.0,2026-05,780,FROZEN_PHASE6_CALIBRATION,2026-09-01T00:00:00,PERSISTENCE,El forecast mantiene el nivel de actividad registrado en su origen: persistencia fue seleccionada por su desempeño retrospectivo. Las señales contextuales no modifican esta predicción.,growth_1,trend_3,neighbor_growth_lag1,crecimiento reciente: -5.56% (contexto no causal),-0.05560688301189514,NEGATIVE,tendencia trimestral: 262.50 endpoints/mes (contexto no causal),262.5,POSITIVE,crecimiento vecinal reciente: -1.58% (contexto no causal),-0.01578039293248988,NEGATIVE,True,1.0,2.0-phase6-persistence-context,Disponibilidad histórica y finalización del target no verificadas. Radio de Fase 6 congelado; cobertura de la emisión actual no evaluada. Contexto descriptivo no causal; catálogo de estaciones sin vigencia histórica verificada.
col_926ff32000a751399a54daad7479254d,Anzures,Miguel Hidalgo,32710.0,2026-08,6,2027-02,32710.0,0.0,0.0,NEUTRAL,PERSISTENCE,VALIDATED_WITH_CAUTION,VALIDATED_FORECAST,CURRENT_FORECAST,station_endpoints_per_calendar_month,2026-09-19T16:02:18.602535+00:00,31369.0,34051.0,2682.0,False,1341.0,2026-02,571,FROZEN_PHASE6_CALIBRATION,2026-09-01T00:00:00,PERSISTENCE,El forecast mantiene el nivel de actividad registrado en su origen: persistencia fue seleccionada por su desempeño retrospectivo. Las señales contextuales no modifican esta predicción.,growth_1,trend_3,neighbor_growth_lag1,crecimiento reciente: -5.56% (contexto no causal),-0.05560688301189514,NEGATIVE,tendencia trimestral: 262.50 endpoints/mes (contexto no causal),262.5,POSITIVE,crecimiento vecinal reciente: -1.58% (contexto no causal),-0.01578039293248988,NEGATIVE,True,1.0,2.0-phase6-persistence-context,Disponibilidad histórica y finalización del target no verificadas. Radio de Fase 6 congelado; cobertura de la emisión actual no evaluada. Contexto descriptivo no causal; catálogo de estaciones sin vigencia histórica verificada.
col_926ff32000a751399a54daad7479254d,Anzures,Miguel Hidalgo,32710.0,2026-08,12,2027-08,32710.0,0.0,0.0,NEUTRAL,PERSISTENCE,VALIDATED_WITH_CAUTION,VALIDATED_FORECAST,CURRENT_FORECAST,station_endpoints_per_calendar_month,2026-09-19T16:02:18.602535+00:00,30429.0,34991.0,4562.0,False,2281.0,2025-08,165,FROZEN_PHASE6_CALIBRATION,2026-09-01T00:00:00,PERSISTENCE,El forecast mantiene el nivel de actividad registrado en su origen: persistencia fue seleccionada por su desempeño retrospectivo. Las señales contextuales no modifican esta predicción.,growth_1,trend_3,neighbor_growth_lag1,crecimiento reciente: -5.56% (contexto no causal),-0.05560688301189514,NEGATIVE,tendencia trimestral: 262.50 endpoints/mes (contexto no causal),262.5,POSITIVE,crecimiento vecinal reciente: -1.58% (contexto no causal),-0.01578039293248988,NEGATIVE,True,1.0,2.0-phase6-persistence-context,Disponibilidad histórica y finalización del target no verificadas. Radio de Fase 6 congelado; cobertura de la emisión actual no evaluada. Contexto descriptivo no causal; catálogo de estaciones sin vigencia histórica verificada.
col_92cd6e3f23155eedb10936246b2da76c,Popotla,Miguel Hidalgo,15999.0,2026-08,1,2026-09,15999.0,0.0,0.0,NEUTRAL,PERSISTENCE,VALIDATED_SHORT_TERM,VALIDATED_FORECAST,CURRENT_FORECAST,station_endpoints_per_calendar_month,2026-09-19T16:02:18.602535+00:00,14954.0,17044.0,2090.0,False,1045.0,2026-07,911,FROZEN_PHASE6_CALIBRATION,2026-09-01T00:00:00,PERSISTENCE,El forecast mantiene el nivel de actividad registrado en su origen: persistencia fue seleccionada por su desempeño retrospectivo. Las señales contextuales no modifican esta predicción.,growth_1,trend_3,neighbor_growth_lag1,crecimiento reciente: 0.72% (contexto no causal),0.007239989926970536,POSITIVE,tendencia trimestral: 536.50 endpoints/mes (contexto no causal),536.5,POSITIVE,crecimiento vecinal reciente: -3.41% (contexto no causal),-0.03411381890083791,NEGATIVE,True,1.0,2.0-phase6-persistence-context,Disponibilidad histórica y finalización del target no verificadas. Radio de Fase 6 congelado; cobertura de la emisión actual no evaluada. Contexto descriptivo no causal; catálogo de estaciones sin vigencia histórica verificada.
col_92cd6e3f23155eedb10936246b2da76c,Popotla,Miguel Hidalgo,15999.0,2026-08,3,2026-11,15999.0,0.0,0.0,NEUTRAL,PERSISTENCE,VALIDATED_WITH_CAUTION,VALIDATED_FORECAST,CURRENT_FORECAST,station_endpoints_per_calendar_month,2026-09-19T16:02:18.602535+00:00,14721.0,17277.0,2556.0,False,1278.0,2026-05,780,FROZEN_PHASE6_CALIBRATION,2026-09-01T00:00:00,PERSISTENCE,El forecast mantiene el nivel de actividad registrado en su origen: persistencia fue seleccionada por su desempeño retrospectivo. Las señales contextuales no modifican esta predicción.,growth_1,trend_3,neighbor_growth_lag1,crecimiento reciente: 0.72% (contexto no causal),0.007239989926970536,POSITIVE,tendencia trimestral: 536.50 endpoints/mes (contexto no causal),536.5,POSITIVE,crecimiento vecinal reciente: -3.41% (contexto no causal),-0.03411381890083791,NEGATIVE,True,1.0,2.0-phase6-persistence-context,Disponibilidad histórica y finalización del target no verificadas. Radio de Fase 6 congelado; cobertura de la emisión actual no evaluada. Contexto descriptivo no causal; catálogo de estaciones sin vigencia histórica verificada.
col_92cd6e3f23155eedb10936246b2da76c,Popotla,Miguel Hidalgo,15999.0,2026-08,6,2027-02,15999.0,0.0,0.0,NEUTRAL,PERSISTENCE,VALIDATED_WITH_CAUTION,VALIDATED_FORECAST,CURRENT_FORECAST,station_endpoints_per_calendar_month,2026-09-19T16:02:18.602535+00:00,14658.0,17340.0,2682.0,False,1341.0,2026-02,571,FROZEN_PHASE6_CALIBRATION,2026-09-01T00:00:00,PERSISTENCE,El forecast mantiene el nivel de actividad registrado en su origen: persistencia fue seleccionada por su desempeño retrospectivo. Las señales contextuales no modifican esta predicción.,growth_1,trend_3,neighbor_growth_lag1,crecimiento reciente: 0.72% (contexto no causal),0.007239989926970536,POSITIVE,tendencia trimestral: 536.50 endpoints/mes (contexto no causal),536.5,POSITIVE,crecimiento vecinal reciente: -3.41% (contexto no causal),-0.03411381890083791,NEGATIVE,True,1.0,2.0-phase6-persistence-context,Disponibilidad histórica y finalización del target no verificadas. Radio de Fase 6 congelado; cobertura de la emisión actual no evaluada. Contexto descriptivo no causal; catálogo de estaciones sin vigencia histórica verificada.
col_92cd6e3f23155eedb10936246b2da76c,Popotla,Miguel Hidalgo,15999.0,2026-08,12,2027-08,15999.0,0.0,0.0,NEUTRAL,PERSISTENCE,VALIDATED_WITH_CAUTION,VALIDATED_FORECAST,CURRENT_FORECAST,station_endpoints_per_calendar_month,2026-09-19T16:02:18.602535+00:00,13718.0,18280.0,4562.0,False,2281.0,2025-08,165,FROZEN_PHASE6_CALIBRATION,2026-09-01T00:00:00,PERSISTENCE,El forecast mantiene el nivel de actividad registrado en su origen: persistencia fue seleccionada por su desempeño retrospectivo. Las señales contextuales no modifican esta predicción.,growth_1,trend_3,neighbor_growth_lag1,crecimiento reciente: 0.72% (contexto no causal),0.007239989926970536,POSITIVE,tendencia trimestral: 536.50 endpoints/mes (contexto no causal),536.5,POSITIVE,crecimiento vecinal reciente: -3.41% (contexto no causal),-0.03411381890083791,NEGATIVE,True,1.0,2.0-phase6-persistence-context,Disponibilidad histórica y finalización del target no verificadas. Radio de Fase 6 congelado; cobertura de la emisión actual no evaluada. Contexto descriptivo no causal; catálogo de estaciones sin vigencia histórica verificada.
col_96af67dbdc945131a7e1fb18aab974fa,Parque San Andres,Coyoacan,9539.0,2026-08,1,2026-09,9539.0,0.0,0.0,NEUTRAL,PERSISTENCE,VALIDATED_SHORT_TERM,VALIDATED_FORECAST,CURRENT_FORECAST,station_endpoints_per_calendar_month,2026-09-19T16:02:18.602535+00:00,8494.0,10584.0,2090.0,False,1045.0,2026-07,911,FROZEN_PHASE6_CALIBRATION,2026-09-01T00:00:00,PERSISTENCE,El forecast mantiene el nivel de actividad registrado en su origen: persistencia fue seleccionada por su desempeño retrospectivo. Las señales contextuales no modifican esta predicción.,growth_1,trend_3,NONE,crecimiento reciente: -5.99% (contexto no causal),-0.05991918793732138,NEGATIVE,tendencia trimestral: -258.00 endpoints/mes (contexto no causal),-258.0,NEGATIVE,SIN_DATO,,UNAVAILABLE,False,,2.0-phase6-persistence-context,Disponibilidad histórica y finalización del target no verificadas. Radio de Fase 6 congelado; cobertura de la emisión actual no evaluada. Contexto descriptivo no causal; catálogo de estaciones sin vigencia histórica verificada.
col_96af67dbdc945131a7e1fb18aab974fa,Parque San Andres,Coyoacan,9539.0,2026-08,3,2026-11,9539.0,0.0,0.0,NEUTRAL,PERSISTENCE,VALIDATED_WITH_CAUTION,VALIDATED_FORECAST,CURRENT_FORECAST,station_endpoints_per_calendar_month,2026-09-19T16:02:18.602535+00:00,8261.0,10817.0,2556.0,False,1278.0,2026-05,780,FROZEN_PHASE6_CALIBRATION,2026-09-01T00:00:00,PERSISTENCE,El forecast mantiene el nivel de actividad registrado en su origen: persistencia fue seleccionada por su desempeño retrospectivo. Las señales contextuales no modifican esta predicción.,growth_1,trend_3,NONE,crecimiento reciente: -5.99% (contexto no causal),-0.05991918793732138,NEGATIVE,tendencia trimestral: -258.00 endpoints/mes (contexto no causal),-258.0,NEGATIVE,SIN_DATO,,UNAVAILABLE,False,,2.0-phase6-persistence-context,Disponibilidad histórica y finalización del target no verificadas. Radio de Fase 6 congelado; cobertura de la emisión actual no evaluada. Contexto descriptivo no causal; catálogo de estaciones sin vigencia histórica verificada.
col_96af67dbdc945131a7e1fb18aab974fa,Parque San Andres,Coyoacan,9539.0,2026-08,6,2027-02,9539.0,0.0,0.0,NEUTRAL,PERSISTENCE,VALIDATED_WITH_CAUTION,VALIDATED_FORECAST,CURRENT_FORECAST,station_endpoints_per_calendar_month,2026-09-19T16:02:18.602535+00:00,8198.0,10880.0,2682.0,False,1341.0,2026-02,571,FROZEN_PHASE6_CALIBRATION,2026-09-01T00:00:00,PERSISTENCE,El forecast mantiene el nivel de actividad registrado en su origen: persistencia fue seleccionada por su desempeño retrospectivo. Las señales contextuales no modifican esta predicción.,growth_1,trend_3,NONE,crecimiento reciente: -5.99% (contexto no causal),-0.05991918793732138,NEGATIVE,tendencia trimestral: -258.00 endpoints/mes (contexto no causal),-258.0,NEGATIVE,SIN_DATO,,UNAVAILABLE,False,,2.0-phase6-persistence-context,Disponibilidad histórica y finalización del target no verificadas. Radio de Fase 6 congelado; cobertura de la emisión actual no evaluada. Contexto descriptivo no causal; catálogo de estaciones sin vigencia histórica verificada.
col_96af67dbdc945131a7e1fb18aab974fa,Parque San Andres,Coyoacan,9539.0,2026-08,12,2027-08,9539.0,0.0,0.0,NEUTRAL,PERSISTENCE,VALIDATED_WITH_CAUTION,VALIDATED_FORECAST,CURRENT_FORECAST,station_endpoints_per_calendar_month,2026-09-19T16:02:18.602535+00:00,7258.0,11820.0,4562.0,False,2281.0,2025-08,165,FROZEN_PHASE6_CALIBRATION,2026-09-01T00:00:00,PERSISTENCE,El forecast mantiene el nivel de actividad registrado en su origen: persistencia fue seleccionada por su desempeño retrospectivo. Las señales contextuales no modifican esta predicción.,growth_1,trend_3,NONE,crecimiento reciente: -5.99% (contexto no causal),-0.05991918793732138,NEGATIVE,tendencia trimestral: -258.00 endpoints/mes (contexto no causal),-258.0,NEGATIVE,SIN_DATO,,UNAVAILABLE,False,,2.0-phase6-persistence-context,Disponibilidad histórica y finalización del target no verificadas. Radio de Fase 6 congelado; cobertura de la emisión actual no evaluada. Contexto descriptivo no causal; catálogo de estaciones sin vigencia histórica verificada.
col_99820d9ec1005837855fcf0d7f8dcaf0,Narvarte Poniente,Benito Juarez,51437.0,2026-08,1,2026-09,51437.0,0.0,0.0,NEUTRAL,PERSISTENCE,VALIDATED_SHORT_TERM,VALIDATED_FORECAST,CURRENT_FORECAST,station_endpoints_per_calendar_month,2026-09-19T16:02:18.602535+00:00,50392.0,52482.0,2090.0,False,1045.0,2026-07,911,FROZEN_PHASE6_CALIBRATION,2026-09-01T00:00:00,PERSISTENCE,El forecast mantiene el nivel de actividad registrado en su origen: persistencia fue seleccionada por su desempeño retrospectivo. Las señales contextuales no modifican esta predicción.,growth_1,trend_3,NONE,crecimiento reciente: -3.65% (contexto no causal),-0.036471601978120785,NEGATIVE,tendencia trimestral: -197.00 endpoints/mes (contexto no causal),-197.0,NEGATIVE,SIN_DATO,,UNAVAILABLE,False,,2.0-phase6-persistence-context,Disponibilidad histórica y finalización del target no verificadas. Radio de Fase 6 congelado; cobertura de la emisión actual no evaluada. Contexto descriptivo no causal; catálogo de estaciones sin vigencia histórica verificada.
col_99820d9ec1005837855fcf0d7f8dcaf0,Narvarte Poniente,Benito Juarez,51437.0,2026-08,3,2026-11,51437.0,0.0,0.0,NEUTRAL,PERSISTENCE,VALIDATED_WITH_CAUTION,VALIDATED_FORECAST,CURRENT_FORECAST,station_endpoints_per_calendar_month,2026-09-19T16:02:18.602535+00:00,50159.0,52715.0,2556.0,False,1278.0,2026-05,780,FROZEN_PHASE6_CALIBRATION,2026-09-01T00:00:00,PERSISTENCE,El forecast mantiene el nivel de actividad registrado en su origen: persistencia fue seleccionada por su desempeño retrospectivo. Las señales contextuales no modifican esta predicción.,growth_1,trend_3,NONE,crecimiento reciente: -3.65% (contexto no causal),-0.036471601978120785,NEGATIVE,tendencia trimestral: -197.00 endpoints/mes (contexto no causal),-197.0,NEGATIVE,SIN_DATO,,UNAVAILABLE,False,,2.0-phase6-persistence-context,Disponibilidad histórica y finalización del target no verificadas. Radio de Fase 6 congelado; cobertura de la emisión actual no evaluada. Contexto descriptivo no causal; catálogo de estaciones sin vigencia histórica verificada.
col_99820d9ec1005837855fcf0d7f8dcaf0,Narvarte Poniente,Benito Juarez,51437.0,2026-08,6,2027-02,51437.0,0.0,0.0,NEUTRAL,PERSISTENCE,VALIDATED_WITH_CAUTION,VALIDATED_FORECAST,CURRENT_FORECAST,station_endpoints_per_calendar_month,2026-09-19T16:02:18.602535+00:00,50096.0,52778.0,2682.0,False,1341.0,2026-02,571,FROZEN_PHASE6_CALIBRATION,2026-09-01T00:00:00,PERSISTENCE,El forecast mantiene el nivel de actividad registrado en su origen: persistencia fue seleccionada por su desempeño retrospectivo. Las señales contextuales no modifican esta predicción.,growth_1,trend_3,NONE,crecimiento reciente: -3.65% (contexto no causal),-0.036471601978120785,NEGATIVE,tendencia trimestral: -197.00 endpoints/mes (contexto no causal),-197.0,NEGATIVE,SIN_DATO,,UNAVAILABLE,False,,2.0-phase6-persistence-context,Disponibilidad histórica y finalización del target no verificadas. Radio de Fase 6 congelado; cobertura de la emisión actual no evaluada. Contexto descriptivo no causal; catálogo de estaciones sin vigencia histórica verificada.
col_99820d9ec1005837855fcf0d7f8dcaf0,Narvarte Poniente,Benito Juarez,51437.0,2026-08,12,2027-08,51437.0,0.0,0.0,NEUTRAL,PERSISTENCE,VALIDATED_WITH_CAUTION,VALIDATED_FORECAST,CURRENT_FORECAST,station_endpoints_per_calendar_month,2026-09-19T16:02:18.602535+00:00,49156.0,53718.0,4562.0,False,2281.0,2025-08,165,FROZEN_PHASE6_CALIBRATION,2026-09-01T00:00:00,PERSISTENCE,El forecast mantiene el nivel de actividad registrado en su origen: persistencia fue seleccionada por su desempeño retrospectivo. Las señales contextuales no modifican esta predicción.,growth_1,trend_3,NONE,crecimiento reciente: -3.65% (contexto no causal),-0.036471601978120785,NEGATIVE,tendencia trimestral: -197.00 endpoints/mes (contexto no causal),-197.0,NEGATIVE,SIN_DATO,,UNAVAILABLE,False,,2.0-phase6-persistence-context,Disponibilidad histórica y finalización del target no verificadas. Radio de Fase 6 congelado; cobertura de la emisión actual no evaluada. Contexto descriptivo no causal; catálogo de estaciones sin vigencia histórica verificada.
col_9b8d9872383b59f7a23d22ab97fc79d8,Roma Norte,Cuauhtemoc,257318.0,2026-08,1,2026-09,257318.0,0.0,0.0,NEUTRAL,PERSISTENCE,VALIDATED_SHORT_TERM,VALIDATED_FORECAST,CURRENT_FORECAST,station_endpoints_per_calendar_month,2026-09-19T16:02:18.602535+00:00,256273.0,258363.0,2090.0,False,1045.0,2026-07,911,FROZEN_PHASE6_CALIBRATION,2026-09-01T00:00:00,PERSISTENCE,El forecast mantiene el nivel de actividad registrado en su origen: persistencia fue seleccionada por su desempeño retrospectivo. Las señales contextuales no modifican esta predicción.,growth_1,trend_3,neighbor_growth_lag1,crecimiento reciente: -2.64% (contexto no causal),-0.026413266792534213,NEGATIVE,tendencia trimestral: -5500.50 endpoints/mes (contexto no causal),-5500.5,NEGATIVE,crecimiento vecinal reciente: -0.66% (contexto no causal),-0.006581009086241434,NEGATIVE,True,1.0,2.0-phase6-persistence-context,Disponibilidad histórica y finalización del target no verificadas. Radio de Fase 6 congelado; cobertura de la emisión actual no evaluada. Contexto descriptivo no causal; catálogo de estaciones sin vigencia histórica verificada.
col_9b8d9872383b59f7a23d22ab97fc79d8,Roma Norte,Cuauhtemoc,257318.0,2026-08,3,2026-11,257318.0,0.0,0.0,NEUTRAL,PERSISTENCE,VALIDATED_WITH_CAUTION,VALIDATED_FORECAST,CURRENT_FORECAST,station_endpoints_per_calendar_month,2026-09-19T16:02:18.602535+00:00,256040.0,258596.0,2556.0,False,1278.0,2026-05,780,FROZEN_PHASE6_CALIBRATION,2026-09-01T00:00:00,PERSISTENCE,El forecast mantiene el nivel de actividad registrado en su origen: persistencia fue seleccionada por su desempeño retrospectivo. Las señales contextuales no modifican esta predicción.,growth_1,trend_3,neighbor_growth_lag1,crecimiento reciente: -2.64% (contexto no causal),-0.026413266792534213,NEGATIVE,tendencia trimestral: -5500.50 endpoints/mes (contexto no causal),-5500.5,NEGATIVE,crecimiento vecinal reciente: -0.66% (contexto no causal),-0.006581009086241434,NEGATIVE,True,1.0,2.0-phase6-persistence-context,Disponibilidad histórica y finalización del target no verificadas. Radio de Fase 6 congelado; cobertura de la emisión actual no evaluada. Contexto descriptivo no causal; catálogo de estaciones sin vigencia histórica verificada.
col_9b8d9872383b59f7a23d22ab97fc79d8,Roma Norte,Cuauhtemoc,257318.0,2026-08,6,2027-02,257318.0,0.0,0.0,NEUTRAL,PERSISTENCE,VALIDATED_WITH_CAUTION,VALIDATED_FORECAST,CURRENT_FORECAST,station_endpoints_per_calendar_month,2026-09-19T16:02:18.602535+00:00,255977.0,258659.0,2682.0,False,1341.0,2026-02,571,FROZEN_PHASE6_CALIBRATION,2026-09-01T00:00:00,PERSISTENCE,El forecast mantiene el nivel de actividad registrado en su origen: persistencia fue seleccionada por su desempeño retrospectivo. Las señales contextuales no modifican esta predicción.,growth_1,trend_3,neighbor_growth_lag1,crecimiento reciente: -2.64% (contexto no causal),-0.026413266792534213,NEGATIVE,tendencia trimestral: -5500.50 endpoints/mes (contexto no causal),-5500.5,NEGATIVE,crecimiento vecinal reciente: -0.66% (contexto no causal),-0.006581009086241434,NEGATIVE,True,1.0,2.0-phase6-persistence-context,Disponibilidad histórica y finalización del target no verificadas. Radio de Fase 6 congelado; cobertura de la emisión actual no evaluada. Contexto descriptivo no causal; catálogo de estaciones sin vigencia histórica verificada.
col_9b8d9872383b59f7a23d22ab97fc79d8,Roma Norte,Cuauhtemoc,257318.0,2026-08,12,2027-08,257318.0,0.0,0.0,NEUTRAL,PERSISTENCE,VALIDATED_WITH_CAUTION,VALIDATED_FORECAST,CURRENT_FORECAST,station_endpoints_per_calendar_month,2026-09-19T16:02:18.602535+00:00,255037.0,259599.0,4562.0,False,2281.0,2025-08,165,FROZEN_PHASE6_CALIBRATION,2026-09-01T00:00:00,PERSISTENCE,El forecast mantiene el nivel de actividad registrado en su origen: persistencia fue seleccionada por su desempeño retrospectivo. Las señales contextuales no modifican esta predicción.,growth_1,trend_3,neighbor_growth_lag1,crecimiento reciente: -2.64% (contexto no causal),-0.026413266792534213,NEGATIVE,tendencia trimestral: -5500.50 endpoints/mes (contexto no causal),-5500.5,NEGATIVE,crecimiento vecinal reciente: -0.66% (contexto no causal),-0.006581009086241434,NEGATIVE,True,1.0,2.0-phase6-persistence-context,Disponibilidad histórica y finalización del target no verificadas. Radio de Fase 6 congelado; cobertura de la emisión actual no evaluada. Contexto descriptivo no causal; catálogo de estaciones sin vigencia histórica verificada.
col_9bbea60acc995fa7b9c482efc14ebb94,Ciudad de los Deportes,Benito Juarez,10782.0,2026-08,1,2026-09,10782.0,0.0,0.0,NEUTRAL,PERSISTENCE,VALIDATED_SHORT_TERM,VALIDATED_FORECAST,CURRENT_FORECAST,station_endpoints_per_calendar_month,2026-09-19T16:02:18.602535+00:00,9737.0,11827.0,2090.0,False,1045.0,2026-07,911,FROZEN_PHASE6_CALIBRATION,2026-09-01T00:00:00,PERSISTENCE,El forecast mantiene el nivel de actividad registrado en su origen: persistencia fue seleccionada por su desempeño retrospectivo. Las señales contextuales no modifican esta predicción.,growth_1,trend_3,neighbor_growth_lag1,crecimiento reciente: -1.47% (contexto no causal),-0.014712601663163667,NEGATIVE,tendencia trimestral: 579.50 endpoints/mes (contexto no causal),579.5,POSITIVE,crecimiento vecinal reciente: -0.30% (contexto no causal),-0.0029529476938479566,NEGATIVE,True,1.0,2.0-phase6-persistence-context,Disponibilidad histórica y finalización del target no verificadas. Radio de Fase 6 congelado; cobertura de la emisión actual no evaluada. Contexto descriptivo no causal; catálogo de estaciones sin vigencia histórica verificada.
col_9bbea60acc995fa7b9c482efc14ebb94,Ciudad de los Deportes,Benito Juarez,10782.0,2026-08,3,2026-11,10782.0,0.0,0.0,NEUTRAL,PERSISTENCE,VALIDATED_WITH_CAUTION,VALIDATED_FORECAST,CURRENT_FORECAST,station_endpoints_per_calendar_month,2026-09-19T16:02:18.602535+00:00,9504.0,12060.0,2556.0,False,1278.0,2026-05,780,FROZEN_PHASE6_CALIBRATION,2026-09-01T00:00:00,PERSISTENCE,El forecast mantiene el nivel de actividad registrado en su origen: persistencia fue seleccionada por su desempeño retrospectivo. Las señales contextuales no modifican esta predicción.,growth_1,trend_3,neighbor_growth_lag1,crecimiento reciente: -1.47% (contexto no causal),-0.014712601663163667,NEGATIVE,tendencia trimestral: 579.50 endpoints/mes (contexto no causal),579.5,POSITIVE,crecimiento vecinal reciente: -0.30% (contexto no causal),-0.0029529476938479566,NEGATIVE,True,1.0,2.0-phase6-persistence-context,Disponibilidad histórica y finalización del target no verificadas. Radio de Fase 6 congelado; cobertura de la emisión actual no evaluada. Contexto descriptivo no causal; catálogo de estaciones sin vigencia histórica verificada.
col_9bbea60acc995fa7b9c482efc14ebb94,Ciudad de los Deportes,Benito Juarez,10782.0,2026-08,6,2027-02,10782.0,0.0,0.0,NEUTRAL,PERSISTENCE,VALIDATED_WITH_CAUTION,VALIDATED_FORECAST,CURRENT_FORECAST,station_endpoints_per_calendar_month,2026-09-19T16:02:18.602535+00:00,9441.0,12123.0,2682.0,False,1341.0,2026-02,571,FROZEN_PHASE6_CALIBRATION,2026-09-01T00:00:00,PERSISTENCE,El forecast mantiene el nivel de actividad registrado en su origen: persistencia fue seleccionada por su desempeño retrospectivo. Las señales contextuales no modifican esta predicción.,growth_1,trend_3,neighbor_growth_lag1,crecimiento reciente: -1.47% (contexto no causal),-0.014712601663163667,NEGATIVE,tendencia trimestral: 579.50 endpoints/mes (contexto no causal),579.5,POSITIVE,crecimiento vecinal reciente: -0.30% (contexto no causal),-0.0029529476938479566,NEGATIVE,True,1.0,2.0-phase6-persistence-context,Disponibilidad histórica y finalización del target no verificadas. Radio de Fase 6 congelado; cobertura de la emisión actual no evaluada. Contexto descriptivo no causal; catálogo de estaciones sin vigencia histórica verificada.
col_9bbea60acc995fa7b9c482efc14ebb94,Ciudad de los Deportes,Benito Juarez,10782.0,2026-08,12,2027-08,10782.0,0.0,0.0,NEUTRAL,PERSISTENCE,VALIDATED_WITH_CAUTION,VALIDATED_FORECAST,CURRENT_FORECAST,station_endpoints_per_calendar_month,2026-09-19T16:02:18.602535+00:00,8501.0,13063.0,4562.0,False,2281.0,2025-08,165,FROZEN_PHASE6_CALIBRATION,2026-09-01T00:00:00,PERSISTENCE,El forecast mantiene el nivel de actividad registrado en su origen: persistencia fue seleccionada por su desempeño retrospectivo. Las señales contextuales no modifican esta predicción.,growth_1,trend_3,neighbor_growth_lag1,crecimiento reciente: -1.47% (contexto no causal),-0.014712601663163667,NEGATIVE,tendencia trimestral: 579.50 endpoints/mes (contexto no causal),579.5,POSITIVE,crecimiento vecinal reciente: -0.30% (contexto no causal),-0.0029529476938479566,NEGATIVE,True,1.0,2.0-phase6-persistence-context,Disponibilidad histórica y finalización del target no verificadas. Radio de Fase 6 congelado; cobertura de la emisión actual no evaluada. Contexto descriptivo no causal; catálogo de estaciones sin vigencia histórica verificada.
col_9f7b23fc019150a58f8d3fa8ecb0545b,Actipan,Benito Juarez,18852.0,2026-08,1,2026-09,18852.0,0.0,0.0,NEUTRAL,PERSISTENCE,VALIDATED_SHORT_TERM,VALIDATED_FORECAST,CURRENT_FORECAST,station_endpoints_per_calendar_month,2026-09-19T16:02:18.602535+00:00,17807.0,19897.0,2090.0,False,1045.0,2026-07,911,FROZEN_PHASE6_CALIBRATION,2026-09-01T00:00:00,PERSISTENCE,El forecast mantiene el nivel de actividad registrado en su origen: persistencia fue seleccionada por su desempeño retrospectivo. Las señales contextuales no modifican esta predicción.,growth_1,trend_3,neighbor_growth_lag1,crecimiento reciente: 2.75% (contexto no causal),0.02752493595683218,POSITIVE,tendencia trimestral: 1103.00 endpoints/mes (contexto no causal),1103.0,POSITIVE,crecimiento vecinal reciente: -0.20% (contexto no causal),-0.002037970085563425,NEGATIVE,True,0.9999999999999997,2.0-phase6-persistence-context,Disponibilidad histórica y finalización del target no verificadas. Radio de Fase 6 congelado; cobertura de la emisión actual no evaluada. Contexto descriptivo no causal; catálogo de estaciones sin vigencia histórica verificada.
col_9f7b23fc019150a58f8d3fa8ecb0545b,Actipan,Benito Juarez,18852.0,2026-08,3,2026-11,18852.0,0.0,0.0,NEUTRAL,PERSISTENCE,VALIDATED_WITH_CAUTION,VALIDATED_FORECAST,CURRENT_FORECAST,station_endpoints_per_calendar_month,2026-09-19T16:02:18.602535+00:00,17574.0,20130.0,2556.0,False,1278.0,2026-05,780,FROZEN_PHASE6_CALIBRATION,2026-09-01T00:00:00,PERSISTENCE,El forecast mantiene el nivel de actividad registrado en su origen: persistencia fue seleccionada por su desempeño retrospectivo. Las señales contextuales no modifican esta predicción.,growth_1,trend_3,neighbor_growth_lag1,crecimiento reciente: 2.75% (contexto no causal),0.02752493595683218,POSITIVE,tendencia trimestral: 1103.00 endpoints/mes (contexto no causal),1103.0,POSITIVE,crecimiento vecinal reciente: -0.20% (contexto no causal),-0.002037970085563425,NEGATIVE,True,0.9999999999999997,2.0-phase6-persistence-context,Disponibilidad histórica y finalización del target no verificadas. Radio de Fase 6 congelado; cobertura de la emisión actual no evaluada. Contexto descriptivo no causal; catálogo de estaciones sin vigencia histórica verificada.
col_9f7b23fc019150a58f8d3fa8ecb0545b,Actipan,Benito Juarez,18852.0,2026-08,6,2027-02,18852.0,0.0,0.0,NEUTRAL,PERSISTENCE,VALIDATED_WITH_CAUTION,VALIDATED_FORECAST,CURRENT_FORECAST,station_endpoints_per_calendar_month,2026-09-19T16:02:18.602535+00:00,17511.0,20193.0,2682.0,False,1341.0,2026-02,571,FROZEN_PHASE6_CALIBRATION,2026-09-01T00:00:00,PERSISTENCE,El forecast mantiene el nivel de actividad registrado en su origen: persistencia fue seleccionada por su desempeño retrospectivo. Las señales contextuales no modifican esta predicción.,growth_1,trend_3,neighbor_growth_lag1,crecimiento reciente: 2.75% (contexto no causal),0.02752493595683218,POSITIVE,tendencia trimestral: 1103.00 endpoints/mes (contexto no causal),1103.0,POSITIVE,crecimiento vecinal reciente: -0.20% (contexto no causal),-0.002037970085563425,NEGATIVE,True,0.9999999999999997,2.0-phase6-persistence-context,Disponibilidad histórica y finalización del target no verificadas. Radio de Fase 6 congelado; cobertura de la emisión actual no evaluada. Contexto descriptivo no causal; catálogo de estaciones sin vigencia histórica verificada.
col_9f7b23fc019150a58f8d3fa8ecb0545b,Actipan,Benito Juarez,18852.0,2026-08,12,2027-08,18852.0,0.0,0.0,NEUTRAL,PERSISTENCE,VALIDATED_WITH_CAUTION,VALIDATED_FORECAST,CURRENT_FORECAST,station_endpoints_per_calendar_month,2026-09-19T16:02:18.602535+00:00,16571.0,21133.0,4562.0,False,2281.0,2025-08,165,FROZEN_PHASE6_CALIBRATION,2026-09-01T00:00:00,PERSISTENCE,El forecast mantiene el nivel de actividad registrado en su origen: persistencia fue seleccionada por su desempeño retrospectivo. Las señales contextuales no modifican esta predicción.,growth_1,trend_3,neighbor_growth_lag1,crecimiento reciente: 2.75% (contexto no causal),0.02752493595683218,POSITIVE,tendencia trimestral: 1103.00 endpoints/mes (contexto no causal),1103.0,POSITIVE,crecimiento vecinal reciente: -0.20% (contexto no causal),-0.002037970085563425,NEGATIVE,True,0.9999999999999997,2.0-phase6-persistence-context,Disponibilidad histórica y finalización del target no verificadas. Radio de Fase 6 congelado; cobertura de la emisión actual no evaluada. Contexto descriptivo no causal; catálogo de estaciones sin vigencia histórica verificada.
col_a069943804255517b1a44551a37b7d8e,Insurgentes Mixcoac,Benito Juarez,31254.0,2026-08,1,2026-09,31254.0,0.0,0.0,NEUTRAL,PERSISTENCE,VALIDATED_SHORT_TERM,VALIDATED_FORECAST,CURRENT_FORECAST,station_endpoints_per_calendar_month,2026-09-19T16:02:18.602535+00:00,30209.0,32299.0,2090.0,False,1045.0,2026-07,911,FROZEN_PHASE6_CALIBRATION,2026-09-01T00:00:00,PERSISTENCE,El forecast mantiene el nivel de actividad registrado en su origen: persistencia fue seleccionada por su desempeño retrospectivo. Las señales contextuales no modifican esta predicción.,growth_1,trend_3,neighbor_growth_lag1,crecimiento reciente: 3.84% (contexto no causal),0.038407867632400824,POSITIVE,tendencia trimestral: 1907.00 endpoints/mes (contexto no causal),1907.0,POSITIVE,crecimiento vecinal reciente: -0.81% (contexto no causal),-0.008063614091847141,NEGATIVE,True,0.9999999999999997,2.0-phase6-persistence-context,Disponibilidad histórica y finalización del target no verificadas. Radio de Fase 6 congelado; cobertura de la emisión actual no evaluada. Contexto descriptivo no causal; catálogo de estaciones sin vigencia histórica verificada.
col_a069943804255517b1a44551a37b7d8e,Insurgentes Mixcoac,Benito Juarez,31254.0,2026-08,3,2026-11,31254.0,0.0,0.0,NEUTRAL,PERSISTENCE,VALIDATED_WITH_CAUTION,VALIDATED_FORECAST,CURRENT_FORECAST,station_endpoints_per_calendar_month,2026-09-19T16:02:18.602535+00:00,29976.0,32532.0,2556.0,False,1278.0,2026-05,780,FROZEN_PHASE6_CALIBRATION,2026-09-01T00:00:00,PERSISTENCE,El forecast mantiene el nivel de actividad registrado en su origen: persistencia fue seleccionada por su desempeño retrospectivo. Las señales contextuales no modifican esta predicción.,growth_1,trend_3,neighbor_growth_lag1,crecimiento reciente: 3.84% (contexto no causal),0.038407867632400824,POSITIVE,tendencia trimestral: 1907.00 endpoints/mes (contexto no causal),1907.0,POSITIVE,crecimiento vecinal reciente: -0.81% (contexto no causal),-0.008063614091847141,NEGATIVE,True,0.9999999999999997,2.0-phase6-persistence-context,Disponibilidad histórica y finalización del target no verificadas. Radio de Fase 6 congelado; cobertura de la emisión actual no evaluada. Contexto descriptivo no causal; catálogo de estaciones sin vigencia histórica verificada.
col_a069943804255517b1a44551a37b7d8e,Insurgentes Mixcoac,Benito Juarez,31254.0,2026-08,6,2027-02,31254.0,0.0,0.0,NEUTRAL,PERSISTENCE,VALIDATED_WITH_CAUTION,VALIDATED_FORECAST,CURRENT_FORECAST,station_endpoints_per_calendar_month,2026-09-19T16:02:18.602535+00:00,29913.0,32595.0,2682.0,False,1341.0,2026-02,571,FROZEN_PHASE6_CALIBRATION,2026-09-01T00:00:00,PERSISTENCE,El forecast mantiene el nivel de actividad registrado en su origen: persistencia fue seleccionada por su desempeño retrospectivo. Las señales contextuales no modifican esta predicción.,growth_1,trend_3,neighbor_growth_lag1,crecimiento reciente: 3.84% (contexto no causal),0.038407867632400824,POSITIVE,tendencia trimestral: 1907.00 endpoints/mes (contexto no causal),1907.0,POSITIVE,crecimiento vecinal reciente: -0.81% (contexto no causal),-0.008063614091847141,NEGATIVE,True,0.9999999999999997,2.0-phase6-persistence-context,Disponibilidad histórica y finalización del target no verificadas. Radio de Fase 6 congelado; cobertura de la emisión actual no evaluada. Contexto descriptivo no causal; catálogo de estaciones sin vigencia histórica verificada.
col_a069943804255517b1a44551a37b7d8e,Insurgentes Mixcoac,Benito Juarez,31254.0,2026-08,12,2027-08,31254.0,0.0,0.0,NEUTRAL,PERSISTENCE,VALIDATED_WITH_CAUTION,VALIDATED_FORECAST,CURRENT_FORECAST,station_endpoints_per_calendar_month,2026-09-19T16:02:18.602535+00:00,28973.0,33535.0,4562.0,False,2281.0,2025-08,165,FROZEN_PHASE6_CALIBRATION,2026-09-01T00:00:00,PERSISTENCE,El forecast mantiene el nivel de actividad registrado en su origen: persistencia fue seleccionada por su desempeño retrospectivo. Las señales contextuales no modifican esta predicción.,growth_1,trend_3,neighbor_growth_lag1,crecimiento reciente: 3.84% (contexto no causal),0.038407867632400824,POSITIVE,tendencia trimestral: 1907.00 endpoints/mes (contexto no causal),1907.0,POSITIVE,crecimiento vecinal reciente: -0.81% (contexto no causal),-0.008063614091847141,NEGATIVE,True,0.9999999999999997,2.0-phase6-persistence-context,Disponibilidad histórica y finalización del target no verificadas. Radio de Fase 6 congelado; cobertura de la emisión actual no evaluada. Contexto descriptivo no causal; catálogo de estaciones sin vigencia histórica verificada.
col_a11503ab8f7b52ecba6e146f1cd2bcae,Noche Buena,Benito Juarez,4811.0,2026-08,1,2026-09,4811.0,0.0,0.0,NEUTRAL,PERSISTENCE,VALIDATED_SHORT_TERM,VALIDATED_FORECAST,CURRENT_FORECAST,station_endpoints_per_calendar_month,2026-09-19T16:02:18.602535+00:00,3766.0,5856.0,2090.0,False,1045.0,2026-07,911,FROZEN_PHASE6_CALIBRATION,2026-09-01T00:00:00,PERSISTENCE,El forecast mantiene el nivel de actividad registrado en su origen: persistencia fue seleccionada por su desempeño retrospectivo. Las señales contextuales no modifican esta predicción.,growth_1,trend_3,neighbor_growth_lag1,crecimiento reciente: -1.35% (contexto no causal),-0.013532909575558746,NEGATIVE,tendencia trimestral: 201.50 endpoints/mes (contexto no causal),201.5,POSITIVE,crecimiento vecinal reciente: -0.21% (contexto no causal),-0.002082078179436078,NEGATIVE,True,1.0,2.0-phase6-persistence-context,Disponibilidad histórica y finalización del target no verificadas. Radio de Fase 6 congelado; cobertura de la emisión actual no evaluada. Contexto descriptivo no causal; catálogo de estaciones sin vigencia histórica verificada.
col_a11503ab8f7b52ecba6e146f1cd2bcae,Noche Buena,Benito Juarez,4811.0,2026-08,3,2026-11,4811.0,0.0,0.0,NEUTRAL,PERSISTENCE,VALIDATED_WITH_CAUTION,VALIDATED_FORECAST,CURRENT_FORECAST,station_endpoints_per_calendar_month,2026-09-19T16:02:18.602535+00:00,3533.0,6089.0,2556.0,False,1278.0,2026-05,780,FROZEN_PHASE6_CALIBRATION,2026-09-01T00:00:00,PERSISTENCE,El forecast mantiene el nivel de actividad registrado en su origen: persistencia fue seleccionada por su desempeño retrospectivo. Las señales contextuales no modifican esta predicción.,growth_1,trend_3,neighbor_growth_lag1,crecimiento reciente: -1.35% (contexto no causal),-0.013532909575558746,NEGATIVE,tendencia trimestral: 201.50 endpoints/mes (contexto no causal),201.5,POSITIVE,crecimiento vecinal reciente: -0.21% (contexto no causal),-0.002082078179436078,NEGATIVE,True,1.0,2.0-phase6-persistence-context,Disponibilidad histórica y finalización del target no verificadas. Radio de Fase 6 congelado; cobertura de la emisión actual no evaluada. Contexto descriptivo no causal; catálogo de estaciones sin vigencia histórica verificada.
col_a11503ab8f7b52ecba6e146f1cd2bcae,Noche Buena,Benito Juarez,4811.0,2026-08,6,2027-02,4811.0,0.0,0.0,NEUTRAL,PERSISTENCE,VALIDATED_WITH_CAUTION,VALIDATED_FORECAST,CURRENT_FORECAST,station_endpoints_per_calendar_month,2026-09-19T16:02:18.602535+00:00,3470.0,6152.0,2682.0,False,1341.0,2026-02,571,FROZEN_PHASE6_CALIBRATION,2026-09-01T00:00:00,PERSISTENCE,El forecast mantiene el nivel de actividad registrado en su origen: persistencia fue seleccionada por su desempeño retrospectivo. Las señales contextuales no modifican esta predicción.,growth_1,trend_3,neighbor_growth_lag1,crecimiento reciente: -1.35% (contexto no causal),-0.013532909575558746,NEGATIVE,tendencia trimestral: 201.50 endpoints/mes (contexto no causal),201.5,POSITIVE,crecimiento vecinal reciente: -0.21% (contexto no causal),-0.002082078179436078,NEGATIVE,True,1.0,2.0-phase6-persistence-context,Disponibilidad histórica y finalización del target no verificadas. Radio de Fase 6 congelado; cobertura de la emisión actual no evaluada. Contexto descriptivo no causal; catálogo de estaciones sin vigencia histórica verificada.
col_a11503ab8f7b52ecba6e146f1cd2bcae,Noche Buena,Benito Juarez,4811.0,2026-08,12,2027-08,4811.0,0.0,0.0,NEUTRAL,PERSISTENCE,VALIDATED_WITH_CAUTION,VALIDATED_FORECAST,CURRENT_FORECAST,station_endpoints_per_calendar_month,2026-09-19T16:02:18.602535+00:00,2530.0,7092.0,4562.0,False,2281.0,2025-08,165,FROZEN_PHASE6_CALIBRATION,2026-09-01T00:00:00,PERSISTENCE,El forecast mantiene el nivel de actividad registrado en su origen: persistencia fue seleccionada por su desempeño retrospectivo. Las señales contextuales no modifican esta predicción.,growth_1,trend_3,neighbor_growth_lag1,crecimiento reciente: -1.35% (contexto no causal),-0.013532909575558746,NEGATIVE,tendencia trimestral: 201.50 endpoints/mes (contexto no causal),201.5,POSITIVE,crecimiento vecinal reciente: -0.21% (contexto no causal),-0.002082078179436078,NEGATIVE,True,1.0,2.0-phase6-persistence-context,Disponibilidad histórica y finalización del target no verificadas. Radio de Fase 6 congelado; cobertura de la emisión actual no evaluada. Contexto descriptivo no causal; catálogo de estaciones sin vigencia histórica verificada.
col_a20da3b32dc95373bfc155a68e4197fa,Roma Sur,Cuauhtemoc,95674.0,2026-08,1,2026-09,95674.0,0.0,0.0,NEUTRAL,PERSISTENCE,VALIDATED_SHORT_TERM,VALIDATED_FORECAST,CURRENT_FORECAST,station_endpoints_per_calendar_month,2026-09-19T16:02:18.602535+00:00,94629.0,96719.0,2090.0,False,1045.0,2026-07,911,FROZEN_PHASE6_CALIBRATION,2026-09-01T00:00:00,PERSISTENCE,El forecast mantiene el nivel de actividad registrado en su origen: persistencia fue seleccionada por su desempeño retrospectivo. Las señales contextuales no modifican esta predicción.,growth_1,trend_3,neighbor_growth_lag1,crecimiento reciente: -3.36% (contexto no causal),-0.03362524367948446,NEGATIVE,tendencia trimestral: 1740.00 endpoints/mes (contexto no causal),1740.0,POSITIVE,crecimiento vecinal reciente: -0.56% (contexto no causal),-0.0055694891994273734,NEGATIVE,True,1.0,2.0-phase6-persistence-context,Disponibilidad histórica y finalización del target no verificadas. Radio de Fase 6 congelado; cobertura de la emisión actual no evaluada. Contexto descriptivo no causal; catálogo de estaciones sin vigencia histórica verificada.
col_a20da3b32dc95373bfc155a68e4197fa,Roma Sur,Cuauhtemoc,95674.0,2026-08,3,2026-11,95674.0,0.0,0.0,NEUTRAL,PERSISTENCE,VALIDATED_WITH_CAUTION,VALIDATED_FORECAST,CURRENT_FORECAST,station_endpoints_per_calendar_month,2026-09-19T16:02:18.602535+00:00,94396.0,96952.0,2556.0,False,1278.0,2026-05,780,FROZEN_PHASE6_CALIBRATION,2026-09-01T00:00:00,PERSISTENCE,El forecast mantiene el nivel de actividad registrado en su origen: persistencia fue seleccionada por su desempeño retrospectivo. Las señales contextuales no modifican esta predicción.,growth_1,trend_3,neighbor_growth_lag1,crecimiento reciente: -3.36% (contexto no causal),-0.03362524367948446,NEGATIVE,tendencia trimestral: 1740.00 endpoints/mes (contexto no causal),1740.0,POSITIVE,crecimiento vecinal reciente: -0.56% (contexto no causal),-0.0055694891994273734,NEGATIVE,True,1.0,2.0-phase6-persistence-context,Disponibilidad histórica y finalización del target no verificadas. Radio de Fase 6 congelado; cobertura de la emisión actual no evaluada. Contexto descriptivo no causal; catálogo de estaciones sin vigencia histórica verificada.
col_a20da3b32dc95373bfc155a68e4197fa,Roma Sur,Cuauhtemoc,95674.0,2026-08,6,2027-02,95674.0,0.0,0.0,NEUTRAL,PERSISTENCE,VALIDATED_WITH_CAUTION,VALIDATED_FORECAST,CURRENT_FORECAST,station_endpoints_per_calendar_month,2026-09-19T16:02:18.602535+00:00,94333.0,97015.0,2682.0,False,1341.0,2026-02,571,FROZEN_PHASE6_CALIBRATION,2026-09-01T00:00:00,PERSISTENCE,El forecast mantiene el nivel de actividad registrado en su origen: persistencia fue seleccionada por su desempeño retrospectivo. Las señales contextuales no modifican esta predicción.,growth_1,trend_3,neighbor_growth_lag1,crecimiento reciente: -3.36% (contexto no causal),-0.03362524367948446,NEGATIVE,tendencia trimestral: 1740.00 endpoints/mes (contexto no causal),1740.0,POSITIVE,crecimiento vecinal reciente: -0.56% (contexto no causal),-0.0055694891994273734,NEGATIVE,True,1.0,2.0-phase6-persistence-context,Disponibilidad histórica y finalización del target no verificadas. Radio de Fase 6 congelado; cobertura de la emisión actual no evaluada. Contexto descriptivo no causal; catálogo de estaciones sin vigencia histórica verificada.
col_a20da3b32dc95373bfc155a68e4197fa,Roma Sur,Cuauhtemoc,95674.0,2026-08,12,2027-08,95674.0,0.0,0.0,NEUTRAL,PERSISTENCE,VALIDATED_WITH_CAUTION,VALIDATED_FORECAST,CURRENT_FORECAST,station_endpoints_per_calendar_month,2026-09-19T16:02:18.602535+00:00,93393.0,97955.0,4562.0,False,2281.0,2025-08,165,FROZEN_PHASE6_CALIBRATION,2026-09-01T00:00:00,PERSISTENCE,El forecast mantiene el nivel de actividad registrado en su origen: persistencia fue seleccionada por su desempeño retrospectivo. Las señales contextuales no modifican esta predicción.,growth_1,trend_3,neighbor_growth_lag1,crecimiento reciente: -3.36% (contexto no causal),-0.03362524367948446,NEGATIVE,tendencia trimestral: 1740.00 endpoints/mes (contexto no causal),1740.0,POSITIVE,crecimiento vecinal reciente: -0.56% (contexto no causal),-0.0055694891994273734,NEGATIVE,True,1.0,2.0-phase6-persistence-context,Disponibilidad histórica y finalización del target no verificadas. Radio de Fase 6 congelado; cobertura de la emisión actual no evaluada. Contexto descriptivo no causal; catálogo de estaciones sin vigencia histórica verificada.
col_a21a9068f97957a2a0828f64e9102bde,Nueva Santa Maria,Azcapotzalco,10878.0,2026-08,1,2026-09,10878.0,0.0,0.0,NEUTRAL,PERSISTENCE,VALIDATED_SHORT_TERM,VALIDATED_FORECAST,CURRENT_FORECAST,station_endpoints_per_calendar_month,2026-09-19T16:02:18.602535+00:00,9833.0,11923.0,2090.0,False,1045.0,2026-07,911,FROZEN_PHASE6_CALIBRATION,2026-09-01T00:00:00,PERSISTENCE,El forecast mantiene el nivel de actividad registrado en su origen: persistencia fue seleccionada por su desempeño retrospectivo. Las señales contextuales no modifican esta predicción.,growth_1,trend_3,neighbor_growth_lag1,crecimiento reciente: -5.16% (contexto no causal),-0.05161290322580645,NEGATIVE,tendencia trimestral: -115.50 endpoints/mes (contexto no causal),-115.5,NEGATIVE,crecimiento vecinal reciente: 1.16% (contexto no causal),0.011641861633105328,POSITIVE,True,1.0,2.0-phase6-persistence-context,Disponibilidad histórica y finalización del target no verificadas. Radio de Fase 6 congelado; cobertura de la emisión actual no evaluada. Contexto descriptivo no causal; catálogo de estaciones sin vigencia histórica verificada.
col_a21a9068f97957a2a0828f64e9102bde,Nueva Santa Maria,Azcapotzalco,10878.0,2026-08,3,2026-11,10878.0,0.0,0.0,NEUTRAL,PERSISTENCE,VALIDATED_WITH_CAUTION,VALIDATED_FORECAST,CURRENT_FORECAST,station_endpoints_per_calendar_month,2026-09-19T16:02:18.602535+00:00,9600.0,12156.0,2556.0,False,1278.0,2026-05,780,FROZEN_PHASE6_CALIBRATION,2026-09-01T00:00:00,PERSISTENCE,El forecast mantiene el nivel de actividad registrado en su origen: persistencia fue seleccionada por su desempeño retrospectivo. Las señales contextuales no modifican esta predicción.,growth_1,trend_3,neighbor_growth_lag1,crecimiento reciente: -5.16% (contexto no causal),-0.05161290322580645,NEGATIVE,tendencia trimestral: -115.50 endpoints/mes (contexto no causal),-115.5,NEGATIVE,crecimiento vecinal reciente: 1.16% (contexto no causal),0.011641861633105328,POSITIVE,True,1.0,2.0-phase6-persistence-context,Disponibilidad histórica y finalización del target no verificadas. Radio de Fase 6 congelado; cobertura de la emisión actual no evaluada. Contexto descriptivo no causal; catálogo de estaciones sin vigencia histórica verificada.
col_a21a9068f97957a2a0828f64e9102bde,Nueva Santa Maria,Azcapotzalco,10878.0,2026-08,6,2027-02,10878.0,0.0,0.0,NEUTRAL,PERSISTENCE,VALIDATED_WITH_CAUTION,VALIDATED_FORECAST,CURRENT_FORECAST,station_endpoints_per_calendar_month,2026-09-19T16:02:18.602535+00:00,9537.0,12219.0,2682.0,False,1341.0,2026-02,571,FROZEN_PHASE6_CALIBRATION,2026-09-01T00:00:00,PERSISTENCE,El forecast mantiene el nivel de actividad registrado en su origen: persistencia fue seleccionada por su desempeño retrospectivo. Las señales contextuales no modifican esta predicción.,growth_1,trend_3,neighbor_growth_lag1,crecimiento reciente: -5.16% (contexto no causal),-0.05161290322580645,NEGATIVE,tendencia trimestral: -115.50 endpoints/mes (contexto no causal),-115.5,NEGATIVE,crecimiento vecinal reciente: 1.16% (contexto no causal),0.011641861633105328,POSITIVE,True,1.0,2.0-phase6-persistence-context,Disponibilidad histórica y finalización del target no verificadas. Radio de Fase 6 congelado; cobertura de la emisión actual no evaluada. Contexto descriptivo no causal; catálogo de estaciones sin vigencia histórica verificada.
col_a21a9068f97957a2a0828f64e9102bde,Nueva Santa Maria,Azcapotzalco,10878.0,2026-08,12,2027-08,10878.0,0.0,0.0,NEUTRAL,PERSISTENCE,VALIDATED_WITH_CAUTION,VALIDATED_FORECAST,CURRENT_FORECAST,station_endpoints_per_calendar_month,2026-09-19T16:02:18.602535+00:00,8597.0,13159.0,4562.0,False,2281.0,2025-08,165,FROZEN_PHASE6_CALIBRATION,2026-09-01T00:00:00,PERSISTENCE,El forecast mantiene el nivel de actividad registrado en su origen: persistencia fue seleccionada por su desempeño retrospectivo. Las señales contextuales no modifican esta predicción.,growth_1,trend_3,neighbor_growth_lag1,crecimiento reciente: -5.16% (contexto no causal),-0.05161290322580645,NEGATIVE,tendencia trimestral: -115.50 endpoints/mes (contexto no causal),-115.5,NEGATIVE,crecimiento vecinal reciente: 1.16% (contexto no causal),0.011641861633105328,POSITIVE,True,1.0,2.0-phase6-persistence-context,Disponibilidad histórica y finalización del target no verificadas. Radio de Fase 6 congelado; cobertura de la emisión actual no evaluada. Contexto descriptivo no causal; catálogo de estaciones sin vigencia histórica verificada.
col_a4784e1d94d556b3b35e2f91d799fbf4,Bosque de Chapultepec,Miguel Hidalgo,32302.0,2026-08,1,2026-09,32302.0,0.0,0.0,NEUTRAL,PERSISTENCE,VALIDATED_SHORT_TERM,VALIDATED_FORECAST,CURRENT_FORECAST,station_endpoints_per_calendar_month,2026-09-19T16:02:18.602535+00:00,31257.0,33347.0,2090.0,False,1045.0,2026-07,911,FROZEN_PHASE6_CALIBRATION,2026-09-01T00:00:00,PERSISTENCE,El forecast mantiene el nivel de actividad registrado en su origen: persistencia fue seleccionada por su desempeño retrospectivo. Las señales contextuales no modifican esta predicción.,growth_1,trend_3,NONE,crecimiento reciente: 11.94% (contexto no causal),0.1193817791177184,POSITIVE,tendencia trimestral: 1261.50 endpoints/mes (contexto no causal),1261.5,POSITIVE,SIN_DATO,,UNAVAILABLE,False,,2.0-phase6-persistence-context,Disponibilidad histórica y finalización del target no verificadas. Radio de Fase 6 congelado; cobertura de la emisión actual no evaluada. Contexto descriptivo no causal; catálogo de estaciones sin vigencia histórica verificada.
col_a4784e1d94d556b3b35e2f91d799fbf4,Bosque de Chapultepec,Miguel Hidalgo,32302.0,2026-08,3,2026-11,32302.0,0.0,0.0,NEUTRAL,PERSISTENCE,VALIDATED_WITH_CAUTION,VALIDATED_FORECAST,CURRENT_FORECAST,station_endpoints_per_calendar_month,2026-09-19T16:02:18.602535+00:00,31024.0,33580.0,2556.0,False,1278.0,2026-05,780,FROZEN_PHASE6_CALIBRATION,2026-09-01T00:00:00,PERSISTENCE,El forecast mantiene el nivel de actividad registrado en su origen: persistencia fue seleccionada por su desempeño retrospectivo. Las señales contextuales no modifican esta predicción.,growth_1,trend_3,NONE,crecimiento reciente: 11.94% (contexto no causal),0.1193817791177184,POSITIVE,tendencia trimestral: 1261.50 endpoints/mes (contexto no causal),1261.5,POSITIVE,SIN_DATO,,UNAVAILABLE,False,,2.0-phase6-persistence-context,Disponibilidad histórica y finalización del target no verificadas. Radio de Fase 6 congelado; cobertura de la emisión actual no evaluada. Contexto descriptivo no causal; catálogo de estaciones sin vigencia histórica verificada.
col_a4784e1d94d556b3b35e2f91d799fbf4,Bosque de Chapultepec,Miguel Hidalgo,32302.0,2026-08,6,2027-02,32302.0,0.0,0.0,NEUTRAL,PERSISTENCE,VALIDATED_WITH_CAUTION,VALIDATED_FORECAST,CURRENT_FORECAST,station_endpoints_per_calendar_month,2026-09-19T16:02:18.602535+00:00,30961.0,33643.0,2682.0,False,1341.0,2026-02,571,FROZEN_PHASE6_CALIBRATION,2026-09-01T00:00:00,PERSISTENCE,El forecast mantiene el nivel de actividad registrado en su origen: persistencia fue seleccionada por su desempeño retrospectivo. Las señales contextuales no modifican esta predicción.,growth_1,trend_3,NONE,crecimiento reciente: 11.94% (contexto no causal),0.1193817791177184,POSITIVE,tendencia trimestral: 1261.50 endpoints/mes (contexto no causal),1261.5,POSITIVE,SIN_DATO,,UNAVAILABLE,False,,2.0-phase6-persistence-context,Disponibilidad histórica y finalización del target no verificadas. Radio de Fase 6 congelado; cobertura de la emisión actual no evaluada. Contexto descriptivo no causal; catálogo de estaciones sin vigencia histórica verificada.
col_a4784e1d94d556b3b35e2f91d799fbf4,Bosque de Chapultepec,Miguel Hidalgo,32302.0,2026-08,12,2027-08,32302.0,0.0,0.0,NEUTRAL,PERSISTENCE,VALIDATED_WITH_CAUTION,VALIDATED_FORECAST,CURRENT_FORECAST,station_endpoints_per_calendar_month,2026-09-19T16:02:18.602535+00:00,30021.0,34583.0,4562.0,False,2281.0,2025-08,165,FROZEN_PHASE6_CALIBRATION,2026-09-01T00:00:00,PERSISTENCE,El forecast mantiene el nivel de actividad registrado en su origen: persistencia fue seleccionada por su desempeño retrospectivo. Las señales contextuales no modifican esta predicción.,growth_1,trend_3,NONE,crecimiento reciente: 11.94% (contexto no causal),0.1193817791177184,POSITIVE,tendencia trimestral: 1261.50 endpoints/mes (contexto no causal),1261.5,POSITIVE,SIN_DATO,,UNAVAILABLE,False,,2.0-phase6-persistence-context,Disponibilidad histórica y finalización del target no verificadas. Radio de Fase 6 congelado; cobertura de la emisión actual no evaluada. Contexto descriptivo no causal; catálogo de estaciones sin vigencia histórica verificada.
col_a8d3b136a1115b0380f6f041ad7b12a8,Sector Naval,Azcapotzalco,3676.0,2026-08,1,2026-09,3676.0,0.0,0.0,NEUTRAL,PERSISTENCE,VALIDATED_SHORT_TERM,VALIDATED_FORECAST,CURRENT_FORECAST,station_endpoints_per_calendar_month,2026-09-19T16:02:18.602535+00:00,2631.0,4721.0,2090.0,False,1045.0,2026-07,911,FROZEN_PHASE6_CALIBRATION,2026-09-01T00:00:00,PERSISTENCE,El forecast mantiene el nivel de actividad registrado en su origen: persistencia fue seleccionada por su desempeño retrospectivo. Las señales contextuales no modifican esta predicción.,growth_1,trend_3,neighbor_growth_lag1,crecimiento reciente: -4.49% (contexto no causal),-0.0449467394128345,NEGATIVE,tendencia trimestral: -69.00 endpoints/mes (contexto no causal),-69.0,NEGATIVE,crecimiento vecinal reciente: -7.18% (contexto no causal),-0.07184058598806368,NEGATIVE,True,1.0,2.0-phase6-persistence-context,Disponibilidad histórica y finalización del target no verificadas. Radio de Fase 6 congelado; cobertura de la emisión actual no evaluada. Contexto descriptivo no causal; catálogo de estaciones sin vigencia histórica verificada.
col_a8d3b136a1115b0380f6f041ad7b12a8,Sector Naval,Azcapotzalco,3676.0,2026-08,3,2026-11,3676.0,0.0,0.0,NEUTRAL,PERSISTENCE,VALIDATED_WITH_CAUTION,VALIDATED_FORECAST,CURRENT_FORECAST,station_endpoints_per_calendar_month,2026-09-19T16:02:18.602535+00:00,2398.0,4954.0,2556.0,False,1278.0,2026-05,780,FROZEN_PHASE6_CALIBRATION,2026-09-01T00:00:00,PERSISTENCE,El forecast mantiene el nivel de actividad registrado en su origen: persistencia fue seleccionada por su desempeño retrospectivo. Las señales contextuales no modifican esta predicción.,growth_1,trend_3,neighbor_growth_lag1,crecimiento reciente: -4.49% (contexto no causal),-0.0449467394128345,NEGATIVE,tendencia trimestral: -69.00 endpoints/mes (contexto no causal),-69.0,NEGATIVE,crecimiento vecinal reciente: -7.18% (contexto no causal),-0.07184058598806368,NEGATIVE,True,1.0,2.0-phase6-persistence-context,Disponibilidad histórica y finalización del target no verificadas. Radio de Fase 6 congelado; cobertura de la emisión actual no evaluada. Contexto descriptivo no causal; catálogo de estaciones sin vigencia histórica verificada.
col_a8d3b136a1115b0380f6f041ad7b12a8,Sector Naval,Azcapotzalco,3676.0,2026-08,6,2027-02,3676.0,0.0,0.0,NEUTRAL,PERSISTENCE,VALIDATED_WITH_CAUTION,VALIDATED_FORECAST,CURRENT_FORECAST,station_endpoints_per_calendar_month,2026-09-19T16:02:18.602535+00:00,2335.0,5017.0,2682.0,False,1341.0,2026-02,571,FROZEN_PHASE6_CALIBRATION,2026-09-01T00:00:00,PERSISTENCE,El forecast mantiene el nivel de actividad registrado en su origen: persistencia fue seleccionada por su desempeño retrospectivo. Las señales contextuales no modifican esta predicción.,growth_1,trend_3,neighbor_growth_lag1,crecimiento reciente: -4.49% (contexto no causal),-0.0449467394128345,NEGATIVE,tendencia trimestral: -69.00 endpoints/mes (contexto no causal),-69.0,NEGATIVE,crecimiento vecinal reciente: -7.18% (contexto no causal),-0.07184058598806368,NEGATIVE,True,1.0,2.0-phase6-persistence-context,Disponibilidad histórica y finalización del target no verificadas. Radio de Fase 6 congelado; cobertura de la emisión actual no evaluada. Contexto descriptivo no causal; catálogo de estaciones sin vigencia histórica verificada.
col_a8d3b136a1115b0380f6f041ad7b12a8,Sector Naval,Azcapotzalco,3676.0,2026-08,12,2027-08,3676.0,0.0,0.0,NEUTRAL,PERSISTENCE,VALIDATED_WITH_CAUTION,VALIDATED_FORECAST,CURRENT_FORECAST,station_endpoints_per_calendar_month,2026-09-19T16:02:18.602535+00:00,1395.0,5957.0,4562.0,False,2281.0,2025-08,165,FROZEN_PHASE6_CALIBRATION,2026-09-01T00:00:00,PERSISTENCE,El forecast mantiene el nivel de actividad registrado en su origen: persistencia fue seleccionada por su desempeño retrospectivo. Las señales contextuales no modifican esta predicción.,growth_1,trend_3,neighbor_growth_lag1,crecimiento reciente: -4.49% (contexto no causal),-0.0449467394128345,NEGATIVE,tendencia trimestral: -69.00 endpoints/mes (contexto no causal),-69.0,NEGATIVE,crecimiento vecinal reciente: -7.18% (contexto no causal),-0.07184058598806368,NEGATIVE,True,1.0,2.0-phase6-persistence-context,Disponibilidad histórica y finalización del target no verificadas. Radio de Fase 6 congelado; cobertura de la emisión actual no evaluada. Contexto descriptivo no causal; catálogo de estaciones sin vigencia histórica verificada.
col_aaef3bfb4fb259e8ab32bf1eb9404368,San Mateo,Coyoacan,3732.0,2026-08,1,2026-09,3732.0,0.0,0.0,NEUTRAL,PERSISTENCE,VALIDATED_SHORT_TERM,VALIDATED_FORECAST,CURRENT_FORECAST,station_endpoints_per_calendar_month,2026-09-19T16:02:18.602535+00:00,2687.0,4777.0,2090.0,False,1045.0,2026-07,911,FROZEN_PHASE6_CALIBRATION,2026-09-01T00:00:00,PERSISTENCE,El forecast mantiene el nivel de actividad registrado en su origen: persistencia fue seleccionada por su desempeño retrospectivo. Las señales contextuales no modifican esta predicción.,growth_1,trend_3,neighbor_growth_lag1,crecimiento reciente: -15.87% (contexto no causal),-0.1587015329125338,NEGATIVE,tendencia trimestral: -372.50 endpoints/mes (contexto no causal),-372.5,NEGATIVE,crecimiento vecinal reciente: 0.25% (contexto no causal),0.002459160372387142,POSITIVE,True,1.0,2.0-phase6-persistence-context,Disponibilidad histórica y finalización del target no verificadas. Radio de Fase 6 congelado; cobertura de la emisión actual no evaluada. Contexto descriptivo no causal; catálogo de estaciones sin vigencia histórica verificada.
col_aaef3bfb4fb259e8ab32bf1eb9404368,San Mateo,Coyoacan,3732.0,2026-08,3,2026-11,3732.0,0.0,0.0,NEUTRAL,PERSISTENCE,VALIDATED_WITH_CAUTION,VALIDATED_FORECAST,CURRENT_FORECAST,station_endpoints_per_calendar_month,2026-09-19T16:02:18.602535+00:00,2454.0,5010.0,2556.0,False,1278.0,2026-05,780,FROZEN_PHASE6_CALIBRATION,2026-09-01T00:00:00,PERSISTENCE,El forecast mantiene el nivel de actividad registrado en su origen: persistencia fue seleccionada por su desempeño retrospectivo. Las señales contextuales no modifican esta predicción.,growth_1,trend_3,neighbor_growth_lag1,crecimiento reciente: -15.87% (contexto no causal),-0.1587015329125338,NEGATIVE,tendencia trimestral: -372.50 endpoints/mes (contexto no causal),-372.5,NEGATIVE,crecimiento vecinal reciente: 0.25% (contexto no causal),0.002459160372387142,POSITIVE,True,1.0,2.0-phase6-persistence-context,Disponibilidad histórica y finalización del target no verificadas. Radio de Fase 6 congelado; cobertura de la emisión actual no evaluada. Contexto descriptivo no causal; catálogo de estaciones sin vigencia histórica verificada.
col_aaef3bfb4fb259e8ab32bf1eb9404368,San Mateo,Coyoacan,3732.0,2026-08,6,2027-02,3732.0,0.0,0.0,NEUTRAL,PERSISTENCE,VALIDATED_WITH_CAUTION,VALIDATED_FORECAST,CURRENT_FORECAST,station_endpoints_per_calendar_month,2026-09-19T16:02:18.602535+00:00,2391.0,5073.0,2682.0,False,1341.0,2026-02,571,FROZEN_PHASE6_CALIBRATION,2026-09-01T00:00:00,PERSISTENCE,El forecast mantiene el nivel de actividad registrado en su origen: persistencia fue seleccionada por su desempeño retrospectivo. Las señales contextuales no modifican esta predicción.,growth_1,trend_3,neighbor_growth_lag1,crecimiento reciente: -15.87% (contexto no causal),-0.1587015329125338,NEGATIVE,tendencia trimestral: -372.50 endpoints/mes (contexto no causal),-372.5,NEGATIVE,crecimiento vecinal reciente: 0.25% (contexto no causal),0.002459160372387142,POSITIVE,True,1.0,2.0-phase6-persistence-context,Disponibilidad histórica y finalización del target no verificadas. Radio de Fase 6 congelado; cobertura de la emisión actual no evaluada. Contexto descriptivo no causal; catálogo de estaciones sin vigencia histórica verificada.
col_aaef3bfb4fb259e8ab32bf1eb9404368,San Mateo,Coyoacan,3732.0,2026-08,12,2027-08,3732.0,0.0,0.0,NEUTRAL,PERSISTENCE,VALIDATED_WITH_CAUTION,VALIDATED_FORECAST,CURRENT_FORECAST,station_endpoints_per_calendar_month,2026-09-19T16:02:18.602535+00:00,1451.0,6013.0,4562.0,False,2281.0,2025-08,165,FROZEN_PHASE6_CALIBRATION,2026-09-01T00:00:00,PERSISTENCE,El forecast mantiene el nivel de actividad registrado en su origen: persistencia fue seleccionada por su desempeño retrospectivo. Las señales contextuales no modifican esta predicción.,growth_1,trend_3,neighbor_growth_lag1,crecimiento reciente: -15.87% (contexto no causal),-0.1587015329125338,NEGATIVE,tendencia trimestral: -372.50 endpoints/mes (contexto no causal),-372.5,NEGATIVE,crecimiento vecinal reciente: 0.25% (contexto no causal),0.002459160372387142,POSITIVE,True,1.0,2.0-phase6-persistence-context,Disponibilidad histórica y finalización del target no verificadas. Radio de Fase 6 congelado; cobertura de la emisión actual no evaluada. Contexto descriptivo no causal; catálogo de estaciones sin vigencia histórica verificada.
col_abad05146e545e0cb59abdc228f8373c,San Simon Ticumac,Benito Juarez,13689.0,2026-08,1,2026-09,13689.0,0.0,0.0,NEUTRAL,PERSISTENCE,VALIDATED_SHORT_TERM,VALIDATED_FORECAST,CURRENT_FORECAST,station_endpoints_per_calendar_month,2026-09-19T16:02:18.602535+00:00,12644.0,14734.0,2090.0,False,1045.0,2026-07,911,FROZEN_PHASE6_CALIBRATION,2026-09-01T00:00:00,PERSISTENCE,El forecast mantiene el nivel de actividad registrado en su origen: persistencia fue seleccionada por su desempeño retrospectivo. Las señales contextuales no modifican esta predicción.,growth_1,trend_3,neighbor_growth_lag1,crecimiento reciente: -4.26% (contexto no causal),-0.04259336970205623,NEGATIVE,tendencia trimestral: -562.00 endpoints/mes (contexto no causal),-562.0,NEGATIVE,crecimiento vecinal reciente: -3.20% (contexto no causal),-0.03196788418945442,NEGATIVE,True,1.0,2.0-phase6-persistence-context,Disponibilidad histórica y finalización del target no verificadas. Radio de Fase 6 congelado; cobertura de la emisión actual no evaluada. Contexto descriptivo no causal; catálogo de estaciones sin vigencia histórica verificada.
col_abad05146e545e0cb59abdc228f8373c,San Simon Ticumac,Benito Juarez,13689.0,2026-08,3,2026-11,13689.0,0.0,0.0,NEUTRAL,PERSISTENCE,VALIDATED_WITH_CAUTION,VALIDATED_FORECAST,CURRENT_FORECAST,station_endpoints_per_calendar_month,2026-09-19T16:02:18.602535+00:00,12411.0,14967.0,2556.0,False,1278.0,2026-05,780,FROZEN_PHASE6_CALIBRATION,2026-09-01T00:00:00,PERSISTENCE,El forecast mantiene el nivel de actividad registrado en su origen: persistencia fue seleccionada por su desempeño retrospectivo. Las señales contextuales no modifican esta predicción.,growth_1,trend_3,neighbor_growth_lag1,crecimiento reciente: -4.26% (contexto no causal),-0.04259336970205623,NEGATIVE,tendencia trimestral: -562.00 endpoints/mes (contexto no causal),-562.0,NEGATIVE,crecimiento vecinal reciente: -3.20% (contexto no causal),-0.03196788418945442,NEGATIVE,True,1.0,2.0-phase6-persistence-context,Disponibilidad histórica y finalización del target no verificadas. Radio de Fase 6 congelado; cobertura de la emisión actual no evaluada. Contexto descriptivo no causal; catálogo de estaciones sin vigencia histórica verificada.
col_abad05146e545e0cb59abdc228f8373c,San Simon Ticumac,Benito Juarez,13689.0,2026-08,6,2027-02,13689.0,0.0,0.0,NEUTRAL,PERSISTENCE,VALIDATED_WITH_CAUTION,VALIDATED_FORECAST,CURRENT_FORECAST,station_endpoints_per_calendar_month,2026-09-19T16:02:18.602535+00:00,12348.0,15030.0,2682.0,False,1341.0,2026-02,571,FROZEN_PHASE6_CALIBRATION,2026-09-01T00:00:00,PERSISTENCE,El forecast mantiene el nivel de actividad registrado en su origen: persistencia fue seleccionada por su desempeño retrospectivo. Las señales contextuales no modifican esta predicción.,growth_1,trend_3,neighbor_growth_lag1,crecimiento reciente: -4.26% (contexto no causal),-0.04259336970205623,NEGATIVE,tendencia trimestral: -562.00 endpoints/mes (contexto no causal),-562.0,NEGATIVE,crecimiento vecinal reciente: -3.20% (contexto no causal),-0.03196788418945442,NEGATIVE,True,1.0,2.0-phase6-persistence-context,Disponibilidad histórica y finalización del target no verificadas. Radio de Fase 6 congelado; cobertura de la emisión actual no evaluada. Contexto descriptivo no causal; catálogo de estaciones sin vigencia histórica verificada.
col_abad05146e545e0cb59abdc228f8373c,San Simon Ticumac,Benito Juarez,13689.0,2026-08,12,2027-08,13689.0,0.0,0.0,NEUTRAL,PERSISTENCE,VALIDATED_WITH_CAUTION,VALIDATED_FORECAST,CURRENT_FORECAST,station_endpoints_per_calendar_month,2026-09-19T16:02:18.602535+00:00,11408.0,15970.0,4562.0,False,2281.0,2025-08,165,FROZEN_PHASE6_CALIBRATION,2026-09-01T00:00:00,PERSISTENCE,El forecast mantiene el nivel de actividad registrado en su origen: persistencia fue seleccionada por su desempeño retrospectivo. Las señales contextuales no modifican esta predicción.,growth_1,trend_3,neighbor_growth_lag1,crecimiento reciente: -4.26% (contexto no causal),-0.04259336970205623,NEGATIVE,tendencia trimestral: -562.00 endpoints/mes (contexto no causal),-562.0,NEGATIVE,crecimiento vecinal reciente: -3.20% (contexto no causal),-0.03196788418945442,NEGATIVE,True,1.0,2.0-phase6-persistence-context,Disponibilidad histórica y finalización del target no verificadas. Radio de Fase 6 congelado; cobertura de la emisión actual no evaluada. Contexto descriptivo no causal; catálogo de estaciones sin vigencia histórica verificada.
col_aeb67b70520e58b895caf170c4cc2b7b,Postal,Benito Juarez,6873.0,2026-08,1,2026-09,6873.0,0.0,0.0,NEUTRAL,PERSISTENCE,VALIDATED_SHORT_TERM,VALIDATED_FORECAST,CURRENT_FORECAST,station_endpoints_per_calendar_month,2026-09-19T16:02:18.602535+00:00,5828.0,7918.0,2090.0,False,1045.0,2026-07,911,FROZEN_PHASE6_CALIBRATION,2026-09-01T00:00:00,PERSISTENCE,El forecast mantiene el nivel de actividad registrado en su origen: persistencia fue seleccionada por su desempeño retrospectivo. Las señales contextuales no modifican esta predicción.,growth_1,trend_3,neighbor_growth_lag1,crecimiento reciente: -2.54% (contexto no causal),-0.025382870107770846,NEGATIVE,tendencia trimestral: -248.00 endpoints/mes (contexto no causal),-248.0,NEGATIVE,crecimiento vecinal reciente: -0.54% (contexto no causal),-0.005413988547751521,NEGATIVE,True,1.0,2.0-phase6-persistence-context,Disponibilidad histórica y finalización del target no verificadas. Radio de Fase 6 congelado; cobertura de la emisión actual no evaluada. Contexto descriptivo no causal; catálogo de estaciones sin vigencia histórica verificada.
col_aeb67b70520e58b895caf170c4cc2b7b,Postal,Benito Juarez,6873.0,2026-08,3,2026-11,6873.0,0.0,0.0,NEUTRAL,PERSISTENCE,VALIDATED_WITH_CAUTION,VALIDATED_FORECAST,CURRENT_FORECAST,station_endpoints_per_calendar_month,2026-09-19T16:02:18.602535+00:00,5595.0,8151.0,2556.0,False,1278.0,2026-05,780,FROZEN_PHASE6_CALIBRATION,2026-09-01T00:00:00,PERSISTENCE,El forecast mantiene el nivel de actividad registrado en su origen: persistencia fue seleccionada por su desempeño retrospectivo. Las señales contextuales no modifican esta predicción.,growth_1,trend_3,neighbor_growth_lag1,crecimiento reciente: -2.54% (contexto no causal),-0.025382870107770846,NEGATIVE,tendencia trimestral: -248.00 endpoints/mes (contexto no causal),-248.0,NEGATIVE,crecimiento vecinal reciente: -0.54% (contexto no causal),-0.005413988547751521,NEGATIVE,True,1.0,2.0-phase6-persistence-context,Disponibilidad histórica y finalización del target no verificadas. Radio de Fase 6 congelado; cobertura de la emisión actual no evaluada. Contexto descriptivo no causal; catálogo de estaciones sin vigencia histórica verificada.
col_aeb67b70520e58b895caf170c4cc2b7b,Postal,Benito Juarez,6873.0,2026-08,6,2027-02,6873.0,0.0,0.0,NEUTRAL,PERSISTENCE,VALIDATED_WITH_CAUTION,VALIDATED_FORECAST,CURRENT_FORECAST,station_endpoints_per_calendar_month,2026-09-19T16:02:18.602535+00:00,5532.0,8214.0,2682.0,False,1341.0,2026-02,571,FROZEN_PHASE6_CALIBRATION,2026-09-01T00:00:00,PERSISTENCE,El forecast mantiene el nivel de actividad registrado en su origen: persistencia fue seleccionada por su desempeño retrospectivo. Las señales contextuales no modifican esta predicción.,growth_1,trend_3,neighbor_growth_lag1,crecimiento reciente: -2.54% (contexto no causal),-0.025382870107770846,NEGATIVE,tendencia trimestral: -248.00 endpoints/mes (contexto no causal),-248.0,NEGATIVE,crecimiento vecinal reciente: -0.54% (contexto no causal),-0.005413988547751521,NEGATIVE,True,1.0,2.0-phase6-persistence-context,Disponibilidad histórica y finalización del target no verificadas. Radio de Fase 6 congelado; cobertura de la emisión actual no evaluada. Contexto descriptivo no causal; catálogo de estaciones sin vigencia histórica verificada.
col_aeb67b70520e58b895caf170c4cc2b7b,Postal,Benito Juarez,6873.0,2026-08,12,2027-08,6873.0,0.0,0.0,NEUTRAL,PERSISTENCE,VALIDATED_WITH_CAUTION,VALIDATED_FORECAST,CURRENT_FORECAST,station_endpoints_per_calendar_month,2026-09-19T16:02:18.602535+00:00,4592.0,9154.0,4562.0,False,2281.0,2025-08,165,FROZEN_PHASE6_CALIBRATION,2026-09-01T00:00:00,PERSISTENCE,El forecast mantiene el nivel de actividad registrado en su origen: persistencia fue seleccionada por su desempeño retrospectivo. Las señales contextuales no modifican esta predicción.,growth_1,trend_3,neighbor_growth_lag1,crecimiento reciente: -2.54% (contexto no causal),-0.025382870107770846,NEGATIVE,tendencia trimestral: -248.00 endpoints/mes (contexto no causal),-248.0,NEGATIVE,crecimiento vecinal reciente: -0.54% (contexto no causal),-0.005413988547751521,NEGATIVE,True,1.0,2.0-phase6-persistence-context,Disponibilidad histórica y finalización del target no verificadas. Radio de Fase 6 congelado; cobertura de la emisión actual no evaluada. Contexto descriptivo no causal; catálogo de estaciones sin vigencia histórica verificada.
col_af634a3d6a0956f8930194b36da1dbde,Buenavista,Cuauhtemoc,61480.0,2026-08,1,2026-09,61480.0,0.0,0.0,NEUTRAL,PERSISTENCE,VALIDATED_SHORT_TERM,VALIDATED_FORECAST,CURRENT_FORECAST,station_endpoints_per_calendar_month,2026-09-19T16:02:18.602535+00:00,60435.0,62525.0,2090.0,False,1045.0,2026-07,911,FROZEN_PHASE6_CALIBRATION,2026-09-01T00:00:00,PERSISTENCE,El forecast mantiene el nivel de actividad registrado en su origen: persistencia fue seleccionada por su desempeño retrospectivo. Las señales contextuales no modifican esta predicción.,growth_1,trend_3,neighbor_growth_lag1,crecimiento reciente: -7.02% (contexto no causal),-0.07017543859649122,NEGATIVE,tendencia trimestral: -2177.00 endpoints/mes (contexto no causal),-2177.0,NEGATIVE,crecimiento vecinal reciente: 3.33% (contexto no causal),0.03334548231039678,POSITIVE,True,1.0,2.0-phase6-persistence-context,Disponibilidad histórica y finalización del target no verificadas. Radio de Fase 6 congelado; cobertura de la emisión actual no evaluada. Contexto descriptivo no causal; catálogo de estaciones sin vigencia histórica verificada.
col_af634a3d6a0956f8930194b36da1dbde,Buenavista,Cuauhtemoc,61480.0,2026-08,3,2026-11,61480.0,0.0,0.0,NEUTRAL,PERSISTENCE,VALIDATED_WITH_CAUTION,VALIDATED_FORECAST,CURRENT_FORECAST,station_endpoints_per_calendar_month,2026-09-19T16:02:18.602535+00:00,60202.0,62758.0,2556.0,False,1278.0,2026-05,780,FROZEN_PHASE6_CALIBRATION,2026-09-01T00:00:00,PERSISTENCE,El forecast mantiene el nivel de actividad registrado en su origen: persistencia fue seleccionada por su desempeño retrospectivo. Las señales contextuales no modifican esta predicción.,growth_1,trend_3,neighbor_growth_lag1,crecimiento reciente: -7.02% (contexto no causal),-0.07017543859649122,NEGATIVE,tendencia trimestral: -2177.00 endpoints/mes (contexto no causal),-2177.0,NEGATIVE,crecimiento vecinal reciente: 3.33% (contexto no causal),0.03334548231039678,POSITIVE,True,1.0,2.0-phase6-persistence-context,Disponibilidad histórica y finalización del target no verificadas. Radio de Fase 6 congelado; cobertura de la emisión actual no evaluada. Contexto descriptivo no causal; catálogo de estaciones sin vigencia histórica verificada.
col_af634a3d6a0956f8930194b36da1dbde,Buenavista,Cuauhtemoc,61480.0,2026-08,6,2027-02,61480.0,0.0,0.0,NEUTRAL,PERSISTENCE,VALIDATED_WITH_CAUTION,VALIDATED_FORECAST,CURRENT_FORECAST,station_endpoints_per_calendar_month,2026-09-19T16:02:18.602535+00:00,60139.0,62821.0,2682.0,False,1341.0,2026-02,571,FROZEN_PHASE6_CALIBRATION,2026-09-01T00:00:00,PERSISTENCE,El forecast mantiene el nivel de actividad registrado en su origen: persistencia fue seleccionada por su desempeño retrospectivo. Las señales contextuales no modifican esta predicción.,growth_1,trend_3,neighbor_growth_lag1,crecimiento reciente: -7.02% (contexto no causal),-0.07017543859649122,NEGATIVE,tendencia trimestral: -2177.00 endpoints/mes (contexto no causal),-2177.0,NEGATIVE,crecimiento vecinal reciente: 3.33% (contexto no causal),0.03334548231039678,POSITIVE,True,1.0,2.0-phase6-persistence-context,Disponibilidad histórica y finalización del target no verificadas. Radio de Fase 6 congelado; cobertura de la emisión actual no evaluada. Contexto descriptivo no causal; catálogo de estaciones sin vigencia histórica verificada.
col_af634a3d6a0956f8930194b36da1dbde,Buenavista,Cuauhtemoc,61480.0,2026-08,12,2027-08,61480.0,0.0,0.0,NEUTRAL,PERSISTENCE,VALIDATED_WITH_CAUTION,VALIDATED_FORECAST,CURRENT_FORECAST,station_endpoints_per_calendar_month,2026-09-19T16:02:18.602535+00:00,59199.0,63761.0,4562.0,False,2281.0,2025-08,165,FROZEN_PHASE6_CALIBRATION,2026-09-01T00:00:00,PERSISTENCE,El forecast mantiene el nivel de actividad registrado en su origen: persistencia fue seleccionada por su desempeño retrospectivo. Las señales contextuales no modifican esta predicción.,growth_1,trend_3,neighbor_growth_lag1,crecimiento reciente: -7.02% (contexto no causal),-0.07017543859649122,NEGATIVE,tendencia trimestral: -2177.00 endpoints/mes (contexto no causal),-2177.0,NEGATIVE,crecimiento vecinal reciente: 3.33% (contexto no causal),0.03334548231039678,POSITIVE,True,1.0,2.0-phase6-persistence-context,Disponibilidad histórica y finalización del target no verificadas. Radio de Fase 6 congelado; cobertura de la emisión actual no evaluada. Contexto descriptivo no causal; catálogo de estaciones sin vigencia histórica verificada.
col_b0071da2a8ad5c38b1d137c8dd21a966,Unidad Habitacional Cuitláhuac,Azcapotzalco,2694.0,2026-08,1,2026-09,2694.0,0.0,0.0,NEUTRAL,PERSISTENCE,VALIDATED_SHORT_TERM,VALIDATED_FORECAST,CURRENT_FORECAST,station_endpoints_per_calendar_month,2026-09-19T16:02:18.602535+00:00,1649.0,3739.0,2090.0,False,1045.0,2026-07,911,FROZEN_PHASE6_CALIBRATION,2026-09-01T00:00:00,PERSISTENCE,El forecast mantiene el nivel de actividad registrado en su origen: persistencia fue seleccionada por su desempeño retrospectivo. Las señales contextuales no modifican esta predicción.,growth_1,trend_3,NONE,crecimiento reciente: -8.74% (contexto no causal),-0.08739837398373984,NEGATIVE,tendencia trimestral: -72.50 endpoints/mes (contexto no causal),-72.5,NEGATIVE,SIN_DATO,,UNAVAILABLE,False,,2.0-phase6-persistence-context,Disponibilidad histórica y finalización del target no verificadas. Radio de Fase 6 congelado; cobertura de la emisión actual no evaluada. Contexto descriptivo no causal; catálogo de estaciones sin vigencia histórica verificada.
col_b0071da2a8ad5c38b1d137c8dd21a966,Unidad Habitacional Cuitláhuac,Azcapotzalco,2694.0,2026-08,3,2026-11,2694.0,0.0,0.0,NEUTRAL,PERSISTENCE,VALIDATED_WITH_CAUTION,VALIDATED_FORECAST,CURRENT_FORECAST,station_endpoints_per_calendar_month,2026-09-19T16:02:18.602535+00:00,1416.0,3972.0,2556.0,False,1278.0,2026-05,780,FROZEN_PHASE6_CALIBRATION,2026-09-01T00:00:00,PERSISTENCE,El forecast mantiene el nivel de actividad registrado en su origen: persistencia fue seleccionada por su desempeño retrospectivo. Las señales contextuales no modifican esta predicción.,growth_1,trend_3,NONE,crecimiento reciente: -8.74% (contexto no causal),-0.08739837398373984,NEGATIVE,tendencia trimestral: -72.50 endpoints/mes (contexto no causal),-72.5,NEGATIVE,SIN_DATO,,UNAVAILABLE,False,,2.0-phase6-persistence-context,Disponibilidad histórica y finalización del target no verificadas. Radio de Fase 6 congelado; cobertura de la emisión actual no evaluada. Contexto descriptivo no causal; catálogo de estaciones sin vigencia histórica verificada.
col_b0071da2a8ad5c38b1d137c8dd21a966,Unidad Habitacional Cuitláhuac,Azcapotzalco,2694.0,2026-08,6,2027-02,2694.0,0.0,0.0,NEUTRAL,PERSISTENCE,VALIDATED_WITH_CAUTION,VALIDATED_FORECAST,CURRENT_FORECAST,station_endpoints_per_calendar_month,2026-09-19T16:02:18.602535+00:00,1353.0,4035.0,2682.0,False,1341.0,2026-02,571,FROZEN_PHASE6_CALIBRATION,2026-09-01T00:00:00,PERSISTENCE,El forecast mantiene el nivel de actividad registrado en su origen: persistencia fue seleccionada por su desempeño retrospectivo. Las señales contextuales no modifican esta predicción.,growth_1,trend_3,NONE,crecimiento reciente: -8.74% (contexto no causal),-0.08739837398373984,NEGATIVE,tendencia trimestral: -72.50 endpoints/mes (contexto no causal),-72.5,NEGATIVE,SIN_DATO,,UNAVAILABLE,False,,2.0-phase6-persistence-context,Disponibilidad histórica y finalización del target no verificadas. Radio de Fase 6 congelado; cobertura de la emisión actual no evaluada. Contexto descriptivo no causal; catálogo de estaciones sin vigencia histórica verificada.
col_b0071da2a8ad5c38b1d137c8dd21a966,Unidad Habitacional Cuitláhuac,Azcapotzalco,2694.0,2026-08,12,2027-08,2694.0,0.0,0.0,NEUTRAL,PERSISTENCE,VALIDATED_WITH_CAUTION,VALIDATED_FORECAST,CURRENT_FORECAST,station_endpoints_per_calendar_month,2026-09-19T16:02:18.602535+00:00,413.0,4975.0,4562.0,False,2281.0,2025-08,165,FROZEN_PHASE6_CALIBRATION,2026-09-01T00:00:00,PERSISTENCE,El forecast mantiene el nivel de actividad registrado en su origen: persistencia fue seleccionada por su desempeño retrospectivo. Las señales contextuales no modifican esta predicción.,growth_1,trend_3,NONE,crecimiento reciente: -8.74% (contexto no causal),-0.08739837398373984,NEGATIVE,tendencia trimestral: -72.50 endpoints/mes (contexto no causal),-72.5,NEGATIVE,SIN_DATO,,UNAVAILABLE,False,,2.0-phase6-persistence-context,Disponibilidad histórica y finalización del target no verificadas. Radio de Fase 6 congelado; cobertura de la emisión actual no evaluada. Contexto descriptivo no causal; catálogo de estaciones sin vigencia histórica verificada.
col_b0d667d100335a2cbd38dd885b4a49ae,Granada,Miguel Hidalgo,24980.0,2026-08,1,2026-09,24980.0,0.0,0.0,NEUTRAL,PERSISTENCE,VALIDATED_SHORT_TERM,VALIDATED_FORECAST,CURRENT_FORECAST,station_endpoints_per_calendar_month,2026-09-19T16:02:18.602535+00:00,23935.0,26025.0,2090.0,False,1045.0,2026-07,911,FROZEN_PHASE6_CALIBRATION,2026-09-01T00:00:00,PERSISTENCE,El forecast mantiene el nivel de actividad registrado en su origen: persistencia fue seleccionada por su desempeño retrospectivo. Las señales contextuales no modifican esta predicción.,growth_1,trend_3,neighbor_growth_lag1,crecimiento reciente: -1.56% (contexto no causal),-0.015566502463054186,NEGATIVE,tendencia trimestral: 264.50 endpoints/mes (contexto no causal),264.5,POSITIVE,crecimiento vecinal reciente: -3.31% (contexto no causal),-0.033070114714578186,NEGATIVE,True,1.0,2.0-phase6-persistence-context,Disponibilidad histórica y finalización del target no verificadas. Radio de Fase 6 congelado; cobertura de la emisión actual no evaluada. Contexto descriptivo no causal; catálogo de estaciones sin vigencia histórica verificada.
col_b0d667d100335a2cbd38dd885b4a49ae,Granada,Miguel Hidalgo,24980.0,2026-08,3,2026-11,24980.0,0.0,0.0,NEUTRAL,PERSISTENCE,VALIDATED_WITH_CAUTION,VALIDATED_FORECAST,CURRENT_FORECAST,station_endpoints_per_calendar_month,2026-09-19T16:02:18.602535+00:00,23702.0,26258.0,2556.0,False,1278.0,2026-05,780,FROZEN_PHASE6_CALIBRATION,2026-09-01T00:00:00,PERSISTENCE,El forecast mantiene el nivel de actividad registrado en su origen: persistencia fue seleccionada por su desempeño retrospectivo. Las señales contextuales no modifican esta predicción.,growth_1,trend_3,neighbor_growth_lag1,crecimiento reciente: -1.56% (contexto no causal),-0.015566502463054186,NEGATIVE,tendencia trimestral: 264.50 endpoints/mes (contexto no causal),264.5,POSITIVE,crecimiento vecinal reciente: -3.31% (contexto no causal),-0.033070114714578186,NEGATIVE,True,1.0,2.0-phase6-persistence-context,Disponibilidad histórica y finalización del target no verificadas. Radio de Fase 6 congelado; cobertura de la emisión actual no evaluada. Contexto descriptivo no causal; catálogo de estaciones sin vigencia histórica verificada.
col_b0d667d100335a2cbd38dd885b4a49ae,Granada,Miguel Hidalgo,24980.0,2026-08,6,2027-02,24980.0,0.0,0.0,NEUTRAL,PERSISTENCE,VALIDATED_WITH_CAUTION,VALIDATED_FORECAST,CURRENT_FORECAST,station_endpoints_per_calendar_month,2026-09-19T16:02:18.602535+00:00,23639.0,26321.0,2682.0,False,1341.0,2026-02,571,FROZEN_PHASE6_CALIBRATION,2026-09-01T00:00:00,PERSISTENCE,El forecast mantiene el nivel de actividad registrado en su origen: persistencia fue seleccionada por su desempeño retrospectivo. Las señales contextuales no modifican esta predicción.,growth_1,trend_3,neighbor_growth_lag1,crecimiento reciente: -1.56% (contexto no causal),-0.015566502463054186,NEGATIVE,tendencia trimestral: 264.50 endpoints/mes (contexto no causal),264.5,POSITIVE,crecimiento vecinal reciente: -3.31% (contexto no causal),-0.033070114714578186,NEGATIVE,True,1.0,2.0-phase6-persistence-context,Disponibilidad histórica y finalización del target no verificadas. Radio de Fase 6 congelado; cobertura de la emisión actual no evaluada. Contexto descriptivo no causal; catálogo de estaciones sin vigencia histórica verificada.
col_b0d667d100335a2cbd38dd885b4a49ae,Granada,Miguel Hidalgo,24980.0,2026-08,12,2027-08,24980.0,0.0,0.0,NEUTRAL,PERSISTENCE,VALIDATED_WITH_CAUTION,VALIDATED_FORECAST,CURRENT_FORECAST,station_endpoints_per_calendar_month,2026-09-19T16:02:18.602535+00:00,22699.0,27261.0,4562.0,False,2281.0,2025-08,165,FROZEN_PHASE6_CALIBRATION,2026-09-01T00:00:00,PERSISTENCE,El forecast mantiene el nivel de actividad registrado en su origen: persistencia fue seleccionada por su desempeño retrospectivo. Las señales contextuales no modifican esta predicción.,growth_1,trend_3,neighbor_growth_lag1,crecimiento reciente: -1.56% (contexto no causal),-0.015566502463054186,NEGATIVE,tendencia trimestral: 264.50 endpoints/mes (contexto no causal),264.5,POSITIVE,crecimiento vecinal reciente: -3.31% (contexto no causal),-0.033070114714578186,NEGATIVE,True,1.0,2.0-phase6-persistence-context,Disponibilidad histórica y finalización del target no verificadas. Radio de Fase 6 congelado; cobertura de la emisión actual no evaluada. Contexto descriptivo no causal; catálogo de estaciones sin vigencia histórica verificada.
col_b311567e717b53408adc7485d395fbd0,Del Valle Sur,Benito Juarez,53320.0,2026-08,1,2026-09,53320.0,0.0,0.0,NEUTRAL,PERSISTENCE,VALIDATED_SHORT_TERM,VALIDATED_FORECAST,CURRENT_FORECAST,station_endpoints_per_calendar_month,2026-09-19T16:02:18.602535+00:00,52275.0,54365.0,2090.0,False,1045.0,2026-07,911,FROZEN_PHASE6_CALIBRATION,2026-09-01T00:00:00,PERSISTENCE,El forecast mantiene el nivel de actividad registrado en su origen: persistencia fue seleccionada por su desempeño retrospectivo. Las señales contextuales no modifican esta predicción.,growth_1,trend_3,NONE,crecimiento reciente: -3.06% (contexto no causal),-0.030563080671260522,NEGATIVE,tendencia trimestral: 1080.50 endpoints/mes (contexto no causal),1080.5,POSITIVE,SIN_DATO,,UNAVAILABLE,False,,2.0-phase6-persistence-context,Disponibilidad histórica y finalización del target no verificadas. Radio de Fase 6 congelado; cobertura de la emisión actual no evaluada. Contexto descriptivo no causal; catálogo de estaciones sin vigencia histórica verificada.
col_b311567e717b53408adc7485d395fbd0,Del Valle Sur,Benito Juarez,53320.0,2026-08,3,2026-11,53320.0,0.0,0.0,NEUTRAL,PERSISTENCE,VALIDATED_WITH_CAUTION,VALIDATED_FORECAST,CURRENT_FORECAST,station_endpoints_per_calendar_month,2026-09-19T16:02:18.602535+00:00,52042.0,54598.0,2556.0,False,1278.0,2026-05,780,FROZEN_PHASE6_CALIBRATION,2026-09-01T00:00:00,PERSISTENCE,El forecast mantiene el nivel de actividad registrado en su origen: persistencia fue seleccionada por su desempeño retrospectivo. Las señales contextuales no modifican esta predicción.,growth_1,trend_3,NONE,crecimiento reciente: -3.06% (contexto no causal),-0.030563080671260522,NEGATIVE,tendencia trimestral: 1080.50 endpoints/mes (contexto no causal),1080.5,POSITIVE,SIN_DATO,,UNAVAILABLE,False,,2.0-phase6-persistence-context,Disponibilidad histórica y finalización del target no verificadas. Radio de Fase 6 congelado; cobertura de la emisión actual no evaluada. Contexto descriptivo no causal; catálogo de estaciones sin vigencia histórica verificada.
col_b311567e717b53408adc7485d395fbd0,Del Valle Sur,Benito Juarez,53320.0,2026-08,6,2027-02,53320.0,0.0,0.0,NEUTRAL,PERSISTENCE,VALIDATED_WITH_CAUTION,VALIDATED_FORECAST,CURRENT_FORECAST,station_endpoints_per_calendar_month,2026-09-19T16:02:18.602535+00:00,51979.0,54661.0,2682.0,False,1341.0,2026-02,571,FROZEN_PHASE6_CALIBRATION,2026-09-01T00:00:00,PERSISTENCE,El forecast mantiene el nivel de actividad registrado en su origen: persistencia fue seleccionada por su desempeño retrospectivo. Las señales contextuales no modifican esta predicción.,growth_1,trend_3,NONE,crecimiento reciente: -3.06% (contexto no causal),-0.030563080671260522,NEGATIVE,tendencia trimestral: 1080.50 endpoints/mes (contexto no causal),1080.5,POSITIVE,SIN_DATO,,UNAVAILABLE,False,,2.0-phase6-persistence-context,Disponibilidad histórica y finalización del target no verificadas. Radio de Fase 6 congelado; cobertura de la emisión actual no evaluada. Contexto descriptivo no causal; catálogo de estaciones sin vigencia histórica verificada.
col_b311567e717b53408adc7485d395fbd0,Del Valle Sur,Benito Juarez,53320.0,2026-08,12,2027-08,53320.0,0.0,0.0,NEUTRAL,PERSISTENCE,VALIDATED_WITH_CAUTION,VALIDATED_FORECAST,CURRENT_FORECAST,station_endpoints_per_calendar_month,2026-09-19T16:02:18.602535+00:00,51039.0,55601.0,4562.0,False,2281.0,2025-08,165,FROZEN_PHASE6_CALIBRATION,2026-09-01T00:00:00,PERSISTENCE,El forecast mantiene el nivel de actividad registrado en su origen: persistencia fue seleccionada por su desempeño retrospectivo. Las señales contextuales no modifican esta predicción.,growth_1,trend_3,NONE,crecimiento reciente: -3.06% (contexto no causal),-0.030563080671260522,NEGATIVE,tendencia trimestral: 1080.50 endpoints/mes (contexto no causal),1080.5,POSITIVE,SIN_DATO,,UNAVAILABLE,False,,2.0-phase6-persistence-context,Disponibilidad histórica y finalización del target no verificadas. Radio de Fase 6 congelado; cobertura de la emisión actual no evaluada. Contexto descriptivo no causal; catálogo de estaciones sin vigencia histórica verificada.
col_b9647cb13b4b5ebebd069fd56e70a36f,Juarez,Cuauhtemoc,180805.0,2026-08,1,2026-09,180805.0,0.0,0.0,NEUTRAL,PERSISTENCE,VALIDATED_SHORT_TERM,VALIDATED_FORECAST,CURRENT_FORECAST,station_endpoints_per_calendar_month,2026-09-19T16:02:18.602535+00:00,179760.0,181850.0,2090.0,False,1045.0,2026-07,911,FROZEN_PHASE6_CALIBRATION,2026-09-01T00:00:00,PERSISTENCE,El forecast mantiene el nivel de actividad registrado en su origen: persistencia fue seleccionada por su desempeño retrospectivo. Las señales contextuales no modifican esta predicción.,growth_1,trend_3,neighbor_growth_lag1,crecimiento reciente: 1.71% (contexto no causal),0.017101229150845217,POSITIVE,tendencia trimestral: -5257.50 endpoints/mes (contexto no causal),-5257.5,NEGATIVE,crecimiento vecinal reciente: 0.72% (contexto no causal),0.0071943512065077014,POSITIVE,True,1.0,2.0-phase6-persistence-context,Disponibilidad histórica y finalización del target no verificadas. Radio de Fase 6 congelado; cobertura de la emisión actual no evaluada. Contexto descriptivo no causal; catálogo de estaciones sin vigencia histórica verificada.
col_b9647cb13b4b5ebebd069fd56e70a36f,Juarez,Cuauhtemoc,180805.0,2026-08,3,2026-11,180805.0,0.0,0.0,NEUTRAL,PERSISTENCE,VALIDATED_WITH_CAUTION,VALIDATED_FORECAST,CURRENT_FORECAST,station_endpoints_per_calendar_month,2026-09-19T16:02:18.602535+00:00,179527.0,182083.0,2556.0,False,1278.0,2026-05,780,FROZEN_PHASE6_CALIBRATION,2026-09-01T00:00:00,PERSISTENCE,El forecast mantiene el nivel de actividad registrado en su origen: persistencia fue seleccionada por su desempeño retrospectivo. Las señales contextuales no modifican esta predicción.,growth_1,trend_3,neighbor_growth_lag1,crecimiento reciente: 1.71% (contexto no causal),0.017101229150845217,POSITIVE,tendencia trimestral: -5257.50 endpoints/mes (contexto no causal),-5257.5,NEGATIVE,crecimiento vecinal reciente: 0.72% (contexto no causal),0.0071943512065077014,POSITIVE,True,1.0,2.0-phase6-persistence-context,Disponibilidad histórica y finalización del target no verificadas. Radio de Fase 6 congelado; cobertura de la emisión actual no evaluada. Contexto descriptivo no causal; catálogo de estaciones sin vigencia histórica verificada.
col_b9647cb13b4b5ebebd069fd56e70a36f,Juarez,Cuauhtemoc,180805.0,2026-08,6,2027-02,180805.0,0.0,0.0,NEUTRAL,PERSISTENCE,VALIDATED_WITH_CAUTION,VALIDATED_FORECAST,CURRENT_FORECAST,station_endpoints_per_calendar_month,2026-09-19T16:02:18.602535+00:00,179464.0,182146.0,2682.0,False,1341.0,2026-02,571,FROZEN_PHASE6_CALIBRATION,2026-09-01T00:00:00,PERSISTENCE,El forecast mantiene el nivel de actividad registrado en su origen: persistencia fue seleccionada por su desempeño retrospectivo. Las señales contextuales no modifican esta predicción.,growth_1,trend_3,neighbor_growth_lag1,crecimiento reciente: 1.71% (contexto no causal),0.017101229150845217,POSITIVE,tendencia trimestral: -5257.50 endpoints/mes (contexto no causal),-5257.5,NEGATIVE,crecimiento vecinal reciente: 0.72% (contexto no causal),0.0071943512065077014,POSITIVE,True,1.0,2.0-phase6-persistence-context,Disponibilidad histórica y finalización del target no verificadas. Radio de Fase 6 congelado; cobertura de la emisión actual no evaluada. Contexto descriptivo no causal; catálogo de estaciones sin vigencia histórica verificada.
col_b9647cb13b4b5ebebd069fd56e70a36f,Juarez,Cuauhtemoc,180805.0,2026-08,12,2027-08,180805.0,0.0,0.0,NEUTRAL,PERSISTENCE,VALIDATED_WITH_CAUTION,VALIDATED_FORECAST,CURRENT_FORECAST,station_endpoints_per_calendar_month,2026-09-19T16:02:18.602535+00:00,178524.0,183086.0,4562.0,False,2281.0,2025-08,165,FROZEN_PHASE6_CALIBRATION,2026-09-01T00:00:00,PERSISTENCE,El forecast mantiene el nivel de actividad registrado en su origen: persistencia fue seleccionada por su desempeño retrospectivo. Las señales contextuales no modifican esta predicción.,growth_1,trend_3,neighbor_growth_lag1,crecimiento reciente: 1.71% (contexto no causal),0.017101229150845217,POSITIVE,tendencia trimestral: -5257.50 endpoints/mes (contexto no causal),-5257.5,NEGATIVE,crecimiento vecinal reciente: 0.72% (contexto no causal),0.0071943512065077014,POSITIVE,True,1.0,2.0-phase6-persistence-context,Disponibilidad histórica y finalización del target no verificadas. Radio de Fase 6 congelado; cobertura de la emisión actual no evaluada. Contexto descriptivo no causal; catálogo de estaciones sin vigencia histórica verificada.
col_ba378e9f675c57f6b84cd80ba4906921,San Salvador Xochimanca,Azcapotzalco,3790.0,2026-08,1,2026-09,3790.0,0.0,0.0,NEUTRAL,PERSISTENCE,VALIDATED_SHORT_TERM,VALIDATED_FORECAST,CURRENT_FORECAST,station_endpoints_per_calendar_month,2026-09-19T16:02:18.602535+00:00,2745.0,4835.0,2090.0,False,1045.0,2026-07,911,FROZEN_PHASE6_CALIBRATION,2026-09-01T00:00:00,PERSISTENCE,El forecast mantiene el nivel de actividad registrado en su origen: persistencia fue seleccionada por su desempeño retrospectivo. Las señales contextuales no modifican esta predicción.,growth_1,trend_3,neighbor_growth_lag1,crecimiento reciente: -17.29% (contexto no causal),-0.17285028371890004,NEGATIVE,tendencia trimestral: -265.50 endpoints/mes (contexto no causal),-265.5,NEGATIVE,crecimiento vecinal reciente: -9.03% (contexto no causal),-0.09026087898209553,NEGATIVE,True,1.0,2.0-phase6-persistence-context,Disponibilidad histórica y finalización del target no verificadas. Radio de Fase 6 congelado; cobertura de la emisión actual no evaluada. Contexto descriptivo no causal; catálogo de estaciones sin vigencia histórica verificada.
col_ba378e9f675c57f6b84cd80ba4906921,San Salvador Xochimanca,Azcapotzalco,3790.0,2026-08,3,2026-11,3790.0,0.0,0.0,NEUTRAL,PERSISTENCE,VALIDATED_WITH_CAUTION,VALIDATED_FORECAST,CURRENT_FORECAST,station_endpoints_per_calendar_month,2026-09-19T16:02:18.602535+00:00,2512.0,5068.0,2556.0,False,1278.0,2026-05,780,FROZEN_PHASE6_CALIBRATION,2026-09-01T00:00:00,PERSISTENCE,El forecast mantiene el nivel de actividad registrado en su origen: persistencia fue seleccionada por su desempeño retrospectivo. Las señales contextuales no modifican esta predicción.,growth_1,trend_3,neighbor_growth_lag1,crecimiento reciente: -17.29% (contexto no causal),-0.17285028371890004,NEGATIVE,tendencia trimestral: -265.50 endpoints/mes (contexto no causal),-265.5,NEGATIVE,crecimiento vecinal reciente: -9.03% (contexto no causal),-0.09026087898209553,NEGATIVE,True,1.0,2.0-phase6-persistence-context,Disponibilidad histórica y finalización del target no verificadas. Radio de Fase 6 congelado; cobertura de la emisión actual no evaluada. Contexto descriptivo no causal; catálogo de estaciones sin vigencia histórica verificada.
col_ba378e9f675c57f6b84cd80ba4906921,San Salvador Xochimanca,Azcapotzalco,3790.0,2026-08,6,2027-02,3790.0,0.0,0.0,NEUTRAL,PERSISTENCE,VALIDATED_WITH_CAUTION,VALIDATED_FORECAST,CURRENT_FORECAST,station_endpoints_per_calendar_month,2026-09-19T16:02:18.602535+00:00,2449.0,5131.0,2682.0,False,1341.0,2026-02,571,FROZEN_PHASE6_CALIBRATION,2026-09-01T00:00:00,PERSISTENCE,El forecast mantiene el nivel de actividad registrado en su origen: persistencia fue seleccionada por su desempeño retrospectivo. Las señales contextuales no modifican esta predicción.,growth_1,trend_3,neighbor_growth_lag1,crecimiento reciente: -17.29% (contexto no causal),-0.17285028371890004,NEGATIVE,tendencia trimestral: -265.50 endpoints/mes (contexto no causal),-265.5,NEGATIVE,crecimiento vecinal reciente: -9.03% (contexto no causal),-0.09026087898209553,NEGATIVE,True,1.0,2.0-phase6-persistence-context,Disponibilidad histórica y finalización del target no verificadas. Radio de Fase 6 congelado; cobertura de la emisión actual no evaluada. Contexto descriptivo no causal; catálogo de estaciones sin vigencia histórica verificada.
col_ba378e9f675c57f6b84cd80ba4906921,San Salvador Xochimanca,Azcapotzalco,3790.0,2026-08,12,2027-08,3790.0,0.0,0.0,NEUTRAL,PERSISTENCE,VALIDATED_WITH_CAUTION,VALIDATED_FORECAST,CURRENT_FORECAST,station_endpoints_per_calendar_month,2026-09-19T16:02:18.602535+00:00,1509.0,6071.0,4562.0,False,2281.0,2025-08,165,FROZEN_PHASE6_CALIBRATION,2026-09-01T00:00:00,PERSISTENCE,El forecast mantiene el nivel de actividad registrado en su origen: persistencia fue seleccionada por su desempeño retrospectivo. Las señales contextuales no modifican esta predicción.,growth_1,trend_3,neighbor_growth_lag1,crecimiento reciente: -17.29% (contexto no causal),-0.17285028371890004,NEGATIVE,tendencia trimestral: -265.50 endpoints/mes (contexto no causal),-265.5,NEGATIVE,crecimiento vecinal reciente: -9.03% (contexto no causal),-0.09026087898209553,NEGATIVE,True,1.0,2.0-phase6-persistence-context,Disponibilidad histórica y finalización del target no verificadas. Radio de Fase 6 congelado; cobertura de la emisión actual no evaluada. Contexto descriptivo no causal; catálogo de estaciones sin vigencia histórica verificada.
col_bbdf83c90b8d5945967637dfe673bde4,Lomas de Chapultepec Seccion IV/Lomas Virreyes,Miguel Hidalgo,3839.0,2026-08,1,2026-09,3839.0,0.0,0.0,NEUTRAL,PERSISTENCE,VALIDATED_SHORT_TERM,VALIDATED_FORECAST,CURRENT_FORECAST,station_endpoints_per_calendar_month,2026-09-19T16:02:18.602535+00:00,2794.0,4884.0,2090.0,False,1045.0,2026-07,911,FROZEN_PHASE6_CALIBRATION,2026-09-01T00:00:00,PERSISTENCE,El forecast mantiene el nivel de actividad registrado en su origen: persistencia fue seleccionada por su desempeño retrospectivo. Las señales contextuales no modifican esta predicción.,growth_1,trend_3,NONE,crecimiento reciente: -16.40% (contexto no causal),-0.1639808362369338,NEGATIVE,tendencia trimestral: -338.00 endpoints/mes (contexto no causal),-338.0,NEGATIVE,SIN_DATO,,UNAVAILABLE,False,,2.0-phase6-persistence-context,Disponibilidad histórica y finalización del target no verificadas. Radio de Fase 6 congelado; cobertura de la emisión actual no evaluada. Contexto descriptivo no causal; catálogo de estaciones sin vigencia histórica verificada.
col_bbdf83c90b8d5945967637dfe673bde4,Lomas de Chapultepec Seccion IV/Lomas Virreyes,Miguel Hidalgo,3839.0,2026-08,3,2026-11,3839.0,0.0,0.0,NEUTRAL,PERSISTENCE,VALIDATED_WITH_CAUTION,VALIDATED_FORECAST,CURRENT_FORECAST,station_endpoints_per_calendar_month,2026-09-19T16:02:18.602535+00:00,2561.0,5117.0,2556.0,False,1278.0,2026-05,780,FROZEN_PHASE6_CALIBRATION,2026-09-01T00:00:00,PERSISTENCE,El forecast mantiene el nivel de actividad registrado en su origen: persistencia fue seleccionada por su desempeño retrospectivo. Las señales contextuales no modifican esta predicción.,growth_1,trend_3,NONE,crecimiento reciente: -16.40% (contexto no causal),-0.1639808362369338,NEGATIVE,tendencia trimestral: -338.00 endpoints/mes (contexto no causal),-338.0,NEGATIVE,SIN_DATO,,UNAVAILABLE,False,,2.0-phase6-persistence-context,Disponibilidad histórica y finalización del target no verificadas. Radio de Fase 6 congelado; cobertura de la emisión actual no evaluada. Contexto descriptivo no causal; catálogo de estaciones sin vigencia histórica verificada.
col_bbdf83c90b8d5945967637dfe673bde4,Lomas de Chapultepec Seccion IV/Lomas Virreyes,Miguel Hidalgo,3839.0,2026-08,6,2027-02,3839.0,0.0,0.0,NEUTRAL,PERSISTENCE,VALIDATED_WITH_CAUTION,VALIDATED_FORECAST,CURRENT_FORECAST,station_endpoints_per_calendar_month,2026-09-19T16:02:18.602535+00:00,2498.0,5180.0,2682.0,False,1341.0,2026-02,571,FROZEN_PHASE6_CALIBRATION,2026-09-01T00:00:00,PERSISTENCE,El forecast mantiene el nivel de actividad registrado en su origen: persistencia fue seleccionada por su desempeño retrospectivo. Las señales contextuales no modifican esta predicción.,growth_1,trend_3,NONE,crecimiento reciente: -16.40% (contexto no causal),-0.1639808362369338,NEGATIVE,tendencia trimestral: -338.00 endpoints/mes (contexto no causal),-338.0,NEGATIVE,SIN_DATO,,UNAVAILABLE,False,,2.0-phase6-persistence-context,Disponibilidad histórica y finalización del target no verificadas. Radio de Fase 6 congelado; cobertura de la emisión actual no evaluada. Contexto descriptivo no causal; catálogo de estaciones sin vigencia histórica verificada.
col_bbdf83c90b8d5945967637dfe673bde4,Lomas de Chapultepec Seccion IV/Lomas Virreyes,Miguel Hidalgo,3839.0,2026-08,12,2027-08,3839.0,0.0,0.0,NEUTRAL,PERSISTENCE,VALIDATED_WITH_CAUTION,VALIDATED_FORECAST,CURRENT_FORECAST,station_endpoints_per_calendar_month,2026-09-19T16:02:18.602535+00:00,1558.0,6120.0,4562.0,False,2281.0,2025-08,165,FROZEN_PHASE6_CALIBRATION,2026-09-01T00:00:00,PERSISTENCE,El forecast mantiene el nivel de actividad registrado en su origen: persistencia fue seleccionada por su desempeño retrospectivo. Las señales contextuales no modifican esta predicción.,growth_1,trend_3,NONE,crecimiento reciente: -16.40% (contexto no causal),-0.1639808362369338,NEGATIVE,tendencia trimestral: -338.00 endpoints/mes (contexto no causal),-338.0,NEGATIVE,SIN_DATO,,UNAVAILABLE,False,,2.0-phase6-persistence-context,Disponibilidad histórica y finalización del target no verificadas. Radio de Fase 6 congelado; cobertura de la emisión actual no evaluada. Contexto descriptivo no causal; catálogo de estaciones sin vigencia histórica verificada.
col_bd478b6a570f533f803bd0118bf3f055,Santa Maria la Ribera,Cuauhtemoc,101201.0,2026-08,1,2026-09,101201.0,0.0,0.0,NEUTRAL,PERSISTENCE,VALIDATED_SHORT_TERM,VALIDATED_FORECAST,CURRENT_FORECAST,station_endpoints_per_calendar_month,2026-09-19T16:02:18.602535+00:00,100156.0,102246.0,2090.0,False,1045.0,2026-07,911,FROZEN_PHASE6_CALIBRATION,2026-09-01T00:00:00,PERSISTENCE,El forecast mantiene el nivel de actividad registrado en su origen: persistencia fue seleccionada por su desempeño retrospectivo. Las señales contextuales no modifican esta predicción.,growth_1,trend_3,neighbor_growth_lag1,crecimiento reciente: -0.93% (contexto no causal),-0.009270861886674238,NEGATIVE,tendencia trimestral: -2134.00 endpoints/mes (contexto no causal),-2134.0,NEGATIVE,crecimiento vecinal reciente: -1.52% (contexto no causal),-0.015172325804961606,NEGATIVE,True,1.0,2.0-phase6-persistence-context,Disponibilidad histórica y finalización del target no verificadas. Radio de Fase 6 congelado; cobertura de la emisión actual no evaluada. Contexto descriptivo no causal; catálogo de estaciones sin vigencia histórica verificada.
col_bd478b6a570f533f803bd0118bf3f055,Santa Maria la Ribera,Cuauhtemoc,101201.0,2026-08,3,2026-11,101201.0,0.0,0.0,NEUTRAL,PERSISTENCE,VALIDATED_WITH_CAUTION,VALIDATED_FORECAST,CURRENT_FORECAST,station_endpoints_per_calendar_month,2026-09-19T16:02:18.602535+00:00,99923.0,102479.0,2556.0,False,1278.0,2026-05,780,FROZEN_PHASE6_CALIBRATION,2026-09-01T00:00:00,PERSISTENCE,El forecast mantiene el nivel de actividad registrado en su origen: persistencia fue seleccionada por su desempeño retrospectivo. Las señales contextuales no modifican esta predicción.,growth_1,trend_3,neighbor_growth_lag1,crecimiento reciente: -0.93% (contexto no causal),-0.009270861886674238,NEGATIVE,tendencia trimestral: -2134.00 endpoints/mes (contexto no causal),-2134.0,NEGATIVE,crecimiento vecinal reciente: -1.52% (contexto no causal),-0.015172325804961606,NEGATIVE,True,1.0,2.0-phase6-persistence-context,Disponibilidad histórica y finalización del target no verificadas. Radio de Fase 6 congelado; cobertura de la emisión actual no evaluada. Contexto descriptivo no causal; catálogo de estaciones sin vigencia histórica verificada.
col_bd478b6a570f533f803bd0118bf3f055,Santa Maria la Ribera,Cuauhtemoc,101201.0,2026-08,6,2027-02,101201.0,0.0,0.0,NEUTRAL,PERSISTENCE,VALIDATED_WITH_CAUTION,VALIDATED_FORECAST,CURRENT_FORECAST,station_endpoints_per_calendar_month,2026-09-19T16:02:18.602535+00:00,99860.0,102542.0,2682.0,False,1341.0,2026-02,571,FROZEN_PHASE6_CALIBRATION,2026-09-01T00:00:00,PERSISTENCE,El forecast mantiene el nivel de actividad registrado en su origen: persistencia fue seleccionada por su desempeño retrospectivo. Las señales contextuales no modifican esta predicción.,growth_1,trend_3,neighbor_growth_lag1,crecimiento reciente: -0.93% (contexto no causal),-0.009270861886674238,NEGATIVE,tendencia trimestral: -2134.00 endpoints/mes (contexto no causal),-2134.0,NEGATIVE,crecimiento vecinal reciente: -1.52% (contexto no causal),-0.015172325804961606,NEGATIVE,True,1.0,2.0-phase6-persistence-context,Disponibilidad histórica y finalización del target no verificadas. Radio de Fase 6 congelado; cobertura de la emisión actual no evaluada. Contexto descriptivo no causal; catálogo de estaciones sin vigencia histórica verificada.
col_bd478b6a570f533f803bd0118bf3f055,Santa Maria la Ribera,Cuauhtemoc,101201.0,2026-08,12,2027-08,101201.0,0.0,0.0,NEUTRAL,PERSISTENCE,VALIDATED_WITH_CAUTION,VALIDATED_FORECAST,CURRENT_FORECAST,station_endpoints_per_calendar_month,2026-09-19T16:02:18.602535+00:00,98920.0,103482.0,4562.0,False,2281.0,2025-08,165,FROZEN_PHASE6_CALIBRATION,2026-09-01T00:00:00,PERSISTENCE,El forecast mantiene el nivel de actividad registrado en su origen: persistencia fue seleccionada por su desempeño retrospectivo. Las señales contextuales no modifican esta predicción.,growth_1,trend_3,neighbor_growth_lag1,crecimiento reciente: -0.93% (contexto no causal),-0.009270861886674238,NEGATIVE,tendencia trimestral: -2134.00 endpoints/mes (contexto no causal),-2134.0,NEGATIVE,crecimiento vecinal reciente: -1.52% (contexto no causal),-0.015172325804961606,NEGATIVE,True,1.0,2.0-phase6-persistence-context,Disponibilidad histórica y finalización del target no verificadas. Radio de Fase 6 congelado; cobertura de la emisión actual no evaluada. Contexto descriptivo no causal; catálogo de estaciones sin vigencia histórica verificada.
col_bed54b5fa7b155169b5367f26e64ee77,Barrio la Concepcion,Coyoacan,3039.0,2026-08,1,2026-09,3039.0,0.0,0.0,NEUTRAL,PERSISTENCE,VALIDATED_SHORT_TERM,VALIDATED_FORECAST,CURRENT_FORECAST,station_endpoints_per_calendar_month,2026-09-19T16:02:18.602535+00:00,1994.0,4084.0,2090.0,False,1045.0,2026-07,911,FROZEN_PHASE6_CALIBRATION,2026-09-01T00:00:00,PERSISTENCE,El forecast mantiene el nivel de actividad registrado en su origen: persistencia fue seleccionada por su desempeño retrospectivo. Las señales contextuales no modifican esta predicción.,growth_1,trend_3,NONE,crecimiento reciente: -3.86% (contexto no causal),-0.03859538120847833,NEGATIVE,tendencia trimestral: 2.50 endpoints/mes (contexto no causal),2.5,POSITIVE,SIN_DATO,,UNAVAILABLE,False,,2.0-phase6-persistence-context,Disponibilidad histórica y finalización del target no verificadas. Radio de Fase 6 congelado; cobertura de la emisión actual no evaluada. Contexto descriptivo no causal; catálogo de estaciones sin vigencia histórica verificada.
col_bed54b5fa7b155169b5367f26e64ee77,Barrio la Concepcion,Coyoacan,3039.0,2026-08,3,2026-11,3039.0,0.0,0.0,NEUTRAL,PERSISTENCE,VALIDATED_WITH_CAUTION,VALIDATED_FORECAST,CURRENT_FORECAST,station_endpoints_per_calendar_month,2026-09-19T16:02:18.602535+00:00,1761.0,4317.0,2556.0,False,1278.0,2026-05,780,FROZEN_PHASE6_CALIBRATION,2026-09-01T00:00:00,PERSISTENCE,El forecast mantiene el nivel de actividad registrado en su origen: persistencia fue seleccionada por su desempeño retrospectivo. Las señales contextuales no modifican esta predicción.,growth_1,trend_3,NONE,crecimiento reciente: -3.86% (contexto no causal),-0.03859538120847833,NEGATIVE,tendencia trimestral: 2.50 endpoints/mes (contexto no causal),2.5,POSITIVE,SIN_DATO,,UNAVAILABLE,False,,2.0-phase6-persistence-context,Disponibilidad histórica y finalización del target no verificadas. Radio de Fase 6 congelado; cobertura de la emisión actual no evaluada. Contexto descriptivo no causal; catálogo de estaciones sin vigencia histórica verificada.
col_bed54b5fa7b155169b5367f26e64ee77,Barrio la Concepcion,Coyoacan,3039.0,2026-08,6,2027-02,3039.0,0.0,0.0,NEUTRAL,PERSISTENCE,VALIDATED_WITH_CAUTION,VALIDATED_FORECAST,CURRENT_FORECAST,station_endpoints_per_calendar_month,2026-09-19T16:02:18.602535+00:00,1698.0,4380.0,2682.0,False,1341.0,2026-02,571,FROZEN_PHASE6_CALIBRATION,2026-09-01T00:00:00,PERSISTENCE,El forecast mantiene el nivel de actividad registrado en su origen: persistencia fue seleccionada por su desempeño retrospectivo. Las señales contextuales no modifican esta predicción.,growth_1,trend_3,NONE,crecimiento reciente: -3.86% (contexto no causal),-0.03859538120847833,NEGATIVE,tendencia trimestral: 2.50 endpoints/mes (contexto no causal),2.5,POSITIVE,SIN_DATO,,UNAVAILABLE,False,,2.0-phase6-persistence-context,Disponibilidad histórica y finalización del target no verificadas. Radio de Fase 6 congelado; cobertura de la emisión actual no evaluada. Contexto descriptivo no causal; catálogo de estaciones sin vigencia histórica verificada.
col_bed54b5fa7b155169b5367f26e64ee77,Barrio la Concepcion,Coyoacan,3039.0,2026-08,12,2027-08,3039.0,0.0,0.0,NEUTRAL,PERSISTENCE,VALIDATED_WITH_CAUTION,VALIDATED_FORECAST,CURRENT_FORECAST,station_endpoints_per_calendar_month,2026-09-19T16:02:18.602535+00:00,758.0,5320.0,4562.0,False,2281.0,2025-08,165,FROZEN_PHASE6_CALIBRATION,2026-09-01T00:00:00,PERSISTENCE,El forecast mantiene el nivel de actividad registrado en su origen: persistencia fue seleccionada por su desempeño retrospectivo. Las señales contextuales no modifican esta predicción.,growth_1,trend_3,NONE,crecimiento reciente: -3.86% (contexto no causal),-0.03859538120847833,NEGATIVE,tendencia trimestral: 2.50 endpoints/mes (contexto no causal),2.5,POSITIVE,SIN_DATO,,UNAVAILABLE,False,,2.0-phase6-persistence-context,Disponibilidad histórica y finalización del target no verificadas. Radio de Fase 6 congelado; cobertura de la emisión actual no evaluada. Contexto descriptivo no causal; catálogo de estaciones sin vigencia histórica verificada.
col_c00d00bb38f656119c21216810bac6c9,Barrio San Lucas,Coyoacan,1636.0,2026-08,1,2026-09,1636.0,0.0,0.0,NEUTRAL,PERSISTENCE,VALIDATED_SHORT_TERM,VALIDATED_FORECAST,CURRENT_FORECAST,station_endpoints_per_calendar_month,2026-09-19T16:02:18.602535+00:00,591.0,2681.0,2090.0,False,1045.0,2026-07,911,FROZEN_PHASE6_CALIBRATION,2026-09-01T00:00:00,PERSISTENCE,El forecast mantiene el nivel de actividad registrado en su origen: persistencia fue seleccionada por su desempeño retrospectivo. Las señales contextuales no modifican esta predicción.,growth_1,trend_3,NONE,crecimiento reciente: -15.58% (contexto no causal),-0.15583075335397317,NEGATIVE,tendencia trimestral: 11.00 endpoints/mes (contexto no causal),11.0,POSITIVE,SIN_DATO,,UNAVAILABLE,False,,2.0-phase6-persistence-context,Disponibilidad histórica y finalización del target no verificadas. Radio de Fase 6 congelado; cobertura de la emisión actual no evaluada. Contexto descriptivo no causal; catálogo de estaciones sin vigencia histórica verificada.
col_c00d00bb38f656119c21216810bac6c9,Barrio San Lucas,Coyoacan,1636.0,2026-08,3,2026-11,1636.0,0.0,0.0,NEUTRAL,PERSISTENCE,VALIDATED_WITH_CAUTION,VALIDATED_FORECAST,CURRENT_FORECAST,station_endpoints_per_calendar_month,2026-09-19T16:02:18.602535+00:00,358.0,2914.0,2556.0,False,1278.0,2026-05,780,FROZEN_PHASE6_CALIBRATION,2026-09-01T00:00:00,PERSISTENCE,El forecast mantiene el nivel de actividad registrado en su origen: persistencia fue seleccionada por su desempeño retrospectivo. Las señales contextuales no modifican esta predicción.,growth_1,trend_3,NONE,crecimiento reciente: -15.58% (contexto no causal),-0.15583075335397317,NEGATIVE,tendencia trimestral: 11.00 endpoints/mes (contexto no causal),11.0,POSITIVE,SIN_DATO,,UNAVAILABLE,False,,2.0-phase6-persistence-context,Disponibilidad histórica y finalización del target no verificadas. Radio de Fase 6 congelado; cobertura de la emisión actual no evaluada. Contexto descriptivo no causal; catálogo de estaciones sin vigencia histórica verificada.
col_c00d00bb38f656119c21216810bac6c9,Barrio San Lucas,Coyoacan,1636.0,2026-08,6,2027-02,1636.0,0.0,0.0,NEUTRAL,PERSISTENCE,VALIDATED_WITH_CAUTION,VALIDATED_FORECAST,CURRENT_FORECAST,station_endpoints_per_calendar_month,2026-09-19T16:02:18.602535+00:00,295.0,2977.0,2682.0,False,1341.0,2026-02,571,FROZEN_PHASE6_CALIBRATION,2026-09-01T00:00:00,PERSISTENCE,El forecast mantiene el nivel de actividad registrado en su origen: persistencia fue seleccionada por su desempeño retrospectivo. Las señales contextuales no modifican esta predicción.,growth_1,trend_3,NONE,crecimiento reciente: -15.58% (contexto no causal),-0.15583075335397317,NEGATIVE,tendencia trimestral: 11.00 endpoints/mes (contexto no causal),11.0,POSITIVE,SIN_DATO,,UNAVAILABLE,False,,2.0-phase6-persistence-context,Disponibilidad histórica y finalización del target no verificadas. Radio de Fase 6 congelado; cobertura de la emisión actual no evaluada. Contexto descriptivo no causal; catálogo de estaciones sin vigencia histórica verificada.
col_c00d00bb38f656119c21216810bac6c9,Barrio San Lucas,Coyoacan,1636.0,2026-08,12,2027-08,1636.0,0.0,0.0,NEUTRAL,PERSISTENCE,VALIDATED_WITH_CAUTION,VALIDATED_FORECAST,CURRENT_FORECAST,station_endpoints_per_calendar_month,2026-09-19T16:02:18.602535+00:00,0.0,3917.0,3917.0,True,2281.0,2025-08,165,FROZEN_PHASE6_CALIBRATION,2026-09-01T00:00:00,PERSISTENCE,El forecast mantiene el nivel de actividad registrado en su origen: persistencia fue seleccionada por su desempeño retrospectivo. Las señales contextuales no modifican esta predicción.,growth_1,trend_3,NONE,crecimiento reciente: -15.58% (contexto no causal),-0.15583075335397317,NEGATIVE,tendencia trimestral: 11.00 endpoints/mes (contexto no causal),11.0,POSITIVE,SIN_DATO,,UNAVAILABLE,False,,2.0-phase6-persistence-context,Disponibilidad histórica y finalización del target no verificadas. Radio de Fase 6 congelado; cobertura de la emisión actual no evaluada. Contexto descriptivo no causal; catálogo de estaciones sin vigencia histórica verificada.
col_c4ce45851ad35a61b8fb1e683c4b52a5,Vertiz Narvarte,Benito Juarez,15371.0,2026-08,1,2026-09,15371.0,0.0,0.0,NEUTRAL,PERSISTENCE,VALIDATED_SHORT_TERM,VALIDATED_FORECAST,CURRENT_FORECAST,station_endpoints_per_calendar_month,2026-09-19T16:02:18.602535+00:00,14326.0,16416.0,2090.0,False,1045.0,2026-07,911,FROZEN_PHASE6_CALIBRATION,2026-09-01T00:00:00,PERSISTENCE,El forecast mantiene el nivel de actividad registrado en su origen: persistencia fue seleccionada por su desempeño retrospectivo. Las señales contextuales no modifican esta predicción.,growth_1,trend_3,neighbor_growth_lag1,crecimiento reciente: -1.83% (contexto no causal),-0.01832928854259803,NEGATIVE,tendencia trimestral: 2.50 endpoints/mes (contexto no causal),2.5,POSITIVE,crecimiento vecinal reciente: -3.36% (contexto no causal),-0.03360963999467606,NEGATIVE,True,1.0,2.0-phase6-persistence-context,Disponibilidad histórica y finalización del target no verificadas. Radio de Fase 6 congelado; cobertura de la emisión actual no evaluada. Contexto descriptivo no causal; catálogo de estaciones sin vigencia histórica verificada.
col_c4ce45851ad35a61b8fb1e683c4b52a5,Vertiz Narvarte,Benito Juarez,15371.0,2026-08,3,2026-11,15371.0,0.0,0.0,NEUTRAL,PERSISTENCE,VALIDATED_WITH_CAUTION,VALIDATED_FORECAST,CURRENT_FORECAST,station_endpoints_per_calendar_month,2026-09-19T16:02:18.602535+00:00,14093.0,16649.0,2556.0,False,1278.0,2026-05,780,FROZEN_PHASE6_CALIBRATION,2026-09-01T00:00:00,PERSISTENCE,El forecast mantiene el nivel de actividad registrado en su origen: persistencia fue seleccionada por su desempeño retrospectivo. Las señales contextuales no modifican esta predicción.,growth_1,trend_3,neighbor_growth_lag1,crecimiento reciente: -1.83% (contexto no causal),-0.01832928854259803,NEGATIVE,tendencia trimestral: 2.50 endpoints/mes (contexto no causal),2.5,POSITIVE,crecimiento vecinal reciente: -3.36% (contexto no causal),-0.03360963999467606,NEGATIVE,True,1.0,2.0-phase6-persistence-context,Disponibilidad histórica y finalización del target no verificadas. Radio de Fase 6 congelado; cobertura de la emisión actual no evaluada. Contexto descriptivo no causal; catálogo de estaciones sin vigencia histórica verificada.
col_c4ce45851ad35a61b8fb1e683c4b52a5,Vertiz Narvarte,Benito Juarez,15371.0,2026-08,6,2027-02,15371.0,0.0,0.0,NEUTRAL,PERSISTENCE,VALIDATED_WITH_CAUTION,VALIDATED_FORECAST,CURRENT_FORECAST,station_endpoints_per_calendar_month,2026-09-19T16:02:18.602535+00:00,14030.0,16712.0,2682.0,False,1341.0,2026-02,571,FROZEN_PHASE6_CALIBRATION,2026-09-01T00:00:00,PERSISTENCE,El forecast mantiene el nivel de actividad registrado en su origen: persistencia fue seleccionada por su desempeño retrospectivo. Las señales contextuales no modifican esta predicción.,growth_1,trend_3,neighbor_growth_lag1,crecimiento reciente: -1.83% (contexto no causal),-0.01832928854259803,NEGATIVE,tendencia trimestral: 2.50 endpoints/mes (contexto no causal),2.5,POSITIVE,crecimiento vecinal reciente: -3.36% (contexto no causal),-0.03360963999467606,NEGATIVE,True,1.0,2.0-phase6-persistence-context,Disponibilidad histórica y finalización del target no verificadas. Radio de Fase 6 congelado; cobertura de la emisión actual no evaluada. Contexto descriptivo no causal; catálogo de estaciones sin vigencia histórica verificada.
col_c4ce45851ad35a61b8fb1e683c4b52a5,Vertiz Narvarte,Benito Juarez,15371.0,2026-08,12,2027-08,15371.0,0.0,0.0,NEUTRAL,PERSISTENCE,VALIDATED_WITH_CAUTION,VALIDATED_FORECAST,CURRENT_FORECAST,station_endpoints_per_calendar_month,2026-09-19T16:02:18.602535+00:00,13090.0,17652.0,4562.0,False,2281.0,2025-08,165,FROZEN_PHASE6_CALIBRATION,2026-09-01T00:00:00,PERSISTENCE,El forecast mantiene el nivel de actividad registrado en su origen: persistencia fue seleccionada por su desempeño retrospectivo. Las señales contextuales no modifican esta predicción.,growth_1,trend_3,neighbor_growth_lag1,crecimiento reciente: -1.83% (contexto no causal),-0.01832928854259803,NEGATIVE,tendencia trimestral: 2.50 endpoints/mes (contexto no causal),2.5,POSITIVE,crecimiento vecinal reciente: -3.36% (contexto no causal),-0.03360963999467606,NEGATIVE,True,1.0,2.0-phase6-persistence-context,Disponibilidad histórica y finalización del target no verificadas. Radio de Fase 6 congelado; cobertura de la emisión actual no evaluada. Contexto descriptivo no causal; catálogo de estaciones sin vigencia histórica verificada.
col_c84c8cba11e05de082c7496795578d88,Santo Tomas,Miguel Hidalgo,1805.0,2026-08,1,2026-09,1805.0,0.0,0.0,NEUTRAL,PERSISTENCE,VALIDATED_SHORT_TERM,VALIDATED_FORECAST,CURRENT_FORECAST,station_endpoints_per_calendar_month,2026-09-19T16:02:18.602535+00:00,760.0,2850.0,2090.0,False,1045.0,2026-07,911,FROZEN_PHASE6_CALIBRATION,2026-09-01T00:00:00,PERSISTENCE,El forecast mantiene el nivel de actividad registrado en su origen: persistencia fue seleccionada por su desempeño retrospectivo. Las señales contextuales no modifican esta predicción.,growth_1,trend_3,neighbor_growth_lag1,crecimiento reciente: 52.45% (contexto no causal),0.5244932432432432,POSITIVE,tendencia trimestral: 49.00 endpoints/mes (contexto no causal),49.0,POSITIVE,crecimiento vecinal reciente: 22.00% (contexto no causal),0.22004848478007563,POSITIVE,True,1.0,2.0-phase6-persistence-context,Disponibilidad histórica y finalización del target no verificadas. Radio de Fase 6 congelado; cobertura de la emisión actual no evaluada. Contexto descriptivo no causal; catálogo de estaciones sin vigencia histórica verificada.
col_c84c8cba11e05de082c7496795578d88,Santo Tomas,Miguel Hidalgo,1805.0,2026-08,3,2026-11,1805.0,0.0,0.0,NEUTRAL,PERSISTENCE,VALIDATED_WITH_CAUTION,VALIDATED_FORECAST,CURRENT_FORECAST,station_endpoints_per_calendar_month,2026-09-19T16:02:18.602535+00:00,527.0,3083.0,2556.0,False,1278.0,2026-05,780,FROZEN_PHASE6_CALIBRATION,2026-09-01T00:00:00,PERSISTENCE,El forecast mantiene el nivel de actividad registrado en su origen: persistencia fue seleccionada por su desempeño retrospectivo. Las señales contextuales no modifican esta predicción.,growth_1,trend_3,neighbor_growth_lag1,crecimiento reciente: 52.45% (contexto no causal),0.5244932432432432,POSITIVE,tendencia trimestral: 49.00 endpoints/mes (contexto no causal),49.0,POSITIVE,crecimiento vecinal reciente: 22.00% (contexto no causal),0.22004848478007563,POSITIVE,True,1.0,2.0-phase6-persistence-context,Disponibilidad histórica y finalización del target no verificadas. Radio de Fase 6 congelado; cobertura de la emisión actual no evaluada. Contexto descriptivo no causal; catálogo de estaciones sin vigencia histórica verificada.
col_c84c8cba11e05de082c7496795578d88,Santo Tomas,Miguel Hidalgo,1805.0,2026-08,6,2027-02,1805.0,0.0,0.0,NEUTRAL,PERSISTENCE,VALIDATED_WITH_CAUTION,VALIDATED_FORECAST,CURRENT_FORECAST,station_endpoints_per_calendar_month,2026-09-19T16:02:18.602535+00:00,464.0,3146.0,2682.0,False,1341.0,2026-02,571,FROZEN_PHASE6_CALIBRATION,2026-09-01T00:00:00,PERSISTENCE,El forecast mantiene el nivel de actividad registrado en su origen: persistencia fue seleccionada por su desempeño retrospectivo. Las señales contextuales no modifican esta predicción.,growth_1,trend_3,neighbor_growth_lag1,crecimiento reciente: 52.45% (contexto no causal),0.5244932432432432,POSITIVE,tendencia trimestral: 49.00 endpoints/mes (contexto no causal),49.0,POSITIVE,crecimiento vecinal reciente: 22.00% (contexto no causal),0.22004848478007563,POSITIVE,True,1.0,2.0-phase6-persistence-context,Disponibilidad histórica y finalización del target no verificadas. Radio de Fase 6 congelado; cobertura de la emisión actual no evaluada. Contexto descriptivo no causal; catálogo de estaciones sin vigencia histórica verificada.
col_c84c8cba11e05de082c7496795578d88,Santo Tomas,Miguel Hidalgo,1805.0,2026-08,12,2027-08,1805.0,0.0,0.0,NEUTRAL,PERSISTENCE,VALIDATED_WITH_CAUTION,VALIDATED_FORECAST,CURRENT_FORECAST,station_endpoints_per_calendar_month,2026-09-19T16:02:18.602535+00:00,0.0,4086.0,4086.0,True,2281.0,2025-08,165,FROZEN_PHASE6_CALIBRATION,2026-09-01T00:00:00,PERSISTENCE,El forecast mantiene el nivel de actividad registrado en su origen: persistencia fue seleccionada por su desempeño retrospectivo. Las señales contextuales no modifican esta predicción.,growth_1,trend_3,neighbor_growth_lag1,crecimiento reciente: 52.45% (contexto no causal),0.5244932432432432,POSITIVE,tendencia trimestral: 49.00 endpoints/mes (contexto no causal),49.0,POSITIVE,crecimiento vecinal reciente: 22.00% (contexto no causal),0.22004848478007563,POSITIVE,True,1.0,2.0-phase6-persistence-context,Disponibilidad histórica y finalización del target no verificadas. Radio de Fase 6 congelado; cobertura de la emisión actual no evaluada. Contexto descriptivo no causal; catálogo de estaciones sin vigencia histórica verificada.
col_cbe1b970a3525757af7647d6463839ff,Del Valle Norte,Benito Juarez,65862.0,2026-08,1,2026-09,65862.0,0.0,0.0,NEUTRAL,PERSISTENCE,VALIDATED_SHORT_TERM,VALIDATED_FORECAST,CURRENT_FORECAST,station_endpoints_per_calendar_month,2026-09-19T16:02:18.602535+00:00,64817.0,66907.0,2090.0,False,1045.0,2026-07,911,FROZEN_PHASE6_CALIBRATION,2026-09-01T00:00:00,PERSISTENCE,El forecast mantiene el nivel de actividad registrado en su origen: persistencia fue seleccionada por su desempeño retrospectivo. Las señales contextuales no modifican esta predicción.,growth_1,trend_3,NONE,crecimiento reciente: -3.42% (contexto no causal),-0.034210719260942886,NEGATIVE,tendencia trimestral: 3.50 endpoints/mes (contexto no causal),3.5,POSITIVE,SIN_DATO,,UNAVAILABLE,False,,2.0-phase6-persistence-context,Disponibilidad histórica y finalización del target no verificadas. Radio de Fase 6 congelado; cobertura de la emisión actual no evaluada. Contexto descriptivo no causal; catálogo de estaciones sin vigencia histórica verificada.
col_cbe1b970a3525757af7647d6463839ff,Del Valle Norte,Benito Juarez,65862.0,2026-08,3,2026-11,65862.0,0.0,0.0,NEUTRAL,PERSISTENCE,VALIDATED_WITH_CAUTION,VALIDATED_FORECAST,CURRENT_FORECAST,station_endpoints_per_calendar_month,2026-09-19T16:02:18.602535+00:00,64584.0,67140.0,2556.0,False,1278.0,2026-05,780,FROZEN_PHASE6_CALIBRATION,2026-09-01T00:00:00,PERSISTENCE,El forecast mantiene el nivel de actividad registrado en su origen: persistencia fue seleccionada por su desempeño retrospectivo. Las señales contextuales no modifican esta predicción.,growth_1,trend_3,NONE,crecimiento reciente: -3.42% (contexto no causal),-0.034210719260942886,NEGATIVE,tendencia trimestral: 3.50 endpoints/mes (contexto no causal),3.5,POSITIVE,SIN_DATO,,UNAVAILABLE,False,,2.0-phase6-persistence-context,Disponibilidad histórica y finalización del target no verificadas. Radio de Fase 6 congelado; cobertura de la emisión actual no evaluada. Contexto descriptivo no causal; catálogo de estaciones sin vigencia histórica verificada.
col_cbe1b970a3525757af7647d6463839ff,Del Valle Norte,Benito Juarez,65862.0,2026-08,6,2027-02,65862.0,0.0,0.0,NEUTRAL,PERSISTENCE,VALIDATED_WITH_CAUTION,VALIDATED_FORECAST,CURRENT_FORECAST,station_endpoints_per_calendar_month,2026-09-19T16:02:18.602535+00:00,64521.0,67203.0,2682.0,False,1341.0,2026-02,571,FROZEN_PHASE6_CALIBRATION,2026-09-01T00:00:00,PERSISTENCE,El forecast mantiene el nivel de actividad registrado en su origen: persistencia fue seleccionada por su desempeño retrospectivo. Las señales contextuales no modifican esta predicción.,growth_1,trend_3,NONE,crecimiento reciente: -3.42% (contexto no causal),-0.034210719260942886,NEGATIVE,tendencia trimestral: 3.50 endpoints/mes (contexto no causal),3.5,POSITIVE,SIN_DATO,,UNAVAILABLE,False,,2.0-phase6-persistence-context,Disponibilidad histórica y finalización del target no verificadas. Radio de Fase 6 congelado; cobertura de la emisión actual no evaluada. Contexto descriptivo no causal; catálogo de estaciones sin vigencia histórica verificada.
col_cbe1b970a3525757af7647d6463839ff,Del Valle Norte,Benito Juarez,65862.0,2026-08,12,2027-08,65862.0,0.0,0.0,NEUTRAL,PERSISTENCE,VALIDATED_WITH_CAUTION,VALIDATED_FORECAST,CURRENT_FORECAST,station_endpoints_per_calendar_month,2026-09-19T16:02:18.602535+00:00,63581.0,68143.0,4562.0,False,2281.0,2025-08,165,FROZEN_PHASE6_CALIBRATION,2026-09-01T00:00:00,PERSISTENCE,El forecast mantiene el nivel de actividad registrado en su origen: persistencia fue seleccionada por su desempeño retrospectivo. Las señales contextuales no modifican esta predicción.,growth_1,trend_3,NONE,crecimiento reciente: -3.42% (contexto no causal),-0.034210719260942886,NEGATIVE,tendencia trimestral: 3.50 endpoints/mes (contexto no causal),3.5,POSITIVE,SIN_DATO,,UNAVAILABLE,False,,2.0-phase6-persistence-context,Disponibilidad histórica y finalización del target no verificadas. Radio de Fase 6 congelado; cobertura de la emisión actual no evaluada. Contexto descriptivo no causal; catálogo de estaciones sin vigencia histórica verificada.
col_cbef3a463b0b5bc2ac31e747b6721178,Guadalupe Inn,Alvaro Obregon,13273.0,2026-08,1,2026-09,13273.0,0.0,0.0,NEUTRAL,PERSISTENCE,VALIDATED_SHORT_TERM,VALIDATED_FORECAST,CURRENT_FORECAST,station_endpoints_per_calendar_month,2026-09-19T16:02:18.602535+00:00,12228.0,14318.0,2090.0,False,1045.0,2026-07,911,FROZEN_PHASE6_CALIBRATION,2026-09-01T00:00:00,PERSISTENCE,El forecast mantiene el nivel de actividad registrado en su origen: persistencia fue seleccionada por su desempeño retrospectivo. Las señales contextuales no modifican esta predicción.,growth_1,trend_3,neighbor_growth_lag1,crecimiento reciente: 5.91% (contexto no causal),0.05912863070539419,POSITIVE,tendencia trimestral: 971.00 endpoints/mes (contexto no causal),971.0,POSITIVE,crecimiento vecinal reciente: 7.14% (contexto no causal),0.07135678391959799,POSITIVE,True,1.0,2.0-phase6-persistence-context,Disponibilidad histórica y finalización del target no verificadas. Radio de Fase 6 congelado; cobertura de la emisión actual no evaluada. Contexto descriptivo no causal; catálogo de estaciones sin vigencia histórica verificada.
col_cbef3a463b0b5bc2ac31e747b6721178,Guadalupe Inn,Alvaro Obregon,13273.0,2026-08,3,2026-11,13273.0,0.0,0.0,NEUTRAL,PERSISTENCE,VALIDATED_WITH_CAUTION,VALIDATED_FORECAST,CURRENT_FORECAST,station_endpoints_per_calendar_month,2026-09-19T16:02:18.602535+00:00,11995.0,14551.0,2556.0,False,1278.0,2026-05,780,FROZEN_PHASE6_CALIBRATION,2026-09-01T00:00:00,PERSISTENCE,El forecast mantiene el nivel de actividad registrado en su origen: persistencia fue seleccionada por su desempeño retrospectivo. Las señales contextuales no modifican esta predicción.,growth_1,trend_3,neighbor_growth_lag1,crecimiento reciente: 5.91% (contexto no causal),0.05912863070539419,POSITIVE,tendencia trimestral: 971.00 endpoints/mes (contexto no causal),971.0,POSITIVE,crecimiento vecinal reciente: 7.14% (contexto no causal),0.07135678391959799,POSITIVE,True,1.0,2.0-phase6-persistence-context,Disponibilidad histórica y finalización del target no verificadas. Radio de Fase 6 congelado; cobertura de la emisión actual no evaluada. Contexto descriptivo no causal; catálogo de estaciones sin vigencia histórica verificada.
col_cbef3a463b0b5bc2ac31e747b6721178,Guadalupe Inn,Alvaro Obregon,13273.0,2026-08,6,2027-02,13273.0,0.0,0.0,NEUTRAL,PERSISTENCE,VALIDATED_WITH_CAUTION,VALIDATED_FORECAST,CURRENT_FORECAST,station_endpoints_per_calendar_month,2026-09-19T16:02:18.602535+00:00,11932.0,14614.0,2682.0,False,1341.0,2026-02,571,FROZEN_PHASE6_CALIBRATION,2026-09-01T00:00:00,PERSISTENCE,El forecast mantiene el nivel de actividad registrado en su origen: persistencia fue seleccionada por su desempeño retrospectivo. Las señales contextuales no modifican esta predicción.,growth_1,trend_3,neighbor_growth_lag1,crecimiento reciente: 5.91% (contexto no causal),0.05912863070539419,POSITIVE,tendencia trimestral: 971.00 endpoints/mes (contexto no causal),971.0,POSITIVE,crecimiento vecinal reciente: 7.14% (contexto no causal),0.07135678391959799,POSITIVE,True,1.0,2.0-phase6-persistence-context,Disponibilidad histórica y finalización del target no verificadas. Radio de Fase 6 congelado; cobertura de la emisión actual no evaluada. Contexto descriptivo no causal; catálogo de estaciones sin vigencia histórica verificada.
col_cbef3a463b0b5bc2ac31e747b6721178,Guadalupe Inn,Alvaro Obregon,13273.0,2026-08,12,2027-08,13273.0,0.0,0.0,NEUTRAL,PERSISTENCE,VALIDATED_WITH_CAUTION,VALIDATED_FORECAST,CURRENT_FORECAST,station_endpoints_per_calendar_month,2026-09-19T16:02:18.602535+00:00,10992.0,15554.0,4562.0,False,2281.0,2025-08,165,FROZEN_PHASE6_CALIBRATION,2026-09-01T00:00:00,PERSISTENCE,El forecast mantiene el nivel de actividad registrado en su origen: persistencia fue seleccionada por su desempeño retrospectivo. Las señales contextuales no modifican esta predicción.,growth_1,trend_3,neighbor_growth_lag1,crecimiento reciente: 5.91% (contexto no causal),0.05912863070539419,POSITIVE,tendencia trimestral: 971.00 endpoints/mes (contexto no causal),971.0,POSITIVE,crecimiento vecinal reciente: 7.14% (contexto no causal),0.07135678391959799,POSITIVE,True,1.0,2.0-phase6-persistence-context,Disponibilidad histórica y finalización del target no verificadas. Radio de Fase 6 congelado; cobertura de la emisión actual no evaluada. Contexto descriptivo no causal; catálogo de estaciones sin vigencia histórica verificada.
col_cda58c28c9e35bd7b4c277287cc632da,Polanco Seccion I/ Los Morales,Miguel Hidalgo,4056.0,2026-08,1,2026-09,4056.0,0.0,0.0,NEUTRAL,PERSISTENCE,VALIDATED_SHORT_TERM,VALIDATED_FORECAST,CURRENT_FORECAST,station_endpoints_per_calendar_month,2026-09-19T16:02:18.602535+00:00,3011.0,5101.0,2090.0,False,1045.0,2026-07,911,FROZEN_PHASE6_CALIBRATION,2026-09-01T00:00:00,PERSISTENCE,El forecast mantiene el nivel de actividad registrado en su origen: persistencia fue seleccionada por su desempeño retrospectivo. Las señales contextuales no modifican esta predicción.,growth_1,trend_3,NONE,crecimiento reciente: -5.54% (contexto no causal),-0.055426176059618075,NEGATIVE,tendencia trimestral: -145.00 endpoints/mes (contexto no causal),-145.0,NEGATIVE,SIN_DATO,,UNAVAILABLE,False,,2.0-phase6-persistence-context,Disponibilidad histórica y finalización del target no verificadas. Radio de Fase 6 congelado; cobertura de la emisión actual no evaluada. Contexto descriptivo no causal; catálogo de estaciones sin vigencia histórica verificada.
col_cda58c28c9e35bd7b4c277287cc632da,Polanco Seccion I/ Los Morales,Miguel Hidalgo,4056.0,2026-08,3,2026-11,4056.0,0.0,0.0,NEUTRAL,PERSISTENCE,VALIDATED_WITH_CAUTION,VALIDATED_FORECAST,CURRENT_FORECAST,station_endpoints_per_calendar_month,2026-09-19T16:02:18.602535+00:00,2778.0,5334.0,2556.0,False,1278.0,2026-05,780,FROZEN_PHASE6_CALIBRATION,2026-09-01T00:00:00,PERSISTENCE,El forecast mantiene el nivel de actividad registrado en su origen: persistencia fue seleccionada por su desempeño retrospectivo. Las señales contextuales no modifican esta predicción.,growth_1,trend_3,NONE,crecimiento reciente: -5.54% (contexto no causal),-0.055426176059618075,NEGATIVE,tendencia trimestral: -145.00 endpoints/mes (contexto no causal),-145.0,NEGATIVE,SIN_DATO,,UNAVAILABLE,False,,2.0-phase6-persistence-context,Disponibilidad histórica y finalización del target no verificadas. Radio de Fase 6 congelado; cobertura de la emisión actual no evaluada. Contexto descriptivo no causal; catálogo de estaciones sin vigencia histórica verificada.
col_cda58c28c9e35bd7b4c277287cc632da,Polanco Seccion I/ Los Morales,Miguel Hidalgo,4056.0,2026-08,6,2027-02,4056.0,0.0,0.0,NEUTRAL,PERSISTENCE,VALIDATED_WITH_CAUTION,VALIDATED_FORECAST,CURRENT_FORECAST,station_endpoints_per_calendar_month,2026-09-19T16:02:18.602535+00:00,2715.0,5397.0,2682.0,False,1341.0,2026-02,571,FROZEN_PHASE6_CALIBRATION,2026-09-01T00:00:00,PERSISTENCE,El forecast mantiene el nivel de actividad registrado en su origen: persistencia fue seleccionada por su desempeño retrospectivo. Las señales contextuales no modifican esta predicción.,growth_1,trend_3,NONE,crecimiento reciente: -5.54% (contexto no causal),-0.055426176059618075,NEGATIVE,tendencia trimestral: -145.00 endpoints/mes (contexto no causal),-145.0,NEGATIVE,SIN_DATO,,UNAVAILABLE,False,,2.0-phase6-persistence-context,Disponibilidad histórica y finalización del target no verificadas. Radio de Fase 6 congelado; cobertura de la emisión actual no evaluada. Contexto descriptivo no causal; catálogo de estaciones sin vigencia histórica verificada.
col_cda58c28c9e35bd7b4c277287cc632da,Polanco Seccion I/ Los Morales,Miguel Hidalgo,4056.0,2026-08,12,2027-08,4056.0,0.0,0.0,NEUTRAL,PERSISTENCE,VALIDATED_WITH_CAUTION,VALIDATED_FORECAST,CURRENT_FORECAST,station_endpoints_per_calendar_month,2026-09-19T16:02:18.602535+00:00,1775.0,6337.0,4562.0,False,2281.0,2025-08,165,FROZEN_PHASE6_CALIBRATION,2026-09-01T00:00:00,PERSISTENCE,El forecast mantiene el nivel de actividad registrado en su origen: persistencia fue seleccionada por su desempeño retrospectivo. Las señales contextuales no modifican esta predicción.,growth_1,trend_3,NONE,crecimiento reciente: -5.54% (contexto no causal),-0.055426176059618075,NEGATIVE,tendencia trimestral: -145.00 endpoints/mes (contexto no causal),-145.0,NEGATIVE,SIN_DATO,,UNAVAILABLE,False,,2.0-phase6-persistence-context,Disponibilidad histórica y finalización del target no verificadas. Radio de Fase 6 congelado; cobertura de la emisión actual no evaluada. Contexto descriptivo no causal; catálogo de estaciones sin vigencia histórica verificada.
col_d230756d48c258b4b050767d29182a80,Irrigacion,Miguel Hidalgo,7159.0,2026-08,1,2026-09,7159.0,0.0,0.0,NEUTRAL,PERSISTENCE,VALIDATED_SHORT_TERM,VALIDATED_FORECAST,CURRENT_FORECAST,station_endpoints_per_calendar_month,2026-09-19T16:02:18.602535+00:00,6114.0,8204.0,2090.0,False,1045.0,2026-07,911,FROZEN_PHASE6_CALIBRATION,2026-09-01T00:00:00,PERSISTENCE,El forecast mantiene el nivel de actividad registrado en su origen: persistencia fue seleccionada por su desempeño retrospectivo. Las señales contextuales no modifican esta predicción.,growth_1,trend_3,NONE,crecimiento reciente: 3.71% (contexto no causal),0.03708532522091844,POSITIVE,tendencia trimestral: -55.50 endpoints/mes (contexto no causal),-55.5,NEGATIVE,SIN_DATO,,UNAVAILABLE,False,,2.0-phase6-persistence-context,Disponibilidad histórica y finalización del target no verificadas. Radio de Fase 6 congelado; cobertura de la emisión actual no evaluada. Contexto descriptivo no causal; catálogo de estaciones sin vigencia histórica verificada.
col_d230756d48c258b4b050767d29182a80,Irrigacion,Miguel Hidalgo,7159.0,2026-08,3,2026-11,7159.0,0.0,0.0,NEUTRAL,PERSISTENCE,VALIDATED_WITH_CAUTION,VALIDATED_FORECAST,CURRENT_FORECAST,station_endpoints_per_calendar_month,2026-09-19T16:02:18.602535+00:00,5881.0,8437.0,2556.0,False,1278.0,2026-05,780,FROZEN_PHASE6_CALIBRATION,2026-09-01T00:00:00,PERSISTENCE,El forecast mantiene el nivel de actividad registrado en su origen: persistencia fue seleccionada por su desempeño retrospectivo. Las señales contextuales no modifican esta predicción.,growth_1,trend_3,NONE,crecimiento reciente: 3.71% (contexto no causal),0.03708532522091844,POSITIVE,tendencia trimestral: -55.50 endpoints/mes (contexto no causal),-55.5,NEGATIVE,SIN_DATO,,UNAVAILABLE,False,,2.0-phase6-persistence-context,Disponibilidad histórica y finalización del target no verificadas. Radio de Fase 6 congelado; cobertura de la emisión actual no evaluada. Contexto descriptivo no causal; catálogo de estaciones sin vigencia histórica verificada.
col_d230756d48c258b4b050767d29182a80,Irrigacion,Miguel Hidalgo,7159.0,2026-08,6,2027-02,7159.0,0.0,0.0,NEUTRAL,PERSISTENCE,VALIDATED_WITH_CAUTION,VALIDATED_FORECAST,CURRENT_FORECAST,station_endpoints_per_calendar_month,2026-09-19T16:02:18.602535+00:00,5818.0,8500.0,2682.0,False,1341.0,2026-02,571,FROZEN_PHASE6_CALIBRATION,2026-09-01T00:00:00,PERSISTENCE,El forecast mantiene el nivel de actividad registrado en su origen: persistencia fue seleccionada por su desempeño retrospectivo. Las señales contextuales no modifican esta predicción.,growth_1,trend_3,NONE,crecimiento reciente: 3.71% (contexto no causal),0.03708532522091844,POSITIVE,tendencia trimestral: -55.50 endpoints/mes (contexto no causal),-55.5,NEGATIVE,SIN_DATO,,UNAVAILABLE,False,,2.0-phase6-persistence-context,Disponibilidad histórica y finalización del target no verificadas. Radio de Fase 6 congelado; cobertura de la emisión actual no evaluada. Contexto descriptivo no causal; catálogo de estaciones sin vigencia histórica verificada.
col_d230756d48c258b4b050767d29182a80,Irrigacion,Miguel Hidalgo,7159.0,2026-08,12,2027-08,7159.0,0.0,0.0,NEUTRAL,PERSISTENCE,VALIDATED_WITH_CAUTION,VALIDATED_FORECAST,CURRENT_FORECAST,station_endpoints_per_calendar_month,2026-09-19T16:02:18.602535+00:00,4878.0,9440.0,4562.0,False,2281.0,2025-08,165,FROZEN_PHASE6_CALIBRATION,2026-09-01T00:00:00,PERSISTENCE,El forecast mantiene el nivel de actividad registrado en su origen: persistencia fue seleccionada por su desempeño retrospectivo. Las señales contextuales no modifican esta predicción.,growth_1,trend_3,NONE,crecimiento reciente: 3.71% (contexto no causal),0.03708532522091844,POSITIVE,tendencia trimestral: -55.50 endpoints/mes (contexto no causal),-55.5,NEGATIVE,SIN_DATO,,UNAVAILABLE,False,,2.0-phase6-persistence-context,Disponibilidad histórica y finalización del target no verificadas. Radio de Fase 6 congelado; cobertura de la emisión actual no evaluada. Contexto descriptivo no causal; catálogo de estaciones sin vigencia histórica verificada.
col_d24f94824377561c8616923a56c96081,Ignacio Allende,Azcapotzalco,1274.0,2026-08,1,2026-09,1274.0,0.0,0.0,NEUTRAL,PERSISTENCE,VALIDATED_SHORT_TERM,VALIDATED_FORECAST,CURRENT_FORECAST,station_endpoints_per_calendar_month,2026-09-19T16:02:18.602535+00:00,229.0,2319.0,2090.0,False,1045.0,2026-07,911,FROZEN_PHASE6_CALIBRATION,2026-09-01T00:00:00,PERSISTENCE,El forecast mantiene el nivel de actividad registrado en su origen: persistencia fue seleccionada por su desempeño retrospectivo. Las señales contextuales no modifican esta predicción.,growth_1,trend_3,neighbor_growth_lag1,crecimiento reciente: -12.56% (contexto no causal),-0.12560054907343857,NEGATIVE,tendencia trimestral: -77.50 endpoints/mes (contexto no causal),-77.5,NEGATIVE,crecimiento vecinal reciente: -4.39% (contexto no causal),-0.043852051757175194,NEGATIVE,True,1.0,2.0-phase6-persistence-context,Disponibilidad histórica y finalización del target no verificadas. Radio de Fase 6 congelado; cobertura de la emisión actual no evaluada. Contexto descriptivo no causal; catálogo de estaciones sin vigencia histórica verificada.
col_d24f94824377561c8616923a56c96081,Ignacio Allende,Azcapotzalco,1274.0,2026-08,3,2026-11,1274.0,0.0,0.0,NEUTRAL,PERSISTENCE,VALIDATED_WITH_CAUTION,VALIDATED_FORECAST,CURRENT_FORECAST,station_endpoints_per_calendar_month,2026-09-19T16:02:18.602535+00:00,0.0,2552.0,2552.0,True,1278.0,2026-05,780,FROZEN_PHASE6_CALIBRATION,2026-09-01T00:00:00,PERSISTENCE,El forecast mantiene el nivel de actividad registrado en su origen: persistencia fue seleccionada por su desempeño retrospectivo. Las señales contextuales no modifican esta predicción.,growth_1,trend_3,neighbor_growth_lag1,crecimiento reciente: -12.56% (contexto no causal),-0.12560054907343857,NEGATIVE,tendencia trimestral: -77.50 endpoints/mes (contexto no causal),-77.5,NEGATIVE,crecimiento vecinal reciente: -4.39% (contexto no causal),-0.043852051757175194,NEGATIVE,True,1.0,2.0-phase6-persistence-context,Disponibilidad histórica y finalización del target no verificadas. Radio de Fase 6 congelado; cobertura de la emisión actual no evaluada. Contexto descriptivo no causal; catálogo de estaciones sin vigencia histórica verificada.
col_d24f94824377561c8616923a56c96081,Ignacio Allende,Azcapotzalco,1274.0,2026-08,6,2027-02,1274.0,0.0,0.0,NEUTRAL,PERSISTENCE,VALIDATED_WITH_CAUTION,VALIDATED_FORECAST,CURRENT_FORECAST,station_endpoints_per_calendar_month,2026-09-19T16:02:18.602535+00:00,0.0,2615.0,2615.0,True,1341.0,2026-02,571,FROZEN_PHASE6_CALIBRATION,2026-09-01T00:00:00,PERSISTENCE,El forecast mantiene el nivel de actividad registrado en su origen: persistencia fue seleccionada por su desempeño retrospectivo. Las señales contextuales no modifican esta predicción.,growth_1,trend_3,neighbor_growth_lag1,crecimiento reciente: -12.56% (contexto no causal),-0.12560054907343857,NEGATIVE,tendencia trimestral: -77.50 endpoints/mes (contexto no causal),-77.5,NEGATIVE,crecimiento vecinal reciente: -4.39% (contexto no causal),-0.043852051757175194,NEGATIVE,True,1.0,2.0-phase6-persistence-context,Disponibilidad histórica y finalización del target no verificadas. Radio de Fase 6 congelado; cobertura de la emisión actual no evaluada. Contexto descriptivo no causal; catálogo de estaciones sin vigencia histórica verificada.
col_d24f94824377561c8616923a56c96081,Ignacio Allende,Azcapotzalco,1274.0,2026-08,12,2027-08,1274.0,0.0,0.0,NEUTRAL,PERSISTENCE,VALIDATED_WITH_CAUTION,VALIDATED_FORECAST,CURRENT_FORECAST,station_endpoints_per_calendar_month,2026-09-19T16:02:18.602535+00:00,0.0,3555.0,3555.0,True,2281.0,2025-08,165,FROZEN_PHASE6_CALIBRATION,2026-09-01T00:00:00,PERSISTENCE,El forecast mantiene el nivel de actividad registrado en su origen: persistencia fue seleccionada por su desempeño retrospectivo. Las señales contextuales no modifican esta predicción.,growth_1,trend_3,neighbor_growth_lag1,crecimiento reciente: -12.56% (contexto no causal),-0.12560054907343857,NEGATIVE,tendencia trimestral: -77.50 endpoints/mes (contexto no causal),-77.5,NEGATIVE,crecimiento vecinal reciente: -4.39% (contexto no causal),-0.043852051757175194,NEGATIVE,True,1.0,2.0-phase6-persistence-context,Disponibilidad histórica y finalización del target no verificadas. Radio de Fase 6 congelado; cobertura de la emisión actual no evaluada. Contexto descriptivo no causal; catálogo de estaciones sin vigencia histórica verificada.
col_d40150e91a0457b18f3ac9b3be178bdc,Molino del Rey,Miguel Hidalgo,3981.0,2026-08,1,2026-09,3981.0,0.0,0.0,NEUTRAL,PERSISTENCE,VALIDATED_SHORT_TERM,VALIDATED_FORECAST,CURRENT_FORECAST,station_endpoints_per_calendar_month,2026-09-19T16:02:18.602535+00:00,2936.0,5026.0,2090.0,False,1045.0,2026-07,911,FROZEN_PHASE6_CALIBRATION,2026-09-01T00:00:00,PERSISTENCE,El forecast mantiene el nivel de actividad registrado en su origen: persistencia fue seleccionada por su desempeño retrospectivo. Las señales contextuales no modifican esta predicción.,growth_1,trend_3,neighbor_growth_lag1,crecimiento reciente: -9.95% (contexto no causal),-0.09952499434517077,NEGATIVE,tendencia trimestral: -202.00 endpoints/mes (contexto no causal),-202.0,NEGATIVE,crecimiento vecinal reciente: 2.05% (contexto no causal),0.020532520863690555,POSITIVE,True,1.0,2.0-phase6-persistence-context,Disponibilidad histórica y finalización del target no verificadas. Radio de Fase 6 congelado; cobertura de la emisión actual no evaluada. Contexto descriptivo no causal; catálogo de estaciones sin vigencia histórica verificada.
col_d40150e91a0457b18f3ac9b3be178bdc,Molino del Rey,Miguel Hidalgo,3981.0,2026-08,3,2026-11,3981.0,0.0,0.0,NEUTRAL,PERSISTENCE,VALIDATED_WITH_CAUTION,VALIDATED_FORECAST,CURRENT_FORECAST,station_endpoints_per_calendar_month,2026-09-19T16:02:18.602535+00:00,2703.0,5259.0,2556.0,False,1278.0,2026-05,780,FROZEN_PHASE6_CALIBRATION,2026-09-01T00:00:00,PERSISTENCE,El forecast mantiene el nivel de actividad registrado en su origen: persistencia fue seleccionada por su desempeño retrospectivo. Las señales contextuales no modifican esta predicción.,growth_1,trend_3,neighbor_growth_lag1,crecimiento reciente: -9.95% (contexto no causal),-0.09952499434517077,NEGATIVE,tendencia trimestral: -202.00 endpoints/mes (contexto no causal),-202.0,NEGATIVE,crecimiento vecinal reciente: 2.05% (contexto no causal),0.020532520863690555,POSITIVE,True,1.0,2.0-phase6-persistence-context,Disponibilidad histórica y finalización del target no verificadas. Radio de Fase 6 congelado; cobertura de la emisión actual no evaluada. Contexto descriptivo no causal; catálogo de estaciones sin vigencia histórica verificada.
col_d40150e91a0457b18f3ac9b3be178bdc,Molino del Rey,Miguel Hidalgo,3981.0,2026-08,6,2027-02,3981.0,0.0,0.0,NEUTRAL,PERSISTENCE,VALIDATED_WITH_CAUTION,VALIDATED_FORECAST,CURRENT_FORECAST,station_endpoints_per_calendar_month,2026-09-19T16:02:18.602535+00:00,2640.0,5322.0,2682.0,False,1341.0,2026-02,571,FROZEN_PHASE6_CALIBRATION,2026-09-01T00:00:00,PERSISTENCE,El forecast mantiene el nivel de actividad registrado en su origen: persistencia fue seleccionada por su desempeño retrospectivo. Las señales contextuales no modifican esta predicción.,growth_1,trend_3,neighbor_growth_lag1,crecimiento reciente: -9.95% (contexto no causal),-0.09952499434517077,NEGATIVE,tendencia trimestral: -202.00 endpoints/mes (contexto no causal),-202.0,NEGATIVE,crecimiento vecinal reciente: 2.05% (contexto no causal),0.020532520863690555,POSITIVE,True,1.0,2.0-phase6-persistence-context,Disponibilidad histórica y finalización del target no verificadas. Radio de Fase 6 congelado; cobertura de la emisión actual no evaluada. Contexto descriptivo no causal; catálogo de estaciones sin vigencia histórica verificada.
col_d40150e91a0457b18f3ac9b3be178bdc,Molino del Rey,Miguel Hidalgo,3981.0,2026-08,12,2027-08,3981.0,0.0,0.0,NEUTRAL,PERSISTENCE,VALIDATED_WITH_CAUTION,VALIDATED_FORECAST,CURRENT_FORECAST,station_endpoints_per_calendar_month,2026-09-19T16:02:18.602535+00:00,1700.0,6262.0,4562.0,False,2281.0,2025-08,165,FROZEN_PHASE6_CALIBRATION,2026-09-01T00:00:00,PERSISTENCE,El forecast mantiene el nivel de actividad registrado en su origen: persistencia fue seleccionada por su desempeño retrospectivo. Las señales contextuales no modifican esta predicción.,growth_1,trend_3,neighbor_growth_lag1,crecimiento reciente: -9.95% (contexto no causal),-0.09952499434517077,NEGATIVE,tendencia trimestral: -202.00 endpoints/mes (contexto no causal),-202.0,NEGATIVE,crecimiento vecinal reciente: 2.05% (contexto no causal),0.020532520863690555,POSITIVE,True,1.0,2.0-phase6-persistence-context,Disponibilidad histórica y finalización del target no verificadas. Radio de Fase 6 congelado; cobertura de la emisión actual no evaluada. Contexto descriptivo no causal; catálogo de estaciones sin vigencia histórica verificada.
col_d4e474286fa85c0aa9cd393c8e2880c1,Axotla,Alvaro Obregon,3517.0,2026-08,1,2026-09,3517.0,0.0,0.0,NEUTRAL,PERSISTENCE,VALIDATED_SHORT_TERM,VALIDATED_FORECAST,CURRENT_FORECAST,station_endpoints_per_calendar_month,2026-09-19T16:02:18.602535+00:00,2472.0,4562.0,2090.0,False,1045.0,2026-07,911,FROZEN_PHASE6_CALIBRATION,2026-09-01T00:00:00,PERSISTENCE,El forecast mantiene el nivel de actividad registrado en su origen: persistencia fue seleccionada por su desempeño retrospectivo. Las señales contextuales no modifican esta predicción.,growth_1,trend_3,neighbor_growth_lag1,crecimiento reciente: -0.99% (contexto no causal),-0.009853603603603604,NEGATIVE,tendencia trimestral: 229.50 endpoints/mes (contexto no causal),229.5,POSITIVE,crecimiento vecinal reciente: -3.58% (contexto no causal),-0.035825290364796335,NEGATIVE,True,1.0,2.0-phase6-persistence-context,Disponibilidad histórica y finalización del target no verificadas. Radio de Fase 6 congelado; cobertura de la emisión actual no evaluada. Contexto descriptivo no causal; catálogo de estaciones sin vigencia histórica verificada.
col_d4e474286fa85c0aa9cd393c8e2880c1,Axotla,Alvaro Obregon,3517.0,2026-08,3,2026-11,3517.0,0.0,0.0,NEUTRAL,PERSISTENCE,VALIDATED_WITH_CAUTION,VALIDATED_FORECAST,CURRENT_FORECAST,station_endpoints_per_calendar_month,2026-09-19T16:02:18.602535+00:00,2239.0,4795.0,2556.0,False,1278.0,2026-05,780,FROZEN_PHASE6_CALIBRATION,2026-09-01T00:00:00,PERSISTENCE,El forecast mantiene el nivel de actividad registrado en su origen: persistencia fue seleccionada por su desempeño retrospectivo. Las señales contextuales no modifican esta predicción.,growth_1,trend_3,neighbor_growth_lag1,crecimiento reciente: -0.99% (contexto no causal),-0.009853603603603604,NEGATIVE,tendencia trimestral: 229.50 endpoints/mes (contexto no causal),229.5,POSITIVE,crecimiento vecinal reciente: -3.58% (contexto no causal),-0.035825290364796335,NEGATIVE,True,1.0,2.0-phase6-persistence-context,Disponibilidad histórica y finalización del target no verificadas. Radio de Fase 6 congelado; cobertura de la emisión actual no evaluada. Contexto descriptivo no causal; catálogo de estaciones sin vigencia histórica verificada.
col_d4e474286fa85c0aa9cd393c8e2880c1,Axotla,Alvaro Obregon,3517.0,2026-08,6,2027-02,3517.0,0.0,0.0,NEUTRAL,PERSISTENCE,VALIDATED_WITH_CAUTION,VALIDATED_FORECAST,CURRENT_FORECAST,station_endpoints_per_calendar_month,2026-09-19T16:02:18.602535+00:00,2176.0,4858.0,2682.0,False,1341.0,2026-02,571,FROZEN_PHASE6_CALIBRATION,2026-09-01T00:00:00,PERSISTENCE,El forecast mantiene el nivel de actividad registrado en su origen: persistencia fue seleccionada por su desempeño retrospectivo. Las señales contextuales no modifican esta predicción.,growth_1,trend_3,neighbor_growth_lag1,crecimiento reciente: -0.99% (contexto no causal),-0.009853603603603604,NEGATIVE,tendencia trimestral: 229.50 endpoints/mes (contexto no causal),229.5,POSITIVE,crecimiento vecinal reciente: -3.58% (contexto no causal),-0.035825290364796335,NEGATIVE,True,1.0,2.0-phase6-persistence-context,Disponibilidad histórica y finalización del target no verificadas. Radio de Fase 6 congelado; cobertura de la emisión actual no evaluada. Contexto descriptivo no causal; catálogo de estaciones sin vigencia histórica verificada.
col_d4e474286fa85c0aa9cd393c8e2880c1,Axotla,Alvaro Obregon,3517.0,2026-08,12,2027-08,3517.0,0.0,0.0,NEUTRAL,PERSISTENCE,VALIDATED_WITH_CAUTION,VALIDATED_FORECAST,CURRENT_FORECAST,station_endpoints_per_calendar_month,2026-09-19T16:02:18.602535+00:00,1236.0,5798.0,4562.0,False,2281.0,2025-08,165,FROZEN_PHASE6_CALIBRATION,2026-09-01T00:00:00,PERSISTENCE,El forecast mantiene el nivel de actividad registrado en su origen: persistencia fue seleccionada por su desempeño retrospectivo. Las señales contextuales no modifican esta predicción.,growth_1,trend_3,neighbor_growth_lag1,crecimiento reciente: -0.99% (contexto no causal),-0.009853603603603604,NEGATIVE,tendencia trimestral: 229.50 endpoints/mes (contexto no causal),229.5,POSITIVE,crecimiento vecinal reciente: -3.58% (contexto no causal),-0.035825290364796335,NEGATIVE,True,1.0,2.0-phase6-persistence-context,Disponibilidad histórica y finalización del target no verificadas. Radio de Fase 6 congelado; cobertura de la emisión actual no evaluada. Contexto descriptivo no causal; catálogo de estaciones sin vigencia histórica verificada.
col_de2ee5e1ae0955e6845ef669ea127a75,Tacuba,Miguel Hidalgo,6479.0,2026-08,1,2026-09,6479.0,0.0,0.0,NEUTRAL,PERSISTENCE,VALIDATED_SHORT_TERM,VALIDATED_FORECAST,CURRENT_FORECAST,station_endpoints_per_calendar_month,2026-09-19T16:02:18.602535+00:00,5434.0,7524.0,2090.0,False,1045.0,2026-07,911,FROZEN_PHASE6_CALIBRATION,2026-09-01T00:00:00,PERSISTENCE,El forecast mantiene el nivel de actividad registrado en su origen: persistencia fue seleccionada por su desempeño retrospectivo. Las señales contextuales no modifican esta predicción.,growth_1,trend_3,neighbor_growth_lag1,crecimiento reciente: -8.32% (contexto no causal),-0.08320362247063817,NEGATIVE,tendencia trimestral: -232.00 endpoints/mes (contexto no causal),-232.0,NEGATIVE,crecimiento vecinal reciente: -5.54% (contexto no causal),-0.05537281079191042,NEGATIVE,True,1.0,2.0-phase6-persistence-context,Disponibilidad histórica y finalización del target no verificadas. Radio de Fase 6 congelado; cobertura de la emisión actual no evaluada. Contexto descriptivo no causal; catálogo de estaciones sin vigencia histórica verificada.
col_de2ee5e1ae0955e6845ef669ea127a75,Tacuba,Miguel Hidalgo,6479.0,2026-08,3,2026-11,6479.0,0.0,0.0,NEUTRAL,PERSISTENCE,VALIDATED_WITH_CAUTION,VALIDATED_FORECAST,CURRENT_FORECAST,station_endpoints_per_calendar_month,2026-09-19T16:02:18.602535+00:00,5201.0,7757.0,2556.0,False,1278.0,2026-05,780,FROZEN_PHASE6_CALIBRATION,2026-09-01T00:00:00,PERSISTENCE,El forecast mantiene el nivel de actividad registrado en su origen: persistencia fue seleccionada por su desempeño retrospectivo. Las señales contextuales no modifican esta predicción.,growth_1,trend_3,neighbor_growth_lag1,crecimiento reciente: -8.32% (contexto no causal),-0.08320362247063817,NEGATIVE,tendencia trimestral: -232.00 endpoints/mes (contexto no causal),-232.0,NEGATIVE,crecimiento vecinal reciente: -5.54% (contexto no causal),-0.05537281079191042,NEGATIVE,True,1.0,2.0-phase6-persistence-context,Disponibilidad histórica y finalización del target no verificadas. Radio de Fase 6 congelado; cobertura de la emisión actual no evaluada. Contexto descriptivo no causal; catálogo de estaciones sin vigencia histórica verificada.
col_de2ee5e1ae0955e6845ef669ea127a75,Tacuba,Miguel Hidalgo,6479.0,2026-08,6,2027-02,6479.0,0.0,0.0,NEUTRAL,PERSISTENCE,VALIDATED_WITH_CAUTION,VALIDATED_FORECAST,CURRENT_FORECAST,station_endpoints_per_calendar_month,2026-09-19T16:02:18.602535+00:00,5138.0,7820.0,2682.0,False,1341.0,2026-02,571,FROZEN_PHASE6_CALIBRATION,2026-09-01T00:00:00,PERSISTENCE,El forecast mantiene el nivel de actividad registrado en su origen: persistencia fue seleccionada por su desempeño retrospectivo. Las señales contextuales no modifican esta predicción.,growth_1,trend_3,neighbor_growth_lag1,crecimiento reciente: -8.32% (contexto no causal),-0.08320362247063817,NEGATIVE,tendencia trimestral: -232.00 endpoints/mes (contexto no causal),-232.0,NEGATIVE,crecimiento vecinal reciente: -5.54% (contexto no causal),-0.05537281079191042,NEGATIVE,True,1.0,2.0-phase6-persistence-context,Disponibilidad histórica y finalización del target no verificadas. Radio de Fase 6 congelado; cobertura de la emisión actual no evaluada. Contexto descriptivo no causal; catálogo de estaciones sin vigencia histórica verificada.
col_de2ee5e1ae0955e6845ef669ea127a75,Tacuba,Miguel Hidalgo,6479.0,2026-08,12,2027-08,6479.0,0.0,0.0,NEUTRAL,PERSISTENCE,VALIDATED_WITH_CAUTION,VALIDATED_FORECAST,CURRENT_FORECAST,station_endpoints_per_calendar_month,2026-09-19T16:02:18.602535+00:00,4198.0,8760.0,4562.0,False,2281.0,2025-08,165,FROZEN_PHASE6_CALIBRATION,2026-09-01T00:00:00,PERSISTENCE,El forecast mantiene el nivel de actividad registrado en su origen: persistencia fue seleccionada por su desempeño retrospectivo. Las señales contextuales no modifican esta predicción.,growth_1,trend_3,neighbor_growth_lag1,crecimiento reciente: -8.32% (contexto no causal),-0.08320362247063817,NEGATIVE,tendencia trimestral: -232.00 endpoints/mes (contexto no causal),-232.0,NEGATIVE,crecimiento vecinal reciente: -5.54% (contexto no causal),-0.05537281079191042,NEGATIVE,True,1.0,2.0-phase6-persistence-context,Disponibilidad histórica y finalización del target no verificadas. Radio de Fase 6 congelado; cobertura de la emisión actual no evaluada. Contexto descriptivo no causal; catálogo de estaciones sin vigencia histórica verificada.
col_debb68f1d0525506bae6ef15b9e39d2f,Hogar y Seguridad,Azcapotzalco,3256.0,2026-08,1,2026-09,3256.0,0.0,0.0,NEUTRAL,PERSISTENCE,VALIDATED_SHORT_TERM,VALIDATED_FORECAST,CURRENT_FORECAST,station_endpoints_per_calendar_month,2026-09-19T16:02:18.602535+00:00,2211.0,4301.0,2090.0,False,1045.0,2026-07,911,FROZEN_PHASE6_CALIBRATION,2026-09-01T00:00:00,PERSISTENCE,El forecast mantiene el nivel de actividad registrado en su origen: persistencia fue seleccionada por su desempeño retrospectivo. Las señales contextuales no modifican esta predicción.,growth_1,trend_3,NONE,crecimiento reciente: -5.02% (contexto no causal),-0.050175029171528586,NEGATIVE,tendencia trimestral: -45.00 endpoints/mes (contexto no causal),-45.0,NEGATIVE,SIN_DATO,,UNAVAILABLE,False,,2.0-phase6-persistence-context,Disponibilidad histórica y finalización del target no verificadas. Radio de Fase 6 congelado; cobertura de la emisión actual no evaluada. Contexto descriptivo no causal; catálogo de estaciones sin vigencia histórica verificada.
col_debb68f1d0525506bae6ef15b9e39d2f,Hogar y Seguridad,Azcapotzalco,3256.0,2026-08,3,2026-11,3256.0,0.0,0.0,NEUTRAL,PERSISTENCE,VALIDATED_WITH_CAUTION,VALIDATED_FORECAST,CURRENT_FORECAST,station_endpoints_per_calendar_month,2026-09-19T16:02:18.602535+00:00,1978.0,4534.0,2556.0,False,1278.0,2026-05,780,FROZEN_PHASE6_CALIBRATION,2026-09-01T00:00:00,PERSISTENCE,El forecast mantiene el nivel de actividad registrado en su origen: persistencia fue seleccionada por su desempeño retrospectivo. Las señales contextuales no modifican esta predicción.,growth_1,trend_3,NONE,crecimiento reciente: -5.02% (contexto no causal),-0.050175029171528586,NEGATIVE,tendencia trimestral: -45.00 endpoints/mes (contexto no causal),-45.0,NEGATIVE,SIN_DATO,,UNAVAILABLE,False,,2.0-phase6-persistence-context,Disponibilidad histórica y finalización del target no verificadas. Radio de Fase 6 congelado; cobertura de la emisión actual no evaluada. Contexto descriptivo no causal; catálogo de estaciones sin vigencia histórica verificada.
col_debb68f1d0525506bae6ef15b9e39d2f,Hogar y Seguridad,Azcapotzalco,3256.0,2026-08,6,2027-02,3256.0,0.0,0.0,NEUTRAL,PERSISTENCE,VALIDATED_WITH_CAUTION,VALIDATED_FORECAST,CURRENT_FORECAST,station_endpoints_per_calendar_month,2026-09-19T16:02:18.602535+00:00,1915.0,4597.0,2682.0,False,1341.0,2026-02,571,FROZEN_PHASE6_CALIBRATION,2026-09-01T00:00:00,PERSISTENCE,El forecast mantiene el nivel de actividad registrado en su origen: persistencia fue seleccionada por su desempeño retrospectivo. Las señales contextuales no modifican esta predicción.,growth_1,trend_3,NONE,crecimiento reciente: -5.02% (contexto no causal),-0.050175029171528586,NEGATIVE,tendencia trimestral: -45.00 endpoints/mes (contexto no causal),-45.0,NEGATIVE,SIN_DATO,,UNAVAILABLE,False,,2.0-phase6-persistence-context,Disponibilidad histórica y finalización del target no verificadas. Radio de Fase 6 congelado; cobertura de la emisión actual no evaluada. Contexto descriptivo no causal; catálogo de estaciones sin vigencia histórica verificada.
col_debb68f1d0525506bae6ef15b9e39d2f,Hogar y Seguridad,Azcapotzalco,3256.0,2026-08,12,2027-08,3256.0,0.0,0.0,NEUTRAL,PERSISTENCE,VALIDATED_WITH_CAUTION,VALIDATED_FORECAST,CURRENT_FORECAST,station_endpoints_per_calendar_month,2026-09-19T16:02:18.602535+00:00,975.0,5537.0,4562.0,False,2281.0,2025-08,165,FROZEN_PHASE6_CALIBRATION,2026-09-01T00:00:00,PERSISTENCE,El forecast mantiene el nivel de actividad registrado en su origen: persistencia fue seleccionada por su desempeño retrospectivo. Las señales contextuales no modifican esta predicción.,growth_1,trend_3,NONE,crecimiento reciente: -5.02% (contexto no causal),-0.050175029171528586,NEGATIVE,tendencia trimestral: -45.00 endpoints/mes (contexto no causal),-45.0,NEGATIVE,SIN_DATO,,UNAVAILABLE,False,,2.0-phase6-persistence-context,Disponibilidad histórica y finalización del target no verificadas. Radio de Fase 6 congelado; cobertura de la emisión actual no evaluada. Contexto descriptivo no causal; catálogo de estaciones sin vigencia histórica verificada.
col_df8f37e24dff550bb52ef711568f9cb7,Obrera,Cuauhtemoc,35687.0,2026-08,1,2026-09,35687.0,0.0,0.0,NEUTRAL,PERSISTENCE,VALIDATED_SHORT_TERM,VALIDATED_FORECAST,CURRENT_FORECAST,station_endpoints_per_calendar_month,2026-09-19T16:02:18.602535+00:00,34642.0,36732.0,2090.0,False,1045.0,2026-07,911,FROZEN_PHASE6_CALIBRATION,2026-09-01T00:00:00,PERSISTENCE,El forecast mantiene el nivel de actividad registrado en su origen: persistencia fue seleccionada por su desempeño retrospectivo. Las señales contextuales no modifican esta predicción.,growth_1,trend_3,neighbor_growth_lag1,crecimiento reciente: 0.47% (contexto no causal),0.004701576576576576,POSITIVE,tendencia trimestral: -1097.50 endpoints/mes (contexto no causal),-1097.5,NEGATIVE,crecimiento vecinal reciente: -0.09% (contexto no causal),-0.000904456503864496,NEGATIVE,True,1.0,2.0-phase6-persistence-context,Disponibilidad histórica y finalización del target no verificadas. Radio de Fase 6 congelado; cobertura de la emisión actual no evaluada. Contexto descriptivo no causal; catálogo de estaciones sin vigencia histórica verificada.
col_df8f37e24dff550bb52ef711568f9cb7,Obrera,Cuauhtemoc,35687.0,2026-08,3,2026-11,35687.0,0.0,0.0,NEUTRAL,PERSISTENCE,VALIDATED_WITH_CAUTION,VALIDATED_FORECAST,CURRENT_FORECAST,station_endpoints_per_calendar_month,2026-09-19T16:02:18.602535+00:00,34409.0,36965.0,2556.0,False,1278.0,2026-05,780,FROZEN_PHASE6_CALIBRATION,2026-09-01T00:00:00,PERSISTENCE,El forecast mantiene el nivel de actividad registrado en su origen: persistencia fue seleccionada por su desempeño retrospectivo. Las señales contextuales no modifican esta predicción.,growth_1,trend_3,neighbor_growth_lag1,crecimiento reciente: 0.47% (contexto no causal),0.004701576576576576,POSITIVE,tendencia trimestral: -1097.50 endpoints/mes (contexto no causal),-1097.5,NEGATIVE,crecimiento vecinal reciente: -0.09% (contexto no causal),-0.000904456503864496,NEGATIVE,True,1.0,2.0-phase6-persistence-context,Disponibilidad histórica y finalización del target no verificadas. Radio de Fase 6 congelado; cobertura de la emisión actual no evaluada. Contexto descriptivo no causal; catálogo de estaciones sin vigencia histórica verificada.
col_df8f37e24dff550bb52ef711568f9cb7,Obrera,Cuauhtemoc,35687.0,2026-08,6,2027-02,35687.0,0.0,0.0,NEUTRAL,PERSISTENCE,VALIDATED_WITH_CAUTION,VALIDATED_FORECAST,CURRENT_FORECAST,station_endpoints_per_calendar_month,2026-09-19T16:02:18.602535+00:00,34346.0,37028.0,2682.0,False,1341.0,2026-02,571,FROZEN_PHASE6_CALIBRATION,2026-09-01T00:00:00,PERSISTENCE,El forecast mantiene el nivel de actividad registrado en su origen: persistencia fue seleccionada por su desempeño retrospectivo. Las señales contextuales no modifican esta predicción.,growth_1,trend_3,neighbor_growth_lag1,crecimiento reciente: 0.47% (contexto no causal),0.004701576576576576,POSITIVE,tendencia trimestral: -1097.50 endpoints/mes (contexto no causal),-1097.5,NEGATIVE,crecimiento vecinal reciente: -0.09% (contexto no causal),-0.000904456503864496,NEGATIVE,True,1.0,2.0-phase6-persistence-context,Disponibilidad histórica y finalización del target no verificadas. Radio de Fase 6 congelado; cobertura de la emisión actual no evaluada. Contexto descriptivo no causal; catálogo de estaciones sin vigencia histórica verificada.
col_df8f37e24dff550bb52ef711568f9cb7,Obrera,Cuauhtemoc,35687.0,2026-08,12,2027-08,35687.0,0.0,0.0,NEUTRAL,PERSISTENCE,VALIDATED_WITH_CAUTION,VALIDATED_FORECAST,CURRENT_FORECAST,station_endpoints_per_calendar_month,2026-09-19T16:02:18.602535+00:00,33406.0,37968.0,4562.0,False,2281.0,2025-08,165,FROZEN_PHASE6_CALIBRATION,2026-09-01T00:00:00,PERSISTENCE,El forecast mantiene el nivel de actividad registrado en su origen: persistencia fue seleccionada por su desempeño retrospectivo. Las señales contextuales no modifican esta predicción.,growth_1,trend_3,neighbor_growth_lag1,crecimiento reciente: 0.47% (contexto no causal),0.004701576576576576,POSITIVE,tendencia trimestral: -1097.50 endpoints/mes (contexto no causal),-1097.5,NEGATIVE,crecimiento vecinal reciente: -0.09% (contexto no causal),-0.000904456503864496,NEGATIVE,True,1.0,2.0-phase6-persistence-context,Disponibilidad histórica y finalización del target no verificadas. Radio de Fase 6 congelado; cobertura de la emisión actual no evaluada. Contexto descriptivo no causal; catálogo de estaciones sin vigencia histórica verificada.
col_e38591c35bd05184a3caa0318add5f06,Agricultura,Miguel Hidalgo,13439.0,2026-08,1,2026-09,13439.0,0.0,0.0,NEUTRAL,PERSISTENCE,VALIDATED_SHORT_TERM,VALIDATED_FORECAST,CURRENT_FORECAST,station_endpoints_per_calendar_month,2026-09-19T16:02:18.602535+00:00,12394.0,14484.0,2090.0,False,1045.0,2026-07,911,FROZEN_PHASE6_CALIBRATION,2026-09-01T00:00:00,PERSISTENCE,El forecast mantiene el nivel de actividad registrado en su origen: persistencia fue seleccionada por su desempeño retrospectivo. Las señales contextuales no modifican esta predicción.,growth_1,trend_3,neighbor_growth_lag1,crecimiento reciente: 12.26% (contexto no causal),0.12262968841366637,POSITIVE,tendencia trimestral: -814.00 endpoints/mes (contexto no causal),-814.0,NEGATIVE,crecimiento vecinal reciente: 16.20% (contexto no causal),0.16199433518158107,POSITIVE,True,0.9999999999999997,2.0-phase6-persistence-context,Disponibilidad histórica y finalización del target no verificadas. Radio de Fase 6 congelado; cobertura de la emisión actual no evaluada. Contexto descriptivo no causal; catálogo de estaciones sin vigencia histórica verificada.
col_e38591c35bd05184a3caa0318add5f06,Agricultura,Miguel Hidalgo,13439.0,2026-08,3,2026-11,13439.0,0.0,0.0,NEUTRAL,PERSISTENCE,VALIDATED_WITH_CAUTION,VALIDATED_FORECAST,CURRENT_FORECAST,station_endpoints_per_calendar_month,2026-09-19T16:02:18.602535+00:00,12161.0,14717.0,2556.0,False,1278.0,2026-05,780,FROZEN_PHASE6_CALIBRATION,2026-09-01T00:00:00,PERSISTENCE,El forecast mantiene el nivel de actividad registrado en su origen: persistencia fue seleccionada por su desempeño retrospectivo. Las señales contextuales no modifican esta predicción.,growth_1,trend_3,neighbor_growth_lag1,crecimiento reciente: 12.26% (contexto no causal),0.12262968841366637,POSITIVE,tendencia trimestral: -814.00 endpoints/mes (contexto no causal),-814.0,NEGATIVE,crecimiento vecinal reciente: 16.20% (contexto no causal),0.16199433518158107,POSITIVE,True,0.9999999999999997,2.0-phase6-persistence-context,Disponibilidad histórica y finalización del target no verificadas. Radio de Fase 6 congelado; cobertura de la emisión actual no evaluada. Contexto descriptivo no causal; catálogo de estaciones sin vigencia histórica verificada.
col_e38591c35bd05184a3caa0318add5f06,Agricultura,Miguel Hidalgo,13439.0,2026-08,6,2027-02,13439.0,0.0,0.0,NEUTRAL,PERSISTENCE,VALIDATED_WITH_CAUTION,VALIDATED_FORECAST,CURRENT_FORECAST,station_endpoints_per_calendar_month,2026-09-19T16:02:18.602535+00:00,12098.0,14780.0,2682.0,False,1341.0,2026-02,571,FROZEN_PHASE6_CALIBRATION,2026-09-01T00:00:00,PERSISTENCE,El forecast mantiene el nivel de actividad registrado en su origen: persistencia fue seleccionada por su desempeño retrospectivo. Las señales contextuales no modifican esta predicción.,growth_1,trend_3,neighbor_growth_lag1,crecimiento reciente: 12.26% (contexto no causal),0.12262968841366637,POSITIVE,tendencia trimestral: -814.00 endpoints/mes (contexto no causal),-814.0,NEGATIVE,crecimiento vecinal reciente: 16.20% (contexto no causal),0.16199433518158107,POSITIVE,True,0.9999999999999997,2.0-phase6-persistence-context,Disponibilidad histórica y finalización del target no verificadas. Radio de Fase 6 congelado; cobertura de la emisión actual no evaluada. Contexto descriptivo no causal; catálogo de estaciones sin vigencia histórica verificada.
col_e38591c35bd05184a3caa0318add5f06,Agricultura,Miguel Hidalgo,13439.0,2026-08,12,2027-08,13439.0,0.0,0.0,NEUTRAL,PERSISTENCE,VALIDATED_WITH_CAUTION,VALIDATED_FORECAST,CURRENT_FORECAST,station_endpoints_per_calendar_month,2026-09-19T16:02:18.602535+00:00,11158.0,15720.0,4562.0,False,2281.0,2025-08,165,FROZEN_PHASE6_CALIBRATION,2026-09-01T00:00:00,PERSISTENCE,El forecast mantiene el nivel de actividad registrado en su origen: persistencia fue seleccionada por su desempeño retrospectivo. Las señales contextuales no modifican esta predicción.,growth_1,trend_3,neighbor_growth_lag1,crecimiento reciente: 12.26% (contexto no causal),0.12262968841366637,POSITIVE,tendencia trimestral: -814.00 endpoints/mes (contexto no causal),-814.0,NEGATIVE,crecimiento vecinal reciente: 16.20% (contexto no causal),0.16199433518158107,POSITIVE,True,0.9999999999999997,2.0-phase6-persistence-context,Disponibilidad histórica y finalización del target no verificadas. Radio de Fase 6 congelado; cobertura de la emisión actual no evaluada. Contexto descriptivo no causal; catálogo de estaciones sin vigencia histórica verificada.
col_e426afce41e3549e9144c6ee8c8047dc,Portales,Benito Juarez,48897.0,2026-08,1,2026-09,48897.0,0.0,0.0,NEUTRAL,PERSISTENCE,VALIDATED_SHORT_TERM,VALIDATED_FORECAST,CURRENT_FORECAST,station_endpoints_per_calendar_month,2026-09-19T16:02:18.602535+00:00,47852.0,49942.0,2090.0,False,1045.0,2026-07,911,FROZEN_PHASE6_CALIBRATION,2026-09-01T00:00:00,PERSISTENCE,El forecast mantiene el nivel de actividad registrado en su origen: persistencia fue seleccionada por su desempeño retrospectivo. Las señales contextuales no modifican esta predicción.,growth_1,trend_3,neighbor_growth_lag1,crecimiento reciente: -2.87% (contexto no causal),-0.028684372579011144,NEGATIVE,tendencia trimestral: -364.50 endpoints/mes (contexto no causal),-364.5,NEGATIVE,crecimiento vecinal reciente: -4.20% (contexto no causal),-0.04200024138683989,NEGATIVE,True,1.0,2.0-phase6-persistence-context,Disponibilidad histórica y finalización del target no verificadas. Radio de Fase 6 congelado; cobertura de la emisión actual no evaluada. Contexto descriptivo no causal; catálogo de estaciones sin vigencia histórica verificada.
col_e426afce41e3549e9144c6ee8c8047dc,Portales,Benito Juarez,48897.0,2026-08,3,2026-11,48897.0,0.0,0.0,NEUTRAL,PERSISTENCE,VALIDATED_WITH_CAUTION,VALIDATED_FORECAST,CURRENT_FORECAST,station_endpoints_per_calendar_month,2026-09-19T16:02:18.602535+00:00,47619.0,50175.0,2556.0,False,1278.0,2026-05,780,FROZEN_PHASE6_CALIBRATION,2026-09-01T00:00:00,PERSISTENCE,El forecast mantiene el nivel de actividad registrado en su origen: persistencia fue seleccionada por su desempeño retrospectivo. Las señales contextuales no modifican esta predicción.,growth_1,trend_3,neighbor_growth_lag1,crecimiento reciente: -2.87% (contexto no causal),-0.028684372579011144,NEGATIVE,tendencia trimestral: -364.50 endpoints/mes (contexto no causal),-364.5,NEGATIVE,crecimiento vecinal reciente: -4.20% (contexto no causal),-0.04200024138683989,NEGATIVE,True,1.0,2.0-phase6-persistence-context,Disponibilidad histórica y finalización del target no verificadas. Radio de Fase 6 congelado; cobertura de la emisión actual no evaluada. Contexto descriptivo no causal; catálogo de estaciones sin vigencia histórica verificada.
col_e426afce41e3549e9144c6ee8c8047dc,Portales,Benito Juarez,48897.0,2026-08,6,2027-02,48897.0,0.0,0.0,NEUTRAL,PERSISTENCE,VALIDATED_WITH_CAUTION,VALIDATED_FORECAST,CURRENT_FORECAST,station_endpoints_per_calendar_month,2026-09-19T16:02:18.602535+00:00,47556.0,50238.0,2682.0,False,1341.0,2026-02,571,FROZEN_PHASE6_CALIBRATION,2026-09-01T00:00:00,PERSISTENCE,El forecast mantiene el nivel de actividad registrado en su origen: persistencia fue seleccionada por su desempeño retrospectivo. Las señales contextuales no modifican esta predicción.,growth_1,trend_3,neighbor_growth_lag1,crecimiento reciente: -2.87% (contexto no causal),-0.028684372579011144,NEGATIVE,tendencia trimestral: -364.50 endpoints/mes (contexto no causal),-364.5,NEGATIVE,crecimiento vecinal reciente: -4.20% (contexto no causal),-0.04200024138683989,NEGATIVE,True,1.0,2.0-phase6-persistence-context,Disponibilidad histórica y finalización del target no verificadas. Radio de Fase 6 congelado; cobertura de la emisión actual no evaluada. Contexto descriptivo no causal; catálogo de estaciones sin vigencia histórica verificada.
col_e426afce41e3549e9144c6ee8c8047dc,Portales,Benito Juarez,48897.0,2026-08,12,2027-08,48897.0,0.0,0.0,NEUTRAL,PERSISTENCE,VALIDATED_WITH_CAUTION,VALIDATED_FORECAST,CURRENT_FORECAST,station_endpoints_per_calendar_month,2026-09-19T16:02:18.602535+00:00,46616.0,51178.0,4562.0,False,2281.0,2025-08,165,FROZEN_PHASE6_CALIBRATION,2026-09-01T00:00:00,PERSISTENCE,El forecast mantiene el nivel de actividad registrado en su origen: persistencia fue seleccionada por su desempeño retrospectivo. Las señales contextuales no modifican esta predicción.,growth_1,trend_3,neighbor_growth_lag1,crecimiento reciente: -2.87% (contexto no causal),-0.028684372579011144,NEGATIVE,tendencia trimestral: -364.50 endpoints/mes (contexto no causal),-364.5,NEGATIVE,crecimiento vecinal reciente: -4.20% (contexto no causal),-0.04200024138683989,NEGATIVE,True,1.0,2.0-phase6-persistence-context,Disponibilidad histórica y finalización del target no verificadas. Radio de Fase 6 congelado; cobertura de la emisión actual no evaluada. Contexto descriptivo no causal; catálogo de estaciones sin vigencia histórica verificada.
col_e56a7334b36e5ca6841813031c3b8d2b,Centro,Cuauhtemoc,145059.0,2026-08,1,2026-09,145059.0,0.0,0.0,NEUTRAL,PERSISTENCE,VALIDATED_SHORT_TERM,VALIDATED_FORECAST,CURRENT_FORECAST,station_endpoints_per_calendar_month,2026-09-19T16:02:18.602535+00:00,144014.0,146104.0,2090.0,False,1045.0,2026-07,911,FROZEN_PHASE6_CALIBRATION,2026-09-01T00:00:00,PERSISTENCE,El forecast mantiene el nivel de actividad registrado en su origen: persistencia fue seleccionada por su desempeño retrospectivo. Las señales contextuales no modifican esta predicción.,growth_1,trend_3,NONE,crecimiento reciente: -2.09% (contexto no causal),-0.020923467356016173,NEGATIVE,tendencia trimestral: -6317.50 endpoints/mes (contexto no causal),-6317.5,NEGATIVE,SIN_DATO,,UNAVAILABLE,False,,2.0-phase6-persistence-context,Disponibilidad histórica y finalización del target no verificadas. Radio de Fase 6 congelado; cobertura de la emisión actual no evaluada. Contexto descriptivo no causal; catálogo de estaciones sin vigencia histórica verificada.
col_e56a7334b36e5ca6841813031c3b8d2b,Centro,Cuauhtemoc,145059.0,2026-08,3,2026-11,145059.0,0.0,0.0,NEUTRAL,PERSISTENCE,VALIDATED_WITH_CAUTION,VALIDATED_FORECAST,CURRENT_FORECAST,station_endpoints_per_calendar_month,2026-09-19T16:02:18.602535+00:00,143781.0,146337.0,2556.0,False,1278.0,2026-05,780,FROZEN_PHASE6_CALIBRATION,2026-09-01T00:00:00,PERSISTENCE,El forecast mantiene el nivel de actividad registrado en su origen: persistencia fue seleccionada por su desempeño retrospectivo. Las señales contextuales no modifican esta predicción.,growth_1,trend_3,NONE,crecimiento reciente: -2.09% (contexto no causal),-0.020923467356016173,NEGATIVE,tendencia trimestral: -6317.50 endpoints/mes (contexto no causal),-6317.5,NEGATIVE,SIN_DATO,,UNAVAILABLE,False,,2.0-phase6-persistence-context,Disponibilidad histórica y finalización del target no verificadas. Radio de Fase 6 congelado; cobertura de la emisión actual no evaluada. Contexto descriptivo no causal; catálogo de estaciones sin vigencia histórica verificada.
col_e56a7334b36e5ca6841813031c3b8d2b,Centro,Cuauhtemoc,145059.0,2026-08,6,2027-02,145059.0,0.0,0.0,NEUTRAL,PERSISTENCE,VALIDATED_WITH_CAUTION,VALIDATED_FORECAST,CURRENT_FORECAST,station_endpoints_per_calendar_month,2026-09-19T16:02:18.602535+00:00,143718.0,146400.0,2682.0,False,1341.0,2026-02,571,FROZEN_PHASE6_CALIBRATION,2026-09-01T00:00:00,PERSISTENCE,El forecast mantiene el nivel de actividad registrado en su origen: persistencia fue seleccionada por su desempeño retrospectivo. Las señales contextuales no modifican esta predicción.,growth_1,trend_3,NONE,crecimiento reciente: -2.09% (contexto no causal),-0.020923467356016173,NEGATIVE,tendencia trimestral: -6317.50 endpoints/mes (contexto no causal),-6317.5,NEGATIVE,SIN_DATO,,UNAVAILABLE,False,,2.0-phase6-persistence-context,Disponibilidad histórica y finalización del target no verificadas. Radio de Fase 6 congelado; cobertura de la emisión actual no evaluada. Contexto descriptivo no causal; catálogo de estaciones sin vigencia histórica verificada.
col_e56a7334b36e5ca6841813031c3b8d2b,Centro,Cuauhtemoc,145059.0,2026-08,12,2027-08,145059.0,0.0,0.0,NEUTRAL,PERSISTENCE,VALIDATED_WITH_CAUTION,VALIDATED_FORECAST,CURRENT_FORECAST,station_endpoints_per_calendar_month,2026-09-19T16:02:18.602535+00:00,142778.0,147340.0,4562.0,False,2281.0,2025-08,165,FROZEN_PHASE6_CALIBRATION,2026-09-01T00:00:00,PERSISTENCE,El forecast mantiene el nivel de actividad registrado en su origen: persistencia fue seleccionada por su desempeño retrospectivo. Las señales contextuales no modifican esta predicción.,growth_1,trend_3,NONE,crecimiento reciente: -2.09% (contexto no causal),-0.020923467356016173,NEGATIVE,tendencia trimestral: -6317.50 endpoints/mes (contexto no causal),-6317.5,NEGATIVE,SIN_DATO,,UNAVAILABLE,False,,2.0-phase6-persistence-context,Disponibilidad histórica y finalización del target no verificadas. Radio de Fase 6 congelado; cobertura de la emisión actual no evaluada. Contexto descriptivo no causal; catálogo de estaciones sin vigencia histórica verificada.
col_e72f76ae560a556e957e54c180d9d323,Centro Urbano Presidente Aleman,Benito Juarez,2332.0,2026-08,1,2026-09,2332.0,0.0,0.0,NEUTRAL,PERSISTENCE,VALIDATED_SHORT_TERM,VALIDATED_FORECAST,CURRENT_FORECAST,station_endpoints_per_calendar_month,2026-09-19T16:02:18.602535+00:00,1287.0,3377.0,2090.0,False,1045.0,2026-07,911,FROZEN_PHASE6_CALIBRATION,2026-09-01T00:00:00,PERSISTENCE,El forecast mantiene el nivel de actividad registrado en su origen: persistencia fue seleccionada por su desempeño retrospectivo. Las señales contextuales no modifican esta predicción.,growth_1,trend_3,NONE,crecimiento reciente: -5.63% (contexto no causal),-0.05625252934034804,NEGATIVE,tendencia trimestral: -47.00 endpoints/mes (contexto no causal),-47.0,NEGATIVE,SIN_DATO,,UNAVAILABLE,False,,2.0-phase6-persistence-context,Disponibilidad histórica y finalización del target no verificadas. Radio de Fase 6 congelado; cobertura de la emisión actual no evaluada. Contexto descriptivo no causal; catálogo de estaciones sin vigencia histórica verificada.
col_e72f76ae560a556e957e54c180d9d323,Centro Urbano Presidente Aleman,Benito Juarez,2332.0,2026-08,3,2026-11,2332.0,0.0,0.0,NEUTRAL,PERSISTENCE,VALIDATED_WITH_CAUTION,VALIDATED_FORECAST,CURRENT_FORECAST,station_endpoints_per_calendar_month,2026-09-19T16:02:18.602535+00:00,1054.0,3610.0,2556.0,False,1278.0,2026-05,780,FROZEN_PHASE6_CALIBRATION,2026-09-01T00:00:00,PERSISTENCE,El forecast mantiene el nivel de actividad registrado en su origen: persistencia fue seleccionada por su desempeño retrospectivo. Las señales contextuales no modifican esta predicción.,growth_1,trend_3,NONE,crecimiento reciente: -5.63% (contexto no causal),-0.05625252934034804,NEGATIVE,tendencia trimestral: -47.00 endpoints/mes (contexto no causal),-47.0,NEGATIVE,SIN_DATO,,UNAVAILABLE,False,,2.0-phase6-persistence-context,Disponibilidad histórica y finalización del target no verificadas. Radio de Fase 6 congelado; cobertura de la emisión actual no evaluada. Contexto descriptivo no causal; catálogo de estaciones sin vigencia histórica verificada.
col_e72f76ae560a556e957e54c180d9d323,Centro Urbano Presidente Aleman,Benito Juarez,2332.0,2026-08,6,2027-02,2332.0,0.0,0.0,NEUTRAL,PERSISTENCE,VALIDATED_WITH_CAUTION,VALIDATED_FORECAST,CURRENT_FORECAST,station_endpoints_per_calendar_month,2026-09-19T16:02:18.602535+00:00,991.0,3673.0,2682.0,False,1341.0,2026-02,571,FROZEN_PHASE6_CALIBRATION,2026-09-01T00:00:00,PERSISTENCE,El forecast mantiene el nivel de actividad registrado en su origen: persistencia fue seleccionada por su desempeño retrospectivo. Las señales contextuales no modifican esta predicción.,growth_1,trend_3,NONE,crecimiento reciente: -5.63% (contexto no causal),-0.05625252934034804,NEGATIVE,tendencia trimestral: -47.00 endpoints/mes (contexto no causal),-47.0,NEGATIVE,SIN_DATO,,UNAVAILABLE,False,,2.0-phase6-persistence-context,Disponibilidad histórica y finalización del target no verificadas. Radio de Fase 6 congelado; cobertura de la emisión actual no evaluada. Contexto descriptivo no causal; catálogo de estaciones sin vigencia histórica verificada.
col_e72f76ae560a556e957e54c180d9d323,Centro Urbano Presidente Aleman,Benito Juarez,2332.0,2026-08,12,2027-08,2332.0,0.0,0.0,NEUTRAL,PERSISTENCE,VALIDATED_WITH_CAUTION,VALIDATED_FORECAST,CURRENT_FORECAST,station_endpoints_per_calendar_month,2026-09-19T16:02:18.602535+00:00,51.0,4613.0,4562.0,False,2281.0,2025-08,165,FROZEN_PHASE6_CALIBRATION,2026-09-01T00:00:00,PERSISTENCE,El forecast mantiene el nivel de actividad registrado en su origen: persistencia fue seleccionada por su desempeño retrospectivo. Las señales contextuales no modifican esta predicción.,growth_1,trend_3,NONE,crecimiento reciente: -5.63% (contexto no causal),-0.05625252934034804,NEGATIVE,tendencia trimestral: -47.00 endpoints/mes (contexto no causal),-47.0,NEGATIVE,SIN_DATO,,UNAVAILABLE,False,,2.0-phase6-persistence-context,Disponibilidad histórica y finalización del target no verificadas. Radio de Fase 6 congelado; cobertura de la emisión actual no evaluada. Contexto descriptivo no causal; catálogo de estaciones sin vigencia histórica verificada.
col_eadac3374f095a63b927c12303b7218a,Josefa Ortiz de Dominguez,Benito Juarez,5297.0,2026-08,1,2026-09,5297.0,0.0,0.0,NEUTRAL,PERSISTENCE,VALIDATED_SHORT_TERM,VALIDATED_FORECAST,CURRENT_FORECAST,station_endpoints_per_calendar_month,2026-09-19T16:02:18.602535+00:00,4252.0,6342.0,2090.0,False,1045.0,2026-07,911,FROZEN_PHASE6_CALIBRATION,2026-09-01T00:00:00,PERSISTENCE,El forecast mantiene el nivel de actividad registrado en su origen: persistencia fue seleccionada por su desempeño retrospectivo. Las señales contextuales no modifican esta predicción.,growth_1,trend_3,neighbor_growth_lag1,crecimiento reciente: -3.66% (contexto no causal),-0.03655874863586759,NEGATIVE,tendencia trimestral: -406.50 endpoints/mes (contexto no causal),-406.5,NEGATIVE,crecimiento vecinal reciente: 0.74% (contexto no causal),0.0074206651769091695,POSITIVE,True,1.0,2.0-phase6-persistence-context,Disponibilidad histórica y finalización del target no verificadas. Radio de Fase 6 congelado; cobertura de la emisión actual no evaluada. Contexto descriptivo no causal; catálogo de estaciones sin vigencia histórica verificada.
col_eadac3374f095a63b927c12303b7218a,Josefa Ortiz de Dominguez,Benito Juarez,5297.0,2026-08,3,2026-11,5297.0,0.0,0.0,NEUTRAL,PERSISTENCE,VALIDATED_WITH_CAUTION,VALIDATED_FORECAST,CURRENT_FORECAST,station_endpoints_per_calendar_month,2026-09-19T16:02:18.602535+00:00,4019.0,6575.0,2556.0,False,1278.0,2026-05,780,FROZEN_PHASE6_CALIBRATION,2026-09-01T00:00:00,PERSISTENCE,El forecast mantiene el nivel de actividad registrado en su origen: persistencia fue seleccionada por su desempeño retrospectivo. Las señales contextuales no modifican esta predicción.,growth_1,trend_3,neighbor_growth_lag1,crecimiento reciente: -3.66% (contexto no causal),-0.03655874863586759,NEGATIVE,tendencia trimestral: -406.50 endpoints/mes (contexto no causal),-406.5,NEGATIVE,crecimiento vecinal reciente: 0.74% (contexto no causal),0.0074206651769091695,POSITIVE,True,1.0,2.0-phase6-persistence-context,Disponibilidad histórica y finalización del target no verificadas. Radio de Fase 6 congelado; cobertura de la emisión actual no evaluada. Contexto descriptivo no causal; catálogo de estaciones sin vigencia histórica verificada.
col_eadac3374f095a63b927c12303b7218a,Josefa Ortiz de Dominguez,Benito Juarez,5297.0,2026-08,6,2027-02,5297.0,0.0,0.0,NEUTRAL,PERSISTENCE,VALIDATED_WITH_CAUTION,VALIDATED_FORECAST,CURRENT_FORECAST,station_endpoints_per_calendar_month,2026-09-19T16:02:18.602535+00:00,3956.0,6638.0,2682.0,False,1341.0,2026-02,571,FROZEN_PHASE6_CALIBRATION,2026-09-01T00:00:00,PERSISTENCE,El forecast mantiene el nivel de actividad registrado en su origen: persistencia fue seleccionada por su desempeño retrospectivo. Las señales contextuales no modifican esta predicción.,growth_1,trend_3,neighbor_growth_lag1,crecimiento reciente: -3.66% (contexto no causal),-0.03655874863586759,NEGATIVE,tendencia trimestral: -406.50 endpoints/mes (contexto no causal),-406.5,NEGATIVE,crecimiento vecinal reciente: 0.74% (contexto no causal),0.0074206651769091695,POSITIVE,True,1.0,2.0-phase6-persistence-context,Disponibilidad histórica y finalización del target no verificadas. Radio de Fase 6 congelado; cobertura de la emisión actual no evaluada. Contexto descriptivo no causal; catálogo de estaciones sin vigencia histórica verificada.
col_eadac3374f095a63b927c12303b7218a,Josefa Ortiz de Dominguez,Benito Juarez,5297.0,2026-08,12,2027-08,5297.0,0.0,0.0,NEUTRAL,PERSISTENCE,VALIDATED_WITH_CAUTION,VALIDATED_FORECAST,CURRENT_FORECAST,station_endpoints_per_calendar_month,2026-09-19T16:02:18.602535+00:00,3016.0,7578.0,4562.0,False,2281.0,2025-08,165,FROZEN_PHASE6_CALIBRATION,2026-09-01T00:00:00,PERSISTENCE,El forecast mantiene el nivel de actividad registrado en su origen: persistencia fue seleccionada por su desempeño retrospectivo. Las señales contextuales no modifican esta predicción.,growth_1,trend_3,neighbor_growth_lag1,crecimiento reciente: -3.66% (contexto no causal),-0.03655874863586759,NEGATIVE,tendencia trimestral: -406.50 endpoints/mes (contexto no causal),-406.5,NEGATIVE,crecimiento vecinal reciente: 0.74% (contexto no causal),0.0074206651769091695,POSITIVE,True,1.0,2.0-phase6-persistence-context,Disponibilidad histórica y finalización del target no verificadas. Radio de Fase 6 congelado; cobertura de la emisión actual no evaluada. Contexto descriptivo no causal; catálogo de estaciones sin vigencia histórica verificada.
col_eb93b25ca61954fa8e9ee2ca2ca57f16,Doctores,Cuauhtemoc,78646.0,2026-08,1,2026-09,78646.0,0.0,0.0,NEUTRAL,PERSISTENCE,VALIDATED_SHORT_TERM,VALIDATED_FORECAST,CURRENT_FORECAST,station_endpoints_per_calendar_month,2026-09-19T16:02:18.602535+00:00,77601.0,79691.0,2090.0,False,1045.0,2026-07,911,FROZEN_PHASE6_CALIBRATION,2026-09-01T00:00:00,PERSISTENCE,El forecast mantiene el nivel de actividad registrado en su origen: persistencia fue seleccionada por su desempeño retrospectivo. Las señales contextuales no modifican esta predicción.,growth_1,trend_3,neighbor_growth_lag1,crecimiento reciente: 0.65% (contexto no causal),0.006501318180654739,POSITIVE,tendencia trimestral: -1841.00 endpoints/mes (contexto no causal),-1841.0,NEGATIVE,crecimiento vecinal reciente: -1.43% (contexto no causal),-0.014312427107057818,NEGATIVE,True,1.0,2.0-phase6-persistence-context,Disponibilidad histórica y finalización del target no verificadas. Radio de Fase 6 congelado; cobertura de la emisión actual no evaluada. Contexto descriptivo no causal; catálogo de estaciones sin vigencia histórica verificada.
col_eb93b25ca61954fa8e9ee2ca2ca57f16,Doctores,Cuauhtemoc,78646.0,2026-08,3,2026-11,78646.0,0.0,0.0,NEUTRAL,PERSISTENCE,VALIDATED_WITH_CAUTION,VALIDATED_FORECAST,CURRENT_FORECAST,station_endpoints_per_calendar_month,2026-09-19T16:02:18.602535+00:00,77368.0,79924.0,2556.0,False,1278.0,2026-05,780,FROZEN_PHASE6_CALIBRATION,2026-09-01T00:00:00,PERSISTENCE,El forecast mantiene el nivel de actividad registrado en su origen: persistencia fue seleccionada por su desempeño retrospectivo. Las señales contextuales no modifican esta predicción.,growth_1,trend_3,neighbor_growth_lag1,crecimiento reciente: 0.65% (contexto no causal),0.006501318180654739,POSITIVE,tendencia trimestral: -1841.00 endpoints/mes (contexto no causal),-1841.0,NEGATIVE,crecimiento vecinal reciente: -1.43% (contexto no causal),-0.014312427107057818,NEGATIVE,True,1.0,2.0-phase6-persistence-context,Disponibilidad histórica y finalización del target no verificadas. Radio de Fase 6 congelado; cobertura de la emisión actual no evaluada. Contexto descriptivo no causal; catálogo de estaciones sin vigencia histórica verificada.
col_eb93b25ca61954fa8e9ee2ca2ca57f16,Doctores,Cuauhtemoc,78646.0,2026-08,6,2027-02,78646.0,0.0,0.0,NEUTRAL,PERSISTENCE,VALIDATED_WITH_CAUTION,VALIDATED_FORECAST,CURRENT_FORECAST,station_endpoints_per_calendar_month,2026-09-19T16:02:18.602535+00:00,77305.0,79987.0,2682.0,False,1341.0,2026-02,571,FROZEN_PHASE6_CALIBRATION,2026-09-01T00:00:00,PERSISTENCE,El forecast mantiene el nivel de actividad registrado en su origen: persistencia fue seleccionada por su desempeño retrospectivo. Las señales contextuales no modifican esta predicción.,growth_1,trend_3,neighbor_growth_lag1,crecimiento reciente: 0.65% (contexto no causal),0.006501318180654739,POSITIVE,tendencia trimestral: -1841.00 endpoints/mes (contexto no causal),-1841.0,NEGATIVE,crecimiento vecinal reciente: -1.43% (contexto no causal),-0.014312427107057818,NEGATIVE,True,1.0,2.0-phase6-persistence-context,Disponibilidad histórica y finalización del target no verificadas. Radio de Fase 6 congelado; cobertura de la emisión actual no evaluada. Contexto descriptivo no causal; catálogo de estaciones sin vigencia histórica verificada.
col_eb93b25ca61954fa8e9ee2ca2ca57f16,Doctores,Cuauhtemoc,78646.0,2026-08,12,2027-08,78646.0,0.0,0.0,NEUTRAL,PERSISTENCE,VALIDATED_WITH_CAUTION,VALIDATED_FORECAST,CURRENT_FORECAST,station_endpoints_per_calendar_month,2026-09-19T16:02:18.602535+00:00,76365.0,80927.0,4562.0,False,2281.0,2025-08,165,FROZEN_PHASE6_CALIBRATION,2026-09-01T00:00:00,PERSISTENCE,El forecast mantiene el nivel de actividad registrado en su origen: persistencia fue seleccionada por su desempeño retrospectivo. Las señales contextuales no modifican esta predicción.,growth_1,trend_3,neighbor_growth_lag1,crecimiento reciente: 0.65% (contexto no causal),0.006501318180654739,POSITIVE,tendencia trimestral: -1841.00 endpoints/mes (contexto no causal),-1841.0,NEGATIVE,crecimiento vecinal reciente: -1.43% (contexto no causal),-0.014312427107057818,NEGATIVE,True,1.0,2.0-phase6-persistence-context,Disponibilidad histórica y finalización del target no verificadas. Radio de Fase 6 congelado; cobertura de la emisión actual no evaluada. Contexto descriptivo no causal; catálogo de estaciones sin vigencia histórica verificada.
col_ee0096c66b1754fb83cf4c4170f93dd6,Piedad Narvarte,Benito Juarez,9180.0,2026-08,1,2026-09,9180.0,0.0,0.0,NEUTRAL,PERSISTENCE,VALIDATED_SHORT_TERM,VALIDATED_FORECAST,CURRENT_FORECAST,station_endpoints_per_calendar_month,2026-09-19T16:02:18.602535+00:00,8135.0,10225.0,2090.0,False,1045.0,2026-07,911,FROZEN_PHASE6_CALIBRATION,2026-09-01T00:00:00,PERSISTENCE,El forecast mantiene el nivel de actividad registrado en su origen: persistencia fue seleccionada por su desempeño retrospectivo. Las señales contextuales no modifican esta predicción.,growth_1,trend_3,neighbor_growth_lag1,crecimiento reciente: -13.64% (contexto no causal),-0.13640639698965193,NEGATIVE,tendencia trimestral: -345.00 endpoints/mes (contexto no causal),-345.0,NEGATIVE,crecimiento vecinal reciente: -1.99% (contexto no causal),-0.01990741746897616,NEGATIVE,True,1.0,2.0-phase6-persistence-context,Disponibilidad histórica y finalización del target no verificadas. Radio de Fase 6 congelado; cobertura de la emisión actual no evaluada. Contexto descriptivo no causal; catálogo de estaciones sin vigencia histórica verificada.
col_ee0096c66b1754fb83cf4c4170f93dd6,Piedad Narvarte,Benito Juarez,9180.0,2026-08,3,2026-11,9180.0,0.0,0.0,NEUTRAL,PERSISTENCE,VALIDATED_WITH_CAUTION,VALIDATED_FORECAST,CURRENT_FORECAST,station_endpoints_per_calendar_month,2026-09-19T16:02:18.602535+00:00,7902.0,10458.0,2556.0,False,1278.0,2026-05,780,FROZEN_PHASE6_CALIBRATION,2026-09-01T00:00:00,PERSISTENCE,El forecast mantiene el nivel de actividad registrado en su origen: persistencia fue seleccionada por su desempeño retrospectivo. Las señales contextuales no modifican esta predicción.,growth_1,trend_3,neighbor_growth_lag1,crecimiento reciente: -13.64% (contexto no causal),-0.13640639698965193,NEGATIVE,tendencia trimestral: -345.00 endpoints/mes (contexto no causal),-345.0,NEGATIVE,crecimiento vecinal reciente: -1.99% (contexto no causal),-0.01990741746897616,NEGATIVE,True,1.0,2.0-phase6-persistence-context,Disponibilidad histórica y finalización del target no verificadas. Radio de Fase 6 congelado; cobertura de la emisión actual no evaluada. Contexto descriptivo no causal; catálogo de estaciones sin vigencia histórica verificada.
col_ee0096c66b1754fb83cf4c4170f93dd6,Piedad Narvarte,Benito Juarez,9180.0,2026-08,6,2027-02,9180.0,0.0,0.0,NEUTRAL,PERSISTENCE,VALIDATED_WITH_CAUTION,VALIDATED_FORECAST,CURRENT_FORECAST,station_endpoints_per_calendar_month,2026-09-19T16:02:18.602535+00:00,7839.0,10521.0,2682.0,False,1341.0,2026-02,571,FROZEN_PHASE6_CALIBRATION,2026-09-01T00:00:00,PERSISTENCE,El forecast mantiene el nivel de actividad registrado en su origen: persistencia fue seleccionada por su desempeño retrospectivo. Las señales contextuales no modifican esta predicción.,growth_1,trend_3,neighbor_growth_lag1,crecimiento reciente: -13.64% (contexto no causal),-0.13640639698965193,NEGATIVE,tendencia trimestral: -345.00 endpoints/mes (contexto no causal),-345.0,NEGATIVE,crecimiento vecinal reciente: -1.99% (contexto no causal),-0.01990741746897616,NEGATIVE,True,1.0,2.0-phase6-persistence-context,Disponibilidad histórica y finalización del target no verificadas. Radio de Fase 6 congelado; cobertura de la emisión actual no evaluada. Contexto descriptivo no causal; catálogo de estaciones sin vigencia histórica verificada.
col_ee0096c66b1754fb83cf4c4170f93dd6,Piedad Narvarte,Benito Juarez,9180.0,2026-08,12,2027-08,9180.0,0.0,0.0,NEUTRAL,PERSISTENCE,VALIDATED_WITH_CAUTION,VALIDATED_FORECAST,CURRENT_FORECAST,station_endpoints_per_calendar_month,2026-09-19T16:02:18.602535+00:00,6899.0,11461.0,4562.0,False,2281.0,2025-08,165,FROZEN_PHASE6_CALIBRATION,2026-09-01T00:00:00,PERSISTENCE,El forecast mantiene el nivel de actividad registrado en su origen: persistencia fue seleccionada por su desempeño retrospectivo. Las señales contextuales no modifican esta predicción.,growth_1,trend_3,neighbor_growth_lag1,crecimiento reciente: -13.64% (contexto no causal),-0.13640639698965193,NEGATIVE,tendencia trimestral: -345.00 endpoints/mes (contexto no causal),-345.0,NEGATIVE,crecimiento vecinal reciente: -1.99% (contexto no causal),-0.01990741746897616,NEGATIVE,True,1.0,2.0-phase6-persistence-context,Disponibilidad histórica y finalización del target no verificadas. Radio de Fase 6 congelado; cobertura de la emisión actual no evaluada. Contexto descriptivo no causal; catálogo de estaciones sin vigencia histórica verificada.
col_f1b446f58ae65b7f8a814bab39bf17dc,Escandon,Miguel Hidalgo,68831.0,2026-08,1,2026-09,68831.0,0.0,0.0,NEUTRAL,PERSISTENCE,VALIDATED_SHORT_TERM,VALIDATED_FORECAST,CURRENT_FORECAST,station_endpoints_per_calendar_month,2026-09-19T16:02:18.602535+00:00,67786.0,69876.0,2090.0,False,1045.0,2026-07,911,FROZEN_PHASE6_CALIBRATION,2026-09-01T00:00:00,PERSISTENCE,El forecast mantiene el nivel de actividad registrado en su origen: persistencia fue seleccionada por su desempeño retrospectivo. Las señales contextuales no modifican esta predicción.,growth_1,trend_3,neighbor_growth_lag1,crecimiento reciente: 1.39% (contexto no causal),0.013935331811151211,POSITIVE,tendencia trimestral: 2741.50 endpoints/mes (contexto no causal),2741.5,POSITIVE,crecimiento vecinal reciente: 1.03% (contexto no causal),0.010332782387146286,POSITIVE,True,1.0,2.0-phase6-persistence-context,Disponibilidad histórica y finalización del target no verificadas. Radio de Fase 6 congelado; cobertura de la emisión actual no evaluada. Contexto descriptivo no causal; catálogo de estaciones sin vigencia histórica verificada.
col_f1b446f58ae65b7f8a814bab39bf17dc,Escandon,Miguel Hidalgo,68831.0,2026-08,3,2026-11,68831.0,0.0,0.0,NEUTRAL,PERSISTENCE,VALIDATED_WITH_CAUTION,VALIDATED_FORECAST,CURRENT_FORECAST,station_endpoints_per_calendar_month,2026-09-19T16:02:18.602535+00:00,67553.0,70109.0,2556.0,False,1278.0,2026-05,780,FROZEN_PHASE6_CALIBRATION,2026-09-01T00:00:00,PERSISTENCE,El forecast mantiene el nivel de actividad registrado en su origen: persistencia fue seleccionada por su desempeño retrospectivo. Las señales contextuales no modifican esta predicción.,growth_1,trend_3,neighbor_growth_lag1,crecimiento reciente: 1.39% (contexto no causal),0.013935331811151211,POSITIVE,tendencia trimestral: 2741.50 endpoints/mes (contexto no causal),2741.5,POSITIVE,crecimiento vecinal reciente: 1.03% (contexto no causal),0.010332782387146286,POSITIVE,True,1.0,2.0-phase6-persistence-context,Disponibilidad histórica y finalización del target no verificadas. Radio de Fase 6 congelado; cobertura de la emisión actual no evaluada. Contexto descriptivo no causal; catálogo de estaciones sin vigencia histórica verificada.
col_f1b446f58ae65b7f8a814bab39bf17dc,Escandon,Miguel Hidalgo,68831.0,2026-08,6,2027-02,68831.0,0.0,0.0,NEUTRAL,PERSISTENCE,VALIDATED_WITH_CAUTION,VALIDATED_FORECAST,CURRENT_FORECAST,station_endpoints_per_calendar_month,2026-09-19T16:02:18.602535+00:00,67490.0,70172.0,2682.0,False,1341.0,2026-02,571,FROZEN_PHASE6_CALIBRATION,2026-09-01T00:00:00,PERSISTENCE,El forecast mantiene el nivel de actividad registrado en su origen: persistencia fue seleccionada por su desempeño retrospectivo. Las señales contextuales no modifican esta predicción.,growth_1,trend_3,neighbor_growth_lag1,crecimiento reciente: 1.39% (contexto no causal),0.013935331811151211,POSITIVE,tendencia trimestral: 2741.50 endpoints/mes (contexto no causal),2741.5,POSITIVE,crecimiento vecinal reciente: 1.03% (contexto no causal),0.010332782387146286,POSITIVE,True,1.0,2.0-phase6-persistence-context,Disponibilidad histórica y finalización del target no verificadas. Radio de Fase 6 congelado; cobertura de la emisión actual no evaluada. Contexto descriptivo no causal; catálogo de estaciones sin vigencia histórica verificada.
col_f1b446f58ae65b7f8a814bab39bf17dc,Escandon,Miguel Hidalgo,68831.0,2026-08,12,2027-08,68831.0,0.0,0.0,NEUTRAL,PERSISTENCE,VALIDATED_WITH_CAUTION,VALIDATED_FORECAST,CURRENT_FORECAST,station_endpoints_per_calendar_month,2026-09-19T16:02:18.602535+00:00,66550.0,71112.0,4562.0,False,2281.0,2025-08,165,FROZEN_PHASE6_CALIBRATION,2026-09-01T00:00:00,PERSISTENCE,El forecast mantiene el nivel de actividad registrado en su origen: persistencia fue seleccionada por su desempeño retrospectivo. Las señales contextuales no modifican esta predicción.,growth_1,trend_3,neighbor_growth_lag1,crecimiento reciente: 1.39% (contexto no causal),0.013935331811151211,POSITIVE,tendencia trimestral: 2741.50 endpoints/mes (contexto no causal),2741.5,POSITIVE,crecimiento vecinal reciente: 1.03% (contexto no causal),0.010332782387146286,POSITIVE,True,1.0,2.0-phase6-persistence-context,Disponibilidad histórica y finalización del target no verificadas. Radio de Fase 6 congelado; cobertura de la emisión actual no evaluada. Contexto descriptivo no causal; catálogo de estaciones sin vigencia histórica verificada.
col_f685e6afce2f59ffb8b623a8882cd0ef,Nonoalco,Benito Juarez,7725.0,2026-08,1,2026-09,7725.0,0.0,0.0,NEUTRAL,PERSISTENCE,VALIDATED_SHORT_TERM,VALIDATED_FORECAST,CURRENT_FORECAST,station_endpoints_per_calendar_month,2026-09-19T16:02:18.602535+00:00,6680.0,8770.0,2090.0,False,1045.0,2026-07,911,FROZEN_PHASE6_CALIBRATION,2026-09-01T00:00:00,PERSISTENCE,El forecast mantiene el nivel de actividad registrado en su origen: persistencia fue seleccionada por su desempeño retrospectivo. Las señales contextuales no modifican esta predicción.,growth_1,trend_3,neighbor_growth_lag1,crecimiento reciente: -2.60% (contexto no causal),-0.025974025974025976,NEGATIVE,tendencia trimestral: 428.00 endpoints/mes (contexto no causal),428.0,POSITIVE,crecimiento vecinal reciente: 0.68% (contexto no causal),0.006783616020927065,POSITIVE,True,1.0,2.0-phase6-persistence-context,Disponibilidad histórica y finalización del target no verificadas. Radio de Fase 6 congelado; cobertura de la emisión actual no evaluada. Contexto descriptivo no causal; catálogo de estaciones sin vigencia histórica verificada.
col_f685e6afce2f59ffb8b623a8882cd0ef,Nonoalco,Benito Juarez,7725.0,2026-08,3,2026-11,7725.0,0.0,0.0,NEUTRAL,PERSISTENCE,VALIDATED_WITH_CAUTION,VALIDATED_FORECAST,CURRENT_FORECAST,station_endpoints_per_calendar_month,2026-09-19T16:02:18.602535+00:00,6447.0,9003.0,2556.0,False,1278.0,2026-05,780,FROZEN_PHASE6_CALIBRATION,2026-09-01T00:00:00,PERSISTENCE,El forecast mantiene el nivel de actividad registrado en su origen: persistencia fue seleccionada por su desempeño retrospectivo. Las señales contextuales no modifican esta predicción.,growth_1,trend_3,neighbor_growth_lag1,crecimiento reciente: -2.60% (contexto no causal),-0.025974025974025976,NEGATIVE,tendencia trimestral: 428.00 endpoints/mes (contexto no causal),428.0,POSITIVE,crecimiento vecinal reciente: 0.68% (contexto no causal),0.006783616020927065,POSITIVE,True,1.0,2.0-phase6-persistence-context,Disponibilidad histórica y finalización del target no verificadas. Radio de Fase 6 congelado; cobertura de la emisión actual no evaluada. Contexto descriptivo no causal; catálogo de estaciones sin vigencia histórica verificada.
col_f685e6afce2f59ffb8b623a8882cd0ef,Nonoalco,Benito Juarez,7725.0,2026-08,6,2027-02,7725.0,0.0,0.0,NEUTRAL,PERSISTENCE,VALIDATED_WITH_CAUTION,VALIDATED_FORECAST,CURRENT_FORECAST,station_endpoints_per_calendar_month,2026-09-19T16:02:18.602535+00:00,6384.0,9066.0,2682.0,False,1341.0,2026-02,571,FROZEN_PHASE6_CALIBRATION,2026-09-01T00:00:00,PERSISTENCE,El forecast mantiene el nivel de actividad registrado en su origen: persistencia fue seleccionada por su desempeño retrospectivo. Las señales contextuales no modifican esta predicción.,growth_1,trend_3,neighbor_growth_lag1,crecimiento reciente: -2.60% (contexto no causal),-0.025974025974025976,NEGATIVE,tendencia trimestral: 428.00 endpoints/mes (contexto no causal),428.0,POSITIVE,crecimiento vecinal reciente: 0.68% (contexto no causal),0.006783616020927065,POSITIVE,True,1.0,2.0-phase6-persistence-context,Disponibilidad histórica y finalización del target no verificadas. Radio de Fase 6 congelado; cobertura de la emisión actual no evaluada. Contexto descriptivo no causal; catálogo de estaciones sin vigencia histórica verificada.
col_f685e6afce2f59ffb8b623a8882cd0ef,Nonoalco,Benito Juarez,7725.0,2026-08,12,2027-08,7725.0,0.0,0.0,NEUTRAL,PERSISTENCE,VALIDATED_WITH_CAUTION,VALIDATED_FORECAST,CURRENT_FORECAST,station_endpoints_per_calendar_month,2026-09-19T16:02:18.602535+00:00,5444.0,10006.0,4562.0,False,2281.0,2025-08,165,FROZEN_PHASE6_CALIBRATION,2026-09-01T00:00:00,PERSISTENCE,El forecast mantiene el nivel de actividad registrado en su origen: persistencia fue seleccionada por su desempeño retrospectivo. Las señales contextuales no modifican esta predicción.,growth_1,trend_3,neighbor_growth_lag1,crecimiento reciente: -2.60% (contexto no causal),-0.025974025974025976,NEGATIVE,tendencia trimestral: 428.00 endpoints/mes (contexto no causal),428.0,POSITIVE,crecimiento vecinal reciente: 0.68% (contexto no causal),0.006783616020927065,POSITIVE,True,1.0,2.0-phase6-persistence-context,Disponibilidad histórica y finalización del target no verificadas. Radio de Fase 6 congelado; cobertura de la emisión actual no evaluada. Contexto descriptivo no causal; catálogo de estaciones sin vigencia histórica verificada.
col_f884dc870afb59218eed6bb359ce0e0f,Guadalupe Chimalistac,Alvaro Obregon,9792.0,2026-08,1,2026-09,9792.0,0.0,0.0,NEUTRAL,PERSISTENCE,VALIDATED_SHORT_TERM,VALIDATED_FORECAST,CURRENT_FORECAST,station_endpoints_per_calendar_month,2026-09-19T16:02:18.602535+00:00,8747.0,10837.0,2090.0,False,1045.0,2026-07,911,FROZEN_PHASE6_CALIBRATION,2026-09-01T00:00:00,PERSISTENCE,El forecast mantiene el nivel de actividad registrado en su origen: persistencia fue seleccionada por su desempeño retrospectivo. Las señales contextuales no modifican esta predicción.,growth_1,trend_3,NONE,crecimiento reciente: -1.51% (contexto no causal),-0.015087507543753771,NEGATIVE,tendencia trimestral: 297.00 endpoints/mes (contexto no causal),297.0,POSITIVE,SIN_DATO,,UNAVAILABLE,False,,2.0-phase6-persistence-context,Disponibilidad histórica y finalización del target no verificadas. Radio de Fase 6 congelado; cobertura de la emisión actual no evaluada. Contexto descriptivo no causal; catálogo de estaciones sin vigencia histórica verificada.
col_f884dc870afb59218eed6bb359ce0e0f,Guadalupe Chimalistac,Alvaro Obregon,9792.0,2026-08,3,2026-11,9792.0,0.0,0.0,NEUTRAL,PERSISTENCE,VALIDATED_WITH_CAUTION,VALIDATED_FORECAST,CURRENT_FORECAST,station_endpoints_per_calendar_month,2026-09-19T16:02:18.602535+00:00,8514.0,11070.0,2556.0,False,1278.0,2026-05,780,FROZEN_PHASE6_CALIBRATION,2026-09-01T00:00:00,PERSISTENCE,El forecast mantiene el nivel de actividad registrado en su origen: persistencia fue seleccionada por su desempeño retrospectivo. Las señales contextuales no modifican esta predicción.,growth_1,trend_3,NONE,crecimiento reciente: -1.51% (contexto no causal),-0.015087507543753771,NEGATIVE,tendencia trimestral: 297.00 endpoints/mes (contexto no causal),297.0,POSITIVE,SIN_DATO,,UNAVAILABLE,False,,2.0-phase6-persistence-context,Disponibilidad histórica y finalización del target no verificadas. Radio de Fase 6 congelado; cobertura de la emisión actual no evaluada. Contexto descriptivo no causal; catálogo de estaciones sin vigencia histórica verificada.
col_f884dc870afb59218eed6bb359ce0e0f,Guadalupe Chimalistac,Alvaro Obregon,9792.0,2026-08,6,2027-02,9792.0,0.0,0.0,NEUTRAL,PERSISTENCE,VALIDATED_WITH_CAUTION,VALIDATED_FORECAST,CURRENT_FORECAST,station_endpoints_per_calendar_month,2026-09-19T16:02:18.602535+00:00,8451.0,11133.0,2682.0,False,1341.0,2026-02,571,FROZEN_PHASE6_CALIBRATION,2026-09-01T00:00:00,PERSISTENCE,El forecast mantiene el nivel de actividad registrado en su origen: persistencia fue seleccionada por su desempeño retrospectivo. Las señales contextuales no modifican esta predicción.,growth_1,trend_3,NONE,crecimiento reciente: -1.51% (contexto no causal),-0.015087507543753771,NEGATIVE,tendencia trimestral: 297.00 endpoints/mes (contexto no causal),297.0,POSITIVE,SIN_DATO,,UNAVAILABLE,False,,2.0-phase6-persistence-context,Disponibilidad histórica y finalización del target no verificadas. Radio de Fase 6 congelado; cobertura de la emisión actual no evaluada. Contexto descriptivo no causal; catálogo de estaciones sin vigencia histórica verificada.
col_f884dc870afb59218eed6bb359ce0e0f,Guadalupe Chimalistac,Alvaro Obregon,9792.0,2026-08,12,2027-08,9792.0,0.0,0.0,NEUTRAL,PERSISTENCE,VALIDATED_WITH_CAUTION,VALIDATED_FORECAST,CURRENT_FORECAST,station_endpoints_per_calendar_month,2026-09-19T16:02:18.602535+00:00,7511.0,12073.0,4562.0,False,2281.0,2025-08,165,FROZEN_PHASE6_CALIBRATION,2026-09-01T00:00:00,PERSISTENCE,El forecast mantiene el nivel de actividad registrado en su origen: persistencia fue seleccionada por su desempeño retrospectivo. Las señales contextuales no modifican esta predicción.,growth_1,trend_3,NONE,crecimiento reciente: -1.51% (contexto no causal),-0.015087507543753771,NEGATIVE,tendencia trimestral: 297.00 endpoints/mes (contexto no causal),297.0,POSITIVE,SIN_DATO,,UNAVAILABLE,False,,2.0-phase6-persistence-context,Disponibilidad histórica y finalización del target no verificadas. Radio de Fase 6 congelado; cobertura de la emisión actual no evaluada. Contexto descriptivo no causal; catálogo de estaciones sin vigencia histórica verificada.
col_f8e6271a3b155d19906933df376c56d8,Ampliacion Napoles,Benito Juarez,12412.0,2026-08,1,2026-09,12412.0,0.0,0.0,NEUTRAL,PERSISTENCE,VALIDATED_SHORT_TERM,VALIDATED_FORECAST,CURRENT_FORECAST,station_endpoints_per_calendar_month,2026-09-19T16:02:18.602535+00:00,11367.0,13457.0,2090.0,False,1045.0,2026-07,911,FROZEN_PHASE6_CALIBRATION,2026-09-01T00:00:00,PERSISTENCE,El forecast mantiene el nivel de actividad registrado en su origen: persistencia fue seleccionada por su desempeño retrospectivo. Las señales contextuales no modifican esta predicción.,growth_1,trend_3,NONE,crecimiento reciente: -2.95% (contexto no causal),-0.02947845804988662,NEGATIVE,tendencia trimestral: 381.50 endpoints/mes (contexto no causal),381.5,POSITIVE,SIN_DATO,,UNAVAILABLE,False,,2.0-phase6-persistence-context,Disponibilidad histórica y finalización del target no verificadas. Radio de Fase 6 congelado; cobertura de la emisión actual no evaluada. Contexto descriptivo no causal; catálogo de estaciones sin vigencia histórica verificada.
col_f8e6271a3b155d19906933df376c56d8,Ampliacion Napoles,Benito Juarez,12412.0,2026-08,3,2026-11,12412.0,0.0,0.0,NEUTRAL,PERSISTENCE,VALIDATED_WITH_CAUTION,VALIDATED_FORECAST,CURRENT_FORECAST,station_endpoints_per_calendar_month,2026-09-19T16:02:18.602535+00:00,11134.0,13690.0,2556.0,False,1278.0,2026-05,780,FROZEN_PHASE6_CALIBRATION,2026-09-01T00:00:00,PERSISTENCE,El forecast mantiene el nivel de actividad registrado en su origen: persistencia fue seleccionada por su desempeño retrospectivo. Las señales contextuales no modifican esta predicción.,growth_1,trend_3,NONE,crecimiento reciente: -2.95% (contexto no causal),-0.02947845804988662,NEGATIVE,tendencia trimestral: 381.50 endpoints/mes (contexto no causal),381.5,POSITIVE,SIN_DATO,,UNAVAILABLE,False,,2.0-phase6-persistence-context,Disponibilidad histórica y finalización del target no verificadas. Radio de Fase 6 congelado; cobertura de la emisión actual no evaluada. Contexto descriptivo no causal; catálogo de estaciones sin vigencia histórica verificada.
col_f8e6271a3b155d19906933df376c56d8,Ampliacion Napoles,Benito Juarez,12412.0,2026-08,6,2027-02,12412.0,0.0,0.0,NEUTRAL,PERSISTENCE,VALIDATED_WITH_CAUTION,VALIDATED_FORECAST,CURRENT_FORECAST,station_endpoints_per_calendar_month,2026-09-19T16:02:18.602535+00:00,11071.0,13753.0,2682.0,False,1341.0,2026-02,571,FROZEN_PHASE6_CALIBRATION,2026-09-01T00:00:00,PERSISTENCE,El forecast mantiene el nivel de actividad registrado en su origen: persistencia fue seleccionada por su desempeño retrospectivo. Las señales contextuales no modifican esta predicción.,growth_1,trend_3,NONE,crecimiento reciente: -2.95% (contexto no causal),-0.02947845804988662,NEGATIVE,tendencia trimestral: 381.50 endpoints/mes (contexto no causal),381.5,POSITIVE,SIN_DATO,,UNAVAILABLE,False,,2.0-phase6-persistence-context,Disponibilidad histórica y finalización del target no verificadas. Radio de Fase 6 congelado; cobertura de la emisión actual no evaluada. Contexto descriptivo no causal; catálogo de estaciones sin vigencia histórica verificada.
col_f8e6271a3b155d19906933df376c56d8,Ampliacion Napoles,Benito Juarez,12412.0,2026-08,12,2027-08,12412.0,0.0,0.0,NEUTRAL,PERSISTENCE,VALIDATED_WITH_CAUTION,VALIDATED_FORECAST,CURRENT_FORECAST,station_endpoints_per_calendar_month,2026-09-19T16:02:18.602535+00:00,10131.0,14693.0,4562.0,False,2281.0,2025-08,165,FROZEN_PHASE6_CALIBRATION,2026-09-01T00:00:00,PERSISTENCE,El forecast mantiene el nivel de actividad registrado en su origen: persistencia fue seleccionada por su desempeño retrospectivo. Las señales contextuales no modifican esta predicción.,growth_1,trend_3,NONE,crecimiento reciente: -2.95% (contexto no causal),-0.02947845804988662,NEGATIVE,tendencia trimestral: 381.50 endpoints/mes (contexto no causal),381.5,POSITIVE,SIN_DATO,,UNAVAILABLE,False,,2.0-phase6-persistence-context,Disponibilidad histórica y finalización del target no verificadas. Radio de Fase 6 congelado; cobertura de la emisión actual no evaluada. Contexto descriptivo no causal; catálogo de estaciones sin vigencia histórica verificada.
col_fb144842ece557ce8e184ba17ea11743,Un Hogar para Nosotros,Miguel Hidalgo,2794.0,2026-08,1,2026-09,2794.0,0.0,0.0,NEUTRAL,PERSISTENCE,VALIDATED_SHORT_TERM,VALIDATED_FORECAST,CURRENT_FORECAST,station_endpoints_per_calendar_month,2026-09-19T16:02:18.602535+00:00,1749.0,3839.0,2090.0,False,1045.0,2026-07,911,FROZEN_PHASE6_CALIBRATION,2026-09-01T00:00:00,PERSISTENCE,El forecast mantiene el nivel de actividad registrado en su origen: persistencia fue seleccionada por su desempeño retrospectivo. Las señales contextuales no modifican esta predicción.,growth_1,trend_3,neighbor_growth_lag1,crecimiento reciente: 10.87% (contexto no causal),0.10873015873015873,POSITIVE,tendencia trimestral: -211.50 endpoints/mes (contexto no causal),-211.5,NEGATIVE,crecimiento vecinal reciente: 12.32% (contexto no causal),0.12315589440376197,POSITIVE,True,1.0,2.0-phase6-persistence-context,Disponibilidad histórica y finalización del target no verificadas. Radio de Fase 6 congelado; cobertura de la emisión actual no evaluada. Contexto descriptivo no causal; catálogo de estaciones sin vigencia histórica verificada.
col_fb144842ece557ce8e184ba17ea11743,Un Hogar para Nosotros,Miguel Hidalgo,2794.0,2026-08,3,2026-11,2794.0,0.0,0.0,NEUTRAL,PERSISTENCE,VALIDATED_WITH_CAUTION,VALIDATED_FORECAST,CURRENT_FORECAST,station_endpoints_per_calendar_month,2026-09-19T16:02:18.602535+00:00,1516.0,4072.0,2556.0,False,1278.0,2026-05,780,FROZEN_PHASE6_CALIBRATION,2026-09-01T00:00:00,PERSISTENCE,El forecast mantiene el nivel de actividad registrado en su origen: persistencia fue seleccionada por su desempeño retrospectivo. Las señales contextuales no modifican esta predicción.,growth_1,trend_3,neighbor_growth_lag1,crecimiento reciente: 10.87% (contexto no causal),0.10873015873015873,POSITIVE,tendencia trimestral: -211.50 endpoints/mes (contexto no causal),-211.5,NEGATIVE,crecimiento vecinal reciente: 12.32% (contexto no causal),0.12315589440376197,POSITIVE,True,1.0,2.0-phase6-persistence-context,Disponibilidad histórica y finalización del target no verificadas. Radio de Fase 6 congelado; cobertura de la emisión actual no evaluada. Contexto descriptivo no causal; catálogo de estaciones sin vigencia histórica verificada.
col_fb144842ece557ce8e184ba17ea11743,Un Hogar para Nosotros,Miguel Hidalgo,2794.0,2026-08,6,2027-02,2794.0,0.0,0.0,NEUTRAL,PERSISTENCE,VALIDATED_WITH_CAUTION,VALIDATED_FORECAST,CURRENT_FORECAST,station_endpoints_per_calendar_month,2026-09-19T16:02:18.602535+00:00,1453.0,4135.0,2682.0,False,1341.0,2026-02,571,FROZEN_PHASE6_CALIBRATION,2026-09-01T00:00:00,PERSISTENCE,El forecast mantiene el nivel de actividad registrado en su origen: persistencia fue seleccionada por su desempeño retrospectivo. Las señales contextuales no modifican esta predicción.,growth_1,trend_3,neighbor_growth_lag1,crecimiento reciente: 10.87% (contexto no causal),0.10873015873015873,POSITIVE,tendencia trimestral: -211.50 endpoints/mes (contexto no causal),-211.5,NEGATIVE,crecimiento vecinal reciente: 12.32% (contexto no causal),0.12315589440376197,POSITIVE,True,1.0,2.0-phase6-persistence-context,Disponibilidad histórica y finalización del target no verificadas. Radio de Fase 6 congelado; cobertura de la emisión actual no evaluada. Contexto descriptivo no causal; catálogo de estaciones sin vigencia histórica verificada.
col_fb144842ece557ce8e184ba17ea11743,Un Hogar para Nosotros,Miguel Hidalgo,2794.0,2026-08,12,2027-08,2794.0,0.0,0.0,NEUTRAL,PERSISTENCE,VALIDATED_WITH_CAUTION,VALIDATED_FORECAST,CURRENT_FORECAST,station_endpoints_per_calendar_month,2026-09-19T16:02:18.602535+00:00,513.0,5075.0,4562.0,False,2281.0,2025-08,165,FROZEN_PHASE6_CALIBRATION,2026-09-01T00:00:00,PERSISTENCE,El forecast mantiene el nivel de actividad registrado en su origen: persistencia fue seleccionada por su desempeño retrospectivo. Las señales contextuales no modifican esta predicción.,growth_1,trend_3,neighbor_growth_lag1,crecimiento reciente: 10.87% (contexto no causal),0.10873015873015873,POSITIVE,tendencia trimestral: -211.50 endpoints/mes (contexto no causal),-211.5,NEGATIVE,crecimiento vecinal reciente: 12.32% (contexto no causal),0.12315589440376197,POSITIVE,True,1.0,2.0-phase6-persistence-context,Disponibilidad histórica y finalización del target no verificadas. Radio de Fase 6 congelado; cobertura de la emisión actual no evaluada. Contexto descriptivo no causal; catálogo de estaciones sin vigencia histórica verificada.
col_ffeedd6a32945225b84ecc416148dd76,San Rafael,Cuauhtemoc,74142.0,2026-08,1,2026-09,74142.0,0.0,0.0,NEUTRAL,PERSISTENCE,VALIDATED_SHORT_TERM,VALIDATED_FORECAST,CURRENT_FORECAST,station_endpoints_per_calendar_month,2026-09-19T16:02:18.602535+00:00,73097.0,75187.0,2090.0,False,1045.0,2026-07,911,FROZEN_PHASE6_CALIBRATION,2026-09-01T00:00:00,PERSISTENCE,El forecast mantiene el nivel de actividad registrado en su origen: persistencia fue seleccionada por su desempeño retrospectivo. Las señales contextuales no modifican esta predicción.,growth_1,trend_3,neighbor_growth_lag1,crecimiento reciente: -4.32% (contexto no causal),-0.04321792208127395,NEGATIVE,tendencia trimestral: -2456.50 endpoints/mes (contexto no causal),-2456.5,NEGATIVE,crecimiento vecinal reciente: 0.97% (contexto no causal),0.009734332336437142,POSITIVE,True,1.0,2.0-phase6-persistence-context,Disponibilidad histórica y finalización del target no verificadas. Radio de Fase 6 congelado; cobertura de la emisión actual no evaluada. Contexto descriptivo no causal; catálogo de estaciones sin vigencia histórica verificada.
col_ffeedd6a32945225b84ecc416148dd76,San Rafael,Cuauhtemoc,74142.0,2026-08,3,2026-11,74142.0,0.0,0.0,NEUTRAL,PERSISTENCE,VALIDATED_WITH_CAUTION,VALIDATED_FORECAST,CURRENT_FORECAST,station_endpoints_per_calendar_month,2026-09-19T16:02:18.602535+00:00,72864.0,75420.0,2556.0,False,1278.0,2026-05,780,FROZEN_PHASE6_CALIBRATION,2026-09-01T00:00:00,PERSISTENCE,El forecast mantiene el nivel de actividad registrado en su origen: persistencia fue seleccionada por su desempeño retrospectivo. Las señales contextuales no modifican esta predicción.,growth_1,trend_3,neighbor_growth_lag1,crecimiento reciente: -4.32% (contexto no causal),-0.04321792208127395,NEGATIVE,tendencia trimestral: -2456.50 endpoints/mes (contexto no causal),-2456.5,NEGATIVE,crecimiento vecinal reciente: 0.97% (contexto no causal),0.009734332336437142,POSITIVE,True,1.0,2.0-phase6-persistence-context,Disponibilidad histórica y finalización del target no verificadas. Radio de Fase 6 congelado; cobertura de la emisión actual no evaluada. Contexto descriptivo no causal; catálogo de estaciones sin vigencia histórica verificada.
col_ffeedd6a32945225b84ecc416148dd76,San Rafael,Cuauhtemoc,74142.0,2026-08,6,2027-02,74142.0,0.0,0.0,NEUTRAL,PERSISTENCE,VALIDATED_WITH_CAUTION,VALIDATED_FORECAST,CURRENT_FORECAST,station_endpoints_per_calendar_month,2026-09-19T16:02:18.602535+00:00,72801.0,75483.0,2682.0,False,1341.0,2026-02,571,FROZEN_PHASE6_CALIBRATION,2026-09-01T00:00:00,PERSISTENCE,El forecast mantiene el nivel de actividad registrado en su origen: persistencia fue seleccionada por su desempeño retrospectivo. Las señales contextuales no modifican esta predicción.,growth_1,trend_3,neighbor_growth_lag1,crecimiento reciente: -4.32% (contexto no causal),-0.04321792208127395,NEGATIVE,tendencia trimestral: -2456.50 endpoints/mes (contexto no causal),-2456.5,NEGATIVE,crecimiento vecinal reciente: 0.97% (contexto no causal),0.009734332336437142,POSITIVE,True,1.0,2.0-phase6-persistence-context,Disponibilidad histórica y finalización del target no verificadas. Radio de Fase 6 congelado; cobertura de la emisión actual no evaluada. Contexto descriptivo no causal; catálogo de estaciones sin vigencia histórica verificada.
col_ffeedd6a32945225b84ecc416148dd76,San Rafael,Cuauhtemoc,74142.0,2026-08,12,2027-08,74142.0,0.0,0.0,NEUTRAL,PERSISTENCE,VALIDATED_WITH_CAUTION,VALIDATED_FORECAST,CURRENT_FORECAST,station_endpoints_per_calendar_month,2026-09-19T16:02:18.602535+00:00,71861.0,76423.0,4562.0,False,2281.0,2025-08,165,FROZEN_PHASE6_CALIBRATION,2026-09-01T00:00:00,PERSISTENCE,El forecast mantiene el nivel de actividad registrado en su origen: persistencia fue seleccionada por su desempeño retrospectivo. Las señales contextuales no modifican esta predicción.,growth_1,trend_3,neighbor_growth_lag1,crecimiento reciente: -4.32% (contexto no causal),-0.04321792208127395,NEGATIVE,tendencia trimestral: -2456.50 endpoints/mes (contexto no causal),-2456.5,NEGATIVE,crecimiento vecinal reciente: 0.97% (contexto no causal),0.009734332336437142,POSITIVE,True,1.0,2.0-phase6-persistence-context,Disponibilidad histórica y finalización del target no verificadas. Radio de Fase 6 congelado; cobertura de la emisión actual no evaluada. Contexto descriptivo no causal; catálogo de estaciones sin vigencia histórica verificada.
col_fff7ee1276da58efb088edf2d4f0141e,Narvarte,Benito Juarez,45097.0,2026-08,1,2026-09,45097.0,0.0,0.0,NEUTRAL,PERSISTENCE,VALIDATED_SHORT_TERM,VALIDATED_FORECAST,CURRENT_FORECAST,station_endpoints_per_calendar_month,2026-09-19T16:02:18.602535+00:00,44052.0,46142.0,2090.0,False,1045.0,2026-07,911,FROZEN_PHASE6_CALIBRATION,2026-09-01T00:00:00,PERSISTENCE,El forecast mantiene el nivel de actividad registrado en su origen: persistencia fue seleccionada por su desempeño retrospectivo. Las señales contextuales no modifican esta predicción.,growth_1,trend_3,neighbor_growth_lag1,crecimiento reciente: -1.99% (contexto no causal),-0.01990741746897616,NEGATIVE,tendencia trimestral: -416.00 endpoints/mes (contexto no causal),-416.0,NEGATIVE,crecimiento vecinal reciente: -4.26% (contexto no causal),-0.042595659515811145,NEGATIVE,True,1.0,2.0-phase6-persistence-context,Disponibilidad histórica y finalización del target no verificadas. Radio de Fase 6 congelado; cobertura de la emisión actual no evaluada. Contexto descriptivo no causal; catálogo de estaciones sin vigencia histórica verificada.
col_fff7ee1276da58efb088edf2d4f0141e,Narvarte,Benito Juarez,45097.0,2026-08,3,2026-11,45097.0,0.0,0.0,NEUTRAL,PERSISTENCE,VALIDATED_WITH_CAUTION,VALIDATED_FORECAST,CURRENT_FORECAST,station_endpoints_per_calendar_month,2026-09-19T16:02:18.602535+00:00,43819.0,46375.0,2556.0,False,1278.0,2026-05,780,FROZEN_PHASE6_CALIBRATION,2026-09-01T00:00:00,PERSISTENCE,El forecast mantiene el nivel de actividad registrado en su origen: persistencia fue seleccionada por su desempeño retrospectivo. Las señales contextuales no modifican esta predicción.,growth_1,trend_3,neighbor_growth_lag1,crecimiento reciente: -1.99% (contexto no causal),-0.01990741746897616,NEGATIVE,tendencia trimestral: -416.00 endpoints/mes (contexto no causal),-416.0,NEGATIVE,crecimiento vecinal reciente: -4.26% (contexto no causal),-0.042595659515811145,NEGATIVE,True,1.0,2.0-phase6-persistence-context,Disponibilidad histórica y finalización del target no verificadas. Radio de Fase 6 congelado; cobertura de la emisión actual no evaluada. Contexto descriptivo no causal; catálogo de estaciones sin vigencia histórica verificada.
col_fff7ee1276da58efb088edf2d4f0141e,Narvarte,Benito Juarez,45097.0,2026-08,6,2027-02,45097.0,0.0,0.0,NEUTRAL,PERSISTENCE,VALIDATED_WITH_CAUTION,VALIDATED_FORECAST,CURRENT_FORECAST,station_endpoints_per_calendar_month,2026-09-19T16:02:18.602535+00:00,43756.0,46438.0,2682.0,False,1341.0,2026-02,571,FROZEN_PHASE6_CALIBRATION,2026-09-01T00:00:00,PERSISTENCE,El forecast mantiene el nivel de actividad registrado en su origen: persistencia fue seleccionada por su desempeño retrospectivo. Las señales contextuales no modifican esta predicción.,growth_1,trend_3,neighbor_growth_lag1,crecimiento reciente: -1.99% (contexto no causal),-0.01990741746897616,NEGATIVE,tendencia trimestral: -416.00 endpoints/mes (contexto no causal),-416.0,NEGATIVE,crecimiento vecinal reciente: -4.26% (contexto no causal),-0.042595659515811145,NEGATIVE,True,1.0,2.0-phase6-persistence-context,Disponibilidad histórica y finalización del target no verificadas. Radio de Fase 6 congelado; cobertura de la emisión actual no evaluada. Contexto descriptivo no causal; catálogo de estaciones sin vigencia histórica verificada.
col_fff7ee1276da58efb088edf2d4f0141e,Narvarte,Benito Juarez,45097.0,2026-08,12,2027-08,45097.0,0.0,0.0,NEUTRAL,PERSISTENCE,VALIDATED_WITH_CAUTION,VALIDATED_FORECAST,CURRENT_FORECAST,station_endpoints_per_calendar_month,2026-09-19T16:02:18.602535+00:00,42816.0,47378.0,4562.0,False,2281.0,2025-08,165,FROZEN_PHASE6_CALIBRATION,2026-09-01T00:00:00,PERSISTENCE,El forecast mantiene el nivel de actividad registrado en su origen: persistencia fue seleccionada por su desempeño retrospectivo. Las señales contextuales no modifican esta predicción.,growth_1,trend_3,neighbor_growth_lag1,crecimiento reciente: -1.99% (contexto no causal),-0.01990741746897616,NEGATIVE,tendencia trimestral: -416.00 endpoints/mes (contexto no causal),-416.0,NEGATIVE,crecimiento vecinal reciente: -4.26% (contexto no causal),-0.042595659515811145,NEGATIVE,True,1.0,2.0-phase6-persistence-context,Disponibilidad histórica y finalización del target no verificadas. Radio de Fase 6 congelado; cobertura de la emisión actual no evaluada. Contexto descriptivo no causal; catálogo de estaciones sin vigencia histórica verificada.
