zone_id,periodo,n_neighbors_queen,neighbor_trips_lag1,neighbor_growth_lag1,neighbor_trips_mean_lag3,neighbor_active_zones,neighbor_observation_coverage,neighbor_growth_coverage,neighbor_mean3_coverage,spatial_features_available,spatial_geometry_usable,n_estaciones_colonia_catalogo,estaciones_por_km2_catalogo,neighbor_station_count_catalogo,neighbor_station_density_catalogo,station_snapshot_type,station_snapshot_historical_safe
col_058b0a95e3e35746bf806f626cc29e3c,2023-01,,,,,,,,,False,False,15,,,,STATIC_CURRENT_SNAPSHOT,False
col_058b0a95e3e35746bf806f626cc29e3c,2023-02,,,,,,,,,False,False,15,,,,STATIC_CURRENT_SNAPSHOT,False
col_058b0a95e3e35746bf806f626cc29e3c,2023-03,,,,,,,,,False,False,15,,,,STATIC_CURRENT_SNAPSHOT,False
col_058b0a95e3e35746bf806f626cc29e3c,2023-04,,,,,,,,,False,False,15,,,,STATIC_CURRENT_SNAPSHOT,False
col_058b0a95e3e35746bf806f626cc29e3c,2023-05,,,,,,,,,False,False,15,,,,STATIC_CURRENT_SNAPSHOT,False
col_058b0a95e3e35746bf806f626cc29e3c,2023-06,,,,,,,,,False,False,15,,,,STATIC_CURRENT_SNAPSHOT,False
col_058b0a95e3e35746bf806f626cc29e3c,2023-07,,,,,,,,,False,False,15,,,,STATIC_CURRENT_SNAPSHOT,False
col_058b0a95e3e35746bf806f626cc29e3c,2023-08,,,,,,,,,False,False,15,,,,STATIC_CURRENT_SNAPSHOT,False
col_058b0a95e3e35746bf806f626cc29e3c,2023-09,,,,,,,,,False,False,15,,,,STATIC_CURRENT_SNAPSHOT,False
col_058b0a95e3e35746bf806f626cc29e3c,2023-10,,,,,,,,,False,False,15,,,,STATIC_CURRENT_SNAPSHOT,False
col_058b0a95e3e35746bf806f626cc29e3c,2023-11,,,,,,,,,False,False,15,,,,STATIC_CURRENT_SNAPSHOT,False
col_058b0a95e3e35746bf806f626cc29e3c,2023-12,,,,,,,,,False,False,15,,,,STATIC_CURRENT_SNAPSHOT,False
col_058b0a95e3e35746bf806f626cc29e3c,2024-01,,,,,,,,,False,False,15,,,,STATIC_CURRENT_SNAPSHOT,False
col_058b0a95e3e35746bf806f626cc29e3c,2024-02,,,,,,,,,False,False,15,,,,STATIC_CURRENT_SNAPSHOT,False
col_058b0a95e3e35746bf806f626cc29e3c,2024-03,,,,,,,,,False,False,15,,,,STATIC_CURRENT_SNAPSHOT,False
col_058b0a95e3e35746bf806f626cc29e3c,2024-04,,,,,,,,,False,False,15,,,,STATIC_CURRENT_SNAPSHOT,False
col_058b0a95e3e35746bf806f626cc29e3c,2024-05,,,,,,,,,False,False,15,,,,STATIC_CURRENT_SNAPSHOT,False
col_058b0a95e3e35746bf806f626cc29e3c,2024-06,,,,,,,,,False,False,15,,,,STATIC_CURRENT_SNAPSHOT,False
col_058b0a95e3e35746bf806f626cc29e3c,2024-07,,,,,,,,,False,False,15,,,,STATIC_CURRENT_SNAPSHOT,False
col_058b0a95e3e35746bf806f626cc29e3c,2024-08,,,,,,,,,False,False,15,,,,STATIC_CURRENT_SNAPSHOT,False
col_058b0a95e3e35746bf806f626cc29e3c,2024-09,,,,,,,,,False,False,15,,,,STATIC_CURRENT_SNAPSHOT,False
col_058b0a95e3e35746bf806f626cc29e3c,2024-10,,,,,,,,,False,False,15,,,,STATIC_CURRENT_SNAPSHOT,False
col_058b0a95e3e35746bf806f626cc29e3c,2024-11,,,,,,,,,False,False,15,,,,STATIC_CURRENT_SNAPSHOT,False
col_058b0a95e3e35746bf806f626cc29e3c,2024-12,,,,,,,,,False,False,15,,,,STATIC_CURRENT_SNAPSHOT,False
col_058b0a95e3e35746bf806f626cc29e3c,2025-01,,,,,,,,,False,False,15,,,,STATIC_CURRENT_SNAPSHOT,False
col_058b0a95e3e35746bf806f626cc29e3c,2025-02,,,,,,,,,False,False,15,,,,STATIC_CURRENT_SNAPSHOT,False
col_058b0a95e3e35746bf806f626cc29e3c,2025-03,,,,,,,,,False,False,15,,,,STATIC_CURRENT_SNAPSHOT,False
col_058b0a95e3e35746bf806f626cc29e3c,2025-04,,,,,,,,,False,False,15,,,,STATIC_CURRENT_SNAPSHOT,False
col_058b0a95e3e35746bf806f626cc29e3c,2025-05,,,,,,,,,False,False,15,,,,STATIC_CURRENT_SNAPSHOT,False
col_058b0a95e3e35746bf806f626cc29e3c,2025-06,,,,,,,,,False,False,15,,,,STATIC_CURRENT_SNAPSHOT,False
col_058b0a95e3e35746bf806f626cc29e3c,2025-07,,,,,,,,,False,False,15,,,,STATIC_CURRENT_SNAPSHOT,False
col_058b0a95e3e35746bf806f626cc29e3c,2025-08,,,,,,,,,False,False,15,,,,STATIC_CURRENT_SNAPSHOT,False
col_058b0a95e3e35746bf806f626cc29e3c,2025-09,,,,,,,,,False,False,15,,,,STATIC_CURRENT_SNAPSHOT,False
col_058b0a95e3e35746bf806f626cc29e3c,2025-10,,,,,,,,,False,False,15,,,,STATIC_CURRENT_SNAPSHOT,False
col_058b0a95e3e35746bf806f626cc29e3c,2025-11,,,,,,,,,False,False,15,,,,STATIC_CURRENT_SNAPSHOT,False
col_058b0a95e3e35746bf806f626cc29e3c,2025-12,,,,,,,,,False,False,15,,,,STATIC_CURRENT_SNAPSHOT,False
col_058b0a95e3e35746bf806f626cc29e3c,2026-01,,,,,,,,,False,False,15,,,,STATIC_CURRENT_SNAPSHOT,False
col_058b0a95e3e35746bf806f626cc29e3c,2026-02,,,,,,,,,False,False,15,,,,STATIC_CURRENT_SNAPSHOT,False
col_058b0a95e3e35746bf806f626cc29e3c,2026-03,,,,,,,,,False,False,15,,,,STATIC_CURRENT_SNAPSHOT,False
col_058b0a95e3e35746bf806f626cc29e3c,2026-04,,,,,,,,,False,False,15,,,,STATIC_CURRENT_SNAPSHOT,False
col_058b0a95e3e35746bf806f626cc29e3c,2026-05,,,,,,,,,False,False,15,,,,STATIC_CURRENT_SNAPSHOT,False
col_058b0a95e3e35746bf806f626cc29e3c,2026-06,,,,,,,,,False,False,15,,,,STATIC_CURRENT_SNAPSHOT,False
col_058b0a95e3e35746bf806f626cc29e3c,2026-07,,,,,,,,,False,False,15,,,,STATIC_CURRENT_SNAPSHOT,False
col_058b0a95e3e35746bf806f626cc29e3c,2026-08,,,,,,,,,False,False,15,,,,STATIC_CURRENT_SNAPSHOT,False
col_075ade1e8b735efcac21da8802b37c0a,2023-01,3.0,,,,0.0,0.0,0.0,0.0,False,True,1,2.8677636477468864,9.0,10.194719603833578,STATIC_CURRENT_SNAPSHOT,False
col_075ade1e8b735efcac21da8802b37c0a,2023-02,3.0,,,,0.0,0.0,0.0,0.0,False,True,1,2.8677636477468864,9.0,10.194719603833578,STATIC_CURRENT_SNAPSHOT,False
col_075ade1e8b735efcac21da8802b37c0a,2023-03,3.0,,,,0.0,0.0,0.0,0.0,False,True,1,2.8677636477468864,9.0,10.194719603833578,STATIC_CURRENT_SNAPSHOT,False
col_075ade1e8b735efcac21da8802b37c0a,2023-04,3.0,,,,0.0,0.0,0.0,0.0,False,True,1,2.8677636477468864,9.0,10.194719603833578,STATIC_CURRENT_SNAPSHOT,False
col_075ade1e8b735efcac21da8802b37c0a,2023-05,3.0,,,,0.0,0.0,0.0,0.0,False,True,1,2.8677636477468864,9.0,10.194719603833578,STATIC_CURRENT_SNAPSHOT,False
col_075ade1e8b735efcac21da8802b37c0a,2023-06,3.0,,,,0.0,0.0,0.0,0.0,False,True,1,2.8677636477468864,9.0,10.194719603833578,STATIC_CURRENT_SNAPSHOT,False
col_075ade1e8b735efcac21da8802b37c0a,2023-07,3.0,,,,0.0,0.0,0.0,0.0,False,True,1,2.8677636477468864,9.0,10.194719603833578,STATIC_CURRENT_SNAPSHOT,False
col_075ade1e8b735efcac21da8802b37c0a,2023-08,3.0,,,,0.0,0.0,0.0,0.0,False,True,1,2.8677636477468864,9.0,10.194719603833578,STATIC_CURRENT_SNAPSHOT,False
col_075ade1e8b735efcac21da8802b37c0a,2023-09,3.0,,,,0.0,0.0,0.0,0.0,False,True,1,2.8677636477468864,9.0,10.194719603833578,STATIC_CURRENT_SNAPSHOT,False
col_075ade1e8b735efcac21da8802b37c0a,2023-10,3.0,,,,0.0,0.0,0.0,0.0,False,True,1,2.8677636477468864,9.0,10.194719603833578,STATIC_CURRENT_SNAPSHOT,False
col_075ade1e8b735efcac21da8802b37c0a,2023-11,3.0,,,,0.0,0.0,0.0,0.0,False,True,1,2.8677636477468864,9.0,10.194719603833578,STATIC_CURRENT_SNAPSHOT,False
col_075ade1e8b735efcac21da8802b37c0a,2023-12,3.0,646.9999999999999,,,2.0,0.6666666666666666,0.0,0.0,True,True,1,2.8677636477468864,9.0,10.194719603833578,STATIC_CURRENT_SNAPSHOT,False
col_075ade1e8b735efcac21da8802b37c0a,2024-01,3.0,2873.5000000000005,2.804235362710484,,2.0,0.6666666666666666,0.6666666666666666,0.0,True,True,1,2.8677636477468864,9.0,10.194719603833578,STATIC_CURRENT_SNAPSHOT,False
col_075ade1e8b735efcac21da8802b37c0a,2024-02,3.0,4779.0,1.0218952225211302,2766.4999999999995,2.0,0.6666666666666666,0.6666666666666666,0.6666666666666666,True,True,1,2.8677636477468864,9.0,10.194719603833578,STATIC_CURRENT_SNAPSHOT,False
col_075ade1e8b735efcac21da8802b37c0a,2024-03,3.0,5940.0,0.36301560065875366,4530.833333333333,2.0,0.6666666666666666,0.6666666666666666,0.6666666666666666,True,True,1,2.8677636477468864,9.0,10.194719603833578,STATIC_CURRENT_SNAPSHOT,False
col_075ade1e8b735efcac21da8802b37c0a,2024-04,3.0,5212.333333333333,5.061801118811753,5693.0,3.0,1.0,1.0,0.6666666666666666,True,True,1,2.8677636477468864,9.0,10.194719603833578,STATIC_CURRENT_SNAPSHOT,False
col_075ade1e8b735efcac21da8802b37c0a,2024-05,3.0,7098.999999999999,0.15731198882897532,6151.833333333334,2.0,0.6666666666666666,0.6666666666666666,0.6666666666666666,True,True,1,2.8677636477468864,9.0,10.194719603833578,STATIC_CURRENT_SNAPSHOT,False
col_075ade1e8b735efcac21da8802b37c0a,2024-06,3.0,4044.0,0.1125171939477304,3532.0,1.0,0.3333333333333333,0.3333333333333333,0.3333333333333333,True,True,1,2.8677636477468864,9.0,10.194719603833578,STATIC_CURRENT_SNAPSHOT,False
col_075ade1e8b735efcac21da8802b37c0a,2024-07,3.0,6620.666666666666,0.027033911838509103,6447.555555555555,3.0,1.0,1.0,1.0,True,True,1,2.8677636477468864,9.0,10.194719603833578,STATIC_CURRENT_SNAPSHOT,False
col_075ade1e8b735efcac21da8802b37c0a,2024-08,3.0,6273.666666666666,-0.05373385829057316,6485.222222222222,3.0,1.0,1.0,1.0,True,True,1,2.8677636477468864,9.0,10.194719603833578,STATIC_CURRENT_SNAPSHOT,False
col_075ade1e8b735efcac21da8802b37c0a,2024-09,3.0,6743.0,0.04446806477443614,6545.777777777777,3.0,1.0,1.0,1.0,True,True,1,2.8677636477468864,9.0,10.194719603833578,STATIC_CURRENT_SNAPSHOT,False
col_075ade1e8b735efcac21da8802b37c0a,2024-10,3.0,7325.0,0.05253338147651421,6780.555555555555,3.0,1.0,1.0,1.0,True,True,1,2.8677636477468864,9.0,10.194719603833578,STATIC_CURRENT_SNAPSHOT,False
col_075ade1e8b735efcac21da8802b37c0a,2024-11,3.0,,,,0.0,0.0,0.0,0.0,False,True,1,2.8677636477468864,9.0,10.194719603833578,STATIC_CURRENT_SNAPSHOT,False
col_075ade1e8b735efcac21da8802b37c0a,2024-12,3.0,4507.0,,,2.0,0.6666666666666666,0.0,0.0,True,True,1,2.8677636477468864,9.0,10.194719603833578,STATIC_CURRENT_SNAPSHOT,False
col_075ade1e8b735efcac21da8802b37c0a,2025-01,3.0,6636.333333333333,-0.147700958692243,,3.0,1.0,1.0,0.0,True,True,1,2.8677636477468864,9.0,10.194719603833578,STATIC_CURRENT_SNAPSHOT,False
col_075ade1e8b735efcac21da8802b37c0a,2025-02,3.0,4038.4999999999995,0.0807940073618806,4094.1666666666665,2.0,0.6666666666666666,0.6666666666666666,0.6666666666666666,True,True,1,2.8677636477468864,9.0,10.194719603833578,STATIC_CURRENT_SNAPSHOT,False
col_075ade1e8b735efcac21da8802b37c0a,2025-03,3.0,4307.0,0.06726404441470733,4027.5,2.0,0.6666666666666666,0.6666666666666666,0.6666666666666666,True,True,1,2.8677636477468864,9.0,10.194719603833578,STATIC_CURRENT_SNAPSHOT,False
col_075ade1e8b735efcac21da8802b37c0a,2025-04,3.0,7933.999999999999,0.05816761147582597,7610.222222222223,3.0,1.0,1.0,1.0,True,True,1,2.8677636477468864,9.0,10.194719603833578,STATIC_CURRENT_SNAPSHOT,False
col_075ade1e8b735efcac21da8802b37c0a,2025-05,3.0,4178.5,-0.09403372280404063,4373.166666666667,2.0,0.6666666666666666,0.6666666666666666,0.6666666666666666,True,True,1,2.8677636477468864,9.0,10.194719603833578,STATIC_CURRENT_SNAPSHOT,False
col_075ade1e8b735efcac21da8802b37c0a,2025-06,3.0,4168.5,0.0007700968948205697,4327.0,2.0,0.6666666666666666,0.6666666666666666,0.6666666666666666,True,True,1,2.8677636477468864,9.0,10.194719603833578,STATIC_CURRENT_SNAPSHOT,False
col_075ade1e8b735efcac21da8802b37c0a,2025-07,3.0,6718.0,-0.051905698628358976,7273.666666666667,3.0,1.0,1.0,1.0,True,True,1,2.8677636477468864,9.0,10.194719603833578,STATIC_CURRENT_SNAPSHOT,False
col_075ade1e8b735efcac21da8802b37c0a,2025-08,3.0,7490.666666666666,0.08932244333273572,7277.777777777777,3.0,1.0,1.0,1.0,True,True,1,2.8677636477468864,9.0,10.194719603833578,STATIC_CURRENT_SNAPSHOT,False
col_075ade1e8b735efcac21da8802b37c0a,2025-09,3.0,4098.5,-0.07599083106306044,4262.833333333333,2.0,0.6666666666666666,0.6666666666666666,0.6666666666666666,True,True,1,2.8677636477468864,9.0,10.194719603833578,STATIC_CURRENT_SNAPSHOT,False
col_075ade1e8b735efcac21da8802b37c0a,2025-10,3.0,4150.5,0.012522838097981642,4233.833333333334,2.0,0.6666666666666666,0.6666666666666666,0.6666666666666666,True,True,1,2.8677636477468864,9.0,10.194719603833578,STATIC_CURRENT_SNAPSHOT,False
col_075ade1e8b735efcac21da8802b37c0a,2025-11,3.0,7877.333333333333,0.11681482112879996,4332.666666666667,3.0,1.0,1.0,0.6666666666666666,True,True,1,2.8677636477468864,9.0,10.194719603833578,STATIC_CURRENT_SNAPSHOT,False
col_075ade1e8b735efcac21da8802b37c0a,2025-12,3.0,7069.666666666666,-0.09747842609008528,7367.444444444444,3.0,1.0,1.0,1.0,True,True,1,2.8677636477468864,9.0,10.194719603833578,STATIC_CURRENT_SNAPSHOT,False
col_075ade1e8b735efcac21da8802b37c0a,2026-01,3.0,6400.333333333332,-0.08939039900454626,7115.777777777777,3.0,1.0,1.0,1.0,True,True,1,2.8677636477468864,9.0,10.194719603833578,STATIC_CURRENT_SNAPSHOT,False
col_075ade1e8b735efcac21da8802b37c0a,2026-02,3.0,6656.999999999999,0.02741257973593057,6709.0,3.0,1.0,1.0,1.0,True,True,1,2.8677636477468864,9.0,10.194719603833578,STATIC_CURRENT_SNAPSHOT,False
col_075ade1e8b735efcac21da8802b37c0a,2026-03,3.0,4203.5,0.06520459604980455,4011.0,2.0,0.6666666666666666,0.6666666666666666,0.6666666666666666,True,True,1,2.8677636477468864,9.0,10.194719603833578,STATIC_CURRENT_SNAPSHOT,False
col_075ade1e8b735efcac21da8802b37c0a,2026-04,3.0,7628.333333333332,0.11339370270941987,7101.0,3.0,1.0,1.0,1.0,True,True,1,2.8677636477468864,9.0,10.194719603833578,STATIC_CURRENT_SNAPSHOT,False
col_075ade1e8b735efcac21da8802b37c0a,2026-05,3.0,7208.333333333332,-0.08072166780649664,7284.777777777777,3.0,1.0,1.0,1.0,True,True,1,2.8677636477468864,9.0,10.194719603833578,STATIC_CURRENT_SNAPSHOT,False
col_075ade1e8b735efcac21da8802b37c0a,2026-06,3.0,7103.0,-0.0181065301493578,7313.222222222222,3.0,1.0,1.0,1.0,True,True,1,2.8677636477468864,9.0,10.194719603833578,STATIC_CURRENT_SNAPSHOT,False
col_075ade1e8b735efcac21da8802b37c0a,2026-07,3.0,4067.5,0.0016935841171710694,4121.166666666667,2.0,0.6666666666666666,0.6666666666666666,0.6666666666666666,True,True,1,2.8677636477468864,9.0,10.194719603833578,STATIC_CURRENT_SNAPSHOT,False
col_075ade1e8b735efcac21da8802b37c0a,2026-08,3.0,7097.666666666666,0.02910124179658903,7041.666666666666,3.0,1.0,1.0,1.0,True,True,1,2.8677636477468864,9.0,10.194719603833578,STATIC_CURRENT_SNAPSHOT,False
col_0d7a0b5c2d6b5f31bd586ed063d99183,2023-01,3.0,,,,0.0,0.0,0.0,0.0,False,True,2,5.525127415180971,12.0,4.60618343858666,STATIC_CURRENT_SNAPSHOT,False
col_0d7a0b5c2d6b5f31bd586ed063d99183,2023-02,3.0,,,,0.0,0.0,0.0,0.0,False,True,2,5.525127415180971,12.0,4.60618343858666,STATIC_CURRENT_SNAPSHOT,False
col_0d7a0b5c2d6b5f31bd586ed063d99183,2023-03,3.0,,,,0.0,0.0,0.0,0.0,False,True,2,5.525127415180971,12.0,4.60618343858666,STATIC_CURRENT_SNAPSHOT,False
col_0d7a0b5c2d6b5f31bd586ed063d99183,2023-04,3.0,,,,0.0,0.0,0.0,0.0,False,True,2,5.525127415180971,12.0,4.60618343858666,STATIC_CURRENT_SNAPSHOT,False
col_0d7a0b5c2d6b5f31bd586ed063d99183,2023-05,3.0,,,,0.0,0.0,0.0,0.0,False,True,2,5.525127415180971,12.0,4.60618343858666,STATIC_CURRENT_SNAPSHOT,False
col_0d7a0b5c2d6b5f31bd586ed063d99183,2023-06,3.0,,,,0.0,0.0,0.0,0.0,False,True,2,5.525127415180971,12.0,4.60618343858666,STATIC_CURRENT_SNAPSHOT,False
col_0d7a0b5c2d6b5f31bd586ed063d99183,2023-07,3.0,5658.0,,,1.0,0.3333333333333333,0.0,0.0,True,True,2,5.525127415180971,12.0,4.60618343858666,STATIC_CURRENT_SNAPSHOT,False
col_0d7a0b5c2d6b5f31bd586ed063d99183,2023-08,3.0,5119.0,0.570452202251457,,2.0,0.6666666666666666,0.6666666666666666,0.0,True,True,2,5.525127415180971,12.0,4.60618343858666,STATIC_CURRENT_SNAPSHOT,False
col_0d7a0b5c2d6b5f31bd586ed063d99183,2023-09,3.0,6060.0,0.19283749405737652,4905.5,2.0,0.6666666666666666,0.6666666666666666,0.6666666666666666,True,True,2,5.525127415180971,12.0,4.60618343858666,STATIC_CURRENT_SNAPSHOT,False
col_0d7a0b5c2d6b5f31bd586ed063d99183,2023-10,3.0,7083.0,0.1814141005795858,6087.333333333334,2.0,0.6666666666666666,0.6666666666666666,0.6666666666666666,True,True,2,5.525127415180971,12.0,4.60618343858666,STATIC_CURRENT_SNAPSHOT,False
col_0d7a0b5c2d6b5f31bd586ed063d99183,2023-11,3.0,7946.499999999999,0.13681249349040253,7029.833333333332,2.0,0.6666666666666666,0.6666666666666666,0.6666666666666666,True,True,2,5.525127415180971,12.0,4.60618343858666,STATIC_CURRENT_SNAPSHOT,False
col_0d7a0b5c2d6b5f31bd586ed063d99183,2023-12,3.0,5474.666666666666,-0.01618520427997322,7564.333333333333,3.0,1.0,0.6666666666666666,0.6666666666666666,True,True,2,5.525127415180971,12.0,4.60618343858666,STATIC_CURRENT_SNAPSHOT,False
col_0d7a0b5c2d6b5f31bd586ed063d99183,2024-01,3.0,6256.333333333332,1.165398572605133,7468.5,3.0,1.0,1.0,0.6666666666666666,True,True,2,5.525127415180971,12.0,4.60618343858666,STATIC_CURRENT_SNAPSHOT,False
col_0d7a0b5c2d6b5f31bd586ed063d99183,2024-02,3.0,11131.0,0.517174785599547,8187.166666666667,2.0,0.6666666666666666,0.6666666666666666,0.6666666666666666,True,True,2,5.525127415180971,12.0,4.60618343858666,STATIC_CURRENT_SNAPSHOT,False
col_0d7a0b5c2d6b5f31bd586ed063d99183,2024-03,3.0,7742.499999999999,0.15107079370143087,6322.333333333333,2.0,0.6666666666666666,0.6666666666666666,0.6666666666666666,True,True,2,5.525127415180971,12.0,4.60618343858666,STATIC_CURRENT_SNAPSHOT,False
col_0d7a0b5c2d6b5f31bd586ed063d99183,2024-04,3.0,14034.499999999998,0.05732847367013629,12769.0,2.0,0.6666666666666666,0.6666666666666666,0.6666666666666666,True,True,2,5.525127415180971,12.0,4.60618343858666,STATIC_CURRENT_SNAPSHOT,False
col_0d7a0b5c2d6b5f31bd586ed063d99183,2024-05,3.0,12574.999999999998,0.06492508388901809,11659.333333333332,3.0,1.0,1.0,1.0,True,True,2,5.525127415180971,12.0,4.60618343858666,STATIC_CURRENT_SNAPSHOT,False
col_0d7a0b5c2d6b5f31bd586ed063d99183,2024-06,3.0,14993.5,0.09454327655545891,13738.333333333334,2.0,0.6666666666666666,0.6666666666666666,0.6666666666666666,True,True,2,5.525127415180971,12.0,4.60618343858666,STATIC_CURRENT_SNAPSHOT,False
col_0d7a0b5c2d6b5f31bd586ed063d99183,2024-07,3.0,13092.0,-0.04930379056451981,13155.444444444442,3.0,1.0,1.0,1.0,True,True,2,5.525127415180971,12.0,4.60618343858666,STATIC_CURRENT_SNAPSHOT,False
col_0d7a0b5c2d6b5f31bd586ed063d99183,2024-08,3.0,10669.0,-0.04081632653061224,11067.666666666666,1.0,0.3333333333333333,0.3333333333333333,0.3333333333333333,True,True,2,5.525127415180971,12.0,4.60618343858666,STATIC_CURRENT_SNAPSHOT,False
col_0d7a0b5c2d6b5f31bd586ed063d99183,2024-09,3.0,9798.0,0.08192955296190692,9345.5,2.0,0.6666666666666666,0.6666666666666666,0.6666666666666666,True,True,2,5.525127415180971,12.0,4.60618343858666,STATIC_CURRENT_SNAPSHOT,False
col_0d7a0b5c2d6b5f31bd586ed063d99183,2024-10,3.0,13768.0,0.06928777374453898,13070.22222222222,3.0,1.0,1.0,1.0,True,True,2,5.525127415180971,12.0,4.60618343858666,STATIC_CURRENT_SNAPSHOT,False
col_0d7a0b5c2d6b5f31bd586ed063d99183,2024-11,3.0,,,,0.0,0.0,0.0,0.0,False,True,2,5.525127415180971,12.0,4.60618343858666,STATIC_CURRENT_SNAPSHOT,False
col_0d7a0b5c2d6b5f31bd586ed063d99183,2024-12,3.0,7674.0,,,1.0,0.3333333333333333,0.0,0.0,True,True,2,5.525127415180971,12.0,4.60618343858666,STATIC_CURRENT_SNAPSHOT,False
col_0d7a0b5c2d6b5f31bd586ed063d99183,2025-01,3.0,9627.0,-0.11596644252659329,,2.0,0.6666666666666666,0.6666666666666666,0.0,True,True,2,5.525127415180971,12.0,4.60618343858666,STATIC_CURRENT_SNAPSHOT,False
col_0d7a0b5c2d6b5f31bd586ed063d99183,2025-02,3.0,7335.0,0.07567091948966125,7275.999999999999,1.0,0.3333333333333333,0.3333333333333333,0.3333333333333333,True,True,2,5.525127415180971,12.0,4.60618343858666,STATIC_CURRENT_SNAPSHOT,False
col_0d7a0b5c2d6b5f31bd586ed063d99183,2025-03,3.0,7593.999999999999,0.03531015678254942,7249.333333333333,1.0,0.3333333333333333,0.3333333333333333,0.3333333333333333,True,True,2,5.525127415180971,12.0,4.60618343858666,STATIC_CURRENT_SNAPSHOT,False
col_0d7a0b5c2d6b5f31bd586ed063d99183,2025-04,3.0,16701.5,0.021057191437460876,16544.833333333336,2.0,0.6666666666666666,0.6666666666666666,0.6666666666666666,True,True,2,5.525127415180971,12.0,4.60618343858666,STATIC_CURRENT_SNAPSHOT,False
col_0d7a0b5c2d6b5f31bd586ed063d99183,2025-05,3.0,7515.999999999999,-0.04944985455925129,7672.333333333333,1.0,0.3333333333333333,0.3333333333333333,0.3333333333333333,True,True,2,5.525127415180971,12.0,4.60618343858666,STATIC_CURRENT_SNAPSHOT,False
col_0d7a0b5c2d6b5f31bd586ed063d99183,2025-06,3.0,13498.5,0.08689474462358084,13120.33333333333,2.0,0.6666666666666666,0.6666666666666666,0.6666666666666666,True,True,2,5.525127415180971,12.0,4.60618343858666,STATIC_CURRENT_SNAPSHOT,False
col_0d7a0b5c2d6b5f31bd586ed063d99183,2025-07,3.0,14323.999999999998,-0.1454802650926692,15572.166666666668,2.0,0.6666666666666666,0.6666666666666666,0.6666666666666666,True,True,2,5.525127415180971,12.0,4.60618343858666,STATIC_CURRENT_SNAPSHOT,False
col_0d7a0b5c2d6b5f31bd586ed063d99183,2025-08,3.0,13567.0,0.16165767617090504,13261.0,1.0,0.3333333333333333,0.3333333333333333,0.3333333333333333,True,True,2,5.525127415180971,12.0,4.60618343858666,STATIC_CURRENT_SNAPSHOT,False
col_0d7a0b5c2d6b5f31bd586ed063d99183,2025-09,3.0,12460.999999999998,-0.027718009314294786,12466.000000000002,2.0,0.6666666666666666,0.6666666666666666,0.6666666666666666,True,True,2,5.525127415180971,12.0,4.60618343858666,STATIC_CURRENT_SNAPSHOT,False
col_0d7a0b5c2d6b5f31bd586ed063d99183,2025-10,3.0,17219.0,-0.009206513608377927,17544.0,1.0,0.3333333333333333,0.3333333333333333,0.3333333333333333,True,True,2,5.525127415180971,12.0,4.60618343858666,STATIC_CURRENT_SNAPSHOT,False
col_0d7a0b5c2d6b5f31bd586ed063d99183,2025-11,3.0,14048.0,0.11737493807939936,12887.333333333332,3.0,1.0,1.0,0.6666666666666666,True,True,2,5.525127415180971,12.0,4.60618343858666,STATIC_CURRENT_SNAPSHOT,False
col_0d7a0b5c2d6b5f31bd586ed063d99183,2025-12,3.0,12581.0,-0.11077102532062885,13049.333333333332,3.0,1.0,1.0,1.0,True,True,2,5.525127415180971,12.0,4.60618343858666,STATIC_CURRENT_SNAPSHOT,False
col_0d7a0b5c2d6b5f31bd586ed063d99183,2026-01,3.0,11527.333333333332,-0.0869553759948363,12718.777777777777,3.0,1.0,1.0,1.0,True,True,2,5.525127415180971,12.0,4.60618343858666,STATIC_CURRENT_SNAPSHOT,False
col_0d7a0b5c2d6b5f31bd586ed063d99183,2026-02,3.0,12183.333333333332,0.06896862896893725,12097.222222222223,3.0,1.0,1.0,1.0,True,True,2,5.525127415180971,12.0,4.60618343858666,STATIC_CURRENT_SNAPSHOT,False
col_0d7a0b5c2d6b5f31bd586ed063d99183,2026-03,3.0,6878.0,-0.016445016445016444,6719.0,1.0,0.3333333333333333,0.3333333333333333,0.3333333333333333,True,True,2,5.525127415180971,12.0,4.60618343858666,STATIC_CURRENT_SNAPSHOT,False
col_0d7a0b5c2d6b5f31bd586ed063d99183,2026-04,3.0,13392.999999999998,0.08585730895723381,12635.555555555555,3.0,1.0,1.0,1.0,True,True,2,5.525127415180971,12.0,4.60618343858666,STATIC_CURRENT_SNAPSHOT,False
col_0d7a0b5c2d6b5f31bd586ed063d99183,2026-05,3.0,10279.999999999998,-0.018180777192571055,10166.0,2.0,0.6666666666666666,0.6666666666666666,0.6666666666666666,True,True,2,5.525127415180971,12.0,4.60618343858666,STATIC_CURRENT_SNAPSHOT,False
col_0d7a0b5c2d6b5f31bd586ed063d99183,2026-06,3.0,12518.333333333332,-0.028055963649863947,12963.666666666668,3.0,1.0,1.0,1.0,True,True,2,5.525127415180971,12.0,4.60618343858666,STATIC_CURRENT_SNAPSHOT,False
col_0d7a0b5c2d6b5f31bd586ed063d99183,2026-07,3.0,6942.999999999999,-0.04563573883161512,7199.0,1.0,0.3333333333333333,0.3333333333333333,0.3333333333333333,True,True,2,5.525127415180971,12.0,4.60618343858666,STATIC_CURRENT_SNAPSHOT,False
col_0d7a0b5c2d6b5f31bd586ed063d99183,2026-08,3.0,14373.0,0.040953813885061335,14431.666666666664,2.0,0.6666666666666666,0.6666666666666666,0.6666666666666666,True,True,2,5.525127415180971,12.0,4.60618343858666,STATIC_CURRENT_SNAPSHOT,False
col_0f6878a834535080af77fae943ae9b95,2023-01,5.0,,,,0.0,0.0,0.0,0.0,False,True,7,12.355177226728944,78.0,11.474232182291253,STATIC_CURRENT_SNAPSHOT,False
col_0f6878a834535080af77fae943ae9b95,2023-02,5.0,27723.0,,,3.0,0.6000000000000001,0.0,0.0,True,True,7,12.355177226728944,78.0,11.474232182291253,STATIC_CURRENT_SNAPSHOT,False
col_0f6878a834535080af77fae943ae9b95,2023-03,5.0,44886.0,0.17931741152360683,,1.0,0.2,0.2,0.0,True,True,7,12.355177226728944,78.0,11.474232182291253,STATIC_CURRENT_SNAPSHOT,False
col_0f6878a834535080af77fae943ae9b95,2023-04,5.0,25954.0,0.6855435770879335,15380.666666666666,1.0,0.2,0.2,0.2,True,True,7,12.355177226728944,78.0,11.474232182291253,STATIC_CURRENT_SNAPSHOT,False
col_0f6878a834535080af77fae943ae9b95,2023-05,5.0,40742.5,-0.0059656008021840255,37395.166666666664,2.0,0.4,0.4,0.4,True,True,7,12.355177226728944,78.0,11.474232182291253,STATIC_CURRENT_SNAPSHOT,False
col_0f6878a834535080af77fae943ae9b95,2023-06,5.0,62100.5,0.20641518964599953,55892.833333333336,2.0,0.4,0.4,0.4,True,True,7,12.355177226728944,78.0,11.474232182291253,STATIC_CURRENT_SNAPSHOT,False
col_0f6878a834535080af77fae943ae9b95,2023-07,5.0,62162.00000000001,0.05814863990739796,56273.0,1.0,0.2,0.2,0.2,True,True,7,12.355177226728944,78.0,11.474232182291253,STATIC_CURRENT_SNAPSHOT,False
col_0f6878a834535080af77fae943ae9b95,2023-08,5.0,61832.00000000001,-0.005308709500981307,60913.333333333336,1.0,0.2,0.2,0.2,True,True,7,12.355177226728944,78.0,11.474232182291253,STATIC_CURRENT_SNAPSHOT,False
col_0f6878a834535080af77fae943ae9b95,2023-09,5.0,,,,0.0,0.0,0.0,0.0,False,True,7,12.355177226728944,78.0,11.474232182291253,STATIC_CURRENT_SNAPSHOT,False
col_0f6878a834535080af77fae943ae9b95,2023-10,5.0,73122.0,0.0729094830748463,67702.33333333333,1.0,0.2,0.2,0.2,True,True,7,12.355177226728944,78.0,11.474232182291253,STATIC_CURRENT_SNAPSHOT,False
col_0f6878a834535080af77fae943ae9b95,2023-11,5.0,,,,0.0,0.0,0.0,0.0,False,True,7,12.355177226728944,78.0,11.474232182291253,STATIC_CURRENT_SNAPSHOT,False
col_0f6878a834535080af77fae943ae9b95,2023-12,5.0,,,,0.0,0.0,0.0,0.0,False,True,7,12.355177226728944,78.0,11.474232182291253,STATIC_CURRENT_SNAPSHOT,False
col_0f6878a834535080af77fae943ae9b95,2024-01,5.0,72648.0,-0.11054519632209804,79875.0,1.0,0.2,0.2,0.2,True,True,7,12.355177226728944,78.0,11.474232182291253,STATIC_CURRENT_SNAPSHOT,False
col_0f6878a834535080af77fae943ae9b95,2024-02,5.0,,,,0.0,0.0,0.0,0.0,False,True,7,12.355177226728944,78.0,11.474232182291253,STATIC_CURRENT_SNAPSHOT,False
col_0f6878a834535080af77fae943ae9b95,2024-03,5.0,,,,0.0,0.0,0.0,0.0,False,True,7,12.355177226728944,78.0,11.474232182291253,STATIC_CURRENT_SNAPSHOT,False
col_0f6878a834535080af77fae943ae9b95,2024-04,5.0,,,,0.0,0.0,0.0,0.0,False,True,7,12.355177226728944,78.0,11.474232182291253,STATIC_CURRENT_SNAPSHOT,False
col_0f6878a834535080af77fae943ae9b95,2024-05,5.0,,,,0.0,0.0,0.0,0.0,False,True,7,12.355177226728944,78.0,11.474232182291253,STATIC_CURRENT_SNAPSHOT,False
col_0f6878a834535080af77fae943ae9b95,2024-06,5.0,,,,0.0,0.0,0.0,0.0,False,True,7,12.355177226728944,78.0,11.474232182291253,STATIC_CURRENT_SNAPSHOT,False
col_0f6878a834535080af77fae943ae9b95,2024-07,5.0,,,,0.0,0.0,0.0,0.0,False,True,7,12.355177226728944,78.0,11.474232182291253,STATIC_CURRENT_SNAPSHOT,False
col_0f6878a834535080af77fae943ae9b95,2024-08,5.0,,,,0.0,0.0,0.0,0.0,False,True,7,12.355177226728944,78.0,11.474232182291253,STATIC_CURRENT_SNAPSHOT,False
col_0f6878a834535080af77fae943ae9b95,2024-09,5.0,,,,0.0,0.0,0.0,0.0,False,True,7,12.355177226728944,78.0,11.474232182291253,STATIC_CURRENT_SNAPSHOT,False
col_0f6878a834535080af77fae943ae9b95,2024-10,5.0,149250.2,-0.00456976657969554,102522.55555555555,5.0,1.0,0.8,0.6000000000000001,True,True,7,12.355177226728944,78.0,11.474232182291253,STATIC_CURRENT_SNAPSHOT,False
col_0f6878a834535080af77fae943ae9b95,2024-11,5.0,,,,0.0,0.0,0.0,0.0,False,True,7,12.355177226728944,78.0,11.474232182291253,STATIC_CURRENT_SNAPSHOT,False
col_0f6878a834535080af77fae943ae9b95,2024-12,5.0,,,,0.0,0.0,0.0,0.0,False,True,7,12.355177226728944,78.0,11.474232182291253,STATIC_CURRENT_SNAPSHOT,False
col_0f6878a834535080af77fae943ae9b95,2025-01,5.0,51016.0,-0.4671958224543081,,1.0,0.2,0.2,0.0,True,True,7,12.355177226728944,78.0,11.474232182291253,STATIC_CURRENT_SNAPSHOT,False
col_0f6878a834535080af77fae943ae9b95,2025-02,5.0,,,,0.0,0.0,0.0,0.0,False,True,7,12.355177226728944,78.0,11.474232182291253,STATIC_CURRENT_SNAPSHOT,False
col_0f6878a834535080af77fae943ae9b95,2025-03,5.0,,,,0.0,0.0,0.0,0.0,False,True,7,12.355177226728944,78.0,11.474232182291253,STATIC_CURRENT_SNAPSHOT,False
col_0f6878a834535080af77fae943ae9b95,2025-04,5.0,,,,0.0,0.0,0.0,0.0,False,True,7,12.355177226728944,78.0,11.474232182291253,STATIC_CURRENT_SNAPSHOT,False
col_0f6878a834535080af77fae943ae9b95,2025-05,5.0,79516.0,-0.02418790727355284,79221.66666666667,1.0,0.2,0.2,0.2,True,True,7,12.355177226728944,78.0,11.474232182291253,STATIC_CURRENT_SNAPSHOT,False
col_0f6878a834535080af77fae943ae9b95,2025-06,5.0,78026.0,-0.01873836712108255,79676.33333333333,1.0,0.2,0.2,0.2,True,True,7,12.355177226728944,78.0,11.474232182291253,STATIC_CURRENT_SNAPSHOT,False
col_0f6878a834535080af77fae943ae9b95,2025-07,5.0,,,,0.0,0.0,0.0,0.0,False,True,7,12.355177226728944,78.0,11.474232182291253,STATIC_CURRENT_SNAPSHOT,False
col_0f6878a834535080af77fae943ae9b95,2025-08,5.0,76488.0,0.09999280937657296,74683.0,1.0,0.2,0.2,0.2,True,True,7,12.355177226728944,78.0,11.474232182291253,STATIC_CURRENT_SNAPSHOT,False
col_0f6878a834535080af77fae943ae9b95,2025-09,5.0,,,,0.0,0.0,0.0,0.0,False,True,7,12.355177226728944,78.0,11.474232182291253,STATIC_CURRENT_SNAPSHOT,False
col_0f6878a834535080af77fae943ae9b95,2025-10,5.0,65766.0,-0.04145168342807171,70288.0,1.0,0.2,0.2,0.2,True,True,7,12.355177226728944,78.0,11.474232182291253,STATIC_CURRENT_SNAPSHOT,False
col_0f6878a834535080af77fae943ae9b95,2025-11,5.0,,,,0.0,0.0,0.0,0.0,False,True,7,12.355177226728944,78.0,11.474232182291253,STATIC_CURRENT_SNAPSHOT,False
col_0f6878a834535080af77fae943ae9b95,2025-12,5.0,,,,0.0,0.0,0.0,0.0,False,True,7,12.355177226728944,78.0,11.474232182291253,STATIC_CURRENT_SNAPSHOT,False
col_0f6878a834535080af77fae943ae9b95,2026-01,5.0,,,,0.0,0.0,0.0,0.0,False,True,7,12.355177226728944,78.0,11.474232182291253,STATIC_CURRENT_SNAPSHOT,False
col_0f6878a834535080af77fae943ae9b95,2026-02,5.0,77277.0,,,1.0,0.2,0.0,0.0,True,True,7,12.355177226728944,78.0,11.474232182291253,STATIC_CURRENT_SNAPSHOT,False
col_0f6878a834535080af77fae943ae9b95,2026-03,5.0,,,,0.0,0.0,0.0,0.0,False,True,7,12.355177226728944,78.0,11.474232182291253,STATIC_CURRENT_SNAPSHOT,False
col_0f6878a834535080af77fae943ae9b95,2026-04,5.0,67657.0,0.08407306521390803,59213.0,1.0,0.2,0.2,0.2,True,True,7,12.355177226728944,78.0,11.474232182291253,STATIC_CURRENT_SNAPSHOT,False
col_0f6878a834535080af77fae943ae9b95,2026-05,5.0,,,,0.0,0.0,0.0,0.0,False,True,7,12.355177226728944,78.0,11.474232182291253,STATIC_CURRENT_SNAPSHOT,False
col_0f6878a834535080af77fae943ae9b95,2026-06,5.0,,,,0.0,0.0,0.0,0.0,False,True,7,12.355177226728944,78.0,11.474232182291253,STATIC_CURRENT_SNAPSHOT,False
col_0f6878a834535080af77fae943ae9b95,2026-07,5.0,,,,0.0,0.0,0.0,0.0,False,True,7,12.355177226728944,78.0,11.474232182291253,STATIC_CURRENT_SNAPSHOT,False
col_0f6878a834535080af77fae943ae9b95,2026-08,5.0,,,,0.0,0.0,0.0,0.0,False,True,7,12.355177226728944,78.0,11.474232182291253,STATIC_CURRENT_SNAPSHOT,False
col_145462232cb0506eac0d954b79bb4e67,2023-01,3.0,,,,0.0,0.0,0.0,0.0,False,True,3,9.111257397658882,9.0,6.659173304379633,STATIC_CURRENT_SNAPSHOT,False
col_145462232cb0506eac0d954b79bb4e67,2023-02,3.0,,,,0.0,0.0,0.0,0.0,False,True,3,9.111257397658882,9.0,6.659173304379633,STATIC_CURRENT_SNAPSHOT,False
col_145462232cb0506eac0d954b79bb4e67,2023-03,3.0,,,,0.0,0.0,0.0,0.0,False,True,3,9.111257397658882,9.0,6.659173304379633,STATIC_CURRENT_SNAPSHOT,False
col_145462232cb0506eac0d954b79bb4e67,2023-04,3.0,,,,0.0,0.0,0.0,0.0,False,True,3,9.111257397658882,9.0,6.659173304379633,STATIC_CURRENT_SNAPSHOT,False
col_145462232cb0506eac0d954b79bb4e67,2023-05,3.0,,,,0.0,0.0,0.0,0.0,False,True,3,9.111257397658882,9.0,6.659173304379633,STATIC_CURRENT_SNAPSHOT,False
col_145462232cb0506eac0d954b79bb4e67,2023-06,3.0,6.0,,,1.0,0.3333333333333333,0.0,0.0,True,True,3,9.111257397658882,9.0,6.659173304379633,STATIC_CURRENT_SNAPSHOT,False
col_145462232cb0506eac0d954b79bb4e67,2023-07,3.0,1077.0,178.5,,1.0,0.3333333333333333,0.3333333333333333,0.0,True,True,3,9.111257397658882,9.0,6.659173304379633,STATIC_CURRENT_SNAPSHOT,False
col_145462232cb0506eac0d954b79bb4e67,2023-08,3.0,1778.0,0.6508820798514392,953.6666666666666,1.0,0.3333333333333333,0.3333333333333333,0.3333333333333333,True,True,3,9.111257397658882,9.0,6.659173304379633,STATIC_CURRENT_SNAPSHOT,False
col_145462232cb0506eac0d954b79bb4e67,2023-09,3.0,,,,0.0,0.0,0.0,0.0,False,True,3,9.111257397658882,9.0,6.659173304379633,STATIC_CURRENT_SNAPSHOT,False
col_145462232cb0506eac0d954b79bb4e67,2023-10,3.0,3178.0,0.26563122262046995,2489.0,1.0,0.3333333333333333,0.3333333333333333,0.3333333333333333,True,True,3,9.111257397658882,9.0,6.659173304379633,STATIC_CURRENT_SNAPSHOT,False
col_145462232cb0506eac0d954b79bb4e67,2023-11,3.0,3996.0,0.25739458779106356,3228.3333333333335,1.0,0.3333333333333333,0.3333333333333333,0.3333333333333333,True,True,3,9.111257397658882,9.0,6.659173304379633,STATIC_CURRENT_SNAPSHOT,False
col_145462232cb0506eac0d954b79bb4e67,2023-12,3.0,904.9999999999999,,,1.0,0.3333333333333333,0.0,0.0,True,True,3,9.111257397658882,9.0,6.659173304379633,STATIC_CURRENT_SNAPSHOT,False
col_145462232cb0506eac0d954b79bb4e67,2024-01,3.0,4148.0,1.0933780936822146,4657.666666666667,2.0,0.6666666666666666,0.6666666666666666,0.3333333333333333,True,True,3,9.111257397658882,9.0,6.659173304379633,STATIC_CURRENT_SNAPSHOT,False
col_145462232cb0506eac0d954b79bb4e67,2024-02,3.0,3705.9999999999995,0.3024408425762207,4037.1666666666665,3.0,1.0,0.6666666666666666,0.6666666666666666,True,True,3,9.111257397658882,9.0,6.659173304379633,STATIC_CURRENT_SNAPSHOT,False
col_145462232cb0506eac0d954b79bb4e67,2024-03,3.0,4196.666666666666,0.5489468404974784,5133.5,3.0,1.0,1.0,0.6666666666666666,True,True,3,9.111257397658882,9.0,6.659173304379633,STATIC_CURRENT_SNAPSHOT,False
col_145462232cb0506eac0d954b79bb4e67,2024-04,3.0,1072.0,0.2523364485981308,758.3333333333334,1.0,0.3333333333333333,0.3333333333333333,0.3333333333333333,True,True,3,9.111257397658882,9.0,6.659173304379633,STATIC_CURRENT_SNAPSHOT,False
col_145462232cb0506eac0d954b79bb4e67,2024-05,3.0,6106.666666666666,0.1881655817617974,5141.333333333333,3.0,1.0,1.0,1.0,True,True,3,9.111257397658882,9.0,6.659173304379633,STATIC_CURRENT_SNAPSHOT,False
col_145462232cb0506eac0d954b79bb4e67,2024-06,3.0,4684.0,0.018643072846707503,4151.666666666667,2.0,0.6666666666666666,0.6666666666666666,0.6666666666666666,True,True,3,9.111257397658882,9.0,6.659173304379633,STATIC_CURRENT_SNAPSHOT,False
col_145462232cb0506eac0d954b79bb4e67,2024-07,3.0,5999.0,-0.011837249391541321,6192.555555555556,3.0,1.0,1.0,1.0,True,True,3,9.111257397658882,9.0,6.659173304379633,STATIC_CURRENT_SNAPSHOT,False
col_145462232cb0506eac0d954b79bb4e67,2024-08,3.0,1151.0,-0.11935730680948738,1200.6666666666667,1.0,0.3333333333333333,0.3333333333333333,0.3333333333333333,True,True,3,9.111257397658882,9.0,6.659173304379633,STATIC_CURRENT_SNAPSHOT,False
col_145462232cb0506eac0d954b79bb4e67,2024-09,3.0,5407.0,0.07433338977059514,5327.0,2.0,0.6666666666666666,0.6666666666666666,0.6666666666666666,True,True,3,9.111257397658882,9.0,6.659173304379633,STATIC_CURRENT_SNAPSHOT,False
col_145462232cb0506eac0d954b79bb4e67,2024-10,3.0,7280.666666666666,0.06783321390762338,6824.0,3.0,1.0,1.0,1.0,True,True,3,9.111257397658882,9.0,6.659173304379633,STATIC_CURRENT_SNAPSHOT,False
col_145462232cb0506eac0d954b79bb4e67,2024-11,3.0,,,,0.0,0.0,0.0,0.0,False,True,3,9.111257397658882,9.0,6.659173304379633,STATIC_CURRENT_SNAPSHOT,False
col_145462232cb0506eac0d954b79bb4e67,2024-12,3.0,7465.333333333333,,,3.0,1.0,0.0,0.0,True,True,3,9.111257397658882,9.0,6.659173304379633,STATIC_CURRENT_SNAPSHOT,False
col_145462232cb0506eac0d954b79bb4e67,2025-01,3.0,5503.5,-0.12186243912414783,,2.0,0.6666666666666666,0.6666666666666666,0.0,True,True,3,9.111257397658882,9.0,6.659173304379633,STATIC_CURRENT_SNAPSHOT,False
col_145462232cb0506eac0d954b79bb4e67,2025-02,3.0,7799.666666666667,0.1524205610820971,7310.888888888889,3.0,1.0,1.0,1.0,True,True,3,9.111257397658882,9.0,6.659173304379633,STATIC_CURRENT_SNAPSHOT,False
col_145462232cb0506eac0d954b79bb4e67,2025-03,3.0,7489.666666666667,-0.038306406468042634,7319.0,3.0,1.0,1.0,1.0,True,True,3,9.111257397658882,9.0,6.659173304379633,STATIC_CURRENT_SNAPSHOT,False
col_145462232cb0506eac0d954b79bb4e67,2025-04,3.0,5614.5,0.03990643045509501,5667.5,2.0,0.6666666666666666,0.6666666666666666,0.6666666666666666,True,True,3,9.111257397658882,9.0,6.659173304379633,STATIC_CURRENT_SNAPSHOT,False
col_145462232cb0506eac0d954b79bb4e67,2025-05,3.0,7249.333333333333,-0.08239448069034938,7505.555555555555,3.0,1.0,1.0,1.0,True,True,3,9.111257397658882,9.0,6.659173304379633,STATIC_CURRENT_SNAPSHOT,False
col_145462232cb0506eac0d954b79bb4e67,2025-06,3.0,7515.666666666666,0.019347835496429162,7514.222222222222,3.0,1.0,1.0,1.0,True,True,3,9.111257397658882,9.0,6.659173304379633,STATIC_CURRENT_SNAPSHOT,False
col_145462232cb0506eac0d954b79bb4e67,2025-07,3.0,6635.0,-0.0907743860955265,7133.333333333333,3.0,1.0,1.0,1.0,True,True,3,9.111257397658882,9.0,6.659173304379633,STATIC_CURRENT_SNAPSHOT,False
col_145462232cb0506eac0d954b79bb4e67,2025-08,3.0,7387.333333333333,0.1102844400699409,7179.333333333333,3.0,1.0,1.0,1.0,True,True,3,9.111257397658882,9.0,6.659173304379633,STATIC_CURRENT_SNAPSHOT,False
col_145462232cb0506eac0d954b79bb4e67,2025-09,3.0,7245.999999999999,-0.050789019753804523,7089.444444444444,3.0,1.0,1.0,1.0,True,True,3,9.111257397658882,9.0,6.659173304379633,STATIC_CURRENT_SNAPSHOT,False
col_145462232cb0506eac0d954b79bb4e67,2025-10,3.0,1278.0,-0.030349013657056147,1367.3333333333333,1.0,0.3333333333333333,0.3333333333333333,0.3333333333333333,True,True,3,9.111257397658882,9.0,6.659173304379633,STATIC_CURRENT_SNAPSHOT,False
col_145462232cb0506eac0d954b79bb4e67,2025-11,3.0,5423.0,0.09076682316118936,1330.0,2.0,0.6666666666666666,0.3333333333333333,0.3333333333333333,True,True,3,9.111257397658882,9.0,6.659173304379633,STATIC_CURRENT_SNAPSHOT,False
col_145462232cb0506eac0d954b79bb4e67,2025-12,3.0,7237.333333333333,-0.08300765841209559,7435.777777777778,3.0,1.0,1.0,1.0,True,True,3,9.111257397658882,9.0,6.659173304379633,STATIC_CURRENT_SNAPSHOT,False
col_145462232cb0506eac0d954b79bb4e67,2026-01,3.0,6715.0,-0.05527363927958716,7302.333333333334,3.0,1.0,1.0,1.0,True,True,3,9.111257397658882,9.0,6.659173304379633,STATIC_CURRENT_SNAPSHOT,False
col_145462232cb0506eac0d954b79bb4e67,2026-02,3.0,6342.0,0.06866040636526827,6411.333333333334,2.0,0.6666666666666666,0.6666666666666666,0.6666666666666666,True,True,3,9.111257397658882,9.0,6.659173304379633,STATIC_CURRENT_SNAPSHOT,False
col_145462232cb0506eac0d954b79bb4e67,2026-03,3.0,7217.999999999999,0.058254158273304504,6935.666666666667,3.0,1.0,1.0,1.0,True,True,3,9.111257397658882,9.0,6.659173304379633,STATIC_CURRENT_SNAPSHOT,False
col_145462232cb0506eac0d954b79bb4e67,2026-04,3.0,7694.333333333333,0.07676343032571056,7262.111111111111,3.0,1.0,1.0,1.0,True,True,3,9.111257397658882,9.0,6.659173304379633,STATIC_CURRENT_SNAPSHOT,False
col_145462232cb0506eac0d954b79bb4e67,2026-05,3.0,4855.0,-0.07662950387286187,4987.833333333334,2.0,0.6666666666666666,0.6666666666666666,0.6666666666666666,True,True,3,9.111257397658882,9.0,6.659173304379633,STATIC_CURRENT_SNAPSHOT,False
col_145462232cb0506eac0d954b79bb4e67,2026-06,3.0,7352.0,-0.007792476668780739,7432.444444444443,3.0,1.0,1.0,1.0,True,True,3,9.111257397658882,9.0,6.659173304379633,STATIC_CURRENT_SNAPSHOT,False
col_145462232cb0506eac0d954b79bb4e67,2026-07,3.0,1429.0,0.009180790960451978,1452.6666666666667,1.0,0.3333333333333333,0.3333333333333333,0.3333333333333333,True,True,3,9.111257397658882,9.0,6.659173304379633,STATIC_CURRENT_SNAPSHOT,False
col_145462232cb0506eac0d954b79bb4e67,2026-08,3.0,7042.0,0.022272672936286687,7088.888888888889,3.0,1.0,1.0,1.0,True,True,3,9.111257397658882,9.0,6.659173304379633,STATIC_CURRENT_SNAPSHOT,False
col_175c1726756a5dda90d2345c13795848,2023-01,2.0,,,,0.0,0.0,0.0,0.0,False,True,2,8.266497971250429,7.0,4.4072855949501735,STATIC_CURRENT_SNAPSHOT,False
col_175c1726756a5dda90d2345c13795848,2023-02,2.0,,,,0.0,0.0,0.0,0.0,False,True,2,8.266497971250429,7.0,4.4072855949501735,STATIC_CURRENT_SNAPSHOT,False
col_175c1726756a5dda90d2345c13795848,2023-03,2.0,,,,0.0,0.0,0.0,0.0,False,True,2,8.266497971250429,7.0,4.4072855949501735,STATIC_CURRENT_SNAPSHOT,False
col_175c1726756a5dda90d2345c13795848,2023-04,2.0,,,,0.0,0.0,0.0,0.0,False,True,2,8.266497971250429,7.0,4.4072855949501735,STATIC_CURRENT_SNAPSHOT,False
col_175c1726756a5dda90d2345c13795848,2023-05,2.0,,,,0.0,0.0,0.0,0.0,False,True,2,8.266497971250429,7.0,4.4072855949501735,STATIC_CURRENT_SNAPSHOT,False
col_175c1726756a5dda90d2345c13795848,2023-06,2.0,,,,0.0,0.0,0.0,0.0,False,True,2,8.266497971250429,7.0,4.4072855949501735,STATIC_CURRENT_SNAPSHOT,False
col_175c1726756a5dda90d2345c13795848,2023-07,2.0,,,,0.0,0.0,0.0,0.0,False,True,2,8.266497971250429,7.0,4.4072855949501735,STATIC_CURRENT_SNAPSHOT,False
col_175c1726756a5dda90d2345c13795848,2023-08,2.0,,,,0.0,0.0,0.0,0.0,False,True,2,8.266497971250429,7.0,4.4072855949501735,STATIC_CURRENT_SNAPSHOT,False
col_175c1726756a5dda90d2345c13795848,2023-09,2.0,,,,0.0,0.0,0.0,0.0,False,True,2,8.266497971250429,7.0,4.4072855949501735,STATIC_CURRENT_SNAPSHOT,False
col_175c1726756a5dda90d2345c13795848,2023-10,2.0,,,,0.0,0.0,0.0,0.0,False,True,2,8.266497971250429,7.0,4.4072855949501735,STATIC_CURRENT_SNAPSHOT,False
col_175c1726756a5dda90d2345c13795848,2023-11,2.0,,,,0.0,0.0,0.0,0.0,False,True,2,8.266497971250429,7.0,4.4072855949501735,STATIC_CURRENT_SNAPSHOT,False
col_175c1726756a5dda90d2345c13795848,2023-12,2.0,1097.0,,,1.0,0.5,0.0,0.0,True,True,2,8.266497971250429,7.0,4.4072855949501735,STATIC_CURRENT_SNAPSHOT,False
col_175c1726756a5dda90d2345c13795848,2024-01,2.0,5178.0,3.720145852324521,,1.0,0.5,0.5,0.0,True,True,2,8.266497971250429,7.0,4.4072855949501735,STATIC_CURRENT_SNAPSHOT,False
col_175c1726756a5dda90d2345c13795848,2024-02,2.0,8153.0,0.574546156817304,4809.333333333333,1.0,0.5,0.5,0.5,True,True,2,8.266497971250429,7.0,4.4072855949501735,STATIC_CURRENT_SNAPSHOT,False
col_175c1726756a5dda90d2345c13795848,2024-03,2.0,5108.0,0.19293511590825463,7685.666666666667,2.0,1.0,0.5,0.5,True,True,2,8.266497971250429,7.0,4.4072855949501735,STATIC_CURRENT_SNAPSHOT,False
col_175c1726756a5dda90d2345c13795848,2024-04,2.0,5602.5,0.8541437426296861,9255.0,2.0,1.0,1.0,0.5,True,True,2,8.266497971250429,7.0,4.4072855949501735,STATIC_CURRENT_SNAPSHOT,False
col_175c1726756a5dda90d2345c13795848,2024-05,2.0,6014.5,0.0899643732331751,5575.0,2.0,1.0,1.0,1.0,True,True,2,8.266497971250429,7.0,4.4072855949501735,STATIC_CURRENT_SNAPSHOT,False
col_175c1726756a5dda90d2345c13795848,2024-06,2.0,,,,0.0,0.0,0.0,0.0,False,True,2,8.266497971250429,7.0,4.4072855949501735,STATIC_CURRENT_SNAPSHOT,False
col_175c1726756a5dda90d2345c13795848,2024-07,2.0,6325.5,-0.013924885359804668,6270.5,2.0,1.0,1.0,1.0,True,True,2,8.266497971250429,7.0,4.4072855949501735,STATIC_CURRENT_SNAPSHOT,False
col_175c1726756a5dda90d2345c13795848,2024-08,2.0,6098.0,-0.020735388396196174,6298.333333333333,2.0,1.0,1.0,1.0,True,True,2,8.266497971250429,7.0,4.4072855949501735,STATIC_CURRENT_SNAPSHOT,False
col_175c1726756a5dda90d2345c13795848,2024-09,2.0,6886.5,0.10168260098800833,6436.666666666667,2.0,1.0,1.0,1.0,True,True,2,8.266497971250429,7.0,4.4072855949501735,STATIC_CURRENT_SNAPSHOT,False
col_175c1726756a5dda90d2345c13795848,2024-10,2.0,7744.5,0.08714784480519538,6909.666666666666,2.0,1.0,1.0,1.0,True,True,2,8.266497971250429,7.0,4.4072855949501735,STATIC_CURRENT_SNAPSHOT,False
col_175c1726756a5dda90d2345c13795848,2024-11,2.0,,,,0.0,0.0,0.0,0.0,False,True,2,8.266497971250429,7.0,4.4072855949501735,STATIC_CURRENT_SNAPSHOT,False
col_175c1726756a5dda90d2345c13795848,2024-12,2.0,1999.0,,,1.0,0.5,0.0,0.0,True,True,2,8.266497971250429,7.0,4.4072855949501735,STATIC_CURRENT_SNAPSHOT,False
col_175c1726756a5dda90d2345c13795848,2025-01,2.0,7023.0,-0.15730738273868528,,2.0,1.0,1.0,0.0,True,True,2,8.266497971250429,7.0,4.4072855949501735,STATIC_CURRENT_SNAPSHOT,False
col_175c1726756a5dda90d2345c13795848,2025-02,2.0,1833.0,0.1378026070763501,1814.3333333333333,1.0,0.5,0.5,0.5,True,True,2,8.266497971250429,7.0,4.4072855949501735,STATIC_CURRENT_SNAPSHOT,False
col_175c1726756a5dda90d2345c13795848,2025-03,2.0,1715.0,-0.06437534097108565,1719.6666666666667,1.0,0.5,0.5,0.5,True,True,2,8.266497971250429,7.0,4.4072855949501735,STATIC_CURRENT_SNAPSHOT,False
col_175c1726756a5dda90d2345c13795848,2025-04,2.0,8192.0,0.04889443006002209,7988.5,2.0,1.0,1.0,1.0,True,True,2,8.266497971250429,7.0,4.4072855949501735,STATIC_CURRENT_SNAPSHOT,False
col_175c1726756a5dda90d2345c13795848,2025-05,2.0,1671.0,-0.09675675675675675,1745.3333333333333,1.0,0.5,0.5,0.5,True,True,2,8.266497971250429,7.0,4.4072855949501735,STATIC_CURRENT_SNAPSHOT,False
col_175c1726756a5dda90d2345c13795848,2025-06,2.0,1771.0,0.059844404548174746,1764.0,1.0,0.5,0.5,0.5,True,True,2,8.266497971250429,7.0,4.4072855949501735,STATIC_CURRENT_SNAPSHOT,False
col_175c1726756a5dda90d2345c13795848,2025-07,2.0,6611.5,-0.16238897321801216,7546.666666666667,2.0,1.0,1.0,1.0,True,True,2,8.266497971250429,7.0,4.4072855949501735,STATIC_CURRENT_SNAPSHOT,False
col_175c1726756a5dda90d2345c13795848,2025-08,2.0,7623.0,0.1245464546657634,7462.833333333333,2.0,1.0,1.0,1.0,True,True,2,8.266497971250429,7.0,4.4072855949501735,STATIC_CURRENT_SNAPSHOT,False
col_175c1726756a5dda90d2345c13795848,2025-09,2.0,1677.0,-0.0011911852293031567,1633.3333333333333,1.0,0.5,0.5,0.5,True,True,2,8.266497971250429,7.0,4.4072855949501735,STATIC_CURRENT_SNAPSHOT,False
col_175c1726756a5dda90d2345c13795848,2025-10,2.0,1704.0,0.016100178890876567,1686.6666666666667,1.0,0.5,0.5,0.5,True,True,2,8.266497971250429,7.0,4.4072855949501735,STATIC_CURRENT_SNAPSHOT,False
col_175c1726756a5dda90d2345c13795848,2025-11,2.0,7981.0,0.07318710337732179,1736.3333333333333,2.0,1.0,1.0,0.5,True,True,2,8.266497971250429,7.0,4.4072855949501735,STATIC_CURRENT_SNAPSHOT,False
col_175c1726756a5dda90d2345c13795848,2025-12,2.0,7069.0,-0.14620977737621682,7494.833333333334,2.0,1.0,1.0,1.0,True,True,2,8.266497971250429,7.0,4.4072855949501735,STATIC_CURRENT_SNAPSHOT,False
col_175c1726756a5dda90d2345c13795848,2026-01,2.0,6463.0,-0.038383891604471705,7171.0,2.0,1.0,1.0,1.0,True,True,2,8.266497971250429,7.0,4.4072855949501735,STATIC_CURRENT_SNAPSHOT,False
col_175c1726756a5dda90d2345c13795848,2026-02,2.0,6878.0,0.07495412525459408,6803.333333333334,2.0,1.0,1.0,1.0,True,True,2,8.266497971250429,7.0,4.4072855949501735,STATIC_CURRENT_SNAPSHOT,False
col_175c1726756a5dda90d2345c13795848,2026-03,2.0,1785.0,0.08050847457627118,1651.3333333333333,1.0,0.5,0.5,0.5,True,True,2,8.266497971250429,7.0,4.4072855949501735,STATIC_CURRENT_SNAPSHOT,False
col_175c1726756a5dda90d2345c13795848,2026-04,2.0,13359.0,0.05638146449470188,12703.0,1.0,0.5,0.5,0.5,True,True,2,8.266497971250429,7.0,4.4072855949501735,STATIC_CURRENT_SNAPSHOT,False
col_175c1726756a5dda90d2345c13795848,2026-05,2.0,13181.0,-0.013324350625046786,13062.0,1.0,0.5,0.5,0.5,True,True,2,8.266497971250429,7.0,4.4072855949501735,STATIC_CURRENT_SNAPSHOT,False
col_175c1726756a5dda90d2345c13795848,2026-06,2.0,7484.0,-0.03671141559653401,7545.166666666666,2.0,1.0,1.0,1.0,True,True,2,8.266497971250429,7.0,4.4072855949501735,STATIC_CURRENT_SNAPSHOT,False
col_175c1726756a5dda90d2345c13795848,2026-07,2.0,1664.0,-0.07913669064748201,1806.0,1.0,0.5,0.5,0.5,True,True,2,8.266497971250429,7.0,4.4072855949501735,STATIC_CURRENT_SNAPSHOT,False
col_175c1726756a5dda90d2345c13795848,2026-08,2.0,12862.0,0.01772432346890331,12887.0,1.0,0.5,0.5,0.5,True,True,2,8.266497971250429,7.0,4.4072855949501735,STATIC_CURRENT_SNAPSHOT,False
col_19663fbe37bd50ee8eff60a93705eb35,2023-01,0.0,,,,,,,,False,True,2,12.388116192668077,,,STATIC_CURRENT_SNAPSHOT,False
col_19663fbe37bd50ee8eff60a93705eb35,2023-02,0.0,,,,,,,,False,True,2,12.388116192668077,,,STATIC_CURRENT_SNAPSHOT,False
col_19663fbe37bd50ee8eff60a93705eb35,2023-03,0.0,,,,,,,,False,True,2,12.388116192668077,,,STATIC_CURRENT_SNAPSHOT,False
col_19663fbe37bd50ee8eff60a93705eb35,2023-04,0.0,,,,,,,,False,True,2,12.388116192668077,,,STATIC_CURRENT_SNAPSHOT,False
col_19663fbe37bd50ee8eff60a93705eb35,2023-05,0.0,,,,,,,,False,True,2,12.388116192668077,,,STATIC_CURRENT_SNAPSHOT,False
col_19663fbe37bd50ee8eff60a93705eb35,2023-06,0.0,,,,,,,,False,True,2,12.388116192668077,,,STATIC_CURRENT_SNAPSHOT,False
col_19663fbe37bd50ee8eff60a93705eb35,2023-07,0.0,,,,,,,,False,True,2,12.388116192668077,,,STATIC_CURRENT_SNAPSHOT,False
col_19663fbe37bd50ee8eff60a93705eb35,2023-08,0.0,,,,,,,,False,True,2,12.388116192668077,,,STATIC_CURRENT_SNAPSHOT,False
col_19663fbe37bd50ee8eff60a93705eb35,2023-09,0.0,,,,,,,,False,True,2,12.388116192668077,,,STATIC_CURRENT_SNAPSHOT,False
col_19663fbe37bd50ee8eff60a93705eb35,2023-10,0.0,,,,,,,,False,True,2,12.388116192668077,,,STATIC_CURRENT_SNAPSHOT,False
col_19663fbe37bd50ee8eff60a93705eb35,2023-11,0.0,,,,,,,,False,True,2,12.388116192668077,,,STATIC_CURRENT_SNAPSHOT,False
col_19663fbe37bd50ee8eff60a93705eb35,2023-12,0.0,,,,,,,,False,True,2,12.388116192668077,,,STATIC_CURRENT_SNAPSHOT,False
col_19663fbe37bd50ee8eff60a93705eb35,2024-01,0.0,,,,,,,,False,True,2,12.388116192668077,,,STATIC_CURRENT_SNAPSHOT,False
col_19663fbe37bd50ee8eff60a93705eb35,2024-02,0.0,,,,,,,,False,True,2,12.388116192668077,,,STATIC_CURRENT_SNAPSHOT,False
col_19663fbe37bd50ee8eff60a93705eb35,2024-03,0.0,,,,,,,,False,True,2,12.388116192668077,,,STATIC_CURRENT_SNAPSHOT,False
col_19663fbe37bd50ee8eff60a93705eb35,2024-04,0.0,,,,,,,,False,True,2,12.388116192668077,,,STATIC_CURRENT_SNAPSHOT,False
col_19663fbe37bd50ee8eff60a93705eb35,2024-05,0.0,,,,,,,,False,True,2,12.388116192668077,,,STATIC_CURRENT_SNAPSHOT,False
col_19663fbe37bd50ee8eff60a93705eb35,2024-06,0.0,,,,,,,,False,True,2,12.388116192668077,,,STATIC_CURRENT_SNAPSHOT,False
col_19663fbe37bd50ee8eff60a93705eb35,2024-07,0.0,,,,,,,,False,True,2,12.388116192668077,,,STATIC_CURRENT_SNAPSHOT,False
col_19663fbe37bd50ee8eff60a93705eb35,2024-08,0.0,,,,,,,,False,True,2,12.388116192668077,,,STATIC_CURRENT_SNAPSHOT,False
col_19663fbe37bd50ee8eff60a93705eb35,2024-09,0.0,,,,,,,,False,True,2,12.388116192668077,,,STATIC_CURRENT_SNAPSHOT,False
col_19663fbe37bd50ee8eff60a93705eb35,2024-10,0.0,,,,,,,,False,True,2,12.388116192668077,,,STATIC_CURRENT_SNAPSHOT,False
col_19663fbe37bd50ee8eff60a93705eb35,2024-11,0.0,,,,,,,,False,True,2,12.388116192668077,,,STATIC_CURRENT_SNAPSHOT,False
col_19663fbe37bd50ee8eff60a93705eb35,2024-12,0.0,,,,,,,,False,True,2,12.388116192668077,,,STATIC_CURRENT_SNAPSHOT,False
col_19663fbe37bd50ee8eff60a93705eb35,2025-01,0.0,,,,,,,,False,True,2,12.388116192668077,,,STATIC_CURRENT_SNAPSHOT,False
col_19663fbe37bd50ee8eff60a93705eb35,2025-02,0.0,,,,,,,,False,True,2,12.388116192668077,,,STATIC_CURRENT_SNAPSHOT,False
col_19663fbe37bd50ee8eff60a93705eb35,2025-03,0.0,,,,,,,,False,True,2,12.388116192668077,,,STATIC_CURRENT_SNAPSHOT,False
col_19663fbe37bd50ee8eff60a93705eb35,2025-04,0.0,,,,,,,,False,True,2,12.388116192668077,,,STATIC_CURRENT_SNAPSHOT,False
col_19663fbe37bd50ee8eff60a93705eb35,2025-05,0.0,,,,,,,,False,True,2,12.388116192668077,,,STATIC_CURRENT_SNAPSHOT,False
col_19663fbe37bd50ee8eff60a93705eb35,2025-06,0.0,,,,,,,,False,True,2,12.388116192668077,,,STATIC_CURRENT_SNAPSHOT,False
col_19663fbe37bd50ee8eff60a93705eb35,2025-07,0.0,,,,,,,,False,True,2,12.388116192668077,,,STATIC_CURRENT_SNAPSHOT,False
col_19663fbe37bd50ee8eff60a93705eb35,2025-08,0.0,,,,,,,,False,True,2,12.388116192668077,,,STATIC_CURRENT_SNAPSHOT,False
col_19663fbe37bd50ee8eff60a93705eb35,2025-09,0.0,,,,,,,,False,True,2,12.388116192668077,,,STATIC_CURRENT_SNAPSHOT,False
col_19663fbe37bd50ee8eff60a93705eb35,2025-10,0.0,,,,,,,,False,True,2,12.388116192668077,,,STATIC_CURRENT_SNAPSHOT,False
col_19663fbe37bd50ee8eff60a93705eb35,2025-11,0.0,,,,,,,,False,True,2,12.388116192668077,,,STATIC_CURRENT_SNAPSHOT,False
col_19663fbe37bd50ee8eff60a93705eb35,2025-12,0.0,,,,,,,,False,True,2,12.388116192668077,,,STATIC_CURRENT_SNAPSHOT,False
col_19663fbe37bd50ee8eff60a93705eb35,2026-01,0.0,,,,,,,,False,True,2,12.388116192668077,,,STATIC_CURRENT_SNAPSHOT,False
col_19663fbe37bd50ee8eff60a93705eb35,2026-02,0.0,,,,,,,,False,True,2,12.388116192668077,,,STATIC_CURRENT_SNAPSHOT,False
col_19663fbe37bd50ee8eff60a93705eb35,2026-03,0.0,,,,,,,,False,True,2,12.388116192668077,,,STATIC_CURRENT_SNAPSHOT,False
col_19663fbe37bd50ee8eff60a93705eb35,2026-04,0.0,,,,,,,,False,True,2,12.388116192668077,,,STATIC_CURRENT_SNAPSHOT,False
col_19663fbe37bd50ee8eff60a93705eb35,2026-05,0.0,,,,,,,,False,True,2,12.388116192668077,,,STATIC_CURRENT_SNAPSHOT,False
col_19663fbe37bd50ee8eff60a93705eb35,2026-06,0.0,,,,,,,,False,True,2,12.388116192668077,,,STATIC_CURRENT_SNAPSHOT,False
col_19663fbe37bd50ee8eff60a93705eb35,2026-07,0.0,,,,,,,,False,True,2,12.388116192668077,,,STATIC_CURRENT_SNAPSHOT,False
col_19663fbe37bd50ee8eff60a93705eb35,2026-08,0.0,,,,,,,,False,True,2,12.388116192668077,,,STATIC_CURRENT_SNAPSHOT,False
col_1fd836f8991b530f861257d28b0cb970,2023-01,,,,,,,,,False,False,1,,,,STATIC_CURRENT_SNAPSHOT,False
col_1fd836f8991b530f861257d28b0cb970,2023-02,,,,,,,,,False,False,1,,,,STATIC_CURRENT_SNAPSHOT,False
col_1fd836f8991b530f861257d28b0cb970,2023-03,,,,,,,,,False,False,1,,,,STATIC_CURRENT_SNAPSHOT,False
col_1fd836f8991b530f861257d28b0cb970,2023-04,,,,,,,,,False,False,1,,,,STATIC_CURRENT_SNAPSHOT,False
col_1fd836f8991b530f861257d28b0cb970,2023-05,,,,,,,,,False,False,1,,,,STATIC_CURRENT_SNAPSHOT,False
col_1fd836f8991b530f861257d28b0cb970,2023-06,,,,,,,,,False,False,1,,,,STATIC_CURRENT_SNAPSHOT,False
col_1fd836f8991b530f861257d28b0cb970,2023-07,,,,,,,,,False,False,1,,,,STATIC_CURRENT_SNAPSHOT,False
col_1fd836f8991b530f861257d28b0cb970,2023-08,,,,,,,,,False,False,1,,,,STATIC_CURRENT_SNAPSHOT,False
col_1fd836f8991b530f861257d28b0cb970,2023-09,,,,,,,,,False,False,1,,,,STATIC_CURRENT_SNAPSHOT,False
col_1fd836f8991b530f861257d28b0cb970,2023-10,,,,,,,,,False,False,1,,,,STATIC_CURRENT_SNAPSHOT,False
col_1fd836f8991b530f861257d28b0cb970,2023-11,,,,,,,,,False,False,1,,,,STATIC_CURRENT_SNAPSHOT,False
col_1fd836f8991b530f861257d28b0cb970,2023-12,,,,,,,,,False,False,1,,,,STATIC_CURRENT_SNAPSHOT,False
col_1fd836f8991b530f861257d28b0cb970,2024-01,,,,,,,,,False,False,1,,,,STATIC_CURRENT_SNAPSHOT,False
col_1fd836f8991b530f861257d28b0cb970,2024-02,,,,,,,,,False,False,1,,,,STATIC_CURRENT_SNAPSHOT,False
col_1fd836f8991b530f861257d28b0cb970,2024-03,,,,,,,,,False,False,1,,,,STATIC_CURRENT_SNAPSHOT,False
col_1fd836f8991b530f861257d28b0cb970,2024-04,,,,,,,,,False,False,1,,,,STATIC_CURRENT_SNAPSHOT,False
col_1fd836f8991b530f861257d28b0cb970,2024-05,,,,,,,,,False,False,1,,,,STATIC_CURRENT_SNAPSHOT,False
col_1fd836f8991b530f861257d28b0cb970,2024-06,,,,,,,,,False,False,1,,,,STATIC_CURRENT_SNAPSHOT,False
col_1fd836f8991b530f861257d28b0cb970,2024-07,,,,,,,,,False,False,1,,,,STATIC_CURRENT_SNAPSHOT,False
col_1fd836f8991b530f861257d28b0cb970,2024-08,,,,,,,,,False,False,1,,,,STATIC_CURRENT_SNAPSHOT,False
col_1fd836f8991b530f861257d28b0cb970,2024-09,,,,,,,,,False,False,1,,,,STATIC_CURRENT_SNAPSHOT,False
col_1fd836f8991b530f861257d28b0cb970,2024-10,,,,,,,,,False,False,1,,,,STATIC_CURRENT_SNAPSHOT,False
col_1fd836f8991b530f861257d28b0cb970,2024-11,,,,,,,,,False,False,1,,,,STATIC_CURRENT_SNAPSHOT,False
col_1fd836f8991b530f861257d28b0cb970,2024-12,,,,,,,,,False,False,1,,,,STATIC_CURRENT_SNAPSHOT,False
col_1fd836f8991b530f861257d28b0cb970,2025-01,,,,,,,,,False,False,1,,,,STATIC_CURRENT_SNAPSHOT,False
col_1fd836f8991b530f861257d28b0cb970,2025-02,,,,,,,,,False,False,1,,,,STATIC_CURRENT_SNAPSHOT,False
col_1fd836f8991b530f861257d28b0cb970,2025-03,,,,,,,,,False,False,1,,,,STATIC_CURRENT_SNAPSHOT,False
col_1fd836f8991b530f861257d28b0cb970,2025-04,,,,,,,,,False,False,1,,,,STATIC_CURRENT_SNAPSHOT,False
col_1fd836f8991b530f861257d28b0cb970,2025-05,,,,,,,,,False,False,1,,,,STATIC_CURRENT_SNAPSHOT,False
col_1fd836f8991b530f861257d28b0cb970,2025-06,,,,,,,,,False,False,1,,,,STATIC_CURRENT_SNAPSHOT,False
col_1fd836f8991b530f861257d28b0cb970,2025-07,,,,,,,,,False,False,1,,,,STATIC_CURRENT_SNAPSHOT,False
col_1fd836f8991b530f861257d28b0cb970,2025-08,,,,,,,,,False,False,1,,,,STATIC_CURRENT_SNAPSHOT,False
col_1fd836f8991b530f861257d28b0cb970,2025-09,,,,,,,,,False,False,1,,,,STATIC_CURRENT_SNAPSHOT,False
col_1fd836f8991b530f861257d28b0cb970,2025-10,,,,,,,,,False,False,1,,,,STATIC_CURRENT_SNAPSHOT,False
col_1fd836f8991b530f861257d28b0cb970,2025-11,,,,,,,,,False,False,1,,,,STATIC_CURRENT_SNAPSHOT,False
col_1fd836f8991b530f861257d28b0cb970,2025-12,,,,,,,,,False,False,1,,,,STATIC_CURRENT_SNAPSHOT,False
col_1fd836f8991b530f861257d28b0cb970,2026-01,,,,,,,,,False,False,1,,,,STATIC_CURRENT_SNAPSHOT,False
col_1fd836f8991b530f861257d28b0cb970,2026-02,,,,,,,,,False,False,1,,,,STATIC_CURRENT_SNAPSHOT,False
col_1fd836f8991b530f861257d28b0cb970,2026-03,,,,,,,,,False,False,1,,,,STATIC_CURRENT_SNAPSHOT,False
col_1fd836f8991b530f861257d28b0cb970,2026-04,,,,,,,,,False,False,1,,,,STATIC_CURRENT_SNAPSHOT,False
col_1fd836f8991b530f861257d28b0cb970,2026-05,,,,,,,,,False,False,1,,,,STATIC_CURRENT_SNAPSHOT,False
col_1fd836f8991b530f861257d28b0cb970,2026-06,,,,,,,,,False,False,1,,,,STATIC_CURRENT_SNAPSHOT,False
col_1fd836f8991b530f861257d28b0cb970,2026-07,,,,,,,,,False,False,1,,,,STATIC_CURRENT_SNAPSHOT,False
col_1fd836f8991b530f861257d28b0cb970,2026-08,,,,,,,,,False,False,1,,,,STATIC_CURRENT_SNAPSHOT,False
col_2006d9e5f6975534a01a4ae3d0063ec1,2023-01,2.0,,,,0.0,0.0,0.0,0.0,False,True,2,6.123569017024187,3.0,6.2552007443633535,STATIC_CURRENT_SNAPSHOT,False
col_2006d9e5f6975534a01a4ae3d0063ec1,2023-02,2.0,,,,0.0,0.0,0.0,0.0,False,True,2,6.123569017024187,3.0,6.2552007443633535,STATIC_CURRENT_SNAPSHOT,False
col_2006d9e5f6975534a01a4ae3d0063ec1,2023-03,2.0,,,,0.0,0.0,0.0,0.0,False,True,2,6.123569017024187,3.0,6.2552007443633535,STATIC_CURRENT_SNAPSHOT,False
col_2006d9e5f6975534a01a4ae3d0063ec1,2023-04,2.0,,,,0.0,0.0,0.0,0.0,False,True,2,6.123569017024187,3.0,6.2552007443633535,STATIC_CURRENT_SNAPSHOT,False
col_2006d9e5f6975534a01a4ae3d0063ec1,2023-05,2.0,,,,0.0,0.0,0.0,0.0,False,True,2,6.123569017024187,3.0,6.2552007443633535,STATIC_CURRENT_SNAPSHOT,False
col_2006d9e5f6975534a01a4ae3d0063ec1,2023-06,2.0,1.0,,,1.0,0.5,0.0,0.0,True,True,2,6.123569017024187,3.0,6.2552007443633535,STATIC_CURRENT_SNAPSHOT,False
col_2006d9e5f6975534a01a4ae3d0063ec1,2023-07,2.0,3189.0,5385.0,,2.0,1.0,0.5,0.0,True,True,2,6.123569017024187,3.0,6.2552007443633535,STATIC_CURRENT_SNAPSHOT,False
col_2006d9e5f6975534a01a4ae3d0063ec1,2023-08,2.0,3933.5,0.2286925182372459,4014.0,2.0,1.0,1.0,0.5,True,True,2,6.123569017024187,3.0,6.2552007443633535,STATIC_CURRENT_SNAPSHOT,False
col_2006d9e5f6975534a01a4ae3d0063ec1,2023-09,2.0,5457.0,0.3240751761126526,4193.166666666667,2.0,1.0,1.0,1.0,True,True,2,6.123569017024187,3.0,6.2552007443633535,STATIC_CURRENT_SNAPSHOT,False
col_2006d9e5f6975534a01a4ae3d0063ec1,2023-10,2.0,7489.0,0.520676975417594,5626.5,2.0,1.0,1.0,1.0,True,True,2,6.123569017024187,3.0,6.2552007443633535,STATIC_CURRENT_SNAPSHOT,False
col_2006d9e5f6975534a01a4ae3d0063ec1,2023-11,2.0,7942.0,0.10631125952546105,6962.666666666667,2.0,1.0,1.0,1.0,True,True,2,6.123569017024187,3.0,6.2552007443633535,STATIC_CURRENT_SNAPSHOT,False
col_2006d9e5f6975534a01a4ae3d0063ec1,2023-12,2.0,7761.0,-0.07055747986334729,7730.666666666667,2.0,1.0,1.0,1.0,True,True,2,6.123569017024187,3.0,6.2552007443633535,STATIC_CURRENT_SNAPSHOT,False
col_2006d9e5f6975534a01a4ae3d0063ec1,2024-01,2.0,6045.5,-0.22135883923842054,7249.5,2.0,1.0,1.0,1.0,True,True,2,6.123569017024187,3.0,6.2552007443633535,STATIC_CURRENT_SNAPSHOT,False
col_2006d9e5f6975534a01a4ae3d0063ec1,2024-02,2.0,2425.0,0.2064676616915423,2339.3333333333335,1.0,0.5,0.5,0.5,True,True,2,6.123569017024187,3.0,6.2552007443633535,STATIC_CURRENT_SNAPSHOT,False
col_2006d9e5f6975534a01a4ae3d0063ec1,2024-03,2.0,10015.0,0.38475831200993904,7846.0,2.0,1.0,1.0,1.0,True,True,2,6.123569017024187,3.0,6.2552007443633535,STATIC_CURRENT_SNAPSHOT,False
col_2006d9e5f6975534a01a4ae3d0063ec1,2024-04,2.0,4170.0,0.18432263561488213,3372.0,1.0,0.5,0.5,0.5,True,True,2,6.123569017024187,3.0,6.2552007443633535,STATIC_CURRENT_SNAPSHOT,False
col_2006d9e5f6975534a01a4ae3d0063ec1,2024-05,2.0,11054.5,0.04299799301846591,10722.666666666666,2.0,1.0,1.0,1.0,True,True,2,6.123569017024187,3.0,6.2552007443633535,STATIC_CURRENT_SNAPSHOT,False
col_2006d9e5f6975534a01a4ae3d0063ec1,2024-06,2.0,4606.0,-0.012223890199442419,4479.666666666667,1.0,0.5,0.5,0.5,True,True,2,6.123569017024187,3.0,6.2552007443633535,STATIC_CURRENT_SNAPSHOT,False
col_2006d9e5f6975534a01a4ae3d0063ec1,2024-07,2.0,11503.5,-0.10312582427077228,11819.5,2.0,1.0,1.0,1.0,True,True,2,6.123569017024187,3.0,6.2552007443633535,STATIC_CURRENT_SNAPSHOT,False
col_2006d9e5f6975534a01a4ae3d0063ec1,2024-08,2.0,8468.5,-0.30590440370615984,10957.5,2.0,1.0,1.0,1.0,True,True,2,6.123569017024187,3.0,6.2552007443633535,STATIC_CURRENT_SNAPSHOT,False
col_2006d9e5f6975534a01a4ae3d0063ec1,2024-09,2.0,2553.0,-0.02482811306340718,3113.0,1.0,0.5,0.5,0.5,True,True,2,6.123569017024187,3.0,6.2552007443633535,STATIC_CURRENT_SNAPSHOT,False
col_2006d9e5f6975534a01a4ae3d0063ec1,2024-10,2.0,13065.5,0.47126753511675756,10304.666666666666,2.0,1.0,1.0,1.0,True,True,2,6.123569017024187,3.0,6.2552007443633535,STATIC_CURRENT_SNAPSHOT,False
col_2006d9e5f6975534a01a4ae3d0063ec1,2024-11,2.0,,,,0.0,0.0,0.0,0.0,False,True,2,6.123569017024187,3.0,6.2552007443633535,STATIC_CURRENT_SNAPSHOT,False
col_2006d9e5f6975534a01a4ae3d0063ec1,2024-12,2.0,13236.0,,,2.0,1.0,0.0,0.0,True,True,2,6.123569017024187,3.0,6.2552007443633535,STATIC_CURRENT_SNAPSHOT,False
col_2006d9e5f6975534a01a4ae3d0063ec1,2025-01,2.0,9495.0,-0.3123433866730083,,2.0,1.0,1.0,0.0,True,True,2,6.123569017024187,3.0,6.2552007443633535,STATIC_CURRENT_SNAPSHOT,False
col_2006d9e5f6975534a01a4ae3d0063ec1,2025-02,2.0,,,,0.0,0.0,0.0,0.0,False,True,2,6.123569017024187,3.0,6.2552007443633535,STATIC_CURRENT_SNAPSHOT,False
col_2006d9e5f6975534a01a4ae3d0063ec1,2025-03,2.0,11176.0,0.15927055654651556,10092.333333333334,2.0,1.0,1.0,1.0,True,True,2,6.123569017024187,3.0,6.2552007443633535,STATIC_CURRENT_SNAPSHOT,False
col_2006d9e5f6975534a01a4ae3d0063ec1,2025-04,2.0,5017.0,0.4176320994631252,3875.0,1.0,0.5,0.5,0.5,True,True,2,6.123569017024187,3.0,6.2552007443633535,STATIC_CURRENT_SNAPSHOT,False
col_2006d9e5f6975534a01a4ae3d0063ec1,2025-05,2.0,9147.0,-0.22898571401999906,10782.5,2.0,1.0,1.0,1.0,True,True,2,6.123569017024187,3.0,6.2552007443633535,STATIC_CURRENT_SNAPSHOT,False
col_2006d9e5f6975534a01a4ae3d0063ec1,2025-06,2.0,10691.5,0.13526480496050264,10621.0,2.0,1.0,1.0,1.0,True,True,2,6.123569017024187,3.0,6.2552007443633535,STATIC_CURRENT_SNAPSHOT,False
col_2006d9e5f6975534a01a4ae3d0063ec1,2025-07,2.0,4124.0,-0.03147017379051198,4113.0,1.0,0.5,0.5,0.5,True,True,2,6.123569017024187,3.0,6.2552007443633535,STATIC_CURRENT_SNAPSHOT,False
col_2006d9e5f6975534a01a4ae3d0063ec1,2025-08,2.0,8813.0,-0.2372663190605999,10108.5,2.0,1.0,1.0,1.0,True,True,2,6.123569017024187,3.0,6.2552007443633535,STATIC_CURRENT_SNAPSHOT,False
col_2006d9e5f6975534a01a4ae3d0063ec1,2025-09,2.0,9541.0,0.024348711884998913,9725.0,2.0,1.0,1.0,1.0,True,True,2,6.123569017024187,3.0,6.2552007443633535,STATIC_CURRENT_SNAPSHOT,False
col_2006d9e5f6975534a01a4ae3d0063ec1,2025-10,2.0,4310.0,0.6387832699619772,3247.0,1.0,0.5,0.5,0.5,True,True,2,6.123569017024187,3.0,6.2552007443633535,STATIC_CURRENT_SNAPSHOT,False
col_2006d9e5f6975534a01a4ae3d0063ec1,2025-11,2.0,3921.0,-0.09025522041763341,3620.3333333333335,1.0,0.5,0.5,0.5,True,True,2,6.123569017024187,3.0,6.2552007443633535,STATIC_CURRENT_SNAPSHOT,False
col_2006d9e5f6975534a01a4ae3d0063ec1,2025-12,2.0,10542.0,-0.12376853250089515,11210.666666666666,2.0,1.0,1.0,1.0,True,True,2,6.123569017024187,3.0,6.2552007443633535,STATIC_CURRENT_SNAPSHOT,False
col_2006d9e5f6975534a01a4ae3d0063ec1,2026-01,2.0,9023.0,-0.1404086735498596,10425.666666666666,2.0,1.0,1.0,1.0,True,True,2,6.123569017024187,3.0,6.2552007443633535,STATIC_CURRENT_SNAPSHOT,False
col_2006d9e5f6975534a01a4ae3d0063ec1,2026-02,2.0,9136.5,-0.0502576855405162,9567.166666666666,2.0,1.0,1.0,1.0,True,True,2,6.123569017024187,3.0,6.2552007443633535,STATIC_CURRENT_SNAPSHOT,False
col_2006d9e5f6975534a01a4ae3d0063ec1,2026-03,2.0,11133.5,0.3371182698673315,9764.333333333334,2.0,1.0,1.0,1.0,True,True,2,6.123569017024187,3.0,6.2552007443633535,STATIC_CURRENT_SNAPSHOT,False
col_2006d9e5f6975534a01a4ae3d0063ec1,2026-04,2.0,,,,0.0,0.0,0.0,0.0,False,True,2,6.123569017024187,3.0,6.2552007443633535,STATIC_CURRENT_SNAPSHOT,False
col_2006d9e5f6975534a01a4ae3d0063ec1,2026-05,2.0,9528.0,-0.1308623298033283,3692.6666666666665,2.0,1.0,0.5,0.5,True,True,2,6.123569017024187,3.0,6.2552007443633535,STATIC_CURRENT_SNAPSHOT,False
col_2006d9e5f6975534a01a4ae3d0063ec1,2026-06,2.0,9846.5,-0.03271491347435683,3463.3333333333335,2.0,1.0,1.0,0.5,True,True,2,6.123569017024187,3.0,6.2552007443633535,STATIC_CURRENT_SNAPSHOT,False
col_2006d9e5f6975534a01a4ae3d0063ec1,2026-07,2.0,1707.0,-0.42660396372186765,2710.3333333333335,1.0,0.5,0.5,0.5,True,True,2,6.123569017024187,3.0,6.2552007443633535,STATIC_CURRENT_SNAPSHOT,False
col_2006d9e5f6975534a01a4ae3d0063ec1,2026-08,2.0,6577.5,-0.2559338255926885,8270.333333333332,2.0,1.0,1.0,1.0,True,True,2,6.123569017024187,3.0,6.2552007443633535,STATIC_CURRENT_SNAPSHOT,False
col_218c753a6a38548aa02718260c2caef7,2023-01,3.0,,,,0.0,0.0,0.0,0.0,False,True,1,1.8954126149944892,9.0,10.934338370008664,STATIC_CURRENT_SNAPSHOT,False
col_218c753a6a38548aa02718260c2caef7,2023-02,3.0,,,,0.0,0.0,0.0,0.0,False,True,1,1.8954126149944892,9.0,10.934338370008664,STATIC_CURRENT_SNAPSHOT,False
col_218c753a6a38548aa02718260c2caef7,2023-03,3.0,,,,0.0,0.0,0.0,0.0,False,True,1,1.8954126149944892,9.0,10.934338370008664,STATIC_CURRENT_SNAPSHOT,False
col_218c753a6a38548aa02718260c2caef7,2023-04,3.0,,,,0.0,0.0,0.0,0.0,False,True,1,1.8954126149944892,9.0,10.934338370008664,STATIC_CURRENT_SNAPSHOT,False
col_218c753a6a38548aa02718260c2caef7,2023-05,3.0,,,,0.0,0.0,0.0,0.0,False,True,1,1.8954126149944892,9.0,10.934338370008664,STATIC_CURRENT_SNAPSHOT,False
col_218c753a6a38548aa02718260c2caef7,2023-06,3.0,,,,0.0,0.0,0.0,0.0,False,True,1,1.8954126149944892,9.0,10.934338370008664,STATIC_CURRENT_SNAPSHOT,False
col_218c753a6a38548aa02718260c2caef7,2023-07,3.0,,,,0.0,0.0,0.0,0.0,False,True,1,1.8954126149944892,9.0,10.934338370008664,STATIC_CURRENT_SNAPSHOT,False
col_218c753a6a38548aa02718260c2caef7,2023-08,3.0,,,,0.0,0.0,0.0,0.0,False,True,1,1.8954126149944892,9.0,10.934338370008664,STATIC_CURRENT_SNAPSHOT,False
col_218c753a6a38548aa02718260c2caef7,2023-09,3.0,,,,0.0,0.0,0.0,0.0,False,True,1,1.8954126149944892,9.0,10.934338370008664,STATIC_CURRENT_SNAPSHOT,False
col_218c753a6a38548aa02718260c2caef7,2023-10,3.0,,,,0.0,0.0,0.0,0.0,False,True,1,1.8954126149944892,9.0,10.934338370008664,STATIC_CURRENT_SNAPSHOT,False
col_218c753a6a38548aa02718260c2caef7,2023-11,3.0,,,,0.0,0.0,0.0,0.0,False,True,1,1.8954126149944892,9.0,10.934338370008664,STATIC_CURRENT_SNAPSHOT,False
col_218c753a6a38548aa02718260c2caef7,2023-12,3.0,854.5,,,2.0,0.6666666666666666,0.0,0.0,True,True,1,1.8954126149944892,9.0,10.934338370008664,STATIC_CURRENT_SNAPSHOT,False
col_218c753a6a38548aa02718260c2caef7,2024-01,3.0,3575.5,2.972001030737424,,2.0,0.6666666666666666,0.6666666666666666,0.0,True,True,1,1.8954126149944892,9.0,10.934338370008664,STATIC_CURRENT_SNAPSHOT,False
col_218c753a6a38548aa02718260c2caef7,2024-02,3.0,5727.0,0.6238164134314599,3385.6666666666665,2.0,0.6666666666666666,0.6666666666666666,0.6666666666666666,True,True,1,1.8954126149944892,9.0,10.934338370008664,STATIC_CURRENT_SNAPSHOT,False
col_218c753a6a38548aa02718260c2caef7,2024-03,3.0,7349.0,0.3495726776148362,5550.5,2.0,0.6666666666666666,0.6666666666666666,0.6666666666666666,True,True,1,1.8954126149944892,9.0,10.934338370008664,STATIC_CURRENT_SNAPSHOT,False
col_218c753a6a38548aa02718260c2caef7,2024-04,3.0,6601.333333333333,5.092598965895005,7173.166666666667,3.0,1.0,1.0,0.6666666666666666,True,True,1,1.8954126149944892,9.0,10.934338370008664,STATIC_CURRENT_SNAPSHOT,False
col_218c753a6a38548aa02718260c2caef7,2024-05,3.0,7252.333333333332,0.1314422924145747,6271.444444444444,3.0,1.0,1.0,1.0,True,True,1,1.8954126149944892,9.0,10.934338370008664,STATIC_CURRENT_SNAPSHOT,False
col_218c753a6a38548aa02718260c2caef7,2024-06,3.0,4044.0,0.1125171939477304,3532.0,1.0,0.3333333333333333,0.3333333333333333,0.3333333333333333,True,True,1,1.8954126149944892,9.0,10.934338370008664,STATIC_CURRENT_SNAPSHOT,False
col_218c753a6a38548aa02718260c2caef7,2024-07,3.0,7480.999999999999,-0.06317439326786212,7546.333333333333,3.0,1.0,1.0,1.0,True,True,1,1.8954126149944892,9.0,10.934338370008664,STATIC_CURRENT_SNAPSHOT,False
col_218c753a6a38548aa02718260c2caef7,2024-08,3.0,7200.666666666666,-0.0331702838982221,7529.11111111111,3.0,1.0,1.0,1.0,True,True,1,1.8954126149944892,9.0,10.934338370008664,STATIC_CURRENT_SNAPSHOT,False
col_218c753a6a38548aa02718260c2caef7,2024-09,3.0,7984.5,0.09556739245030717,7513.333333333333,2.0,0.6666666666666666,0.6666666666666666,0.6666666666666666,True,True,1,1.8954126149944892,9.0,10.934338370008664,STATIC_CURRENT_SNAPSHOT,False
col_218c753a6a38548aa02718260c2caef7,2024-10,3.0,8458.333333333332,0.041210551870399986,7865.555555555555,3.0,1.0,1.0,1.0,True,True,1,1.8954126149944892,9.0,10.934338370008664,STATIC_CURRENT_SNAPSHOT,False
col_218c753a6a38548aa02718260c2caef7,2024-11,3.0,,,,0.0,0.0,0.0,0.0,False,True,1,1.8954126149944892,9.0,10.934338370008664,STATIC_CURRENT_SNAPSHOT,False
col_218c753a6a38548aa02718260c2caef7,2024-12,3.0,6279.0,,,2.0,0.6666666666666666,0.0,0.0,True,True,1,1.8954126149944892,9.0,10.934338370008664,STATIC_CURRENT_SNAPSHOT,False
col_218c753a6a38548aa02718260c2caef7,2025-01,3.0,7871.0,-0.1057521644498708,,3.0,1.0,1.0,0.0,True,True,1,1.8954126149944892,9.0,10.934338370008664,STATIC_CURRENT_SNAPSHOT,False
col_218c753a6a38548aa02718260c2caef7,2025-02,3.0,6096.0,0.08629602519505626,5988.0,2.0,0.6666666666666666,0.6666666666666666,0.6666666666666666,True,True,1,1.8954126149944892,9.0,10.934338370008664,STATIC_CURRENT_SNAPSHOT,False
col_218c753a6a38548aa02718260c2caef7,2025-03,3.0,3835.9999999999995,-0.05610236220472441,3896.3333333333335,1.0,0.3333333333333333,0.3333333333333333,0.3333333333333333,True,True,1,1.8954126149944892,9.0,10.934338370008664,STATIC_CURRENT_SNAPSHOT,False
col_218c753a6a38548aa02718260c2caef7,2025-04,3.0,9009.0,0.04503556271809446,8796.888888888889,3.0,1.0,1.0,1.0,True,True,1,1.8954126149944892,9.0,10.934338370008664,STATIC_CURRENT_SNAPSHOT,False
col_218c753a6a38548aa02718260c2caef7,2025-05,3.0,5868.5,-0.057630981651264415,6030.666666666667,2.0,0.6666666666666666,0.6666666666666666,0.6666666666666666,True,True,1,1.8954126149944892,9.0,10.934338370008664,STATIC_CURRENT_SNAPSHOT,False
col_218c753a6a38548aa02718260c2caef7,2025-06,3.0,5743.0,0.0011541158495169852,5952.666666666667,2.0,0.6666666666666666,0.6666666666666666,0.6666666666666666,True,True,1,1.8954126149944892,9.0,10.934338370008664,STATIC_CURRENT_SNAPSHOT,False
col_218c753a6a38548aa02718260c2caef7,2025-07,3.0,7705.5,-0.1621157541509642,8716.000000000002,2.0,0.6666666666666666,0.6666666666666666,0.6666666666666666,True,True,1,1.8954126149944892,9.0,10.934338370008664,STATIC_CURRENT_SNAPSHOT,False
col_218c753a6a38548aa02718260c2caef7,2025-08,3.0,8313.333333333334,0.1318056551566646,8080.333333333333,3.0,1.0,1.0,1.0,True,True,1,1.8954126149944892,9.0,10.934338370008664,STATIC_CURRENT_SNAPSHOT,False
col_218c753a6a38548aa02718260c2caef7,2025-09,3.0,3841.9999999999995,-0.040938592111832255,3859.9999999999995,1.0,0.3333333333333333,0.3333333333333333,0.3333333333333333,True,True,1,1.8954126149944892,9.0,10.934338370008664,STATIC_CURRENT_SNAPSHOT,False
col_218c753a6a38548aa02718260c2caef7,2025-10,3.0,3880.0,0.00989068193649141,3909.3333333333335,1.0,0.3333333333333333,0.3333333333333333,0.3333333333333333,True,True,1,1.8954126149944892,9.0,10.934338370008664,STATIC_CURRENT_SNAPSHOT,False
col_218c753a6a38548aa02718260c2caef7,2025-11,3.0,9103.5,0.06167326087211874,3931.6666666666665,2.0,0.6666666666666666,0.6666666666666666,0.3333333333333333,True,True,1,1.8954126149944892,9.0,10.934338370008664,STATIC_CURRENT_SNAPSHOT,False
col_218c753a6a38548aa02718260c2caef7,2025-12,3.0,7789.999999999999,-0.0929827284270365,8154.777777777777,3.0,1.0,1.0,1.0,True,True,1,1.8954126149944892,9.0,10.934338370008664,STATIC_CURRENT_SNAPSHOT,False
col_218c753a6a38548aa02718260c2caef7,2026-01,3.0,7103.666666666666,-0.07845167122030057,7853.333333333333,3.0,1.0,1.0,1.0,True,True,1,1.8954126149944892,9.0,10.934338370008664,STATIC_CURRENT_SNAPSHOT,False
col_218c753a6a38548aa02718260c2caef7,2026-02,3.0,7533.666666666666,0.05621995690395337,7475.777777777777,3.0,1.0,1.0,1.0,True,True,1,1.8954126149944892,9.0,10.934338370008664,STATIC_CURRENT_SNAPSHOT,False
col_218c753a6a38548aa02718260c2caef7,2026-03,3.0,3676.9999999999995,-0.03032700421940928,3717.3333333333335,1.0,0.3333333333333333,0.3333333333333333,0.3333333333333333,True,True,1,1.8954126149944892,9.0,10.934338370008664,STATIC_CURRENT_SNAPSHOT,False
col_218c753a6a38548aa02718260c2caef7,2026-04,3.0,8908.0,0.13425545892670912,8339.166666666668,2.0,0.6666666666666666,0.6666666666666666,0.6666666666666666,True,True,1,1.8954126149944892,9.0,10.934338370008664,STATIC_CURRENT_SNAPSHOT,False
col_218c753a6a38548aa02718260c2caef7,2026-05,3.0,8052.666666666665,-0.06455907116271778,8067.888888888889,3.0,1.0,1.0,1.0,True,True,1,1.8954126149944892,9.0,10.934338370008664,STATIC_CURRENT_SNAPSHOT,False
col_218c753a6a38548aa02718260c2caef7,2026-06,3.0,8155.999999999999,0.027547023648013837,8214.0,3.0,1.0,1.0,1.0,True,True,1,1.8954126149944892,9.0,10.934338370008664,STATIC_CURRENT_SNAPSHOT,False
col_218c753a6a38548aa02718260c2caef7,2026-07,3.0,5097.0,-0.09767764750867448,5413.0,2.0,0.6666666666666666,0.6666666666666666,0.6666666666666666,True,True,1,1.8954126149944892,9.0,10.934338370008664,STATIC_CURRENT_SNAPSHOT,False
col_218c753a6a38548aa02718260c2caef7,2026-08,3.0,7861.666666666666,0.03477683597021607,7876.11111111111,3.0,1.0,1.0,1.0,True,True,1,1.8954126149944892,9.0,10.934338370008664,STATIC_CURRENT_SNAPSHOT,False
col_21faee63d17e537f90a501b5c0313a20,2023-01,3.0,,,,0.0,0.0,0.0,0.0,False,True,5,9.099472717227359,21.0,5.855910641795316,STATIC_CURRENT_SNAPSHOT,False
col_21faee63d17e537f90a501b5c0313a20,2023-02,3.0,,,,0.0,0.0,0.0,0.0,False,True,5,9.099472717227359,21.0,5.855910641795316,STATIC_CURRENT_SNAPSHOT,False
col_21faee63d17e537f90a501b5c0313a20,2023-03,3.0,305.0,,,1.0,0.3333333333333333,0.0,0.0,True,True,5,9.099472717227359,21.0,5.855910641795316,STATIC_CURRENT_SNAPSHOT,False
col_21faee63d17e537f90a501b5c0313a20,2023-04,3.0,,,,0.0,0.0,0.0,0.0,False,True,5,9.099472717227359,21.0,5.855910641795316,STATIC_CURRENT_SNAPSHOT,False
col_21faee63d17e537f90a501b5c0313a20,2023-05,3.0,,,,0.0,0.0,0.0,0.0,False,True,5,9.099472717227359,21.0,5.855910641795316,STATIC_CURRENT_SNAPSHOT,False
col_21faee63d17e537f90a501b5c0313a20,2023-06,3.0,4591.5,0.03873778405745908,8165.333333333332,2.0,0.6666666666666666,0.3333333333333333,0.3333333333333333,True,True,5,9.099472717227359,21.0,5.855910641795316,STATIC_CURRENT_SNAPSHOT,False
col_21faee63d17e537f90a501b5c0313a20,2023-07,3.0,2676.0,6.4127423822714675,,1.0,0.3333333333333333,0.3333333333333333,0.0,True,True,5,9.099472717227359,21.0,5.855910641795316,STATIC_CURRENT_SNAPSHOT,False
col_21faee63d17e537f90a501b5c0313a20,2023-08,3.0,6878.0,0.16525488864683388,5854.166666666666,2.0,0.6666666666666666,0.6666666666666666,0.6666666666666666,True,True,5,9.099472717227359,21.0,5.855910641795316,STATIC_CURRENT_SNAPSHOT,False
col_21faee63d17e537f90a501b5c0313a20,2023-09,3.0,8069.499999999999,0.18028269579482836,7013.499999999999,2.0,0.6666666666666666,0.6666666666666666,0.6666666666666666,True,True,5,9.099472717227359,21.0,5.855910641795316,STATIC_CURRENT_SNAPSHOT,False
col_21faee63d17e537f90a501b5c0313a20,2023-10,3.0,4445.0,0.13104325699745548,3889.0,1.0,0.3333333333333333,0.3333333333333333,0.3333333333333333,True,True,5,9.099472717227359,21.0,5.855910641795316,STATIC_CURRENT_SNAPSHOT,False
col_21faee63d17e537f90a501b5c0313a20,2023-11,3.0,3062.0,0.2152980877390326,4592.333333333333,2.0,0.6666666666666666,0.3333333333333333,0.3333333333333333,True,True,5,9.099472717227359,21.0,5.855910641795316,STATIC_CURRENT_SNAPSHOT,False
col_21faee63d17e537f90a501b5c0313a20,2023-12,3.0,3629.5,0.6450199013189944,5161.333333333333,2.0,0.6666666666666666,0.6666666666666666,0.3333333333333333,True,True,5,9.099472717227359,21.0,5.855910641795316,STATIC_CURRENT_SNAPSHOT,False
col_21faee63d17e537f90a501b5c0313a20,2024-01,3.0,8472.0,-0.1533320412806421,9114.888888888889,3.0,1.0,1.0,1.0,True,True,5,9.099472717227359,21.0,5.855910641795316,STATIC_CURRENT_SNAPSHOT,False
col_21faee63d17e537f90a501b5c0313a20,2024-02,3.0,5074.5,0.9494916847858025,3929.833333333333,2.0,0.6666666666666666,0.6666666666666666,0.6666666666666666,True,True,5,9.099472717227359,21.0,5.855910641795316,STATIC_CURRENT_SNAPSHOT,False
col_21faee63d17e537f90a501b5c0313a20,2024-03,3.0,5864.499999999999,0.19788439117494244,4674.833333333334,2.0,0.6666666666666666,0.6666666666666666,0.6666666666666666,True,True,5,9.099472717227359,21.0,5.855910641795316,STATIC_CURRENT_SNAPSHOT,False
col_21faee63d17e537f90a501b5c0313a20,2024-04,3.0,20837.0,0.11105996357018924,18519.500000000004,2.0,0.6666666666666666,0.6666666666666666,0.6666666666666666,True,True,5,9.099472717227359,21.0,5.855910641795316,STATIC_CURRENT_SNAPSHOT,False
col_21faee63d17e537f90a501b5c0313a20,2024-05,3.0,6585.999999999999,0.07372845686050318,6240.0,2.0,0.6666666666666666,0.6666666666666666,0.6666666666666666,True,True,5,9.099472717227359,21.0,5.855910641795316,STATIC_CURRENT_SNAPSHOT,False
col_21faee63d17e537f90a501b5c0313a20,2024-06,3.0,7380.0,-0.01757188498402556,7536.999999999999,1.0,0.3333333333333333,0.3333333333333333,0.3333333333333333,True,True,5,9.099472717227359,21.0,5.855910641795316,STATIC_CURRENT_SNAPSHOT,False
col_21faee63d17e537f90a501b5c0313a20,2024-07,3.0,16660.666666666668,-0.09627720878238749,17579.22222222222,3.0,1.0,1.0,1.0,True,True,5,9.099472717227359,21.0,5.855910641795316,STATIC_CURRENT_SNAPSHOT,False
col_21faee63d17e537f90a501b5c0313a20,2024-08,3.0,6090.5,-0.019086903053904487,6386.166666666665,2.0,0.6666666666666666,0.6666666666666666,0.6666666666666666,True,True,5,9.099472717227359,21.0,5.855910641795316,STATIC_CURRENT_SNAPSHOT,False
col_21faee63d17e537f90a501b5c0313a20,2024-09,3.0,,,,0.0,0.0,0.0,0.0,False,True,5,9.099472717227359,21.0,5.855910641795316,STATIC_CURRENT_SNAPSHOT,False
col_21faee63d17e537f90a501b5c0313a20,2024-10,3.0,17418.333333333332,0.019805064817257627,16690.88888888889,3.0,1.0,1.0,1.0,True,True,5,9.099472717227359,21.0,5.855910641795316,STATIC_CURRENT_SNAPSHOT,False
col_21faee63d17e537f90a501b5c0313a20,2024-11,3.0,,,,0.0,0.0,0.0,0.0,False,True,5,9.099472717227359,21.0,5.855910641795316,STATIC_CURRENT_SNAPSHOT,False
col_21faee63d17e537f90a501b5c0313a20,2024-12,3.0,7568.499999999999,,,2.0,0.6666666666666666,0.0,0.0,True,True,5,9.099472717227359,21.0,5.855910641795316,STATIC_CURRENT_SNAPSHOT,False
col_21faee63d17e537f90a501b5c0313a20,2025-01,3.0,6297.0,-0.17019290499918685,,2.0,0.6666666666666666,0.6666666666666666,0.0,True,True,5,9.099472717227359,21.0,5.855910641795316,STATIC_CURRENT_SNAPSHOT,False
col_21faee63d17e537f90a501b5c0313a20,2025-02,3.0,6309.999999999999,0.12197724039829302,6327.666666666667,1.0,0.3333333333333333,0.3333333333333333,0.3333333333333333,True,True,5,9.099472717227359,21.0,5.855910641795316,STATIC_CURRENT_SNAPSHOT,False
col_21faee63d17e537f90a501b5c0313a20,2025-03,3.0,22197.5,0.04054002105613849,21252.833333333332,2.0,0.6666666666666666,0.6666666666666666,0.6666666666666666,True,True,5,9.099472717227359,21.0,5.855910641795316,STATIC_CURRENT_SNAPSHOT,False
col_21faee63d17e537f90a501b5c0313a20,2025-04,3.0,7509.5,0.12365039603845573,6983.833333333333,2.0,0.6666666666666666,0.6666666666666666,0.6666666666666666,True,True,5,9.099472717227359,21.0,5.855910641795316,STATIC_CURRENT_SNAPSHOT,False
col_21faee63d17e537f90a501b5c0313a20,2025-05,3.0,6546.999999999999,-0.1281709752352561,6913.333333333333,2.0,0.6666666666666666,0.6666666666666666,0.6666666666666666,True,True,5,9.099472717227359,21.0,5.855910641795316,STATIC_CURRENT_SNAPSHOT,False
col_21faee63d17e537f90a501b5c0313a20,2025-06,3.0,6750.5,0.03108150467879119,6935.666666666666,2.0,0.6666666666666666,0.6666666666666666,0.6666666666666666,True,True,5,9.099472717227359,21.0,5.855910641795316,STATIC_CURRENT_SNAPSHOT,False
col_21faee63d17e537f90a501b5c0313a20,2025-07,3.0,5961.0,-0.10870215311004784,6398.333333333332,1.0,0.3333333333333333,0.3333333333333333,0.3333333333333333,True,True,5,9.099472717227359,21.0,5.855910641795316,STATIC_CURRENT_SNAPSHOT,False
col_21faee63d17e537f90a501b5c0313a20,2025-08,3.0,15332.666666666664,0.03718851343861717,15987.111111111111,3.0,1.0,1.0,1.0,True,True,5,9.099472717227359,21.0,5.855910641795316,STATIC_CURRENT_SNAPSHOT,False
col_21faee63d17e537f90a501b5c0313a20,2025-09,3.0,5756.0,-0.06795924584770066,5958.666666666667,2.0,0.6666666666666666,0.6666666666666666,0.6666666666666666,True,True,5,9.099472717227359,21.0,5.855910641795316,STATIC_CURRENT_SNAPSHOT,False
col_21faee63d17e537f90a501b5c0313a20,2025-10,3.0,15860.333333333332,0.05836221044908481,15412.666666666668,3.0,1.0,1.0,1.0,True,True,5,9.099472717227359,21.0,5.855910641795316,STATIC_CURRENT_SNAPSHOT,False
col_21faee63d17e537f90a501b5c0313a20,2025-11,3.0,7071.0,0.1570989297509108,6312.666666666667,2.0,0.6666666666666666,0.6666666666666666,0.6666666666666666,True,True,5,9.099472717227359,21.0,5.855910641795316,STATIC_CURRENT_SNAPSHOT,False
col_21faee63d17e537f90a501b5c0313a20,2025-12,3.0,21448.0,-0.0492974753988496,21584.0,2.0,0.6666666666666666,0.6666666666666666,0.6666666666666666,True,True,5,9.099472717227359,21.0,5.855910641795316,STATIC_CURRENT_SNAPSHOT,False
col_21faee63d17e537f90a501b5c0313a20,2026-01,3.0,14086.666666666666,-0.1479866757732689,16048.777777777777,3.0,1.0,1.0,1.0,True,True,5,9.099472717227359,21.0,5.855910641795316,STATIC_CURRENT_SNAPSHOT,False
col_21faee63d17e537f90a501b5c0313a20,2026-02,3.0,6152.499999999999,0.059972202030756656,6268.666666666667,2.0,0.6666666666666666,0.6666666666666666,0.6666666666666666,True,True,5,9.099472717227359,21.0,5.855910641795316,STATIC_CURRENT_SNAPSHOT,False
col_21faee63d17e537f90a501b5c0313a20,2026-03,3.0,6162.999999999999,0.0035284224416746203,6051.833333333334,2.0,0.6666666666666666,0.6666666666666666,0.6666666666666666,True,True,5,9.099472717227359,21.0,5.855910641795316,STATIC_CURRENT_SNAPSHOT,False
col_21faee63d17e537f90a501b5c0313a20,2026-04,3.0,17052.666666666668,0.12168986842875767,15791.333333333332,3.0,1.0,1.0,1.0,True,True,5,9.099472717227359,21.0,5.855910641795316,STATIC_CURRENT_SNAPSHOT,False
col_21faee63d17e537f90a501b5c0313a20,2026-05,3.0,6630.0,-0.018504811250925242,6439.333333333333,1.0,0.3333333333333333,0.3333333333333333,0.3333333333333333,True,True,5,9.099472717227359,21.0,5.855910641795316,STATIC_CURRENT_SNAPSHOT,False
col_21faee63d17e537f90a501b5c0313a20,2026-06,3.0,6492.999999999999,-0.009629703067534922,6671.0,2.0,0.6666666666666666,0.6666666666666666,0.6666666666666666,True,True,5,9.099472717227359,21.0,5.855910641795316,STATIC_CURRENT_SNAPSHOT,False
col_21faee63d17e537f90a501b5c0313a20,2026-07,3.0,18091.5,-0.15577690191368282,19834.000000000004,2.0,0.6666666666666666,0.6666666666666666,0.6666666666666666,True,True,5,9.099472717227359,21.0,5.855910641795316,STATIC_CURRENT_SNAPSHOT,False
col_21faee63d17e537f90a501b5c0313a20,2026-08,3.0,6519.999999999999,0.1480894523683747,6273.666666666667,1.0,0.3333333333333333,0.3333333333333333,0.3333333333333333,True,True,5,9.099472717227359,21.0,5.855910641795316,STATIC_CURRENT_SNAPSHOT,False
col_296d6268c64b5552821a2eebfad2256f,2023-01,,,,,,,,,False,False,2,,,,STATIC_CURRENT_SNAPSHOT,False
col_296d6268c64b5552821a2eebfad2256f,2023-02,,,,,,,,,False,False,2,,,,STATIC_CURRENT_SNAPSHOT,False
col_296d6268c64b5552821a2eebfad2256f,2023-03,,,,,,,,,False,False,2,,,,STATIC_CURRENT_SNAPSHOT,False
col_296d6268c64b5552821a2eebfad2256f,2023-04,,,,,,,,,False,False,2,,,,STATIC_CURRENT_SNAPSHOT,False
col_296d6268c64b5552821a2eebfad2256f,2023-05,,,,,,,,,False,False,2,,,,STATIC_CURRENT_SNAPSHOT,False
col_296d6268c64b5552821a2eebfad2256f,2023-06,,,,,,,,,False,False,2,,,,STATIC_CURRENT_SNAPSHOT,False
col_296d6268c64b5552821a2eebfad2256f,2023-07,,,,,,,,,False,False,2,,,,STATIC_CURRENT_SNAPSHOT,False
col_296d6268c64b5552821a2eebfad2256f,2023-08,,,,,,,,,False,False,2,,,,STATIC_CURRENT_SNAPSHOT,False
col_296d6268c64b5552821a2eebfad2256f,2023-09,,,,,,,,,False,False,2,,,,STATIC_CURRENT_SNAPSHOT,False
col_296d6268c64b5552821a2eebfad2256f,2023-10,,,,,,,,,False,False,2,,,,STATIC_CURRENT_SNAPSHOT,False
col_296d6268c64b5552821a2eebfad2256f,2023-11,,,,,,,,,False,False,2,,,,STATIC_CURRENT_SNAPSHOT,False
col_296d6268c64b5552821a2eebfad2256f,2023-12,,,,,,,,,False,False,2,,,,STATIC_CURRENT_SNAPSHOT,False
col_296d6268c64b5552821a2eebfad2256f,2024-01,,,,,,,,,False,False,2,,,,STATIC_CURRENT_SNAPSHOT,False
col_296d6268c64b5552821a2eebfad2256f,2024-02,,,,,,,,,False,False,2,,,,STATIC_CURRENT_SNAPSHOT,False
col_296d6268c64b5552821a2eebfad2256f,2024-03,,,,,,,,,False,False,2,,,,STATIC_CURRENT_SNAPSHOT,False
col_296d6268c64b5552821a2eebfad2256f,2024-04,,,,,,,,,False,False,2,,,,STATIC_CURRENT_SNAPSHOT,False
col_296d6268c64b5552821a2eebfad2256f,2024-05,,,,,,,,,False,False,2,,,,STATIC_CURRENT_SNAPSHOT,False
col_296d6268c64b5552821a2eebfad2256f,2024-06,,,,,,,,,False,False,2,,,,STATIC_CURRENT_SNAPSHOT,False
col_296d6268c64b5552821a2eebfad2256f,2024-07,,,,,,,,,False,False,2,,,,STATIC_CURRENT_SNAPSHOT,False
col_296d6268c64b5552821a2eebfad2256f,2024-08,,,,,,,,,False,False,2,,,,STATIC_CURRENT_SNAPSHOT,False
col_296d6268c64b5552821a2eebfad2256f,2024-09,,,,,,,,,False,False,2,,,,STATIC_CURRENT_SNAPSHOT,False
col_296d6268c64b5552821a2eebfad2256f,2024-10,,,,,,,,,False,False,2,,,,STATIC_CURRENT_SNAPSHOT,False
col_296d6268c64b5552821a2eebfad2256f,2024-11,,,,,,,,,False,False,2,,,,STATIC_CURRENT_SNAPSHOT,False
col_296d6268c64b5552821a2eebfad2256f,2024-12,,,,,,,,,False,False,2,,,,STATIC_CURRENT_SNAPSHOT,False
col_296d6268c64b5552821a2eebfad2256f,2025-01,,,,,,,,,False,False,2,,,,STATIC_CURRENT_SNAPSHOT,False
col_296d6268c64b5552821a2eebfad2256f,2025-02,,,,,,,,,False,False,2,,,,STATIC_CURRENT_SNAPSHOT,False
col_296d6268c64b5552821a2eebfad2256f,2025-03,,,,,,,,,False,False,2,,,,STATIC_CURRENT_SNAPSHOT,False
col_296d6268c64b5552821a2eebfad2256f,2025-04,,,,,,,,,False,False,2,,,,STATIC_CURRENT_SNAPSHOT,False
col_296d6268c64b5552821a2eebfad2256f,2025-05,,,,,,,,,False,False,2,,,,STATIC_CURRENT_SNAPSHOT,False
col_296d6268c64b5552821a2eebfad2256f,2025-06,,,,,,,,,False,False,2,,,,STATIC_CURRENT_SNAPSHOT,False
col_296d6268c64b5552821a2eebfad2256f,2025-07,,,,,,,,,False,False,2,,,,STATIC_CURRENT_SNAPSHOT,False
col_296d6268c64b5552821a2eebfad2256f,2025-08,,,,,,,,,False,False,2,,,,STATIC_CURRENT_SNAPSHOT,False
col_296d6268c64b5552821a2eebfad2256f,2025-09,,,,,,,,,False,False,2,,,,STATIC_CURRENT_SNAPSHOT,False
col_296d6268c64b5552821a2eebfad2256f,2025-10,,,,,,,,,False,False,2,,,,STATIC_CURRENT_SNAPSHOT,False
col_296d6268c64b5552821a2eebfad2256f,2025-11,,,,,,,,,False,False,2,,,,STATIC_CURRENT_SNAPSHOT,False
col_296d6268c64b5552821a2eebfad2256f,2025-12,,,,,,,,,False,False,2,,,,STATIC_CURRENT_SNAPSHOT,False
col_296d6268c64b5552821a2eebfad2256f,2026-01,,,,,,,,,False,False,2,,,,STATIC_CURRENT_SNAPSHOT,False
col_296d6268c64b5552821a2eebfad2256f,2026-02,,,,,,,,,False,False,2,,,,STATIC_CURRENT_SNAPSHOT,False
col_296d6268c64b5552821a2eebfad2256f,2026-03,,,,,,,,,False,False,2,,,,STATIC_CURRENT_SNAPSHOT,False
col_296d6268c64b5552821a2eebfad2256f,2026-04,,,,,,,,,False,False,2,,,,STATIC_CURRENT_SNAPSHOT,False
col_296d6268c64b5552821a2eebfad2256f,2026-05,,,,,,,,,False,False,2,,,,STATIC_CURRENT_SNAPSHOT,False
col_296d6268c64b5552821a2eebfad2256f,2026-06,,,,,,,,,False,False,2,,,,STATIC_CURRENT_SNAPSHOT,False
col_296d6268c64b5552821a2eebfad2256f,2026-07,,,,,,,,,False,False,2,,,,STATIC_CURRENT_SNAPSHOT,False
col_296d6268c64b5552821a2eebfad2256f,2026-08,,,,,,,,,False,False,2,,,,STATIC_CURRENT_SNAPSHOT,False
col_2d383baad6155258af666ad388181e00,2023-01,,,,,,,,,False,False,3,,,,STATIC_CURRENT_SNAPSHOT,False
col_2d383baad6155258af666ad388181e00,2023-02,,,,,,,,,False,False,3,,,,STATIC_CURRENT_SNAPSHOT,False
col_2d383baad6155258af666ad388181e00,2023-03,,,,,,,,,False,False,3,,,,STATIC_CURRENT_SNAPSHOT,False
col_2d383baad6155258af666ad388181e00,2023-04,,,,,,,,,False,False,3,,,,STATIC_CURRENT_SNAPSHOT,False
col_2d383baad6155258af666ad388181e00,2023-05,,,,,,,,,False,False,3,,,,STATIC_CURRENT_SNAPSHOT,False
col_2d383baad6155258af666ad388181e00,2023-06,,,,,,,,,False,False,3,,,,STATIC_CURRENT_SNAPSHOT,False
col_2d383baad6155258af666ad388181e00,2023-07,,,,,,,,,False,False,3,,,,STATIC_CURRENT_SNAPSHOT,False
col_2d383baad6155258af666ad388181e00,2023-08,,,,,,,,,False,False,3,,,,STATIC_CURRENT_SNAPSHOT,False
col_2d383baad6155258af666ad388181e00,2023-09,,,,,,,,,False,False,3,,,,STATIC_CURRENT_SNAPSHOT,False
col_2d383baad6155258af666ad388181e00,2023-10,,,,,,,,,False,False,3,,,,STATIC_CURRENT_SNAPSHOT,False
col_2d383baad6155258af666ad388181e00,2023-11,,,,,,,,,False,False,3,,,,STATIC_CURRENT_SNAPSHOT,False
col_2d383baad6155258af666ad388181e00,2023-12,,,,,,,,,False,False,3,,,,STATIC_CURRENT_SNAPSHOT,False
col_2d383baad6155258af666ad388181e00,2024-01,,,,,,,,,False,False,3,,,,STATIC_CURRENT_SNAPSHOT,False
col_2d383baad6155258af666ad388181e00,2024-02,,,,,,,,,False,False,3,,,,STATIC_CURRENT_SNAPSHOT,False
col_2d383baad6155258af666ad388181e00,2024-03,,,,,,,,,False,False,3,,,,STATIC_CURRENT_SNAPSHOT,False
col_2d383baad6155258af666ad388181e00,2024-04,,,,,,,,,False,False,3,,,,STATIC_CURRENT_SNAPSHOT,False
col_2d383baad6155258af666ad388181e00,2024-05,,,,,,,,,False,False,3,,,,STATIC_CURRENT_SNAPSHOT,False
col_2d383baad6155258af666ad388181e00,2024-06,,,,,,,,,False,False,3,,,,STATIC_CURRENT_SNAPSHOT,False
col_2d383baad6155258af666ad388181e00,2024-07,,,,,,,,,False,False,3,,,,STATIC_CURRENT_SNAPSHOT,False
col_2d383baad6155258af666ad388181e00,2024-08,,,,,,,,,False,False,3,,,,STATIC_CURRENT_SNAPSHOT,False
col_2d383baad6155258af666ad388181e00,2024-09,,,,,,,,,False,False,3,,,,STATIC_CURRENT_SNAPSHOT,False
col_2d383baad6155258af666ad388181e00,2024-10,,,,,,,,,False,False,3,,,,STATIC_CURRENT_SNAPSHOT,False
col_2d383baad6155258af666ad388181e00,2024-11,,,,,,,,,False,False,3,,,,STATIC_CURRENT_SNAPSHOT,False
col_2d383baad6155258af666ad388181e00,2024-12,,,,,,,,,False,False,3,,,,STATIC_CURRENT_SNAPSHOT,False
col_2d383baad6155258af666ad388181e00,2025-01,,,,,,,,,False,False,3,,,,STATIC_CURRENT_SNAPSHOT,False
col_2d383baad6155258af666ad388181e00,2025-02,,,,,,,,,False,False,3,,,,STATIC_CURRENT_SNAPSHOT,False
col_2d383baad6155258af666ad388181e00,2025-03,,,,,,,,,False,False,3,,,,STATIC_CURRENT_SNAPSHOT,False
col_2d383baad6155258af666ad388181e00,2025-04,,,,,,,,,False,False,3,,,,STATIC_CURRENT_SNAPSHOT,False
col_2d383baad6155258af666ad388181e00,2025-05,,,,,,,,,False,False,3,,,,STATIC_CURRENT_SNAPSHOT,False
col_2d383baad6155258af666ad388181e00,2025-06,,,,,,,,,False,False,3,,,,STATIC_CURRENT_SNAPSHOT,False
col_2d383baad6155258af666ad388181e00,2025-07,,,,,,,,,False,False,3,,,,STATIC_CURRENT_SNAPSHOT,False
col_2d383baad6155258af666ad388181e00,2025-08,,,,,,,,,False,False,3,,,,STATIC_CURRENT_SNAPSHOT,False
col_2d383baad6155258af666ad388181e00,2025-09,,,,,,,,,False,False,3,,,,STATIC_CURRENT_SNAPSHOT,False
col_2d383baad6155258af666ad388181e00,2025-10,,,,,,,,,False,False,3,,,,STATIC_CURRENT_SNAPSHOT,False
col_2d383baad6155258af666ad388181e00,2025-11,,,,,,,,,False,False,3,,,,STATIC_CURRENT_SNAPSHOT,False
col_2d383baad6155258af666ad388181e00,2025-12,,,,,,,,,False,False,3,,,,STATIC_CURRENT_SNAPSHOT,False
col_2d383baad6155258af666ad388181e00,2026-01,,,,,,,,,False,False,3,,,,STATIC_CURRENT_SNAPSHOT,False
col_2d383baad6155258af666ad388181e00,2026-02,,,,,,,,,False,False,3,,,,STATIC_CURRENT_SNAPSHOT,False
col_2d383baad6155258af666ad388181e00,2026-03,,,,,,,,,False,False,3,,,,STATIC_CURRENT_SNAPSHOT,False
col_2d383baad6155258af666ad388181e00,2026-04,,,,,,,,,False,False,3,,,,STATIC_CURRENT_SNAPSHOT,False
col_2d383baad6155258af666ad388181e00,2026-05,,,,,,,,,False,False,3,,,,STATIC_CURRENT_SNAPSHOT,False
col_2d383baad6155258af666ad388181e00,2026-06,,,,,,,,,False,False,3,,,,STATIC_CURRENT_SNAPSHOT,False
col_2d383baad6155258af666ad388181e00,2026-07,,,,,,,,,False,False,3,,,,STATIC_CURRENT_SNAPSHOT,False
col_2d383baad6155258af666ad388181e00,2026-08,,,,,,,,,False,False,3,,,,STATIC_CURRENT_SNAPSHOT,False
col_321ef9a198015257a1d0afd095d56686,2023-01,2.0,,,,0.0,0.0,0.0,0.0,False,True,1,4.932871402053555,6.0,8.585507089999858,STATIC_CURRENT_SNAPSHOT,False
col_321ef9a198015257a1d0afd095d56686,2023-02,2.0,,,,0.0,0.0,0.0,0.0,False,True,1,4.932871402053555,6.0,8.585507089999858,STATIC_CURRENT_SNAPSHOT,False
col_321ef9a198015257a1d0afd095d56686,2023-03,2.0,,,,0.0,0.0,0.0,0.0,False,True,1,4.932871402053555,6.0,8.585507089999858,STATIC_CURRENT_SNAPSHOT,False
col_321ef9a198015257a1d0afd095d56686,2023-04,2.0,,,,0.0,0.0,0.0,0.0,False,True,1,4.932871402053555,6.0,8.585507089999858,STATIC_CURRENT_SNAPSHOT,False
col_321ef9a198015257a1d0afd095d56686,2023-05,2.0,,,,0.0,0.0,0.0,0.0,False,True,1,4.932871402053555,6.0,8.585507089999858,STATIC_CURRENT_SNAPSHOT,False
col_321ef9a198015257a1d0afd095d56686,2023-06,2.0,,,,0.0,0.0,0.0,0.0,False,True,1,4.932871402053555,6.0,8.585507089999858,STATIC_CURRENT_SNAPSHOT,False
col_321ef9a198015257a1d0afd095d56686,2023-07,2.0,,,,0.0,0.0,0.0,0.0,False,True,1,4.932871402053555,6.0,8.585507089999858,STATIC_CURRENT_SNAPSHOT,False
col_321ef9a198015257a1d0afd095d56686,2023-08,2.0,,,,0.0,0.0,0.0,0.0,False,True,1,4.932871402053555,6.0,8.585507089999858,STATIC_CURRENT_SNAPSHOT,False
col_321ef9a198015257a1d0afd095d56686,2023-09,2.0,,,,0.0,0.0,0.0,0.0,False,True,1,4.932871402053555,6.0,8.585507089999858,STATIC_CURRENT_SNAPSHOT,False
col_321ef9a198015257a1d0afd095d56686,2023-10,2.0,,,,0.0,0.0,0.0,0.0,False,True,1,4.932871402053555,6.0,8.585507089999858,STATIC_CURRENT_SNAPSHOT,False
col_321ef9a198015257a1d0afd095d56686,2023-11,2.0,,,,0.0,0.0,0.0,0.0,False,True,1,4.932871402053555,6.0,8.585507089999858,STATIC_CURRENT_SNAPSHOT,False
col_321ef9a198015257a1d0afd095d56686,2023-12,2.0,905.0,,,1.0,0.5,0.0,0.0,True,True,1,4.932871402053555,6.0,8.585507089999858,STATIC_CURRENT_SNAPSHOT,False
col_321ef9a198015257a1d0afd095d56686,2024-01,2.0,2570.0,1.839779005524862,,1.0,0.5,0.5,0.0,True,True,1,4.932871402053555,6.0,8.585507089999858,STATIC_CURRENT_SNAPSHOT,False
col_321ef9a198015257a1d0afd095d56686,2024-02,2.0,1861.0,0.3132295719844358,2283.3333333333335,2.0,1.0,0.5,0.5,True,True,1,4.932871402053555,6.0,8.585507089999858,STATIC_CURRENT_SNAPSHOT,False
col_321ef9a198015257a1d0afd095d56686,2024-03,2.0,2270.0,0.7792071725904579,3209.6666666666665,2.0,1.0,1.0,0.5,True,True,1,4.932871402053555,6.0,8.585507089999858,STATIC_CURRENT_SNAPSHOT,False
col_321ef9a198015257a1d0afd095d56686,2024-04,2.0,1072.0,0.2523364485981308,758.3333333333334,1.0,0.5,0.5,0.5,True,True,1,4.932871402053555,6.0,8.585507089999858,STATIC_CURRENT_SNAPSHOT,False
col_321ef9a198015257a1d0afd095d56686,2024-05,2.0,4335.0,0.21393270715388574,3347.0,2.0,1.0,1.0,1.0,True,True,1,4.932871402053555,6.0,8.585507089999858,STATIC_CURRENT_SNAPSHOT,False
col_321ef9a198015257a1d0afd095d56686,2024-06,2.0,4684.0,0.018643072846707506,4151.666666666667,2.0,1.0,1.0,1.0,True,True,1,4.932871402053555,6.0,8.585507089999858,STATIC_CURRENT_SNAPSHOT,False
col_321ef9a198015257a1d0afd095d56686,2024-07,2.0,4300.0,0.014638632282114768,4439.666666666666,2.0,1.0,1.0,1.0,True,True,1,4.932871402053555,6.0,8.585507089999858,STATIC_CURRENT_SNAPSHOT,False
col_321ef9a198015257a1d0afd095d56686,2024-08,2.0,1151.0,-0.11935730680948738,1200.6666666666667,1.0,0.5,0.5,0.5,True,True,1,4.932871402053555,6.0,8.585507089999858,STATIC_CURRENT_SNAPSHOT,False
col_321ef9a198015257a1d0afd095d56686,2024-09,2.0,1294.0,0.12423979148566464,1250.6666666666667,1.0,0.5,0.5,0.5,True,True,1,4.932871402053555,6.0,8.585507089999858,STATIC_CURRENT_SNAPSHOT,False
col_321ef9a198015257a1d0afd095d56686,2024-10,2.0,6043.0,0.0893548628782418,5474.5,2.0,1.0,1.0,1.0,True,True,1,4.932871402053555,6.0,8.585507089999858,STATIC_CURRENT_SNAPSHOT,False
col_321ef9a198015257a1d0afd095d56686,2024-11,2.0,,,,0.0,0.0,0.0,0.0,False,True,1,4.932871402053555,6.0,8.585507089999858,STATIC_CURRENT_SNAPSHOT,False
col_321ef9a198015257a1d0afd095d56686,2024-12,2.0,6498.0,,,2.0,1.0,0.0,0.0,True,True,1,4.932871402053555,6.0,8.585507089999858,STATIC_CURRENT_SNAPSHOT,False
col_321ef9a198015257a1d0afd095d56686,2025-01,2.0,5503.5,-0.12186243912414782,,2.0,1.0,1.0,0.0,True,True,1,4.932871402053555,6.0,8.585507089999858,STATIC_CURRENT_SNAPSHOT,False
col_321ef9a198015257a1d0afd095d56686,2025-02,2.0,6604.0,0.1622124334417317,6201.833333333334,2.0,1.0,1.0,1.0,True,True,1,4.932871402053555,6.0,8.585507089999858,STATIC_CURRENT_SNAPSHOT,False
col_321ef9a198015257a1d0afd095d56686,2025-03,2.0,6495.0,-0.022526825873195346,6200.833333333334,2.0,1.0,1.0,1.0,True,True,1,4.932871402053555,6.0,8.585507089999858,STATIC_CURRENT_SNAPSHOT,False
col_321ef9a198015257a1d0afd095d56686,2025-04,2.0,1632.0,0.06736429038587312,1579.3333333333333,1.0,0.5,0.5,0.5,True,True,1,4.932871402053555,6.0,8.585507089999858,STATIC_CURRENT_SNAPSHOT,False
col_321ef9a198015257a1d0afd095d56686,2025-05,2.0,6398.0,-0.08998746970698392,6587.0,2.0,1.0,1.0,1.0,True,True,1,4.932871402053555,6.0,8.585507089999858,STATIC_CURRENT_SNAPSHOT,False
col_321ef9a198015257a1d0afd095d56686,2025-06,2.0,6737.0,0.022263486935439093,6667.666666666667,2.0,1.0,1.0,1.0,True,True,1,4.932871402053555,6.0,8.585507089999858,STATIC_CURRENT_SNAPSHOT,False
col_321ef9a198015257a1d0afd095d56686,2025-07,2.0,6105.5,-0.06016686956542136,6413.5,2.0,1.0,1.0,1.0,True,True,1,4.932871402053555,6.0,8.585507089999858,STATIC_CURRENT_SNAPSHOT,False
col_321ef9a198015257a1d0afd095d56686,2025-08,2.0,6583.5,0.0808802603128656,6475.333333333334,2.0,1.0,1.0,1.0,True,True,1,4.932871402053555,6.0,8.585507089999858,STATIC_CURRENT_SNAPSHOT,False
col_321ef9a198015257a1d0afd095d56686,2025-09,2.0,6515.0,-0.06023022223771068,6401.333333333334,2.0,1.0,1.0,1.0,True,True,1,4.932871402053555,6.0,8.585507089999858,STATIC_CURRENT_SNAPSHOT,False
col_321ef9a198015257a1d0afd095d56686,2025-10,2.0,1278.0,-0.030349013657056147,1367.3333333333333,1.0,0.5,0.5,0.5,True,True,1,4.932871402053555,6.0,8.585507089999858,STATIC_CURRENT_SNAPSHOT,False
col_321ef9a198015257a1d0afd095d56686,2025-11,2.0,1394.0,0.09076682316118936,1330.0,1.0,0.5,0.5,0.5,True,True,1,4.932871402053555,6.0,8.585507089999858,STATIC_CURRENT_SNAPSHOT,False
col_321ef9a198015257a1d0afd095d56686,2025-12,2.0,6756.5,-0.058229219315138754,6863.5,2.0,1.0,1.0,1.0,True,True,1,4.932871402053555,6.0,8.585507089999858,STATIC_CURRENT_SNAPSHOT,False
col_321ef9a198015257a1d0afd095d56686,2026-01,2.0,6135.5,-0.06309096873765126,6699.333333333333,2.0,1.0,1.0,1.0,True,True,1,4.932871402053555,6.0,8.585507089999858,STATIC_CURRENT_SNAPSHOT,False
col_321ef9a198015257a1d0afd095d56686,2026-02,2.0,6342.0,0.06866040636526827,6411.333333333334,2.0,1.0,1.0,1.0,True,True,1,4.932871402053555,6.0,8.585507089999858,STATIC_CURRENT_SNAPSHOT,False
col_321ef9a198015257a1d0afd095d56686,2026-03,2.0,6578.5,0.052170856961481084,6352.0,2.0,1.0,1.0,1.0,True,True,1,4.932871402053555,6.0,8.585507089999858,STATIC_CURRENT_SNAPSHOT,False
col_321ef9a198015257a1d0afd095d56686,2026-04,2.0,7308.0,0.1169104744281916,6742.833333333333,2.0,1.0,1.0,1.0,True,True,1,4.932871402053555,6.0,8.585507089999858,STATIC_CURRENT_SNAPSHOT,False
col_321ef9a198015257a1d0afd095d56686,2026-05,2.0,1513.0,-0.12137049941927991,1588.6666666666667,1.0,0.5,0.5,0.5,True,True,1,4.932871402053555,6.0,8.585507089999858,STATIC_CURRENT_SNAPSHOT,False
col_321ef9a198015257a1d0afd095d56686,2026-06,2.0,6833.0,-0.023461314734780234,6973.0,2.0,1.0,1.0,1.0,True,True,1,4.932871402053555,6.0,8.585507089999858,STATIC_CURRENT_SNAPSHOT,False
col_321ef9a198015257a1d0afd095d56686,2026-07,2.0,1429.0,0.009180790960451978,1452.6666666666667,1.0,0.5,0.5,0.5,True,True,1,4.932871402053555,6.0,8.585507089999858,STATIC_CURRENT_SNAPSHOT,False
col_321ef9a198015257a1d0afd095d56686,2026-08,2.0,6463.5,0.026045148018291425,6521.833333333333,2.0,1.0,1.0,1.0,True,True,1,4.932871402053555,6.0,8.585507089999858,STATIC_CURRENT_SNAPSHOT,False
col_333380f5322950cf9a22ac2947f13767,2023-01,,,,,,,,,False,False,2,,,,STATIC_CURRENT_SNAPSHOT,False
col_333380f5322950cf9a22ac2947f13767,2023-02,,,,,,,,,False,False,2,,,,STATIC_CURRENT_SNAPSHOT,False
col_333380f5322950cf9a22ac2947f13767,2023-03,,,,,,,,,False,False,2,,,,STATIC_CURRENT_SNAPSHOT,False
col_333380f5322950cf9a22ac2947f13767,2023-04,,,,,,,,,False,False,2,,,,STATIC_CURRENT_SNAPSHOT,False
col_333380f5322950cf9a22ac2947f13767,2023-05,,,,,,,,,False,False,2,,,,STATIC_CURRENT_SNAPSHOT,False
col_333380f5322950cf9a22ac2947f13767,2023-06,,,,,,,,,False,False,2,,,,STATIC_CURRENT_SNAPSHOT,False
col_333380f5322950cf9a22ac2947f13767,2023-07,,,,,,,,,False,False,2,,,,STATIC_CURRENT_SNAPSHOT,False
col_333380f5322950cf9a22ac2947f13767,2023-08,,,,,,,,,False,False,2,,,,STATIC_CURRENT_SNAPSHOT,False
col_333380f5322950cf9a22ac2947f13767,2023-09,,,,,,,,,False,False,2,,,,STATIC_CURRENT_SNAPSHOT,False
col_333380f5322950cf9a22ac2947f13767,2023-10,,,,,,,,,False,False,2,,,,STATIC_CURRENT_SNAPSHOT,False
col_333380f5322950cf9a22ac2947f13767,2023-11,,,,,,,,,False,False,2,,,,STATIC_CURRENT_SNAPSHOT,False
col_333380f5322950cf9a22ac2947f13767,2023-12,,,,,,,,,False,False,2,,,,STATIC_CURRENT_SNAPSHOT,False
col_333380f5322950cf9a22ac2947f13767,2024-01,,,,,,,,,False,False,2,,,,STATIC_CURRENT_SNAPSHOT,False
col_333380f5322950cf9a22ac2947f13767,2024-02,,,,,,,,,False,False,2,,,,STATIC_CURRENT_SNAPSHOT,False
col_333380f5322950cf9a22ac2947f13767,2024-03,,,,,,,,,False,False,2,,,,STATIC_CURRENT_SNAPSHOT,False
col_333380f5322950cf9a22ac2947f13767,2024-04,,,,,,,,,False,False,2,,,,STATIC_CURRENT_SNAPSHOT,False
col_333380f5322950cf9a22ac2947f13767,2024-05,,,,,,,,,False,False,2,,,,STATIC_CURRENT_SNAPSHOT,False
col_333380f5322950cf9a22ac2947f13767,2024-06,,,,,,,,,False,False,2,,,,STATIC_CURRENT_SNAPSHOT,False
col_333380f5322950cf9a22ac2947f13767,2024-07,,,,,,,,,False,False,2,,,,STATIC_CURRENT_SNAPSHOT,False
col_333380f5322950cf9a22ac2947f13767,2024-08,,,,,,,,,False,False,2,,,,STATIC_CURRENT_SNAPSHOT,False
col_333380f5322950cf9a22ac2947f13767,2024-09,,,,,,,,,False,False,2,,,,STATIC_CURRENT_SNAPSHOT,False
col_333380f5322950cf9a22ac2947f13767,2024-10,,,,,,,,,False,False,2,,,,STATIC_CURRENT_SNAPSHOT,False
col_333380f5322950cf9a22ac2947f13767,2024-11,,,,,,,,,False,False,2,,,,STATIC_CURRENT_SNAPSHOT,False
col_333380f5322950cf9a22ac2947f13767,2024-12,,,,,,,,,False,False,2,,,,STATIC_CURRENT_SNAPSHOT,False
col_333380f5322950cf9a22ac2947f13767,2025-01,,,,,,,,,False,False,2,,,,STATIC_CURRENT_SNAPSHOT,False
col_333380f5322950cf9a22ac2947f13767,2025-02,,,,,,,,,False,False,2,,,,STATIC_CURRENT_SNAPSHOT,False
col_333380f5322950cf9a22ac2947f13767,2025-03,,,,,,,,,False,False,2,,,,STATIC_CURRENT_SNAPSHOT,False
col_333380f5322950cf9a22ac2947f13767,2025-04,,,,,,,,,False,False,2,,,,STATIC_CURRENT_SNAPSHOT,False
col_333380f5322950cf9a22ac2947f13767,2025-05,,,,,,,,,False,False,2,,,,STATIC_CURRENT_SNAPSHOT,False
col_333380f5322950cf9a22ac2947f13767,2025-06,,,,,,,,,False,False,2,,,,STATIC_CURRENT_SNAPSHOT,False
col_333380f5322950cf9a22ac2947f13767,2025-07,,,,,,,,,False,False,2,,,,STATIC_CURRENT_SNAPSHOT,False
col_333380f5322950cf9a22ac2947f13767,2025-08,,,,,,,,,False,False,2,,,,STATIC_CURRENT_SNAPSHOT,False
col_333380f5322950cf9a22ac2947f13767,2025-09,,,,,,,,,False,False,2,,,,STATIC_CURRENT_SNAPSHOT,False
col_333380f5322950cf9a22ac2947f13767,2025-10,,,,,,,,,False,False,2,,,,STATIC_CURRENT_SNAPSHOT,False
col_333380f5322950cf9a22ac2947f13767,2025-11,,,,,,,,,False,False,2,,,,STATIC_CURRENT_SNAPSHOT,False
col_333380f5322950cf9a22ac2947f13767,2025-12,,,,,,,,,False,False,2,,,,STATIC_CURRENT_SNAPSHOT,False
col_333380f5322950cf9a22ac2947f13767,2026-01,,,,,,,,,False,False,2,,,,STATIC_CURRENT_SNAPSHOT,False
col_333380f5322950cf9a22ac2947f13767,2026-02,,,,,,,,,False,False,2,,,,STATIC_CURRENT_SNAPSHOT,False
col_333380f5322950cf9a22ac2947f13767,2026-03,,,,,,,,,False,False,2,,,,STATIC_CURRENT_SNAPSHOT,False
col_333380f5322950cf9a22ac2947f13767,2026-04,,,,,,,,,False,False,2,,,,STATIC_CURRENT_SNAPSHOT,False
col_333380f5322950cf9a22ac2947f13767,2026-05,,,,,,,,,False,False,2,,,,STATIC_CURRENT_SNAPSHOT,False
col_333380f5322950cf9a22ac2947f13767,2026-06,,,,,,,,,False,False,2,,,,STATIC_CURRENT_SNAPSHOT,False
col_333380f5322950cf9a22ac2947f13767,2026-07,,,,,,,,,False,False,2,,,,STATIC_CURRENT_SNAPSHOT,False
col_333380f5322950cf9a22ac2947f13767,2026-08,,,,,,,,,False,False,2,,,,STATIC_CURRENT_SNAPSHOT,False
col_347bf8c118ae5cde8343a717c911525d,2023-01,3.0,,,,0.0,0.0,0.0,0.0,False,True,2,4.97910403789054,12.0,7.121570206058271,STATIC_CURRENT_SNAPSHOT,False
col_347bf8c118ae5cde8343a717c911525d,2023-02,3.0,2439.0,,,1.0,0.3333333333333333,0.0,0.0,True,True,2,4.97910403789054,12.0,7.121570206058271,STATIC_CURRENT_SNAPSHOT,False
col_347bf8c118ae5cde8343a717c911525d,2023-03,3.0,2556.0,0.047970479704797044,,1.0,0.3333333333333333,0.3333333333333333,0.0,True,True,2,4.97910403789054,12.0,7.121570206058271,STATIC_CURRENT_SNAPSHOT,False
col_347bf8c118ae5cde8343a717c911525d,2023-04,3.0,2911.0,0.1388888888888889,2635.3333333333335,1.0,0.3333333333333333,0.3333333333333333,0.3333333333333333,True,True,2,4.97910403789054,12.0,7.121570206058271,STATIC_CURRENT_SNAPSHOT,False
col_347bf8c118ae5cde8343a717c911525d,2023-05,3.0,2912.0,0.00034352456200618345,2793.0,1.0,0.3333333333333333,0.3333333333333333,0.3333333333333333,True,True,2,4.97910403789054,12.0,7.121570206058271,STATIC_CURRENT_SNAPSHOT,False
col_347bf8c118ae5cde8343a717c911525d,2023-06,3.0,3306.0,0.1353021978021978,3043.0,1.0,0.3333333333333333,0.3333333333333333,0.3333333333333333,True,True,2,4.97910403789054,12.0,7.121570206058271,STATIC_CURRENT_SNAPSHOT,False
col_347bf8c118ae5cde8343a717c911525d,2023-07,3.0,2748.0,-0.16878402903811252,2988.6666666666665,1.0,0.3333333333333333,0.3333333333333333,0.3333333333333333,True,True,2,4.97910403789054,12.0,7.121570206058271,STATIC_CURRENT_SNAPSHOT,False
col_347bf8c118ae5cde8343a717c911525d,2023-08,3.0,,,,0.0,0.0,0.0,0.0,False,True,2,4.97910403789054,12.0,7.121570206058271,STATIC_CURRENT_SNAPSHOT,False
col_347bf8c118ae5cde8343a717c911525d,2023-09,3.0,,,,0.0,0.0,0.0,0.0,False,True,2,4.97910403789054,12.0,7.121570206058271,STATIC_CURRENT_SNAPSHOT,False
col_347bf8c118ae5cde8343a717c911525d,2023-10,3.0,3006.6666666666665,0.5122644863135443,3295.0,3.0,1.0,0.3333333333333333,0.3333333333333333,True,True,2,4.97910403789054,12.0,7.121570206058271,STATIC_CURRENT_SNAPSHOT,False
col_347bf8c118ae5cde8343a717c911525d,2023-11,3.0,6672.666666666666,1.4377583277054558,4630.666666666667,3.0,1.0,1.0,0.3333333333333333,True,True,2,4.97910403789054,12.0,7.121570206058271,STATIC_CURRENT_SNAPSHOT,False
col_347bf8c118ae5cde8343a717c911525d,2023-12,3.0,7203.0,0.07235372934345691,5579.666666666667,1.0,0.3333333333333333,0.3333333333333333,0.3333333333333333,True,True,2,4.97910403789054,12.0,7.121570206058271,STATIC_CURRENT_SNAPSHOT,False
col_347bf8c118ae5cde8343a717c911525d,2024-01,3.0,7320.0,-0.015941307109498523,7173.5,2.0,0.6666666666666666,0.6666666666666666,0.6666666666666666,True,True,2,4.97910403789054,12.0,7.121570206058271,STATIC_CURRENT_SNAPSHOT,False
col_347bf8c118ae5cde8343a717c911525d,2024-02,3.0,12044.0,0.770135214579659,8683.666666666666,1.0,0.3333333333333333,0.3333333333333333,0.3333333333333333,True,True,2,4.97910403789054,12.0,7.121570206058271,STATIC_CURRENT_SNAPSHOT,False
col_347bf8c118ae5cde8343a717c911525d,2024-03,3.0,14331.0,0.189887080704085,11059.666666666666,1.0,0.3333333333333333,0.3333333333333333,0.3333333333333333,True,True,2,4.97910403789054,12.0,7.121570206058271,STATIC_CURRENT_SNAPSHOT,False
col_347bf8c118ae5cde8343a717c911525d,2024-04,3.0,14869.0,0.16313790300726808,12852.499999999998,2.0,0.6666666666666666,0.6666666666666666,0.6666666666666666,True,True,2,4.97910403789054,12.0,7.121570206058271,STATIC_CURRENT_SNAPSHOT,False
col_347bf8c118ae5cde8343a717c911525d,2024-05,3.0,16160.666666666666,0.10868222689215917,14685.333333333334,3.0,1.0,0.6666666666666666,0.6666666666666666,True,True,2,4.97910403789054,12.0,7.121570206058271,STATIC_CURRENT_SNAPSHOT,False
col_347bf8c118ae5cde8343a717c911525d,2024-06,3.0,16770.0,0.08726659751037344,15138.333333333334,1.0,0.3333333333333333,0.3333333333333333,0.3333333333333333,True,True,2,4.97910403789054,12.0,7.121570206058271,STATIC_CURRENT_SNAPSHOT,False
col_347bf8c118ae5cde8343a717c911525d,2024-07,3.0,15966.333333333332,-0.09733363086954111,16607.888888888887,3.0,1.0,1.0,1.0,True,True,2,4.97910403789054,12.0,7.121570206058271,STATIC_CURRENT_SNAPSHOT,False
col_347bf8c118ae5cde8343a717c911525d,2024-08,3.0,14593.0,-0.04981117332986066,15601.333333333334,1.0,0.3333333333333333,0.3333333333333333,0.3333333333333333,True,True,2,4.97910403789054,12.0,7.121570206058271,STATIC_CURRENT_SNAPSHOT,False
col_347bf8c118ae5cde8343a717c911525d,2024-09,3.0,16469.0,0.11254475444166723,15472.0,1.0,0.3333333333333333,0.3333333333333333,0.3333333333333333,True,True,2,4.97910403789054,12.0,7.121570206058271,STATIC_CURRENT_SNAPSHOT,False
col_347bf8c118ae5cde8343a717c911525d,2024-10,3.0,15822.333333333332,-0.05404555204737971,15986.555555555553,3.0,1.0,1.0,1.0,True,True,2,4.97910403789054,12.0,7.121570206058271,STATIC_CURRENT_SNAPSHOT,False
col_347bf8c118ae5cde8343a717c911525d,2024-11,3.0,,,,0.0,0.0,0.0,0.0,False,True,2,4.97910403789054,12.0,7.121570206058271,STATIC_CURRENT_SNAPSHOT,False
col_347bf8c118ae5cde8343a717c911525d,2024-12,3.0,17945.0,,,1.0,0.3333333333333333,0.0,0.0,True,True,2,4.97910403789054,12.0,7.121570206058271,STATIC_CURRENT_SNAPSHOT,False
col_347bf8c118ae5cde8343a717c911525d,2025-01,3.0,14587.5,-0.12372725407704276,,2.0,0.6666666666666666,0.6666666666666666,0.0,True,True,2,4.97910403789054,12.0,7.121570206058271,STATIC_CURRENT_SNAPSHOT,False
col_347bf8c118ae5cde8343a717c911525d,2025-02,3.0,14384.5,0.07754202453899592,14586.833333333332,2.0,0.6666666666666666,0.6666666666666666,0.6666666666666666,True,True,2,4.97910403789054,12.0,7.121570206058271,STATIC_CURRENT_SNAPSHOT,False
col_347bf8c118ae5cde8343a717c911525d,2025-03,3.0,14575.5,0.01298866085114596,14103.0,2.0,0.6666666666666666,0.6666666666666666,0.6666666666666666,True,True,2,4.97910403789054,12.0,7.121570206058271,STATIC_CURRENT_SNAPSHOT,False
col_347bf8c118ae5cde8343a717c911525d,2025-04,3.0,17126.0,0.061667047416573036,14514.333333333334,2.0,0.6666666666666666,0.6666666666666666,0.3333333333333333,True,True,2,4.97910403789054,12.0,7.121570206058271,STATIC_CURRENT_SNAPSHOT,False
col_347bf8c118ae5cde8343a717c911525d,2025-05,3.0,15639.333333333332,-0.06952670500411234,16090.333333333332,3.0,1.0,1.0,1.0,True,True,2,4.97910403789054,12.0,7.121570206058271,STATIC_CURRENT_SNAPSHOT,False
col_347bf8c118ae5cde8343a717c911525d,2025-06,3.0,16221.333333333332,0.036988914102715605,16219.333333333332,3.0,1.0,1.0,1.0,True,True,2,4.97910403789054,12.0,7.121570206058271,STATIC_CURRENT_SNAPSHOT,False
col_347bf8c118ae5cde8343a717c911525d,2025-07,3.0,14949.999999999998,-0.07659773598304516,15603.555555555555,3.0,1.0,1.0,1.0,True,True,2,4.97910403789054,12.0,7.121570206058271,STATIC_CURRENT_SNAPSHOT,False
col_347bf8c118ae5cde8343a717c911525d,2025-08,3.0,15476.666666666664,0.03607878435792142,15549.333333333332,3.0,1.0,1.0,1.0,True,True,2,4.97910403789054,12.0,7.121570206058271,STATIC_CURRENT_SNAPSHOT,False
col_347bf8c118ae5cde8343a717c911525d,2025-09,3.0,15679.666666666666,0.012994489456515221,15368.777777777777,3.0,1.0,1.0,1.0,True,True,2,4.97910403789054,12.0,7.121570206058271,STATIC_CURRENT_SNAPSHOT,False
col_347bf8c118ae5cde8343a717c911525d,2025-10,3.0,13966.999999999998,-0.03529493023898329,14282.666666666666,1.0,0.3333333333333333,0.3333333333333333,0.3333333333333333,True,True,2,4.97910403789054,12.0,7.121570206058271,STATIC_CURRENT_SNAPSHOT,False
col_347bf8c118ae5cde8343a717c911525d,2025-11,3.0,15901.0,0.028514544731102414,15745.999999999998,2.0,0.6666666666666666,0.6666666666666666,0.6666666666666666,True,True,2,4.97910403789054,12.0,7.121570206058271,STATIC_CURRENT_SNAPSHOT,False
col_347bf8c118ae5cde8343a717c911525d,2025-12,3.0,14750.5,-0.07458644442220111,15365.333333333332,2.0,0.6666666666666666,0.6666666666666666,0.6666666666666666,True,True,2,4.97910403789054,12.0,7.121570206058271,STATIC_CURRENT_SNAPSHOT,False
col_347bf8c118ae5cde8343a717c911525d,2026-01,3.0,13496.5,-0.08392595498568192,14716.0,2.0,0.6666666666666666,0.6666666666666666,0.6666666666666666,True,True,2,4.97910403789054,12.0,7.121570206058271,STATIC_CURRENT_SNAPSHOT,False
col_347bf8c118ae5cde8343a717c911525d,2026-02,3.0,14855.999999999998,0.1401707532467035,14533.833333333334,3.0,1.0,0.6666666666666666,0.6666666666666666,True,True,2,4.97910403789054,12.0,7.121570206058271,STATIC_CURRENT_SNAPSHOT,False
col_347bf8c118ae5cde8343a717c911525d,2026-03,3.0,15107.5,-0.015476041994115867,16078.666666666664,2.0,0.6666666666666666,0.6666666666666666,0.3333333333333333,True,True,2,4.97910403789054,12.0,7.121570206058271,STATIC_CURRENT_SNAPSHOT,False
col_347bf8c118ae5cde8343a717c911525d,2026-04,3.0,15445.5,0.09329244444075702,14467.666666666664,2.0,0.6666666666666666,0.6666666666666666,0.6666666666666666,True,True,2,4.97910403789054,12.0,7.121570206058271,STATIC_CURRENT_SNAPSHOT,False
col_347bf8c118ae5cde8343a717c911525d,2026-05,3.0,16483.0,-0.02334538128814363,16525.666666666668,1.0,0.3333333333333333,0.3333333333333333,0.3333333333333333,True,True,2,4.97910403789054,12.0,7.121570206058271,STATIC_CURRENT_SNAPSHOT,False
col_347bf8c118ae5cde8343a717c911525d,2026-06,3.0,17081.0,0.10202263026217795,16005.499999999998,2.0,0.6666666666666666,0.6666666666666666,0.6666666666666666,True,True,2,4.97910403789054,12.0,7.121570206058271,STATIC_CURRENT_SNAPSHOT,False
col_347bf8c118ae5cde8343a717c911525d,2026-07,3.0,14783.333333333332,-0.12669823764636085,15854.11111111111,3.0,1.0,1.0,1.0,True,True,2,4.97910403789054,12.0,7.121570206058271,STATIC_CURRENT_SNAPSHOT,False
col_347bf8c118ae5cde8343a717c911525d,2026-08,3.0,14479.0,-0.021484917981485007,15406.777777777777,3.0,1.0,1.0,1.0,True,True,2,4.97910403789054,12.0,7.121570206058271,STATIC_CURRENT_SNAPSHOT,False
col_34ef10debc6452f7a37e4eb02f41010f,2023-01,2.0,,,,0.0,0.0,0.0,0.0,False,True,3,6.990251614157536,23.0,7.886632275743898,STATIC_CURRENT_SNAPSHOT,False
col_34ef10debc6452f7a37e4eb02f41010f,2023-02,2.0,,,,0.0,0.0,0.0,0.0,False,True,3,6.990251614157536,23.0,7.886632275743898,STATIC_CURRENT_SNAPSHOT,False
col_34ef10debc6452f7a37e4eb02f41010f,2023-03,2.0,305.0,,,1.0,0.5,0.0,0.0,True,True,3,6.990251614157536,23.0,7.886632275743898,STATIC_CURRENT_SNAPSHOT,False
col_34ef10debc6452f7a37e4eb02f41010f,2023-04,2.0,,,,0.0,0.0,0.0,0.0,False,True,3,6.990251614157536,23.0,7.886632275743898,STATIC_CURRENT_SNAPSHOT,False
col_34ef10debc6452f7a37e4eb02f41010f,2023-05,2.0,,,,0.0,0.0,0.0,0.0,False,True,3,6.990251614157536,23.0,7.886632275743898,STATIC_CURRENT_SNAPSHOT,False
col_34ef10debc6452f7a37e4eb02f41010f,2023-06,2.0,8822.0,0.03873778405745908,8165.333333333333,1.0,0.5,0.5,0.5,True,True,3,6.990251614157536,23.0,7.886632275743898,STATIC_CURRENT_SNAPSHOT,False
col_34ef10debc6452f7a37e4eb02f41010f,2023-07,2.0,,,,0.0,0.0,0.0,0.0,False,True,3,6.990251614157536,23.0,7.886632275743898,STATIC_CURRENT_SNAPSHOT,False
col_34ef10debc6452f7a37e4eb02f41010f,2023-08,2.0,10464.0,0.10031545741324921,9598.666666666666,1.0,0.5,0.5,0.5,True,True,3,6.990251614157536,23.0,7.886632275743898,STATIC_CURRENT_SNAPSHOT,False
col_34ef10debc6452f7a37e4eb02f41010f,2023-09,2.0,12209.0,0.16676223241590213,10727.666666666666,1.0,0.5,0.5,0.5,True,True,3,6.990251614157536,23.0,7.886632275743898,STATIC_CURRENT_SNAPSHOT,False
col_34ef10debc6452f7a37e4eb02f41010f,2023-10,2.0,2824.0,,,1.0,0.5,0.0,0.0,True,True,3,6.990251614157536,23.0,7.886632275743898,STATIC_CURRENT_SNAPSHOT,False
col_34ef10debc6452f7a37e4eb02f41010f,2023-11,2.0,7567.0,1.6795325779036827,,1.0,0.5,0.5,0.0,True,True,3,6.990251614157536,23.0,7.886632275743898,STATIC_CURRENT_SNAPSHOT,False
col_34ef10debc6452f7a37e4eb02f41010f,2023-12,2.0,8247.0,0.08986388264834148,6212.666666666667,1.0,0.5,0.5,0.5,True,True,3,6.990251614157536,23.0,7.886632275743898,STATIC_CURRENT_SNAPSHOT,False
col_34ef10debc6452f7a37e4eb02f41010f,2024-01,2.0,13292.5,-0.11975969638790905,14272.333333333334,2.0,1.0,1.0,1.0,True,True,3,6.990251614157536,23.0,7.886632275743898,STATIC_CURRENT_SNAPSHOT,False
col_34ef10debc6452f7a37e4eb02f41010f,2024-02,2.0,,,,0.0,0.0,0.0,0.0,False,True,3,6.990251614157536,23.0,7.886632275743898,STATIC_CURRENT_SNAPSHOT,False
col_34ef10debc6452f7a37e4eb02f41010f,2024-03,2.0,12627.0,0.18020375736050098,10222.0,1.0,0.5,0.5,0.5,True,True,3,6.990251614157536,23.0,7.886632275743898,STATIC_CURRENT_SNAPSHOT,False
col_34ef10debc6452f7a37e4eb02f41010f,2024-04,2.0,25521.0,0.10807232872066817,22716.5,2.0,1.0,1.0,1.0,True,True,3,6.990251614157536,23.0,7.886632275743898,STATIC_CURRENT_SNAPSHOT,False
col_34ef10debc6452f7a37e4eb02f41010f,2024-05,2.0,,,,0.0,0.0,0.0,0.0,False,True,3,6.990251614157536,23.0,7.886632275743898,STATIC_CURRENT_SNAPSHOT,False
col_34ef10debc6452f7a37e4eb02f41010f,2024-06,2.0,,,,0.0,0.0,0.0,0.0,False,True,3,6.990251614157536,23.0,7.886632275743898,STATIC_CURRENT_SNAPSHOT,False
col_34ef10debc6452f7a37e4eb02f41010f,2024-07,2.0,26082.5,-0.08388744696388202,27288.5,2.0,1.0,1.0,1.0,True,True,3,6.990251614157536,23.0,7.886632275743898,STATIC_CURRENT_SNAPSHOT,False
col_34ef10debc6452f7a37e4eb02f41010f,2024-08,2.0,,,,0.0,0.0,0.0,0.0,False,True,3,6.990251614157536,23.0,7.886632275743898,STATIC_CURRENT_SNAPSHOT,False
col_34ef10debc6452f7a37e4eb02f41010f,2024-09,2.0,,,,0.0,0.0,0.0,0.0,False,True,3,6.990251614157536,23.0,7.886632275743898,STATIC_CURRENT_SNAPSHOT,False
col_34ef10debc6452f7a37e4eb02f41010f,2024-10,2.0,27140.0,-0.006045610315248036,25995.166666666668,2.0,1.0,1.0,1.0,True,True,3,6.990251614157536,23.0,7.886632275743898,STATIC_CURRENT_SNAPSHOT,False
col_34ef10debc6452f7a37e4eb02f41010f,2024-11,2.0,,,,0.0,0.0,0.0,0.0,False,True,3,6.990251614157536,23.0,7.886632275743898,STATIC_CURRENT_SNAPSHOT,False
col_34ef10debc6452f7a37e4eb02f41010f,2024-12,2.0,16477.0,,,1.0,0.5,0.0,0.0,True,True,3,6.990251614157536,23.0,7.886632275743898,STATIC_CURRENT_SNAPSHOT,False
col_34ef10debc6452f7a37e4eb02f41010f,2025-01,2.0,13816.0,-0.1614978454815804,,1.0,0.5,0.5,0.0,True,True,3,6.990251614157536,23.0,7.886632275743898,STATIC_CURRENT_SNAPSHOT,False
col_34ef10debc6452f7a37e4eb02f41010f,2025-02,2.0,,,,0.0,0.0,0.0,0.0,False,True,3,6.990251614157536,23.0,7.886632275743898,STATIC_CURRENT_SNAPSHOT,False
col_34ef10debc6452f7a37e4eb02f41010f,2025-03,2.0,26325.0,0.010024204604634254,25448.333333333332,2.0,1.0,1.0,1.0,True,True,3,6.990251614157536,23.0,7.886632275743898,STATIC_CURRENT_SNAPSHOT,False
col_34ef10debc6452f7a37e4eb02f41010f,2025-04,2.0,16288.0,0.09403546480386889,15404.0,1.0,0.5,0.5,0.5,True,True,3,6.990251614157536,23.0,7.886632275743898,STATIC_CURRENT_SNAPSHOT,False
col_34ef10debc6452f7a37e4eb02f41010f,2025-05,2.0,,,,0.0,0.0,0.0,0.0,False,True,3,6.990251614157536,23.0,7.886632275743898,STATIC_CURRENT_SNAPSHOT,False
col_34ef10debc6452f7a37e4eb02f41010f,2025-06,2.0,15044.0,0.04226132742136622,15255.333333333334,1.0,0.5,0.5,0.5,True,True,3,6.990251614157536,23.0,7.886632275743898,STATIC_CURRENT_SNAPSHOT,False
col_34ef10debc6452f7a37e4eb02f41010f,2025-07,2.0,13275.0,-0.11758840733847381,14251.0,1.0,0.5,0.5,0.5,True,True,3,6.990251614157536,23.0,7.886632275743898,STATIC_CURRENT_SNAPSHOT,False
col_34ef10debc6452f7a37e4eb02f41010f,2025-08,2.0,23708.0,0.03361340790234467,24707.333333333332,2.0,1.0,1.0,1.0,True,True,3,6.990251614157536,23.0,7.886632275743898,STATIC_CURRENT_SNAPSHOT,False
col_34ef10debc6452f7a37e4eb02f41010f,2025-09,2.0,,,,0.0,0.0,0.0,0.0,False,True,3,6.990251614157536,23.0,7.886632275743898,STATIC_CURRENT_SNAPSHOT,False
col_34ef10debc6452f7a37e4eb02f41010f,2025-10,2.0,24511.5,0.035704459569573486,23910.166666666668,2.0,1.0,1.0,1.0,True,True,3,6.990251614157536,23.0,7.886632275743898,STATIC_CURRENT_SNAPSHOT,False
col_34ef10debc6452f7a37e4eb02f41010f,2025-11,2.0,,,,0.0,0.0,0.0,0.0,False,True,3,6.990251614157536,23.0,7.886632275743898,STATIC_CURRENT_SNAPSHOT,False
col_34ef10debc6452f7a37e4eb02f41010f,2025-12,2.0,25105.0,-0.06440344626633919,25430.833333333332,2.0,1.0,1.0,1.0,True,True,3,6.990251614157536,23.0,7.886632275743898,STATIC_CURRENT_SNAPSHOT,False
col_34ef10debc6452f7a37e4eb02f41010f,2026-01,2.0,21352.0,-0.1445673457937936,24377.666666666664,2.0,1.0,1.0,1.0,True,True,3,6.990251614157536,23.0,7.886632275743898,STATIC_CURRENT_SNAPSHOT,False
col_34ef10debc6452f7a37e4eb02f41010f,2026-02,2.0,12906.0,0.06450016496205872,13007.0,1.0,0.5,0.5,0.5,True,True,3,6.990251614157536,23.0,7.886632275743898,STATIC_CURRENT_SNAPSHOT,False
col_34ef10debc6452f7a37e4eb02f41010f,2026-03,2.0,12713.0,-0.014954284828761816,12581.0,1.0,0.5,0.5,0.5,True,True,3,6.990251614157536,23.0,7.886632275743898,STATIC_CURRENT_SNAPSHOT,False
col_34ef10debc6452f7a37e4eb02f41010f,2026-04,2.0,37229.0,0.10435762807392246,34520.666666666664,1.0,0.5,0.5,0.5,True,True,3,6.990251614157536,23.0,7.886632275743898,STATIC_CURRENT_SNAPSHOT,False
col_34ef10debc6452f7a37e4eb02f41010f,2026-05,2.0,13504.0,-0.05015122740381234,13478.0,1.0,0.5,0.5,0.5,True,True,3,6.990251614157536,23.0,7.886632275743898,STATIC_CURRENT_SNAPSHOT,False
col_34ef10debc6452f7a37e4eb02f41010f,2026-06,2.0,,,,0.0,0.0,0.0,0.0,False,True,3,6.990251614157536,23.0,7.886632275743898,STATIC_CURRENT_SNAPSHOT,False
col_34ef10debc6452f7a37e4eb02f41010f,2026-07,2.0,30981.0,-0.12896423751686908,33652.333333333336,1.0,0.5,0.5,0.5,True,True,3,6.990251614157536,23.0,7.886632275743898,STATIC_CURRENT_SNAPSHOT,False
col_34ef10debc6452f7a37e4eb02f41010f,2026-08,2.0,12072.0,-0.007889546351084813,12695.0,1.0,0.5,0.5,0.5,True,True,3,6.990251614157536,23.0,7.886632275743898,STATIC_CURRENT_SNAPSHOT,False
col_39b7c034d6a15d22952ae31d1eab536a,2023-01,5.0,,,,0.0,0.0,0.0,0.0,False,True,3,8.389041614649097,43.0,8.995104714885752,STATIC_CURRENT_SNAPSHOT,False
col_39b7c034d6a15d22952ae31d1eab536a,2023-02,5.0,4790.0,,,1.0,0.2,0.0,0.0,True,True,3,8.389041614649097,43.0,8.995104714885752,STATIC_CURRENT_SNAPSHOT,False
col_39b7c034d6a15d22952ae31d1eab536a,2023-03,5.0,6087.0,-0.006690600522193211,,1.0,0.2,0.2,0.0,True,True,3,8.389041614649097,43.0,8.995104714885752,STATIC_CURRENT_SNAPSHOT,False
col_39b7c034d6a15d22952ae31d1eab536a,2023-04,5.0,16789.5,0.46910660043816754,10997.0,2.0,0.4,0.4,0.4,True,True,3,8.389041614649097,43.0,8.995104714885752,STATIC_CURRENT_SNAPSHOT,False
col_39b7c034d6a15d22952ae31d1eab536a,2023-05,5.0,16555.5,-0.04796175073932823,14695.833333333334,2.0,0.4,0.4,0.4,True,True,3,8.389041614649097,43.0,8.995104714885752,STATIC_CURRENT_SNAPSHOT,False
col_39b7c034d6a15d22952ae31d1eab536a,2023-06,5.0,4203.5,0.23909198113207547,7605.0,2.0,0.4,0.2,0.2,True,True,3,8.389041614649097,43.0,8.995104714885752,STATIC_CURRENT_SNAPSHOT,False
col_39b7c034d6a15d22952ae31d1eab536a,2023-07,5.0,5625.333333333332,2692.575184392101,8286.666666666666,3.0,0.6000000000000001,0.4,0.2,True,True,3,8.389041614649097,43.0,8.995104714885752,STATIC_CURRENT_SNAPSHOT,False
col_39b7c034d6a15d22952ae31d1eab536a,2023-08,5.0,6048.999999999999,0.10804439297161053,6598.666666666668,3.0,0.6000000000000001,0.6000000000000001,0.4,True,True,3,8.389041614649097,43.0,8.995104714885752,STATIC_CURRENT_SNAPSHOT,False
col_39b7c034d6a15d22952ae31d1eab536a,2023-09,5.0,7813.333333333332,0.3058251533625433,6495.888888888888,3.0,0.6000000000000001,0.6000000000000001,0.6000000000000001,True,True,3,8.389041614649097,43.0,8.995104714885752,STATIC_CURRENT_SNAPSHOT,False
col_39b7c034d6a15d22952ae31d1eab536a,2023-10,5.0,9195.666666666666,0.21430619803969048,7685.999999999999,3.0,0.6000000000000001,0.6000000000000001,0.6000000000000001,True,True,3,8.389041614649097,43.0,8.995104714885752,STATIC_CURRENT_SNAPSHOT,False
col_39b7c034d6a15d22952ae31d1eab536a,2023-11,5.0,8126.500000000001,0.02058840294088996,7346.499999999999,2.0,0.4,0.4,0.4,True,True,3,8.389041614649097,43.0,8.995104714885752,STATIC_CURRENT_SNAPSHOT,False
col_39b7c034d6a15d22952ae31d1eab536a,2023-12,5.0,9692.666666666666,-0.014337290701724934,9534.666666666666,3.0,0.6000000000000001,0.6000000000000001,0.6000000000000001,True,True,3,8.389041614649097,43.0,8.995104714885752,STATIC_CURRENT_SNAPSHOT,False
col_39b7c034d6a15d22952ae31d1eab536a,2024-01,5.0,7863.999999999998,-0.18479611163817986,9090.777777777777,3.0,0.6000000000000001,0.6000000000000001,0.6000000000000001,True,True,3,8.389041614649097,43.0,8.995104714885752,STATIC_CURRENT_SNAPSHOT,False
col_39b7c034d6a15d22952ae31d1eab536a,2024-02,5.0,3081.0,0.15523059617547807,2991.3333333333335,1.0,0.2,0.2,0.2,True,True,3,8.389041614649097,43.0,8.995104714885752,STATIC_CURRENT_SNAPSHOT,False
col_39b7c034d6a15d22952ae31d1eab536a,2024-03,5.0,12145.666666666664,0.222163032045668,10030.22222222222,3.0,0.6000000000000001,0.6000000000000001,0.6000000000000001,True,True,3,8.389041614649097,43.0,8.995104714885752,STATIC_CURRENT_SNAPSHOT,False
col_39b7c034d6a15d22952ae31d1eab536a,2024-04,5.0,16598.0,0.03247076387160985,15768.666666666668,1.0,0.2,0.2,0.2,True,True,3,8.389041614649097,43.0,8.995104714885752,STATIC_CURRENT_SNAPSHOT,False
col_39b7c034d6a15d22952ae31d1eab536a,2024-05,5.0,11062.5,0.039585995775405246,10787.166666666666,2.0,0.4,0.4,0.4,True,True,3,8.389041614649097,43.0,8.995104714885752,STATIC_CURRENT_SNAPSHOT,False
col_39b7c034d6a15d22952ae31d1eab536a,2024-06,5.0,5040.0,0.07715323787134003,4643.0,1.0,0.2,0.2,0.2,True,True,3,8.389041614649097,43.0,8.995104714885752,STATIC_CURRENT_SNAPSHOT,False
col_39b7c034d6a15d22952ae31d1eab536a,2024-07,5.0,13872.0,-0.1077380150975429,14461.888888888887,3.0,0.6000000000000001,0.6000000000000001,0.6000000000000001,True,True,3,8.389041614649097,43.0,8.995104714885752,STATIC_CURRENT_SNAPSHOT,False
col_39b7c034d6a15d22952ae31d1eab536a,2024-08,5.0,11975.666666666666,-0.16292495713553856,13779.11111111111,3.0,0.6000000000000001,0.6000000000000001,0.6000000000000001,True,True,3,8.389041614649097,43.0,8.995104714885752,STATIC_CURRENT_SNAPSHOT,False
col_39b7c034d6a15d22952ae31d1eab536a,2024-09,5.0,10758.499999999998,-0.006015484158466736,10983.666666666668,2.0,0.4,0.4,0.4,True,True,3,8.389041614649097,43.0,8.995104714885752,STATIC_CURRENT_SNAPSHOT,False
col_39b7c034d6a15d22952ae31d1eab536a,2024-10,5.0,74036.40000000001,0.14185784141659433,39371.5,5.0,1.0,1.0,0.8,True,True,3,8.389041614649097,43.0,8.995104714885752,STATIC_CURRENT_SNAPSHOT,False
col_39b7c034d6a15d22952ae31d1eab536a,2024-11,5.0,,,,0.0,0.0,0.0,0.0,False,True,3,8.389041614649097,43.0,8.995104714885752,STATIC_CURRENT_SNAPSHOT,False
col_39b7c034d6a15d22952ae31d1eab536a,2024-12,5.0,14764.666666666666,,,3.0,0.6000000000000001,0.0,0.0,True,True,3,8.389041614649097,43.0,8.995104714885752,STATIC_CURRENT_SNAPSHOT,False
col_39b7c034d6a15d22952ae31d1eab536a,2025-01,5.0,11373.333333333334,-0.22784899305455394,,3.0,0.6000000000000001,0.6000000000000001,0.0,True,True,3,8.389041614649097,43.0,8.995104714885752,STATIC_CURRENT_SNAPSHOT,False
col_39b7c034d6a15d22952ae31d1eab536a,2025-02,5.0,3686.0,-0.012854847348687734,4099.333333333333,1.0,0.2,0.2,0.2,True,True,3,8.389041614649097,43.0,8.995104714885752,STATIC_CURRENT_SNAPSHOT,False
col_39b7c034d6a15d22952ae31d1eab536a,2025-03,5.0,11405.500000000002,0.12502068379700165,10399.333333333334,2.0,0.4,0.4,0.4,True,True,3,8.389041614649097,43.0,8.995104714885752,STATIC_CURRENT_SNAPSHOT,False
col_39b7c034d6a15d22952ae31d1eab536a,2025-04,5.0,10595.499999999998,0.08257484086023358,10435.666666666668,2.0,0.4,0.4,0.4,True,True,3,8.389041614649097,43.0,8.995104714885752,STATIC_CURRENT_SNAPSHOT,False
col_39b7c034d6a15d22952ae31d1eab536a,2025-05,5.0,11380.999999999998,-0.151607990042547,12606.333333333332,3.0,0.6000000000000001,0.6000000000000001,0.6000000000000001,True,True,3,8.389041614649097,43.0,8.995104714885752,STATIC_CURRENT_SNAPSHOT,False
col_39b7c034d6a15d22952ae31d1eab536a,2025-06,5.0,12647.666666666666,0.11120986626188009,12478.777777777776,3.0,0.6000000000000001,0.6000000000000001,0.6000000000000001,True,True,3,8.389041614649097,43.0,8.995104714885752,STATIC_CURRENT_SNAPSHOT,False
col_39b7c034d6a15d22952ae31d1eab536a,2025-07,5.0,9678.5,-0.07159317699336985,9996.833333333334,2.0,0.4,0.4,0.4,True,True,3,8.389041614649097,43.0,8.995104714885752,STATIC_CURRENT_SNAPSHOT,False
col_39b7c034d6a15d22952ae31d1eab536a,2025-08,5.0,10896.666666666664,-0.13097805494967468,11945.333333333332,3.0,0.6000000000000001,0.6000000000000001,0.6000000000000001,True,True,3,8.389041614649097,43.0,8.995104714885752,STATIC_CURRENT_SNAPSHOT,False
col_39b7c034d6a15d22952ae31d1eab536a,2025-09,5.0,11123.0,0.025662475282154977,11437.11111111111,3.0,0.6000000000000001,0.6000000000000001,0.6000000000000001,True,True,3,8.389041614649097,43.0,8.995104714885752,STATIC_CURRENT_SNAPSHOT,False
col_39b7c034d6a15d22952ae31d1eab536a,2025-10,5.0,8857.5,0.12718721293048488,8749.5,2.0,0.4,0.4,0.4,True,True,3,8.389041614649097,43.0,8.995104714885752,STATIC_CURRENT_SNAPSHOT,False
col_39b7c034d6a15d22952ae31d1eab536a,2025-11,5.0,4366.0,0.06931178055351457,3899.0,1.0,0.2,0.2,0.2,True,True,3,8.389041614649097,43.0,8.995104714885752,STATIC_CURRENT_SNAPSHOT,False
col_39b7c034d6a15d22952ae31d1eab536a,2025-12,5.0,12049.666666666666,-0.09180339035429304,12398.666666666666,3.0,0.6000000000000001,0.6000000000000001,0.6000000000000001,True,True,3,8.389041614649097,43.0,8.995104714885752,STATIC_CURRENT_SNAPSHOT,False
col_39b7c034d6a15d22952ae31d1eab536a,2026-01,5.0,10309.999999999998,-0.14752387853195364,11817.444444444443,3.0,0.6000000000000001,0.6000000000000001,0.6000000000000001,True,True,3,8.389041614649097,43.0,8.995104714885752,STATIC_CURRENT_SNAPSHOT,False
col_39b7c034d6a15d22952ae31d1eab536a,2026-02,5.0,10724.666666666666,0.026923147452817684,11028.11111111111,3.0,0.6000000000000001,0.6000000000000001,0.6000000000000001,True,True,3,8.389041614649097,43.0,8.995104714885752,STATIC_CURRENT_SNAPSHOT,False
col_39b7c034d6a15d22952ae31d1eab536a,2026-03,5.0,11920.666666666666,0.13385267954948843,10985.11111111111,3.0,0.6000000000000001,0.6000000000000001,0.6000000000000001,True,True,3,8.389041614649097,43.0,8.995104714885752,STATIC_CURRENT_SNAPSHOT,False
col_39b7c034d6a15d22952ae31d1eab536a,2026-04,5.0,9378.0,0.05900832768084544,8710.333333333334,2.0,0.4,0.4,0.4,True,True,3,8.389041614649097,43.0,8.995104714885752,STATIC_CURRENT_SNAPSHOT,False
col_39b7c034d6a15d22952ae31d1eab536a,2026-05,5.0,9537.0,-0.09221902017291066,3702.6666666666665,2.0,0.4,0.2,0.2,True,True,3,8.389041614649097,43.0,8.995104714885752,STATIC_CURRENT_SNAPSHOT,False
col_39b7c034d6a15d22952ae31d1eab536a,2026-06,5.0,16716.0,0.07092062271766289,,1.0,0.2,0.2,0.0,True,True,3,8.389041614649097,43.0,8.995104714885752,STATIC_CURRENT_SNAPSHOT,False
col_39b7c034d6a15d22952ae31d1eab536a,2026-07,5.0,,,,0.0,0.0,0.0,0.0,False,True,3,8.389041614649097,43.0,8.995104714885752,STATIC_CURRENT_SNAPSHOT,False
col_39b7c034d6a15d22952ae31d1eab536a,2026-08,5.0,9639.333333333332,-0.12371642494571745,10594.333333333332,3.0,0.6000000000000001,0.6000000000000001,0.6000000000000001,True,True,3,8.389041614649097,43.0,8.995104714885752,STATIC_CURRENT_SNAPSHOT,False
col_3c107741e9aa5999ac5f00ed40d5deea,2023-01,3.0,,,,0.0,0.0,0.0,0.0,False,True,2,6.055536483047782,24.0,7.902303203475864,STATIC_CURRENT_SNAPSHOT,False
col_3c107741e9aa5999ac5f00ed40d5deea,2023-02,3.0,9170.0,,,1.0,0.3333333333333333,0.0,0.0,True,True,2,6.055536483047782,24.0,7.902303203475864,STATIC_CURRENT_SNAPSHOT,False
col_3c107741e9aa5999ac5f00ed40d5deea,2023-03,3.0,4809.5,0.015703380588876773,,2.0,0.6666666666666666,0.3333333333333333,0.0,True,True,2,6.055536483047782,24.0,7.902303203475864,STATIC_CURRENT_SNAPSHOT,False
col_3c107741e9aa5999ac5f00ed40d5deea,2023-04,3.0,9153.0,-0.01728580631307709,9212.333333333334,1.0,0.3333333333333333,0.3333333333333333,0.3333333333333333,True,True,2,6.055536483047782,24.0,7.902303203475864,STATIC_CURRENT_SNAPSHOT,False
col_3c107741e9aa5999ac5f00ed40d5deea,2023-05,3.0,8440.0,-0.07789795695400416,8969.0,1.0,0.3333333333333333,0.3333333333333333,0.3333333333333333,True,True,2,6.055536483047782,24.0,7.902303203475864,STATIC_CURRENT_SNAPSHOT,False
col_3c107741e9aa5999ac5f00ed40d5deea,2023-06,3.0,8822.0,0.03873778405745908,8165.333333333332,1.0,0.3333333333333333,0.3333333333333333,0.3333333333333333,True,True,2,6.055536483047782,24.0,7.902303203475864,STATIC_CURRENT_SNAPSHOT,False
col_3c107741e9aa5999ac5f00ed40d5deea,2023-07,3.0,9631.0,0.02796456398761874,9146.666666666666,1.0,0.3333333333333333,0.3333333333333333,0.3333333333333333,True,True,2,6.055536483047782,24.0,7.902303203475864,STATIC_CURRENT_SNAPSHOT,False
col_3c107741e9aa5999ac5f00ed40d5deea,2023-08,3.0,9896.0,0.03442727496350343,9520.666666666666,2.0,0.6666666666666666,0.6666666666666666,0.6666666666666666,True,True,2,6.055536483047782,24.0,7.902303203475864,STATIC_CURRENT_SNAPSHOT,False
col_3c107741e9aa5999ac5f00ed40d5deea,2023-09,3.0,11143.0,0.12352905788891161,10203.166666666666,2.0,0.6666666666666666,0.6666666666666666,0.6666666666666666,True,True,2,6.055536483047782,24.0,7.902303203475864,STATIC_CURRENT_SNAPSHOT,False
col_3c107741e9aa5999ac5f00ed40d5deea,2023-10,3.0,5795.5,0.046243921802123646,9982.666666666666,2.0,0.6666666666666666,0.3333333333333333,0.3333333333333333,True,True,2,6.055536483047782,24.0,7.902303203475864,STATIC_CURRENT_SNAPSHOT,False
col_3c107741e9aa5999ac5f00ed40d5deea,2023-11,3.0,2860.0,1.729007633587786,,1.0,0.3333333333333333,0.3333333333333333,0.0,True,True,2,6.055536483047782,24.0,7.902303203475864,STATIC_CURRENT_SNAPSHOT,False
col_3c107741e9aa5999ac5f00ed40d5deea,2023-12,3.0,10474.0,-0.06632198252807987,10745.0,1.0,0.3333333333333333,0.3333333333333333,0.3333333333333333,True,True,2,6.055536483047782,24.0,7.902303203475864,STATIC_CURRENT_SNAPSHOT,False
col_3c107741e9aa5999ac5f00ed40d5deea,2024-01,3.0,10303.333333333332,-0.1300836214570551,11339.444444444445,3.0,1.0,1.0,1.0,True,True,2,6.055536483047782,24.0,7.902303203475864,STATIC_CURRENT_SNAPSHOT,False
col_3c107741e9aa5999ac5f00ed40d5deea,2024-02,3.0,12330.0,0.4382363233407209,10459.0,1.0,0.3333333333333333,0.3333333333333333,0.3333333333333333,True,True,2,6.055536483047782,24.0,7.902303203475864,STATIC_CURRENT_SNAPSHOT,False
col_3c107741e9aa5999ac5f00ed40d5deea,2024-03,3.0,9019.0,0.13941484002158955,7671.166666666666,2.0,0.6666666666666666,0.6666666666666666,0.6666666666666666,True,True,2,6.055536483047782,24.0,7.902303203475864,STATIC_CURRENT_SNAPSHOT,False
col_3c107741e9aa5999ac5f00ed40d5deea,2024-04,3.0,18650.0,0.06613289315962423,16915.88888888889,3.0,1.0,1.0,1.0,True,True,2,6.055536483047782,24.0,7.902303203475864,STATIC_CURRENT_SNAPSHOT,False
col_3c107741e9aa5999ac5f00ed40d5deea,2024-05,3.0,10318.5,0.06916118421052632,9628.5,2.0,0.6666666666666666,0.6666666666666666,0.6666666666666666,True,True,2,6.055536483047782,24.0,7.902303203475864,STATIC_CURRENT_SNAPSHOT,False
col_3c107741e9aa5999ac5f00ed40d5deea,2024-06,3.0,10768.0,0.05052769822683818,10211.5,2.0,0.6666666666666666,0.6666666666666666,0.6666666666666666,True,True,2,6.055536483047782,24.0,7.902303203475864,STATIC_CURRENT_SNAPSHOT,False
col_3c107741e9aa5999ac5f00ed40d5deea,2024-07,3.0,18932.333333333332,-0.11448812866355934,20032.999999999996,3.0,1.0,1.0,1.0,True,True,2,6.055536483047782,24.0,7.902303203475864,STATIC_CURRENT_SNAPSHOT,False
col_3c107741e9aa5999ac5f00ed40d5deea,2024-08,3.0,4716.0,0.0038314176245210726,4998.0,1.0,0.3333333333333333,0.3333333333333333,0.3333333333333333,True,True,2,6.055536483047782,24.0,7.902303203475864,STATIC_CURRENT_SNAPSHOT,False
col_3c107741e9aa5999ac5f00ed40d5deea,2024-09,3.0,8935.999999999998,-0.05559922685060655,9436.833333333334,2.0,0.6666666666666666,0.6666666666666666,0.6666666666666666,True,True,2,6.055536483047782,24.0,7.902303203475864,STATIC_CURRENT_SNAPSHOT,False
col_3c107741e9aa5999ac5f00ed40d5deea,2024-10,3.0,19343.666666666664,0.013917404021880901,18726.0,3.0,1.0,1.0,1.0,True,True,2,6.055536483047782,24.0,7.902303203475864,STATIC_CURRENT_SNAPSHOT,False
col_3c107741e9aa5999ac5f00ed40d5deea,2024-11,3.0,,,,0.0,0.0,0.0,0.0,False,True,2,6.055536483047782,24.0,7.902303203475864,STATIC_CURRENT_SNAPSHOT,False
col_3c107741e9aa5999ac5f00ed40d5deea,2024-12,3.0,9005.5,,,2.0,0.6666666666666666,0.0,0.0,True,True,2,6.055536483047782,24.0,7.902303203475864,STATIC_CURRENT_SNAPSHOT,False
col_3c107741e9aa5999ac5f00ed40d5deea,2025-01,3.0,7326.999999999999,-0.17841553775914976,,2.0,0.6666666666666666,0.6666666666666666,0.0,True,True,2,6.055536483047782,24.0,7.902303203475864,STATIC_CURRENT_SNAPSHOT,False
col_3c107741e9aa5999ac5f00ed40d5deea,2025-02,3.0,8565.5,0.12102554843175324,8299.333333333334,2.0,0.6666666666666666,0.6666666666666666,0.6666666666666666,True,True,2,6.055536483047782,24.0,7.902303203475864,STATIC_CURRENT_SNAPSHOT,False
col_3c107741e9aa5999ac5f00ed40d5deea,2025-03,3.0,25480.5,0.016351287750755446,24344.666666666668,2.0,0.6666666666666666,0.6666666666666666,0.6666666666666666,True,True,2,6.055536483047782,24.0,7.902303203475864,STATIC_CURRENT_SNAPSHOT,False
col_3c107741e9aa5999ac5f00ed40d5deea,2025-04,3.0,9255.0,0.07351124887107906,8777.333333333332,2.0,0.6666666666666666,0.6666666666666666,0.6666666666666666,True,True,2,6.055536483047782,24.0,7.902303203475864,STATIC_CURRENT_SNAPSHOT,False
col_3c107741e9aa5999ac5f00ed40d5deea,2025-05,3.0,8461.0,-0.08182654471202294,8742.5,2.0,0.6666666666666666,0.6666666666666666,0.6666666666666666,True,True,2,6.055536483047782,24.0,7.902303203475864,STATIC_CURRENT_SNAPSHOT,False
col_3c107741e9aa5999ac5f00ed40d5deea,2025-06,3.0,4036.0,0.08816392558641144,3918.0,1.0,0.3333333333333333,0.3333333333333333,0.3333333333333333,True,True,2,6.055536483047782,24.0,7.902303203475864,STATIC_CURRENT_SNAPSHOT,False
col_3c107741e9aa5999ac5f00ed40d5deea,2025-07,3.0,12444.0,-0.12366197183098591,13285.666666666664,1.0,0.3333333333333333,0.3333333333333333,0.3333333333333333,True,True,2,6.055536483047782,24.0,7.902303203475864,STATIC_CURRENT_SNAPSHOT,False
col_3c107741e9aa5999ac5f00ed40d5deea,2025-08,3.0,33634.0,0.029034725409209115,35381.0,1.0,0.3333333333333333,0.3333333333333333,0.3333333333333333,True,True,2,6.055536483047782,24.0,7.902303203475864,STATIC_CURRENT_SNAPSHOT,False
col_3c107741e9aa5999ac5f00ed40d5deea,2025-09,3.0,8500.5,-0.007970923050440348,8406.499999999998,2.0,0.6666666666666666,0.6666666666666666,0.6666666666666666,True,True,2,6.055536483047782,24.0,7.902303203475864,STATIC_CURRENT_SNAPSHOT,False
col_3c107741e9aa5999ac5f00ed40d5deea,2025-10,3.0,19489.0,-0.0057660103773281325,18989.833333333336,2.0,0.6666666666666666,0.6666666666666666,0.6666666666666666,True,True,2,6.055536483047782,24.0,7.902303203475864,STATIC_CURRENT_SNAPSHOT,False
col_3c107741e9aa5999ac5f00ed40d5deea,2025-11,3.0,12750.0,0.022126022126022125,12787.333333333334,1.0,0.3333333333333333,0.3333333333333333,0.3333333333333333,True,True,2,6.055536483047782,24.0,7.902303203475864,STATIC_CURRENT_SNAPSHOT,False
col_3c107741e9aa5999ac5f00ed40d5deea,2025-12,3.0,17418.333333333332,-0.0463006446272802,17650.888888888887,3.0,1.0,1.0,1.0,True,True,2,6.055536483047782,24.0,7.902303203475864,STATIC_CURRENT_SNAPSHOT,False
col_3c107741e9aa5999ac5f00ed40d5deea,2026-01,3.0,14751.333333333332,-0.12320110714834134,16851.11111111111,3.0,1.0,1.0,1.0,True,True,2,6.055536483047782,24.0,7.902303203475864,STATIC_CURRENT_SNAPSHOT,False
col_3c107741e9aa5999ac5f00ed40d5deea,2026-02,3.0,8013.0,0.14365984284472977,7622.666666666666,2.0,0.6666666666666666,0.6666666666666666,0.6666666666666666,True,True,2,6.055536483047782,24.0,7.902303203475864,STATIC_CURRENT_SNAPSHOT,False
col_3c107741e9aa5999ac5f00ed40d5deea,2026-03,3.0,12321.0,0.05244725377978987,11228.0,1.0,0.3333333333333333,0.3333333333333333,0.3333333333333333,True,True,2,6.055536483047782,24.0,7.902303203475864,STATIC_CURRENT_SNAPSHOT,False
col_3c107741e9aa5999ac5f00ed40d5deea,2026-04,3.0,18379.999999999996,0.08602346950323832,23457.5,3.0,1.0,0.6666666666666666,0.6666666666666666,True,True,2,6.055536483047782,24.0,7.902303203475864,STATIC_CURRENT_SNAPSHOT,False
col_3c107741e9aa5999ac5f00ed40d5deea,2026-05,3.0,,,,0.0,0.0,0.0,0.0,False,True,2,6.055536483047782,24.0,7.902303203475864,STATIC_CURRENT_SNAPSHOT,False
col_3c107741e9aa5999ac5f00ed40d5deea,2026-06,3.0,8649.0,0.06860462301618177,8651.666666666666,2.0,0.6666666666666666,0.6666666666666666,0.6666666666666666,True,True,2,6.055536483047782,24.0,7.902303203475864,STATIC_CURRENT_SNAPSHOT,False
col_3c107741e9aa5999ac5f00ed40d5deea,2026-07,3.0,30981.0,-0.12896423751686908,33652.333333333336,1.0,0.3333333333333333,0.3333333333333333,0.3333333333333333,True,True,2,6.055536483047782,24.0,7.902303203475864,STATIC_CURRENT_SNAPSHOT,False
col_3c107741e9aa5999ac5f00ed40d5deea,2026-08,3.0,8197.0,0.04693842857044842,8168.333333333332,2.0,0.6666666666666666,0.6666666666666666,0.6666666666666666,True,True,2,6.055536483047782,24.0,7.902303203475864,STATIC_CURRENT_SNAPSHOT,False
col_3d725e14185a5c38a7d3e1cda93adc73,2023-01,,,,,,,,,False,False,5,,,,STATIC_CURRENT_SNAPSHOT,False
col_3d725e14185a5c38a7d3e1cda93adc73,2023-02,,,,,,,,,False,False,5,,,,STATIC_CURRENT_SNAPSHOT,False
col_3d725e14185a5c38a7d3e1cda93adc73,2023-03,,,,,,,,,False,False,5,,,,STATIC_CURRENT_SNAPSHOT,False
col_3d725e14185a5c38a7d3e1cda93adc73,2023-04,,,,,,,,,False,False,5,,,,STATIC_CURRENT_SNAPSHOT,False
col_3d725e14185a5c38a7d3e1cda93adc73,2023-05,,,,,,,,,False,False,5,,,,STATIC_CURRENT_SNAPSHOT,False
col_3d725e14185a5c38a7d3e1cda93adc73,2023-06,,,,,,,,,False,False,5,,,,STATIC_CURRENT_SNAPSHOT,False
col_3d725e14185a5c38a7d3e1cda93adc73,2023-07,,,,,,,,,False,False,5,,,,STATIC_CURRENT_SNAPSHOT,False
col_3d725e14185a5c38a7d3e1cda93adc73,2023-08,,,,,,,,,False,False,5,,,,STATIC_CURRENT_SNAPSHOT,False
col_3d725e14185a5c38a7d3e1cda93adc73,2023-09,,,,,,,,,False,False,5,,,,STATIC_CURRENT_SNAPSHOT,False
col_3d725e14185a5c38a7d3e1cda93adc73,2023-10,,,,,,,,,False,False,5,,,,STATIC_CURRENT_SNAPSHOT,False
col_3d725e14185a5c38a7d3e1cda93adc73,2023-11,,,,,,,,,False,False,5,,,,STATIC_CURRENT_SNAPSHOT,False
col_3d725e14185a5c38a7d3e1cda93adc73,2023-12,,,,,,,,,False,False,5,,,,STATIC_CURRENT_SNAPSHOT,False
col_3d725e14185a5c38a7d3e1cda93adc73,2024-01,,,,,,,,,False,False,5,,,,STATIC_CURRENT_SNAPSHOT,False
col_3d725e14185a5c38a7d3e1cda93adc73,2024-02,,,,,,,,,False,False,5,,,,STATIC_CURRENT_SNAPSHOT,False
col_3d725e14185a5c38a7d3e1cda93adc73,2024-03,,,,,,,,,False,False,5,,,,STATIC_CURRENT_SNAPSHOT,False
col_3d725e14185a5c38a7d3e1cda93adc73,2024-04,,,,,,,,,False,False,5,,,,STATIC_CURRENT_SNAPSHOT,False
col_3d725e14185a5c38a7d3e1cda93adc73,2024-05,,,,,,,,,False,False,5,,,,STATIC_CURRENT_SNAPSHOT,False
col_3d725e14185a5c38a7d3e1cda93adc73,2024-06,,,,,,,,,False,False,5,,,,STATIC_CURRENT_SNAPSHOT,False
col_3d725e14185a5c38a7d3e1cda93adc73,2024-07,,,,,,,,,False,False,5,,,,STATIC_CURRENT_SNAPSHOT,False
col_3d725e14185a5c38a7d3e1cda93adc73,2024-08,,,,,,,,,False,False,5,,,,STATIC_CURRENT_SNAPSHOT,False
col_3d725e14185a5c38a7d3e1cda93adc73,2024-09,,,,,,,,,False,False,5,,,,STATIC_CURRENT_SNAPSHOT,False
col_3d725e14185a5c38a7d3e1cda93adc73,2024-10,,,,,,,,,False,False,5,,,,STATIC_CURRENT_SNAPSHOT,False
col_3d725e14185a5c38a7d3e1cda93adc73,2024-11,,,,,,,,,False,False,5,,,,STATIC_CURRENT_SNAPSHOT,False
col_3d725e14185a5c38a7d3e1cda93adc73,2024-12,,,,,,,,,False,False,5,,,,STATIC_CURRENT_SNAPSHOT,False
col_3d725e14185a5c38a7d3e1cda93adc73,2025-01,,,,,,,,,False,False,5,,,,STATIC_CURRENT_SNAPSHOT,False
col_3d725e14185a5c38a7d3e1cda93adc73,2025-02,,,,,,,,,False,False,5,,,,STATIC_CURRENT_SNAPSHOT,False
col_3d725e14185a5c38a7d3e1cda93adc73,2025-03,,,,,,,,,False,False,5,,,,STATIC_CURRENT_SNAPSHOT,False
col_3d725e14185a5c38a7d3e1cda93adc73,2025-04,,,,,,,,,False,False,5,,,,STATIC_CURRENT_SNAPSHOT,False
col_3d725e14185a5c38a7d3e1cda93adc73,2025-05,,,,,,,,,False,False,5,,,,STATIC_CURRENT_SNAPSHOT,False
col_3d725e14185a5c38a7d3e1cda93adc73,2025-06,,,,,,,,,False,False,5,,,,STATIC_CURRENT_SNAPSHOT,False
col_3d725e14185a5c38a7d3e1cda93adc73,2025-07,,,,,,,,,False,False,5,,,,STATIC_CURRENT_SNAPSHOT,False
col_3d725e14185a5c38a7d3e1cda93adc73,2025-08,,,,,,,,,False,False,5,,,,STATIC_CURRENT_SNAPSHOT,False
col_3d725e14185a5c38a7d3e1cda93adc73,2025-09,,,,,,,,,False,False,5,,,,STATIC_CURRENT_SNAPSHOT,False
col_3d725e14185a5c38a7d3e1cda93adc73,2025-10,,,,,,,,,False,False,5,,,,STATIC_CURRENT_SNAPSHOT,False
col_3d725e14185a5c38a7d3e1cda93adc73,2025-11,,,,,,,,,False,False,5,,,,STATIC_CURRENT_SNAPSHOT,False
col_3d725e14185a5c38a7d3e1cda93adc73,2025-12,,,,,,,,,False,False,5,,,,STATIC_CURRENT_SNAPSHOT,False
col_3d725e14185a5c38a7d3e1cda93adc73,2026-01,,,,,,,,,False,False,5,,,,STATIC_CURRENT_SNAPSHOT,False
col_3d725e14185a5c38a7d3e1cda93adc73,2026-02,,,,,,,,,False,False,5,,,,STATIC_CURRENT_SNAPSHOT,False
col_3d725e14185a5c38a7d3e1cda93adc73,2026-03,,,,,,,,,False,False,5,,,,STATIC_CURRENT_SNAPSHOT,False
col_3d725e14185a5c38a7d3e1cda93adc73,2026-04,,,,,,,,,False,False,5,,,,STATIC_CURRENT_SNAPSHOT,False
col_3d725e14185a5c38a7d3e1cda93adc73,2026-05,,,,,,,,,False,False,5,,,,STATIC_CURRENT_SNAPSHOT,False
col_3d725e14185a5c38a7d3e1cda93adc73,2026-06,,,,,,,,,False,False,5,,,,STATIC_CURRENT_SNAPSHOT,False
col_3d725e14185a5c38a7d3e1cda93adc73,2026-07,,,,,,,,,False,False,5,,,,STATIC_CURRENT_SNAPSHOT,False
col_3d725e14185a5c38a7d3e1cda93adc73,2026-08,,,,,,,,,False,False,5,,,,STATIC_CURRENT_SNAPSHOT,False
col_43db8a95c872541680d0688e731fe141,2023-01,3.0,,,,0.0,0.0,0.0,0.0,False,True,44,8.600503971402684,25.0,7.269257417549502,STATIC_CURRENT_SNAPSHOT,False
col_43db8a95c872541680d0688e731fe141,2023-02,3.0,13402.5,,,2.0,0.6666666666666666,0.0,0.0,True,True,44,8.600503971402684,25.0,7.269257417549502,STATIC_CURRENT_SNAPSHOT,False
col_43db8a95c872541680d0688e731fe141,2023-03,3.0,15157.999999999998,0.13170838636556914,,2.0,0.6666666666666666,0.6666666666666666,0.0,True,True,44,8.600503971402684,25.0,7.269257417549502,STATIC_CURRENT_SNAPSHOT,False
col_43db8a95c872541680d0688e731fe141,2023-04,3.0,24672.0,0.3391113019212193,20032.666666666668,2.0,0.6666666666666666,0.3333333333333333,0.3333333333333333,True,True,44,8.600503971402684,25.0,7.269257417549502,STATIC_CURRENT_SNAPSHOT,False
col_43db8a95c872541680d0688e731fe141,2023-05,3.0,22641.0,-0.07174777581894962,,1.0,0.3333333333333333,0.3333333333333333,0.0,True,True,44,8.600503971402684,25.0,7.269257417549502,STATIC_CURRENT_SNAPSHOT,False
col_43db8a95c872541680d0688e731fe141,2023-06,3.0,25043.666666666664,0.22539465332861372,22340.44444444444,3.0,1.0,1.0,1.0,True,True,44,8.600503971402684,25.0,7.269257417549502,STATIC_CURRENT_SNAPSHOT,False
col_43db8a95c872541680d0688e731fe141,2023-07,3.0,18313.0,0.06100811123986095,16347.0,1.0,0.3333333333333333,0.3333333333333333,0.3333333333333333,True,True,44,8.600503971402684,25.0,7.269257417549502,STATIC_CURRENT_SNAPSHOT,False
col_43db8a95c872541680d0688e731fe141,2023-08,3.0,22910.0,-0.03190621638589027,23031.333333333332,2.0,0.6666666666666666,0.6666666666666666,0.6666666666666666,True,True,44,8.600503971402684,25.0,7.269257417549502,STATIC_CURRENT_SNAPSHOT,False
col_43db8a95c872541680d0688e731fe141,2023-09,3.0,25911.0,0.13272093591805342,24156.833333333332,2.0,0.6666666666666666,0.6666666666666666,0.6666666666666666,True,True,44,8.600503971402684,25.0,7.269257417549502,STATIC_CURRENT_SNAPSHOT,False
col_43db8a95c872541680d0688e731fe141,2023-10,3.0,21288.0,0.056109540110135435,19707.333333333332,1.0,0.3333333333333333,0.3333333333333333,0.3333333333333333,True,True,44,8.600503971402684,25.0,7.269257417549502,STATIC_CURRENT_SNAPSHOT,False
col_43db8a95c872541680d0688e731fe141,2023-11,3.0,24232.0,0.13829387448327696,21892.333333333332,1.0,0.3333333333333333,0.3333333333333333,0.3333333333333333,True,True,44,8.600503971402684,25.0,7.269257417549502,STATIC_CURRENT_SNAPSHOT,False
col_43db8a95c872541680d0688e731fe141,2023-12,3.0,23412.0,-0.033839551006932984,22977.333333333332,1.0,0.3333333333333333,0.3333333333333333,0.3333333333333333,True,True,44,8.600503971402684,25.0,7.269257417549502,STATIC_CURRENT_SNAPSHOT,False
col_43db8a95c872541680d0688e731fe141,2024-01,3.0,26996.33333333333,-0.1790653480691614,27564.666666666668,3.0,1.0,1.0,0.6666666666666666,True,True,44,8.600503971402684,25.0,7.269257417549502,STATIC_CURRENT_SNAPSHOT,False
col_43db8a95c872541680d0688e731fe141,2024-02,3.0,40781.0,0.2146239761727476,38342.333333333336,1.0,0.3333333333333333,0.3333333333333333,0.3333333333333333,True,True,44,8.600503971402684,25.0,7.269257417549502,STATIC_CURRENT_SNAPSHOT,False
col_43db8a95c872541680d0688e731fe141,2024-03,3.0,,,,0.0,0.0,0.0,0.0,False,True,44,8.600503971402684,25.0,7.269257417549502,STATIC_CURRENT_SNAPSHOT,False
col_43db8a95c872541680d0688e731fe141,2024-04,3.0,37143.5,0.07001912581051453,43177.0,2.0,0.6666666666666666,0.3333333333333333,0.3333333333333333,True,True,44,8.600503971402684,25.0,7.269257417549502,STATIC_CURRENT_SNAPSHOT,False
col_43db8a95c872541680d0688e731fe141,2024-05,3.0,41203.0,0.09082525200175177,43088.66666666667,3.0,1.0,1.0,0.6666666666666666,True,True,44,8.600503971402684,25.0,7.269257417549502,STATIC_CURRENT_SNAPSHOT,False
col_43db8a95c872541680d0688e731fe141,2024-06,3.0,32905.0,0.02709367294066236,31117.666666666664,1.0,0.3333333333333333,0.3333333333333333,0.3333333333333333,True,True,44,8.600503971402684,25.0,7.269257417549502,STATIC_CURRENT_SNAPSHOT,False
col_43db8a95c872541680d0688e731fe141,2024-07,3.0,35255.0,-0.057034500556052976,36628.83333333333,2.0,0.6666666666666666,0.6666666666666666,0.6666666666666666,True,True,44,8.600503971402684,25.0,7.269257417549502,STATIC_CURRENT_SNAPSHOT,False
col_43db8a95c872541680d0688e731fe141,2024-08,3.0,,,,0.0,0.0,0.0,0.0,False,True,44,8.600503971402684,25.0,7.269257417549502,STATIC_CURRENT_SNAPSHOT,False
col_43db8a95c872541680d0688e731fe141,2024-09,3.0,30954.0,0.002851033499643621,30939.33333333333,1.0,0.3333333333333333,0.3333333333333333,0.3333333333333333,True,True,44,8.600503971402684,25.0,7.269257417549502,STATIC_CURRENT_SNAPSHOT,False
col_43db8a95c872541680d0688e731fe141,2024-10,3.0,40222.666666666664,-0.02420560561470806,35126.333333333336,3.0,1.0,0.6666666666666666,0.6666666666666666,True,True,44,8.600503971402684,25.0,7.269257417549502,STATIC_CURRENT_SNAPSHOT,False
col_43db8a95c872541680d0688e731fe141,2024-11,3.0,,,,0.0,0.0,0.0,0.0,False,True,44,8.600503971402684,25.0,7.269257417549502,STATIC_CURRENT_SNAPSHOT,False
col_43db8a95c872541680d0688e731fe141,2024-12,3.0,,,,0.0,0.0,0.0,0.0,False,True,44,8.600503971402684,25.0,7.269257417549502,STATIC_CURRENT_SNAPSHOT,False
col_43db8a95c872541680d0688e731fe141,2025-01,3.0,38500.5,-0.1586594375386388,,2.0,0.6666666666666666,0.6666666666666666,0.0,True,True,44,8.600503971402684,25.0,7.269257417549502,STATIC_CURRENT_SNAPSHOT,False
col_43db8a95c872541680d0688e731fe141,2025-02,3.0,37519.0,0.0894651257332017,37557.333333333336,1.0,0.3333333333333333,0.3333333333333333,0.3333333333333333,True,True,44,8.600503971402684,25.0,7.269257417549502,STATIC_CURRENT_SNAPSHOT,False
col_43db8a95c872541680d0688e731fe141,2025-03,3.0,,,,0.0,0.0,0.0,0.0,False,True,44,8.600503971402684,25.0,7.269257417549502,STATIC_CURRENT_SNAPSHOT,False
col_43db8a95c872541680d0688e731fe141,2025-04,3.0,27497.0,0.04309396456887068,27680.0,1.0,0.3333333333333333,0.3333333333333333,0.3333333333333333,True,True,44,8.600503971402684,25.0,7.269257417549502,STATIC_CURRENT_SNAPSHOT,False
col_43db8a95c872541680d0688e731fe141,2025-05,3.0,,,,0.0,0.0,0.0,0.0,False,True,44,8.600503971402684,25.0,7.269257417549502,STATIC_CURRENT_SNAPSHOT,False
col_43db8a95c872541680d0688e731fe141,2025-06,3.0,33421.5,0.04475234655840907,32844.166666666664,2.0,0.6666666666666666,0.6666666666666666,0.6666666666666666,True,True,44,8.600503971402684,25.0,7.269257417549502,STATIC_CURRENT_SNAPSHOT,False
col_43db8a95c872541680d0688e731fe141,2025-07,3.0,48535.0,-0.09407372841810546,51970.333333333336,1.0,0.3333333333333333,0.3333333333333333,0.3333333333333333,True,True,44,8.600503971402684,25.0,7.269257417549502,STATIC_CURRENT_SNAPSHOT,False
col_43db8a95c872541680d0688e731fe141,2025-08,3.0,39278.666666666664,0.07862302712639,38651.33333333333,3.0,1.0,1.0,1.0,True,True,44,8.600503971402684,25.0,7.269257417549502,STATIC_CURRENT_SNAPSHOT,False
col_43db8a95c872541680d0688e731fe141,2025-09,3.0,24693.999999999996,-0.09002468953826878,25638.0,1.0,0.3333333333333333,0.3333333333333333,0.3333333333333333,True,True,44,8.600503971402684,25.0,7.269257417549502,STATIC_CURRENT_SNAPSHOT,False
col_43db8a95c872541680d0688e731fe141,2025-10,3.0,24974.0,0.011338786749817769,25601.666666666668,1.0,0.3333333333333333,0.3333333333333333,0.3333333333333333,True,True,44,8.600503971402684,25.0,7.269257417549502,STATIC_CURRENT_SNAPSHOT,False
col_43db8a95c872541680d0688e731fe141,2025-11,3.0,41131.66666666666,0.1277033109816629,37873.666666666664,3.0,1.0,0.6666666666666666,0.6666666666666666,True,True,44,8.600503971402684,25.0,7.269257417549502,STATIC_CURRENT_SNAPSHOT,False
col_43db8a95c872541680d0688e731fe141,2025-12,3.0,30533.0,-0.12731673793698772,31935.999999999996,2.0,0.6666666666666666,0.6666666666666666,0.6666666666666666,True,True,44,8.600503971402684,25.0,7.269257417549502,STATIC_CURRENT_SNAPSHOT,False
col_43db8a95c872541680d0688e731fe141,2026-01,3.0,,,,0.0,0.0,0.0,0.0,False,True,44,8.600503971402684,25.0,7.269257417549502,STATIC_CURRENT_SNAPSHOT,False
col_43db8a95c872541680d0688e731fe141,2026-02,3.0,33408.0,0.022370474645775316,34456.333333333336,1.0,0.3333333333333333,0.3333333333333333,0.3333333333333333,True,True,44,8.600503971402684,25.0,7.269257417549502,STATIC_CURRENT_SNAPSHOT,False
col_43db8a95c872541680d0688e731fe141,2026-03,3.0,28397.499999999996,-0.000895436782015238,28014.0,2.0,0.6666666666666666,0.6666666666666666,0.6666666666666666,True,True,44,8.600503971402684,25.0,7.269257417549502,STATIC_CURRENT_SNAPSHOT,False
col_43db8a95c872541680d0688e731fe141,2026-04,3.0,26063.0,0.08895295395671429,24529.0,1.0,0.3333333333333333,0.3333333333333333,0.3333333333333333,True,True,44,8.600503971402684,25.0,7.269257417549502,STATIC_CURRENT_SNAPSHOT,False
col_43db8a95c872541680d0688e731fe141,2026-05,3.0,52402.0,-0.02473432469151886,51846.0,1.0,0.3333333333333333,0.3333333333333333,0.3333333333333333,True,True,44,8.600503971402684,25.0,7.269257417549502,STATIC_CURRENT_SNAPSHOT,False
col_43db8a95c872541680d0688e731fe141,2026-06,3.0,30491.0,0.007482687153901007,30698.666666666668,2.0,0.6666666666666666,0.6666666666666666,0.6666666666666666,True,True,44,8.600503971402684,25.0,7.269257417549502,STATIC_CURRENT_SNAPSHOT,False
col_43db8a95c872541680d0688e731fe141,2026-07,3.0,,,,0.0,0.0,0.0,0.0,False,True,44,8.600503971402684,25.0,7.269257417549502,STATIC_CURRENT_SNAPSHOT,False
col_43db8a95c872541680d0688e731fe141,2026-08,3.0,35334.5,0.05153993013544846,35754.49999999999,2.0,0.6666666666666666,0.6666666666666666,0.6666666666666666,True,True,44,8.600503971402684,25.0,7.269257417549502,STATIC_CURRENT_SNAPSHOT,False
col_46ef3d6067b85bc580fd6f574f0e5a26,2023-01,7.0,,,,0.0,0.0,0.0,0.0,False,True,6,6.919158574905858,13.0,6.61511573494114,STATIC_CURRENT_SNAPSHOT,False
col_46ef3d6067b85bc580fd6f574f0e5a26,2023-02,7.0,,,,0.0,0.0,0.0,0.0,False,True,6,6.919158574905858,13.0,6.61511573494114,STATIC_CURRENT_SNAPSHOT,False
col_46ef3d6067b85bc580fd6f574f0e5a26,2023-03,7.0,,,,0.0,0.0,0.0,0.0,False,True,6,6.919158574905858,13.0,6.61511573494114,STATIC_CURRENT_SNAPSHOT,False
col_46ef3d6067b85bc580fd6f574f0e5a26,2023-04,7.0,,,,0.0,0.0,0.0,0.0,False,True,6,6.919158574905858,13.0,6.61511573494114,STATIC_CURRENT_SNAPSHOT,False
col_46ef3d6067b85bc580fd6f574f0e5a26,2023-05,7.0,,,,0.0,0.0,0.0,0.0,False,True,6,6.919158574905858,13.0,6.61511573494114,STATIC_CURRENT_SNAPSHOT,False
col_46ef3d6067b85bc580fd6f574f0e5a26,2023-06,7.0,,,,0.0,0.0,0.0,0.0,False,True,6,6.919158574905858,13.0,6.61511573494114,STATIC_CURRENT_SNAPSHOT,False
col_46ef3d6067b85bc580fd6f574f0e5a26,2023-07,7.0,5658.0,,,1.0,0.14285714285714285,0.0,0.0,True,True,6,6.919158574905858,13.0,6.61511573494114,STATIC_CURRENT_SNAPSHOT,False
col_46ef3d6067b85bc580fd6f574f0e5a26,2023-08,7.0,7721.0,0.36461647225167904,,1.0,0.14285714285714285,0.14285714285714285,0.0,True,True,6,6.919158574905858,13.0,6.61511573494114,STATIC_CURRENT_SNAPSHOT,False
col_46ef3d6067b85bc580fd6f574f0e5a26,2023-09,7.0,9073.0,0.17510685144411345,7484.0,1.0,0.14285714285714285,0.14285714285714285,0.14285714285714285,True,True,6,6.919158574905858,13.0,6.61511573494114,STATIC_CURRENT_SNAPSHOT,False
col_46ef3d6067b85bc580fd6f574f0e5a26,2023-10,7.0,10489.0,0.15606745288217788,9094.333333333334,1.0,0.14285714285714285,0.14285714285714285,0.14285714285714285,True,True,6,6.919158574905858,13.0,6.61511573494114,STATIC_CURRENT_SNAPSHOT,False
col_46ef3d6067b85bc580fd6f574f0e5a26,2023-11,7.0,11599.0,0.10582515015730766,10387.0,1.0,0.14285714285714285,0.14285714285714285,0.14285714285714285,True,True,6,6.919158574905858,13.0,6.61511573494114,STATIC_CURRENT_SNAPSHOT,False
col_46ef3d6067b85bc580fd6f574f0e5a26,2023-12,7.0,3028.7500000000005,-0.058453314940943184,11003.0,4.0,0.5714285714285714,0.14285714285714285,0.14285714285714285,True,True,6,6.919158574905858,13.0,6.61511573494114,STATIC_CURRENT_SNAPSHOT,False
col_46ef3d6067b85bc580fd6f574f0e5a26,2024-01,7.0,3325.2499999999995,1.4596829351587939,10728.333333333334,4.0,0.5714285714285714,0.5714285714285714,0.14285714285714285,True,True,6,6.919158574905858,13.0,6.61511573494114,STATIC_CURRENT_SNAPSHOT,False
col_46ef3d6067b85bc580fd6f574f0e5a26,2024-02,7.0,5054.0,0.7206889862161069,3802.6666666666665,4.0,0.5714285714285714,0.5714285714285714,0.5714285714285714,True,True,6,6.919158574905858,13.0,6.61511573494114,STATIC_CURRENT_SNAPSHOT,False
col_46ef3d6067b85bc580fd6f574f0e5a26,2024-03,7.0,2079.8,0.45730862739654277,2081.777777777778,5.0,0.7142857142857142,0.42857142857142855,0.42857142857142855,True,True,6,6.919158574905858,13.0,6.61511573494114,STATIC_CURRENT_SNAPSHOT,False
col_46ef3d6067b85bc580fd6f574f0e5a26,2024-04,7.0,5329.4285714285725,2.81652850718831,6323.5,7.0,0.9999999999999998,0.9999999999999998,0.5714285714285714,True,True,6,6.919158574905858,13.0,6.61511573494114,STATIC_CURRENT_SNAPSHOT,False
col_46ef3d6067b85bc580fd6f574f0e5a26,2024-05,7.0,6516.500000000001,0.1768776291906847,5475.388888888889,6.0,0.857142857142857,0.857142857142857,0.857142857142857,True,True,6,6.919158574905858,13.0,6.61511573494114,STATIC_CURRENT_SNAPSHOT,False
col_46ef3d6067b85bc580fd6f574f0e5a26,2024-06,7.0,8288.5,0.09022477826723456,7448.333333333334,4.0,0.5714285714285714,0.5714285714285714,0.5714285714285714,True,True,6,6.919158574905858,13.0,6.61511573494114,STATIC_CURRENT_SNAPSHOT,False
col_46ef3d6067b85bc580fd6f574f0e5a26,2024-07,7.0,6425.857142857144,-0.03272335745658399,6454.333333333334,7.0,0.9999999999999998,0.9999999999999998,0.9999999999999998,True,True,6,6.919158574905858,13.0,6.61511573494114,STATIC_CURRENT_SNAPSHOT,False
col_46ef3d6067b85bc580fd6f574f0e5a26,2024-08,7.0,3804.0000000000005,-0.05199190891984798,4009.444444444445,6.0,0.857142857142857,0.857142857142857,0.857142857142857,True,True,6,6.919158574905858,13.0,6.61511573494114,STATIC_CURRENT_SNAPSHOT,False
col_46ef3d6067b85bc580fd6f574f0e5a26,2024-09,7.0,3141.6000000000004,0.02661236897287967,3189.7333333333336,5.0,0.7142857142857142,0.7142857142857142,0.7142857142857142,True,True,6,6.919158574905858,13.0,6.61511573494114,STATIC_CURRENT_SNAPSHOT,False
col_46ef3d6067b85bc580fd6f574f0e5a26,2024-10,7.0,6203.857142857144,0.011568461512552647,6123.857142857144,7.0,0.9999999999999998,0.9999999999999998,0.9999999999999998,True,True,6,6.919158574905858,13.0,6.61511573494114,STATIC_CURRENT_SNAPSHOT,False
col_46ef3d6067b85bc580fd6f574f0e5a26,2024-11,7.0,,,,0.0,0.0,0.0,0.0,False,True,6,6.919158574905858,13.0,6.61511573494114,STATIC_CURRENT_SNAPSHOT,False
col_46ef3d6067b85bc580fd6f574f0e5a26,2024-12,7.0,4256.666666666667,,,6.0,0.857142857142857,0.0,0.0,True,True,6,6.919158574905858,13.0,6.61511573494114,STATIC_CURRENT_SNAPSHOT,False
col_46ef3d6067b85bc580fd6f574f0e5a26,2025-01,7.0,3660.1666666666665,-0.14036295994901646,,6.0,0.857142857142857,0.857142857142857,0.0,True,True,6,6.919158574905858,13.0,6.61511573494114,STATIC_CURRENT_SNAPSHOT,False
col_46ef3d6067b85bc580fd6f574f0e5a26,2025-02,7.0,4049.4000000000005,0.10867420239643888,4025.3333333333335,5.0,0.7142857142857142,0.7142857142857142,0.7142857142857142,True,True,6,6.919158574905858,13.0,6.61511573494114,STATIC_CURRENT_SNAPSHOT,False
col_46ef3d6067b85bc580fd6f574f0e5a26,2025-03,7.0,3487.9999999999995,0.0044594529860313824,3360.5,4.0,0.5714285714285714,0.5714285714285714,0.5714285714285714,True,True,6,6.919158574905858,13.0,6.61511573494114,STATIC_CURRENT_SNAPSHOT,False
col_46ef3d6067b85bc580fd6f574f0e5a26,2025-04,7.0,6325.428571428573,0.060847442892261946,6203.142857142859,7.0,0.9999999999999998,0.9999999999999998,0.9999999999999998,True,True,6,6.919158574905858,13.0,6.61511573494114,STATIC_CURRENT_SNAPSHOT,False
col_46ef3d6067b85bc580fd6f574f0e5a26,2025-05,7.0,4292.0,-0.07841692499999417,4452.533333333334,5.0,0.7142857142857142,0.7142857142857142,0.7142857142857142,True,True,6,6.919158574905858,13.0,6.61511573494114,STATIC_CURRENT_SNAPSHOT,False
col_46ef3d6067b85bc580fd6f574f0e5a26,2025-06,7.0,6351.833333333334,0.006649975709744457,6437.0,6.0,0.857142857142857,0.857142857142857,0.857142857142857,True,True,6,6.919158574905858,13.0,6.61511573494114,STATIC_CURRENT_SNAPSHOT,False
col_46ef3d6067b85bc580fd6f574f0e5a26,2025-07,7.0,5414.833333333334,-0.0666989041875133,5596.944444444445,6.0,0.857142857142857,0.857142857142857,0.857142857142857,True,True,6,6.919158574905858,13.0,6.61511573494114,STATIC_CURRENT_SNAPSHOT,False
col_46ef3d6067b85bc580fd6f574f0e5a26,2025-08,7.0,3993.666666666667,0.09473486600255863,3849.7222222222226,6.0,0.857142857142857,0.857142857142857,0.857142857142857,True,True,6,6.919158574905858,13.0,6.61511573494114,STATIC_CURRENT_SNAPSHOT,False
col_46ef3d6067b85bc580fd6f574f0e5a26,2025-09,7.0,5857.8,-0.04194097466465405,5918.733333333334,5.0,0.7142857142857142,0.7142857142857142,0.7142857142857142,True,True,6,6.919158574905858,13.0,6.61511573494114,STATIC_CURRENT_SNAPSHOT,False
col_46ef3d6067b85bc580fd6f574f0e5a26,2025-10,7.0,5482.333333333334,0.0033646427203730483,5588.722222222223,6.0,0.857142857142857,0.857142857142857,0.857142857142857,True,True,6,6.919158574905858,13.0,6.61511573494114,STATIC_CURRENT_SNAPSHOT,False
col_46ef3d6067b85bc580fd6f574f0e5a26,2025-11,7.0,6259.000000000002,0.11462289166203746,5751.2222222222235,6.0,0.857142857142857,0.857142857142857,0.857142857142857,True,True,6,6.919158574905858,13.0,6.61511573494114,STATIC_CURRENT_SNAPSHOT,False
col_46ef3d6067b85bc580fd6f574f0e5a26,2025-12,7.0,5816.571428571429,-0.11147629472194634,5996.904761904762,7.0,0.9999999999999998,0.9999999999999998,0.9999999999999998,True,True,6,6.919158574905858,13.0,6.61511573494114,STATIC_CURRENT_SNAPSHOT,False
col_46ef3d6067b85bc580fd6f574f0e5a26,2026-01,7.0,5392.285714285715,-0.06192958499314342,5895.619047619049,7.0,0.9999999999999998,0.9999999999999998,0.9999999999999998,True,True,6,6.919158574905858,13.0,6.61511573494114,STATIC_CURRENT_SNAPSHOT,False
col_46ef3d6067b85bc580fd6f574f0e5a26,2026-02,7.0,5950.833333333334,0.052539720631052785,5948.3888888888905,6.0,0.857142857142857,0.857142857142857,0.857142857142857,True,True,6,6.919158574905858,13.0,6.61511573494114,STATIC_CURRENT_SNAPSHOT,False
col_46ef3d6067b85bc580fd6f574f0e5a26,2026-03,7.0,3397.3333333333335,0.0703058888919601,3224.444444444445,3.0,0.42857142857142855,0.42857142857142855,0.42857142857142855,True,True,6,6.919158574905858,13.0,6.61511573494114,STATIC_CURRENT_SNAPSHOT,False
col_46ef3d6067b85bc580fd6f574f0e5a26,2026-04,7.0,6881.200000000001,0.09286874638485985,6436.866666666668,5.0,0.7142857142857142,0.7142857142857142,0.7142857142857142,True,True,6,6.919158574905858,13.0,6.61511573494114,STATIC_CURRENT_SNAPSHOT,False
col_46ef3d6067b85bc580fd6f574f0e5a26,2026-05,7.0,4233.8,-0.052760098983507045,4295.466666666667,5.0,0.7142857142857142,0.7142857142857142,0.7142857142857142,True,True,6,6.919158574905858,13.0,6.61511573494114,STATIC_CURRENT_SNAPSHOT,False
col_46ef3d6067b85bc580fd6f574f0e5a26,2026-06,7.0,5671.428571428572,-0.03283103309610417,5947.666666666667,7.0,0.9999999999999998,0.9999999999999998,0.9999999999999998,True,True,6,6.919158574905858,13.0,6.61511573494114,STATIC_CURRENT_SNAPSHOT,False
col_46ef3d6067b85bc580fd6f574f0e5a26,2026-07,7.0,3543.5,-0.058202394456703915,3719.888888888889,6.0,0.857142857142857,0.857142857142857,0.857142857142857,True,True,6,6.919158574905858,13.0,6.61511573494114,STATIC_CURRENT_SNAPSHOT,False
col_46ef3d6067b85bc580fd6f574f0e5a26,2026-08,7.0,6053.500000000001,0.031603138391353064,6040.944444444445,6.0,0.857142857142857,0.857142857142857,0.857142857142857,True,True,6,6.919158574905858,13.0,6.61511573494114,STATIC_CURRENT_SNAPSHOT,False
col_47716220585b527aaf095e5cd827326f,2023-01,1.0,,,,0.0,0.0,0.0,0.0,False,True,1,1.0652385015407853,6.0,8.747968757633528,STATIC_CURRENT_SNAPSHOT,False
col_47716220585b527aaf095e5cd827326f,2023-02,1.0,,,,0.0,0.0,0.0,0.0,False,True,1,1.0652385015407853,6.0,8.747968757633528,STATIC_CURRENT_SNAPSHOT,False
col_47716220585b527aaf095e5cd827326f,2023-03,1.0,,,,0.0,0.0,0.0,0.0,False,True,1,1.0652385015407853,6.0,8.747968757633528,STATIC_CURRENT_SNAPSHOT,False
col_47716220585b527aaf095e5cd827326f,2023-04,1.0,,,,0.0,0.0,0.0,0.0,False,True,1,1.0652385015407853,6.0,8.747968757633528,STATIC_CURRENT_SNAPSHOT,False
col_47716220585b527aaf095e5cd827326f,2023-05,1.0,,,,0.0,0.0,0.0,0.0,False,True,1,1.0652385015407853,6.0,8.747968757633528,STATIC_CURRENT_SNAPSHOT,False
col_47716220585b527aaf095e5cd827326f,2023-06,1.0,,,,0.0,0.0,0.0,0.0,False,True,1,1.0652385015407853,6.0,8.747968757633528,STATIC_CURRENT_SNAPSHOT,False
col_47716220585b527aaf095e5cd827326f,2023-07,1.0,,,,0.0,0.0,0.0,0.0,False,True,1,1.0652385015407853,6.0,8.747968757633528,STATIC_CURRENT_SNAPSHOT,False
col_47716220585b527aaf095e5cd827326f,2023-08,1.0,,,,0.0,0.0,0.0,0.0,False,True,1,1.0652385015407853,6.0,8.747968757633528,STATIC_CURRENT_SNAPSHOT,False
col_47716220585b527aaf095e5cd827326f,2023-09,1.0,,,,0.0,0.0,0.0,0.0,False,True,1,1.0652385015407853,6.0,8.747968757633528,STATIC_CURRENT_SNAPSHOT,False
col_47716220585b527aaf095e5cd827326f,2023-10,1.0,,,,0.0,0.0,0.0,0.0,False,True,1,1.0652385015407853,6.0,8.747968757633528,STATIC_CURRENT_SNAPSHOT,False
col_47716220585b527aaf095e5cd827326f,2023-11,1.0,,,,0.0,0.0,0.0,0.0,False,True,1,1.0652385015407853,6.0,8.747968757633528,STATIC_CURRENT_SNAPSHOT,False
col_47716220585b527aaf095e5cd827326f,2023-12,1.0,,,,0.0,0.0,0.0,0.0,False,True,1,1.0652385015407853,6.0,8.747968757633528,STATIC_CURRENT_SNAPSHOT,False
col_47716220585b527aaf095e5cd827326f,2024-01,1.0,122.0,,,1.0,1.0,0.0,0.0,True,True,1,1.0652385015407853,6.0,8.747968757633528,STATIC_CURRENT_SNAPSHOT,False
col_47716220585b527aaf095e5cd827326f,2024-02,1.0,2088.0,16.114754098360656,,1.0,1.0,1.0,0.0,True,True,1,1.0652385015407853,6.0,8.747968757633528,STATIC_CURRENT_SNAPSHOT,False
col_47716220585b527aaf095e5cd827326f,2024-03,1.0,2908.0,0.39272030651340994,1706.0,1.0,1.0,1.0,1.0,True,True,1,1.0652385015407853,6.0,8.747968757633528,STATIC_CURRENT_SNAPSHOT,False
col_47716220585b527aaf095e5cd827326f,2024-04,1.0,3179.0,0.09319119669876204,2725.0,1.0,1.0,1.0,1.0,True,True,1,1.0652385015407853,6.0,8.747968757633528,STATIC_CURRENT_SNAPSHOT,False
col_47716220585b527aaf095e5cd827326f,2024-05,1.0,4015.0,0.2629757785467128,3367.3333333333335,1.0,1.0,1.0,1.0,True,True,1,1.0652385015407853,6.0,8.747968757633528,STATIC_CURRENT_SNAPSHOT,False
col_47716220585b527aaf095e5cd827326f,2024-06,1.0,4336.0,0.07995018679950187,3843.3333333333335,1.0,1.0,1.0,1.0,True,True,1,1.0652385015407853,6.0,8.747968757633528,STATIC_CURRENT_SNAPSHOT,False
col_47716220585b527aaf095e5cd827326f,2024-07,1.0,5564.0,0.283210332103321,4638.333333333333,1.0,1.0,1.0,1.0,True,True,1,1.0652385015407853,6.0,8.747968757633528,STATIC_CURRENT_SNAPSHOT,False
col_47716220585b527aaf095e5cd827326f,2024-08,1.0,11194.0,1.011861969805895,7031.333333333333,1.0,1.0,1.0,1.0,True,True,1,1.0652385015407853,6.0,8.747968757633528,STATIC_CURRENT_SNAPSHOT,False
col_47716220585b527aaf095e5cd827326f,2024-09,1.0,,,,0.0,0.0,0.0,0.0,False,True,1,1.0652385015407853,6.0,8.747968757633528,STATIC_CURRENT_SNAPSHOT,False
col_47716220585b527aaf095e5cd827326f,2024-10,1.0,14758.0,0.039954900993587485,13381.0,1.0,1.0,1.0,1.0,True,True,1,1.0652385015407853,6.0,8.747968757633528,STATIC_CURRENT_SNAPSHOT,False
col_47716220585b527aaf095e5cd827326f,2024-11,1.0,,,,0.0,0.0,0.0,0.0,False,True,1,1.0652385015407853,6.0,8.747968757633528,STATIC_CURRENT_SNAPSHOT,False
col_47716220585b527aaf095e5cd827326f,2024-12,1.0,,,,0.0,0.0,0.0,0.0,False,True,1,1.0652385015407853,6.0,8.747968757633528,STATIC_CURRENT_SNAPSHOT,False
col_47716220585b527aaf095e5cd827326f,2025-01,1.0,13161.0,-0.10487655580493777,,1.0,1.0,1.0,0.0,True,True,1,1.0652385015407853,6.0,8.747968757633528,STATIC_CURRENT_SNAPSHOT,False
col_47716220585b527aaf095e5cd827326f,2025-02,1.0,14094.0,0.07089126966036015,13986.0,1.0,1.0,1.0,1.0,True,True,1,1.0652385015407853,6.0,8.747968757633528,STATIC_CURRENT_SNAPSHOT,False
col_47716220585b527aaf095e5cd827326f,2025-03,1.0,,,,0.0,0.0,0.0,0.0,False,True,1,1.0652385015407853,6.0,8.747968757633528,STATIC_CURRENT_SNAPSHOT,False
col_47716220585b527aaf095e5cd827326f,2025-04,1.0,13937.0,-0.017760236803157376,14073.333333333334,1.0,1.0,1.0,1.0,True,True,1,1.0652385015407853,6.0,8.747968757633528,STATIC_CURRENT_SNAPSHOT,False
col_47716220585b527aaf095e5cd827326f,2025-05,1.0,,,,0.0,0.0,0.0,0.0,False,True,1,1.0652385015407853,6.0,8.747968757633528,STATIC_CURRENT_SNAPSHOT,False
col_47716220585b527aaf095e5cd827326f,2025-06,1.0,14878.0,0.1431425278524779,13943.333333333334,1.0,1.0,1.0,1.0,True,True,1,1.0652385015407853,6.0,8.747968757633528,STATIC_CURRENT_SNAPSHOT,False
col_47716220585b527aaf095e5cd827326f,2025-07,1.0,13949.0,-0.06244118833176502,13947.333333333334,1.0,1.0,1.0,1.0,True,True,1,1.0652385015407853,6.0,8.747968757633528,STATIC_CURRENT_SNAPSHOT,False
col_47716220585b527aaf095e5cd827326f,2025-08,1.0,,,,0.0,0.0,0.0,0.0,False,True,1,1.0652385015407853,6.0,8.747968757633528,STATIC_CURRENT_SNAPSHOT,False
col_47716220585b527aaf095e5cd827326f,2025-09,1.0,12909.0,-0.11926042164153647,13838.333333333334,1.0,1.0,1.0,1.0,True,True,1,1.0652385015407853,6.0,8.747968757633528,STATIC_CURRENT_SNAPSHOT,False
col_47716220585b527aaf095e5cd827326f,2025-10,1.0,,,,0.0,0.0,0.0,0.0,False,True,1,1.0652385015407853,6.0,8.747968757633528,STATIC_CURRENT_SNAPSHOT,False
col_47716220585b527aaf095e5cd827326f,2025-11,1.0,,,,0.0,0.0,0.0,0.0,False,True,1,1.0652385015407853,6.0,8.747968757633528,STATIC_CURRENT_SNAPSHOT,False
col_47716220585b527aaf095e5cd827326f,2025-12,1.0,14006.0,-0.06912136115911206,14129.666666666666,1.0,1.0,1.0,1.0,True,True,1,1.0652385015407853,6.0,8.747968757633528,STATIC_CURRENT_SNAPSHOT,False
col_47716220585b527aaf095e5cd827326f,2026-01,1.0,12667.0,-0.09560188490646866,13906.333333333334,1.0,1.0,1.0,1.0,True,True,1,1.0652385015407853,6.0,8.747968757633528,STATIC_CURRENT_SNAPSHOT,False
col_47716220585b527aaf095e5cd827326f,2026-02,1.0,13855.0,0.09378700560511566,13509.333333333334,1.0,1.0,1.0,1.0,True,True,1,1.0652385015407853,6.0,8.747968757633528,STATIC_CURRENT_SNAPSHOT,False
col_47716220585b527aaf095e5cd827326f,2026-03,1.0,,,,0.0,0.0,0.0,0.0,False,True,1,1.0652385015407853,6.0,8.747968757633528,STATIC_CURRENT_SNAPSHOT,False
col_47716220585b527aaf095e5cd827326f,2026-04,1.0,13778.0,0.07775344180225281,13472.333333333334,1.0,1.0,1.0,1.0,True,True,1,1.0652385015407853,6.0,8.747968757633528,STATIC_CURRENT_SNAPSHOT,False
col_47716220585b527aaf095e5cd827326f,2026-05,1.0,13331.0,-0.032443025112498185,13297.666666666666,1.0,1.0,1.0,1.0,True,True,1,1.0652385015407853,6.0,8.747968757633528,STATIC_CURRENT_SNAPSHOT,False
col_47716220585b527aaf095e5cd827326f,2026-06,1.0,13380.0,0.003675643237566574,13496.333333333334,1.0,1.0,1.0,1.0,True,True,1,1.0652385015407853,6.0,8.747968757633528,STATIC_CURRENT_SNAPSHOT,False
col_47716220585b527aaf095e5cd827326f,2026-07,1.0,11331.0,-0.1531390134529148,12680.666666666666,1.0,1.0,1.0,1.0,True,True,1,1.0652385015407853,6.0,8.747968757633528,STATIC_CURRENT_SNAPSHOT,False
col_47716220585b527aaf095e5cd827326f,2026-08,1.0,12532.0,0.10599241020210043,12414.333333333334,1.0,1.0,1.0,1.0,True,True,1,1.0652385015407853,6.0,8.747968757633528,STATIC_CURRENT_SNAPSHOT,False
col_479170cdfd5b53c484ffa7a376547b3a,2023-01,2.0,,,,0.0,0.0,0.0,0.0,False,True,9,8.149145588071766,15.0,7.155576548074711,STATIC_CURRENT_SNAPSHOT,False
col_479170cdfd5b53c484ffa7a376547b3a,2023-02,2.0,,,,0.0,0.0,0.0,0.0,False,True,9,8.149145588071766,15.0,7.155576548074711,STATIC_CURRENT_SNAPSHOT,False
col_479170cdfd5b53c484ffa7a376547b3a,2023-03,2.0,,,,0.0,0.0,0.0,0.0,False,True,9,8.149145588071766,15.0,7.155576548074711,STATIC_CURRENT_SNAPSHOT,False
col_479170cdfd5b53c484ffa7a376547b3a,2023-04,2.0,,,,0.0,0.0,0.0,0.0,False,True,9,8.149145588071766,15.0,7.155576548074711,STATIC_CURRENT_SNAPSHOT,False
col_479170cdfd5b53c484ffa7a376547b3a,2023-05,2.0,,,,0.0,0.0,0.0,0.0,False,True,9,8.149145588071766,15.0,7.155576548074711,STATIC_CURRENT_SNAPSHOT,False
col_479170cdfd5b53c484ffa7a376547b3a,2023-06,2.0,,,,0.0,0.0,0.0,0.0,False,True,9,8.149145588071766,15.0,7.155576548074711,STATIC_CURRENT_SNAPSHOT,False
col_479170cdfd5b53c484ffa7a376547b3a,2023-07,2.0,,,,0.0,0.0,0.0,0.0,False,True,9,8.149145588071766,15.0,7.155576548074711,STATIC_CURRENT_SNAPSHOT,False
col_479170cdfd5b53c484ffa7a376547b3a,2023-08,2.0,,,,0.0,0.0,0.0,0.0,False,True,9,8.149145588071766,15.0,7.155576548074711,STATIC_CURRENT_SNAPSHOT,False
col_479170cdfd5b53c484ffa7a376547b3a,2023-09,2.0,,,,0.0,0.0,0.0,0.0,False,True,9,8.149145588071766,15.0,7.155576548074711,STATIC_CURRENT_SNAPSHOT,False
col_479170cdfd5b53c484ffa7a376547b3a,2023-10,2.0,,,,0.0,0.0,0.0,0.0,False,True,9,8.149145588071766,15.0,7.155576548074711,STATIC_CURRENT_SNAPSHOT,False
col_479170cdfd5b53c484ffa7a376547b3a,2023-11,2.0,8628.5,1.260204081632653,,2.0,1.0,0.5,0.0,True,True,9,8.149145588071766,15.0,7.155576548074711,STATIC_CURRENT_SNAPSHOT,False
col_479170cdfd5b53c484ffa7a376547b3a,2023-12,2.0,10489.5,0.49420245164763976,12355.333333333334,2.0,1.0,1.0,0.5,True,True,9,8.149145588071766,15.0,7.155576548074711,STATIC_CURRENT_SNAPSHOT,False
col_479170cdfd5b53c484ffa7a376547b3a,2024-01,2.0,13806.0,0.26032212278615685,10974.666666666668,2.0,1.0,1.0,1.0,True,True,9,8.149145588071766,15.0,7.155576548074711,STATIC_CURRENT_SNAPSHOT,False
col_479170cdfd5b53c484ffa7a376547b3a,2024-02,2.0,8955.0,0.5525312066574203,6574.333333333333,1.0,0.5,0.5,0.5,True,True,9,8.149145588071766,15.0,7.155576548074711,STATIC_CURRENT_SNAPSHOT,False
col_479170cdfd5b53c484ffa7a376547b3a,2024-03,2.0,,,,0.0,0.0,0.0,0.0,False,True,9,8.149145588071766,15.0,7.155576548074711,STATIC_CURRENT_SNAPSHOT,False
col_479170cdfd5b53c484ffa7a376547b3a,2024-04,2.0,31544.0,0.1656015743706866,27143.833333333332,2.0,1.0,1.0,1.0,True,True,9,8.149145588071766,15.0,7.155576548074711,STATIC_CURRENT_SNAPSHOT,False
col_479170cdfd5b53c484ffa7a376547b3a,2024-05,2.0,54183.0,0.08917120630389773,48868.0,1.0,0.5,0.5,0.5,True,True,9,8.149145588071766,15.0,7.155576548074711,STATIC_CURRENT_SNAPSHOT,False
col_479170cdfd5b53c484ffa7a376547b3a,2024-06,2.0,,,,0.0,0.0,0.0,0.0,False,True,9,8.149145588071766,15.0,7.155576548074711,STATIC_CURRENT_SNAPSHOT,False
col_479170cdfd5b53c484ffa7a376547b3a,2024-07,2.0,,,,0.0,0.0,0.0,0.0,False,True,9,8.149145588071766,15.0,7.155576548074711,STATIC_CURRENT_SNAPSHOT,False
col_479170cdfd5b53c484ffa7a376547b3a,2024-08,2.0,12873.0,-0.07713814610366335,14033.0,1.0,0.5,0.5,0.5,True,True,9,8.149145588071766,15.0,7.155576548074711,STATIC_CURRENT_SNAPSHOT,False
col_479170cdfd5b53c484ffa7a376547b3a,2024-09,2.0,,,,0.0,0.0,0.0,0.0,False,True,9,8.149145588071766,15.0,7.155576548074711,STATIC_CURRENT_SNAPSHOT,False
col_479170cdfd5b53c484ffa7a376547b3a,2024-10,2.0,32741.5,-0.044983192745222444,32889.0,2.0,1.0,1.0,1.0,True,True,9,8.149145588071766,15.0,7.155576548074711,STATIC_CURRENT_SNAPSHOT,False
col_479170cdfd5b53c484ffa7a376547b3a,2024-11,2.0,,,,0.0,0.0,0.0,0.0,False,True,9,8.149145588071766,15.0,7.155576548074711,STATIC_CURRENT_SNAPSHOT,False
col_479170cdfd5b53c484ffa7a376547b3a,2024-12,2.0,13795.0,,,1.0,0.5,0.0,0.0,True,True,9,8.149145588071766,15.0,7.155576548074711,STATIC_CURRENT_SNAPSHOT,False
col_479170cdfd5b53c484ffa7a376547b3a,2025-01,2.0,12760.0,-0.07502718376223269,,1.0,0.5,0.5,0.0,True,True,9,8.149145588071766,15.0,7.155576548074711,STATIC_CURRENT_SNAPSHOT,False
col_479170cdfd5b53c484ffa7a376547b3a,2025-02,2.0,,,,0.0,0.0,0.0,0.0,False,True,9,8.149145588071766,15.0,7.155576548074711,STATIC_CURRENT_SNAPSHOT,False
col_479170cdfd5b53c484ffa7a376547b3a,2025-03,2.0,12718.0,-0.05018670649738611,12956.0,1.0,0.5,0.5,0.5,True,True,9,8.149145588071766,15.0,7.155576548074711,STATIC_CURRENT_SNAPSHOT,False
col_479170cdfd5b53c484ffa7a376547b3a,2025-04,2.0,12960.0,0.01902814908004403,13022.666666666666,1.0,0.5,0.5,0.5,True,True,9,8.149145588071766,15.0,7.155576548074711,STATIC_CURRENT_SNAPSHOT,False
col_479170cdfd5b53c484ffa7a376547b3a,2025-05,2.0,12419.0,-0.041743827160493824,12699.0,1.0,0.5,0.5,0.5,True,True,9,8.149145588071766,15.0,7.155576548074711,STATIC_CURRENT_SNAPSHOT,False
col_479170cdfd5b53c484ffa7a376547b3a,2025-06,2.0,13516.0,0.08833239391255335,12965.0,1.0,0.5,0.5,0.5,True,True,9,8.149145588071766,15.0,7.155576548074711,STATIC_CURRENT_SNAPSHOT,False
col_479170cdfd5b53c484ffa7a376547b3a,2025-07,2.0,12058.0,-0.10787215152411957,12664.333333333334,1.0,0.5,0.5,0.5,True,True,9,8.149145588071766,15.0,7.155576548074711,STATIC_CURRENT_SNAPSHOT,False
col_479170cdfd5b53c484ffa7a376547b3a,2025-08,2.0,32204.0,0.11932003460951877,31572.5,2.0,1.0,1.0,1.0,True,True,9,8.149145588071766,15.0,7.155576548074711,STATIC_CURRENT_SNAPSHOT,False
col_479170cdfd5b53c484ffa7a376547b3a,2025-09,2.0,13636.0,0.007015730005169485,13078.333333333334,1.0,0.5,0.5,0.5,True,True,9,8.149145588071766,15.0,7.155576548074711,STATIC_CURRENT_SNAPSHOT,False
col_479170cdfd5b53c484ffa7a376547b3a,2025-10,2.0,12625.0,-0.07414197711938986,13267.333333333334,1.0,0.5,0.5,0.5,True,True,9,8.149145588071766,15.0,7.155576548074711,STATIC_CURRENT_SNAPSHOT,False
col_479170cdfd5b53c484ffa7a376547b3a,2025-11,2.0,,,,0.0,0.0,0.0,0.0,False,True,9,8.149145588071766,15.0,7.155576548074711,STATIC_CURRENT_SNAPSHOT,False
col_479170cdfd5b53c484ffa7a376547b3a,2025-12,2.0,,,,0.0,0.0,0.0,0.0,False,True,9,8.149145588071766,15.0,7.155576548074711,STATIC_CURRENT_SNAPSHOT,False
col_479170cdfd5b53c484ffa7a376547b3a,2026-01,2.0,11607.0,-0.061150206260616354,12577.0,1.0,0.5,0.5,0.5,True,True,9,8.149145588071766,15.0,7.155576548074711,STATIC_CURRENT_SNAPSHOT,False
col_479170cdfd5b53c484ffa7a376547b3a,2026-02,2.0,11993.0,0.0332557939174636,11987.666666666666,1.0,0.5,0.5,0.5,True,True,9,8.149145588071766,15.0,7.155576548074711,STATIC_CURRENT_SNAPSHOT,False
col_479170cdfd5b53c484ffa7a376547b3a,2026-03,2.0,,,,0.0,0.0,0.0,0.0,False,True,9,8.149145588071766,15.0,7.155576548074711,STATIC_CURRENT_SNAPSHOT,False
col_479170cdfd5b53c484ffa7a376547b3a,2026-04,2.0,13655.0,0.122851739166187,12603.0,1.0,0.5,0.5,0.5,True,True,9,8.149145588071766,15.0,7.155576548074711,STATIC_CURRENT_SNAPSHOT,False
col_479170cdfd5b53c484ffa7a376547b3a,2026-05,2.0,13618.0,-0.0027096301720981324,13144.666666666666,1.0,0.5,0.5,0.5,True,True,9,8.149145588071766,15.0,7.155576548074711,STATIC_CURRENT_SNAPSHOT,False
col_479170cdfd5b53c484ffa7a376547b3a,2026-06,2.0,32649.0,0.031101596618928605,32165.5,2.0,1.0,1.0,1.0,True,True,9,8.149145588071766,15.0,7.155576548074711,STATIC_CURRENT_SNAPSHOT,False
col_479170cdfd5b53c484ffa7a376547b3a,2026-07,2.0,14010.0,0.005598621877691645,13853.333333333334,1.0,0.5,0.5,0.5,True,True,9,8.149145588071766,15.0,7.155576548074711,STATIC_CURRENT_SNAPSHOT,False
col_479170cdfd5b53c484ffa7a376547b3a,2026-08,2.0,12162.0,-0.13190578158458244,13368.0,1.0,0.5,0.5,0.5,True,True,9,8.149145588071766,15.0,7.155576548074711,STATIC_CURRENT_SNAPSHOT,False
col_49351caf73a652ba8bcc7655ce37dd18,2023-01,4.0,,,,0.0,0.0,0.0,0.0,False,True,10,6.73188403171908,20.0,5.676325808765625,STATIC_CURRENT_SNAPSHOT,False
col_49351caf73a652ba8bcc7655ce37dd18,2023-02,4.0,10294.0,,,1.0,0.25,0.0,0.0,True,True,10,6.73188403171908,20.0,5.676325808765625,STATIC_CURRENT_SNAPSHOT,False
col_49351caf73a652ba8bcc7655ce37dd18,2023-03,4.0,11682.0,0.13483582669516223,,1.0,0.25,0.25,0.0,True,True,10,6.73188403171908,20.0,5.676325808765625,STATIC_CURRENT_SNAPSHOT,False
col_49351caf73a652ba8bcc7655ce37dd18,2023-04,4.0,24391.0,,,1.0,0.25,0.0,0.0,True,True,10,6.73188403171908,20.0,5.676325808765625,STATIC_CURRENT_SNAPSHOT,False
col_49351caf73a652ba8bcc7655ce37dd18,2023-05,4.0,22641.0,-0.07174777581894962,,1.0,0.25,0.25,0.0,True,True,10,6.73188403171908,20.0,5.676325808765625,STATIC_CURRENT_SNAPSHOT,False
col_49351caf73a652ba8bcc7655ce37dd18,2023-06,4.0,22534.5,0.25490737535258534,20045.833333333332,2.0,0.5,0.5,0.5,True,True,10,6.73188403171908,20.0,5.676325808765625,STATIC_CURRENT_SNAPSHOT,False
col_49351caf73a652ba8bcc7655ce37dd18,2023-07,4.0,8597.0,0.06100811123986095,16347.0,3.0,0.75,0.25,0.25,True,True,10,6.73188403171908,20.0,5.676325808765625,STATIC_CURRENT_SNAPSHOT,False
col_49351caf73a652ba8bcc7655ce37dd18,2023-08,4.0,13889.75,0.10239881206777682,23031.333333333336,4.0,1.0,1.0,0.5,True,True,10,6.73188403171908,20.0,5.676325808765625,STATIC_CURRENT_SNAPSHOT,False
col_49351caf73a652ba8bcc7655ce37dd18,2023-09,4.0,15879.0,0.1848398567368043,14487.666666666668,4.0,1.0,1.0,1.0,True,True,10,6.73188403171908,20.0,5.676325808765625,STATIC_CURRENT_SNAPSHOT,False
col_49351caf73a652ba8bcc7655ce37dd18,2023-10,4.0,11720.333333333334,0.1677624187502039,10491.999999999998,3.0,0.75,0.75,0.75,True,True,10,6.73188403171908,20.0,5.676325808765625,STATIC_CURRENT_SNAPSHOT,False
col_49351caf73a652ba8bcc7655ce37dd18,2023-11,4.0,13077.0,0.08294905234276383,11804.777777777776,3.0,0.75,0.75,0.75,True,True,10,6.73188403171908,20.0,5.676325808765625,STATIC_CURRENT_SNAPSHOT,False
col_49351caf73a652ba8bcc7655ce37dd18,2023-12,4.0,12519.666666666666,-0.047823112178703824,12438.999999999998,3.0,0.75,0.75,0.75,True,True,10,6.73188403171908,20.0,5.676325808765625,STATIC_CURRENT_SNAPSHOT,False
col_49351caf73a652ba8bcc7655ce37dd18,2024-01,4.0,14936.5,-0.162752554682616,17238.833333333332,4.0,1.0,1.0,1.0,True,True,10,6.73188403171908,20.0,5.676325808765625,STATIC_CURRENT_SNAPSHOT,False
col_49351caf73a652ba8bcc7655ce37dd18,2024-02,4.0,8595.0,0.307517005278634,7278.166666666667,2.0,0.5,0.5,0.5,True,True,10,6.73188403171908,20.0,5.676325808765625,STATIC_CURRENT_SNAPSHOT,False
col_49351caf73a652ba8bcc7655ce37dd18,2024-03,4.0,3852.0,0.25024342745861733,3200.0,1.0,0.25,0.25,0.25,True,True,10,6.73188403171908,20.0,5.676325808765625,STATIC_CURRENT_SNAPSHOT,False
col_49351caf73a652ba8bcc7655ce37dd18,2024-04,4.0,23297.0,0.09820619677477804,16283.0,2.0,0.5,0.25,0.25,True,True,10,6.73188403171908,20.0,5.676325808765625,STATIC_CURRENT_SNAPSHOT,False
col_49351caf73a652ba8bcc7655ce37dd18,2024-05,4.0,24743.5,0.10053960900233652,20883.222222222223,4.0,1.0,1.0,0.75,True,True,10,6.73188403171908,20.0,5.676325808765625,STATIC_CURRENT_SNAPSHOT,False
col_49351caf73a652ba8bcc7655ce37dd18,2024-06,4.0,20008.0,0.07315352291908313,18593.55555555556,3.0,0.75,0.75,0.75,True,True,10,6.73188403171908,20.0,5.676325808765625,STATIC_CURRENT_SNAPSHOT,False
col_49351caf73a652ba8bcc7655ce37dd18,2024-07,4.0,23922.0,-0.07327186564909301,24712.249999999996,4.0,1.0,1.0,1.0,True,True,10,6.73188403171908,20.0,5.676325808765625,STATIC_CURRENT_SNAPSHOT,False
col_49351caf73a652ba8bcc7655ce37dd18,2024-08,4.0,3359.0,-0.24431946006749156,4281.333333333333,1.0,0.25,0.25,0.25,True,True,10,6.73188403171908,20.0,5.676325808765625,STATIC_CURRENT_SNAPSHOT,False
col_49351caf73a652ba8bcc7655ce37dd18,2024-09,4.0,17142.0,-0.0028912441909343667,17325.333333333332,2.0,0.5,0.5,0.5,True,True,10,6.73188403171908,20.0,5.676325808765625,STATIC_CURRENT_SNAPSHOT,False
col_49351caf73a652ba8bcc7655ce37dd18,2024-10,4.0,23396.75,0.08725021915658944,23382.249999999996,4.0,1.0,1.0,1.0,True,True,10,6.73188403171908,20.0,5.676325808765625,STATIC_CURRENT_SNAPSHOT,False
col_49351caf73a652ba8bcc7655ce37dd18,2024-11,4.0,,,,0.0,0.0,0.0,0.0,False,True,10,6.73188403171908,20.0,5.676325808765625,STATIC_CURRENT_SNAPSHOT,False
col_49351caf73a652ba8bcc7655ce37dd18,2024-12,4.0,4878.0,,,1.0,0.25,0.0,0.0,True,True,10,6.73188403171908,20.0,5.676325808765625,STATIC_CURRENT_SNAPSHOT,False
col_49351caf73a652ba8bcc7655ce37dd18,2025-01,4.0,15378.0,-0.19120794355017212,,2.0,0.5,0.5,0.0,True,True,10,6.73188403171908,20.0,5.676325808765625,STATIC_CURRENT_SNAPSHOT,False
col_49351caf73a652ba8bcc7655ce37dd18,2025-02,4.0,20602.5,0.03830513919225698,20828.333333333336,2.0,0.5,0.5,0.5,True,True,10,6.73188403171908,20.0,5.676325808765625,STATIC_CURRENT_SNAPSHOT,False
col_49351caf73a652ba8bcc7655ce37dd18,2025-03,4.0,3998.0,0.08464460119370591,3806.0,1.0,0.25,0.25,0.25,True,True,10,6.73188403171908,20.0,5.676325808765625,STATIC_CURRENT_SNAPSHOT,False
col_49351caf73a652ba8bcc7655ce37dd18,2025-04,4.0,16980.666666666668,0.07023632487766686,16892.888888888887,3.0,0.75,0.75,0.75,True,True,10,6.73188403171908,20.0,5.676325808765625,STATIC_CURRENT_SNAPSHOT,False
col_49351caf73a652ba8bcc7655ce37dd18,2025-05,4.0,3788.0,-0.17220279720279721,4120.666666666667,1.0,0.25,0.25,0.25,True,True,10,6.73188403171908,20.0,5.676325808765625,STATIC_CURRENT_SNAPSHOT,False
col_49351caf73a652ba8bcc7655ce37dd18,2025-06,4.0,22436.25,0.06595754343185595,22052.75,4.0,1.0,1.0,1.0,True,True,10,6.73188403171908,20.0,5.676325808765625,STATIC_CURRENT_SNAPSHOT,False
col_49351caf73a652ba8bcc7655ce37dd18,2025-07,4.0,10413.0,-0.08415416761783968,10824.833333333334,2.0,0.5,0.5,0.5,True,True,10,6.73188403171908,20.0,5.676325808765625,STATIC_CURRENT_SNAPSHOT,False
col_49351caf73a652ba8bcc7655ce37dd18,2025-08,4.0,23326.0,-0.0016102947281018225,22879.55555555556,3.0,0.75,0.75,0.75,True,True,10,6.73188403171908,20.0,5.676325808765625,STATIC_CURRENT_SNAPSHOT,False
col_49351caf73a652ba8bcc7655ce37dd18,2025-09,4.0,15107.0,-0.02877311901731659,15502.66666666667,3.0,0.75,0.75,0.75,True,True,10,6.73188403171908,20.0,5.676325808765625,STATIC_CURRENT_SNAPSHOT,False
col_49351caf73a652ba8bcc7655ce37dd18,2025-10,4.0,15425.333333333334,0.08640451797653904,15543.444444444445,3.0,0.75,0.75,0.75,True,True,10,6.73188403171908,20.0,5.676325808765625,STATIC_CURRENT_SNAPSHOT,False
col_49351caf73a652ba8bcc7655ce37dd18,2025-11,4.0,23482.25,0.11873258366643585,16007.777777777776,4.0,1.0,0.75,0.75,True,True,10,6.73188403171908,20.0,5.676325808765625,STATIC_CURRENT_SNAPSHOT,False
col_49351caf73a652ba8bcc7655ce37dd18,2025-12,4.0,20753.75,-0.11992090411409376,21602.416666666664,4.0,1.0,1.0,1.0,True,True,10,6.73188403171908,20.0,5.676325808765625,STATIC_CURRENT_SNAPSHOT,False
col_49351caf73a652ba8bcc7655ce37dd18,2026-01,4.0,10037.0,-0.1139765869370058,11064.166666666668,2.0,0.5,0.5,0.5,True,True,10,6.73188403171908,20.0,5.676325808765625,STATIC_CURRENT_SNAPSHOT,False
col_49351caf73a652ba8bcc7655ce37dd18,2026-02,4.0,18002.333333333332,0.014340872680600822,18443.444444444445,3.0,0.75,0.75,0.75,True,True,10,6.73188403171908,20.0,5.676325808765625,STATIC_CURRENT_SNAPSHOT,False
col_49351caf73a652ba8bcc7655ce37dd18,2026-03,4.0,20207.0,0.07145220510357704,19804.777777777777,3.0,0.75,0.75,0.75,True,True,10,6.73188403171908,20.0,5.676325808765625,STATIC_CURRENT_SNAPSHOT,False
col_49351caf73a652ba8bcc7655ce37dd18,2026-04,4.0,16382.333333333334,0.06321736541696954,15395.888888888889,3.0,0.75,0.75,0.75,True,True,10,6.73188403171908,20.0,5.676325808765625,STATIC_CURRENT_SNAPSHOT,False
col_49351caf73a652ba8bcc7655ce37dd18,2026-05,4.0,3465.0,-0.09221902017291066,3702.6666666666665,1.0,0.25,0.25,0.25,True,True,10,6.73188403171908,20.0,5.676325808765625,STATIC_CURRENT_SNAPSHOT,False
col_49351caf73a652ba8bcc7655ce37dd18,2026-06,4.0,26033.666666666668,-0.01786371013288548,26550.777777777777,3.0,0.75,0.75,0.75,True,True,10,6.73188403171908,20.0,5.676325808765625,STATIC_CURRENT_SNAPSHOT,False
col_49351caf73a652ba8bcc7655ce37dd18,2026-07,4.0,,,,0.0,0.0,0.0,0.0,False,True,10,6.73188403171908,20.0,5.676325808765625,STATIC_CURRENT_SNAPSHOT,False
col_49351caf73a652ba8bcc7655ce37dd18,2026-08,4.0,14593.0,-0.03822943870333084,14808.22222222222,3.0,0.75,0.75,0.75,True,True,10,6.73188403171908,20.0,5.676325808765625,STATIC_CURRENT_SNAPSHOT,False
col_49f6b5a0ab625bda9ca00f7acd601c17,2023-01,,,,,,,,,False,False,3,,,,STATIC_CURRENT_SNAPSHOT,False
col_49f6b5a0ab625bda9ca00f7acd601c17,2023-02,,,,,,,,,False,False,3,,,,STATIC_CURRENT_SNAPSHOT,False
col_49f6b5a0ab625bda9ca00f7acd601c17,2023-03,,,,,,,,,False,False,3,,,,STATIC_CURRENT_SNAPSHOT,False
col_49f6b5a0ab625bda9ca00f7acd601c17,2023-04,,,,,,,,,False,False,3,,,,STATIC_CURRENT_SNAPSHOT,False
col_49f6b5a0ab625bda9ca00f7acd601c17,2023-05,,,,,,,,,False,False,3,,,,STATIC_CURRENT_SNAPSHOT,False
col_49f6b5a0ab625bda9ca00f7acd601c17,2023-06,,,,,,,,,False,False,3,,,,STATIC_CURRENT_SNAPSHOT,False
col_49f6b5a0ab625bda9ca00f7acd601c17,2023-07,,,,,,,,,False,False,3,,,,STATIC_CURRENT_SNAPSHOT,False
col_49f6b5a0ab625bda9ca00f7acd601c17,2023-08,,,,,,,,,False,False,3,,,,STATIC_CURRENT_SNAPSHOT,False
col_49f6b5a0ab625bda9ca00f7acd601c17,2023-09,,,,,,,,,False,False,3,,,,STATIC_CURRENT_SNAPSHOT,False
col_49f6b5a0ab625bda9ca00f7acd601c17,2023-10,,,,,,,,,False,False,3,,,,STATIC_CURRENT_SNAPSHOT,False
col_49f6b5a0ab625bda9ca00f7acd601c17,2023-11,,,,,,,,,False,False,3,,,,STATIC_CURRENT_SNAPSHOT,False
col_49f6b5a0ab625bda9ca00f7acd601c17,2023-12,,,,,,,,,False,False,3,,,,STATIC_CURRENT_SNAPSHOT,False
col_49f6b5a0ab625bda9ca00f7acd601c17,2024-01,,,,,,,,,False,False,3,,,,STATIC_CURRENT_SNAPSHOT,False
col_49f6b5a0ab625bda9ca00f7acd601c17,2024-02,,,,,,,,,False,False,3,,,,STATIC_CURRENT_SNAPSHOT,False
col_49f6b5a0ab625bda9ca00f7acd601c17,2024-03,,,,,,,,,False,False,3,,,,STATIC_CURRENT_SNAPSHOT,False
col_49f6b5a0ab625bda9ca00f7acd601c17,2024-04,,,,,,,,,False,False,3,,,,STATIC_CURRENT_SNAPSHOT,False
col_49f6b5a0ab625bda9ca00f7acd601c17,2024-05,,,,,,,,,False,False,3,,,,STATIC_CURRENT_SNAPSHOT,False
col_49f6b5a0ab625bda9ca00f7acd601c17,2024-06,,,,,,,,,False,False,3,,,,STATIC_CURRENT_SNAPSHOT,False
col_49f6b5a0ab625bda9ca00f7acd601c17,2024-07,,,,,,,,,False,False,3,,,,STATIC_CURRENT_SNAPSHOT,False
col_49f6b5a0ab625bda9ca00f7acd601c17,2024-08,,,,,,,,,False,False,3,,,,STATIC_CURRENT_SNAPSHOT,False
col_49f6b5a0ab625bda9ca00f7acd601c17,2024-09,,,,,,,,,False,False,3,,,,STATIC_CURRENT_SNAPSHOT,False
col_49f6b5a0ab625bda9ca00f7acd601c17,2024-10,,,,,,,,,False,False,3,,,,STATIC_CURRENT_SNAPSHOT,False
col_49f6b5a0ab625bda9ca00f7acd601c17,2024-11,,,,,,,,,False,False,3,,,,STATIC_CURRENT_SNAPSHOT,False
col_49f6b5a0ab625bda9ca00f7acd601c17,2024-12,,,,,,,,,False,False,3,,,,STATIC_CURRENT_SNAPSHOT,False
col_49f6b5a0ab625bda9ca00f7acd601c17,2025-01,,,,,,,,,False,False,3,,,,STATIC_CURRENT_SNAPSHOT,False
col_49f6b5a0ab625bda9ca00f7acd601c17,2025-02,,,,,,,,,False,False,3,,,,STATIC_CURRENT_SNAPSHOT,False
col_49f6b5a0ab625bda9ca00f7acd601c17,2025-03,,,,,,,,,False,False,3,,,,STATIC_CURRENT_SNAPSHOT,False
col_49f6b5a0ab625bda9ca00f7acd601c17,2025-04,,,,,,,,,False,False,3,,,,STATIC_CURRENT_SNAPSHOT,False
col_49f6b5a0ab625bda9ca00f7acd601c17,2025-05,,,,,,,,,False,False,3,,,,STATIC_CURRENT_SNAPSHOT,False
col_49f6b5a0ab625bda9ca00f7acd601c17,2025-06,,,,,,,,,False,False,3,,,,STATIC_CURRENT_SNAPSHOT,False
col_49f6b5a0ab625bda9ca00f7acd601c17,2025-07,,,,,,,,,False,False,3,,,,STATIC_CURRENT_SNAPSHOT,False
col_49f6b5a0ab625bda9ca00f7acd601c17,2025-08,,,,,,,,,False,False,3,,,,STATIC_CURRENT_SNAPSHOT,False
col_49f6b5a0ab625bda9ca00f7acd601c17,2025-09,,,,,,,,,False,False,3,,,,STATIC_CURRENT_SNAPSHOT,False
col_49f6b5a0ab625bda9ca00f7acd601c17,2025-10,,,,,,,,,False,False,3,,,,STATIC_CURRENT_SNAPSHOT,False
col_49f6b5a0ab625bda9ca00f7acd601c17,2025-11,,,,,,,,,False,False,3,,,,STATIC_CURRENT_SNAPSHOT,False
col_49f6b5a0ab625bda9ca00f7acd601c17,2025-12,,,,,,,,,False,False,3,,,,STATIC_CURRENT_SNAPSHOT,False
col_49f6b5a0ab625bda9ca00f7acd601c17,2026-01,,,,,,,,,False,False,3,,,,STATIC_CURRENT_SNAPSHOT,False
col_49f6b5a0ab625bda9ca00f7acd601c17,2026-02,,,,,,,,,False,False,3,,,,STATIC_CURRENT_SNAPSHOT,False
col_49f6b5a0ab625bda9ca00f7acd601c17,2026-03,,,,,,,,,False,False,3,,,,STATIC_CURRENT_SNAPSHOT,False
col_49f6b5a0ab625bda9ca00f7acd601c17,2026-04,,,,,,,,,False,False,3,,,,STATIC_CURRENT_SNAPSHOT,False
col_49f6b5a0ab625bda9ca00f7acd601c17,2026-05,,,,,,,,,False,False,3,,,,STATIC_CURRENT_SNAPSHOT,False
col_49f6b5a0ab625bda9ca00f7acd601c17,2026-06,,,,,,,,,False,False,3,,,,STATIC_CURRENT_SNAPSHOT,False
col_49f6b5a0ab625bda9ca00f7acd601c17,2026-07,,,,,,,,,False,False,3,,,,STATIC_CURRENT_SNAPSHOT,False
col_49f6b5a0ab625bda9ca00f7acd601c17,2026-08,,,,,,,,,False,False,3,,,,STATIC_CURRENT_SNAPSHOT,False
col_4a6ce89e87ac5037b13cd12239825b31,2023-01,1.0,,,,0.0,0.0,0.0,0.0,False,True,1,7.764068968800645,16.0,7.169544850228927,STATIC_CURRENT_SNAPSHOT,False
col_4a6ce89e87ac5037b13cd12239825b31,2023-02,1.0,,,,0.0,0.0,0.0,0.0,False,True,1,7.764068968800645,16.0,7.169544850228927,STATIC_CURRENT_SNAPSHOT,False
col_4a6ce89e87ac5037b13cd12239825b31,2023-03,1.0,,,,0.0,0.0,0.0,0.0,False,True,1,7.764068968800645,16.0,7.169544850228927,STATIC_CURRENT_SNAPSHOT,False
col_4a6ce89e87ac5037b13cd12239825b31,2023-04,1.0,,,,0.0,0.0,0.0,0.0,False,True,1,7.764068968800645,16.0,7.169544850228927,STATIC_CURRENT_SNAPSHOT,False
col_4a6ce89e87ac5037b13cd12239825b31,2023-05,1.0,,,,0.0,0.0,0.0,0.0,False,True,1,7.764068968800645,16.0,7.169544850228927,STATIC_CURRENT_SNAPSHOT,False
col_4a6ce89e87ac5037b13cd12239825b31,2023-06,1.0,,,,0.0,0.0,0.0,0.0,False,True,1,7.764068968800645,16.0,7.169544850228927,STATIC_CURRENT_SNAPSHOT,False
col_4a6ce89e87ac5037b13cd12239825b31,2023-07,1.0,,,,0.0,0.0,0.0,0.0,False,True,1,7.764068968800645,16.0,7.169544850228927,STATIC_CURRENT_SNAPSHOT,False
col_4a6ce89e87ac5037b13cd12239825b31,2023-08,1.0,,,,0.0,0.0,0.0,0.0,False,True,1,7.764068968800645,16.0,7.169544850228927,STATIC_CURRENT_SNAPSHOT,False
col_4a6ce89e87ac5037b13cd12239825b31,2023-09,1.0,,,,0.0,0.0,0.0,0.0,False,True,1,7.764068968800645,16.0,7.169544850228927,STATIC_CURRENT_SNAPSHOT,False
col_4a6ce89e87ac5037b13cd12239825b31,2023-10,1.0,2311.0,,,1.0,1.0,0.0,0.0,True,True,1,7.764068968800645,16.0,7.169544850228927,STATIC_CURRENT_SNAPSHOT,False
col_4a6ce89e87ac5037b13cd12239825b31,2023-11,1.0,,,,0.0,0.0,0.0,0.0,False,True,1,7.764068968800645,16.0,7.169544850228927,STATIC_CURRENT_SNAPSHOT,False
col_4a6ce89e87ac5037b13cd12239825b31,2023-12,1.0,10851.0,0.21935048881896843,7353.666666666667,1.0,1.0,1.0,1.0,True,True,1,7.764068968800645,16.0,7.169544850228927,STATIC_CURRENT_SNAPSHOT,False
col_4a6ce89e87ac5037b13cd12239825b31,2024-01,1.0,14724.0,0.3569256289742881,11491.333333333334,1.0,1.0,1.0,1.0,True,True,1,7.764068968800645,16.0,7.169544850228927,STATIC_CURRENT_SNAPSHOT,False
col_4a6ce89e87ac5037b13cd12239825b31,2024-02,1.0,,,,0.0,0.0,0.0,0.0,False,True,1,7.764068968800645,16.0,7.169544850228927,STATIC_CURRENT_SNAPSHOT,False
col_4a6ce89e87ac5037b13cd12239825b31,2024-03,1.0,,,,0.0,0.0,0.0,0.0,False,True,1,7.764068968800645,16.0,7.169544850228927,STATIC_CURRENT_SNAPSHOT,False
col_4a6ce89e87ac5037b13cd12239825b31,2024-04,1.0,,,,0.0,0.0,0.0,0.0,False,True,1,7.764068968800645,16.0,7.169544850228927,STATIC_CURRENT_SNAPSHOT,False
col_4a6ce89e87ac5037b13cd12239825b31,2024-05,1.0,,,,0.0,0.0,0.0,0.0,False,True,1,7.764068968800645,16.0,7.169544850228927,STATIC_CURRENT_SNAPSHOT,False
col_4a6ce89e87ac5037b13cd12239825b31,2024-06,1.0,,,,0.0,0.0,0.0,0.0,False,True,1,7.764068968800645,16.0,7.169544850228927,STATIC_CURRENT_SNAPSHOT,False
col_4a6ce89e87ac5037b13cd12239825b31,2024-07,1.0,52593.0,-0.1062300319488818,54535.666666666664,1.0,1.0,1.0,1.0,True,True,1,7.764068968800645,16.0,7.169544850228927,STATIC_CURRENT_SNAPSHOT,False
col_4a6ce89e87ac5037b13cd12239825b31,2024-08,1.0,,,,0.0,0.0,0.0,0.0,False,True,1,7.764068968800645,16.0,7.169544850228927,STATIC_CURRENT_SNAPSHOT,False
col_4a6ce89e87ac5037b13cd12239825b31,2024-09,1.0,,,,0.0,0.0,0.0,0.0,False,True,1,7.764068968800645,16.0,7.169544850228927,STATIC_CURRENT_SNAPSHOT,False
col_4a6ce89e87ac5037b13cd12239825b31,2024-10,1.0,50148.0,-0.0372261792769789,50946.0,1.0,1.0,1.0,1.0,True,True,1,7.764068968800645,16.0,7.169544850228927,STATIC_CURRENT_SNAPSHOT,False
col_4a6ce89e87ac5037b13cd12239825b31,2024-11,1.0,,,,0.0,0.0,0.0,0.0,False,True,1,7.764068968800645,16.0,7.169544850228927,STATIC_CURRENT_SNAPSHOT,False
col_4a6ce89e87ac5037b13cd12239825b31,2024-12,1.0,,,,0.0,0.0,0.0,0.0,False,True,1,7.764068968800645,16.0,7.169544850228927,STATIC_CURRENT_SNAPSHOT,False
col_4a6ce89e87ac5037b13cd12239825b31,2025-01,1.0,47215.0,-0.13949589021123038,,1.0,1.0,1.0,0.0,True,True,1,7.764068968800645,16.0,7.169544850228927,STATIC_CURRENT_SNAPSHOT,False
col_4a6ce89e87ac5037b13cd12239825b31,2025-02,1.0,,,,0.0,0.0,0.0,0.0,False,True,1,7.764068968800645,16.0,7.169544850228927,STATIC_CURRENT_SNAPSHOT,False
col_4a6ce89e87ac5037b13cd12239825b31,2025-03,1.0,,,,0.0,0.0,0.0,0.0,False,True,1,7.764068968800645,16.0,7.169544850228927,STATIC_CURRENT_SNAPSHOT,False
col_4a6ce89e87ac5037b13cd12239825b31,2025-04,1.0,,,,0.0,0.0,0.0,0.0,False,True,1,7.764068968800645,16.0,7.169544850228927,STATIC_CURRENT_SNAPSHOT,False
col_4a6ce89e87ac5037b13cd12239825b31,2025-05,1.0,,,,0.0,0.0,0.0,0.0,False,True,1,7.764068968800645,16.0,7.169544850228927,STATIC_CURRENT_SNAPSHOT,False
col_4a6ce89e87ac5037b13cd12239825b31,2025-06,1.0,,,,0.0,0.0,0.0,0.0,False,True,1,7.764068968800645,16.0,7.169544850228927,STATIC_CURRENT_SNAPSHOT,False
col_4a6ce89e87ac5037b13cd12239825b31,2025-07,1.0,47129.0,-0.11082391562741732,50059.333333333336,1.0,1.0,1.0,1.0,True,True,1,7.764068968800645,16.0,7.169544850228927,STATIC_CURRENT_SNAPSHOT,False
col_4a6ce89e87ac5037b13cd12239825b31,2025-08,1.0,,,,0.0,0.0,0.0,0.0,False,True,1,7.764068968800645,16.0,7.169544850228927,STATIC_CURRENT_SNAPSHOT,False
col_4a6ce89e87ac5037b13cd12239825b31,2025-09,1.0,,,,0.0,0.0,0.0,0.0,False,True,1,7.764068968800645,16.0,7.169544850228927,STATIC_CURRENT_SNAPSHOT,False
col_4a6ce89e87ac5037b13cd12239825b31,2025-10,1.0,,,,0.0,0.0,0.0,0.0,False,True,1,7.764068968800645,16.0,7.169544850228927,STATIC_CURRENT_SNAPSHOT,False
col_4a6ce89e87ac5037b13cd12239825b31,2025-11,1.0,,,,0.0,0.0,0.0,0.0,False,True,1,7.764068968800645,16.0,7.169544850228927,STATIC_CURRENT_SNAPSHOT,False
col_4a6ce89e87ac5037b13cd12239825b31,2025-12,1.0,,,,0.0,0.0,0.0,0.0,False,True,1,7.764068968800645,16.0,7.169544850228927,STATIC_CURRENT_SNAPSHOT,False
col_4a6ce89e87ac5037b13cd12239825b31,2026-01,1.0,,,,0.0,0.0,0.0,0.0,False,True,1,7.764068968800645,16.0,7.169544850228927,STATIC_CURRENT_SNAPSHOT,False
col_4a6ce89e87ac5037b13cd12239825b31,2026-02,1.0,,,,0.0,0.0,0.0,0.0,False,True,1,7.764068968800645,16.0,7.169544850228927,STATIC_CURRENT_SNAPSHOT,False
col_4a6ce89e87ac5037b13cd12239825b31,2026-03,1.0,,,,0.0,0.0,0.0,0.0,False,True,1,7.764068968800645,16.0,7.169544850228927,STATIC_CURRENT_SNAPSHOT,False
col_4a6ce89e87ac5037b13cd12239825b31,2026-04,1.0,,,,0.0,0.0,0.0,0.0,False,True,1,7.764068968800645,16.0,7.169544850228927,STATIC_CURRENT_SNAPSHOT,False
col_4a6ce89e87ac5037b13cd12239825b31,2026-05,1.0,,,,0.0,0.0,0.0,0.0,False,True,1,7.764068968800645,16.0,7.169544850228927,STATIC_CURRENT_SNAPSHOT,False
col_4a6ce89e87ac5037b13cd12239825b31,2026-06,1.0,,,,0.0,0.0,0.0,0.0,False,True,1,7.764068968800645,16.0,7.169544850228927,STATIC_CURRENT_SNAPSHOT,False
col_4a6ce89e87ac5037b13cd12239825b31,2026-07,1.0,,,,0.0,0.0,0.0,0.0,False,True,1,7.764068968800645,16.0,7.169544850228927,STATIC_CURRENT_SNAPSHOT,False
col_4a6ce89e87ac5037b13cd12239825b31,2026-08,1.0,,,,0.0,0.0,0.0,0.0,False,True,1,7.764068968800645,16.0,7.169544850228927,STATIC_CURRENT_SNAPSHOT,False
col_4b057d99c17f5783822af98b43744780,2023-01,2.0,,,,0.0,0.0,0.0,0.0,False,True,6,7.6154107198761825,20.0,7.574052722884574,STATIC_CURRENT_SNAPSHOT,False
col_4b057d99c17f5783822af98b43744780,2023-02,2.0,,,,0.0,0.0,0.0,0.0,False,True,6,7.6154107198761825,20.0,7.574052722884574,STATIC_CURRENT_SNAPSHOT,False
col_4b057d99c17f5783822af98b43744780,2023-03,2.0,305.0,,,1.0,0.5,0.0,0.0,True,True,6,7.6154107198761825,20.0,7.574052722884574,STATIC_CURRENT_SNAPSHOT,False
col_4b057d99c17f5783822af98b43744780,2023-04,2.0,,,,0.0,0.0,0.0,0.0,False,True,6,7.6154107198761825,20.0,7.574052722884574,STATIC_CURRENT_SNAPSHOT,False
col_4b057d99c17f5783822af98b43744780,2023-05,2.0,,,,0.0,0.0,0.0,0.0,False,True,6,7.6154107198761825,20.0,7.574052722884574,STATIC_CURRENT_SNAPSHOT,False
col_4b057d99c17f5783822af98b43744780,2023-06,2.0,8822.0,0.03873778405745908,8165.333333333333,1.0,0.5,0.5,0.5,True,True,6,7.6154107198761825,20.0,7.574052722884574,STATIC_CURRENT_SNAPSHOT,False
col_4b057d99c17f5783822af98b43744780,2023-07,2.0,,,,0.0,0.0,0.0,0.0,False,True,6,7.6154107198761825,20.0,7.574052722884574,STATIC_CURRENT_SNAPSHOT,False
col_4b057d99c17f5783822af98b43744780,2023-08,2.0,10464.0,0.10031545741324921,9598.666666666666,1.0,0.5,0.5,0.5,True,True,6,7.6154107198761825,20.0,7.574052722884574,STATIC_CURRENT_SNAPSHOT,False
col_4b057d99c17f5783822af98b43744780,2023-09,2.0,12209.0,0.16676223241590213,10727.666666666666,1.0,0.5,0.5,0.5,True,True,6,7.6154107198761825,20.0,7.574052722884574,STATIC_CURRENT_SNAPSHOT,False
col_4b057d99c17f5783822af98b43744780,2023-10,2.0,,,,0.0,0.0,0.0,0.0,False,True,6,7.6154107198761825,20.0,7.574052722884574,STATIC_CURRENT_SNAPSHOT,False
col_4b057d99c17f5783822af98b43744780,2023-11,2.0,1501.0,,,1.0,0.5,0.0,0.0,True,True,6,7.6154107198761825,20.0,7.574052722884574,STATIC_CURRENT_SNAPSHOT,False
col_4b057d99c17f5783822af98b43744780,2023-12,2.0,1890.0,0.25916055962691537,,1.0,0.5,0.5,0.0,True,True,6,7.6154107198761825,20.0,7.574052722884574,STATIC_CURRENT_SNAPSHOT,False
col_4b057d99c17f5783822af98b43744780,2024-01,2.0,10701.5,0.006129467733339458,11338.166666666668,2.0,1.0,1.0,1.0,True,True,6,7.6154107198761825,20.0,7.574052722884574,STATIC_CURRENT_SNAPSHOT,False
col_4b057d99c17f5783822af98b43744780,2024-02,2.0,3520.0,0.6311399443929564,2522.6666666666665,1.0,0.5,0.5,0.5,True,True,6,7.6154107198761825,20.0,7.574052722884574,STATIC_CURRENT_SNAPSHOT,False
col_4b057d99c17f5783822af98b43744780,2024-03,2.0,4383.0,0.24517045454545455,3353.6666666666665,1.0,0.5,0.5,0.5,True,True,6,7.6154107198761825,20.0,7.574052722884574,STATIC_CURRENT_SNAPSHOT,False
col_4b057d99c17f5783822af98b43744780,2024-04,2.0,21128.0,0.16250491987787846,18681.666666666668,2.0,1.0,1.0,1.0,True,True,6,7.6154107198761825,20.0,7.574052722884574,STATIC_CURRENT_SNAPSHOT,False
col_4b057d99c17f5783822af98b43744780,2024-05,2.0,,,,0.0,0.0,0.0,0.0,False,True,6,7.6154107198761825,20.0,7.574052722884574,STATIC_CURRENT_SNAPSHOT,False
col_4b057d99c17f5783822af98b43744780,2024-06,2.0,6439.0,0.09172600881654798,5913.0,1.0,0.5,0.5,0.5,True,True,6,7.6154107198761825,20.0,7.574052722884574,STATIC_CURRENT_SNAPSHOT,False
col_4b057d99c17f5783822af98b43744780,2024-07,2.0,21826.0,-0.07607543494209401,22886.0,2.0,1.0,1.0,1.0,True,True,6,7.6154107198761825,20.0,7.574052722884574,STATIC_CURRENT_SNAPSHOT,False
col_4b057d99c17f5783822af98b43744780,2024-08,2.0,,,,0.0,0.0,0.0,0.0,False,True,6,7.6154107198761825,20.0,7.574052722884574,STATIC_CURRENT_SNAPSHOT,False
col_4b057d99c17f5783822af98b43744780,2024-09,2.0,5989.0,0.09268381682174785,5848.0,1.0,0.5,0.5,0.5,True,True,6,7.6154107198761825,20.0,7.574052722884574,STATIC_CURRENT_SNAPSHOT,False
col_4b057d99c17f5783822af98b43744780,2024-10,2.0,22632.0,0.005561314500283325,21639.166666666668,2.0,1.0,1.0,1.0,True,True,6,7.6154107198761825,20.0,7.574052722884574,STATIC_CURRENT_SNAPSHOT,False
col_4b057d99c17f5783822af98b43744780,2024-11,2.0,,,,0.0,0.0,0.0,0.0,False,True,6,7.6154107198761825,20.0,7.574052722884574,STATIC_CURRENT_SNAPSHOT,False
col_4b057d99c17f5783822af98b43744780,2024-12,2.0,6194.0,,,1.0,0.5,0.0,0.0,True,True,6,7.6154107198761825,20.0,7.574052722884574,STATIC_CURRENT_SNAPSHOT,False
col_4b057d99c17f5783822af98b43744780,2025-01,2.0,5574.0,-0.10009686793671295,,1.0,0.5,0.5,0.0,True,True,6,7.6154107198761825,20.0,7.574052722884574,STATIC_CURRENT_SNAPSHOT,False
col_4b057d99c17f5783822af98b43744780,2025-02,2.0,,,,0.0,0.0,0.0,0.0,False,True,6,7.6154107198761825,20.0,7.574052722884574,STATIC_CURRENT_SNAPSHOT,False
col_4b057d99c17f5783822af98b43744780,2025-03,2.0,21840.5,0.014270848607511686,21061.666666666664,2.0,1.0,1.0,1.0,True,True,6,7.6154107198761825,20.0,7.574052722884574,STATIC_CURRENT_SNAPSHOT,False
col_4b057d99c17f5783822af98b43744780,2025-04,2.0,6828.0,0.15357323872275722,6224.666666666667,1.0,0.5,0.5,0.5,True,True,6,7.6154107198761825,20.0,7.574052722884574,STATIC_CURRENT_SNAPSHOT,False
col_4b057d99c17f5783822af98b43744780,2025-05,2.0,5640.0,-0.17398945518453426,6129.0,1.0,0.5,0.5,0.5,True,True,6,7.6154107198761825,20.0,7.574052722884574,STATIC_CURRENT_SNAPSHOT,False
col_4b057d99c17f5783822af98b43744780,2025-06,2.0,5800.0,0.028368794326241134,6089.333333333333,1.0,0.5,0.5,0.5,True,True,6,7.6154107198761825,20.0,7.574052722884574,STATIC_CURRENT_SNAPSHOT,False
col_4b057d99c17f5783822af98b43744780,2025-07,2.0,4679.0,-0.19327586206896552,5373.0,1.0,0.5,0.5,0.5,True,True,6,7.6154107198761825,20.0,7.574052722884574,STATIC_CURRENT_SNAPSHOT,False
col_4b057d99c17f5783822af98b43744780,2025-08,2.0,19396.0,0.0657035135915462,20296.666666666668,2.0,1.0,1.0,1.0,True,True,6,7.6154107198761825,20.0,7.574052722884574,STATIC_CURRENT_SNAPSHOT,False
col_4b057d99c17f5783822af98b43744780,2025-09,2.0,5052.0,-0.02055060100814269,4963.0,1.0,0.5,0.5,0.5,True,True,6,7.6154107198761825,20.0,7.574052722884574,STATIC_CURRENT_SNAPSHOT,False
col_4b057d99c17f5783822af98b43744780,2025-10,2.0,20201.5,0.025023896260734126,19645.0,2.0,1.0,1.0,1.0,True,True,6,7.6154107198761825,20.0,7.574052722884574,STATIC_CURRENT_SNAPSHOT,False
col_4b057d99c17f5783822af98b43744780,2025-11,2.0,5703.0,0.13065027755749406,5266.333333333333,1.0,0.5,0.5,0.5,True,True,6,7.6154107198761825,20.0,7.574052722884574,STATIC_CURRENT_SNAPSHOT,False
col_4b057d99c17f5783822af98b43744780,2025-12,2.0,20852.5,-0.0448426755276538,21000.333333333332,2.0,1.0,1.0,1.0,True,True,6,7.6154107198761825,20.0,7.574052722884574,STATIC_CURRENT_SNAPSHOT,False
col_4b057d99c17f5783822af98b43744780,2026-01,2.0,17654.0,-0.14693082548816408,20151.166666666664,2.0,1.0,1.0,1.0,True,True,6,7.6154107198761825,20.0,7.574052722884574,STATIC_CURRENT_SNAPSHOT,False
col_4b057d99c17f5783822af98b43744780,2026-02,2.0,5055.0,0.06916243654822335,5089.666666666667,1.0,0.5,0.5,0.5,True,True,6,7.6154107198761825,20.0,7.574052722884574,STATIC_CURRENT_SNAPSHOT,False
col_4b057d99c17f5783822af98b43744780,2026-03,2.0,5369.0,0.06211671612265084,5050.666666666667,1.0,0.5,0.5,0.5,True,True,6,7.6154107198761825,20.0,7.574052722884574,STATIC_CURRENT_SNAPSHOT,False
col_4b057d99c17f5783822af98b43744780,2026-04,2.0,21674.0,0.1220242228654209,20017.5,2.0,1.0,1.0,1.0,True,True,6,7.6154107198761825,20.0,7.574052722884574,STATIC_CURRENT_SNAPSHOT,False
col_4b057d99c17f5783822af98b43744780,2026-05,2.0,,,,0.0,0.0,0.0,0.0,False,True,6,7.6154107198761825,20.0,7.574052722884574,STATIC_CURRENT_SNAPSHOT,False
col_4b057d99c17f5783822af98b43744780,2026-06,2.0,5625.0,-0.026984950700570835,5841.666666666667,1.0,0.5,0.5,0.5,True,True,6,7.6154107198761825,20.0,7.574052722884574,STATIC_CURRENT_SNAPSHOT,False
col_4b057d99c17f5783822af98b43744780,2026-07,2.0,30981.0,-0.12896423751686908,33652.333333333336,1.0,0.5,0.5,0.5,True,True,6,7.6154107198761825,20.0,7.574052722884574,STATIC_CURRENT_SNAPSHOT,False
col_4b057d99c17f5783822af98b43744780,2026-08,2.0,4583.0,-0.08193108974358974,5066.666666666667,1.0,0.5,0.5,0.5,True,True,6,7.6154107198761825,20.0,7.574052722884574,STATIC_CURRENT_SNAPSHOT,False
col_4d16bf4016d1531fac1806d04420e1fc,2023-01,4.0,,,,0.0,0.0,0.0,0.0,False,True,5,14.924756327174084,26.0,9.348656119468723,STATIC_CURRENT_SNAPSHOT,False
col_4d16bf4016d1531fac1806d04420e1fc,2023-02,4.0,,,,0.0,0.0,0.0,0.0,False,True,5,14.924756327174084,26.0,9.348656119468723,STATIC_CURRENT_SNAPSHOT,False
col_4d16bf4016d1531fac1806d04420e1fc,2023-03,4.0,4010.0,-0.09313191091730261,,3.0,0.75,0.25,0.0,True,True,5,14.924756327174084,26.0,9.348656119468723,STATIC_CURRENT_SNAPSHOT,False
col_4d16bf4016d1531fac1806d04420e1fc,2023-04,4.0,7734.5,13.07255710115061,12608.0,2.0,0.5,0.5,0.25,True,True,5,14.924756327174084,26.0,9.348656119468723,STATIC_CURRENT_SNAPSHOT,False
col_4d16bf4016d1531fac1806d04420e1fc,2023-05,4.0,2632.0,0.23394280356305672,1614.6666666666667,1.0,0.25,0.25,0.25,True,True,5,14.924756327174084,26.0,9.348656119468723,STATIC_CURRENT_SNAPSHOT,False
col_4d16bf4016d1531fac1806d04420e1fc,2023-06,4.0,4208.666666666667,0.1734342415728025,5450.666666666666,3.0,0.75,0.5,0.5,True,True,5,14.924756327174084,26.0,9.348656119468723,STATIC_CURRENT_SNAPSHOT,False
col_4d16bf4016d1531fac1806d04420e1fc,2023-07,4.0,7137.0,2.1716092013945745,8893.0,3.0,0.75,0.75,0.5,True,True,5,14.924756327174084,26.0,9.348656119468723,STATIC_CURRENT_SNAPSHOT,False
col_4d16bf4016d1531fac1806d04420e1fc,2023-08,4.0,5512.0,0.013593533327151713,5029.11111111111,3.0,0.75,0.75,0.75,True,True,5,14.924756327174084,26.0,9.348656119468723,STATIC_CURRENT_SNAPSHOT,False
col_4d16bf4016d1531fac1806d04420e1fc,2023-09,4.0,8629.75,0.07649676229293279,8042.416666666667,4.0,1.0,1.0,1.0,True,True,5,14.924756327174084,26.0,9.348656119468723,STATIC_CURRENT_SNAPSHOT,False
col_4d16bf4016d1531fac1806d04420e1fc,2023-10,4.0,3382.0,0.06103444901154825,3184.333333333333,2.0,0.5,0.5,0.5,True,True,5,14.924756327174084,26.0,9.348656119468723,STATIC_CURRENT_SNAPSHOT,False
col_4d16bf4016d1531fac1806d04420e1fc,2023-11,4.0,8916.333333333334,0.14656774762386893,8047.222222222222,3.0,0.75,0.75,0.75,True,True,5,14.924756327174084,26.0,9.348656119468723,STATIC_CURRENT_SNAPSHOT,False
col_4d16bf4016d1531fac1806d04420e1fc,2023-12,4.0,8866.333333333334,-0.025048128402124795,8523.777777777777,3.0,0.75,0.75,0.75,True,True,5,14.924756327174084,26.0,9.348656119468723,STATIC_CURRENT_SNAPSHOT,False
col_4d16bf4016d1531fac1806d04420e1fc,2024-01,4.0,8626.333333333334,-0.1590037029823257,9436.222222222223,3.0,0.75,0.75,0.75,True,True,5,14.924756327174084,26.0,9.348656119468723,STATIC_CURRENT_SNAPSHOT,False
col_4d16bf4016d1531fac1806d04420e1fc,2024-02,4.0,4600.0,0.35785141694051537,3952.333333333333,2.0,0.5,0.5,0.5,True,True,5,14.924756327174084,26.0,9.348656119468723,STATIC_CURRENT_SNAPSHOT,False
col_4d16bf4016d1531fac1806d04420e1fc,2024-03,4.0,4894.0,0.0469444567811015,4270.333333333333,2.0,0.5,0.5,0.5,True,True,5,14.924756327174084,26.0,9.348656119468723,STATIC_CURRENT_SNAPSHOT,False
col_4d16bf4016d1531fac1806d04420e1fc,2024-04,4.0,20265.666666666668,0.041052836853720985,18905.0,3.0,0.75,0.75,0.75,True,True,5,14.924756327174084,26.0,9.348656119468723,STATIC_CURRENT_SNAPSHOT,False
col_4d16bf4016d1531fac1806d04420e1fc,2024-05,4.0,5191.0,0.08978614698798448,5044.666666666666,2.0,0.5,0.5,0.5,True,True,5,14.924756327174084,26.0,9.348656119468723,STATIC_CURRENT_SNAPSHOT,False
col_4d16bf4016d1531fac1806d04420e1fc,2024-06,4.0,7380.0,-0.01757188498402556,7537.0,1.0,0.25,0.25,0.25,True,True,5,14.924756327174084,26.0,9.348656119468723,STATIC_CURRENT_SNAPSHOT,False
col_4d16bf4016d1531fac1806d04420e1fc,2024-07,4.0,17725.25,-0.10566053803138391,18770.083333333336,4.0,1.0,1.0,1.0,True,True,5,14.924756327174084,26.0,9.348656119468723,STATIC_CURRENT_SNAPSHOT,False
col_4d16bf4016d1531fac1806d04420e1fc,2024-08,4.0,4674.0,-0.0026533265239797577,4863.0,2.0,0.5,0.5,0.5,True,True,5,14.924756327174084,26.0,9.348656119468723,STATIC_CURRENT_SNAPSHOT,False
col_4d16bf4016d1531fac1806d04420e1fc,2024-09,4.0,,,,0.0,0.0,0.0,0.0,False,True,5,14.924756327174084,26.0,9.348656119468723,STATIC_CURRENT_SNAPSHOT,False
col_4d16bf4016d1531fac1806d04420e1fc,2024-10,4.0,17547.5,-0.054725494771698205,17540.5,4.0,1.0,1.0,1.0,True,True,5,14.924756327174084,26.0,9.348656119468723,STATIC_CURRENT_SNAPSHOT,False
col_4d16bf4016d1531fac1806d04420e1fc,2024-11,4.0,,,,0.0,0.0,0.0,0.0,False,True,5,14.924756327174084,26.0,9.348656119468723,STATIC_CURRENT_SNAPSHOT,False
col_4d16bf4016d1531fac1806d04420e1fc,2024-12,4.0,11067.0,,,3.0,0.75,0.0,0.0,True,True,5,14.924756327174084,26.0,9.348656119468723,STATIC_CURRENT_SNAPSHOT,False
col_4d16bf4016d1531fac1806d04420e1fc,2025-01,4.0,4589.0,-0.12857204035734612,,2.0,0.5,0.5,0.0,True,True,5,14.924756327174084,26.0,9.348656119468723,STATIC_CURRENT_SNAPSHOT,False
col_4d16bf4016d1531fac1806d04420e1fc,2025-02,4.0,12286.0,0.06858510489230524,12118.0,2.0,0.5,0.5,0.5,True,True,5,14.924756327174084,26.0,9.348656119468723,STATIC_CURRENT_SNAPSHOT,False
col_4d16bf4016d1531fac1806d04420e1fc,2025-03,4.0,37762.0,0.029891452571864943,36316.666666666664,1.0,0.25,0.25,0.25,True,True,5,14.924756327174084,26.0,9.348656119468723,STATIC_CURRENT_SNAPSHOT,False
col_4d16bf4016d1531fac1806d04420e1fc,2025-04,4.0,10263.333333333334,0.06998235275580626,4792.833333333334,3.0,0.75,0.5,0.5,True,True,5,14.924756327174084,26.0,9.348656119468723,STATIC_CURRENT_SNAPSHOT,False
col_4d16bf4016d1531fac1806d04420e1fc,2025-05,4.0,9596.666666666666,-0.06980763399041279,4691.166666666667,3.0,0.75,0.75,0.5,True,True,5,14.924756327174084,26.0,9.348656119468723,STATIC_CURRENT_SNAPSHOT,False
col_4d16bf4016d1531fac1806d04420e1fc,2025-06,4.0,4717.5,0.06376752462489022,4734.5,2.0,0.5,0.5,0.5,True,True,5,14.924756327174084,26.0,9.348656119468723,STATIC_CURRENT_SNAPSHOT,False
col_4d16bf4016d1531fac1806d04420e1fc,2025-07,4.0,2262.0,-0.13729977116704806,2432.0,1.0,0.25,0.25,0.25,True,True,5,14.924756327174084,26.0,9.348656119468723,STATIC_CURRENT_SNAPSHOT,False
col_4d16bf4016d1531fac1806d04420e1fc,2025-08,4.0,15974.25,0.10718656033130945,16231.5,4.0,1.0,1.0,1.0,True,True,5,14.924756327174084,26.0,9.348656119468723,STATIC_CURRENT_SNAPSHOT,False
col_4d16bf4016d1531fac1806d04420e1fc,2025-09,4.0,9116.0,-0.1093677377166022,9445.0,3.0,0.75,0.75,0.75,True,True,5,14.924756327174084,26.0,9.348656119468723,STATIC_CURRENT_SNAPSHOT,False
col_4d16bf4016d1531fac1806d04420e1fc,2025-10,4.0,14588.333333333334,0.01989409895823471,14264.888888888889,3.0,0.75,0.75,0.75,True,True,5,14.924756327174084,26.0,9.348656119468723,STATIC_CURRENT_SNAPSHOT,False
col_4d16bf4016d1531fac1806d04420e1fc,2025-11,4.0,4846.5,0.15006197394629794,4380.833333333334,2.0,0.5,0.5,0.5,True,True,5,14.924756327174084,26.0,9.348656119468723,STATIC_CURRENT_SNAPSHOT,False
col_4d16bf4016d1531fac1806d04420e1fc,2025-12,4.0,19783.666666666668,-0.07143085945622256,19763.333333333332,3.0,0.75,0.75,0.75,True,True,5,14.924756327174084,26.0,9.348656119468723,STATIC_CURRENT_SNAPSHOT,False
col_4d16bf4016d1531fac1806d04420e1fc,2026-01,4.0,12996.333333333334,-0.1087331462743566,14696.111111111111,3.0,0.75,0.75,0.75,True,True,5,14.924756327174084,26.0,9.348656119468723,STATIC_CURRENT_SNAPSHOT,False
col_4d16bf4016d1531fac1806d04420e1fc,2026-02,4.0,4274.5,0.04468346792908196,4355.166666666667,2.0,0.5,0.5,0.5,True,True,5,14.924756327174084,26.0,9.348656119468723,STATIC_CURRENT_SNAPSHOT,False
col_4d16bf4016d1531fac1806d04420e1fc,2026-03,4.0,8659.333333333334,-0.06180902753456102,9162.444444444443,3.0,0.75,0.75,0.75,True,True,5,14.924756327174084,26.0,9.348656119468723,STATIC_CURRENT_SNAPSHOT,False
col_4d16bf4016d1531fac1806d04420e1fc,2026-04,4.0,16546.75,0.11744723319285251,15596.666666666668,4.0,1.0,1.0,1.0,True,True,5,14.924756327174084,26.0,9.348656119468723,STATIC_CURRENT_SNAPSHOT,False
col_4d16bf4016d1531fac1806d04420e1fc,2026-05,4.0,4428.5,-0.057894481020679484,4368.833333333333,2.0,0.5,0.5,0.5,True,True,5,14.924756327174084,26.0,9.348656119468723,STATIC_CURRENT_SNAPSHOT,False
col_4d16bf4016d1531fac1806d04420e1fc,2026-06,4.0,4467.0,0.01848065121527178,4502.166666666667,2.0,0.5,0.5,0.5,True,True,5,14.924756327174084,26.0,9.348656119468723,STATIC_CURRENT_SNAPSHOT,False
col_4d16bf4016d1531fac1806d04420e1fc,2026-07,4.0,16511.0,-0.1230893851944207,17922.833333333336,2.0,0.5,0.5,0.5,True,True,5,14.924756327174084,26.0,9.348656119468723,STATIC_CURRENT_SNAPSHOT,False
col_4d16bf4016d1531fac1806d04420e1fc,2026-08,4.0,12433.5,0.12513808194533116,12057.0,2.0,0.5,0.5,0.5,True,True,5,14.924756327174084,26.0,9.348656119468723,STATIC_CURRENT_SNAPSHOT,False
col_506a1cf0beec53eb97a74f9abc9cfe66,2023-01,3.0,,,,0.0,0.0,0.0,0.0,False,True,7,9.987167817047231,14.0,13.211812672186433,STATIC_CURRENT_SNAPSHOT,False
col_506a1cf0beec53eb97a74f9abc9cfe66,2023-02,3.0,,,,0.0,0.0,0.0,0.0,False,True,7,9.987167817047231,14.0,13.211812672186433,STATIC_CURRENT_SNAPSHOT,False
col_506a1cf0beec53eb97a74f9abc9cfe66,2023-03,3.0,8285.666666666666,-0.0570043688198204,,3.0,1.0,0.6666666666666666,0.0,True,True,7,9.987167817047231,14.0,13.211812672186433,STATIC_CURRENT_SNAPSHOT,False
col_506a1cf0beec53eb97a74f9abc9cfe66,2023-04,3.0,9995.333333333332,8.75019392081987,13147.5,3.0,1.0,1.0,0.6666666666666666,True,True,7,9.987167817047231,14.0,13.211812672186433,STATIC_CURRENT_SNAPSHOT,False
col_506a1cf0beec53eb97a74f9abc9cfe66,2023-05,3.0,2632.0,0.2339428035630567,1614.6666666666665,1.0,0.3333333333333333,0.3333333333333333,0.3333333333333333,True,True,7,9.987167817047231,14.0,13.211812672186433,STATIC_CURRENT_SNAPSHOT,False
col_506a1cf0beec53eb97a74f9abc9cfe66,2023-06,3.0,3442.9999999999995,0.3081306990881459,2736.0,1.0,0.3333333333333333,0.3333333333333333,0.3333333333333333,True,True,7,9.987167817047231,14.0,13.211812672186433,STATIC_CURRENT_SNAPSHOT,False
col_506a1cf0beec53eb97a74f9abc9cfe66,2023-07,3.0,9367.5,0.051042610956128,8893.0,2.0,0.6666666666666666,0.6666666666666666,0.6666666666666666,True,True,7,9.987167817047231,14.0,13.211812672186433,STATIC_CURRENT_SNAPSHOT,False
col_506a1cf0beec53eb97a74f9abc9cfe66,2023-08,3.0,10945.5,-0.17198390374493688,11491.666666666666,2.0,0.6666666666666666,0.6666666666666666,0.6666666666666666,True,True,7,9.987167817047231,14.0,13.211812672186433,STATIC_CURRENT_SNAPSHOT,False
col_506a1cf0beec53eb97a74f9abc9cfe66,2023-09,3.0,13282.0,0.02288303940228184,12801.333333333332,3.0,1.0,1.0,1.0,True,True,7,9.987167817047231,14.0,13.211812672186433,STATIC_CURRENT_SNAPSHOT,False
col_506a1cf0beec53eb97a74f9abc9cfe66,2023-10,3.0,2319.0,-0.008974358974358974,2479.6666666666665,1.0,0.3333333333333333,0.3333333333333333,0.3333333333333333,True,True,7,9.987167817047231,14.0,13.211812672186433,STATIC_CURRENT_SNAPSHOT,False
col_506a1cf0beec53eb97a74f9abc9cfe66,2023-11,3.0,15807.333333333332,0.117535651687782,14366.777777777777,3.0,1.0,1.0,1.0,True,True,7,9.987167817047231,14.0,13.211812672186433,STATIC_CURRENT_SNAPSHOT,False
col_506a1cf0beec53eb97a74f9abc9cfe66,2023-12,3.0,10481.0,-0.05932339586123976,10205.0,2.0,0.6666666666666666,0.6666666666666666,0.6666666666666666,True,True,7,9.987167817047231,14.0,13.211812672186433,STATIC_CURRENT_SNAPSHOT,False
col_506a1cf0beec53eb97a74f9abc9cfe66,2024-01,3.0,11824.000000000002,-0.19067513070968264,13482.666666666668,2.0,0.6666666666666666,0.6666666666666666,0.6666666666666666,True,True,7,9.987167817047231,14.0,13.211812672186433,STATIC_CURRENT_SNAPSHOT,False
col_506a1cf0beec53eb97a74f9abc9cfe66,2024-02,3.0,16207.5,0.3362583463453151,14117.666666666666,2.0,0.6666666666666666,0.6666666666666666,0.6666666666666666,True,True,7,9.987167817047231,14.0,13.211812672186433,STATIC_CURRENT_SNAPSHOT,False
col_506a1cf0beec53eb97a74f9abc9cfe66,2024-03,3.0,2326.0,0.013066202090592335,2131.3333333333335,1.0,0.3333333333333333,0.3333333333333333,0.3333333333333333,True,True,7,9.987167817047231,14.0,13.211812672186433,STATIC_CURRENT_SNAPSHOT,False
col_506a1cf0beec53eb97a74f9abc9cfe66,2024-04,3.0,11971.5,0.015318916739686802,11893.333333333334,2.0,0.6666666666666666,0.6666666666666666,0.6666666666666666,True,True,7,9.987167817047231,14.0,13.211812672186433,STATIC_CURRENT_SNAPSHOT,False
col_506a1cf0beec53eb97a74f9abc9cfe66,2024-05,3.0,2870.0,0.20638923917612442,2525.0,1.0,0.3333333333333333,0.3333333333333333,0.3333333333333333,True,True,7,9.987167817047231,14.0,13.211812672186433,STATIC_CURRENT_SNAPSHOT,False
col_506a1cf0beec53eb97a74f9abc9cfe66,2024-06,3.0,42799.0,0.051753372815963435,39024.0,1.0,0.3333333333333333,0.3333333333333333,0.3333333333333333,True,True,7,9.987167817047231,14.0,13.211812672186433,STATIC_CURRENT_SNAPSHOT,False
col_506a1cf0beec53eb97a74f9abc9cfe66,2024-07,3.0,21788.0,-0.10860485780077042,22997.444444444445,3.0,1.0,1.0,1.0,True,True,7,9.987167817047231,14.0,13.211812672186433,STATIC_CURRENT_SNAPSHOT,False
col_506a1cf0beec53eb97a74f9abc9cfe66,2024-08,3.0,19930.5,-0.020653248363274833,21191.833333333336,2.0,0.6666666666666666,0.6666666666666666,0.6666666666666666,True,True,7,9.987167817047231,14.0,13.211812672186433,STATIC_CURRENT_SNAPSHOT,False
col_506a1cf0beec53eb97a74f9abc9cfe66,2024-09,3.0,,,,0.0,0.0,0.0,0.0,False,True,7,9.987167817047231,14.0,13.211812672186433,STATIC_CURRENT_SNAPSHOT,False
col_506a1cf0beec53eb97a74f9abc9cfe66,2024-10,3.0,21191.666666666664,-0.08811850387385718,21612.555555555555,3.0,1.0,1.0,1.0,True,True,7,9.987167817047231,14.0,13.211812672186433,STATIC_CURRENT_SNAPSHOT,False
col_506a1cf0beec53eb97a74f9abc9cfe66,2024-11,3.0,,,,0.0,0.0,0.0,0.0,False,True,7,9.987167817047231,14.0,13.211812672186433,STATIC_CURRENT_SNAPSHOT,False
col_506a1cf0beec53eb97a74f9abc9cfe66,2024-12,3.0,21725.666666666664,,,3.0,1.0,0.0,0.0,True,True,7,9.987167817047231,14.0,13.211812672186433,STATIC_CURRENT_SNAPSHOT,False
col_506a1cf0beec53eb97a74f9abc9cfe66,2025-01,3.0,2208.0,-0.11891460494812449,,1.0,0.3333333333333333,0.3333333333333333,0.0,True,True,7,9.987167817047231,14.0,13.211812672186433,STATIC_CURRENT_SNAPSHOT,False
col_506a1cf0beec53eb97a74f9abc9cfe66,2025-02,3.0,12286.000000000002,0.06858510489230522,12118.0,2.0,0.6666666666666666,0.6666666666666666,0.6666666666666666,True,True,7,9.987167817047231,14.0,13.211812672186433,STATIC_CURRENT_SNAPSHOT,False
col_506a1cf0beec53eb97a74f9abc9cfe66,2025-03,3.0,37135.0,0.006177689869130517,35698.0,1.0,0.3333333333333333,0.3333333333333333,0.3333333333333333,True,True,7,9.987167817047231,14.0,13.211812672186433,STATIC_CURRENT_SNAPSHOT,False
col_506a1cf0beec53eb97a74f9abc9cfe66,2025-04,3.0,11639.500000000002,0.024580090126997134,2435.0,2.0,0.6666666666666666,0.3333333333333333,0.3333333333333333,True,True,7,9.987167817047231,14.0,13.211812672186433,STATIC_CURRENT_SNAPSHOT,False
col_506a1cf0beec53eb97a74f9abc9cfe66,2025-05,3.0,11121.0,-0.040605473086537835,2451.3333333333335,2.0,0.6666666666666666,0.6666666666666666,0.3333333333333333,True,True,7,9.987167817047231,14.0,13.211812672186433,STATIC_CURRENT_SNAPSHOT,False
col_506a1cf0beec53eb97a74f9abc9cfe66,2025-06,3.0,19910.0,0.08541387547012773,19310.000000000004,2.0,0.6666666666666666,0.6666666666666666,0.6666666666666666,True,True,7,9.987167817047231,14.0,13.211812672186433,STATIC_CURRENT_SNAPSHOT,False
col_506a1cf0beec53eb97a74f9abc9cfe66,2025-07,3.0,2262.0,-0.13729977116704806,2432.0,1.0,0.3333333333333333,0.3333333333333333,0.3333333333333333,True,True,7,9.987167817047231,14.0,13.211812672186433,STATIC_CURRENT_SNAPSHOT,False
col_506a1cf0beec53eb97a74f9abc9cfe66,2025-08,3.0,11919.0,0.15674502253958664,11580.333333333334,2.0,0.6666666666666666,0.6666666666666666,0.6666666666666666,True,True,7,9.987167817047231,14.0,13.211812672186433,STATIC_CURRENT_SNAPSHOT,False
col_506a1cf0beec53eb97a74f9abc9cfe66,2025-09,3.0,10757.5,-0.11798156766439745,11138.666666666666,2.0,0.6666666666666666,0.6666666666666666,0.6666666666666666,True,True,7,9.987167817047231,14.0,13.211812672186433,STATIC_CURRENT_SNAPSHOT,False
col_506a1cf0beec53eb97a74f9abc9cfe66,2025-10,3.0,2236.0,-0.049723756906077346,2446.6666666666665,1.0,0.3333333333333333,0.3333333333333333,0.3333333333333333,True,True,7,9.987167817047231,14.0,13.211812672186433,STATIC_CURRENT_SNAPSHOT,False
col_506a1cf0beec53eb97a74f9abc9cfe66,2025-11,3.0,2557.0,0.14355992844364937,2382.0,1.0,0.3333333333333333,0.3333333333333333,0.3333333333333333,True,True,7,9.987167817047231,14.0,13.211812672186433,STATIC_CURRENT_SNAPSHOT,False
col_506a1cf0beec53eb97a74f9abc9cfe66,2025-12,3.0,11566.0,-0.08132868817886135,11350.166666666668,2.0,0.6666666666666666,0.6666666666666666,0.6666666666666666,True,True,7,9.987167817047231,14.0,13.211812672186433,STATIC_CURRENT_SNAPSHOT,False
col_506a1cf0beec53eb97a74f9abc9cfe66,2026-01,3.0,14510.5,-0.1091852757195359,16488.500000000004,2.0,0.6666666666666666,0.6666666666666666,0.6666666666666666,True,True,7,9.987167817047231,14.0,13.211812672186433,STATIC_CURRENT_SNAPSHOT,False
col_506a1cf0beec53eb97a74f9abc9cfe66,2026-02,3.0,2225.0,0.09876543209876543,2157.6666666666665,1.0,0.3333333333333333,0.3333333333333333,0.3333333333333333,True,True,7,9.987167817047231,14.0,13.211812672186433,STATIC_CURRENT_SNAPSHOT,False
col_506a1cf0beec53eb97a74f9abc9cfe66,2026-03,3.0,10022.500000000002,-0.06179956280721787,10636.833333333332,2.0,0.6666666666666666,0.6666666666666666,0.6666666666666666,True,True,7,9.987167817047231,14.0,13.211812672186433,STATIC_CURRENT_SNAPSHOT,False
col_506a1cf0beec53eb97a74f9abc9cfe66,2026-04,3.0,11101.5,0.11344209765465985,10764.333333333334,2.0,0.6666666666666666,0.6666666666666666,0.6666666666666666,True,True,7,9.987167817047231,14.0,13.211812672186433,STATIC_CURRENT_SNAPSHOT,False
col_506a1cf0beec53eb97a74f9abc9cfe66,2026-05,3.0,2227.0,-0.09728415079043372,2298.3333333333335,1.0,0.3333333333333333,0.3333333333333333,0.3333333333333333,True,True,7,9.987167817047231,14.0,13.211812672186433,STATIC_CURRENT_SNAPSHOT,False
col_506a1cf0beec53eb97a74f9abc9cfe66,2026-06,3.0,2312.0,0.03816793893129771,2335.3333333333335,1.0,0.3333333333333333,0.3333333333333333,0.3333333333333333,True,True,7,9.987167817047231,14.0,13.211812672186433,STATIC_CURRENT_SNAPSHOT,False
col_506a1cf0beec53eb97a74f9abc9cfe66,2026-07,3.0,2040.9999999999998,-0.11721453287197232,2193.3333333333335,1.0,0.3333333333333333,0.3333333333333333,0.3333333333333333,True,True,7,9.987167817047231,14.0,13.211812672186433,STATIC_CURRENT_SNAPSHOT,False
col_506a1cf0beec53eb97a74f9abc9cfe66,2026-08,3.0,18347.0,0.10218671152228764,17840.333333333332,1.0,0.3333333333333333,0.3333333333333333,0.3333333333333333,True,True,7,9.987167817047231,14.0,13.211812672186433,STATIC_CURRENT_SNAPSHOT,False
col_5176ae04e5c95d57b5192bbca17b2436,2023-01,2.0,,,,0.0,0.0,0.0,0.0,False,True,13,19.314279787187736,43.0,16.14909514651675,STATIC_CURRENT_SNAPSHOT,False
col_5176ae04e5c95d57b5192bbca17b2436,2023-02,2.0,,,,0.0,0.0,0.0,0.0,False,True,13,19.314279787187736,43.0,16.14909514651675,STATIC_CURRENT_SNAPSHOT,False
col_5176ae04e5c95d57b5192bbca17b2436,2023-03,2.0,,,,0.0,0.0,0.0,0.0,False,True,13,19.314279787187736,43.0,16.14909514651675,STATIC_CURRENT_SNAPSHOT,False
col_5176ae04e5c95d57b5192bbca17b2436,2023-04,2.0,,,,0.0,0.0,0.0,0.0,False,True,13,19.314279787187736,43.0,16.14909514651675,STATIC_CURRENT_SNAPSHOT,False
col_5176ae04e5c95d57b5192bbca17b2436,2023-05,2.0,,,,0.0,0.0,0.0,0.0,False,True,13,19.314279787187736,43.0,16.14909514651675,STATIC_CURRENT_SNAPSHOT,False
col_5176ae04e5c95d57b5192bbca17b2436,2023-06,2.0,,,,0.0,0.0,0.0,0.0,False,True,13,19.314279787187736,43.0,16.14909514651675,STATIC_CURRENT_SNAPSHOT,False
col_5176ae04e5c95d57b5192bbca17b2436,2023-07,2.0,,,,0.0,0.0,0.0,0.0,False,True,13,19.314279787187736,43.0,16.14909514651675,STATIC_CURRENT_SNAPSHOT,False
col_5176ae04e5c95d57b5192bbca17b2436,2023-08,2.0,,,,0.0,0.0,0.0,0.0,False,True,13,19.314279787187736,43.0,16.14909514651675,STATIC_CURRENT_SNAPSHOT,False
col_5176ae04e5c95d57b5192bbca17b2436,2023-09,2.0,,,,0.0,0.0,0.0,0.0,False,True,13,19.314279787187736,43.0,16.14909514651675,STATIC_CURRENT_SNAPSHOT,False
col_5176ae04e5c95d57b5192bbca17b2436,2023-10,2.0,,,,0.0,0.0,0.0,0.0,False,True,13,19.314279787187736,43.0,16.14909514651675,STATIC_CURRENT_SNAPSHOT,False
col_5176ae04e5c95d57b5192bbca17b2436,2023-11,2.0,,,,0.0,0.0,0.0,0.0,False,True,13,19.314279787187736,43.0,16.14909514651675,STATIC_CURRENT_SNAPSHOT,False
col_5176ae04e5c95d57b5192bbca17b2436,2023-12,2.0,,,,0.0,0.0,0.0,0.0,False,True,13,19.314279787187736,43.0,16.14909514651675,STATIC_CURRENT_SNAPSHOT,False
col_5176ae04e5c95d57b5192bbca17b2436,2024-01,2.0,,,,0.0,0.0,0.0,0.0,False,True,13,19.314279787187736,43.0,16.14909514651675,STATIC_CURRENT_SNAPSHOT,False
col_5176ae04e5c95d57b5192bbca17b2436,2024-02,2.0,,,,0.0,0.0,0.0,0.0,False,True,13,19.314279787187736,43.0,16.14909514651675,STATIC_CURRENT_SNAPSHOT,False
col_5176ae04e5c95d57b5192bbca17b2436,2024-03,2.0,,,,0.0,0.0,0.0,0.0,False,True,13,19.314279787187736,43.0,16.14909514651675,STATIC_CURRENT_SNAPSHOT,False
col_5176ae04e5c95d57b5192bbca17b2436,2024-04,2.0,,,,0.0,0.0,0.0,0.0,False,True,13,19.314279787187736,43.0,16.14909514651675,STATIC_CURRENT_SNAPSHOT,False
col_5176ae04e5c95d57b5192bbca17b2436,2024-05,2.0,,,,0.0,0.0,0.0,0.0,False,True,13,19.314279787187736,43.0,16.14909514651675,STATIC_CURRENT_SNAPSHOT,False
col_5176ae04e5c95d57b5192bbca17b2436,2024-06,2.0,,,,0.0,0.0,0.0,0.0,False,True,13,19.314279787187736,43.0,16.14909514651675,STATIC_CURRENT_SNAPSHOT,False
col_5176ae04e5c95d57b5192bbca17b2436,2024-07,2.0,,,,0.0,0.0,0.0,0.0,False,True,13,19.314279787187736,43.0,16.14909514651675,STATIC_CURRENT_SNAPSHOT,False
col_5176ae04e5c95d57b5192bbca17b2436,2024-08,2.0,,,,0.0,0.0,0.0,0.0,False,True,13,19.314279787187736,43.0,16.14909514651675,STATIC_CURRENT_SNAPSHOT,False
col_5176ae04e5c95d57b5192bbca17b2436,2024-09,2.0,,,,0.0,0.0,0.0,0.0,False,True,13,19.314279787187736,43.0,16.14909514651675,STATIC_CURRENT_SNAPSHOT,False
col_5176ae04e5c95d57b5192bbca17b2436,2024-10,2.0,234593.0,,,1.0,0.5,0.0,0.0,True,True,13,19.314279787187736,43.0,16.14909514651675,STATIC_CURRENT_SNAPSHOT,False
col_5176ae04e5c95d57b5192bbca17b2436,2024-11,2.0,,,,0.0,0.0,0.0,0.0,False,True,13,19.314279787187736,43.0,16.14909514651675,STATIC_CURRENT_SNAPSHOT,False
col_5176ae04e5c95d57b5192bbca17b2436,2024-12,2.0,,,,0.0,0.0,0.0,0.0,False,True,13,19.314279787187736,43.0,16.14909514651675,STATIC_CURRENT_SNAPSHOT,False
col_5176ae04e5c95d57b5192bbca17b2436,2025-01,2.0,,,,0.0,0.0,0.0,0.0,False,True,13,19.314279787187736,43.0,16.14909514651675,STATIC_CURRENT_SNAPSHOT,False
col_5176ae04e5c95d57b5192bbca17b2436,2025-02,2.0,,,,0.0,0.0,0.0,0.0,False,True,13,19.314279787187736,43.0,16.14909514651675,STATIC_CURRENT_SNAPSHOT,False
col_5176ae04e5c95d57b5192bbca17b2436,2025-03,2.0,,,,0.0,0.0,0.0,0.0,False,True,13,19.314279787187736,43.0,16.14909514651675,STATIC_CURRENT_SNAPSHOT,False
col_5176ae04e5c95d57b5192bbca17b2436,2025-04,2.0,,,,0.0,0.0,0.0,0.0,False,True,13,19.314279787187736,43.0,16.14909514651675,STATIC_CURRENT_SNAPSHOT,False
col_5176ae04e5c95d57b5192bbca17b2436,2025-05,2.0,,,,0.0,0.0,0.0,0.0,False,True,13,19.314279787187736,43.0,16.14909514651675,STATIC_CURRENT_SNAPSHOT,False
col_5176ae04e5c95d57b5192bbca17b2436,2025-06,2.0,,,,0.0,0.0,0.0,0.0,False,True,13,19.314279787187736,43.0,16.14909514651675,STATIC_CURRENT_SNAPSHOT,False
col_5176ae04e5c95d57b5192bbca17b2436,2025-07,2.0,,,,0.0,0.0,0.0,0.0,False,True,13,19.314279787187736,43.0,16.14909514651675,STATIC_CURRENT_SNAPSHOT,False
col_5176ae04e5c95d57b5192bbca17b2436,2025-08,2.0,,,,0.0,0.0,0.0,0.0,False,True,13,19.314279787187736,43.0,16.14909514651675,STATIC_CURRENT_SNAPSHOT,False
col_5176ae04e5c95d57b5192bbca17b2436,2025-09,2.0,,,,0.0,0.0,0.0,0.0,False,True,13,19.314279787187736,43.0,16.14909514651675,STATIC_CURRENT_SNAPSHOT,False
col_5176ae04e5c95d57b5192bbca17b2436,2025-10,2.0,,,,0.0,0.0,0.0,0.0,False,True,13,19.314279787187736,43.0,16.14909514651675,STATIC_CURRENT_SNAPSHOT,False
col_5176ae04e5c95d57b5192bbca17b2436,2025-11,2.0,,,,0.0,0.0,0.0,0.0,False,True,13,19.314279787187736,43.0,16.14909514651675,STATIC_CURRENT_SNAPSHOT,False
col_5176ae04e5c95d57b5192bbca17b2436,2025-12,2.0,,,,0.0,0.0,0.0,0.0,False,True,13,19.314279787187736,43.0,16.14909514651675,STATIC_CURRENT_SNAPSHOT,False
col_5176ae04e5c95d57b5192bbca17b2436,2026-01,2.0,,,,0.0,0.0,0.0,0.0,False,True,13,19.314279787187736,43.0,16.14909514651675,STATIC_CURRENT_SNAPSHOT,False
col_5176ae04e5c95d57b5192bbca17b2436,2026-02,2.0,,,,0.0,0.0,0.0,0.0,False,True,13,19.314279787187736,43.0,16.14909514651675,STATIC_CURRENT_SNAPSHOT,False
col_5176ae04e5c95d57b5192bbca17b2436,2026-03,2.0,,,,0.0,0.0,0.0,0.0,False,True,13,19.314279787187736,43.0,16.14909514651675,STATIC_CURRENT_SNAPSHOT,False
col_5176ae04e5c95d57b5192bbca17b2436,2026-04,2.0,,,,0.0,0.0,0.0,0.0,False,True,13,19.314279787187736,43.0,16.14909514651675,STATIC_CURRENT_SNAPSHOT,False
col_5176ae04e5c95d57b5192bbca17b2436,2026-05,2.0,,,,0.0,0.0,0.0,0.0,False,True,13,19.314279787187736,43.0,16.14909514651675,STATIC_CURRENT_SNAPSHOT,False
col_5176ae04e5c95d57b5192bbca17b2436,2026-06,2.0,,,,0.0,0.0,0.0,0.0,False,True,13,19.314279787187736,43.0,16.14909514651675,STATIC_CURRENT_SNAPSHOT,False
col_5176ae04e5c95d57b5192bbca17b2436,2026-07,2.0,,,,0.0,0.0,0.0,0.0,False,True,13,19.314279787187736,43.0,16.14909514651675,STATIC_CURRENT_SNAPSHOT,False
col_5176ae04e5c95d57b5192bbca17b2436,2026-08,2.0,,,,0.0,0.0,0.0,0.0,False,True,13,19.314279787187736,43.0,16.14909514651675,STATIC_CURRENT_SNAPSHOT,False
col_5322fef4c1c650588d41946f956ec97e,2023-01,5.0,,,,0.0,0.0,0.0,0.0,False,True,19,16.967718618578804,83.0,13.922714701796785,STATIC_CURRENT_SNAPSHOT,False
col_5322fef4c1c650588d41946f956ec97e,2023-02,5.0,22013.500000000004,,,2.0,0.4,0.0,0.0,True,True,19,16.967718618578804,83.0,13.922714701796785,STATIC_CURRENT_SNAPSHOT,False
col_5322fef4c1c650588d41946f956ec97e,2023-03,5.0,24202.5,0.10454385728580887,,2.0,0.4,0.4,0.0,True,True,19,16.967718618578804,83.0,13.922714701796785,STATIC_CURRENT_SNAPSHOT,False
col_5322fef4c1c650588d41946f956ec97e,2023-04,5.0,45178.0,0.5188945669714901,34121.666666666664,1.0,0.2,0.2,0.2,True,True,19,16.967718618578804,83.0,13.922714701796785,STATIC_CURRENT_SNAPSHOT,False
col_5322fef4c1c650588d41946f956ec97e,2023-05,5.0,,,,0.0,0.0,0.0,0.0,False,True,19,16.967718618578804,83.0,13.922714701796785,STATIC_CURRENT_SNAPSHOT,False
col_5322fef4c1c650588d41946f956ec97e,2023-06,5.0,,,,0.0,0.0,0.0,0.0,False,True,19,16.967718618578804,83.0,13.922714701796785,STATIC_CURRENT_SNAPSHOT,False
col_5322fef4c1c650588d41946f956ec97e,2023-07,5.0,,,,0.0,0.0,0.0,0.0,False,True,19,16.967718618578804,83.0,13.922714701796785,STATIC_CURRENT_SNAPSHOT,False
col_5322fef4c1c650588d41946f956ec97e,2023-08,5.0,50691.33333333333,-0.04501293871570444,40437.16666666667,3.0,0.6000000000000001,0.4,0.4,True,True,19,16.967718618578804,83.0,13.922714701796785,STATIC_CURRENT_SNAPSHOT,False
col_5322fef4c1c650588d41946f956ec97e,2023-09,5.0,26982.0,0.16366929745115796,24695.666666666668,1.0,0.2,0.2,0.2,True,True,19,16.967718618578804,83.0,13.922714701796785,STATIC_CURRENT_SNAPSHOT,False
col_5322fef4c1c650588d41946f956ec97e,2023-10,5.0,,,,0.0,0.0,0.0,0.0,False,True,19,16.967718618578804,83.0,13.922714701796785,STATIC_CURRENT_SNAPSHOT,False
col_5322fef4c1c650588d41946f956ec97e,2023-11,5.0,,,,0.0,0.0,0.0,0.0,False,True,19,16.967718618578804,83.0,13.922714701796785,STATIC_CURRENT_SNAPSHOT,False
col_5322fef4c1c650588d41946f956ec97e,2023-12,5.0,75022.0,-0.001211507994621437,72609.33333333333,1.0,0.2,0.2,0.2,True,True,19,16.967718618578804,83.0,13.922714701796785,STATIC_CURRENT_SNAPSHOT,False
col_5322fef4c1c650588d41946f956ec97e,2024-01,5.0,24580.0,-0.24072529577116733,30086.666666666668,1.0,0.2,0.2,0.2,True,True,19,16.967718618578804,83.0,13.922714701796785,STATIC_CURRENT_SNAPSHOT,False
col_5322fef4c1c650588d41946f956ec97e,2024-02,5.0,,,,0.0,0.0,0.0,0.0,False,True,19,16.967718618578804,83.0,13.922714701796785,STATIC_CURRENT_SNAPSHOT,False
col_5322fef4c1c650588d41946f956ec97e,2024-03,5.0,,,,0.0,0.0,0.0,0.0,False,True,19,16.967718618578804,83.0,13.922714701796785,STATIC_CURRENT_SNAPSHOT,False
col_5322fef4c1c650588d41946f956ec97e,2024-04,5.0,36200.0,0.02442199394402468,34437.333333333336,1.0,0.2,0.2,0.2,True,True,19,16.967718618578804,83.0,13.922714701796785,STATIC_CURRENT_SNAPSHOT,False
col_5322fef4c1c650588d41946f956ec97e,2024-05,5.0,,,,0.0,0.0,0.0,0.0,False,True,19,16.967718618578804,83.0,13.922714701796785,STATIC_CURRENT_SNAPSHOT,False
col_5322fef4c1c650588d41946f956ec97e,2024-06,5.0,,,,0.0,0.0,0.0,0.0,False,True,19,16.967718618578804,83.0,13.922714701796785,STATIC_CURRENT_SNAPSHOT,False
col_5322fef4c1c650588d41946f956ec97e,2024-07,5.0,,,,0.0,0.0,0.0,0.0,False,True,19,16.967718618578804,83.0,13.922714701796785,STATIC_CURRENT_SNAPSHOT,False
col_5322fef4c1c650588d41946f956ec97e,2024-08,5.0,,,,0.0,0.0,0.0,0.0,False,True,19,16.967718618578804,83.0,13.922714701796785,STATIC_CURRENT_SNAPSHOT,False
col_5322fef4c1c650588d41946f956ec97e,2024-09,5.0,,,,0.0,0.0,0.0,0.0,False,True,19,16.967718618578804,83.0,13.922714701796785,STATIC_CURRENT_SNAPSHOT,False
col_5322fef4c1c650588d41946f956ec97e,2024-10,5.0,145570.0,-0.018528544051071717,83757.33333333333,4.0,0.8,0.8,0.6000000000000001,True,True,19,16.967718618578804,83.0,13.922714701796785,STATIC_CURRENT_SNAPSHOT,False
col_5322fef4c1c650588d41946f956ec97e,2024-11,5.0,,,,0.0,0.0,0.0,0.0,False,True,19,16.967718618578804,83.0,13.922714701796785,STATIC_CURRENT_SNAPSHOT,False
col_5322fef4c1c650588d41946f956ec97e,2024-12,5.0,,,,0.0,0.0,0.0,0.0,False,True,19,16.967718618578804,83.0,13.922714701796785,STATIC_CURRENT_SNAPSHOT,False
col_5322fef4c1c650588d41946f956ec97e,2025-01,5.0,51643.0,-0.18563721535570527,,2.0,0.4,0.4,0.0,True,True,19,16.967718618578804,83.0,13.922714701796785,STATIC_CURRENT_SNAPSHOT,False
col_5322fef4c1c650588d41946f956ec97e,2025-02,5.0,,,,0.0,0.0,0.0,0.0,False,True,19,16.967718618578804,83.0,13.922714701796785,STATIC_CURRENT_SNAPSHOT,False
col_5322fef4c1c650588d41946f956ec97e,2025-03,5.0,,,,0.0,0.0,0.0,0.0,False,True,19,16.967718618578804,83.0,13.922714701796785,STATIC_CURRENT_SNAPSHOT,False
col_5322fef4c1c650588d41946f956ec97e,2025-04,5.0,,,,0.0,0.0,0.0,0.0,False,True,19,16.967718618578804,83.0,13.922714701796785,STATIC_CURRENT_SNAPSHOT,False
col_5322fef4c1c650588d41946f956ec97e,2025-05,5.0,,,,0.0,0.0,0.0,0.0,False,True,19,16.967718618578804,83.0,13.922714701796785,STATIC_CURRENT_SNAPSHOT,False
col_5322fef4c1c650588d41946f956ec97e,2025-06,5.0,74006.5,0.05505063212858115,73248.0,2.0,0.4,0.4,0.4,True,True,19,16.967718618578804,83.0,13.922714701796785,STATIC_CURRENT_SNAPSHOT,False
col_5322fef4c1c650588d41946f956ec97e,2025-07,5.0,,,,0.0,0.0,0.0,0.0,False,True,19,16.967718618578804,83.0,13.922714701796785,STATIC_CURRENT_SNAPSHOT,False
col_5322fef4c1c650588d41946f956ec97e,2025-08,5.0,76583.0,0.08819768102762306,75566.66666666667,1.0,0.2,0.2,0.2,True,True,19,16.967718618578804,83.0,13.922714701796785,STATIC_CURRENT_SNAPSHOT,False
col_5322fef4c1c650588d41946f956ec97e,2025-09,5.0,,,,0.0,0.0,0.0,0.0,False,True,19,16.967718618578804,83.0,13.922714701796785,STATIC_CURRENT_SNAPSHOT,False
col_5322fef4c1c650588d41946f956ec97e,2025-10,5.0,,,,0.0,0.0,0.0,0.0,False,True,19,16.967718618578804,83.0,13.922714701796785,STATIC_CURRENT_SNAPSHOT,False
col_5322fef4c1c650588d41946f956ec97e,2025-11,5.0,33780.0,0.07105488442880244,32093.333333333332,1.0,0.2,0.2,0.2,True,True,19,16.967718618578804,83.0,13.922714701796785,STATIC_CURRENT_SNAPSHOT,False
col_5322fef4c1c650588d41946f956ec97e,2025-12,5.0,52230.0,-0.0777791537337586,53823.166666666664,2.0,0.4,0.4,0.4,True,True,19,16.967718618578804,83.0,13.922714701796785,STATIC_CURRENT_SNAPSHOT,False
col_5322fef4c1c650588d41946f956ec97e,2026-01,5.0,25364.0,-0.18822211553848617,30129.66666666667,1.0,0.2,0.2,0.2,True,True,19,16.967718618578804,83.0,13.922714701796785,STATIC_CURRENT_SNAPSHOT,False
col_5322fef4c1c650588d41946f956ec97e,2026-02,5.0,70194.0,0.0784145029958519,69499.66666666667,1.0,0.2,0.2,0.2,True,True,19,16.967718618578804,83.0,13.922714701796785,STATIC_CURRENT_SNAPSHOT,False
col_5322fef4c1c650588d41946f956ec97e,2026-03,5.0,,,,0.0,0.0,0.0,0.0,False,True,19,16.967718618578804,83.0,13.922714701796785,STATIC_CURRENT_SNAPSHOT,False
col_5322fef4c1c650588d41946f956ec97e,2026-04,5.0,30983.0,0.06058946359497484,29365.666666666668,1.0,0.2,0.2,0.2,True,True,19,16.967718618578804,83.0,13.922714701796785,STATIC_CURRENT_SNAPSHOT,False
col_5322fef4c1c650588d41946f956ec97e,2026-05,5.0,,,,0.0,0.0,0.0,0.0,False,True,19,16.967718618578804,83.0,13.922714701796785,STATIC_CURRENT_SNAPSHOT,False
col_5322fef4c1c650588d41946f956ec97e,2026-06,5.0,29710.0,0.049378355467646226,29668.333333333332,1.0,0.2,0.2,0.2,True,True,19,16.967718618578804,83.0,13.922714701796785,STATIC_CURRENT_SNAPSHOT,False
col_5322fef4c1c650588d41946f956ec97e,2026-07,5.0,,,,0.0,0.0,0.0,0.0,False,True,19,16.967718618578804,83.0,13.922714701796785,STATIC_CURRENT_SNAPSHOT,False
col_5322fef4c1c650588d41946f956ec97e,2026-08,5.0,25083.0,-0.006810532567808354,26682.666666666668,1.0,0.2,0.2,0.2,True,True,19,16.967718618578804,83.0,13.922714701796785,STATIC_CURRENT_SNAPSHOT,False
col_543d04998daf5e4ab3306049617a67b4,2023-01,1.0,,,,0.0,0.0,0.0,0.0,False,True,5,4.382929300426692,2.0,6.929286933454881,STATIC_CURRENT_SNAPSHOT,False
col_543d04998daf5e4ab3306049617a67b4,2023-02,1.0,,,,0.0,0.0,0.0,0.0,False,True,5,4.382929300426692,2.0,6.929286933454881,STATIC_CURRENT_SNAPSHOT,False
col_543d04998daf5e4ab3306049617a67b4,2023-03,1.0,,,,0.0,0.0,0.0,0.0,False,True,5,4.382929300426692,2.0,6.929286933454881,STATIC_CURRENT_SNAPSHOT,False
col_543d04998daf5e4ab3306049617a67b4,2023-04,1.0,,,,0.0,0.0,0.0,0.0,False,True,5,4.382929300426692,2.0,6.929286933454881,STATIC_CURRENT_SNAPSHOT,False
col_543d04998daf5e4ab3306049617a67b4,2023-05,1.0,,,,0.0,0.0,0.0,0.0,False,True,5,4.382929300426692,2.0,6.929286933454881,STATIC_CURRENT_SNAPSHOT,False
col_543d04998daf5e4ab3306049617a67b4,2023-06,1.0,,,,0.0,0.0,0.0,0.0,False,True,5,4.382929300426692,2.0,6.929286933454881,STATIC_CURRENT_SNAPSHOT,False
col_543d04998daf5e4ab3306049617a67b4,2023-07,1.0,,,,0.0,0.0,0.0,0.0,False,True,5,4.382929300426692,2.0,6.929286933454881,STATIC_CURRENT_SNAPSHOT,False
col_543d04998daf5e4ab3306049617a67b4,2023-08,1.0,,,,0.0,0.0,0.0,0.0,False,True,5,4.382929300426692,2.0,6.929286933454881,STATIC_CURRENT_SNAPSHOT,False
col_543d04998daf5e4ab3306049617a67b4,2023-09,1.0,,,,0.0,0.0,0.0,0.0,False,True,5,4.382929300426692,2.0,6.929286933454881,STATIC_CURRENT_SNAPSHOT,False
col_543d04998daf5e4ab3306049617a67b4,2023-10,1.0,,,,0.0,0.0,0.0,0.0,False,True,5,4.382929300426692,2.0,6.929286933454881,STATIC_CURRENT_SNAPSHOT,False
col_543d04998daf5e4ab3306049617a67b4,2023-11,1.0,514.0,,,1.0,1.0,0.0,0.0,True,True,5,4.382929300426692,2.0,6.929286933454881,STATIC_CURRENT_SNAPSHOT,False
col_543d04998daf5e4ab3306049617a67b4,2023-12,1.0,2069.0,3.0252918287937742,,1.0,1.0,1.0,0.0,True,True,5,4.382929300426692,2.0,6.929286933454881,STATIC_CURRENT_SNAPSHOT,False
col_543d04998daf5e4ab3306049617a67b4,2024-01,1.0,1961.0,-0.05219913001449976,1514.6666666666667,1.0,1.0,1.0,1.0,True,True,5,4.382929300426692,2.0,6.929286933454881,STATIC_CURRENT_SNAPSHOT,False
col_543d04998daf5e4ab3306049617a67b4,2024-02,1.0,2817.0,0.436511983681795,2282.3333333333335,1.0,1.0,1.0,1.0,True,True,5,4.382929300426692,2.0,6.929286933454881,STATIC_CURRENT_SNAPSHOT,False
col_543d04998daf5e4ab3306049617a67b4,2024-03,1.0,3534.0,0.25452609158679446,2770.6666666666665,1.0,1.0,1.0,1.0,True,True,5,4.382929300426692,2.0,6.929286933454881,STATIC_CURRENT_SNAPSHOT,False
col_543d04998daf5e4ab3306049617a67b4,2024-04,1.0,3595.0,0.01726089417091115,3315.3333333333335,1.0,1.0,1.0,1.0,True,True,5,4.382929300426692,2.0,6.929286933454881,STATIC_CURRENT_SNAPSHOT,False
col_543d04998daf5e4ab3306049617a67b4,2024-05,1.0,4378.0,0.21780250347705146,3835.6666666666665,1.0,1.0,1.0,1.0,True,True,5,4.382929300426692,2.0,6.929286933454881,STATIC_CURRENT_SNAPSHOT,False
col_543d04998daf5e4ab3306049617a67b4,2024-06,1.0,4812.0,0.09913202375513934,4261.666666666667,1.0,1.0,1.0,1.0,True,True,5,4.382929300426692,2.0,6.929286933454881,STATIC_CURRENT_SNAPSHOT,False
col_543d04998daf5e4ab3306049617a67b4,2024-07,1.0,4549.0,-0.054655029093931835,4579.666666666667,1.0,1.0,1.0,1.0,True,True,5,4.382929300426692,2.0,6.929286933454881,STATIC_CURRENT_SNAPSHOT,False
col_543d04998daf5e4ab3306049617a67b4,2024-08,1.0,4001.0,-0.1204660364915366,4454.0,1.0,1.0,1.0,1.0,True,True,5,4.382929300426692,2.0,6.929286933454881,STATIC_CURRENT_SNAPSHOT,False
col_543d04998daf5e4ab3306049617a67b4,2024-09,1.0,4509.0,0.1269682579355161,4353.0,1.0,1.0,1.0,1.0,True,True,5,4.382929300426692,2.0,6.929286933454881,STATIC_CURRENT_SNAPSHOT,False
col_543d04998daf5e4ab3306049617a67b4,2024-10,1.0,4554.0,0.00998003992015968,4354.666666666667,1.0,1.0,1.0,1.0,True,True,5,4.382929300426692,2.0,6.929286933454881,STATIC_CURRENT_SNAPSHOT,False
col_543d04998daf5e4ab3306049617a67b4,2024-11,1.0,,,,0.0,0.0,0.0,0.0,False,True,5,4.382929300426692,2.0,6.929286933454881,STATIC_CURRENT_SNAPSHOT,False
col_543d04998daf5e4ab3306049617a67b4,2024-12,1.0,4645.0,,,1.0,1.0,0.0,0.0,True,True,5,4.382929300426692,2.0,6.929286933454881,STATIC_CURRENT_SNAPSHOT,False
col_543d04998daf5e4ab3306049617a67b4,2025-01,1.0,3838.0,-0.173735199138859,,1.0,1.0,1.0,0.0,True,True,5,4.382929300426692,2.0,6.929286933454881,STATIC_CURRENT_SNAPSHOT,False
col_543d04998daf5e4ab3306049617a67b4,2025-02,1.0,4402.0,0.14695153725898905,4295.0,1.0,1.0,1.0,1.0,True,True,5,4.382929300426692,2.0,6.929286933454881,STATIC_CURRENT_SNAPSHOT,False
col_543d04998daf5e4ab3306049617a67b4,2025-03,1.0,4546.0,0.03271240345297592,4262.0,1.0,1.0,1.0,1.0,True,True,5,4.382929300426692,2.0,6.929286933454881,STATIC_CURRENT_SNAPSHOT,False
col_543d04998daf5e4ab3306049617a67b4,2025-04,1.0,4396.0,-0.032996040475142985,4448.0,1.0,1.0,1.0,1.0,True,True,5,4.382929300426692,2.0,6.929286933454881,STATIC_CURRENT_SNAPSHOT,False
col_543d04998daf5e4ab3306049617a67b4,2025-05,1.0,3857.0,-0.12261146496815287,4266.333333333333,1.0,1.0,1.0,1.0,True,True,5,4.382929300426692,2.0,6.929286933454881,STATIC_CURRENT_SNAPSHOT,False
col_543d04998daf5e4ab3306049617a67b4,2025-06,1.0,4217.0,0.09333679025149079,4156.666666666667,1.0,1.0,1.0,1.0,True,True,5,4.382929300426692,2.0,6.929286933454881,STATIC_CURRENT_SNAPSHOT,False
col_543d04998daf5e4ab3306049617a67b4,2025-07,1.0,3851.0,-0.08679155797960636,3975.0,1.0,1.0,1.0,1.0,True,True,5,4.382929300426692,2.0,6.929286933454881,STATIC_CURRENT_SNAPSHOT,False
col_543d04998daf5e4ab3306049617a67b4,2025-08,1.0,3833.0,-0.004674110620618021,3967.0,1.0,1.0,1.0,1.0,True,True,5,4.382929300426692,2.0,6.929286933454881,STATIC_CURRENT_SNAPSHOT,False
col_543d04998daf5e4ab3306049617a67b4,2025-09,1.0,3627.0,-0.05374380380902687,3770.3333333333335,1.0,1.0,1.0,1.0,True,True,5,4.382929300426692,2.0,6.929286933454881,STATIC_CURRENT_SNAPSHOT,False
col_543d04998daf5e4ab3306049617a67b4,2025-10,1.0,3823.0,0.054039150813344365,3761.0,1.0,1.0,1.0,1.0,True,True,5,4.382929300426692,2.0,6.929286933454881,STATIC_CURRENT_SNAPSHOT,False
col_543d04998daf5e4ab3306049617a67b4,2025-11,1.0,4333.0,0.13340308658121894,3927.6666666666665,1.0,1.0,1.0,1.0,True,True,5,4.382929300426692,2.0,6.929286933454881,STATIC_CURRENT_SNAPSHOT,False
col_543d04998daf5e4ab3306049617a67b4,2025-12,1.0,4036.0,-0.06854373413339487,4064.0,1.0,1.0,1.0,1.0,True,True,5,4.382929300426692,2.0,6.929286933454881,STATIC_CURRENT_SNAPSHOT,False
col_543d04998daf5e4ab3306049617a67b4,2026-01,1.0,3386.0,-0.16105054509415262,3918.3333333333335,1.0,1.0,1.0,1.0,True,True,5,4.382929300426692,2.0,6.929286933454881,STATIC_CURRENT_SNAPSHOT,False
col_543d04998daf5e4ab3306049617a67b4,2026-02,1.0,3983.0,0.17631423508564678,3801.6666666666665,1.0,1.0,1.0,1.0,True,True,5,4.382929300426692,2.0,6.929286933454881,STATIC_CURRENT_SNAPSHOT,False
col_543d04998daf5e4ab3306049617a67b4,2026-03,1.0,3909.0,-0.01857896058247552,3759.3333333333335,1.0,1.0,1.0,1.0,True,True,5,4.382929300426692,2.0,6.929286933454881,STATIC_CURRENT_SNAPSHOT,False
col_543d04998daf5e4ab3306049617a67b4,2026-04,1.0,4259.0,0.08953696597595293,4050.3333333333335,1.0,1.0,1.0,1.0,True,True,5,4.382929300426692,2.0,6.929286933454881,STATIC_CURRENT_SNAPSHOT,False
col_543d04998daf5e4ab3306049617a67b4,2026-05,1.0,3684.0,-0.13500821789152384,3950.6666666666665,1.0,1.0,1.0,1.0,True,True,5,4.382929300426692,2.0,6.929286933454881,STATIC_CURRENT_SNAPSHOT,False
col_543d04998daf5e4ab3306049617a67b4,2026-06,1.0,3647.0,-0.01004343105320304,3863.3333333333335,1.0,1.0,1.0,1.0,True,True,5,4.382929300426692,2.0,6.929286933454881,STATIC_CURRENT_SNAPSHOT,False
col_543d04998daf5e4ab3306049617a67b4,2026-07,1.0,3058.0,-0.16150260488072388,3463.0,1.0,1.0,1.0,1.0,True,True,5,4.382929300426692,2.0,6.929286933454881,STATIC_CURRENT_SNAPSHOT,False
col_543d04998daf5e4ab3306049617a67b4,2026-08,1.0,3552.0,0.16154349247874428,3419.0,1.0,1.0,1.0,1.0,True,True,5,4.382929300426692,2.0,6.929286933454881,STATIC_CURRENT_SNAPSHOT,False
col_5481a24d7414578eb3d8dcf5c715fb23,2023-01,3.0,,,,0.0,0.0,0.0,0.0,False,True,2,5.5758078848969195,15.0,9.71134017936093,STATIC_CURRENT_SNAPSHOT,False
col_5481a24d7414578eb3d8dcf5c715fb23,2023-02,3.0,,,,0.0,0.0,0.0,0.0,False,True,2,5.5758078848969195,15.0,9.71134017936093,STATIC_CURRENT_SNAPSHOT,False
col_5481a24d7414578eb3d8dcf5c715fb23,2023-03,3.0,,,,0.0,0.0,0.0,0.0,False,True,2,5.5758078848969195,15.0,9.71134017936093,STATIC_CURRENT_SNAPSHOT,False
col_5481a24d7414578eb3d8dcf5c715fb23,2023-04,3.0,,,,0.0,0.0,0.0,0.0,False,True,2,5.5758078848969195,15.0,9.71134017936093,STATIC_CURRENT_SNAPSHOT,False
col_5481a24d7414578eb3d8dcf5c715fb23,2023-05,3.0,,,,0.0,0.0,0.0,0.0,False,True,2,5.5758078848969195,15.0,9.71134017936093,STATIC_CURRENT_SNAPSHOT,False
col_5481a24d7414578eb3d8dcf5c715fb23,2023-06,3.0,,,,0.0,0.0,0.0,0.0,False,True,2,5.5758078848969195,15.0,9.71134017936093,STATIC_CURRENT_SNAPSHOT,False
col_5481a24d7414578eb3d8dcf5c715fb23,2023-07,3.0,,,,0.0,0.0,0.0,0.0,False,True,2,5.5758078848969195,15.0,9.71134017936093,STATIC_CURRENT_SNAPSHOT,False
col_5481a24d7414578eb3d8dcf5c715fb23,2023-08,3.0,,,,0.0,0.0,0.0,0.0,False,True,2,5.5758078848969195,15.0,9.71134017936093,STATIC_CURRENT_SNAPSHOT,False
col_5481a24d7414578eb3d8dcf5c715fb23,2023-09,3.0,,,,0.0,0.0,0.0,0.0,False,True,2,5.5758078848969195,15.0,9.71134017936093,STATIC_CURRENT_SNAPSHOT,False
col_5481a24d7414578eb3d8dcf5c715fb23,2023-10,3.0,,,,0.0,0.0,0.0,0.0,False,True,2,5.5758078848969195,15.0,9.71134017936093,STATIC_CURRENT_SNAPSHOT,False
col_5481a24d7414578eb3d8dcf5c715fb23,2023-11,3.0,9968.5,1.557369888374029,,2.0,0.6666666666666666,0.6666666666666666,0.0,True,True,2,5.5758078848969195,15.0,9.71134017936093,STATIC_CURRENT_SNAPSHOT,False
col_5481a24d7414578eb3d8dcf5c715fb23,2023-12,3.0,7444.0,0.1351759603030681,8418.0,3.0,1.0,0.6666666666666666,0.6666666666666666,True,True,2,5.5758078848969195,15.0,9.71134017936093,STATIC_CURRENT_SNAPSHOT,False
col_5481a24d7414578eb3d8dcf5c715fb23,2024-01,3.0,9751.333333333332,6.5259912929942425,11593.5,3.0,1.0,1.0,0.6666666666666666,True,True,2,5.5758078848969195,15.0,9.71134017936093,STATIC_CURRENT_SNAPSHOT,False
col_5481a24d7414578eb3d8dcf5c715fb23,2024-02,3.0,,,,0.0,0.0,0.0,0.0,False,True,2,5.5758078848969195,15.0,9.71134017936093,STATIC_CURRENT_SNAPSHOT,False
col_5481a24d7414578eb3d8dcf5c715fb23,2024-03,3.0,5420.5,0.05034437865181757,4815.666666666667,2.0,0.6666666666666666,0.6666666666666666,0.6666666666666666,True,True,2,5.5758078848969195,15.0,9.71134017936093,STATIC_CURRENT_SNAPSHOT,False
col_5481a24d7414578eb3d8dcf5c715fb23,2024-04,3.0,20994.666666666664,0.18935871730307863,18204.555555555555,3.0,1.0,1.0,1.0,True,True,2,5.5758078848969195,15.0,9.71134017936093,STATIC_CURRENT_SNAPSHOT,False
col_5481a24d7414578eb3d8dcf5c715fb23,2024-05,3.0,31718.0,0.08455992621450723,28512.166666666664,2.0,0.6666666666666666,0.6666666666666666,0.6666666666666666,True,True,2,5.5758078848969195,15.0,9.71134017936093,STATIC_CURRENT_SNAPSHOT,False
col_5481a24d7414578eb3d8dcf5c715fb23,2024-06,3.0,5922.0,0.12478632478632479,5285.333333333333,1.0,0.3333333333333333,0.3333333333333333,0.3333333333333333,True,True,2,5.5758078848969195,15.0,9.71134017936093,STATIC_CURRENT_SNAPSHOT,False
col_5481a24d7414578eb3d8dcf5c715fb23,2024-07,3.0,7179.0,-0.08058689761497909,7441.166666666666,2.0,0.6666666666666666,0.6666666666666666,0.6666666666666666,True,True,2,5.5758078848969195,15.0,9.71134017936093,STATIC_CURRENT_SNAPSHOT,False
col_5481a24d7414578eb3d8dcf5c715fb23,2024-08,3.0,6602.0,-0.08090338921582695,7222.166666666666,2.0,0.6666666666666666,0.6666666666666666,0.6666666666666666,True,True,2,5.5758078848969195,15.0,9.71134017936093,STATIC_CURRENT_SNAPSHOT,False
col_5481a24d7414578eb3d8dcf5c715fb23,2024-09,3.0,5561.0,0.07210333526123,5469.0,1.0,0.3333333333333333,0.3333333333333333,0.3333333333333333,True,True,2,5.5758078848969195,15.0,9.71134017936093,STATIC_CURRENT_SNAPSHOT,False
col_5481a24d7414578eb3d8dcf5c715fb23,2024-10,3.0,21923.333333333332,-0.015679375360789928,21943.11111111111,3.0,1.0,1.0,1.0,True,True,2,5.5758078848969195,15.0,9.71134017936093,STATIC_CURRENT_SNAPSHOT,False
col_5481a24d7414578eb3d8dcf5c715fb23,2024-11,3.0,,,,0.0,0.0,0.0,0.0,False,True,2,5.5758078848969195,15.0,9.71134017936093,STATIC_CURRENT_SNAPSHOT,False
col_5481a24d7414578eb3d8dcf5c715fb23,2024-12,3.0,8293.0,,,1.0,0.3333333333333333,0.0,0.0,True,True,2,5.5758078848969195,15.0,9.71134017936093,STATIC_CURRENT_SNAPSHOT,False
col_5481a24d7414578eb3d8dcf5c715fb23,2025-01,3.0,6246.999999999999,-0.10109834075666954,,2.0,0.6666666666666666,0.6666666666666666,0.0,True,True,2,5.5758078848969195,15.0,9.71134017936093,STATIC_CURRENT_SNAPSHOT,False
col_5481a24d7414578eb3d8dcf5c715fb23,2025-02,3.0,,,,0.0,0.0,0.0,0.0,False,True,2,5.5758078848969195,15.0,9.71134017936093,STATIC_CURRENT_SNAPSHOT,False
col_5481a24d7414578eb3d8dcf5c715fb23,2025-03,3.0,5117.0,-0.04746835443037975,5105.0,1.0,0.3333333333333333,0.3333333333333333,0.3333333333333333,True,True,2,5.5758078848969195,15.0,9.71134017936093,STATIC_CURRENT_SNAPSHOT,False
col_5481a24d7414578eb3d8dcf5c715fb23,2025-04,3.0,6677.0,0.05781942373464251,6583.5,2.0,0.6666666666666666,0.6666666666666666,0.6666666666666666,True,True,2,5.5758078848969195,15.0,9.71134017936093,STATIC_CURRENT_SNAPSHOT,False
col_5481a24d7414578eb3d8dcf5c715fb23,2025-05,3.0,5111.0,-0.06954305479701438,5240.333333333333,1.0,0.3333333333333333,0.3333333333333333,0.3333333333333333,True,True,2,5.5758078848969195,15.0,9.71134017936093,STATIC_CURRENT_SNAPSHOT,False
col_5481a24d7414578eb3d8dcf5c715fb23,2025-06,3.0,6578.499999999999,0.05863872254295257,6491.666666666666,2.0,0.6666666666666666,0.6666666666666666,0.6666666666666666,True,True,2,5.5758078848969195,15.0,9.71134017936093,STATIC_CURRENT_SNAPSHOT,False
col_5481a24d7414578eb3d8dcf5c715fb23,2025-07,3.0,5751.0,-0.12551898048394183,6183.0,2.0,0.6666666666666666,0.6666666666666666,0.6666666666666666,True,True,2,5.5758078848969195,15.0,9.71134017936093,STATIC_CURRENT_SNAPSHOT,False
col_5481a24d7414578eb3d8dcf5c715fb23,2025-08,3.0,21330.666666666664,0.132578156305709,20900.44444444444,3.0,1.0,1.0,1.0,True,True,2,5.5758078848969195,15.0,9.71134017936093,STATIC_CURRENT_SNAPSHOT,False
col_5481a24d7414578eb3d8dcf5c715fb23,2025-09,3.0,6252.0,-0.045177524936447486,6188.499999999999,2.0,0.6666666666666666,0.6666666666666666,0.6666666666666666,True,True,2,5.5758078848969195,15.0,9.71134017936093,STATIC_CURRENT_SNAPSHOT,False
col_5481a24d7414578eb3d8dcf5c715fb23,2025-10,3.0,6074.5,-0.02966828063426577,6296.333333333332,2.0,0.6666666666666666,0.6666666666666666,0.6666666666666666,True,True,2,5.5758078848969195,15.0,9.71134017936093,STATIC_CURRENT_SNAPSHOT,False
col_5481a24d7414578eb3d8dcf5c715fb23,2025-11,3.0,6194.499999999999,0.022991841121759043,6173.666666666666,2.0,0.6666666666666666,0.6666666666666666,0.6666666666666666,True,True,2,5.5758078848969195,15.0,9.71134017936093,STATIC_CURRENT_SNAPSHOT,False
col_5481a24d7414578eb3d8dcf5c715fb23,2025-12,3.0,6061.5,-0.024321677951888773,6110.166666666667,2.0,0.6666666666666666,0.6666666666666666,0.6666666666666666,True,True,2,5.5758078848969195,15.0,9.71134017936093,STATIC_CURRENT_SNAPSHOT,False
col_5481a24d7414578eb3d8dcf5c715fb23,2026-01,3.0,5590.0,-0.07975072657576372,5948.666666666666,2.0,0.6666666666666666,0.6666666666666666,0.6666666666666666,True,True,2,5.5758078848969195,15.0,9.71134017936093,STATIC_CURRENT_SNAPSHOT,False
col_5481a24d7414578eb3d8dcf5c715fb23,2026-02,3.0,6141.5,0.10089614895710122,5931.0,2.0,0.6666666666666666,0.6666666666666666,0.6666666666666666,True,True,2,5.5758078848969195,15.0,9.71134017936093,STATIC_CURRENT_SNAPSHOT,False
col_5481a24d7414578eb3d8dcf5c715fb23,2026-03,3.0,6251.499999999999,0.015001201092994626,5994.333333333333,2.0,0.6666666666666666,0.6666666666666666,0.6666666666666666,True,True,2,5.5758078848969195,15.0,9.71134017936093,STATIC_CURRENT_SNAPSHOT,False
col_5481a24d7414578eb3d8dcf5c715fb23,2026-04,3.0,7196.0,0.15740418076448018,6529.666666666666,2.0,0.6666666666666666,0.6666666666666666,0.6666666666666666,True,True,2,5.5758078848969195,15.0,9.71134017936093,STATIC_CURRENT_SNAPSHOT,False
col_5481a24d7414578eb3d8dcf5c715fb23,2026-05,3.0,6992.0,-0.028822924585801935,6813.166666666666,2.0,0.6666666666666666,0.6666666666666666,0.6666666666666666,True,True,2,5.5758078848969195,15.0,9.71134017936093,STATIC_CURRENT_SNAPSHOT,False
col_5481a24d7414578eb3d8dcf5c715fb23,2026-06,3.0,51366.0,0.039145475511318806,50596.0,1.0,0.3333333333333333,0.3333333333333333,0.3333333333333333,True,True,2,5.5758078848969195,15.0,9.71134017936093,STATIC_CURRENT_SNAPSHOT,False
col_5481a24d7414578eb3d8dcf5c715fb23,2026-07,3.0,6739.5,-0.23290407686170103,7535.333333333332,2.0,0.6666666666666666,0.6666666666666666,0.6666666666666666,True,True,2,5.5758078848969195,15.0,9.71134017936093,STATIC_CURRENT_SNAPSHOT,False
col_5481a24d7414578eb3d8dcf5c715fb23,2026-08,3.0,5498.0,-0.10016366612111292,7016.666666666666,1.0,0.3333333333333333,0.3333333333333333,0.3333333333333333,True,True,2,5.5758078848969195,15.0,9.71134017936093,STATIC_CURRENT_SNAPSHOT,False
col_588e4e85b75a566e85b1e464fdd27b30,2023-01,,,,,,,,,False,False,2,,,,STATIC_CURRENT_SNAPSHOT,False
col_588e4e85b75a566e85b1e464fdd27b30,2023-02,,,,,,,,,False,False,2,,,,STATIC_CURRENT_SNAPSHOT,False
col_588e4e85b75a566e85b1e464fdd27b30,2023-03,,,,,,,,,False,False,2,,,,STATIC_CURRENT_SNAPSHOT,False
col_588e4e85b75a566e85b1e464fdd27b30,2023-04,,,,,,,,,False,False,2,,,,STATIC_CURRENT_SNAPSHOT,False
col_588e4e85b75a566e85b1e464fdd27b30,2023-05,,,,,,,,,False,False,2,,,,STATIC_CURRENT_SNAPSHOT,False
col_588e4e85b75a566e85b1e464fdd27b30,2023-06,,,,,,,,,False,False,2,,,,STATIC_CURRENT_SNAPSHOT,False
col_588e4e85b75a566e85b1e464fdd27b30,2023-07,,,,,,,,,False,False,2,,,,STATIC_CURRENT_SNAPSHOT,False
col_588e4e85b75a566e85b1e464fdd27b30,2023-08,,,,,,,,,False,False,2,,,,STATIC_CURRENT_SNAPSHOT,False
col_588e4e85b75a566e85b1e464fdd27b30,2023-09,,,,,,,,,False,False,2,,,,STATIC_CURRENT_SNAPSHOT,False
col_588e4e85b75a566e85b1e464fdd27b30,2023-10,,,,,,,,,False,False,2,,,,STATIC_CURRENT_SNAPSHOT,False
col_588e4e85b75a566e85b1e464fdd27b30,2023-11,,,,,,,,,False,False,2,,,,STATIC_CURRENT_SNAPSHOT,False
col_588e4e85b75a566e85b1e464fdd27b30,2023-12,,,,,,,,,False,False,2,,,,STATIC_CURRENT_SNAPSHOT,False
col_588e4e85b75a566e85b1e464fdd27b30,2024-01,,,,,,,,,False,False,2,,,,STATIC_CURRENT_SNAPSHOT,False
col_588e4e85b75a566e85b1e464fdd27b30,2024-02,,,,,,,,,False,False,2,,,,STATIC_CURRENT_SNAPSHOT,False
col_588e4e85b75a566e85b1e464fdd27b30,2024-03,,,,,,,,,False,False,2,,,,STATIC_CURRENT_SNAPSHOT,False
col_588e4e85b75a566e85b1e464fdd27b30,2024-04,,,,,,,,,False,False,2,,,,STATIC_CURRENT_SNAPSHOT,False
col_588e4e85b75a566e85b1e464fdd27b30,2024-05,,,,,,,,,False,False,2,,,,STATIC_CURRENT_SNAPSHOT,False
col_588e4e85b75a566e85b1e464fdd27b30,2024-06,,,,,,,,,False,False,2,,,,STATIC_CURRENT_SNAPSHOT,False
col_588e4e85b75a566e85b1e464fdd27b30,2024-07,,,,,,,,,False,False,2,,,,STATIC_CURRENT_SNAPSHOT,False
col_588e4e85b75a566e85b1e464fdd27b30,2024-08,,,,,,,,,False,False,2,,,,STATIC_CURRENT_SNAPSHOT,False
col_588e4e85b75a566e85b1e464fdd27b30,2024-09,,,,,,,,,False,False,2,,,,STATIC_CURRENT_SNAPSHOT,False
col_588e4e85b75a566e85b1e464fdd27b30,2024-10,,,,,,,,,False,False,2,,,,STATIC_CURRENT_SNAPSHOT,False
col_588e4e85b75a566e85b1e464fdd27b30,2024-11,,,,,,,,,False,False,2,,,,STATIC_CURRENT_SNAPSHOT,False
col_588e4e85b75a566e85b1e464fdd27b30,2024-12,,,,,,,,,False,False,2,,,,STATIC_CURRENT_SNAPSHOT,False
col_588e4e85b75a566e85b1e464fdd27b30,2025-01,,,,,,,,,False,False,2,,,,STATIC_CURRENT_SNAPSHOT,False
col_588e4e85b75a566e85b1e464fdd27b30,2025-02,,,,,,,,,False,False,2,,,,STATIC_CURRENT_SNAPSHOT,False
col_588e4e85b75a566e85b1e464fdd27b30,2025-03,,,,,,,,,False,False,2,,,,STATIC_CURRENT_SNAPSHOT,False
col_588e4e85b75a566e85b1e464fdd27b30,2025-04,,,,,,,,,False,False,2,,,,STATIC_CURRENT_SNAPSHOT,False
col_588e4e85b75a566e85b1e464fdd27b30,2025-05,,,,,,,,,False,False,2,,,,STATIC_CURRENT_SNAPSHOT,False
col_588e4e85b75a566e85b1e464fdd27b30,2025-06,,,,,,,,,False,False,2,,,,STATIC_CURRENT_SNAPSHOT,False
col_588e4e85b75a566e85b1e464fdd27b30,2025-07,,,,,,,,,False,False,2,,,,STATIC_CURRENT_SNAPSHOT,False
col_588e4e85b75a566e85b1e464fdd27b30,2025-08,,,,,,,,,False,False,2,,,,STATIC_CURRENT_SNAPSHOT,False
col_588e4e85b75a566e85b1e464fdd27b30,2025-09,,,,,,,,,False,False,2,,,,STATIC_CURRENT_SNAPSHOT,False
col_588e4e85b75a566e85b1e464fdd27b30,2025-10,,,,,,,,,False,False,2,,,,STATIC_CURRENT_SNAPSHOT,False
col_588e4e85b75a566e85b1e464fdd27b30,2025-11,,,,,,,,,False,False,2,,,,STATIC_CURRENT_SNAPSHOT,False
col_588e4e85b75a566e85b1e464fdd27b30,2025-12,,,,,,,,,False,False,2,,,,STATIC_CURRENT_SNAPSHOT,False
col_588e4e85b75a566e85b1e464fdd27b30,2026-01,,,,,,,,,False,False,2,,,,STATIC_CURRENT_SNAPSHOT,False
col_588e4e85b75a566e85b1e464fdd27b30,2026-02,,,,,,,,,False,False,2,,,,STATIC_CURRENT_SNAPSHOT,False
col_588e4e85b75a566e85b1e464fdd27b30,2026-03,,,,,,,,,False,False,2,,,,STATIC_CURRENT_SNAPSHOT,False
col_588e4e85b75a566e85b1e464fdd27b30,2026-04,,,,,,,,,False,False,2,,,,STATIC_CURRENT_SNAPSHOT,False
col_588e4e85b75a566e85b1e464fdd27b30,2026-05,,,,,,,,,False,False,2,,,,STATIC_CURRENT_SNAPSHOT,False
col_588e4e85b75a566e85b1e464fdd27b30,2026-06,,,,,,,,,False,False,2,,,,STATIC_CURRENT_SNAPSHOT,False
col_588e4e85b75a566e85b1e464fdd27b30,2026-07,,,,,,,,,False,False,2,,,,STATIC_CURRENT_SNAPSHOT,False
col_588e4e85b75a566e85b1e464fdd27b30,2026-08,,,,,,,,,False,False,2,,,,STATIC_CURRENT_SNAPSHOT,False
col_62bb8f5cf8d25a898a34208ad6dee465,2023-01,3.0,,,,0.0,0.0,0.0,0.0,False,True,10,6.9740451956517475,58.0,6.428540253084429,STATIC_CURRENT_SNAPSHOT,False
col_62bb8f5cf8d25a898a34208ad6dee465,2023-02,3.0,14448.499999999998,,,2.0,0.6666666666666666,0.0,0.0,True,True,10,6.9740451956517475,58.0,6.428540253084429,STATIC_CURRENT_SNAPSHOT,False
col_62bb8f5cf8d25a898a34208ad6dee465,2023-03,3.0,16530.5,0.682569751553564,,2.0,0.6666666666666666,0.6666666666666666,0.0,True,True,10,6.9740451956517475,58.0,6.428540253084429,STATIC_CURRENT_SNAPSHOT,False
col_62bb8f5cf8d25a898a34208ad6dee465,2023-04,3.0,24418.5,0.3109998912638578,18465.833333333332,2.0,0.6666666666666666,0.6666666666666666,0.6666666666666666,True,True,10,6.9740451956517475,58.0,6.428540253084429,STATIC_CURRENT_SNAPSHOT,False
col_62bb8f5cf8d25a898a34208ad6dee465,2023-05,3.0,3520.0,-0.03798852145394917,3498.6666666666665,1.0,0.3333333333333333,0.3333333333333333,0.3333333333333333,True,True,10,6.9740451956517475,58.0,6.428540253084429,STATIC_CURRENT_SNAPSHOT,False
col_62bb8f5cf8d25a898a34208ad6dee465,2023-06,3.0,,,,0.0,0.0,0.0,0.0,False,True,10,6.9740451956517475,58.0,6.428540253084429,STATIC_CURRENT_SNAPSHOT,False
col_62bb8f5cf8d25a898a34208ad6dee465,2023-07,3.0,3648.0,-0.07575373701545478,3705.0,1.0,0.3333333333333333,0.3333333333333333,0.3333333333333333,True,True,10,6.9740451956517475,58.0,6.428540253084429,STATIC_CURRENT_SNAPSHOT,False
col_62bb8f5cf8d25a898a34208ad6dee465,2023-08,3.0,29569.5,-0.03562520102493935,30468.5,2.0,0.6666666666666666,0.6666666666666666,0.6666666666666666,True,True,10,6.9740451956517475,58.0,6.428540253084429,STATIC_CURRENT_SNAPSHOT,False
col_62bb8f5cf8d25a898a34208ad6dee465,2023-09,3.0,4003.0,0.11040221914008322,3751.9999999999995,1.0,0.3333333333333333,0.3333333333333333,0.3333333333333333,True,True,10,6.9740451956517475,58.0,6.428540253084429,STATIC_CURRENT_SNAPSHOT,False
col_62bb8f5cf8d25a898a34208ad6dee465,2023-10,3.0,4459.0,0.1139145640769423,4022.3333333333335,1.0,0.3333333333333333,0.3333333333333333,0.3333333333333333,True,True,10,6.9740451956517475,58.0,6.428540253084429,STATIC_CURRENT_SNAPSHOT,False
col_62bb8f5cf8d25a898a34208ad6dee465,2023-11,3.0,4465.0,0.0013455931823278763,4309.0,1.0,0.3333333333333333,0.3333333333333333,0.3333333333333333,True,True,10,6.9740451956517475,58.0,6.428540253084429,STATIC_CURRENT_SNAPSHOT,False
col_62bb8f5cf8d25a898a34208ad6dee465,2023-12,3.0,39686.0,-0.013483693526985968,38517.0,2.0,0.6666666666666666,0.6666666666666666,0.6666666666666666,True,True,10,6.9740451956517475,58.0,6.428540253084429,STATIC_CURRENT_SNAPSHOT,False
col_62bb8f5cf8d25a898a34208ad6dee465,2024-01,3.0,3718.9999999999995,-0.14505747126436783,4178.0,1.0,0.3333333333333333,0.3333333333333333,0.3333333333333333,True,True,10,6.9740451956517475,58.0,6.428540253084429,STATIC_CURRENT_SNAPSHOT,False
col_62bb8f5cf8d25a898a34208ad6dee465,2024-02,3.0,4979.0,0.338800752890562,4349.333333333333,1.0,0.3333333333333333,0.3333333333333333,0.3333333333333333,True,True,10,6.9740451956517475,58.0,6.428540253084429,STATIC_CURRENT_SNAPSHOT,False
col_62bb8f5cf8d25a898a34208ad6dee465,2024-03,3.0,5148.0,0.033942558746736295,4615.333333333333,1.0,0.3333333333333333,0.3333333333333333,0.3333333333333333,True,True,10,6.9740451956517475,58.0,6.428540253084429,STATIC_CURRENT_SNAPSHOT,False
col_62bb8f5cf8d25a898a34208ad6dee465,2024-04,3.0,5843.0,0.135003885003885,5323.333333333333,1.0,0.3333333333333333,0.3333333333333333,0.3333333333333333,True,True,10,6.9740451956517475,58.0,6.428540253084429,STATIC_CURRENT_SNAPSHOT,False
col_62bb8f5cf8d25a898a34208ad6dee465,2024-05,3.0,,,,0.0,0.0,0.0,0.0,False,True,10,6.9740451956517475,58.0,6.428540253084429,STATIC_CURRENT_SNAPSHOT,False
col_62bb8f5cf8d25a898a34208ad6dee465,2024-06,3.0,,,,0.0,0.0,0.0,0.0,False,True,10,6.9740451956517475,58.0,6.428540253084429,STATIC_CURRENT_SNAPSHOT,False
col_62bb8f5cf8d25a898a34208ad6dee465,2024-07,3.0,5660.0,-0.03098784454716658,5633.666666666667,1.0,0.3333333333333333,0.3333333333333333,0.3333333333333333,True,True,10,6.9740451956517475,58.0,6.428540253084429,STATIC_CURRENT_SNAPSHOT,False
col_62bb8f5cf8d25a898a34208ad6dee465,2024-08,3.0,5531.0,-0.022791519434628975,5677.333333333333,1.0,0.3333333333333333,0.3333333333333333,0.3333333333333333,True,True,10,6.9740451956517475,58.0,6.428540253084429,STATIC_CURRENT_SNAPSHOT,False
col_62bb8f5cf8d25a898a34208ad6dee465,2024-09,3.0,,,,0.0,0.0,0.0,0.0,False,True,10,6.9740451956517475,58.0,6.428540253084429,STATIC_CURRENT_SNAPSHOT,False
col_62bb8f5cf8d25a898a34208ad6dee465,2024-10,3.0,116688.5,-0.0508063117738859,5590.666666666667,2.0,0.6666666666666666,0.3333333333333333,0.3333333333333333,True,True,10,6.9740451956517475,58.0,6.428540253084429,STATIC_CURRENT_SNAPSHOT,False
col_62bb8f5cf8d25a898a34208ad6dee465,2024-11,3.0,,,,0.0,0.0,0.0,0.0,False,True,10,6.9740451956517475,58.0,6.428540253084429,STATIC_CURRENT_SNAPSHOT,False
col_62bb8f5cf8d25a898a34208ad6dee465,2024-12,3.0,5359.0,,,1.0,0.3333333333333333,0.0,0.0,True,True,10,6.9740451956517475,58.0,6.428540253084429,STATIC_CURRENT_SNAPSHOT,False
col_62bb8f5cf8d25a898a34208ad6dee465,2025-01,3.0,74652.0,-0.15315417512733542,,1.0,0.3333333333333333,0.3333333333333333,0.0,True,True,10,6.9740451956517475,58.0,6.428540253084429,STATIC_CURRENT_SNAPSHOT,False
col_62bb8f5cf8d25a898a34208ad6dee465,2025-02,3.0,5086.0,0.029346286176887268,5128.666666666667,1.0,0.3333333333333333,0.3333333333333333,0.3333333333333333,True,True,10,6.9740451956517475,58.0,6.428540253084429,STATIC_CURRENT_SNAPSHOT,False
col_62bb8f5cf8d25a898a34208ad6dee465,2025-03,3.0,,,,0.0,0.0,0.0,0.0,False,True,10,6.9740451956517475,58.0,6.428540253084429,STATIC_CURRENT_SNAPSHOT,False
col_62bb8f5cf8d25a898a34208ad6dee465,2025-04,3.0,4940.0,0.017507723995880537,4960.333333333333,1.0,0.3333333333333333,0.3333333333333333,0.3333333333333333,True,True,10,6.9740451956517475,58.0,6.428540253084429,STATIC_CURRENT_SNAPSHOT,False
col_62bb8f5cf8d25a898a34208ad6dee465,2025-05,3.0,4687.0,-0.05121457489878543,4827.333333333333,1.0,0.3333333333333333,0.3333333333333333,0.3333333333333333,True,True,10,6.9740451956517475,58.0,6.428540253084429,STATIC_CURRENT_SNAPSHOT,False
col_62bb8f5cf8d25a898a34208ad6dee465,2025-06,3.0,4854.0,0.03563046724983998,4827.0,1.0,0.3333333333333333,0.3333333333333333,0.3333333333333333,True,True,10,6.9740451956517475,58.0,6.428540253084429,STATIC_CURRENT_SNAPSHOT,False
col_62bb8f5cf8d25a898a34208ad6dee465,2025-07,3.0,,,,0.0,0.0,0.0,0.0,False,True,10,6.9740451956517475,58.0,6.428540253084429,STATIC_CURRENT_SNAPSHOT,False
col_62bb8f5cf8d25a898a34208ad6dee465,2025-08,3.0,76583.0,0.08819768102762306,75566.66666666667,1.0,0.3333333333333333,0.3333333333333333,0.3333333333333333,True,True,10,6.9740451956517475,58.0,6.428540253084429,STATIC_CURRENT_SNAPSHOT,False
col_62bb8f5cf8d25a898a34208ad6dee465,2025-09,3.0,,,,0.0,0.0,0.0,0.0,False,True,10,6.9740451956517475,58.0,6.428540253084429,STATIC_CURRENT_SNAPSHOT,False
col_62bb8f5cf8d25a898a34208ad6dee465,2025-10,3.0,4248.0,0.005681818181818182,4425.666666666667,1.0,0.3333333333333333,0.3333333333333333,0.3333333333333333,True,True,10,6.9740451956517475,58.0,6.428540253084429,STATIC_CURRENT_SNAPSHOT,False
col_62bb8f5cf8d25a898a34208ad6dee465,2025-11,3.0,4659.0,0.09675141242937853,4377.0,1.0,0.3333333333333333,0.3333333333333333,0.3333333333333333,True,True,10,6.9740451956517475,58.0,6.428540253084429,STATIC_CURRENT_SNAPSHOT,False
col_62bb8f5cf8d25a898a34208ad6dee465,2025-12,3.0,38936.0,-0.040471589581486625,39989.83333333333,2.0,0.6666666666666666,0.6666666666666666,0.6666666666666666,True,True,10,6.9740451956517475,58.0,6.428540253084429,STATIC_CURRENT_SNAPSHOT,False
col_62bb8f5cf8d25a898a34208ad6dee465,2026-01,3.0,,,,0.0,0.0,0.0,0.0,False,True,10,6.9740451956517475,58.0,6.428540253084429,STATIC_CURRENT_SNAPSHOT,False
col_62bb8f5cf8d25a898a34208ad6dee465,2026-02,3.0,37399.00000000001,0.1322005539193582,36940.333333333336,2.0,0.6666666666666666,0.6666666666666666,0.6666666666666666,True,True,10,6.9740451956517475,58.0,6.428540253084429,STATIC_CURRENT_SNAPSHOT,False
col_62bb8f5cf8d25a898a34208ad6dee465,2026-03,3.0,4625.0,0.004561251086012163,4370.333333333333,1.0,0.3333333333333333,0.3333333333333333,0.3333333333333333,True,True,10,6.9740451956517475,58.0,6.428540253084429,STATIC_CURRENT_SNAPSHOT,False
col_62bb8f5cf8d25a898a34208ad6dee465,2026-04,3.0,5438.0,0.1757837837837838,4889.0,1.0,0.3333333333333333,0.3333333333333333,0.3333333333333333,True,True,10,6.9740451956517475,58.0,6.428540253084429,STATIC_CURRENT_SNAPSHOT,False
col_62bb8f5cf8d25a898a34208ad6dee465,2026-05,3.0,,,,0.0,0.0,0.0,0.0,False,True,10,6.9740451956517475,58.0,6.428540253084429,STATIC_CURRENT_SNAPSHOT,False
col_62bb8f5cf8d25a898a34208ad6dee465,2026-06,3.0,4620.0,-0.05074994863365523,4975.0,1.0,0.3333333333333333,0.3333333333333333,0.3333333333333333,True,True,10,6.9740451956517475,58.0,6.428540253084429,STATIC_CURRENT_SNAPSHOT,False
col_62bb8f5cf8d25a898a34208ad6dee465,2026-07,3.0,,,,0.0,0.0,0.0,0.0,False,True,10,6.9740451956517475,58.0,6.428540253084429,STATIC_CURRENT_SNAPSHOT,False
col_62bb8f5cf8d25a898a34208ad6dee465,2026-08,3.0,,,,0.0,0.0,0.0,0.0,False,True,10,6.9740451956517475,58.0,6.428540253084429,STATIC_CURRENT_SNAPSHOT,False
col_64a29c6aaaf85a42bb0e87a40667ac42,2023-01,5.0,,,,0.0,0.0,0.0,0.0,False,True,3,13.79147767433854,28.0,11.526417860077263,STATIC_CURRENT_SNAPSHOT,False
col_64a29c6aaaf85a42bb0e87a40667ac42,2023-02,5.0,14008.333333333332,,,3.0,0.6000000000000001,0.0,0.0,True,True,3,13.79147767433854,28.0,11.526417860077263,STATIC_CURRENT_SNAPSHOT,False
col_64a29c6aaaf85a42bb0e87a40667ac42,2023-03,5.0,5546.0,0.06669516460737279,,2.0,0.4,0.4,0.0,True,True,3,13.79147767433854,28.0,11.526417860077263,STATIC_CURRENT_SNAPSHOT,False
col_64a29c6aaaf85a42bb0e87a40667ac42,2023-04,5.0,1439.0,,,1.0,0.2,0.0,0.0,True,True,3,13.79147767433854,28.0,11.526417860077263,STATIC_CURRENT_SNAPSHOT,False
col_64a29c6aaaf85a42bb0e87a40667ac42,2023-05,5.0,6797.25,0.6193846257942117,7259.999999999999,4.0,0.8,0.8,0.6000000000000001,True,True,3,13.79147767433854,28.0,11.526417860077263,STATIC_CURRENT_SNAPSHOT,False
col_64a29c6aaaf85a42bb0e87a40667ac42,2023-06,5.0,5623.0,0.18259037284690874,4778.666666666666,2.0,0.4,0.4,0.4,True,True,3,13.79147767433854,28.0,11.526417860077263,STATIC_CURRENT_SNAPSHOT,False
col_64a29c6aaaf85a42bb0e87a40667ac42,2023-07,5.0,9434.33333333333,0.055944416225503016,8512.0,3.0,0.6000000000000001,0.6000000000000001,0.6000000000000001,True,True,3,13.79147767433854,28.0,11.526417860077263,STATIC_CURRENT_SNAPSHOT,False
col_64a29c6aaaf85a42bb0e87a40667ac42,2023-08,5.0,6750.0,0.009660756603242416,6658.7777777777765,3.0,0.6000000000000001,0.6000000000000001,0.6000000000000001,True,True,3,13.79147767433854,28.0,11.526417860077263,STATIC_CURRENT_SNAPSHOT,False
col_64a29c6aaaf85a42bb0e87a40667ac42,2023-09,5.0,7448.666666666665,0.09260878047085512,6950.666666666667,3.0,0.6000000000000001,0.6000000000000001,0.6000000000000001,True,True,3,13.79147767433854,28.0,11.526417860077263,STATIC_CURRENT_SNAPSHOT,False
col_64a29c6aaaf85a42bb0e87a40667ac42,2023-10,5.0,13760.500000000002,0.051196797003850616,12855.166666666666,2.0,0.4,0.4,0.4,True,True,3,13.79147767433854,28.0,11.526417860077263,STATIC_CURRENT_SNAPSHOT,False
col_64a29c6aaaf85a42bb0e87a40667ac42,2023-11,5.0,22412.5,0.12819717245439594,20733.083333333332,4.0,0.8,0.8,0.8,True,True,3,13.79147767433854,28.0,11.526417860077263,STATIC_CURRENT_SNAPSHOT,False
col_64a29c6aaaf85a42bb0e87a40667ac42,2023-12,5.0,11922.0,-0.021737626958484274,11623.666666666668,2.0,0.4,0.4,0.4,True,True,3,13.79147767433854,28.0,11.526417860077263,STATIC_CURRENT_SNAPSHOT,False
col_64a29c6aaaf85a42bb0e87a40667ac42,2024-01,5.0,9258.25,-0.18250068932338145,10635.666666666666,4.0,0.8,0.8,0.8,True,True,3,13.79147767433854,28.0,11.526417860077263,STATIC_CURRENT_SNAPSHOT,False
col_64a29c6aaaf85a42bb0e87a40667ac42,2024-02,5.0,7282.0,0.2946349538794917,6637.833333333333,2.0,0.4,0.4,0.4,True,True,3,13.79147767433854,28.0,11.526417860077263,STATIC_CURRENT_SNAPSHOT,False
col_64a29c6aaaf85a42bb0e87a40667ac42,2024-03,5.0,13810.0,0.06094246814843851,12253.666666666668,2.0,0.4,0.4,0.4,True,True,3,13.79147767433854,28.0,11.526417860077263,STATIC_CURRENT_SNAPSHOT,False
col_64a29c6aaaf85a42bb0e87a40667ac42,2024-04,5.0,5473.999999999999,-0.06841388699795779,5619.333333333332,1.0,0.2,0.2,0.2,True,True,3,13.79147767433854,28.0,11.526417860077263,STATIC_CURRENT_SNAPSHOT,False
col_64a29c6aaaf85a42bb0e87a40667ac42,2024-05,5.0,9621.5,0.21148203266563553,8529.666666666666,2.0,0.4,0.4,0.4,True,True,3,13.79147767433854,28.0,11.526417860077263,STATIC_CURRENT_SNAPSHOT,False
col_64a29c6aaaf85a42bb0e87a40667ac42,2024-06,5.0,16705.0,0.0005730684507844952,15759.166666666666,2.0,0.4,0.4,0.4,True,True,3,13.79147767433854,28.0,11.526417860077263,STATIC_CURRENT_SNAPSHOT,False
col_64a29c6aaaf85a42bb0e87a40667ac42,2024-07,5.0,23562.800000000003,-0.11105097388450527,25189.133333333335,5.0,1.0,1.0,1.0,True,True,3,13.79147767433854,28.0,11.526417860077263,STATIC_CURRENT_SNAPSHOT,False
col_64a29c6aaaf85a42bb0e87a40667ac42,2024-08,5.0,12912.333333333332,-0.03613813580027355,13816.666666666664,3.0,0.6000000000000001,0.6000000000000001,0.6000000000000001,True,True,3,13.79147767433854,28.0,11.526417860077263,STATIC_CURRENT_SNAPSHOT,False
col_64a29c6aaaf85a42bb0e87a40667ac42,2024-09,5.0,15190.000000000002,0.05224027829239864,14682.0,2.0,0.4,0.4,0.4,True,True,3,13.79147767433854,28.0,11.526417860077263,STATIC_CURRENT_SNAPSHOT,False
col_64a29c6aaaf85a42bb0e87a40667ac42,2024-10,5.0,22444.4,-0.049231684274325484,23039.800000000003,5.0,1.0,1.0,1.0,True,True,3,13.79147767433854,28.0,11.526417860077263,STATIC_CURRENT_SNAPSHOT,False
col_64a29c6aaaf85a42bb0e87a40667ac42,2024-11,5.0,,,,0.0,0.0,0.0,0.0,False,True,3,13.79147767433854,28.0,11.526417860077263,STATIC_CURRENT_SNAPSHOT,False
col_64a29c6aaaf85a42bb0e87a40667ac42,2024-12,5.0,10543.000000000002,,,2.0,0.4,0.0,0.0,True,True,3,13.79147767433854,28.0,11.526417860077263,STATIC_CURRENT_SNAPSHOT,False
col_64a29c6aaaf85a42bb0e87a40667ac42,2025-01,5.0,12129.75,-0.15597624582769357,,4.0,0.8,0.8,0.0,True,True,3,13.79147767433854,28.0,11.526417860077263,STATIC_CURRENT_SNAPSHOT,False
col_64a29c6aaaf85a42bb0e87a40667ac42,2025-02,5.0,13425.999999999998,0.14583484261034987,13030.222222222223,3.0,0.6000000000000001,0.6000000000000001,0.6000000000000001,True,True,3,13.79147767433854,28.0,11.526417860077263,STATIC_CURRENT_SNAPSHOT,False
col_64a29c6aaaf85a42bb0e87a40667ac42,2025-03,5.0,12375.0,-0.03250899531904309,12159.333333333334,2.0,0.4,0.4,0.4,True,True,3,13.79147767433854,28.0,11.526417860077263,STATIC_CURRENT_SNAPSHOT,False
col_64a29c6aaaf85a42bb0e87a40667ac42,2025-04,5.0,12764.333333333332,-0.007009510158993273,7770.333333333333,3.0,0.6000000000000001,0.4,0.4,True,True,3,13.79147767433854,28.0,11.526417860077263,STATIC_CURRENT_SNAPSHOT,False
col_64a29c6aaaf85a42bb0e87a40667ac42,2025-05,5.0,12264.666666666666,-0.03604802262949741,12555.555555555553,3.0,0.6000000000000001,0.6000000000000001,0.6000000000000001,True,True,3,13.79147767433854,28.0,11.526417860077263,STATIC_CURRENT_SNAPSHOT,False
col_64a29c6aaaf85a42bb0e87a40667ac42,2025-06,5.0,9646.5,0.07105901970348356,9457.833333333334,2.0,0.4,0.4,0.4,True,True,3,13.79147767433854,28.0,11.526417860077263,STATIC_CURRENT_SNAPSHOT,False
col_64a29c6aaaf85a42bb0e87a40667ac42,2025-07,5.0,17757.0,-0.13750974220094678,19495.416666666668,4.0,0.8,0.8,0.8,True,True,3,13.79147767433854,28.0,11.526417860077263,STATIC_CURRENT_SNAPSHOT,False
col_64a29c6aaaf85a42bb0e87a40667ac42,2025-08,5.0,20143.800000000003,0.08509519912001304,20086.933333333334,5.0,1.0,1.0,1.0,True,True,3,13.79147767433854,28.0,11.526417860077263,STATIC_CURRENT_SNAPSHOT,False
col_64a29c6aaaf85a42bb0e87a40667ac42,2025-09,5.0,9350.666666666664,-0.010480112303825409,9178.22222222222,3.0,0.6000000000000001,0.6000000000000001,0.6000000000000001,True,True,3,13.79147767433854,28.0,11.526417860077263,STATIC_CURRENT_SNAPSHOT,False
col_64a29c6aaaf85a42bb0e87a40667ac42,2025-10,5.0,9938.0,0.0028254288597376388,9895.0,1.0,0.2,0.2,0.2,True,True,3,13.79147767433854,28.0,11.526417860077263,STATIC_CURRENT_SNAPSHOT,False
col_64a29c6aaaf85a42bb0e87a40667ac42,2025-11,5.0,,,,0.0,0.0,0.0,0.0,False,True,3,13.79147767433854,28.0,11.526417860077263,STATIC_CURRENT_SNAPSHOT,False
col_64a29c6aaaf85a42bb0e87a40667ac42,2025-12,5.0,9697.0,-0.10823983814603644,10169.666666666666,1.0,0.2,0.2,0.2,True,True,3,13.79147767433854,28.0,11.526417860077263,STATIC_CURRENT_SNAPSHOT,False
col_64a29c6aaaf85a42bb0e87a40667ac42,2026-01,5.0,11646.0,-0.12330623306233063,13369.666666666666,1.0,0.2,0.2,0.2,True,True,3,13.79147767433854,28.0,11.526417860077263,STATIC_CURRENT_SNAPSHOT,False
col_64a29c6aaaf85a42bb0e87a40667ac42,2026-02,5.0,,,,0.0,0.0,0.0,0.0,False,True,3,13.79147767433854,28.0,11.526417860077263,STATIC_CURRENT_SNAPSHOT,False
col_64a29c6aaaf85a42bb0e87a40667ac42,2026-03,5.0,11462.0,-0.05073324827960618,11478.11111111111,3.0,0.6000000000000001,0.6000000000000001,0.6000000000000001,True,True,3,13.79147767433854,28.0,11.526417860077263,STATIC_CURRENT_SNAPSHOT,False
col_64a29c6aaaf85a42bb0e87a40667ac42,2026-04,5.0,13341.5,0.07641653215583673,13056.833333333334,2.0,0.4,0.4,0.4,True,True,3,13.79147767433854,28.0,11.526417860077263,STATIC_CURRENT_SNAPSHOT,False
col_64a29c6aaaf85a42bb0e87a40667ac42,2026-05,5.0,8472.999999999998,-0.07155799990989142,8767.444444444445,3.0,0.6000000000000001,0.6000000000000001,0.6000000000000001,True,True,3,13.79147767433854,28.0,11.526417860077263,STATIC_CURRENT_SNAPSHOT,False
col_64a29c6aaaf85a42bb0e87a40667ac42,2026-06,5.0,18434.25,-0.0001601695532268835,18616.666666666664,4.0,0.8,0.8,0.8,True,True,3,13.79147767433854,28.0,11.526417860077263,STATIC_CURRENT_SNAPSHOT,False
col_64a29c6aaaf85a42bb0e87a40667ac42,2026-07,5.0,17823.0,-0.13333333333333333,19895.0,1.0,0.2,0.2,0.2,True,True,3,13.79147767433854,28.0,11.526417860077263,STATIC_CURRENT_SNAPSHOT,False
col_64a29c6aaaf85a42bb0e87a40667ac42,2026-08,5.0,17929.0,0.14030549173627227,17465.5,4.0,0.8,0.8,0.8,True,True,3,13.79147767433854,28.0,11.526417860077263,STATIC_CURRENT_SNAPSHOT,False
col_6573c9286c5a50288130ecf1765ab3b5,2023-01,5.0,,,,0.0,0.0,0.0,0.0,False,True,17,8.157853831611613,21.0,8.937085572296589,STATIC_CURRENT_SNAPSHOT,False
col_6573c9286c5a50288130ecf1765ab3b5,2023-02,5.0,7513.5,,,2.0,0.4,0.0,0.0,True,True,17,8.157853831611613,21.0,8.937085572296589,STATIC_CURRENT_SNAPSHOT,False
col_6573c9286c5a50288130ecf1765ab3b5,2023-03,5.0,9314.0,0.015703380588876773,,1.0,0.2,0.2,0.0,True,True,17,8.157853831611613,21.0,8.937085572296589,STATIC_CURRENT_SNAPSHOT,False
col_6573c9286c5a50288130ecf1765ab3b5,2023-04,5.0,7695.0,0.01301986030950361,7618.166666666667,2.0,0.4,0.4,0.4,True,True,17,8.157853831611613,21.0,8.937085572296589,STATIC_CURRENT_SNAPSHOT,False
col_6573c9286c5a50288130ecf1765ab3b5,2023-05,5.0,7163.5,-0.06700733986869681,7501.500000000001,2.0,0.4,0.4,0.4,True,True,17,8.157853831611613,21.0,8.937085572296589,STATIC_CURRENT_SNAPSHOT,False
col_6573c9286c5a50288130ecf1765ab3b5,2023-06,5.0,6522.0,0.10786478681841345,6215.333333333333,1.0,0.2,0.2,0.2,True,True,17,8.157853831611613,21.0,8.937085572296589,STATIC_CURRENT_SNAPSHOT,False
col_6573c9286c5a50288130ecf1765ab3b5,2023-07,5.0,8053.5,0.010455756388166931,7720.833333333332,2.0,0.4,0.4,0.4,True,True,17,8.157853831611613,21.0,8.937085572296589,STATIC_CURRENT_SNAPSHOT,False
col_6573c9286c5a50288130ecf1765ab3b5,2023-08,5.0,7787.5,-0.03341112082156466,7928.833333333333,2.0,0.4,0.4,0.4,True,True,17,8.157853831611613,21.0,8.937085572296589,STATIC_CURRENT_SNAPSHOT,False
col_6573c9286c5a50288130ecf1765ab3b5,2023-09,5.0,8442.5,0.08504949442627831,8094.5,2.0,0.4,0.4,0.4,True,True,17,8.157853831611613,21.0,8.937085572296589,STATIC_CURRENT_SNAPSHOT,False
col_6573c9286c5a50288130ecf1765ab3b5,2023-10,5.0,6342.333333333332,-0.06119061254194641,8110.499999999999,3.0,0.6000000000000001,0.4,0.4,True,True,17,8.157853831611613,21.0,8.937085572296589,STATIC_CURRENT_SNAPSHOT,False
col_6573c9286c5a50288130ecf1765ab3b5,2023-11,5.0,4319.75,1.0013387271143854,6652.333333333333,4.0,0.8,0.4,0.2,True,True,17,8.157853831611613,21.0,8.937085572296589,STATIC_CURRENT_SNAPSHOT,False
col_6573c9286c5a50288130ecf1765ab3b5,2023-12,5.0,5867.800000000001,0.29561963628263843,7903.11111111111,5.0,1.0,1.0,0.6000000000000001,True,True,17,8.157853831611613,21.0,8.937085572296589,STATIC_CURRENT_SNAPSHOT,False
col_6573c9286c5a50288130ecf1765ab3b5,2024-01,5.0,4845.0,-0.08566228122138353,5218.416666666667,4.0,0.8,0.8,0.8,True,True,17,8.157853831611613,21.0,8.937085572296589,STATIC_CURRENT_SNAPSHOT,False
col_6573c9286c5a50288130ecf1765ab3b5,2024-02,5.0,6967.749999999999,0.7757544993083179,5554.000000000001,4.0,0.8,0.8,0.8,True,True,17,8.157853831611613,21.0,8.937085572296589,STATIC_CURRENT_SNAPSHOT,False
col_6573c9286c5a50288130ecf1765ab3b5,2024-03,5.0,8729.4,0.17103677356651845,7149.466666666667,5.0,1.0,1.0,1.0,True,True,17,8.157853831611613,21.0,8.937085572296589,STATIC_CURRENT_SNAPSHOT,False
col_6573c9286c5a50288130ecf1765ab3b5,2024-04,5.0,9566.800000000001,0.11438110321065406,8670.066666666668,5.0,1.0,1.0,1.0,True,True,17,8.157853831611613,21.0,8.937085572296589,STATIC_CURRENT_SNAPSHOT,False
col_6573c9286c5a50288130ecf1765ab3b5,2024-05,5.0,11230.666666666668,0.20668380394922908,9841.444444444443,3.0,0.6000000000000001,0.6000000000000001,0.6000000000000001,True,True,17,8.157853831611613,21.0,8.937085572296589,STATIC_CURRENT_SNAPSHOT,False
col_6573c9286c5a50288130ecf1765ab3b5,2024-06,5.0,12132.33333333333,0.07873430768683376,11017.0,3.0,0.6000000000000001,0.6000000000000001,0.6000000000000001,True,True,17,8.157853831611613,21.0,8.937085572296589,STATIC_CURRENT_SNAPSHOT,False
col_6573c9286c5a50288130ecf1765ab3b5,2024-07,5.0,10873.0,-0.07104019231489886,11129.533333333333,5.0,1.0,1.0,1.0,True,True,17,8.157853831611613,21.0,8.937085572296589,STATIC_CURRENT_SNAPSHOT,False
col_6573c9286c5a50288130ecf1765ab3b5,2024-08,5.0,9356.0,-0.0272516284397071,9708.166666666668,2.0,0.4,0.4,0.4,True,True,17,8.157853831611613,21.0,8.937085572296589,STATIC_CURRENT_SNAPSHOT,False
col_6573c9286c5a50288130ecf1765ab3b5,2024-09,5.0,11052.999999999998,0.015044121732208267,11184.333333333332,3.0,0.6000000000000001,0.6000000000000001,0.6000000000000001,True,True,17,8.157853831611613,21.0,8.937085572296589,STATIC_CURRENT_SNAPSHOT,False
col_6573c9286c5a50288130ecf1765ab3b5,2024-10,5.0,10971.800000000001,0.0065439305066260535,10775.333333333334,5.0,1.0,1.0,1.0,True,True,17,8.157853831611613,21.0,8.937085572296589,STATIC_CURRENT_SNAPSHOT,False
col_6573c9286c5a50288130ecf1765ab3b5,2024-11,5.0,,,,0.0,0.0,0.0,0.0,False,True,17,8.157853831611613,21.0,8.937085572296589,STATIC_CURRENT_SNAPSHOT,False
col_6573c9286c5a50288130ecf1765ab3b5,2024-12,5.0,10770.25,,,4.0,0.8,0.0,0.0,True,True,17,8.157853831611613,21.0,8.937085572296589,STATIC_CURRENT_SNAPSHOT,False
col_6573c9286c5a50288130ecf1765ab3b5,2025-01,5.0,9530.800000000001,-0.15634743722410877,,5.0,1.0,1.0,0.0,True,True,17,8.157853831611613,21.0,8.937085572296589,STATIC_CURRENT_SNAPSHOT,False
col_6573c9286c5a50288130ecf1765ab3b5,2025-02,5.0,10913.333333333332,0.15403521522542313,10551.666666666664,3.0,0.6000000000000001,0.6000000000000001,0.6000000000000001,True,True,17,8.157853831611613,21.0,8.937085572296589,STATIC_CURRENT_SNAPSHOT,False
col_6573c9286c5a50288130ecf1765ab3b5,2025-03,5.0,10649.800000000001,-0.0013572183954895095,10307.066666666668,5.0,1.0,1.0,1.0,True,True,17,8.157853831611613,21.0,8.937085572296589,STATIC_CURRENT_SNAPSHOT,False
col_6573c9286c5a50288130ecf1765ab3b5,2025-04,5.0,11549.400000000001,0.0958240685134216,10979.933333333334,5.0,1.0,1.0,1.0,True,True,17,8.157853831611613,21.0,8.937085572296589,STATIC_CURRENT_SNAPSHOT,False
col_6573c9286c5a50288130ecf1765ab3b5,2025-05,5.0,8466.333333333332,-0.13031363681526956,8887.444444444442,3.0,0.6000000000000001,0.6000000000000001,0.6000000000000001,True,True,17,8.157853831611613,21.0,8.937085572296589,STATIC_CURRENT_SNAPSHOT,False
col_6573c9286c5a50288130ecf1765ab3b5,2025-06,5.0,9177.333333333332,0.030774252824108245,9419.555555555555,3.0,0.6000000000000001,0.6000000000000001,0.6000000000000001,True,True,17,8.157853831611613,21.0,8.937085572296589,STATIC_CURRENT_SNAPSHOT,False
col_6573c9286c5a50288130ecf1765ab3b5,2025-07,5.0,9518.6,-0.13514760937162512,10243.4,5.0,1.0,1.0,1.0,True,True,17,8.157853831611613,21.0,8.937085572296589,STATIC_CURRENT_SNAPSHOT,False
col_6573c9286c5a50288130ecf1765ab3b5,2025-08,5.0,9194.5,0.049017259055336854,9367.416666666668,4.0,0.8,0.8,0.8,True,True,17,8.157853831611613,21.0,8.937085572296589,STATIC_CURRENT_SNAPSHOT,False
col_6573c9286c5a50288130ecf1765ab3b5,2025-09,5.0,8635.5,-0.047258101115082066,8773.75,4.0,0.8,0.8,0.8,True,True,17,8.157853831611613,21.0,8.937085572296589,STATIC_CURRENT_SNAPSHOT,False
col_6573c9286c5a50288130ecf1765ab3b5,2025-10,5.0,8951.0,0.029658813130487998,8948.75,4.0,0.8,0.8,0.8,True,True,17,8.157853831611613,21.0,8.937085572296589,STATIC_CURRENT_SNAPSHOT,False
col_6573c9286c5a50288130ecf1765ab3b5,2025-11,5.0,9388.75,0.10141637050092144,8892.583333333334,4.0,0.8,0.8,0.8,True,True,17,8.157853831611613,21.0,8.937085572296589,STATIC_CURRENT_SNAPSHOT,False
col_6573c9286c5a50288130ecf1765ab3b5,2025-12,5.0,9518.25,-0.056839514735271386,9660.583333333334,4.0,0.8,0.8,0.8,True,True,17,8.157853831611613,21.0,8.937085572296589,STATIC_CURRENT_SNAPSHOT,False
col_6573c9286c5a50288130ecf1765ab3b5,2026-01,5.0,8427.0,-0.14122406399140597,9577.400000000001,5.0,1.0,1.0,1.0,True,True,17,8.157853831611613,21.0,8.937085572296589,STATIC_CURRENT_SNAPSHOT,False
col_6573c9286c5a50288130ecf1765ab3b5,2026-02,5.0,9355.800000000001,0.11055046800839542,9181.6,5.0,1.0,1.0,1.0,True,True,17,8.157853831611613,21.0,8.937085572296589,STATIC_CURRENT_SNAPSHOT,False
col_6573c9286c5a50288130ecf1765ab3b5,2026-03,5.0,9492.6,0.025379041144870544,9091.800000000001,5.0,1.0,1.0,1.0,True,True,17,8.157853831611613,21.0,8.937085572296589,STATIC_CURRENT_SNAPSHOT,False
col_6573c9286c5a50288130ecf1765ab3b5,2026-04,5.0,9509.25,0.10399494883154756,8888.333333333332,4.0,0.8,0.8,0.8,True,True,17,8.157853831611613,21.0,8.937085572296589,STATIC_CURRENT_SNAPSHOT,False
col_6573c9286c5a50288130ecf1765ab3b5,2026-05,5.0,13504.0,-0.05015122740381234,13478.000000000002,1.0,0.2,0.2,0.2,True,True,17,8.157853831611613,21.0,8.937085572296589,STATIC_CURRENT_SNAPSHOT,False
col_6573c9286c5a50288130ecf1765ab3b5,2026-06,5.0,8195.333333333334,-0.013897479856750305,8427.888888888889,3.0,0.6000000000000001,0.6000000000000001,0.6000000000000001,True,True,17,8.157853831611613,21.0,8.937085572296589,STATIC_CURRENT_SNAPSHOT,False
col_6573c9286c5a50288130ecf1765ab3b5,2026-07,5.0,7305.0,-0.1620585389723849,8255.833333333334,2.0,0.4,0.4,0.4,True,True,17,8.157853831611613,21.0,8.937085572296589,STATIC_CURRENT_SNAPSHOT,False
col_6573c9286c5a50288130ecf1765ab3b5,2026-08,5.0,9642.25,0.017865609653694384,9917.0,4.0,0.8,0.8,0.8,True,True,17,8.157853831611613,21.0,8.937085572296589,STATIC_CURRENT_SNAPSHOT,False
col_6954f4d5482a5e07b5721c81d464cd43,2023-01,2.0,,,,0.0,0.0,0.0,0.0,False,True,4,10.347946933537042,22.0,8.184400831505414,STATIC_CURRENT_SNAPSHOT,False
col_6954f4d5482a5e07b5721c81d464cd43,2023-02,2.0,,,,0.0,0.0,0.0,0.0,False,True,4,10.347946933537042,22.0,8.184400831505414,STATIC_CURRENT_SNAPSHOT,False
col_6954f4d5482a5e07b5721c81d464cd43,2023-03,2.0,,,,0.0,0.0,0.0,0.0,False,True,4,10.347946933537042,22.0,8.184400831505414,STATIC_CURRENT_SNAPSHOT,False
col_6954f4d5482a5e07b5721c81d464cd43,2023-04,2.0,,,,0.0,0.0,0.0,0.0,False,True,4,10.347946933537042,22.0,8.184400831505414,STATIC_CURRENT_SNAPSHOT,False
col_6954f4d5482a5e07b5721c81d464cd43,2023-05,2.0,,,,0.0,0.0,0.0,0.0,False,True,4,10.347946933537042,22.0,8.184400831505414,STATIC_CURRENT_SNAPSHOT,False
col_6954f4d5482a5e07b5721c81d464cd43,2023-06,2.0,,,,0.0,0.0,0.0,0.0,False,True,4,10.347946933537042,22.0,8.184400831505414,STATIC_CURRENT_SNAPSHOT,False
col_6954f4d5482a5e07b5721c81d464cd43,2023-07,2.0,,,,0.0,0.0,0.0,0.0,False,True,4,10.347946933537042,22.0,8.184400831505414,STATIC_CURRENT_SNAPSHOT,False
col_6954f4d5482a5e07b5721c81d464cd43,2023-08,2.0,,,,0.0,0.0,0.0,0.0,False,True,4,10.347946933537042,22.0,8.184400831505414,STATIC_CURRENT_SNAPSHOT,False
col_6954f4d5482a5e07b5721c81d464cd43,2023-09,2.0,,,,0.0,0.0,0.0,0.0,False,True,4,10.347946933537042,22.0,8.184400831505414,STATIC_CURRENT_SNAPSHOT,False
col_6954f4d5482a5e07b5721c81d464cd43,2023-10,2.0,1448.0,,,1.0,0.5,0.0,0.0,True,True,4,10.347946933537042,22.0,8.184400831505414,STATIC_CURRENT_SNAPSHOT,False
col_6954f4d5482a5e07b5721c81d464cd43,2023-11,2.0,11475.0,4.60302734375,,1.0,0.5,0.5,0.0,True,True,4,10.347946933537042,22.0,8.184400831505414,STATIC_CURRENT_SNAPSHOT,False
col_6954f4d5482a5e07b5721c81d464cd43,2023-12,2.0,,,,0.0,0.0,0.0,0.0,False,True,4,10.347946933537042,22.0,8.184400831505414,STATIC_CURRENT_SNAPSHOT,False
col_6954f4d5482a5e07b5721c81d464cd43,2024-01,2.0,15048.5,0.0005205951731162839,13997.833333333334,2.0,1.0,1.0,1.0,True,True,4,10.347946933537042,22.0,8.184400831505414,STATIC_CURRENT_SNAPSHOT,False
col_6954f4d5482a5e07b5721c81d464cd43,2024-02,2.0,19990.0,0.6843613077182339,14920.666666666666,1.0,0.5,0.5,0.5,True,True,4,10.347946933537042,22.0,8.184400831505414,STATIC_CURRENT_SNAPSHOT,False
col_6954f4d5482a5e07b5721c81d464cd43,2024-03,2.0,,,,0.0,0.0,0.0,0.0,False,True,4,10.347946933537042,22.0,8.184400831505414,STATIC_CURRENT_SNAPSHOT,False
col_6954f4d5482a5e07b5721c81d464cd43,2024-04,2.0,32005.5,0.1656084710731877,27581.333333333336,2.0,1.0,1.0,1.0,True,True,4,10.347946933537042,22.0,8.184400831505414,STATIC_CURRENT_SNAPSHOT,False
col_6954f4d5482a5e07b5721c81d464cd43,2024-05,2.0,,,,0.0,0.0,0.0,0.0,False,True,4,10.347946933537042,22.0,8.184400831505414,STATIC_CURRENT_SNAPSHOT,False
col_6954f4d5482a5e07b5721c81d464cd43,2024-06,2.0,,,,0.0,0.0,0.0,0.0,False,True,4,10.347946933537042,22.0,8.184400831505414,STATIC_CURRENT_SNAPSHOT,False
col_6954f4d5482a5e07b5721c81d464cd43,2024-07,2.0,38889.0,-0.06785714285714285,39705.666666666664,1.0,0.5,0.5,0.5,True,True,4,10.347946933537042,22.0,8.184400831505414,STATIC_CURRENT_SNAPSHOT,False
col_6954f4d5482a5e07b5721c81d464cd43,2024-08,2.0,29956.0,-0.04045613248342356,31796.333333333332,1.0,0.5,0.5,0.5,True,True,4,10.347946933537042,22.0,8.184400831505414,STATIC_CURRENT_SNAPSHOT,False
col_6954f4d5482a5e07b5721c81d464cd43,2024-09,2.0,31483.0,0.05097476298571238,30886.0,1.0,0.5,0.5,0.5,True,True,4,10.347946933537042,22.0,8.184400831505414,STATIC_CURRENT_SNAPSHOT,False
col_6954f4d5482a5e07b5721c81d464cd43,2024-10,2.0,35026.0,-0.021640407842456393,34825.333333333336,2.0,1.0,1.0,1.0,True,True,4,10.347946933537042,22.0,8.184400831505414,STATIC_CURRENT_SNAPSHOT,False
col_6954f4d5482a5e07b5721c81d464cd43,2024-11,2.0,,,,0.0,0.0,0.0,0.0,False,True,4,10.347946933537042,22.0,8.184400831505414,STATIC_CURRENT_SNAPSHOT,False
col_6954f4d5482a5e07b5721c81d464cd43,2024-12,2.0,,,,0.0,0.0,0.0,0.0,False,True,4,10.347946933537042,22.0,8.184400831505414,STATIC_CURRENT_SNAPSHOT,False
col_6954f4d5482a5e07b5721c81d464cd43,2025-01,2.0,,,,0.0,0.0,0.0,0.0,False,True,4,10.347946933537042,22.0,8.184400831505414,STATIC_CURRENT_SNAPSHOT,False
col_6954f4d5482a5e07b5721c81d464cd43,2025-02,2.0,,,,0.0,0.0,0.0,0.0,False,True,4,10.347946933537042,22.0,8.184400831505414,STATIC_CURRENT_SNAPSHOT,False
col_6954f4d5482a5e07b5721c81d464cd43,2025-03,2.0,,,,0.0,0.0,0.0,0.0,False,True,4,10.347946933537042,22.0,8.184400831505414,STATIC_CURRENT_SNAPSHOT,False
col_6954f4d5482a5e07b5721c81d464cd43,2025-04,2.0,,,,0.0,0.0,0.0,0.0,False,True,4,10.347946933537042,22.0,8.184400831505414,STATIC_CURRENT_SNAPSHOT,False
col_6954f4d5482a5e07b5721c81d464cd43,2025-05,2.0,,,,0.0,0.0,0.0,0.0,False,True,4,10.347946933537042,22.0,8.184400831505414,STATIC_CURRENT_SNAPSHOT,False
col_6954f4d5482a5e07b5721c81d464cd43,2025-06,2.0,29827.0,0.06312375249500998,29266.0,1.0,0.5,0.5,0.5,True,True,4,10.347946933537042,22.0,8.184400831505414,STATIC_CURRENT_SNAPSHOT,False
col_6954f4d5482a5e07b5721c81d464cd43,2025-07,2.0,,,,0.0,0.0,0.0,0.0,False,True,4,10.347946933537042,22.0,8.184400831505414,STATIC_CURRENT_SNAPSHOT,False
col_6954f4d5482a5e07b5721c81d464cd43,2025-08,2.0,39009.0,0.08232062593640753,38598.333333333336,1.0,0.5,0.5,0.5,True,True,4,10.347946933537042,22.0,8.184400831505414,STATIC_CURRENT_SNAPSHOT,False
col_6954f4d5482a5e07b5721c81d464cd43,2025-09,2.0,,,,0.0,0.0,0.0,0.0,False,True,4,10.347946933537042,22.0,8.184400831505414,STATIC_CURRENT_SNAPSHOT,False
col_6954f4d5482a5e07b5721c81d464cd43,2025-10,2.0,37744.0,-0.009473822333027161,38286.0,1.0,0.5,0.5,0.5,True,True,4,10.347946933537042,22.0,8.184400831505414,STATIC_CURRENT_SNAPSHOT,False
col_6954f4d5482a5e07b5721c81d464cd43,2025-11,2.0,,,,0.0,0.0,0.0,0.0,False,True,4,10.347946933537042,22.0,8.184400831505414,STATIC_CURRENT_SNAPSHOT,False
col_6954f4d5482a5e07b5721c81d464cd43,2025-12,2.0,,,,0.0,0.0,0.0,0.0,False,True,4,10.347946933537042,22.0,8.184400831505414,STATIC_CURRENT_SNAPSHOT,False
col_6954f4d5482a5e07b5721c81d464cd43,2026-01,2.0,29738.5,-0.06984998170508598,27466.666666666668,2.0,1.0,0.5,0.5,True,True,4,10.347946933537042,22.0,8.184400831505414,STATIC_CURRENT_SNAPSHOT,False
col_6954f4d5482a5e07b5721c81d464cd43,2026-02,2.0,30697.0,0.03517659894203322,30854.166666666664,2.0,1.0,1.0,1.0,True,True,4,10.347946933537042,22.0,8.184400831505414,STATIC_CURRENT_SNAPSHOT,False
col_6954f4d5482a5e07b5721c81d464cd43,2026-03,2.0,,,,0.0,0.0,0.0,0.0,False,True,4,10.347946933537042,22.0,8.184400831505414,STATIC_CURRENT_SNAPSHOT,False
col_6954f4d5482a5e07b5721c81d464cd43,2026-04,2.0,40101.0,0.140431703779541,36609.0,1.0,0.5,0.5,0.5,True,True,4,10.347946933537042,22.0,8.184400831505414,STATIC_CURRENT_SNAPSHOT,False
col_6954f4d5482a5e07b5721c81d464cd43,2026-05,2.0,,,,0.0,0.0,0.0,0.0,False,True,4,10.347946933537042,22.0,8.184400831505414,STATIC_CURRENT_SNAPSHOT,False
col_6954f4d5482a5e07b5721c81d464cd43,2026-06,2.0,,,,0.0,0.0,0.0,0.0,False,True,4,10.347946933537042,22.0,8.184400831505414,STATIC_CURRENT_SNAPSHOT,False
col_6954f4d5482a5e07b5721c81d464cd43,2026-07,2.0,,,,0.0,0.0,0.0,0.0,False,True,4,10.347946933537042,22.0,8.184400831505414,STATIC_CURRENT_SNAPSHOT,False
col_6954f4d5482a5e07b5721c81d464cd43,2026-08,2.0,,,,0.0,0.0,0.0,0.0,False,True,4,10.347946933537042,22.0,8.184400831505414,STATIC_CURRENT_SNAPSHOT,False
col_6bf10fd8943e5967b7603760fb6cd344,2023-01,4.0,,,,0.0,0.0,0.0,0.0,False,True,13,10.988479515171791,19.0,9.964328957713887,STATIC_CURRENT_SNAPSHOT,False
col_6bf10fd8943e5967b7603760fb6cd344,2023-02,4.0,5996.5,,,4.0,1.0,0.0,0.0,True,True,13,10.988479515171791,19.0,9.964328957713887,STATIC_CURRENT_SNAPSHOT,False
col_6bf10fd8943e5967b7603760fb6cd344,2023-03,4.0,6120.75,0.04137892556697156,,4.0,1.0,1.0,0.0,True,True,13,10.988479515171791,19.0,9.964328957713887,STATIC_CURRENT_SNAPSHOT,False
col_6bf10fd8943e5967b7603760fb6cd344,2023-04,4.0,3054.0,0.49559255631733595,2320.3333333333335,1.0,0.25,0.25,0.25,True,True,13,10.988479515171791,19.0,9.964328957713887,STATIC_CURRENT_SNAPSHOT,False
col_6bf10fd8943e5967b7603760fb6cd344,2023-05,4.0,8697.75,0.13223080623475675,7488.666666666666,4.0,1.0,1.0,1.0,True,True,13,10.988479515171791,19.0,9.964328957713887,STATIC_CURRENT_SNAPSHOT,False
col_6bf10fd8943e5967b7603760fb6cd344,2023-06,4.0,4725.5,0.24176865986142637,4002.666666666667,2.0,0.5,0.5,0.5,True,True,13,10.988479515171791,19.0,9.964328957713887,STATIC_CURRENT_SNAPSHOT,False
col_6bf10fd8943e5967b7603760fb6cd344,2023-07,4.0,5951.0,-0.013159762456732274,5585.0,3.0,0.75,0.75,0.75,True,True,13,10.988479515171791,19.0,9.964328957713887,STATIC_CURRENT_SNAPSHOT,False
col_6bf10fd8943e5967b7603760fb6cd344,2023-08,4.0,12459.666666666666,-0.017440657306619114,12659.666666666666,3.0,0.75,0.75,0.75,True,True,13,10.988479515171791,19.0,9.964328957713887,STATIC_CURRENT_SNAPSHOT,False
col_6bf10fd8943e5967b7603760fb6cd344,2023-09,4.0,6783.333333333333,0.1293682774021698,6238.88888888889,3.0,0.75,0.75,0.75,True,True,13,10.988479515171791,19.0,9.964328957713887,STATIC_CURRENT_SNAPSHOT,False
col_6bf10fd8943e5967b7603760fb6cd344,2023-10,4.0,7135.333333333333,0.05144064983946459,6633.666666666667,3.0,0.75,0.75,0.75,True,True,13,10.988479515171791,19.0,9.964328957713887,STATIC_CURRENT_SNAPSHOT,False
col_6bf10fd8943e5967b7603760fb6cd344,2023-11,4.0,17158.333333333332,0.14317211596010182,15396.11111111111,3.0,0.75,0.75,0.75,True,True,13,10.988479515171791,19.0,9.964328957713887,STATIC_CURRENT_SNAPSHOT,False
col_6bf10fd8943e5967b7603760fb6cd344,2023-12,4.0,6439.0,-0.035789158430667864,6342.333333333333,1.0,0.25,0.25,0.25,True,True,13,10.988479515171791,19.0,9.964328957713887,STATIC_CURRENT_SNAPSHOT,False
col_6bf10fd8943e5967b7603760fb6cd344,2024-01,4.0,14631.0,-0.15295298782059444,16273.0,3.0,0.75,0.75,0.75,True,True,13,10.988479515171791,19.0,9.964328957713887,STATIC_CURRENT_SNAPSHOT,False
col_6bf10fd8943e5967b7603760fb6cd344,2024-02,4.0,6562.5,0.33633452685421994,5831.166666666667,2.0,0.5,0.5,0.5,True,True,13,10.988479515171791,19.0,9.964328957713887,STATIC_CURRENT_SNAPSHOT,False
col_6bf10fd8943e5967b7603760fb6cd344,2024-03,4.0,5899.0,-0.015520694259012017,5422.0,1.0,0.25,0.25,0.25,True,True,13,10.988479515171791,19.0,9.964328957713887,STATIC_CURRENT_SNAPSHOT,False
col_6bf10fd8943e5967b7603760fb6cd344,2024-04,4.0,16965.333333333332,0.022790207854128348,16533.333333333332,3.0,0.75,0.75,0.75,True,True,13,10.988479515171791,19.0,9.964328957713887,STATIC_CURRENT_SNAPSHOT,False
col_6bf10fd8943e5967b7603760fb6cd344,2024-05,4.0,7967.0,0.1602625537669327,7192.166666666666,2.0,0.5,0.5,0.5,True,True,13,10.988479515171791,19.0,9.964328957713887,STATIC_CURRENT_SNAPSHOT,False
col_6bf10fd8943e5967b7603760fb6cd344,2024-06,4.0,,,,0.0,0.0,0.0,0.0,False,True,13,10.988479515171791,19.0,9.964328957713887,STATIC_CURRENT_SNAPSHOT,False
col_6bf10fd8943e5967b7603760fb6cd344,2024-07,4.0,10234.0,-0.08351107639401238,10783.666666666666,3.0,0.75,0.75,0.75,True,True,13,10.988479515171791,19.0,9.964328957713887,STATIC_CURRENT_SNAPSHOT,False
col_6bf10fd8943e5967b7603760fb6cd344,2024-08,4.0,6260.0,-0.058080048149262715,6724.333333333333,1.0,0.25,0.25,0.25,True,True,13,10.988479515171791,19.0,9.964328957713887,STATIC_CURRENT_SNAPSHOT,False
col_6bf10fd8943e5967b7603760fb6cd344,2024-09,4.0,7598.5,0.054371113932409745,7469.666666666666,2.0,0.5,0.5,0.5,True,True,13,10.988479515171791,19.0,9.964328957713887,STATIC_CURRENT_SNAPSHOT,False
col_6bf10fd8943e5967b7603760fb6cd344,2024-10,4.0,16887.5,-0.04937949059754969,17089.916666666668,4.0,1.0,1.0,1.0,True,True,13,10.988479515171791,19.0,9.964328957713887,STATIC_CURRENT_SNAPSHOT,False
col_6bf10fd8943e5967b7603760fb6cd344,2024-11,4.0,,,,0.0,0.0,0.0,0.0,False,True,13,10.988479515171791,19.0,9.964328957713887,STATIC_CURRENT_SNAPSHOT,False
col_6bf10fd8943e5967b7603760fb6cd344,2024-12,4.0,12207.0,,,2.0,0.5,0.0,0.0,True,True,13,10.988479515171791,19.0,9.964328957713887,STATIC_CURRENT_SNAPSHOT,False
col_6bf10fd8943e5967b7603760fb6cd344,2025-01,4.0,15214.0,-0.16077397871898494,,4.0,1.0,1.0,0.0,True,True,13,10.988479515171791,19.0,9.964328957713887,STATIC_CURRENT_SNAPSHOT,False
col_6bf10fd8943e5967b7603760fb6cd344,2025-02,4.0,7475.0,0.15981228116313298,7273.0,2.0,0.5,0.5,0.5,True,True,13,10.988479515171791,19.0,9.964328957713887,STATIC_CURRENT_SNAPSHOT,False
col_6bf10fd8943e5967b7603760fb6cd344,2025-03,4.0,15650.0,-0.05734480313156977,15826.416666666666,4.0,1.0,1.0,1.0,True,True,13,10.988479515171791,19.0,9.964328957713887,STATIC_CURRENT_SNAPSHOT,False
col_6bf10fd8943e5967b7603760fb6cd344,2025-04,4.0,16499.666666666668,0.049274571307667346,16561.111111111113,3.0,0.75,0.75,0.75,True,True,13,10.988479515171791,19.0,9.964328957713887,STATIC_CURRENT_SNAPSHOT,False
col_6bf10fd8943e5967b7603760fb6cd344,2025-05,4.0,5980.0,-0.08450704225352113,6210.333333333333,1.0,0.25,0.25,0.25,True,True,13,10.988479515171791,19.0,9.964328957713887,STATIC_CURRENT_SNAPSHOT,False
col_6bf10fd8943e5967b7603760fb6cd344,2025-06,4.0,15482.5,0.030888738107601506,15478.666666666668,4.0,1.0,1.0,1.0,True,True,13,10.988479515171791,19.0,9.964328957713887,STATIC_CURRENT_SNAPSHOT,False
col_6bf10fd8943e5967b7603760fb6cd344,2025-07,4.0,8979.5,-0.08667549096157076,9519.166666666666,2.0,0.5,0.5,0.5,True,True,13,10.988479515171791,19.0,9.964328957713887,STATIC_CURRENT_SNAPSHOT,False
col_6bf10fd8943e5967b7603760fb6cd344,2025-08,4.0,15141.25,0.07907128002865287,14819.083333333334,4.0,1.0,1.0,1.0,True,True,13,10.988479515171791,19.0,9.964328957713887,STATIC_CURRENT_SNAPSHOT,False
col_6bf10fd8943e5967b7603760fb6cd344,2025-09,4.0,14987.25,-0.03162630520316279,14654.0,4.0,1.0,1.0,1.0,True,True,13,10.988479515171791,19.0,9.964328957713887,STATIC_CURRENT_SNAPSHOT,False
col_6bf10fd8943e5967b7603760fb6cd344,2025-10,4.0,7714.0,0.03238758029978587,7608.333333333333,1.0,0.25,0.25,0.25,True,True,13,10.988479515171791,19.0,9.964328957713887,STATIC_CURRENT_SNAPSHOT,False
col_6bf10fd8943e5967b7603760fb6cd344,2025-11,4.0,,,,0.0,0.0,0.0,0.0,False,True,13,10.988479515171791,19.0,9.964328957713887,STATIC_CURRENT_SNAPSHOT,False
col_6bf10fd8943e5967b7603760fb6cd344,2025-12,4.0,33772.0,-0.07097271126760564,34636.333333333336,1.0,0.25,0.25,0.25,True,True,13,10.988479515171791,19.0,9.964328957713887,STATIC_CURRENT_SNAPSHOT,False
col_6bf10fd8943e5967b7603760fb6cd344,2026-01,4.0,7837.666666666667,-0.10882670418373352,8866.888888888889,3.0,0.75,0.75,0.75,True,True,13,10.988479515171791,19.0,9.964328957713887,STATIC_CURRENT_SNAPSHOT,False
col_6bf10fd8943e5967b7603760fb6cd344,2026-02,4.0,,,,0.0,0.0,0.0,0.0,False,True,13,10.988479515171791,19.0,9.964328957713887,STATIC_CURRENT_SNAPSHOT,False
col_6bf10fd8943e5967b7603760fb6cd344,2026-03,4.0,,,,0.0,0.0,0.0,0.0,False,True,13,10.988479515171791,19.0,9.964328957713887,STATIC_CURRENT_SNAPSHOT,False
col_6bf10fd8943e5967b7603760fb6cd344,2026-04,4.0,6601.0,0.02393098999179423,6612.5,2.0,0.5,0.5,0.5,True,True,13,10.988479515171791,19.0,9.964328957713887,STATIC_CURRENT_SNAPSHOT,False
col_6bf10fd8943e5967b7603760fb6cd344,2026-05,4.0,7865.666666666667,-0.06750650767026449,8212.444444444443,3.0,0.75,0.75,0.75,True,True,13,10.988479515171791,19.0,9.964328957713887,STATIC_CURRENT_SNAPSHOT,False
col_6bf10fd8943e5967b7603760fb6cd344,2026-06,4.0,8027.0,0.022811261894230897,8118.11111111111,3.0,0.75,0.75,0.75,True,True,13,10.988479515171791,19.0,9.964328957713887,STATIC_CURRENT_SNAPSHOT,False
col_6bf10fd8943e5967b7603760fb6cd344,2026-07,4.0,5574.0,-0.13966793414977197,6119.833333333334,2.0,0.5,0.5,0.5,True,True,13,10.988479515171791,19.0,9.964328957713887,STATIC_CURRENT_SNAPSHOT,False
col_6bf10fd8943e5967b7603760fb6cd344,2026-08,4.0,9437.0,0.14588950893736824,9050.0,2.0,0.5,0.5,0.5,True,True,13,10.988479515171791,19.0,9.964328957713887,STATIC_CURRENT_SNAPSHOT,False
col_6e124db5b88b5695a72b6c82db5754cd,2023-01,,,,,,,,,False,False,7,,,,STATIC_CURRENT_SNAPSHOT,False
col_6e124db5b88b5695a72b6c82db5754cd,2023-02,,,,,,,,,False,False,7,,,,STATIC_CURRENT_SNAPSHOT,False
col_6e124db5b88b5695a72b6c82db5754cd,2023-03,,,,,,,,,False,False,7,,,,STATIC_CURRENT_SNAPSHOT,False
col_6e124db5b88b5695a72b6c82db5754cd,2023-04,,,,,,,,,False,False,7,,,,STATIC_CURRENT_SNAPSHOT,False
col_6e124db5b88b5695a72b6c82db5754cd,2023-05,,,,,,,,,False,False,7,,,,STATIC_CURRENT_SNAPSHOT,False
col_6e124db5b88b5695a72b6c82db5754cd,2023-06,,,,,,,,,False,False,7,,,,STATIC_CURRENT_SNAPSHOT,False
col_6e124db5b88b5695a72b6c82db5754cd,2023-07,,,,,,,,,False,False,7,,,,STATIC_CURRENT_SNAPSHOT,False
col_6e124db5b88b5695a72b6c82db5754cd,2023-08,,,,,,,,,False,False,7,,,,STATIC_CURRENT_SNAPSHOT,False
col_6e124db5b88b5695a72b6c82db5754cd,2023-09,,,,,,,,,False,False,7,,,,STATIC_CURRENT_SNAPSHOT,False
col_6e124db5b88b5695a72b6c82db5754cd,2023-10,,,,,,,,,False,False,7,,,,STATIC_CURRENT_SNAPSHOT,False
col_6e124db5b88b5695a72b6c82db5754cd,2023-11,,,,,,,,,False,False,7,,,,STATIC_CURRENT_SNAPSHOT,False
col_6e124db5b88b5695a72b6c82db5754cd,2023-12,,,,,,,,,False,False,7,,,,STATIC_CURRENT_SNAPSHOT,False
col_6e124db5b88b5695a72b6c82db5754cd,2024-01,,,,,,,,,False,False,7,,,,STATIC_CURRENT_SNAPSHOT,False
col_6e124db5b88b5695a72b6c82db5754cd,2024-02,,,,,,,,,False,False,7,,,,STATIC_CURRENT_SNAPSHOT,False
col_6e124db5b88b5695a72b6c82db5754cd,2024-03,,,,,,,,,False,False,7,,,,STATIC_CURRENT_SNAPSHOT,False
col_6e124db5b88b5695a72b6c82db5754cd,2024-04,,,,,,,,,False,False,7,,,,STATIC_CURRENT_SNAPSHOT,False
col_6e124db5b88b5695a72b6c82db5754cd,2024-05,,,,,,,,,False,False,7,,,,STATIC_CURRENT_SNAPSHOT,False
col_6e124db5b88b5695a72b6c82db5754cd,2024-06,,,,,,,,,False,False,7,,,,STATIC_CURRENT_SNAPSHOT,False
col_6e124db5b88b5695a72b6c82db5754cd,2024-07,,,,,,,,,False,False,7,,,,STATIC_CURRENT_SNAPSHOT,False
col_6e124db5b88b5695a72b6c82db5754cd,2024-08,,,,,,,,,False,False,7,,,,STATIC_CURRENT_SNAPSHOT,False
col_6e124db5b88b5695a72b6c82db5754cd,2024-09,,,,,,,,,False,False,7,,,,STATIC_CURRENT_SNAPSHOT,False
col_6e124db5b88b5695a72b6c82db5754cd,2024-10,,,,,,,,,False,False,7,,,,STATIC_CURRENT_SNAPSHOT,False
col_6e124db5b88b5695a72b6c82db5754cd,2024-11,,,,,,,,,False,False,7,,,,STATIC_CURRENT_SNAPSHOT,False
col_6e124db5b88b5695a72b6c82db5754cd,2024-12,,,,,,,,,False,False,7,,,,STATIC_CURRENT_SNAPSHOT,False
col_6e124db5b88b5695a72b6c82db5754cd,2025-01,,,,,,,,,False,False,7,,,,STATIC_CURRENT_SNAPSHOT,False
col_6e124db5b88b5695a72b6c82db5754cd,2025-02,,,,,,,,,False,False,7,,,,STATIC_CURRENT_SNAPSHOT,False
col_6e124db5b88b5695a72b6c82db5754cd,2025-03,,,,,,,,,False,False,7,,,,STATIC_CURRENT_SNAPSHOT,False
col_6e124db5b88b5695a72b6c82db5754cd,2025-04,,,,,,,,,False,False,7,,,,STATIC_CURRENT_SNAPSHOT,False
col_6e124db5b88b5695a72b6c82db5754cd,2025-05,,,,,,,,,False,False,7,,,,STATIC_CURRENT_SNAPSHOT,False
col_6e124db5b88b5695a72b6c82db5754cd,2025-06,,,,,,,,,False,False,7,,,,STATIC_CURRENT_SNAPSHOT,False
col_6e124db5b88b5695a72b6c82db5754cd,2025-07,,,,,,,,,False,False,7,,,,STATIC_CURRENT_SNAPSHOT,False
col_6e124db5b88b5695a72b6c82db5754cd,2025-08,,,,,,,,,False,False,7,,,,STATIC_CURRENT_SNAPSHOT,False
col_6e124db5b88b5695a72b6c82db5754cd,2025-09,,,,,,,,,False,False,7,,,,STATIC_CURRENT_SNAPSHOT,False
col_6e124db5b88b5695a72b6c82db5754cd,2025-10,,,,,,,,,False,False,7,,,,STATIC_CURRENT_SNAPSHOT,False
col_6e124db5b88b5695a72b6c82db5754cd,2025-11,,,,,,,,,False,False,7,,,,STATIC_CURRENT_SNAPSHOT,False
col_6e124db5b88b5695a72b6c82db5754cd,2025-12,,,,,,,,,False,False,7,,,,STATIC_CURRENT_SNAPSHOT,False
col_6e124db5b88b5695a72b6c82db5754cd,2026-01,,,,,,,,,False,False,7,,,,STATIC_CURRENT_SNAPSHOT,False
col_6e124db5b88b5695a72b6c82db5754cd,2026-02,,,,,,,,,False,False,7,,,,STATIC_CURRENT_SNAPSHOT,False
col_6e124db5b88b5695a72b6c82db5754cd,2026-03,,,,,,,,,False,False,7,,,,STATIC_CURRENT_SNAPSHOT,False
col_6e124db5b88b5695a72b6c82db5754cd,2026-04,,,,,,,,,False,False,7,,,,STATIC_CURRENT_SNAPSHOT,False
col_6e124db5b88b5695a72b6c82db5754cd,2026-05,,,,,,,,,False,False,7,,,,STATIC_CURRENT_SNAPSHOT,False
col_6e124db5b88b5695a72b6c82db5754cd,2026-06,,,,,,,,,False,False,7,,,,STATIC_CURRENT_SNAPSHOT,False
col_6e124db5b88b5695a72b6c82db5754cd,2026-07,,,,,,,,,False,False,7,,,,STATIC_CURRENT_SNAPSHOT,False
col_6e124db5b88b5695a72b6c82db5754cd,2026-08,,,,,,,,,False,False,7,,,,STATIC_CURRENT_SNAPSHOT,False
col_6e932760ad7e5318b2922fea188ea3f8,2023-01,2.0,,,,0.0,0.0,0.0,0.0,False,True,1,5.247638899983456,7.0,5.636494052063654,STATIC_CURRENT_SNAPSHOT,False
col_6e932760ad7e5318b2922fea188ea3f8,2023-02,2.0,6212.5,,,2.0,1.0,0.0,0.0,True,True,1,5.247638899983456,7.0,5.636494052063654,STATIC_CURRENT_SNAPSHOT,False
col_6e932760ad7e5318b2922fea188ea3f8,2023-03,2.0,6856.0,0.04372011888488754,,2.0,1.0,1.0,0.0,True,True,1,5.247638899983456,7.0,5.636494052063654,STATIC_CURRENT_SNAPSHOT,False
col_6e932760ad7e5318b2922fea188ea3f8,2023-04,2.0,2524.0,0.24334975369458128,2228.3333333333335,1.0,0.5,0.5,0.5,True,True,1,5.247638899983456,7.0,5.636494052063654,STATIC_CURRENT_SNAPSHOT,False
col_6e932760ad7e5318b2922fea188ea3f8,2023-05,2.0,2201.0,-0.1279714738510301,2251.6666666666665,1.0,0.5,0.5,0.5,True,True,1,5.247638899983456,7.0,5.636494052063654,STATIC_CURRENT_SNAPSHOT,False
col_6e932760ad7e5318b2922fea188ea3f8,2023-06,2.0,9991.5,0.25936060329517846,8813.666666666666,2.0,1.0,1.0,1.0,True,True,1,5.247638899983456,7.0,5.636494052063654,STATIC_CURRENT_SNAPSHOT,False
col_6e932760ad7e5318b2922fea188ea3f8,2023-07,2.0,18313.0,0.06100811123986095,16347.0,1.0,0.5,0.5,0.5,True,True,1,5.247638899983456,7.0,5.636494052063654,STATIC_CURRENT_SNAPSHOT,False
col_6e932760ad7e5318b2922fea188ea3f8,2023-08,2.0,10388.5,-0.03238348705827132,10378.166666666666,2.0,1.0,1.0,1.0,True,True,1,5.247638899983456,7.0,5.636494052063654,STATIC_CURRENT_SNAPSHOT,False
col_6e932760ad7e5318b2922fea188ea3f8,2023-09,2.0,11831.5,0.13563152045577725,10991.5,2.0,1.0,1.0,1.0,True,True,1,5.247638899983456,7.0,5.636494052063654,STATIC_CURRENT_SNAPSHOT,False
col_6e932760ad7e5318b2922fea188ea3f8,2023-10,2.0,12394.5,0.0273417067350449,11538.166666666666,2.0,1.0,1.0,1.0,True,True,1,5.247638899983456,7.0,5.636494052063654,STATIC_CURRENT_SNAPSHOT,False
col_6e932760ad7e5318b2922fea188ea3f8,2023-11,2.0,14077.0,0.12927261561924488,12767.666666666666,2.0,1.0,1.0,1.0,True,True,1,5.247638899983456,7.0,5.636494052063654,STATIC_CURRENT_SNAPSHOT,False
col_6e932760ad7e5318b2922fea188ea3f8,2023-12,2.0,13644.5,-0.022656644447882606,13372.0,2.0,1.0,1.0,1.0,True,True,1,5.247638899983456,7.0,5.636494052063654,STATIC_CURRENT_SNAPSHOT,False
col_6e932760ad7e5318b2922fea188ea3f8,2024-01,2.0,11557.5,-0.12433050432880088,13093.0,2.0,1.0,1.0,1.0,True,True,1,5.247638899983456,7.0,5.636494052063654,STATIC_CURRENT_SNAPSHOT,False
col_6e932760ad7e5318b2922fea188ea3f8,2024-02,2.0,4411.0,0.24253521126760563,3946.0,1.0,0.5,0.5,0.5,True,True,1,5.247638899983456,7.0,5.636494052063654,STATIC_CURRENT_SNAPSHOT,False
col_6e932760ad7e5318b2922fea188ea3f8,2024-03,2.0,4381.0,-0.0068011788710043075,4114.0,1.0,0.5,0.5,0.5,True,True,1,5.247638899983456,7.0,5.636494052063654,STATIC_CURRENT_SNAPSHOT,False
col_6e932760ad7e5318b2922fea188ea3f8,2024-04,2.0,16452.0,0.025564939511527048,4428.333333333333,2.0,1.0,0.5,0.5,True,True,1,5.247638899983456,7.0,5.636494052063654,STATIC_CURRENT_SNAPSHOT,False
col_6e932760ad7e5318b2922fea188ea3f8,2024-05,2.0,18588.0,0.13570291779931226,4671.0,2.0,1.0,1.0,0.5,True,True,1,5.247638899983456,7.0,5.636494052063654,STATIC_CURRENT_SNAPSHOT,False
col_6e932760ad7e5318b2922fea188ea3f8,2024-06,2.0,19230.5,0.05411893220880169,18090.166666666668,2.0,1.0,1.0,1.0,True,True,1,5.247638899983456,7.0,5.636494052063654,STATIC_CURRENT_SNAPSHOT,False
col_6e932760ad7e5318b2922fea188ea3f8,2024-07,2.0,17889.5,-0.09872177951033634,18569.333333333332,2.0,1.0,1.0,1.0,True,True,1,5.247638899983456,7.0,5.636494052063654,STATIC_CURRENT_SNAPSHOT,False
col_6e932760ad7e5318b2922fea188ea3f8,2024-08,2.0,5158.0,0.07885379627692951,5165.0,1.0,0.5,0.5,0.5,True,True,1,5.247638899983456,7.0,5.636494052063654,STATIC_CURRENT_SNAPSHOT,False
col_6e932760ad7e5318b2922fea188ea3f8,2024-09,2.0,18081.0,0.006272356610232822,17994.166666666664,2.0,1.0,1.0,1.0,True,True,1,5.247638899983456,7.0,5.636494052063654,STATIC_CURRENT_SNAPSHOT,False
col_6e932760ad7e5318b2922fea188ea3f8,2024-10,2.0,18127.5,0.011723431439367885,18073.5,2.0,1.0,1.0,1.0,True,True,1,5.247638899983456,7.0,5.636494052063654,STATIC_CURRENT_SNAPSHOT,False
col_6e932760ad7e5318b2922fea188ea3f8,2024-11,2.0,,,,0.0,0.0,0.0,0.0,False,True,1,5.247638899983456,7.0,5.636494052063654,STATIC_CURRENT_SNAPSHOT,False
col_6e932760ad7e5318b2922fea188ea3f8,2024-12,2.0,5562.0,,,1.0,0.5,0.0,0.0,True,True,1,5.247638899983456,7.0,5.636494052063654,STATIC_CURRENT_SNAPSHOT,False
col_6e932760ad7e5318b2922fea188ea3f8,2025-01,2.0,16097.5,-0.10891620639331837,,2.0,1.0,1.0,0.0,True,True,1,5.247638899983456,7.0,5.636494052063654,STATIC_CURRENT_SNAPSHOT,False
col_6e932760ad7e5318b2922fea188ea3f8,2025-02,2.0,,,,0.0,0.0,0.0,0.0,False,True,1,5.247638899983456,7.0,5.636494052063654,STATIC_CURRENT_SNAPSHOT,False
col_6e932760ad7e5318b2922fea188ea3f8,2025-03,2.0,,,,0.0,0.0,0.0,0.0,False,True,1,5.247638899983456,7.0,5.636494052063654,STATIC_CURRENT_SNAPSHOT,False
col_6e932760ad7e5318b2922fea188ea3f8,2025-04,2.0,16299.0,0.034210298867349914,16419.333333333332,2.0,1.0,1.0,1.0,True,True,1,5.247638899983456,7.0,5.636494052063654,STATIC_CURRENT_SNAPSHOT,False
col_6e932760ad7e5318b2922fea188ea3f8,2025-05,2.0,4798.0,-0.059400117623995295,4958.0,1.0,0.5,0.5,0.5,True,True,1,5.247638899983456,7.0,5.636494052063654,STATIC_CURRENT_SNAPSHOT,False
col_6e932760ad7e5318b2922fea188ea3f8,2025-06,2.0,16508.5,0.05695590662297305,16088.0,2.0,1.0,1.0,1.0,True,True,1,5.247638899983456,7.0,5.636494052063654,STATIC_CURRENT_SNAPSHOT,False
col_6e932760ad7e5318b2922fea188ea3f8,2025-07,2.0,5104.0,0.022026431718061675,4965.333333333333,1.0,0.5,0.5,0.5,True,True,1,5.247638899983456,7.0,5.636494052063654,STATIC_CURRENT_SNAPSHOT,False
col_6e932760ad7e5318b2922fea188ea3f8,2025-08,2.0,16282.0,0.07258591523165037,15961.333333333334,2.0,1.0,1.0,1.0,True,True,1,5.247638899983456,7.0,5.636494052063654,STATIC_CURRENT_SNAPSHOT,False
col_6e932760ad7e5318b2922fea188ea3f8,2025-09,2.0,14875.0,-0.07919329188540489,15416.833333333334,2.0,1.0,1.0,1.0,True,True,1,5.247638899983456,7.0,5.636494052063654,STATIC_CURRENT_SNAPSHOT,False
col_6e932760ad7e5318b2922fea188ea3f8,2025-10,2.0,14984.0,-0.000461935739015166,15380.333333333334,2.0,1.0,1.0,1.0,True,True,1,5.247638899983456,7.0,5.636494052063654,STATIC_CURRENT_SNAPSHOT,False
col_6e932760ad7e5318b2922fea188ea3f8,2025-11,2.0,16953.0,0.14300155301281053,15604.0,2.0,1.0,1.0,1.0,True,True,1,5.247638899983456,7.0,5.636494052063654,STATIC_CURRENT_SNAPSHOT,False
col_6e932760ad7e5318b2922fea188ea3f8,2025-12,2.0,14654.5,-0.10012171028268958,15530.5,2.0,1.0,1.0,1.0,True,True,1,5.247638899983456,7.0,5.636494052063654,STATIC_CURRENT_SNAPSHOT,False
col_6e932760ad7e5318b2922fea188ea3f8,2026-01,2.0,5318.0,-0.03781436584041976,5546.666666666667,1.0,0.5,0.5,0.5,True,True,1,5.247638899983456,7.0,5.636494052063654,STATIC_CURRENT_SNAPSHOT,False
col_6e932760ad7e5318b2922fea188ea3f8,2026-02,2.0,5450.0,0.02482136141406544,5431.666666666667,1.0,0.5,0.5,0.5,True,True,1,5.247638899983456,7.0,5.636494052063654,STATIC_CURRENT_SNAPSHOT,False
col_6e932760ad7e5318b2922fea188ea3f8,2026-03,2.0,14465.0,-0.03436015105140959,14150.333333333334,2.0,1.0,1.0,1.0,True,True,1,5.247638899983456,7.0,5.636494052063654,STATIC_CURRENT_SNAPSHOT,False
col_6e932760ad7e5318b2922fea188ea3f8,2026-04,2.0,15692.0,0.07700249779501048,14892.333333333334,2.0,1.0,1.0,1.0,True,True,1,5.247638899983456,7.0,5.636494052063654,STATIC_CURRENT_SNAPSHOT,False
col_6e932760ad7e5318b2922fea188ea3f8,2026-05,2.0,4929.0,-0.07367036271377561,5082.0,1.0,0.5,0.5,0.5,True,True,1,5.247638899983456,7.0,5.636494052063654,STATIC_CURRENT_SNAPSHOT,False
col_6e932760ad7e5318b2922fea188ea3f8,2026-06,2.0,15620.5,0.04680640029314613,15489.0,2.0,1.0,1.0,1.0,True,True,1,5.247638899983456,7.0,5.636494052063654,STATIC_CURRENT_SNAPSHOT,False
col_6e932760ad7e5318b2922fea188ea3f8,2026-07,2.0,4959.0,-0.06026151222285389,5055.0,1.0,0.5,0.5,0.5,True,True,1,5.247638899983456,7.0,5.636494052063654,STATIC_CURRENT_SNAPSHOT,False
col_6e932760ad7e5318b2922fea188ea3f8,2026-08,2.0,15193.0,0.024137925261406346,15172.833333333332,2.0,1.0,1.0,1.0,True,True,1,5.247638899983456,7.0,5.636494052063654,STATIC_CURRENT_SNAPSHOT,False
col_6f85f8cb1357503bae86559c4ab47194,2023-01,4.0,,,,0.0,0.0,0.0,0.0,False,True,5,10.963324962517035,42.0,11.299304804407232,STATIC_CURRENT_SNAPSHOT,False
col_6f85f8cb1357503bae86559c4ab47194,2023-02,4.0,38061.0,,,1.0,0.25,0.0,0.0,True,True,5,10.963324962517035,42.0,11.299304804407232,STATIC_CURRENT_SNAPSHOT,False
col_6f85f8cb1357503bae86559c4ab47194,2023-03,4.0,44886.0,0.17931741152360683,,1.0,0.25,0.25,0.0,True,True,5,10.963324962517035,42.0,11.299304804407232,STATIC_CURRENT_SNAPSHOT,False
col_6f85f8cb1357503bae86559c4ab47194,2023-04,4.0,24391.0,,,1.0,0.25,0.0,0.0,True,True,5,10.963324962517035,42.0,11.299304804407232,STATIC_CURRENT_SNAPSHOT,False
col_6f85f8cb1357503bae86559c4ab47194,2023-05,4.0,38899.5,-0.04902527895593717,52230.666666666664,2.0,0.5,0.5,0.25,True,True,5,10.963324962517035,42.0,11.299304804407232,STATIC_CURRENT_SNAPSHOT,False
col_6f85f8cb1357503bae86559c4ab47194,2023-06,4.0,46632.0,0.20747018239706325,42017.0,2.0,0.5,0.5,0.5,True,True,5,10.963324962517035,42.0,11.299304804407232,STATIC_CURRENT_SNAPSHOT,False
col_6f85f8cb1357503bae86559c4ab47194,2023-07,4.0,849.0,,,1.0,0.25,0.0,0.0,True,True,5,10.963324962517035,42.0,11.299304804407232,STATIC_CURRENT_SNAPSHOT,False
col_6f85f8cb1357503bae86559c4ab47194,2023-08,4.0,15070.0,0.6615480142844639,28312.666666666668,2.0,0.5,0.5,0.25,True,True,5,10.963324962517035,42.0,11.299304804407232,STATIC_CURRENT_SNAPSHOT,False
col_6f85f8cb1357503bae86559c4ab47194,2023-09,4.0,17120.0,0.20729036204343826,15702.5,2.0,0.5,0.5,0.5,True,True,5,10.963324962517035,42.0,11.299304804407232,STATIC_CURRENT_SNAPSHOT,False
col_6f85f8cb1357503bae86559c4ab47194,2023-10,4.0,3606.0,0.4003883495145631,2726.0,1.0,0.25,0.25,0.25,True,True,5,10.963324962517035,42.0,11.299304804407232,STATIC_CURRENT_SNAPSHOT,False
col_6f85f8cb1357503bae86559c4ab47194,2023-11,4.0,9035.0,1.5055463117027177,5072.0,1.0,0.25,0.25,0.25,True,True,5,10.963324962517035,42.0,11.299304804407232,STATIC_CURRENT_SNAPSHOT,False
col_6f85f8cb1357503bae86559c4ab47194,2023-12,4.0,10608.0,0.17410071942446043,7749.666666666667,1.0,0.25,0.25,0.25,True,True,5,10.963324962517035,42.0,11.299304804407232,STATIC_CURRENT_SNAPSHOT,False
col_6f85f8cb1357503bae86559c4ab47194,2024-01,4.0,36875.0,-0.11806648446373604,40841.666666666664,3.0,0.75,0.75,0.75,True,True,5,10.963324962517035,42.0,11.299304804407232,STATIC_CURRENT_SNAPSHOT,False
col_6f85f8cb1357503bae86559c4ab47194,2024-02,4.0,,,,0.0,0.0,0.0,0.0,False,True,5,10.963324962517035,42.0,11.299304804407232,STATIC_CURRENT_SNAPSHOT,False
col_6f85f8cb1357503bae86559c4ab47194,2024-03,4.0,,,,0.0,0.0,0.0,0.0,False,True,5,10.963324962517035,42.0,11.299304804407232,STATIC_CURRENT_SNAPSHOT,False
col_6f85f8cb1357503bae86559c4ab47194,2024-04,4.0,16573.0,0.10597263930597264,14930.333333333334,1.0,0.25,0.25,0.25,True,True,5,10.963324962517035,42.0,11.299304804407232,STATIC_CURRENT_SNAPSHOT,False
col_6f85f8cb1357503bae86559c4ab47194,2024-05,4.0,42460.0,0.07431116059003619,40223.333333333336,1.0,0.25,0.25,0.25,True,True,5,10.963324962517035,42.0,11.299304804407232,STATIC_CURRENT_SNAPSHOT,False
col_6f85f8cb1357503bae86559c4ab47194,2024-06,4.0,,,,0.0,0.0,0.0,0.0,False,True,5,10.963324962517035,42.0,11.299304804407232,STATIC_CURRENT_SNAPSHOT,False
col_6f85f8cb1357503bae86559c4ab47194,2024-07,4.0,29399.0,-0.053126093422735,30579.666666666664,2.0,0.5,0.5,0.5,True,True,5,10.963324962517035,42.0,11.299304804407232,STATIC_CURRENT_SNAPSHOT,False
col_6f85f8cb1357503bae86559c4ab47194,2024-08,4.0,,,,0.0,0.0,0.0,0.0,False,True,5,10.963324962517035,42.0,11.299304804407232,STATIC_CURRENT_SNAPSHOT,False
col_6f85f8cb1357503bae86559c4ab47194,2024-09,4.0,20248.0,0.04060026724226539,19664.0,1.0,0.25,0.25,0.25,True,True,5,10.963324962517035,42.0,11.299304804407232,STATIC_CURRENT_SNAPSHOT,False
col_6f85f8cb1357503bae86559c4ab47194,2024-10,4.0,88221.0,-0.026167481937188482,50797.666666666664,4.0,1.0,1.0,0.75,True,True,5,10.963324962517035,42.0,11.299304804407232,STATIC_CURRENT_SNAPSHOT,False
col_6f85f8cb1357503bae86559c4ab47194,2024-11,4.0,,,,0.0,0.0,0.0,0.0,False,True,5,10.963324962517035,42.0,11.299304804407232,STATIC_CURRENT_SNAPSHOT,False
col_6f85f8cb1357503bae86559c4ab47194,2024-12,4.0,21484.0,,,1.0,0.25,0.0,0.0,True,True,5,10.963324962517035,42.0,11.299304804407232,STATIC_CURRENT_SNAPSHOT,False
col_6f85f8cb1357503bae86559c4ab47194,2025-01,4.0,18785.0,-0.12562837460435672,,1.0,0.25,0.25,0.0,True,True,5,10.963324962517035,42.0,11.299304804407232,STATIC_CURRENT_SNAPSHOT,False
col_6f85f8cb1357503bae86559c4ab47194,2025-02,4.0,27865.5,0.029481032390156876,28525.5,2.0,0.5,0.5,0.5,True,True,5,10.963324962517035,42.0,11.299304804407232,STATIC_CURRENT_SNAPSHOT,False
col_6f85f8cb1357503bae86559c4ab47194,2025-03,4.0,18435.0,0.012244673841423238,18477.333333333332,1.0,0.25,0.25,0.25,True,True,5,10.963324962517035,42.0,11.299304804407232,STATIC_CURRENT_SNAPSHOT,False
col_6f85f8cb1357503bae86559c4ab47194,2025-04,4.0,,,,0.0,0.0,0.0,0.0,False,True,5,10.963324962517035,42.0,11.299304804407232,STATIC_CURRENT_SNAPSHOT,False
col_6f85f8cb1357503bae86559c4ab47194,2025-05,4.0,,,,0.0,0.0,0.0,0.0,False,True,5,10.963324962517035,42.0,11.299304804407232,STATIC_CURRENT_SNAPSHOT,False
col_6f85f8cb1357503bae86559c4ab47194,2025-06,4.0,29180.0,0.033801260967995024,28801.0,2.0,0.5,0.5,0.5,True,True,5,10.963324962517035,42.0,11.299304804407232,STATIC_CURRENT_SNAPSHOT,False
col_6f85f8cb1357503bae86559c4ab47194,2025-07,4.0,,,,0.0,0.0,0.0,0.0,False,True,5,10.963324962517035,42.0,11.299304804407232,STATIC_CURRENT_SNAPSHOT,False
col_6f85f8cb1357503bae86559c4ab47194,2025-08,4.0,29833.0,0.07352674627598121,28855.5,2.0,0.5,0.5,0.5,True,True,5,10.963324962517035,42.0,11.299304804407232,STATIC_CURRENT_SNAPSHOT,False
col_6f85f8cb1357503bae86559c4ab47194,2025-09,4.0,19379.0,-0.028524162823340686,19481.333333333332,1.0,0.25,0.25,0.25,True,True,5,10.963324962517035,42.0,11.299304804407232,STATIC_CURRENT_SNAPSHOT,False
col_6f85f8cb1357503bae86559c4ab47194,2025-10,4.0,,,,0.0,0.0,0.0,0.0,False,True,5,10.963324962517035,42.0,11.299304804407232,STATIC_CURRENT_SNAPSHOT,False
col_6f85f8cb1357503bae86559c4ab47194,2025-11,4.0,41456.0,,,1.0,0.25,0.0,0.0,True,True,5,10.963324962517035,42.0,11.299304804407232,STATIC_CURRENT_SNAPSHOT,False
col_6f85f8cb1357503bae86559c4ab47194,2025-12,4.0,28476.5,-0.09575404658014708,29283.333333333332,2.0,0.5,0.5,0.5,True,True,5,10.963324962517035,42.0,11.299304804407232,STATIC_CURRENT_SNAPSHOT,False
col_6f85f8cb1357503bae86559c4ab47194,2026-01,4.0,18569.0,-0.05592556815293101,19957.666666666668,1.0,0.25,0.25,0.25,True,True,5,10.963324962517035,42.0,11.299304804407232,STATIC_CURRENT_SNAPSHOT,False
col_6f85f8cb1357503bae86559c4ab47194,2026-02,4.0,55342.5,0.022370474645775316,34456.333333333336,2.0,0.5,0.25,0.25,True,True,5,10.963324962517035,42.0,11.299304804407232,STATIC_CURRENT_SNAPSHOT,False
col_6f85f8cb1357503bae86559c4ab47194,2026-03,4.0,26133.5,-0.00826394561174468,26055.0,2.0,0.5,0.5,0.5,True,True,5,10.963324962517035,42.0,11.299304804407232,STATIC_CURRENT_SNAPSHOT,False
col_6f85f8cb1357503bae86559c4ab47194,2026-04,4.0,20900.0,0.07698649902092136,19905.0,1.0,0.25,0.25,0.25,True,True,5,10.963324962517035,42.0,11.299304804407232,STATIC_CURRENT_SNAPSHOT,False
col_6f85f8cb1357503bae86559c4ab47194,2026-05,4.0,,,,0.0,0.0,0.0,0.0,False,True,5,10.963324962517035,42.0,11.299304804407232,STATIC_CURRENT_SNAPSHOT,False
col_6f85f8cb1357503bae86559c4ab47194,2026-06,4.0,27145.5,-0.007270025071481995,27726.166666666664,2.0,0.5,0.5,0.5,True,True,5,10.963324962517035,42.0,11.299304804407232,STATIC_CURRENT_SNAPSHOT,False
col_6f85f8cb1357503bae86559c4ab47194,2026-07,4.0,,,,0.0,0.0,0.0,0.0,False,True,5,10.963324962517035,42.0,11.299304804407232,STATIC_CURRENT_SNAPSHOT,False
col_6f85f8cb1357503bae86559c4ab47194,2026-08,4.0,18314.0,0.040745581633232934,18394.666666666668,1.0,0.25,0.25,0.25,True,True,5,10.963324962517035,42.0,11.299304804407232,STATIC_CURRENT_SNAPSHOT,False
col_76cd2cc2efb657e1a3779dc11ff63e1d,2023-01,5.0,,,,0.0,0.0,0.0,0.0,False,True,18,14.494433907914457,51.0,11.743124076454293,STATIC_CURRENT_SNAPSHOT,False
col_76cd2cc2efb657e1a3779dc11ff63e1d,2023-02,5.0,38061.0,,,1.0,0.2,0.0,0.0,True,True,18,14.494433907914457,51.0,11.743124076454293,STATIC_CURRENT_SNAPSHOT,False
col_76cd2cc2efb657e1a3779dc11ff63e1d,2023-03,5.0,25486.5,0.0863134055007068,,2.0,0.4,0.4,0.0,True,True,18,14.494433907914457,51.0,11.743124076454293,STATIC_CURRENT_SNAPSHOT,False
col_76cd2cc2efb657e1a3779dc11ff63e1d,2023-04,5.0,7625.0,0.2526696237884015,6613.333333333333,1.0,0.2,0.2,0.2,True,True,18,14.494433907914457,51.0,11.743124076454293,STATIC_CURRENT_SNAPSHOT,False
col_76cd2cc2efb657e1a3779dc11ff63e1d,2023-05,5.0,30971.000000000004,-0.06829893203006893,29531.333333333332,2.0,0.4,0.4,0.4,True,True,18,14.494433907914457,51.0,11.743124076454293,STATIC_CURRENT_SNAPSHOT,False
col_76cd2cc2efb657e1a3779dc11ff63e1d,2023-06,5.0,36930.5,0.2128869383886564,33346.0,2.0,0.4,0.4,0.4,True,True,18,14.494433907914457,51.0,11.743124076454293,STATIC_CURRENT_SNAPSHOT,False
col_76cd2cc2efb657e1a3779dc11ff63e1d,2023-07,5.0,5259.5,0.15036878420176064,8286.666666666666,2.0,0.4,0.2,0.2,True,True,18,14.494433907914457,51.0,11.743124076454293,STATIC_CURRENT_SNAPSHOT,False
col_76cd2cc2efb657e1a3779dc11ff63e1d,2023-08,5.0,5735.5,0.6659550806776755,9183.333333333334,2.0,0.4,0.4,0.2,True,True,18,14.494433907914457,51.0,11.743124076454293,STATIC_CURRENT_SNAPSHOT,False
col_76cd2cc2efb657e1a3779dc11ff63e1d,2023-09,5.0,6987.0,0.24631091137445035,5993.999999999999,2.0,0.4,0.4,0.4,True,True,18,14.494433907914457,51.0,11.743124076454293,STATIC_CURRENT_SNAPSHOT,False
col_76cd2cc2efb657e1a3779dc11ff63e1d,2023-10,5.0,7704.000000000001,0.21787116396686132,6808.833333333334,2.0,0.4,0.4,0.4,True,True,18,14.494433907914457,51.0,11.743124076454293,STATIC_CURRENT_SNAPSHOT,False
col_76cd2cc2efb657e1a3779dc11ff63e1d,2023-11,5.0,9035.0,1.505546311702718,5072.0,1.0,0.2,0.2,0.2,True,True,18,14.494433907914457,51.0,11.743124076454293,STATIC_CURRENT_SNAPSHOT,False
col_76cd2cc2efb657e1a3779dc11ff63e1d,2023-12,5.0,11760.500000000002,0.08778713650763892,10143.0,2.0,0.4,0.4,0.4,True,True,18,14.494433907914457,51.0,11.743124076454293,STATIC_CURRENT_SNAPSHOT,False
col_76cd2cc2efb657e1a3779dc11ff63e1d,2024-01,5.0,34993.75,-0.10534006460262756,34005.22222222221,4.0,0.8,0.6000000000000001,0.6000000000000001,True,True,18,14.494433907914457,51.0,11.743124076454293,STATIC_CURRENT_SNAPSHOT,False
col_76cd2cc2efb657e1a3779dc11ff63e1d,2024-02,5.0,,,,0.0,0.0,0.0,0.0,False,True,18,14.494433907914457,51.0,11.743124076454293,STATIC_CURRENT_SNAPSHOT,False
col_76cd2cc2efb657e1a3779dc11ff63e1d,2024-03,5.0,16076.0,0.09868780754510663,13850.666666666666,1.0,0.2,0.2,0.2,True,True,18,14.494433907914457,51.0,11.743124076454293,STATIC_CURRENT_SNAPSHOT,False
col_76cd2cc2efb657e1a3779dc11ff63e1d,2024-04,5.0,16585.5,0.06922170158879125,15349.500000000002,2.0,0.4,0.4,0.4,True,True,18,14.494433907914457,51.0,11.743124076454293,STATIC_CURRENT_SNAPSHOT,False
col_76cd2cc2efb657e1a3779dc11ff63e1d,2024-05,5.0,,,,0.0,0.0,0.0,0.0,False,True,18,14.494433907914457,51.0,11.743124076454293,STATIC_CURRENT_SNAPSHOT,False
col_76cd2cc2efb657e1a3779dc11ff63e1d,2024-06,5.0,,,,0.0,0.0,0.0,0.0,False,True,18,14.494433907914457,51.0,11.743124076454293,STATIC_CURRENT_SNAPSHOT,False
col_76cd2cc2efb657e1a3779dc11ff63e1d,2024-07,5.0,18809.0,-0.07206905077418475,19693.0,2.0,0.4,0.4,0.4,True,True,18,14.494433907914457,51.0,11.743124076454293,STATIC_CURRENT_SNAPSHOT,False
col_76cd2cc2efb657e1a3779dc11ff63e1d,2024-08,5.0,18249.0,-0.004527602007418721,18938.333333333332,1.0,0.2,0.2,0.2,True,True,18,14.494433907914457,51.0,11.743124076454293,STATIC_CURRENT_SNAPSHOT,False
col_76cd2cc2efb657e1a3779dc11ff63e1d,2024-09,5.0,19217.5,0.018601410403422138,18960.0,2.0,0.4,0.4,0.4,True,True,18,14.494433907914457,51.0,11.743124076454293,STATIC_CURRENT_SNAPSHOT,False
col_76cd2cc2efb657e1a3779dc11ff63e1d,2024-10,5.0,85826.20000000001,-0.03286261347105491,49126.49999999999,5.0,1.0,0.8,0.8,True,True,18,14.494433907914457,51.0,11.743124076454293,STATIC_CURRENT_SNAPSHOT,False
col_76cd2cc2efb657e1a3779dc11ff63e1d,2024-11,5.0,,,,0.0,0.0,0.0,0.0,False,True,18,14.494433907914457,51.0,11.743124076454293,STATIC_CURRENT_SNAPSHOT,False
col_76cd2cc2efb657e1a3779dc11ff63e1d,2024-12,5.0,19525.5,,,2.0,0.4,0.0,0.0,True,True,18,14.494433907914457,51.0,11.743124076454293,STATIC_CURRENT_SNAPSHOT,False
col_76cd2cc2efb657e1a3779dc11ff63e1d,2025-01,5.0,16574.5,-0.15397944033343014,,2.0,0.4,0.4,0.0,True,True,18,14.494433907914457,51.0,11.743124076454293,STATIC_CURRENT_SNAPSHOT,False
col_76cd2cc2efb657e1a3779dc11ff63e1d,2025-02,5.0,18212.0,-0.030503060952887944,19493.666666666668,1.0,0.2,0.2,0.2,True,True,18,14.494433907914457,51.0,11.743124076454293,STATIC_CURRENT_SNAPSHOT,False
col_76cd2cc2efb657e1a3779dc11ff63e1d,2025-03,5.0,18435.0,0.012244673841423238,18477.333333333332,1.0,0.2,0.2,0.2,True,True,18,14.494433907914457,51.0,11.743124076454293,STATIC_CURRENT_SNAPSHOT,False
col_76cd2cc2efb657e1a3779dc11ff63e1d,2025-04,5.0,16615.0,0.020577395577395578,16784.666666666668,1.0,0.2,0.2,0.2,True,True,18,14.494433907914457,51.0,11.743124076454293,STATIC_CURRENT_SNAPSHOT,False
col_76cd2cc2efb657e1a3779dc11ff63e1d,2025-05,5.0,16018.000000000002,-0.03593138730063196,16304.333333333334,1.0,0.2,0.2,0.2,True,True,18,14.494433907914457,51.0,11.743124076454293,STATIC_CURRENT_SNAPSHOT,False
col_76cd2cc2efb657e1a3779dc11ff63e1d,2025-06,5.0,18096.5,0.04540109474318394,17777.0,2.0,0.4,0.4,0.4,True,True,18,14.494433907914457,51.0,11.743124076454293,STATIC_CURRENT_SNAPSHOT,False
col_76cd2cc2efb657e1a3779dc11ff63e1d,2025-07,5.0,15500.0,-0.06923677415480695,16057.0,1.0,0.2,0.2,0.2,True,True,18,14.494433907914457,51.0,11.743124076454293,STATIC_CURRENT_SNAPSHOT,False
col_76cd2cc2efb657e1a3779dc11ff63e1d,2025-08,5.0,17345.0,-0.0027170311173807526,17583.333333333332,2.0,0.4,0.4,0.4,True,True,18,14.494433907914457,51.0,11.743124076454293,STATIC_CURRENT_SNAPSHOT,False
col_76cd2cc2efb657e1a3779dc11ff63e1d,2025-09,5.0,16524.0,-0.0506547011376234,17059.166666666664,2.0,0.4,0.4,0.4,True,True,18,14.494433907914457,51.0,11.743124076454293,STATIC_CURRENT_SNAPSHOT,False
col_76cd2cc2efb657e1a3779dc11ff63e1d,2025-10,5.0,13632.0,-0.0027068549272075497,14014.333333333334,1.0,0.2,0.2,0.2,True,True,18,14.494433907914457,51.0,11.743124076454293,STATIC_CURRENT_SNAPSHOT,False
col_76cd2cc2efb657e1a3779dc11ff63e1d,2025-11,5.0,,,,0.0,0.0,0.0,0.0,False,True,18,14.494433907914457,51.0,11.743124076454293,STATIC_CURRENT_SNAPSHOT,False
col_76cd2cc2efb657e1a3779dc11ff63e1d,2025-12,5.0,17123.0,-0.07243284612285644,17428.166666666664,2.0,0.4,0.4,0.4,True,True,18,14.494433907914457,51.0,11.743124076454293,STATIC_CURRENT_SNAPSHOT,False
col_76cd2cc2efb657e1a3779dc11ff63e1d,2026-01,5.0,15558.000000000002,-0.09759302349472715,17067.666666666668,2.0,0.4,0.4,0.4,True,True,18,14.494433907914457,51.0,11.743124076454293,STATIC_CURRENT_SNAPSHOT,False
col_76cd2cc2efb657e1a3779dc11ff63e1d,2026-02,5.0,45238.5,0.052044313381684866,13441.333333333334,2.0,0.4,0.2,0.2,True,True,18,14.494433907914457,51.0,11.743124076454293,STATIC_CURRENT_SNAPSHOT,False
col_76cd2cc2efb657e1a3779dc11ff63e1d,2026-03,5.0,16370.0,0.004998473841407531,16077.5,2.0,0.4,0.4,0.4,True,True,18,14.494433907914457,51.0,11.743124076454293,STATIC_CURRENT_SNAPSHOT,False
col_76cd2cc2efb657e1a3779dc11ff63e1d,2026-04,5.0,17919.5,0.09867774028592191,16864.666666666664,2.0,0.4,0.4,0.4,True,True,18,14.494433907914457,51.0,11.743124076454293,STATIC_CURRENT_SNAPSHOT,False
col_76cd2cc2efb657e1a3779dc11ff63e1d,2026-05,5.0,,,,0.0,0.0,0.0,0.0,False,True,18,14.494433907914457,51.0,11.743124076454293,STATIC_CURRENT_SNAPSHOT,False
col_76cd2cc2efb657e1a3779dc11ff63e1d,2026-06,5.0,19273.0,-0.006495180163925976,19857.333333333332,1.0,0.2,0.2,0.2,True,True,18,14.494433907914457,51.0,11.743124076454293,STATIC_CURRENT_SNAPSHOT,False
col_76cd2cc2efb657e1a3779dc11ff63e1d,2026-07,5.0,,,,0.0,0.0,0.0,0.0,False,True,18,14.494433907914457,51.0,11.743124076454293,STATIC_CURRENT_SNAPSHOT,False
col_76cd2cc2efb657e1a3779dc11ff63e1d,2026-08,5.0,16370.500000000002,0.04586998612513254,16204.0,2.0,0.4,0.4,0.4,True,True,18,14.494433907914457,51.0,11.743124076454293,STATIC_CURRENT_SNAPSHOT,False
col_76d47b3676925748aa9d3dee653c6562,2023-01,1.0,,,,0.0,0.0,0.0,0.0,False,True,1,7.075399838274231,1.0,5.247638899983456,STATIC_CURRENT_SNAPSHOT,False
col_76d47b3676925748aa9d3dee653c6562,2023-02,1.0,548.0,,,1.0,1.0,0.0,0.0,True,True,1,7.075399838274231,1.0,5.247638899983456,STATIC_CURRENT_SNAPSHOT,False
col_76d47b3676925748aa9d3dee653c6562,2023-03,1.0,1631.0,1.9762773722627738,,1.0,1.0,1.0,0.0,True,True,1,7.075399838274231,1.0,5.247638899983456,STATIC_CURRENT_SNAPSHOT,False
col_76d47b3676925748aa9d3dee653c6562,2023-04,1.0,2476.0,0.5180870631514408,1551.6666666666667,1.0,1.0,1.0,1.0,True,True,1,7.075399838274231,1.0,5.247638899983456,STATIC_CURRENT_SNAPSHOT,False
col_76d47b3676925748aa9d3dee653c6562,2023-05,1.0,2557.0,0.0327140549273021,2221.3333333333335,1.0,1.0,1.0,1.0,True,True,1,7.075399838274231,1.0,5.247638899983456,STATIC_CURRENT_SNAPSHOT,False
col_76d47b3676925748aa9d3dee653c6562,2023-06,1.0,3028.0,0.18420023464998045,2687.0,1.0,1.0,1.0,1.0,True,True,1,7.075399838274231,1.0,5.247638899983456,STATIC_CURRENT_SNAPSHOT,False
col_76d47b3676925748aa9d3dee653c6562,2023-07,1.0,3222.0,0.06406869220607662,2935.6666666666665,1.0,1.0,1.0,1.0,True,True,1,7.075399838274231,1.0,5.247638899983456,STATIC_CURRENT_SNAPSHOT,False
col_76d47b3676925748aa9d3dee653c6562,2023-08,1.0,3366.0,0.0446927374301676,3205.3333333333335,1.0,1.0,1.0,1.0,True,True,1,7.075399838274231,1.0,5.247638899983456,STATIC_CURRENT_SNAPSHOT,False
col_76d47b3676925748aa9d3dee653c6562,2023-09,1.0,3991.0,0.18568033273915627,3526.3333333333335,1.0,1.0,1.0,1.0,True,True,1,7.075399838274231,1.0,5.247638899983456,STATIC_CURRENT_SNAPSHOT,False
col_76d47b3676925748aa9d3dee653c6562,2023-10,1.0,4157.0,0.04159358556752694,3838.0,1.0,1.0,1.0,1.0,True,True,1,7.075399838274231,1.0,5.247638899983456,STATIC_CURRENT_SNAPSHOT,False
col_76d47b3676925748aa9d3dee653c6562,2023-11,1.0,4654.0,0.119557373105605,4267.333333333333,1.0,1.0,1.0,1.0,True,True,1,7.075399838274231,1.0,5.247638899983456,STATIC_CURRENT_SNAPSHOT,False
col_76d47b3676925748aa9d3dee653c6562,2023-12,1.0,4959.0,0.06553502363558229,4590.0,1.0,1.0,1.0,1.0,True,True,1,7.075399838274231,1.0,5.247638899983456,STATIC_CURRENT_SNAPSHOT,False
col_76d47b3676925748aa9d3dee653c6562,2024-01,1.0,4741.0,-0.043960475902399675,4784.666666666667,1.0,1.0,1.0,1.0,True,True,1,7.075399838274231,1.0,5.247638899983456,STATIC_CURRENT_SNAPSHOT,False
col_76d47b3676925748aa9d3dee653c6562,2024-02,1.0,6026.0,0.2710398650073824,5242.0,1.0,1.0,1.0,1.0,True,True,1,7.075399838274231,1.0,5.247638899983456,STATIC_CURRENT_SNAPSHOT,False
col_76d47b3676925748aa9d3dee653c6562,2024-03,1.0,7203.0,0.19532027879190175,5990.0,1.0,1.0,1.0,1.0,True,True,1,7.075399838274231,1.0,5.247638899983456,STATIC_CURRENT_SNAPSHOT,False
col_76d47b3676925748aa9d3dee653c6562,2024-04,1.0,7850.0,0.08982368457587117,7026.333333333333,1.0,1.0,1.0,1.0,True,True,1,7.075399838274231,1.0,5.247638899983456,STATIC_CURRENT_SNAPSHOT,False
col_76d47b3676925748aa9d3dee653c6562,2024-05,1.0,9354.0,0.1915923566878981,8135.666666666667,1.0,1.0,1.0,1.0,True,True,1,7.075399838274231,1.0,5.247638899983456,STATIC_CURRENT_SNAPSHOT,False
col_76d47b3676925748aa9d3dee653c6562,2024-06,1.0,9113.0,-0.025764378875347445,8772.333333333334,1.0,1.0,1.0,1.0,True,True,1,7.075399838274231,1.0,5.247638899983456,STATIC_CURRENT_SNAPSHOT,False
col_76d47b3676925748aa9d3dee653c6562,2024-07,1.0,8334.0,-0.08548227806430374,8933.666666666666,1.0,1.0,1.0,1.0,True,True,1,7.075399838274231,1.0,5.247638899983456,STATIC_CURRENT_SNAPSHOT,False
col_76d47b3676925748aa9d3dee653c6562,2024-08,1.0,,,,0.0,0.0,0.0,0.0,False,True,1,7.075399838274231,1.0,5.247638899983456,STATIC_CURRENT_SNAPSHOT,False
col_76d47b3676925748aa9d3dee653c6562,2024-09,1.0,8667.0,0.03350822799904603,8462.333333333334,1.0,1.0,1.0,1.0,True,True,1,7.075399838274231,1.0,5.247638899983456,STATIC_CURRENT_SNAPSHOT,False
col_76d47b3676925748aa9d3dee653c6562,2024-10,1.0,8215.0,-0.05215184031383408,8422.666666666666,1.0,1.0,1.0,1.0,True,True,1,7.075399838274231,1.0,5.247638899983456,STATIC_CURRENT_SNAPSHOT,False
col_76d47b3676925748aa9d3dee653c6562,2024-11,1.0,,,,0.0,0.0,0.0,0.0,False,True,1,7.075399838274231,1.0,5.247638899983456,STATIC_CURRENT_SNAPSHOT,False
col_76d47b3676925748aa9d3dee653c6562,2024-12,1.0,8196.0,,,1.0,1.0,0.0,0.0,True,True,1,7.075399838274231,1.0,5.247638899983456,STATIC_CURRENT_SNAPSHOT,False
col_76d47b3676925748aa9d3dee653c6562,2025-01,1.0,,,,0.0,0.0,0.0,0.0,False,True,1,7.075399838274231,1.0,5.247638899983456,STATIC_CURRENT_SNAPSHOT,False
col_76d47b3676925748aa9d3dee653c6562,2025-02,1.0,8058.0,0.1012710127101271,7857.0,1.0,1.0,1.0,1.0,True,True,1,7.075399838274231,1.0,5.247638899983456,STATIC_CURRENT_SNAPSHOT,False
col_76d47b3676925748aa9d3dee653c6562,2025-03,1.0,,,,0.0,0.0,0.0,0.0,False,True,1,7.075399838274231,1.0,5.247638899983456,STATIC_CURRENT_SNAPSHOT,False
col_76d47b3676925748aa9d3dee653c6562,2025-04,1.0,7459.0,0.004443845946673849,7647.666666666667,1.0,1.0,1.0,1.0,True,True,1,7.075399838274231,1.0,5.247638899983456,STATIC_CURRENT_SNAPSHOT,False
col_76d47b3676925748aa9d3dee653c6562,2025-05,1.0,7125.0,-0.044778120391473386,7336.666666666667,1.0,1.0,1.0,1.0,True,True,1,7.075399838274231,1.0,5.247638899983456,STATIC_CURRENT_SNAPSHOT,False
col_76d47b3676925748aa9d3dee653c6562,2025-06,1.0,7805.0,0.09543859649122807,7463.0,1.0,1.0,1.0,1.0,True,True,1,7.075399838274231,1.0,5.247638899983456,STATIC_CURRENT_SNAPSHOT,False
col_76d47b3676925748aa9d3dee653c6562,2025-07,1.0,7330.0,-0.060858424087123636,7420.0,1.0,1.0,1.0,1.0,True,True,1,7.075399838274231,1.0,5.247638899983456,STATIC_CURRENT_SNAPSHOT,False
col_76d47b3676925748aa9d3dee653c6562,2025-08,1.0,7791.0,0.06289222373806276,7642.0,1.0,1.0,1.0,1.0,True,True,1,7.075399838274231,1.0,5.247638899983456,STATIC_CURRENT_SNAPSHOT,False
col_76d47b3676925748aa9d3dee653c6562,2025-09,1.0,7191.0,-0.07701193685021178,7437.333333333333,1.0,1.0,1.0,1.0,True,True,1,7.075399838274231,1.0,5.247638899983456,STATIC_CURRENT_SNAPSHOT,False
col_76d47b3676925748aa9d3dee653c6562,2025-10,1.0,7161.0,-0.004171881518564873,7381.0,1.0,1.0,1.0,1.0,True,True,1,7.075399838274231,1.0,5.247638899983456,STATIC_CURRENT_SNAPSHOT,False
col_76d47b3676925748aa9d3dee653c6562,2025-11,1.0,7817.0,0.09160731741376903,7389.666666666667,1.0,1.0,1.0,1.0,True,True,1,7.075399838274231,1.0,5.247638899983456,STATIC_CURRENT_SNAPSHOT,False
col_76d47b3676925748aa9d3dee653c6562,2025-12,1.0,7087.0,-0.09338620954330305,7355.0,1.0,1.0,1.0,1.0,True,True,1,7.075399838274231,1.0,5.247638899983456,STATIC_CURRENT_SNAPSHOT,False
col_76d47b3676925748aa9d3dee653c6562,2026-01,1.0,6630.0,-0.06448426696768732,7178.0,1.0,1.0,1.0,1.0,True,True,1,7.075399838274231,1.0,5.247638899983456,STATIC_CURRENT_SNAPSHOT,False
col_76d47b3676925748aa9d3dee653c6562,2026-02,1.0,7368.0,0.11131221719457013,7028.333333333333,1.0,1.0,1.0,1.0,True,True,1,7.075399838274231,1.0,5.247638899983456,STATIC_CURRENT_SNAPSHOT,False
col_76d47b3676925748aa9d3dee653c6562,2026-03,1.0,7153.0,-0.029180238870792616,7050.333333333333,1.0,1.0,1.0,1.0,True,True,1,7.075399838274231,1.0,5.247638899983456,STATIC_CURRENT_SNAPSHOT,False
col_76d47b3676925748aa9d3dee653c6562,2026-04,1.0,8059.0,0.12666014259751154,7526.666666666667,1.0,1.0,1.0,1.0,True,True,1,7.075399838274231,1.0,5.247638899983456,STATIC_CURRENT_SNAPSHOT,False
col_76d47b3676925748aa9d3dee653c6562,2026-05,1.0,,,,0.0,0.0,0.0,0.0,False,True,1,7.075399838274231,1.0,5.247638899983456,STATIC_CURRENT_SNAPSHOT,False
col_76d47b3676925748aa9d3dee653c6562,2026-06,1.0,7811.0,0.08742865098148406,7684.333333333333,1.0,1.0,1.0,1.0,True,True,1,7.075399838274231,1.0,5.247638899983456,STATIC_CURRENT_SNAPSHOT,False
col_76d47b3676925748aa9d3dee653c6562,2026-07,1.0,,,,0.0,0.0,0.0,0.0,False,True,1,7.075399838274231,1.0,5.247638899983456,STATIC_CURRENT_SNAPSHOT,False
col_76d47b3676925748aa9d3dee653c6562,2026-08,1.0,7638.0,-0.022023047375160053,7753.0,1.0,1.0,1.0,1.0,True,True,1,7.075399838274231,1.0,5.247638899983456,STATIC_CURRENT_SNAPSHOT,False
col_77126fcee0bf5162978113f718dc8420,2023-01,2.0,,,,0.0,0.0,0.0,0.0,False,True,5,13.436225185475157,32.0,13.58211552555048,STATIC_CURRENT_SNAPSHOT,False
col_77126fcee0bf5162978113f718dc8420,2023-02,2.0,27443.0,,,1.0,0.5,0.0,0.0,True,True,5,13.436225185475157,32.0,13.58211552555048,STATIC_CURRENT_SNAPSHOT,False
col_77126fcee0bf5162978113f718dc8420,2023-03,2.0,29744.0,0.083846518237802,,1.0,0.5,0.5,0.0,True,True,5,13.436225185475157,32.0,13.58211552555048,STATIC_CURRENT_SNAPSHOT,False
col_77126fcee0bf5162978113f718dc8420,2023-04,2.0,45178.0,0.5188945669714901,34121.666666666664,1.0,0.5,0.5,0.5,True,True,5,13.436225185475157,32.0,13.58211552555048,STATIC_CURRENT_SNAPSHOT,False
col_77126fcee0bf5162978113f718dc8420,2023-05,2.0,,,,0.0,0.0,0.0,0.0,False,True,5,13.436225185475157,32.0,13.58211552555048,STATIC_CURRENT_SNAPSHOT,False
col_77126fcee0bf5162978113f718dc8420,2023-06,2.0,,,,0.0,0.0,0.0,0.0,False,True,5,13.436225185475157,32.0,13.58211552555048,STATIC_CURRENT_SNAPSHOT,False
col_77126fcee0bf5162978113f718dc8420,2023-07,2.0,,,,0.0,0.0,0.0,0.0,False,True,5,13.436225185475157,32.0,13.58211552555048,STATIC_CURRENT_SNAPSHOT,False
col_77126fcee0bf5162978113f718dc8420,2023-08,2.0,55534.0,-0.059463121348124315,57203.666666666664,1.0,0.5,0.5,0.5,True,True,5,13.436225185475157,32.0,13.58211552555048,STATIC_CURRENT_SNAPSHOT,False
col_77126fcee0bf5162978113f718dc8420,2023-09,2.0,,,,0.0,0.0,0.0,0.0,False,True,5,13.436225185475157,32.0,13.58211552555048,STATIC_CURRENT_SNAPSHOT,False
col_77126fcee0bf5162978113f718dc8420,2023-10,2.0,,,,0.0,0.0,0.0,0.0,False,True,5,13.436225185475157,32.0,13.58211552555048,STATIC_CURRENT_SNAPSHOT,False
col_77126fcee0bf5162978113f718dc8420,2023-11,2.0,,,,0.0,0.0,0.0,0.0,False,True,5,13.436225185475157,32.0,13.58211552555048,STATIC_CURRENT_SNAPSHOT,False
col_77126fcee0bf5162978113f718dc8420,2023-12,2.0,75022.0,-0.001211507994621437,72609.33333333333,1.0,0.5,0.5,0.5,True,True,5,13.436225185475157,32.0,13.58211552555048,STATIC_CURRENT_SNAPSHOT,False
col_77126fcee0bf5162978113f718dc8420,2024-01,2.0,,,,0.0,0.0,0.0,0.0,False,True,5,13.436225185475157,32.0,13.58211552555048,STATIC_CURRENT_SNAPSHOT,False
col_77126fcee0bf5162978113f718dc8420,2024-02,2.0,,,,0.0,0.0,0.0,0.0,False,True,5,13.436225185475157,32.0,13.58211552555048,STATIC_CURRENT_SNAPSHOT,False
col_77126fcee0bf5162978113f718dc8420,2024-03,2.0,,,,0.0,0.0,0.0,0.0,False,True,5,13.436225185475157,32.0,13.58211552555048,STATIC_CURRENT_SNAPSHOT,False
col_77126fcee0bf5162978113f718dc8420,2024-04,2.0,,,,0.0,0.0,0.0,0.0,False,True,5,13.436225185475157,32.0,13.58211552555048,STATIC_CURRENT_SNAPSHOT,False
col_77126fcee0bf5162978113f718dc8420,2024-05,2.0,,,,0.0,0.0,0.0,0.0,False,True,5,13.436225185475157,32.0,13.58211552555048,STATIC_CURRENT_SNAPSHOT,False
col_77126fcee0bf5162978113f718dc8420,2024-06,2.0,,,,0.0,0.0,0.0,0.0,False,True,5,13.436225185475157,32.0,13.58211552555048,STATIC_CURRENT_SNAPSHOT,False
col_77126fcee0bf5162978113f718dc8420,2024-07,2.0,,,,0.0,0.0,0.0,0.0,False,True,5,13.436225185475157,32.0,13.58211552555048,STATIC_CURRENT_SNAPSHOT,False
col_77126fcee0bf5162978113f718dc8420,2024-08,2.0,,,,0.0,0.0,0.0,0.0,False,True,5,13.436225185475157,32.0,13.58211552555048,STATIC_CURRENT_SNAPSHOT,False
col_77126fcee0bf5162978113f718dc8420,2024-09,2.0,,,,0.0,0.0,0.0,0.0,False,True,5,13.436225185475157,32.0,13.58211552555048,STATIC_CURRENT_SNAPSHOT,False
col_77126fcee0bf5162978113f718dc8420,2024-10,2.0,,,,0.0,0.0,0.0,0.0,False,True,5,13.436225185475157,32.0,13.58211552555048,STATIC_CURRENT_SNAPSHOT,False
col_77126fcee0bf5162978113f718dc8420,2024-11,2.0,,,,0.0,0.0,0.0,0.0,False,True,5,13.436225185475157,32.0,13.58211552555048,STATIC_CURRENT_SNAPSHOT,False
col_77126fcee0bf5162978113f718dc8420,2024-12,2.0,,,,0.0,0.0,0.0,0.0,False,True,5,13.436225185475157,32.0,13.58211552555048,STATIC_CURRENT_SNAPSHOT,False
col_77126fcee0bf5162978113f718dc8420,2025-01,2.0,74652.0,-0.15315417512733542,,1.0,0.5,0.5,0.0,True,True,5,13.436225185475157,32.0,13.58211552555048,STATIC_CURRENT_SNAPSHOT,False
col_77126fcee0bf5162978113f718dc8420,2025-02,2.0,,,,0.0,0.0,0.0,0.0,False,True,5,13.436225185475157,32.0,13.58211552555048,STATIC_CURRENT_SNAPSHOT,False
col_77126fcee0bf5162978113f718dc8420,2025-03,2.0,,,,0.0,0.0,0.0,0.0,False,True,5,13.436225185475157,32.0,13.58211552555048,STATIC_CURRENT_SNAPSHOT,False
col_77126fcee0bf5162978113f718dc8420,2025-04,2.0,,,,0.0,0.0,0.0,0.0,False,True,5,13.436225185475157,32.0,13.58211552555048,STATIC_CURRENT_SNAPSHOT,False
col_77126fcee0bf5162978113f718dc8420,2025-05,2.0,,,,0.0,0.0,0.0,0.0,False,True,5,13.436225185475157,32.0,13.58211552555048,STATIC_CURRENT_SNAPSHOT,False
col_77126fcee0bf5162978113f718dc8420,2025-06,2.0,,,,0.0,0.0,0.0,0.0,False,True,5,13.436225185475157,32.0,13.58211552555048,STATIC_CURRENT_SNAPSHOT,False
col_77126fcee0bf5162978113f718dc8420,2025-07,2.0,,,,0.0,0.0,0.0,0.0,False,True,5,13.436225185475157,32.0,13.58211552555048,STATIC_CURRENT_SNAPSHOT,False
col_77126fcee0bf5162978113f718dc8420,2025-08,2.0,76583.0,0.08819768102762306,75566.66666666667,1.0,0.5,0.5,0.5,True,True,5,13.436225185475157,32.0,13.58211552555048,STATIC_CURRENT_SNAPSHOT,False
col_77126fcee0bf5162978113f718dc8420,2025-09,2.0,,,,0.0,0.0,0.0,0.0,False,True,5,13.436225185475157,32.0,13.58211552555048,STATIC_CURRENT_SNAPSHOT,False
col_77126fcee0bf5162978113f718dc8420,2025-10,2.0,,,,0.0,0.0,0.0,0.0,False,True,5,13.436225185475157,32.0,13.58211552555048,STATIC_CURRENT_SNAPSHOT,False
col_77126fcee0bf5162978113f718dc8420,2025-11,2.0,,,,0.0,0.0,0.0,0.0,False,True,5,13.436225185475157,32.0,13.58211552555048,STATIC_CURRENT_SNAPSHOT,False
col_77126fcee0bf5162978113f718dc8420,2025-12,2.0,73215.0,-0.0805139024941602,75458.33333333333,1.0,0.5,0.5,0.5,True,True,5,13.436225185475157,32.0,13.58211552555048,STATIC_CURRENT_SNAPSHOT,False
col_77126fcee0bf5162978113f718dc8420,2026-01,2.0,,,,0.0,0.0,0.0,0.0,False,True,5,13.436225185475157,32.0,13.58211552555048,STATIC_CURRENT_SNAPSHOT,False
col_77126fcee0bf5162978113f718dc8420,2026-02,2.0,70194.0,0.0784145029958519,69499.66666666667,1.0,0.5,0.5,0.5,True,True,5,13.436225185475157,32.0,13.58211552555048,STATIC_CURRENT_SNAPSHOT,False
col_77126fcee0bf5162978113f718dc8420,2026-03,2.0,,,,0.0,0.0,0.0,0.0,False,True,5,13.436225185475157,32.0,13.58211552555048,STATIC_CURRENT_SNAPSHOT,False
col_77126fcee0bf5162978113f718dc8420,2026-04,2.0,,,,0.0,0.0,0.0,0.0,False,True,5,13.436225185475157,32.0,13.58211552555048,STATIC_CURRENT_SNAPSHOT,False
col_77126fcee0bf5162978113f718dc8420,2026-05,2.0,,,,0.0,0.0,0.0,0.0,False,True,5,13.436225185475157,32.0,13.58211552555048,STATIC_CURRENT_SNAPSHOT,False
col_77126fcee0bf5162978113f718dc8420,2026-06,2.0,,,,0.0,0.0,0.0,0.0,False,True,5,13.436225185475157,32.0,13.58211552555048,STATIC_CURRENT_SNAPSHOT,False
col_77126fcee0bf5162978113f718dc8420,2026-07,2.0,,,,0.0,0.0,0.0,0.0,False,True,5,13.436225185475157,32.0,13.58211552555048,STATIC_CURRENT_SNAPSHOT,False
col_77126fcee0bf5162978113f718dc8420,2026-08,2.0,,,,0.0,0.0,0.0,0.0,False,True,5,13.436225185475157,32.0,13.58211552555048,STATIC_CURRENT_SNAPSHOT,False
col_7d88ca5b0c8d519c962986381a6c0a11,2023-01,3.0,,,,0.0,0.0,0.0,0.0,False,True,9,9.557645298528387,20.0,9.165557457720135,STATIC_CURRENT_SNAPSHOT,False
col_7d88ca5b0c8d519c962986381a6c0a11,2023-02,3.0,11930.0,,,3.0,1.0,0.0,0.0,True,True,9,9.557645298528387,20.0,9.165557457720135,STATIC_CURRENT_SNAPSHOT,False
col_7d88ca5b0c8d519c962986381a6c0a11,2023-03,3.0,3949.9999999999995,0.03482290666242101,,2.0,0.6666666666666666,0.6666666666666666,0.0,True,True,9,9.557645298528387,20.0,9.165557457720135,STATIC_CURRENT_SNAPSHOT,False
col_7d88ca5b0c8d519c962986381a6c0a11,2023-04,3.0,,,,0.0,0.0,0.0,0.0,False,True,9,9.557645298528387,20.0,9.165557457720135,STATIC_CURRENT_SNAPSHOT,False
col_7d88ca5b0c8d519c962986381a6c0a11,2023-05,3.0,5407.0,0.09190853282041242,4745.5,2.0,0.6666666666666666,0.6666666666666666,0.6666666666666666,True,True,9,9.557645298528387,20.0,9.165557457720135,STATIC_CURRENT_SNAPSHOT,False
col_7d88ca5b0c8d519c962986381a6c0a11,2023-06,3.0,4819.0,0.2227860948997716,4218.666666666667,1.0,0.3333333333333333,0.3333333333333333,0.3333333333333333,True,True,9,9.557645298528387,20.0,9.165557457720135,STATIC_CURRENT_SNAPSHOT,False
col_7d88ca5b0c8d519c962986381a6c0a11,2023-07,3.0,6875.0,0.037363119700048394,6309.333333333333,2.0,0.6666666666666666,0.6666666666666666,0.6666666666666666,True,True,9,9.557645298528387,20.0,9.165557457720135,STATIC_CURRENT_SNAPSHOT,False
col_7d88ca5b0c8d519c962986381a6c0a11,2023-08,3.0,6864.5,-0.0043638329350176395,6795.166666666667,2.0,0.6666666666666666,0.6666666666666666,0.6666666666666666,True,True,9,9.557645298528387,20.0,9.165557457720135,STATIC_CURRENT_SNAPSHOT,False
col_7d88ca5b0c8d519c962986381a6c0a11,2023-09,3.0,7740.999999999999,0.11700168115778288,7160.166666666667,2.0,0.6666666666666666,0.6666666666666666,0.6666666666666666,True,True,9,9.557645298528387,20.0,9.165557457720135,STATIC_CURRENT_SNAPSHOT,False
col_7d88ca5b0c8d519c962986381a6c0a11,2023-10,3.0,8259.5,0.07520945462772606,7621.666666666667,2.0,0.6666666666666666,0.6666666666666666,0.6666666666666666,True,True,9,9.557645298528387,20.0,9.165557457720135,STATIC_CURRENT_SNAPSHOT,False
col_7d88ca5b0c8d519c962986381a6c0a11,2023-11,3.0,23984.0,0.1300125558529996,22237.0,3.0,1.0,1.0,1.0,True,True,9,9.557645298528387,20.0,9.165557457720135,STATIC_CURRENT_SNAPSHOT,False
col_7d88ca5b0c8d519c962986381a6c0a11,2023-12,3.0,6438.999999999999,-0.035789158430667864,6342.333333333333,1.0,0.3333333333333333,0.3333333333333333,0.3333333333333333,True,True,9,9.557645298528387,20.0,9.165557457720135,STATIC_CURRENT_SNAPSHOT,False
col_7d88ca5b0c8d519c962986381a6c0a11,2024-01,3.0,7796.499999999999,-0.16910260107961614,8885.333333333332,2.0,0.6666666666666666,0.6666666666666666,0.6666666666666666,True,True,9,9.557645298528387,20.0,9.165557457720135,STATIC_CURRENT_SNAPSHOT,False
col_7d88ca5b0c8d519c962986381a6c0a11,2024-02,3.0,7133.0,0.3030690537084399,6348.666666666667,1.0,0.3333333333333333,0.3333333333333333,0.3333333333333333,True,True,9,9.557645298528387,20.0,9.165557457720135,STATIC_CURRENT_SNAPSHOT,False
col_7d88ca5b0c8d519c962986381a6c0a11,2024-03,3.0,,,,0.0,0.0,0.0,0.0,False,True,9,9.557645298528387,20.0,9.165557457720135,STATIC_CURRENT_SNAPSHOT,False
col_7d88ca5b0c8d519c962986381a6c0a11,2024-04,3.0,7782.999999999999,0.03359893758300133,7482.0,1.0,0.3333333333333333,0.3333333333333333,0.3333333333333333,True,True,9,9.557645298528387,20.0,9.165557457720135,STATIC_CURRENT_SNAPSHOT,False
col_7d88ca5b0c8d519c962986381a6c0a11,2024-05,3.0,8741.0,0.12308878324553514,8018.0,1.0,0.3333333333333333,0.3333333333333333,0.3333333333333333,True,True,9,9.557645298528387,20.0,9.165557457720135,STATIC_CURRENT_SNAPSHOT,False
col_7d88ca5b0c8d519c962986381a6c0a11,2024-06,3.0,,,,0.0,0.0,0.0,0.0,False,True,9,9.557645298528387,20.0,9.165557457720135,STATIC_CURRENT_SNAPSHOT,False
col_7d88ca5b0c8d519c962986381a6c0a11,2024-07,3.0,28696.333333333332,-0.08750151880630247,30383.11111111111,3.0,1.0,1.0,1.0,True,True,9,9.557645298528387,20.0,9.165557457720135,STATIC_CURRENT_SNAPSHOT,False
col_7d88ca5b0c8d519c962986381a6c0a11,2024-08,3.0,,,,0.0,0.0,0.0,0.0,False,True,9,9.557645298528387,20.0,9.165557457720135,STATIC_CURRENT_SNAPSHOT,False
col_7d88ca5b0c8d519c962986381a6c0a11,2024-09,3.0,8295.0,0.0061863173216885,8336.666666666666,1.0,0.3333333333333333,0.3333333333333333,0.3333333333333333,True,True,9,9.557645298528387,20.0,9.165557457720135,STATIC_CURRENT_SNAPSHOT,False
col_7d88ca5b0c8d519c962986381a6c0a11,2024-10,3.0,26749.33333333333,-0.041379322615041285,27731.777777777777,3.0,1.0,1.0,1.0,True,True,9,9.557645298528387,20.0,9.165557457720135,STATIC_CURRENT_SNAPSHOT,False
col_7d88ca5b0c8d519c962986381a6c0a11,2024-11,3.0,,,,0.0,0.0,0.0,0.0,False,True,9,9.557645298528387,20.0,9.165557457720135,STATIC_CURRENT_SNAPSHOT,False
col_7d88ca5b0c8d519c962986381a6c0a11,2024-12,3.0,12207.0,,,2.0,0.6666666666666666,0.0,0.0,True,True,9,9.557645298528387,20.0,9.165557457720135,STATIC_CURRENT_SNAPSHOT,False
col_7d88ca5b0c8d519c962986381a6c0a11,2025-01,3.0,10255.5,-0.16750507561645997,,2.0,0.6666666666666666,0.6666666666666666,0.0,True,True,9,9.557645298528387,20.0,9.165557457720135,STATIC_CURRENT_SNAPSHOT,False
col_7d88ca5b0c8d519c962986381a6c0a11,2025-02,3.0,8473.0,0.21320160366552118,8040.0,1.0,0.3333333333333333,0.3333333333333333,0.3333333333333333,True,True,9,9.557645298528387,20.0,9.165557457720135,STATIC_CURRENT_SNAPSHOT,False
col_7d88ca5b0c8d519c962986381a6c0a11,2025-03,3.0,11164.999999999998,-0.055003478233663396,11055.833333333332,2.0,0.6666666666666666,0.6666666666666666,0.6666666666666666,True,True,9,9.557645298528387,20.0,9.165557457720135,STATIC_CURRENT_SNAPSHOT,False
col_7d88ca5b0c8d519c962986381a6c0a11,2025-04,3.0,8368.0,0.06721081494707308,8227.333333333334,1.0,0.3333333333333333,0.3333333333333333,0.3333333333333333,True,True,9,9.557645298528387,20.0,9.165557457720135,STATIC_CURRENT_SNAPSHOT,False
col_7d88ca5b0c8d519c962986381a6c0a11,2025-05,3.0,,,,0.0,0.0,0.0,0.0,False,True,9,9.557645298528387,20.0,9.165557457720135,STATIC_CURRENT_SNAPSHOT,False
col_7d88ca5b0c8d519c962986381a6c0a11,2025-06,3.0,11012.0,0.040540398191153966,10956.166666666666,2.0,0.6666666666666666,0.6666666666666666,0.6666666666666666,True,True,9,9.557645298528387,20.0,9.165557457720135,STATIC_CURRENT_SNAPSHOT,False
col_7d88ca5b0c8d519c962986381a6c0a11,2025-07,3.0,28649.0,-0.13562349676520222,31633.16666666666,2.0,0.6666666666666666,0.6666666666666666,0.6666666666666666,True,True,9,9.557645298528387,20.0,9.165557457720135,STATIC_CURRENT_SNAPSHOT,False
col_7d88ca5b0c8d519c962986381a6c0a11,2025-08,3.0,23429.333333333332,0.07061836899159205,23415.55555555555,3.0,1.0,1.0,1.0,True,True,9,9.557645298528387,20.0,9.165557457720135,STATIC_CURRENT_SNAPSHOT,False
col_7d88ca5b0c8d519c962986381a6c0a11,2025-09,3.0,10284.499999999998,-0.03415608682915964,10298.666666666666,2.0,0.6666666666666666,0.6666666666666666,0.6666666666666666,True,True,9,9.557645298528387,20.0,9.165557457720135,STATIC_CURRENT_SNAPSHOT,False
col_7d88ca5b0c8d519c962986381a6c0a11,2025-10,3.0,7713.999999999999,0.03238758029978587,7608.333333333333,1.0,0.3333333333333333,0.3333333333333333,0.3333333333333333,True,True,9,9.557645298528387,20.0,9.165557457720135,STATIC_CURRENT_SNAPSHOT,False
col_7d88ca5b0c8d519c962986381a6c0a11,2025-11,3.0,,,,0.0,0.0,0.0,0.0,False,True,9,9.557645298528387,20.0,9.165557457720135,STATIC_CURRENT_SNAPSHOT,False
col_7d88ca5b0c8d519c962986381a6c0a11,2025-12,3.0,,,,0.0,0.0,0.0,0.0,False,True,9,9.557645298528387,20.0,9.165557457720135,STATIC_CURRENT_SNAPSHOT,False
col_7d88ca5b0c8d519c962986381a6c0a11,2026-01,3.0,9285.5,-0.09576237379704261,10448.666666666666,2.0,0.6666666666666666,0.6666666666666666,0.6666666666666666,True,True,9,9.557645298528387,20.0,9.165557457720135,STATIC_CURRENT_SNAPSHOT,False
col_7d88ca5b0c8d519c962986381a6c0a11,2026-02,3.0,,,,0.0,0.0,0.0,0.0,False,True,9,9.557645298528387,20.0,9.165557457720135,STATIC_CURRENT_SNAPSHOT,False
col_7d88ca5b0c8d519c962986381a6c0a11,2026-03,3.0,,,,0.0,0.0,0.0,0.0,False,True,9,9.557645298528387,20.0,9.165557457720135,STATIC_CURRENT_SNAPSHOT,False
col_7d88ca5b0c8d519c962986381a6c0a11,2026-04,3.0,7662.0,-0.03586258965647414,7829.666666666666,1.0,0.3333333333333333,0.3333333333333333,0.3333333333333333,True,True,9,9.557645298528387,20.0,9.165557457720135,STATIC_CURRENT_SNAPSHOT,False
col_7d88ca5b0c8d519c962986381a6c0a11,2026-05,3.0,9343.0,-0.04449080843680467,9724.833333333334,2.0,0.6666666666666666,0.6666666666666666,0.6666666666666666,True,True,9,9.557645298528387,20.0,9.165557457720135,STATIC_CURRENT_SNAPSHOT,False
col_7d88ca5b0c8d519c962986381a6c0a11,2026-06,3.0,22381.0,0.009174398952012486,22495.888888888887,3.0,1.0,1.0,1.0,True,True,9,9.557645298528387,20.0,9.165557457720135,STATIC_CURRENT_SNAPSHOT,False
col_7d88ca5b0c8d519c962986381a6c0a11,2026-07,3.0,6869.0,-0.11069394096323149,7460.666666666666,1.0,0.3333333333333333,0.3333333333333333,0.3333333333333333,True,True,9,9.557645298528387,20.0,9.165557457720135,STATIC_CURRENT_SNAPSHOT,False
col_7d88ca5b0c8d519c962986381a6c0a11,2026-08,3.0,21777.333333333336,0.1293862911488498,21260.111111111113,3.0,1.0,1.0,1.0,True,True,9,9.557645298528387,20.0,9.165557457720135,STATIC_CURRENT_SNAPSHOT,False
col_7f4389bc274355ffaf821a5f6d5a33f1,2023-01,,,,,,,,,False,False,2,,,,STATIC_CURRENT_SNAPSHOT,False
col_7f4389bc274355ffaf821a5f6d5a33f1,2023-02,,,,,,,,,False,False,2,,,,STATIC_CURRENT_SNAPSHOT,False
col_7f4389bc274355ffaf821a5f6d5a33f1,2023-03,,,,,,,,,False,False,2,,,,STATIC_CURRENT_SNAPSHOT,False
col_7f4389bc274355ffaf821a5f6d5a33f1,2023-04,,,,,,,,,False,False,2,,,,STATIC_CURRENT_SNAPSHOT,False
col_7f4389bc274355ffaf821a5f6d5a33f1,2023-05,,,,,,,,,False,False,2,,,,STATIC_CURRENT_SNAPSHOT,False
col_7f4389bc274355ffaf821a5f6d5a33f1,2023-06,,,,,,,,,False,False,2,,,,STATIC_CURRENT_SNAPSHOT,False
col_7f4389bc274355ffaf821a5f6d5a33f1,2023-07,,,,,,,,,False,False,2,,,,STATIC_CURRENT_SNAPSHOT,False
col_7f4389bc274355ffaf821a5f6d5a33f1,2023-08,,,,,,,,,False,False,2,,,,STATIC_CURRENT_SNAPSHOT,False
col_7f4389bc274355ffaf821a5f6d5a33f1,2023-09,,,,,,,,,False,False,2,,,,STATIC_CURRENT_SNAPSHOT,False
col_7f4389bc274355ffaf821a5f6d5a33f1,2023-10,,,,,,,,,False,False,2,,,,STATIC_CURRENT_SNAPSHOT,False
col_7f4389bc274355ffaf821a5f6d5a33f1,2023-11,,,,,,,,,False,False,2,,,,STATIC_CURRENT_SNAPSHOT,False
col_7f4389bc274355ffaf821a5f6d5a33f1,2023-12,,,,,,,,,False,False,2,,,,STATIC_CURRENT_SNAPSHOT,False
col_7f4389bc274355ffaf821a5f6d5a33f1,2024-01,,,,,,,,,False,False,2,,,,STATIC_CURRENT_SNAPSHOT,False
col_7f4389bc274355ffaf821a5f6d5a33f1,2024-02,,,,,,,,,False,False,2,,,,STATIC_CURRENT_SNAPSHOT,False
col_7f4389bc274355ffaf821a5f6d5a33f1,2024-03,,,,,,,,,False,False,2,,,,STATIC_CURRENT_SNAPSHOT,False
col_7f4389bc274355ffaf821a5f6d5a33f1,2024-04,,,,,,,,,False,False,2,,,,STATIC_CURRENT_SNAPSHOT,False
col_7f4389bc274355ffaf821a5f6d5a33f1,2024-05,,,,,,,,,False,False,2,,,,STATIC_CURRENT_SNAPSHOT,False
col_7f4389bc274355ffaf821a5f6d5a33f1,2024-06,,,,,,,,,False,False,2,,,,STATIC_CURRENT_SNAPSHOT,False
col_7f4389bc274355ffaf821a5f6d5a33f1,2024-07,,,,,,,,,False,False,2,,,,STATIC_CURRENT_SNAPSHOT,False
col_7f4389bc274355ffaf821a5f6d5a33f1,2024-08,,,,,,,,,False,False,2,,,,STATIC_CURRENT_SNAPSHOT,False
col_7f4389bc274355ffaf821a5f6d5a33f1,2024-09,,,,,,,,,False,False,2,,,,STATIC_CURRENT_SNAPSHOT,False
col_7f4389bc274355ffaf821a5f6d5a33f1,2024-10,,,,,,,,,False,False,2,,,,STATIC_CURRENT_SNAPSHOT,False
col_7f4389bc274355ffaf821a5f6d5a33f1,2024-11,,,,,,,,,False,False,2,,,,STATIC_CURRENT_SNAPSHOT,False
col_7f4389bc274355ffaf821a5f6d5a33f1,2024-12,,,,,,,,,False,False,2,,,,STATIC_CURRENT_SNAPSHOT,False
col_7f4389bc274355ffaf821a5f6d5a33f1,2025-01,,,,,,,,,False,False,2,,,,STATIC_CURRENT_SNAPSHOT,False
col_7f4389bc274355ffaf821a5f6d5a33f1,2025-02,,,,,,,,,False,False,2,,,,STATIC_CURRENT_SNAPSHOT,False
col_7f4389bc274355ffaf821a5f6d5a33f1,2025-03,,,,,,,,,False,False,2,,,,STATIC_CURRENT_SNAPSHOT,False
col_7f4389bc274355ffaf821a5f6d5a33f1,2025-04,,,,,,,,,False,False,2,,,,STATIC_CURRENT_SNAPSHOT,False
col_7f4389bc274355ffaf821a5f6d5a33f1,2025-05,,,,,,,,,False,False,2,,,,STATIC_CURRENT_SNAPSHOT,False
col_7f4389bc274355ffaf821a5f6d5a33f1,2025-06,,,,,,,,,False,False,2,,,,STATIC_CURRENT_SNAPSHOT,False
col_7f4389bc274355ffaf821a5f6d5a33f1,2025-07,,,,,,,,,False,False,2,,,,STATIC_CURRENT_SNAPSHOT,False
col_7f4389bc274355ffaf821a5f6d5a33f1,2025-08,,,,,,,,,False,False,2,,,,STATIC_CURRENT_SNAPSHOT,False
col_7f4389bc274355ffaf821a5f6d5a33f1,2025-09,,,,,,,,,False,False,2,,,,STATIC_CURRENT_SNAPSHOT,False
col_7f4389bc274355ffaf821a5f6d5a33f1,2025-10,,,,,,,,,False,False,2,,,,STATIC_CURRENT_SNAPSHOT,False
col_7f4389bc274355ffaf821a5f6d5a33f1,2025-11,,,,,,,,,False,False,2,,,,STATIC_CURRENT_SNAPSHOT,False
col_7f4389bc274355ffaf821a5f6d5a33f1,2025-12,,,,,,,,,False,False,2,,,,STATIC_CURRENT_SNAPSHOT,False
col_7f4389bc274355ffaf821a5f6d5a33f1,2026-01,,,,,,,,,False,False,2,,,,STATIC_CURRENT_SNAPSHOT,False
col_7f4389bc274355ffaf821a5f6d5a33f1,2026-02,,,,,,,,,False,False,2,,,,STATIC_CURRENT_SNAPSHOT,False
col_7f4389bc274355ffaf821a5f6d5a33f1,2026-03,,,,,,,,,False,False,2,,,,STATIC_CURRENT_SNAPSHOT,False
col_7f4389bc274355ffaf821a5f6d5a33f1,2026-04,,,,,,,,,False,False,2,,,,STATIC_CURRENT_SNAPSHOT,False
col_7f4389bc274355ffaf821a5f6d5a33f1,2026-05,,,,,,,,,False,False,2,,,,STATIC_CURRENT_SNAPSHOT,False
col_7f4389bc274355ffaf821a5f6d5a33f1,2026-06,,,,,,,,,False,False,2,,,,STATIC_CURRENT_SNAPSHOT,False
col_7f4389bc274355ffaf821a5f6d5a33f1,2026-07,,,,,,,,,False,False,2,,,,STATIC_CURRENT_SNAPSHOT,False
col_7f4389bc274355ffaf821a5f6d5a33f1,2026-08,,,,,,,,,False,False,2,,,,STATIC_CURRENT_SNAPSHOT,False
col_81496637921a5e749f117e8ef4f2ee99,2023-01,4.0,,,,0.0,0.0,0.0,0.0,False,True,1,5.589026172060475,25.0,14.739583997180034,STATIC_CURRENT_SNAPSHOT,False
col_81496637921a5e749f117e8ef4f2ee99,2023-02,4.0,2930.0,,,2.0,0.5,0.0,0.0,True,True,1,5.589026172060475,25.0,14.739583997180034,STATIC_CURRENT_SNAPSHOT,False
col_81496637921a5e749f117e8ef4f2ee99,2023-03,4.0,12389.0,-0.057004368819820406,,2.0,0.5,0.5,0.0,True,True,1,5.589026172060475,25.0,14.739583997180034,STATIC_CURRENT_SNAPSHOT,False
col_81496637921a5e749f117e8ef4f2ee99,2023-04,4.0,9829.75,0.09796909646389844,10773.0,4.0,1.0,0.75,0.75,True,True,1,5.589026172060475,25.0,14.739583997180034,STATIC_CURRENT_SNAPSHOT,False
col_81496637921a5e749f117e8ef4f2ee99,2023-05,4.0,6049.5,0.06593666633827276,6034.0,2.0,0.5,0.5,0.25,True,True,1,5.589026172060475,25.0,14.739583997180034,STATIC_CURRENT_SNAPSHOT,False
col_81496637921a5e749f117e8ef4f2ee99,2023-06,4.0,7398.5,0.21998197486445462,6393.666666666666,2.0,0.5,0.5,0.5,True,True,1,5.589026172060475,25.0,14.739583997180034,STATIC_CURRENT_SNAPSHOT,False
col_81496637921a5e749f117e8ef4f2ee99,2023-07,4.0,10106.0,0.01612797505643185,9529.111111111111,3.0,0.75,0.75,0.75,True,True,1,5.589026172060475,25.0,14.739583997180034,STATIC_CURRENT_SNAPSHOT,False
col_81496637921a5e749f117e8ef4f2ee99,2023-08,4.0,11937.0,0.023046917257437866,11756.333333333334,3.0,0.75,0.75,0.75,True,True,1,5.589026172060475,25.0,14.739583997180034,STATIC_CURRENT_SNAPSHOT,False
col_81496637921a5e749f117e8ef4f2ee99,2023-09,4.0,14725.5,0.17807645529957974,13314.25,4.0,1.0,1.0,1.0,True,True,1,5.589026172060475,25.0,14.739583997180034,STATIC_CURRENT_SNAPSHOT,False
col_81496637921a5e749f117e8ef4f2ee99,2023-10,4.0,10971.0,-0.026251153097518784,10006.333333333334,2.0,0.5,0.5,0.5,True,True,1,5.589026172060475,25.0,14.739583997180034,STATIC_CURRENT_SNAPSHOT,False
col_81496637921a5e749f117e8ef4f2ee99,2023-11,4.0,17460.333333333332,0.19492144559289626,15785.444444444443,3.0,0.75,0.75,0.75,True,True,1,5.589026172060475,25.0,14.739583997180034,STATIC_CURRENT_SNAPSHOT,False
col_81496637921a5e749f117e8ef4f2ee99,2023-12,4.0,12912.5,-0.02817486550024126,12398.833333333334,2.0,0.5,0.5,0.5,True,True,1,5.589026172060475,25.0,14.739583997180034,STATIC_CURRENT_SNAPSHOT,False
col_81496637921a5e749f117e8ef4f2ee99,2024-01,4.0,18723.5,-0.12886670347196663,20926.5,2.0,0.5,0.5,0.5,True,True,1,5.589026172060475,25.0,14.739583997180034,STATIC_CURRENT_SNAPSHOT,False
col_81496637921a5e749f117e8ef4f2ee99,2024-02,4.0,19447.5,0.4657278823017439,16653.666666666668,2.0,0.5,0.5,0.5,True,True,1,5.589026172060475,25.0,14.739583997180034,STATIC_CURRENT_SNAPSHOT,False
col_81496637921a5e749f117e8ef4f2ee99,2024-03,4.0,9152.0,0.04284412032816773,7857.666666666667,1.0,0.25,0.25,0.25,True,True,1,5.589026172060475,25.0,14.739583997180034,STATIC_CURRENT_SNAPSHOT,False
col_81496637921a5e749f117e8ef4f2ee99,2024-04,4.0,17296.666666666668,0.008170877965563048,16960.444444444445,3.0,0.75,0.75,0.75,True,True,1,5.589026172060475,25.0,14.739583997180034,STATIC_CURRENT_SNAPSHOT,False
col_81496637921a5e749f117e8ef4f2ee99,2024-05,4.0,12636.0,0.3523116438356164,10377.333333333334,1.0,0.25,0.25,0.25,True,True,1,5.589026172060475,25.0,14.739583997180034,STATIC_CURRENT_SNAPSHOT,False
col_81496637921a5e749f117e8ef4f2ee99,2024-06,4.0,28014.666666666668,0.09095374925177548,25084.0,3.0,0.75,0.75,0.75,True,True,1,5.589026172060475,25.0,14.739583997180034,STATIC_CURRENT_SNAPSHOT,False
col_81496637921a5e749f117e8ef4f2ee99,2024-07,4.0,25364.0,-0.0832714298320907,26489.111111111113,3.0,0.75,0.75,0.75,True,True,1,5.589026172060475,25.0,14.739583997180034,STATIC_CURRENT_SNAPSHOT,False
col_81496637921a5e749f117e8ef4f2ee99,2024-08,4.0,25158.0,-0.030366327897366596,26544.166666666668,2.0,0.5,0.5,0.5,True,True,1,5.589026172060475,25.0,14.739583997180034,STATIC_CURRENT_SNAPSHOT,False
col_81496637921a5e749f117e8ef4f2ee99,2024-09,4.0,19480.0,0.06238166298408071,18982.166666666664,2.0,0.5,0.5,0.5,True,True,1,5.589026172060475,25.0,14.739583997180034,STATIC_CURRENT_SNAPSHOT,False
col_81496637921a5e749f117e8ef4f2ee99,2024-10,4.0,24267.0,-0.06527583771011021,24849.25,4.0,1.0,1.0,1.0,True,True,1,5.589026172060475,25.0,14.739583997180034,STATIC_CURRENT_SNAPSHOT,False
col_81496637921a5e749f117e8ef4f2ee99,2024-11,4.0,,,,0.0,0.0,0.0,0.0,False,True,1,5.589026172060475,25.0,14.739583997180034,STATIC_CURRENT_SNAPSHOT,False
col_81496637921a5e749f117e8ef4f2ee99,2024-12,4.0,31335.5,,,2.0,0.5,0.0,0.0,True,True,1,5.589026172060475,25.0,14.739583997180034,STATIC_CURRENT_SNAPSHOT,False
col_81496637921a5e749f117e8ef4f2ee99,2025-01,4.0,16200.0,-0.09717064120839669,,2.0,0.5,0.5,0.0,True,True,1,5.589026172060475,25.0,14.739583997180034,STATIC_CURRENT_SNAPSHOT,False
col_81496637921a5e749f117e8ef4f2ee99,2025-02,4.0,17738.5,0.09176199670706434,17388.833333333332,2.0,0.5,0.5,0.5,True,True,1,5.589026172060475,25.0,14.739583997180034,STATIC_CURRENT_SNAPSHOT,False
col_81496637921a5e749f117e8ef4f2ee99,2025-03,4.0,24872.5,-0.021707657929468507,24142.5,2.0,0.5,0.5,0.5,True,True,1,5.589026172060475,25.0,14.739583997180034,STATIC_CURRENT_SNAPSHOT,False
col_81496637921a5e749f117e8ef4f2ee99,2025-04,4.0,18318.333333333332,-0.0036649739025355343,17356.166666666668,3.0,0.75,0.5,0.5,True,True,1,5.589026172060475,25.0,14.739583997180034,STATIC_CURRENT_SNAPSHOT,False
col_81496637921a5e749f117e8ef4f2ee99,2025-05,4.0,20275.0,-0.04218164614317925,21336.666666666668,2.0,0.5,0.5,0.25,True,True,1,5.589026172060475,25.0,14.739583997180034,STATIC_CURRENT_SNAPSHOT,False
col_81496637921a5e749f117e8ef4f2ee99,2025-06,4.0,29778.5,0.08143269546282832,28826.5,2.0,0.5,0.5,0.5,True,True,1,5.589026172060475,25.0,14.739583997180034,STATIC_CURRENT_SNAPSHOT,False
col_81496637921a5e749f117e8ef4f2ee99,2025-07,4.0,11234.0,-0.13250965250965252,11909.0,1.0,0.25,0.25,0.25,True,True,1,5.589026172060475,25.0,14.739583997180034,STATIC_CURRENT_SNAPSHOT,False
col_81496637921a5e749f117e8ef4f2ee99,2025-08,4.0,18255.0,0.07020552831894349,18081.0,3.0,0.75,0.75,0.75,True,True,1,5.589026172060475,25.0,14.739583997180034,STATIC_CURRENT_SNAPSHOT,False
col_81496637921a5e749f117e8ef4f2ee99,2025-09,4.0,16353.333333333334,-0.1038637562490242,17215.222222222223,3.0,0.75,0.75,0.75,True,True,1,5.589026172060475,25.0,14.739583997180034,STATIC_CURRENT_SNAPSHOT,False
col_81496637921a5e749f117e8ef4f2ee99,2025-10,4.0,14929.0,0.006691098681614228,15572.333333333332,2.0,0.5,0.5,0.5,True,True,1,5.589026172060475,25.0,14.739583997180034,STATIC_CURRENT_SNAPSHOT,False
col_81496637921a5e749f117e8ef4f2ee99,2025-11,4.0,12096.0,0.09525534226729446,11271.0,1.0,0.25,0.25,0.25,True,True,1,5.589026172060475,25.0,14.739583997180034,STATIC_CURRENT_SNAPSHOT,False
col_81496637921a5e749f117e8ef4f2ee99,2025-12,4.0,20498.0,-0.03313398446474705,20130.833333333336,2.0,0.5,0.5,0.5,True,True,1,5.589026172060475,25.0,14.739583997180034,STATIC_CURRENT_SNAPSHOT,False
col_81496637921a5e749f117e8ef4f2ee99,2026-01,4.0,18517.333333333332,-0.08660388799897611,20489.0,3.0,0.75,0.75,0.75,True,True,1,5.589026172060475,25.0,14.739583997180034,STATIC_CURRENT_SNAPSHOT,False
col_81496637921a5e749f117e8ef4f2ee99,2026-02,4.0,15517.5,0.08476055724251554,15069.166666666668,2.0,0.5,0.5,0.5,True,True,1,5.589026172060475,25.0,14.739583997180034,STATIC_CURRENT_SNAPSHOT,False
col_81496637921a5e749f117e8ef4f2ee99,2026-03,4.0,14255.5,-0.07720594499121294,14916.333333333332,2.0,0.5,0.5,0.5,True,True,1,5.589026172060475,25.0,14.739583997180034,STATIC_CURRENT_SNAPSHOT,False
col_81496637921a5e749f117e8ef4f2ee99,2026-04,4.0,16976.0,0.08267845006208997,16573.111111111113,3.0,0.75,0.75,0.75,True,True,1,5.589026172060475,25.0,14.739583997180034,STATIC_CURRENT_SNAPSHOT,False
col_81496637921a5e749f117e8ef4f2ee99,2026-05,4.0,,,,0.0,0.0,0.0,0.0,False,True,1,5.589026172060475,25.0,14.739583997180034,STATIC_CURRENT_SNAPSHOT,False
col_81496637921a5e749f117e8ef4f2ee99,2026-06,4.0,19674.0,0.033624041189450456,19437.0,1.0,0.25,0.25,0.25,True,True,1,5.589026172060475,25.0,14.739583997180034,STATIC_CURRENT_SNAPSHOT,False
col_81496637921a5e749f117e8ef4f2ee99,2026-07,4.0,9408.0,-0.1415275116342732,10496.0,1.0,0.25,0.25,0.25,True,True,1,5.589026172060475,25.0,14.739583997180034,STATIC_CURRENT_SNAPSHOT,False
col_81496637921a5e749f117e8ef4f2ee99,2026-08,4.0,15840.333333333334,0.09949006194289722,15513.666666666666,3.0,0.75,0.75,0.75,True,True,1,5.589026172060475,25.0,14.739583997180034,STATIC_CURRENT_SNAPSHOT,False
col_81ad18034e5855e38b63dfffe608d3d3,2023-01,5.0,,,,0.0,0.0,0.0,0.0,False,True,4,5.621327625217251,37.0,6.371047608737882,STATIC_CURRENT_SNAPSHOT,False
col_81ad18034e5855e38b63dfffe608d3d3,2023-02,5.0,,,,0.0,0.0,0.0,0.0,False,True,4,5.621327625217251,37.0,6.371047608737882,STATIC_CURRENT_SNAPSHOT,False
col_81ad18034e5855e38b63dfffe608d3d3,2023-03,5.0,,,,0.0,0.0,0.0,0.0,False,True,4,5.621327625217251,37.0,6.371047608737882,STATIC_CURRENT_SNAPSHOT,False
col_81ad18034e5855e38b63dfffe608d3d3,2023-04,5.0,,,,0.0,0.0,0.0,0.0,False,True,4,5.621327625217251,37.0,6.371047608737882,STATIC_CURRENT_SNAPSHOT,False
col_81ad18034e5855e38b63dfffe608d3d3,2023-05,5.0,,,,0.0,0.0,0.0,0.0,False,True,4,5.621327625217251,37.0,6.371047608737882,STATIC_CURRENT_SNAPSHOT,False
col_81ad18034e5855e38b63dfffe608d3d3,2023-06,5.0,,,,0.0,0.0,0.0,0.0,False,True,4,5.621327625217251,37.0,6.371047608737882,STATIC_CURRENT_SNAPSHOT,False
col_81ad18034e5855e38b63dfffe608d3d3,2023-07,5.0,,,,0.0,0.0,0.0,0.0,False,True,4,5.621327625217251,37.0,6.371047608737882,STATIC_CURRENT_SNAPSHOT,False
col_81ad18034e5855e38b63dfffe608d3d3,2023-08,5.0,,,,0.0,0.0,0.0,0.0,False,True,4,5.621327625217251,37.0,6.371047608737882,STATIC_CURRENT_SNAPSHOT,False
col_81ad18034e5855e38b63dfffe608d3d3,2023-09,5.0,,,,0.0,0.0,0.0,0.0,False,True,4,5.621327625217251,37.0,6.371047608737882,STATIC_CURRENT_SNAPSHOT,False
col_81ad18034e5855e38b63dfffe608d3d3,2023-10,5.0,1880.7500000000005,,,4.0,0.8,0.0,0.0,True,True,4,5.621327625217251,37.0,6.371047608737882,STATIC_CURRENT_SNAPSHOT,False
col_81ad18034e5855e38b63dfffe608d3d3,2023-11,5.0,7295.499999999999,1.7602138970606511,,4.0,0.8,0.8,0.0,True,True,4,5.621327625217251,37.0,6.371047608737882,STATIC_CURRENT_SNAPSHOT,False
col_81ad18034e5855e38b63dfffe608d3d3,2023-12,5.0,8888.000000000002,0.12337324030975089,6600.083333333334,4.0,0.8,0.8,0.8,True,True,4,5.621327625217251,37.0,6.371047608737882,STATIC_CURRENT_SNAPSHOT,False
col_81ad18034e5855e38b63dfffe608d3d3,2024-01,5.0,11161.0,0.12649232756639747,9316.75,4.0,0.8,0.8,0.8,True,True,4,5.621327625217251,37.0,6.371047608737882,STATIC_CURRENT_SNAPSHOT,False
col_81ad18034e5855e38b63dfffe608d3d3,2024-02,5.0,7774.5,1.2628191796168735,5391.166666666666,2.0,0.4,0.4,0.4,True,True,4,5.621327625217251,37.0,6.371047608737882,STATIC_CURRENT_SNAPSHOT,False
col_81ad18034e5855e38b63dfffe608d3d3,2024-03,5.0,9496.5,0.25999346902536635,7103.0,2.0,0.4,0.4,0.4,True,True,4,5.621327625217251,37.0,6.371047608737882,STATIC_CURRENT_SNAPSHOT,False
col_81ad18034e5855e38b63dfffe608d3d3,2024-04,5.0,26495.0,0.1640069187004133,22914.999999999996,3.0,0.6000000000000001,0.6000000000000001,0.6000000000000001,True,True,4,5.621327625217251,37.0,6.371047608737882,STATIC_CURRENT_SNAPSHOT,False
col_81ad18034e5855e38b63dfffe608d3d3,2024-05,5.0,23256.000000000004,0.08924004914092422,20934.25,4.0,0.8,0.8,0.8,True,True,4,5.621327625217251,37.0,6.371047608737882,STATIC_CURRENT_SNAPSHOT,False
col_81ad18034e5855e38b63dfffe608d3d3,2024-06,5.0,11879.5,0.12009321297491618,10706.166666666668,2.0,0.4,0.4,0.4,True,True,4,5.621327625217251,37.0,6.371047608737882,STATIC_CURRENT_SNAPSHOT,False
col_81ad18034e5855e38b63dfffe608d3d3,2024-07,5.0,23056.75,-0.07366053903993686,23775.666666666664,4.0,0.8,0.8,0.8,True,True,4,5.621327625217251,37.0,6.371047608737882,STATIC_CURRENT_SNAPSHOT,False
col_81ad18034e5855e38b63dfffe608d3d3,2024-08,5.0,6523.0,-0.08036091921612858,6868.333333333333,1.0,0.2,0.2,0.2,True,True,4,5.621327625217251,37.0,6.371047608737882,STATIC_CURRENT_SNAPSHOT,False
col_81ad18034e5855e38b63dfffe608d3d3,2024-09,5.0,11729.0,0.09199213806707,11170.166666666666,2.0,0.4,0.4,0.4,True,True,4,5.621327625217251,37.0,6.371047608737882,STATIC_CURRENT_SNAPSHOT,False
col_81ad18034e5855e38b63dfffe608d3d3,2024-10,5.0,28230.200000000004,-0.04383309489939645,28533.666666666668,5.0,1.0,1.0,1.0,True,True,4,5.621327625217251,37.0,6.371047608737882,STATIC_CURRENT_SNAPSHOT,False
col_81ad18034e5855e38b63dfffe608d3d3,2024-11,5.0,,,,0.0,0.0,0.0,0.0,False,True,4,5.621327625217251,37.0,6.371047608737882,STATIC_CURRENT_SNAPSHOT,False
col_81ad18034e5855e38b63dfffe608d3d3,2024-12,5.0,12405.999999999998,,,2.0,0.4,0.0,0.0,True,True,4,5.621327625217251,37.0,6.371047608737882,STATIC_CURRENT_SNAPSHOT,False
col_81ad18034e5855e38b63dfffe608d3d3,2025-01,5.0,20673.0,-0.11730698942677387,,4.0,0.8,0.8,0.0,True,True,4,5.621327625217251,37.0,6.371047608737882,STATIC_CURRENT_SNAPSHOT,False
col_81ad18034e5855e38b63dfffe608d3d3,2025-02,5.0,14234.0,0.07232183215308122,14276.0,1.0,0.2,0.2,0.2,True,True,4,5.621327625217251,37.0,6.371047608737882,STATIC_CURRENT_SNAPSHOT,False
col_81ad18034e5855e38b63dfffe608d3d3,2025-03,5.0,10126.0,-0.036384081423004186,10112.166666666666,2.0,0.4,0.4,0.4,True,True,4,5.621327625217251,37.0,6.371047608737882,STATIC_CURRENT_SNAPSHOT,False
col_81ad18034e5855e38b63dfffe608d3d3,2025-04,5.0,17126.0,0.061667047416573036,14514.333333333334,2.0,0.4,0.4,0.2,True,True,4,5.621327625217251,37.0,6.371047608737882,STATIC_CURRENT_SNAPSHOT,False
col_81ad18034e5855e38b63dfffe608d3d3,2025-05,5.0,12732.0,-0.07421766254195683,13098.0,3.0,0.6000000000000001,0.6000000000000001,0.6000000000000001,True,True,4,5.621327625217251,37.0,6.371047608737882,STATIC_CURRENT_SNAPSHOT,False
col_81ad18034e5855e38b63dfffe608d3d3,2025-06,5.0,13121.666666666664,0.029243524146616313,13182.555555555553,3.0,0.6000000000000001,0.6000000000000001,0.6000000000000001,True,True,4,5.621327625217251,37.0,6.371047608737882,STATIC_CURRENT_SNAPSHOT,False
col_81ad18034e5855e38b63dfffe608d3d3,2025-07,5.0,20746.000000000004,-0.10305341485031223,21966.166666666668,4.0,0.8,0.8,0.8,True,True,4,5.621327625217251,37.0,6.371047608737882,STATIC_CURRENT_SNAPSHOT,False
col_81ad18034e5855e38b63dfffe608d3d3,2025-08,5.0,22090.75,0.07447016889771688,21919.666666666664,4.0,0.8,0.8,0.8,True,True,4,5.621327625217251,37.0,6.371047608737882,STATIC_CURRENT_SNAPSHOT,False
col_81ad18034e5855e38b63dfffe608d3d3,2025-09,5.0,12517.666666666666,-0.007615850254753981,12322.666666666666,3.0,0.6000000000000001,0.6000000000000001,0.6000000000000001,True,True,4,5.621327625217251,37.0,6.371047608737882,STATIC_CURRENT_SNAPSHOT,False
col_81ad18034e5855e38b63dfffe608d3d3,2025-10,5.0,9817.999999999998,-0.0262292959100603,10050.666666666666,2.0,0.4,0.4,0.4,True,True,4,5.621327625217251,37.0,6.371047608737882,STATIC_CURRENT_SNAPSHOT,False
col_81ad18034e5855e38b63dfffe608d3d3,2025-11,5.0,12585.999999999998,0.035885100732712366,12429.888888888889,3.0,0.6000000000000001,0.6000000000000001,0.6000000000000001,True,True,4,5.621327625217251,37.0,6.371047608737882,STATIC_CURRENT_SNAPSHOT,False
col_81ad18034e5855e38b63dfffe608d3d3,2025-12,5.0,11855.999999999998,-0.04351207331303221,12209.333333333332,3.0,0.6000000000000001,0.6000000000000001,0.6000000000000001,True,True,4,5.621327625217251,37.0,6.371047608737882,STATIC_CURRENT_SNAPSHOT,False
col_81ad18034e5855e38b63dfffe608d3d3,2026-01,5.0,10849.666666666666,-0.08402601713072162,11763.888888888889,3.0,0.6000000000000001,0.6000000000000001,0.6000000000000001,True,True,4,5.621327625217251,37.0,6.371047608737882,STATIC_CURRENT_SNAPSHOT,False
col_81ad18034e5855e38b63dfffe608d3d3,2026-02,5.0,15354.5,0.1401707532467035,14533.833333333332,2.0,0.4,0.4,0.4,True,True,4,5.621327625217251,37.0,6.371047608737882,STATIC_CURRENT_SNAPSHOT,False
col_81ad18034e5855e38b63dfffe608d3d3,2026-03,5.0,10979.5,-0.0427075088136571,10923.833333333334,2.0,0.4,0.4,0.4,True,True,4,5.621327625217251,37.0,6.371047608737882,STATIC_CURRENT_SNAPSHOT,False
col_81ad18034e5855e38b63dfffe608d3d3,2026-04,5.0,11042.5,0.11843120512055559,10315.666666666666,2.0,0.4,0.4,0.4,True,True,4,5.621327625217251,37.0,6.371047608737882,STATIC_CURRENT_SNAPSHOT,False
col_81ad18034e5855e38b63dfffe608d3d3,2026-05,5.0,16483.0,-0.02334538128814363,16525.666666666668,1.0,0.2,0.2,0.2,True,True,4,5.621327625217251,37.0,6.371047608737882,STATIC_CURRENT_SNAPSHOT,False
col_81ad18034e5855e38b63dfffe608d3d3,2026-06,5.0,25464.999999999996,0.09142443326628612,24558.0,3.0,0.6000000000000001,0.6000000000000001,0.6000000000000001,True,True,4,5.621327625217251,37.0,6.371047608737882,STATIC_CURRENT_SNAPSHOT,False
col_81ad18034e5855e38b63dfffe608d3d3,2026-07,5.0,12083.0,-0.1293239426449425,12954.777777777776,3.0,0.6000000000000001,0.6000000000000001,0.6000000000000001,True,True,4,5.621327625217251,37.0,6.371047608737882,STATIC_CURRENT_SNAPSHOT,False
col_81ad18034e5855e38b63dfffe608d3d3,2026-08,5.0,12184.333333333332,0.02368555434346445,12727.0,3.0,0.6000000000000001,0.6000000000000001,0.6000000000000001,True,True,4,5.621327625217251,37.0,6.371047608737882,STATIC_CURRENT_SNAPSHOT,False
col_84c2fef5059c546e9a59e6816fb7e72b,2023-01,5.0,,,,0.0,0.0,0.0,0.0,False,True,2,8.175352895115184,24.0,14.671164858601486,STATIC_CURRENT_SNAPSHOT,False
col_84c2fef5059c546e9a59e6816fb7e72b,2023-02,5.0,5632.999999999999,,,2.0,0.4,0.0,0.0,True,True,2,8.175352895115184,24.0,14.671164858601486,STATIC_CURRENT_SNAPSHOT,False
col_84c2fef5059c546e9a59e6816fb7e72b,2023-03,5.0,8296.0,0.011634270072042216,,4.0,0.8,0.8,0.0,True,True,2,8.175352895115184,24.0,14.671164858601486,STATIC_CURRENT_SNAPSHOT,False
col_84c2fef5059c546e9a59e6816fb7e72b,2023-04,5.0,10302.333333333332,0.24872477292564893,9538.444444444445,3.0,0.6000000000000001,0.6000000000000001,0.6000000000000001,True,True,2,8.175352895115184,24.0,14.671164858601486,STATIC_CURRENT_SNAPSHOT,False
col_84c2fef5059c546e9a59e6816fb7e72b,2023-05,5.0,6241.333333333333,-0.05040052191783135,6293.999999999998,3.0,0.6000000000000001,0.6000000000000001,0.6000000000000001,True,True,2,8.175352895115184,24.0,14.671164858601486,STATIC_CURRENT_SNAPSHOT,False
col_84c2fef5059c546e9a59e6816fb7e72b,2023-06,5.0,4595.0,0.17794889448746562,4439.833333333333,2.0,0.4,0.4,0.4,True,True,2,8.175352895115184,24.0,14.671164858601486,STATIC_CURRENT_SNAPSHOT,False
col_84c2fef5059c546e9a59e6816fb7e72b,2023-07,5.0,9631.75,-0.001969335559469411,9028.333333333334,4.0,0.8,0.8,0.8,True,True,2,8.175352895115184,24.0,14.671164858601486,STATIC_CURRENT_SNAPSHOT,False
col_84c2fef5059c546e9a59e6816fb7e72b,2023-08,5.0,11781.5,-0.04902653158367597,12079.833333333332,2.0,0.4,0.4,0.4,True,True,2,8.175352895115184,24.0,14.671164858601486,STATIC_CURRENT_SNAPSHOT,False
col_84c2fef5059c546e9a59e6816fb7e72b,2023-09,5.0,11761.25,0.10755383601395649,11095.499999999998,4.0,0.8,0.8,0.8,True,True,2,8.175352895115184,24.0,14.671164858601486,STATIC_CURRENT_SNAPSHOT,False
col_84c2fef5059c546e9a59e6816fb7e72b,2023-10,5.0,10899.5,0.028936438491186645,10270.166666666666,2.0,0.4,0.4,0.4,True,True,2,8.175352895115184,24.0,14.671164858601486,STATIC_CURRENT_SNAPSHOT,False
col_84c2fef5059c546e9a59e6816fb7e72b,2023-11,5.0,17316.999999999996,0.12857993032271636,15727.249999999998,4.0,0.8,0.8,0.8,True,True,2,8.175352895115184,24.0,14.671164858601486,STATIC_CURRENT_SNAPSHOT,False
col_84c2fef5059c546e9a59e6816fb7e72b,2023-12,5.0,14187.666666666666,-0.016227770153860822,13764.444444444445,3.0,0.6000000000000001,0.6000000000000001,0.6000000000000001,True,True,2,8.175352895115184,24.0,14.671164858601486,STATIC_CURRENT_SNAPSHOT,False
col_84c2fef5059c546e9a59e6816fb7e72b,2024-01,5.0,13887.0,-0.1705392450024069,15817.33333333333,3.0,0.6000000000000001,0.6000000000000001,0.6000000000000001,True,True,2,8.175352895115184,24.0,14.671164858601486,STATIC_CURRENT_SNAPSHOT,False
col_84c2fef5059c546e9a59e6816fb7e72b,2024-02,5.0,13873.0,0.355123716327976,12116.777777777777,3.0,0.6000000000000001,0.6000000000000001,0.6000000000000001,True,True,2,8.175352895115184,24.0,14.671164858601486,STATIC_CURRENT_SNAPSHOT,False
col_84c2fef5059c546e9a59e6816fb7e72b,2024-03,5.0,11172.999999999998,0.035454747345954996,9976.444444444443,3.0,0.6000000000000001,0.6000000000000001,0.6000000000000001,True,True,2,8.175352895115184,24.0,14.671164858601486,STATIC_CURRENT_SNAPSHOT,False
col_84c2fef5059c546e9a59e6816fb7e72b,2024-04,5.0,11015.0,-0.014084588076133933,11012.777777777777,3.0,0.6000000000000001,0.6000000000000001,0.6000000000000001,True,True,2,8.175352895115184,24.0,14.671164858601486,STATIC_CURRENT_SNAPSHOT,False
col_84c2fef5059c546e9a59e6816fb7e72b,2024-05,5.0,7103.0,0.23929178289681405,6243.666666666666,2.0,0.4,0.4,0.4,True,True,2,8.175352895115184,24.0,14.671164858601486,STATIC_CURRENT_SNAPSHOT,False
col_84c2fef5059c546e9a59e6816fb7e72b,2024-06,5.0,25402.999999999996,0.017633169905844136,23514.11111111111,3.0,0.6000000000000001,0.6000000000000001,0.6000000000000001,True,True,2,8.175352895115184,24.0,14.671164858601486,STATIC_CURRENT_SNAPSHOT,False
col_84c2fef5059c546e9a59e6816fb7e72b,2024-07,5.0,19752.2,-0.10549561513042116,20995.86666666667,5.0,1.0,1.0,1.0,True,True,2,8.175352895115184,24.0,14.671164858601486,STATIC_CURRENT_SNAPSHOT,False
col_84c2fef5059c546e9a59e6816fb7e72b,2024-08,5.0,17913.75,-0.046105495441218836,19162.333333333336,4.0,0.8,0.8,0.8,True,True,2,8.175352895115184,24.0,14.671164858601486,STATIC_CURRENT_SNAPSHOT,False
col_84c2fef5059c546e9a59e6816fb7e72b,2024-09,5.0,12427.333333333332,0.06901215570930941,11988.888888888889,3.0,0.6000000000000001,0.6000000000000001,0.6000000000000001,True,True,2,8.175352895115184,24.0,14.671164858601486,STATIC_CURRENT_SNAPSHOT,False
col_84c2fef5059c546e9a59e6816fb7e72b,2024-10,5.0,19345.800000000003,-0.061801746885622254,19599.0,5.0,1.0,1.0,1.0,True,True,2,8.175352895115184,24.0,14.671164858601486,STATIC_CURRENT_SNAPSHOT,False
col_84c2fef5059c546e9a59e6816fb7e72b,2024-11,5.0,,,,0.0,0.0,0.0,0.0,False,True,2,8.175352895115184,24.0,14.671164858601486,STATIC_CURRENT_SNAPSHOT,False
col_84c2fef5059c546e9a59e6816fb7e72b,2024-12,5.0,22668.666666666664,,,3.0,0.6000000000000001,0.0,0.0,True,True,2,8.175352895115184,24.0,14.671164858601486,STATIC_CURRENT_SNAPSHOT,False
col_84c2fef5059c546e9a59e6816fb7e72b,2025-01,5.0,10587.333333333332,-0.14596047398168246,,3.0,0.6000000000000001,0.6000000000000001,0.0,True,True,2,8.175352895115184,24.0,14.671164858601486,STATIC_CURRENT_SNAPSHOT,False
col_84c2fef5059c546e9a59e6816fb7e72b,2025-02,5.0,14597.5,0.1117184405433608,14246.750000000002,4.0,0.8,0.8,0.8,True,True,2,8.175352895115184,24.0,14.671164858601486,STATIC_CURRENT_SNAPSHOT,False
col_84c2fef5059c546e9a59e6816fb7e72b,2025-03,5.0,21626.999999999996,-0.024547406416368815,20924.0,2.0,0.4,0.4,0.4,True,True,2,8.175352895115184,24.0,14.671164858601486,STATIC_CURRENT_SNAPSHOT,False
col_84c2fef5059c546e9a59e6816fb7e72b,2025-04,5.0,13828.75,0.02542217293672236,5771.166666666666,4.0,0.8,0.4,0.4,True,True,2,8.175352895115184,24.0,14.671164858601486,STATIC_CURRENT_SNAPSHOT,False
col_84c2fef5059c546e9a59e6816fb7e72b,2025-05,5.0,13246.25,-0.04331226861179576,11273.666666666664,4.0,0.8,0.8,0.6000000000000001,True,True,2,8.175352895115184,24.0,14.671164858601486,STATIC_CURRENT_SNAPSHOT,False
col_84c2fef5059c546e9a59e6816fb7e72b,2025-06,5.0,16256.999999999998,0.06816824751019902,15822.777777777777,3.0,0.6000000000000001,0.6000000000000001,0.6000000000000001,True,True,2,8.175352895115184,24.0,14.671164858601486,STATIC_CURRENT_SNAPSHOT,False
col_84c2fef5059c546e9a59e6816fb7e72b,2025-07,5.0,5156.0,-0.11158680152247283,5473.333333333332,2.0,0.4,0.4,0.4,True,True,2,8.175352895115184,24.0,14.671164858601486,STATIC_CURRENT_SNAPSHOT,False
col_84c2fef5059c546e9a59e6816fb7e72b,2025-08,5.0,13875.0,0.07986992615599407,13712.75,4.0,0.8,0.8,0.8,True,True,2,8.175352895115184,24.0,14.671164858601486,STATIC_CURRENT_SNAPSHOT,False
col_84c2fef5059c546e9a59e6816fb7e72b,2025-09,5.0,9966.999999999998,-0.05411329113133869,10189.333333333332,3.0,0.6000000000000001,0.6000000000000001,0.6000000000000001,True,True,2,8.175352895115184,24.0,14.671164858601486,STATIC_CURRENT_SNAPSHOT,False
col_84c2fef5059c546e9a59e6816fb7e72b,2025-10,5.0,,,,0.0,0.0,0.0,0.0,False,True,2,8.175352895115184,24.0,14.671164858601486,STATIC_CURRENT_SNAPSHOT,False
col_84c2fef5059c546e9a59e6816fb7e72b,2025-11,5.0,,,,0.0,0.0,0.0,0.0,False,True,2,8.175352895115184,24.0,14.671164858601486,STATIC_CURRENT_SNAPSHOT,False
col_84c2fef5059c546e9a59e6816fb7e72b,2025-12,5.0,20909.0,-0.03203555390954123,20361.666666666668,1.0,0.2,0.2,0.2,True,True,2,8.175352895115184,24.0,14.671164858601486,STATIC_CURRENT_SNAPSHOT,False
col_84c2fef5059c546e9a59e6816fb7e72b,2026-01,5.0,15969.0,-0.132128545242628,18206.0,2.0,0.4,0.4,0.4,True,True,2,8.175352895115184,24.0,14.671164858601486,STATIC_CURRENT_SNAPSHOT,False
col_84c2fef5059c546e9a59e6816fb7e72b,2026-02,5.0,,,,0.0,0.0,0.0,0.0,False,True,2,8.175352895115184,24.0,14.671164858601486,STATIC_CURRENT_SNAPSHOT,False
col_84c2fef5059c546e9a59e6816fb7e72b,2026-03,5.0,14328.666666666666,-0.07123290823316196,14797.666666666664,3.0,0.6000000000000001,0.6000000000000001,0.6000000000000001,True,True,2,8.175352895115184,24.0,14.671164858601486,STATIC_CURRENT_SNAPSHOT,False
col_84c2fef5059c546e9a59e6816fb7e72b,2026-04,5.0,12989.75,0.0856469180149459,12685.0,4.0,0.8,0.8,0.8,True,True,2,8.175352895115184,24.0,14.671164858601486,STATIC_CURRENT_SNAPSHOT,False
col_84c2fef5059c546e9a59e6816fb7e72b,2026-05,5.0,4965.0,-0.09341961776578556,5152.666666666667,2.0,0.4,0.4,0.4,True,True,2,8.175352895115184,24.0,14.671164858601486,STATIC_CURRENT_SNAPSHOT,False
col_84c2fef5059c546e9a59e6816fb7e72b,2026-06,5.0,5003.0,0.008088262768857692,5148.666666666666,2.0,0.4,0.4,0.4,True,True,2,8.175352895115184,24.0,14.671164858601486,STATIC_CURRENT_SNAPSHOT,False
col_84c2fef5059c546e9a59e6816fb7e72b,2026-07,5.0,11051.0,-0.15098763033482288,12337.0,2.0,0.4,0.4,0.4,True,True,2,8.175352895115184,24.0,14.671164858601486,STATIC_CURRENT_SNAPSHOT,False
col_84c2fef5059c546e9a59e6816fb7e72b,2026-08,5.0,11612.0,0.10429208534372095,11277.5,2.0,0.4,0.4,0.4,True,True,2,8.175352895115184,24.0,14.671164858601486,STATIC_CURRENT_SNAPSHOT,False
col_8694171d7ed551d78020504424e7148c,2023-01,2.0,,,,0.0,0.0,0.0,0.0,False,True,2,3.3543416107265553,10.0,12.012114522200722,STATIC_CURRENT_SNAPSHOT,False
col_8694171d7ed551d78020504424e7148c,2023-02,2.0,7513.5,,,2.0,1.0,0.0,0.0,True,True,2,3.3543416107265553,10.0,12.012114522200722,STATIC_CURRENT_SNAPSHOT,False
col_8694171d7ed551d78020504424e7148c,2023-03,2.0,9314.0,0.015703380588876773,,1.0,0.5,0.5,0.0,True,True,2,3.3543416107265553,10.0,12.012114522200722,STATIC_CURRENT_SNAPSHOT,False
col_8694171d7ed551d78020504424e7148c,2023-04,2.0,7695.0,0.01301986030950361,7618.166666666667,2.0,1.0,1.0,1.0,True,True,2,3.3543416107265553,10.0,12.012114522200722,STATIC_CURRENT_SNAPSHOT,False
col_8694171d7ed551d78020504424e7148c,2023-05,2.0,7163.5,-0.06700733986869681,7501.5,2.0,1.0,1.0,1.0,True,True,2,3.3543416107265553,10.0,12.012114522200722,STATIC_CURRENT_SNAPSHOT,False
col_8694171d7ed551d78020504424e7148c,2023-06,2.0,6522.0,0.10786478681841345,6215.333333333333,1.0,0.5,0.5,0.5,True,True,2,3.3543416107265553,10.0,12.012114522200722,STATIC_CURRENT_SNAPSHOT,False
col_8694171d7ed551d78020504424e7148c,2023-07,2.0,8053.5,0.01045575638816693,7720.833333333333,2.0,1.0,1.0,1.0,True,True,2,3.3543416107265553,10.0,12.012114522200722,STATIC_CURRENT_SNAPSHOT,False
col_8694171d7ed551d78020504424e7148c,2023-08,2.0,7787.5,-0.03341112082156465,7928.833333333333,2.0,1.0,1.0,1.0,True,True,2,3.3543416107265553,10.0,12.012114522200722,STATIC_CURRENT_SNAPSHOT,False
col_8694171d7ed551d78020504424e7148c,2023-09,2.0,8442.5,0.0850494944262783,8094.5,2.0,1.0,1.0,1.0,True,True,2,3.3543416107265553,10.0,12.012114522200722,STATIC_CURRENT_SNAPSHOT,False
col_8694171d7ed551d78020504424e7148c,2023-10,2.0,8101.5,-0.06119061254194641,8110.5,2.0,1.0,1.0,1.0,True,True,2,3.3543416107265553,10.0,12.012114522200722,STATIC_CURRENT_SNAPSHOT,False
col_8694171d7ed551d78020504424e7148c,2023-11,2.0,7489.0,0.3231448763250883,6652.333333333333,1.0,0.5,0.5,0.5,True,True,2,3.3543416107265553,10.0,12.012114522200722,STATIC_CURRENT_SNAPSHOT,False
col_8694171d7ed551d78020504424e7148c,2023-12,2.0,8790.0,-0.05873182849197424,8748.333333333334,2.0,1.0,1.0,1.0,True,True,2,3.3543416107265553,10.0,12.012114522200722,STATIC_CURRENT_SNAPSHOT,False
col_8694171d7ed551d78020504424e7148c,2024-01,2.0,8573.0,-0.1814970402902425,10088.333333333334,1.0,0.5,0.5,0.5,True,True,2,3.3543416107265553,10.0,12.012114522200722,STATIC_CURRENT_SNAPSHOT,False
col_8694171d7ed551d78020504424e7148c,2024-02,2.0,10553.0,0.49644322810082986,8817.333333333334,2.0,1.0,1.0,1.0,True,True,2,3.3543416107265553,10.0,12.012114522200722,STATIC_CURRENT_SNAPSHOT,False
col_8694171d7ed551d78020504424e7148c,2024-03,2.0,11185.0,0.05743179252418119,9615.666666666666,2.0,1.0,1.0,1.0,True,True,2,3.3543416107265553,10.0,12.012114522200722,STATIC_CURRENT_SNAPSHOT,False
col_8694171d7ed551d78020504424e7148c,2024-04,2.0,11712.0,0.043096561480583266,11150.0,2.0,1.0,1.0,1.0,True,True,2,3.3543416107265553,10.0,12.012114522200722,STATIC_CURRENT_SNAPSHOT,False
col_8694171d7ed551d78020504424e7148c,2024-05,2.0,14016.0,0.22288877646326274,12304.333333333334,2.0,1.0,1.0,1.0,True,True,2,3.3543416107265553,10.0,12.012114522200722,STATIC_CURRENT_SNAPSHOT,False
col_8694171d7ed551d78020504424e7148c,2024-06,2.0,14979.0,0.07223845712197666,13569.0,2.0,1.0,1.0,1.0,True,True,2,3.3543416107265553,10.0,12.012114522200722,STATIC_CURRENT_SNAPSHOT,False
col_8694171d7ed551d78020504424e7148c,2024-07,2.0,13982.0,-0.06492884445938658,14325.666666666668,2.0,1.0,1.0,1.0,True,True,2,3.3543416107265553,10.0,12.012114522200722,STATIC_CURRENT_SNAPSHOT,False
col_8694171d7ed551d78020504424e7148c,2024-08,2.0,13167.0,-0.020531131443874136,13537.333333333334,1.0,0.5,0.5,0.5,True,True,2,3.3543416107265553,10.0,12.012114522200722,STATIC_CURRENT_SNAPSHOT,False
col_8694171d7ed551d78020504424e7148c,2024-09,2.0,13585.0,-0.023775725812561523,13852.5,2.0,1.0,1.0,1.0,True,True,2,3.3543416107265553,10.0,12.012114522200722,STATIC_CURRENT_SNAPSHOT,False
col_8694171d7ed551d78020504424e7148c,2024-10,2.0,13913.5,0.026099612283576018,13829.666666666668,2.0,1.0,1.0,1.0,True,True,2,3.3543416107265553,10.0,12.012114522200722,STATIC_CURRENT_SNAPSHOT,False
col_8694171d7ed551d78020504424e7148c,2024-11,2.0,,,,0.0,0.0,0.0,0.0,False,True,2,3.3543416107265553,10.0,12.012114522200722,STATIC_CURRENT_SNAPSHOT,False
col_8694171d7ed551d78020504424e7148c,2024-12,2.0,13361.0,,,1.0,0.5,0.0,0.0,True,True,2,3.3543416107265553,10.0,12.012114522200722,STATIC_CURRENT_SNAPSHOT,False
col_8694171d7ed551d78020504424e7148c,2025-01,2.0,11320.0,-0.15899306923522222,,2.0,1.0,1.0,0.0,True,True,2,3.3543416107265553,10.0,12.012114522200722,STATIC_CURRENT_SNAPSHOT,False
col_8694171d7ed551d78020504424e7148c,2025-02,2.0,13215.0,0.17006420263898817,12663.666666666666,2.0,1.0,1.0,1.0,True,True,2,3.3543416107265553,10.0,12.012114522200722,STATIC_CURRENT_SNAPSHOT,False
col_8694171d7ed551d78020504424e7148c,2025-03,2.0,12904.5,-0.02339094139921079,12479.833333333332,2.0,1.0,1.0,1.0,True,True,2,3.3543416107265553,10.0,12.012114522200722,STATIC_CURRENT_SNAPSHOT,False
col_8694171d7ed551d78020504424e7148c,2025-04,2.0,13561.5,0.04979773117409286,13227.0,2.0,1.0,1.0,1.0,True,True,2,3.3543416107265553,10.0,12.012114522200722,STATIC_CURRENT_SNAPSHOT,False
col_8694171d7ed551d78020504424e7148c,2025-05,2.0,13213.0,-0.0888214605889249,13637.666666666666,1.0,0.5,0.5,0.5,True,True,2,3.3543416107265553,10.0,12.012114522200722,STATIC_CURRENT_SNAPSHOT,False
col_8694171d7ed551d78020504424e7148c,2025-06,2.0,,,,0.0,0.0,0.0,0.0,False,True,2,3.3543416107265553,10.0,12.012114522200722,STATIC_CURRENT_SNAPSHOT,False
col_8694171d7ed551d78020504424e7148c,2025-07,2.0,11839.0,-0.12808581217031922,12597.333333333332,2.0,1.0,1.0,1.0,True,True,2,3.3543416107265553,10.0,12.012114522200722,STATIC_CURRENT_SNAPSHOT,False
col_8694171d7ed551d78020504424e7148c,2025-08,2.0,11899.0,0.0591952999821969,12027.666666666666,1.0,0.5,0.5,0.5,True,True,2,3.3543416107265553,10.0,12.012114522200722,STATIC_CURRENT_SNAPSHOT,False
col_8694171d7ed551d78020504424e7148c,2025-09,2.0,11905.5,-0.062351694788897974,12136.166666666666,2.0,1.0,1.0,1.0,True,True,2,3.3543416107265553,10.0,12.012114522200722,STATIC_CURRENT_SNAPSHOT,False
col_8694171d7ed551d78020504424e7148c,2025-10,2.0,11044.0,0.03476061088728567,11205.333333333334,1.0,0.5,0.5,0.5,True,True,2,3.3543416107265553,10.0,12.012114522200722,STATIC_CURRENT_SNAPSHOT,False
col_8694171d7ed551d78020504424e7148c,2025-11,2.0,12423.0,0.058690682196658295,12029.166666666668,2.0,1.0,1.0,1.0,True,True,2,3.3543416107265553,10.0,12.012114522200722,STATIC_CURRENT_SNAPSHOT,False
col_8694171d7ed551d78020504424e7148c,2025-12,2.0,11919.0,-0.0651764705882353,12381.0,1.0,0.5,0.5,0.5,True,True,2,3.3543416107265553,10.0,12.012114522200722,STATIC_CURRENT_SNAPSHOT,False
col_8694171d7ed551d78020504424e7148c,2026-01,2.0,9993.5,-0.11383904548399845,11248.166666666666,2.0,1.0,1.0,1.0,True,True,2,3.3543416107265553,10.0,12.012114522200722,STATIC_CURRENT_SNAPSHOT,False
col_8694171d7ed551d78020504424e7148c,2026-02,2.0,11418.5,0.1448734191147901,10913.333333333332,2.0,1.0,1.0,1.0,True,True,2,3.3543416107265553,10.0,12.012114522200722,STATIC_CURRENT_SNAPSHOT,False
col_8694171d7ed551d78020504424e7148c,2026-03,2.0,11494.0,0.005423986278933569,10968.666666666668,2.0,1.0,1.0,1.0,True,True,2,3.3543416107265553,10.0,12.012114522200722,STATIC_CURRENT_SNAPSHOT,False
col_8694171d7ed551d78020504424e7148c,2026-04,2.0,12372.0,0.07706205492254409,11761.5,2.0,1.0,1.0,1.0,True,True,2,3.3543416107265553,10.0,12.012114522200722,STATIC_CURRENT_SNAPSHOT,False
col_8694171d7ed551d78020504424e7148c,2026-05,2.0,,,,0.0,0.0,0.0,0.0,False,True,2,3.3543416107265553,10.0,12.012114522200722,STATIC_CURRENT_SNAPSHOT,False
col_8694171d7ed551d78020504424e7148c,2026-06,2.0,12597.0,0.0033452807646356035,12769.0,1.0,0.5,0.5,0.5,True,True,2,3.3543416107265553,10.0,12.012114522200722,STATIC_CURRENT_SNAPSHOT,False
col_8694171d7ed551d78020504424e7148c,2026-07,2.0,9408.0,-0.1415275116342732,10496.0,1.0,0.5,0.5,0.5,True,True,2,3.3543416107265553,10.0,12.012114522200722,STATIC_CURRENT_SNAPSHOT,False
col_8694171d7ed551d78020504424e7148c,2026-08,2.0,10957.0,0.08064153735472604,10953.166666666666,2.0,1.0,1.0,1.0,True,True,2,3.3543416107265553,10.0,12.012114522200722,STATIC_CURRENT_SNAPSHOT,False
col_8dd63c1e84435db49a927bcd4b149776,2023-01,3.0,,,,0.0,0.0,0.0,0.0,False,True,3,2.8065057331391836,22.0,8.281151394136911,STATIC_CURRENT_SNAPSHOT,False
col_8dd63c1e84435db49a927bcd4b149776,2023-02,3.0,4790.0,,,1.0,0.3333333333333333,0.0,0.0,True,True,3,2.8065057331391836,22.0,8.281151394136911,STATIC_CURRENT_SNAPSHOT,False
col_8dd63c1e84435db49a927bcd4b149776,2023-03,3.0,,,,0.0,0.0,0.0,0.0,False,True,3,2.8065057331391836,22.0,8.281151394136911,STATIC_CURRENT_SNAPSHOT,False
col_8dd63c1e84435db49a927bcd4b149776,2023-04,3.0,25953.999999999996,0.6855435770879335,15380.666666666666,1.0,0.3333333333333333,0.3333333333333333,0.3333333333333333,True,True,3,2.8065057331391836,22.0,8.281151394136911,STATIC_CURRENT_SNAPSHOT,False
col_8dd63c1e84435db49a927bcd4b149776,2023-05,3.0,26327.0,0.014371580488556678,22559.666666666668,1.0,0.3333333333333333,0.3333333333333333,0.3333333333333333,True,True,3,2.8065057331391836,22.0,8.281151394136911,STATIC_CURRENT_SNAPSHOT,False
col_8dd63c1e84435db49a927bcd4b149776,2023-06,3.0,1.0,,,1.0,0.3333333333333333,0.0,0.0,True,True,3,2.8065057331391836,22.0,8.281151394136911,STATIC_CURRENT_SNAPSHOT,False
col_8dd63c1e84435db49a927bcd4b149776,2023-07,3.0,5386.0,5385.0,,1.0,0.3333333333333333,0.3333333333333333,0.0,True,True,3,2.8065057331391836,22.0,8.281151394136911,STATIC_CURRENT_SNAPSHOT,False
col_8dd63c1e84435db49a927bcd4b149776,2023-08,3.0,6654.999999999999,0.23561084292610468,4014.0,1.0,0.3333333333333333,0.3333333333333333,0.3333333333333333,True,True,3,2.8065057331391836,22.0,8.281151394136911,STATIC_CURRENT_SNAPSHOT,False
col_8dd63c1e84435db49a927bcd4b149776,2023-09,3.0,9420.0,0.4154770848985725,7153.666666666667,1.0,0.3333333333333333,0.3333333333333333,0.3333333333333333,True,True,3,2.8065057331391836,22.0,8.281151394136911,STATIC_CURRENT_SNAPSHOT,False
col_8dd63c1e84435db49a927bcd4b149776,2023-10,3.0,12400.999999999998,0.3164543524416136,9492.0,1.0,0.3333333333333333,0.3333333333333333,0.3333333333333333,True,True,3,2.8065057331391836,22.0,8.281151394136911,STATIC_CURRENT_SNAPSHOT,False
col_8dd63c1e84435db49a927bcd4b149776,2023-11,3.0,12853.0,0.03644867349407306,11558.0,1.0,0.3333333333333333,0.3333333333333333,0.3333333333333333,True,True,3,2.8065057331391836,22.0,8.281151394136911,STATIC_CURRENT_SNAPSHOT,False
col_8dd63c1e84435db49a927bcd4b149776,2023-12,3.0,12939.0,0.006691044892243056,12730.999999999998,1.0,0.3333333333333333,0.3333333333333333,0.3333333333333333,True,True,3,2.8065057331391836,22.0,8.281151394136911,STATIC_CURRENT_SNAPSHOT,False
col_8dd63c1e84435db49a927bcd4b149776,2024-01,3.0,10081.0,-0.22088260298322898,11957.666666666666,1.0,0.3333333333333333,0.3333333333333333,0.3333333333333333,True,True,3,2.8065057331391836,22.0,8.281151394136911,STATIC_CURRENT_SNAPSHOT,False
col_8dd63c1e84435db49a927bcd4b149776,2024-02,3.0,931.0,,,1.0,0.3333333333333333,0.0,0.0,True,True,3,2.8065057331391836,22.0,8.281151394136911,STATIC_CURRENT_SNAPSHOT,False
col_8dd63c1e84435db49a927bcd4b149776,2024-03,3.0,9799.5,1.3182848381928485,13039.999999999998,2.0,0.6666666666666666,0.6666666666666666,0.3333333333333333,True,True,3,2.8065057331391836,22.0,8.281151394136911,STATIC_CURRENT_SNAPSHOT,False
col_8dd63c1e84435db49a927bcd4b149776,2024-04,3.0,4810.0,0.5566343042071198,2943.6666666666665,1.0,0.3333333333333333,0.3333333333333333,0.3333333333333333,True,True,3,2.8065057331391836,22.0,8.281151394136911,STATIC_CURRENT_SNAPSHOT,False
col_8dd63c1e84435db49a927bcd4b149776,2024-05,3.0,11531.0,0.0676690669701154,10916.333333333332,2.0,0.6666666666666666,0.6666666666666666,0.6666666666666666,True,True,3,2.8065057331391836,22.0,8.281151394136911,STATIC_CURRENT_SNAPSHOT,False
col_8dd63c1e84435db49a927bcd4b149776,2024-06,3.0,6179.0,0.10024928774928775,5535.0,1.0,0.3333333333333333,0.3333333333333333,0.3333333333333333,True,True,3,2.8065057331391836,22.0,8.281151394136911,STATIC_CURRENT_SNAPSHOT,False
col_8dd63c1e84435db49a927bcd4b149776,2024-07,3.0,12352.999999999998,-0.08082594971492336,12523.666666666664,2.0,0.6666666666666666,0.6666666666666666,0.6666666666666666,True,True,3,2.8065057331391836,22.0,8.281151394136911,STATIC_CURRENT_SNAPSHOT,False
col_8dd63c1e84435db49a927bcd4b149776,2024-08,3.0,9757.0,-0.17723337799123198,11932.333333333334,2.0,0.6666666666666666,0.6666666666666666,0.6666666666666666,True,True,3,2.8065057331391836,22.0,8.281151394136911,STATIC_CURRENT_SNAPSHOT,False
col_8dd63c1e84435db49a927bcd4b149776,2024-09,3.0,,,,0.0,0.0,0.0,0.0,False,True,3,2.8065057331391836,22.0,8.281151394136911,STATIC_CURRENT_SNAPSHOT,False
col_8dd63c1e84435db49a927bcd4b149776,2024-10,3.0,50589.99999999999,0.17409149297354135,47248.88888888889,3.0,1.0,1.0,1.0,True,True,3,2.8065057331391836,22.0,8.281151394136911,STATIC_CURRENT_SNAPSHOT,False
col_8dd63c1e84435db49a927bcd4b149776,2024-11,3.0,,,,0.0,0.0,0.0,0.0,False,True,3,2.8065057331391836,22.0,8.281151394136911,STATIC_CURRENT_SNAPSHOT,False
col_8dd63c1e84435db49a927bcd4b149776,2024-12,3.0,14295.0,,,2.0,0.6666666666666666,0.0,0.0,True,True,3,2.8065057331391836,22.0,8.281151394136911,STATIC_CURRENT_SNAPSHOT,False
col_8dd63c1e84435db49a927bcd4b149776,2025-01,3.0,16021.999999999998,-0.2666941278777061,,1.0,0.3333333333333333,0.3333333333333333,0.0,True,True,3,2.8065057331391836,22.0,8.281151394136911,STATIC_CURRENT_SNAPSHOT,False
col_8dd63c1e84435db49a927bcd4b149776,2025-02,3.0,6489.999999999999,0.04073123797305965,6489.0,1.0,0.3333333333333333,0.3333333333333333,0.3333333333333333,True,True,3,2.8065057331391836,22.0,8.281151394136911,STATIC_CURRENT_SNAPSHOT,False
col_8dd63c1e84435db49a927bcd4b149776,2025-03,3.0,12613.5,0.0768432214127835,11686.333333333334,2.0,0.6666666666666666,0.6666666666666666,0.6666666666666666,True,True,3,2.8065057331391836,22.0,8.281151394136911,STATIC_CURRENT_SNAPSHOT,False
col_8dd63c1e84435db49a927bcd4b149776,2025-04,3.0,6483.0,0.010757717492984098,6462.333333333333,1.0,0.3333333333333333,0.3333333333333333,0.3333333333333333,True,True,3,2.8065057331391836,22.0,8.281151394136911,STATIC_CURRENT_SNAPSHOT,False
col_8dd63c1e84435db49a927bcd4b149776,2025-05,3.0,10118.0,-0.16838576894969653,11829.666666666668,2.0,0.6666666666666666,0.6666666666666666,0.6666666666666666,True,True,3,2.8065057331391836,22.0,8.281151394136911,STATIC_CURRENT_SNAPSHOT,False
col_8dd63c1e84435db49a927bcd4b149776,2025-06,3.0,17125.0,0.19446188184417937,16831.333333333332,1.0,0.3333333333333333,0.3333333333333333,0.3333333333333333,True,True,3,2.8065057331391836,22.0,8.281151394136911,STATIC_CURRENT_SNAPSHOT,False
col_8dd63c1e84435db49a927bcd4b149776,2025-07,3.0,,,,0.0,0.0,0.0,0.0,False,True,3,2.8065057331391836,22.0,8.281151394136911,STATIC_CURRENT_SNAPSHOT,False
col_8dd63c1e84435db49a927bcd4b149776,2025-08,3.0,10567.0,-0.06108551077538782,11356.5,2.0,0.6666666666666666,0.6666666666666666,0.6666666666666666,True,True,3,2.8065057331391836,22.0,8.281151394136911,STATIC_CURRENT_SNAPSHOT,False
col_8dd63c1e84435db49a927bcd4b149776,2025-09,3.0,11319.5,0.04520479723684974,11234.5,2.0,0.6666666666666666,0.6666666666666666,0.6666666666666666,True,True,3,2.8065057331391836,22.0,8.281151394136911,STATIC_CURRENT_SNAPSHOT,False
col_8dd63c1e84435db49a927bcd4b149776,2025-10,3.0,6384.0,0.031840956844997576,6293.333333333332,1.0,0.3333333333333333,0.3333333333333333,0.3333333333333333,True,True,3,2.8065057331391836,22.0,8.281151394136911,STATIC_CURRENT_SNAPSHOT,False
col_8dd63c1e84435db49a927bcd4b149776,2025-11,3.0,7092.0,0.11090225563909774,6554.333333333332,1.0,0.3333333333333333,0.3333333333333333,0.3333333333333333,True,True,3,2.8065057331391836,22.0,8.281151394136911,STATIC_CURRENT_SNAPSHOT,False
col_8dd63c1e84435db49a927bcd4b149776,2025-12,3.0,12214.0,-0.07587935189458032,12642.166666666664,2.0,0.6666666666666666,0.6666666666666666,0.6666666666666666,True,True,3,2.8065057331391836,22.0,8.281151394136911,STATIC_CURRENT_SNAPSHOT,False
col_8dd63c1e84435db49a927bcd4b149776,2026-01,3.0,10729.0,-0.10127494840842857,12080.166666666668,2.0,0.6666666666666666,0.6666666666666666,0.6666666666666666,True,True,3,2.8065057331391836,22.0,8.281151394136911,STATIC_CURRENT_SNAPSHOT,False
col_8dd63c1e84435db49a927bcd4b149776,2026-02,3.0,10985.0,0.011213342716808681,11309.333333333332,2.0,0.6666666666666666,0.6666666666666666,0.6666666666666666,True,True,3,2.8065057331391836,22.0,8.281151394136911,STATIC_CURRENT_SNAPSHOT,False
col_8dd63c1e84435db49a927bcd4b149776,2026-03,3.0,12346.0,0.0833963684996322,11353.333333333334,2.0,0.6666666666666666,0.6666666666666666,0.6666666666666666,True,True,3,2.8065057331391836,22.0,8.281151394136911,STATIC_CURRENT_SNAPSHOT,False
col_8dd63c1e84435db49a927bcd4b149776,2026-04,3.0,7004.0,0.15008210180623974,6411.999999999999,1.0,0.3333333333333333,0.3333333333333333,0.3333333333333333,True,True,3,2.8065057331391836,22.0,8.281151394136911,STATIC_CURRENT_SNAPSHOT,False
col_8dd63c1e84435db49a927bcd4b149776,2026-05,3.0,11088.0,-0.062392918332381496,6553.666666666667,2.0,0.6666666666666666,0.3333333333333333,0.3333333333333333,True,True,3,2.8065057331391836,22.0,8.281151394136911,STATIC_CURRENT_SNAPSHOT,False
col_8dd63c1e84435db49a927bcd4b149776,2026-06,3.0,11814.5,0.06180415177302362,6828.0,2.0,0.6666666666666666,0.6666666666666666,0.3333333333333333,True,True,3,2.8065057331391836,22.0,8.281151394136911,STATIC_CURRENT_SNAPSHOT,False
col_8dd63c1e84435db49a927bcd4b149776,2026-07,3.0,6695.0,-0.031534789526978156,6725.0,1.0,0.3333333333333333,0.3333333333333333,0.3333333333333333,True,True,3,2.8065057331391836,22.0,8.281151394136911,STATIC_CURRENT_SNAPSHOT,False
col_8dd63c1e84435db49a927bcd4b149776,2026-08,3.0,11971.0,-0.20548217959779652,14584.666666666664,1.0,0.3333333333333333,0.3333333333333333,0.3333333333333333,True,True,3,2.8065057331391836,22.0,8.281151394136911,STATIC_CURRENT_SNAPSHOT,False
col_8e89f7e8963258c3b4c0ec85deb35ae9,2023-01,5.0,,,,0.0,0.0,0.0,0.0,False,True,6,12.029470532679335,20.0,13.900341331088654,STATIC_CURRENT_SNAPSHOT,False
col_8e89f7e8963258c3b4c0ec85deb35ae9,2023-02,5.0,1865.0,,,1.0,0.2,0.0,0.0,True,True,6,12.029470532679335,20.0,13.900341331088654,STATIC_CURRENT_SNAPSHOT,False
col_8e89f7e8963258c3b4c0ec85deb35ae9,2023-03,5.0,8296.0,0.011634270072042216,,4.0,0.8,0.8,0.0,True,True,6,12.029470532679335,20.0,13.900341331088654,STATIC_CURRENT_SNAPSHOT,False
col_8e89f7e8963258c3b4c0ec85deb35ae9,2023-04,5.0,8086.500000000001,0.24872477292564893,9538.444444444445,4.0,0.8,0.6000000000000001,0.6000000000000001,True,True,6,12.029470532679335,20.0,13.900341331088654,STATIC_CURRENT_SNAPSHOT,False
col_8e89f7e8963258c3b4c0ec85deb35ae9,2023-05,5.0,4367.333333333333,0.8323487153588195,4309.166666666667,3.0,0.6000000000000001,0.6000000000000001,0.4,True,True,6,12.029470532679335,20.0,13.900341331088654,STATIC_CURRENT_SNAPSHOT,False
col_8e89f7e8963258c3b4c0ec85deb35ae9,2023-06,5.0,5292.666666666666,0.2086439901722995,4448.0,3.0,0.6000000000000001,0.6000000000000001,0.6000000000000001,True,True,6,12.029470532679335,20.0,13.900341331088654,STATIC_CURRENT_SNAPSHOT,False
col_8e89f7e8963258c3b4c0ec85deb35ae9,2023-07,5.0,7859.999999999999,-0.04247298320270402,7683.777777777777,3.0,0.6000000000000001,0.6000000000000001,0.6000000000000001,True,True,6,12.029470532679335,20.0,13.900341331088654,STATIC_CURRENT_SNAPSHOT,False
col_8e89f7e8963258c3b4c0ec85deb35ae9,2023-08,5.0,10202.0,-0.010526066482797906,10312.666666666666,3.0,0.6000000000000001,0.6000000000000001,0.6000000000000001,True,True,6,12.029470532679335,20.0,13.900341331088654,STATIC_CURRENT_SNAPSHOT,False
col_8e89f7e8963258c3b4c0ec85deb35ae9,2023-09,5.0,10920.2,0.10061072463964738,10289.933333333334,5.0,1.0,1.0,1.0,True,True,6,12.029470532679335,20.0,13.900341331088654,STATIC_CURRENT_SNAPSHOT,False
col_8e89f7e8963258c3b4c0ec85deb35ae9,2023-10,5.0,4887.0,0.00390304026294166,4657.666666666667,1.0,0.2,0.2,0.2,True,True,6,12.029470532679335,20.0,13.900341331088654,STATIC_CURRENT_SNAPSHOT,False
col_8e89f7e8963258c3b4c0ec85deb35ae9,2023-11,5.0,16677.999999999996,0.12567358732401288,15170.555555555555,3.0,0.6000000000000001,0.6000000000000001,0.6000000000000001,True,True,6,12.029470532679335,20.0,13.900341331088654,STATIC_CURRENT_SNAPSHOT,False
col_8e89f7e8963258c3b4c0ec85deb35ae9,2023-12,5.0,11875.0,-0.013397493849903222,11486.833333333334,2.0,0.4,0.4,0.4,True,True,6,12.029470532679335,20.0,13.900341331088654,STATIC_CURRENT_SNAPSHOT,False
col_8e89f7e8963258c3b4c0ec85deb35ae9,2024-01,5.0,11060.333333333332,-0.18090713917186257,12622.444444444443,3.0,0.6000000000000001,0.6000000000000001,0.6000000000000001,True,True,6,12.029470532679335,20.0,13.900341331088654,STATIC_CURRENT_SNAPSHOT,False
col_8e89f7e8963258c3b4c0ec85deb35ae9,2024-02,5.0,12668.75,0.33391888487538307,11180.25,4.0,0.8,0.8,0.8,True,True,6,12.029470532679335,20.0,13.900341331088654,STATIC_CURRENT_SNAPSHOT,False
col_8e89f7e8963258c3b4c0ec85deb35ae9,2024-03,5.0,5887.5,0.025645607845076416,5304.333333333334,2.0,0.4,0.4,0.4,True,True,6,12.029470532679335,20.0,13.900341331088654,STATIC_CURRENT_SNAPSHOT,False
col_8e89f7e8963258c3b4c0ec85deb35ae9,2024-04,5.0,11015.0,-0.014084588076133933,11012.777777777777,3.0,0.6000000000000001,0.6000000000000001,0.6000000000000001,True,True,6,12.029470532679335,20.0,13.900341331088654,STATIC_CURRENT_SNAPSHOT,False
col_8e89f7e8963258c3b4c0ec85deb35ae9,2024-05,5.0,8812.0,0.20680012987320046,7808.555555555554,3.0,0.6000000000000001,0.6000000000000001,0.6000000000000001,True,True,6,12.029470532679335,20.0,13.900341331088654,STATIC_CURRENT_SNAPSHOT,False
col_8e89f7e8963258c3b4c0ec85deb35ae9,2024-06,5.0,24765.5,0.005842464249133867,22715.166666666668,2.0,0.4,0.4,0.4,True,True,6,12.029470532679335,20.0,13.900341331088654,STATIC_CURRENT_SNAPSHOT,False
col_8e89f7e8963258c3b4c0ec85deb35ae9,2024-07,5.0,17199.6,-0.10288918829865318,18274.133333333335,5.0,1.0,1.0,1.0,True,True,6,12.029470532679335,20.0,13.900341331088654,STATIC_CURRENT_SNAPSHOT,False
col_8e89f7e8963258c3b4c0ec85deb35ae9,2024-08,5.0,14899.749999999998,-0.04160716655826034,15871.5,4.0,0.8,0.8,0.8,True,True,6,12.029470532679335,20.0,13.900341331088654,STATIC_CURRENT_SNAPSHOT,False
col_8e89f7e8963258c3b4c0ec85deb35ae9,2024-09,5.0,6337.999999999999,0.057858057043806234,6209.000000000001,2.0,0.4,0.4,0.4,True,True,6,12.029470532679335,20.0,13.900341331088654,STATIC_CURRENT_SNAPSHOT,False
col_8e89f7e8963258c3b4c0ec85deb35ae9,2024-10,5.0,16723.0,-0.06800536883427533,17044.533333333333,5.0,1.0,1.0,1.0,True,True,6,12.029470532679335,20.0,13.900341331088654,STATIC_CURRENT_SNAPSHOT,False
col_8e89f7e8963258c3b4c0ec85deb35ae9,2024-11,5.0,,,,0.0,0.0,0.0,0.0,False,True,6,12.029470532679335,20.0,13.900341331088654,STATIC_CURRENT_SNAPSHOT,False
col_8e89f7e8963258c3b4c0ec85deb35ae9,2024-12,5.0,22668.666666666664,,,3.0,0.6000000000000001,0.0,0.0,True,True,6,12.029470532679335,20.0,13.900341331088654,STATIC_CURRENT_SNAPSHOT,False
col_8e89f7e8963258c3b4c0ec85deb35ae9,2025-01,5.0,6576.999999999999,-0.17245565778612273,,3.0,0.6000000000000001,0.6000000000000001,0.0,True,True,6,12.029470532679335,20.0,13.900341331088654,STATIC_CURRENT_SNAPSHOT,False
col_8e89f7e8963258c3b4c0ec85deb35ae9,2025-02,5.0,11158.5,0.11465924884680237,11009.250000000002,4.0,0.8,0.8,0.8,True,True,6,12.029470532679335,20.0,13.900341331088654,STATIC_CURRENT_SNAPSHOT,False
col_8e89f7e8963258c3b4c0ec85deb35ae9,2025-03,5.0,17838.333333333332,-0.026231906906669426,17273.666666666664,3.0,0.6000000000000001,0.6000000000000001,0.6000000000000001,True,True,6,12.029470532679335,20.0,13.900341331088654,STATIC_CURRENT_SNAPSHOT,False
col_8e89f7e8963258c3b4c0ec85deb35ae9,2025-04,5.0,10654.5,0.017825222785544496,7305.555555555554,4.0,0.8,0.6000000000000001,0.6000000000000001,True,True,6,12.029470532679335,20.0,13.900341331088654,STATIC_CURRENT_SNAPSHOT,False
col_8e89f7e8963258c3b4c0ec85deb35ae9,2025-05,5.0,10101.0,-0.051030895583338155,7099.888888888888,4.0,0.8,0.8,0.6000000000000001,True,True,6,12.029470532679335,20.0,13.900341331088654,STATIC_CURRENT_SNAPSHOT,False
col_8e89f7e8963258c3b4c0ec85deb35ae9,2025-06,5.0,16256.999999999998,0.06816824751019902,15822.777777777777,3.0,0.6000000000000001,0.6000000000000001,0.6000000000000001,True,True,6,12.029470532679335,20.0,13.900341331088654,STATIC_CURRENT_SNAPSHOT,False
col_8e89f7e8963258c3b4c0ec85deb35ae9,2025-07,5.0,6481.999999999999,-0.11304134942122783,6880.555555555554,3.0,0.6000000000000001,0.6000000000000001,0.6000000000000001,True,True,6,12.029470532679335,20.0,13.900341331088654,STATIC_CURRENT_SNAPSHOT,False
col_8e89f7e8963258c3b4c0ec85deb35ae9,2025-08,5.0,10527.75,0.08621902338063758,10351.833333333334,4.0,0.8,0.8,0.8,True,True,6,12.029470532679335,20.0,13.900341331088654,STATIC_CURRENT_SNAPSHOT,False
col_8e89f7e8963258c3b4c0ec85deb35ae9,2025-09,5.0,9952.75,-0.038729727929677146,10048.75,4.0,0.8,0.8,0.8,True,True,6,12.029470532679335,20.0,13.900341331088654,STATIC_CURRENT_SNAPSHOT,False
col_8e89f7e8963258c3b4c0ec85deb35ae9,2025-10,5.0,9938.0,0.0028254288597376388,9895.0,1.0,0.2,0.2,0.2,True,True,6,12.029470532679335,20.0,13.900341331088654,STATIC_CURRENT_SNAPSHOT,False
col_8e89f7e8963258c3b4c0ec85deb35ae9,2025-11,5.0,,,,0.0,0.0,0.0,0.0,False,True,6,12.029470532679335,20.0,13.900341331088654,STATIC_CURRENT_SNAPSHOT,False
col_8e89f7e8963258c3b4c0ec85deb35ae9,2025-12,5.0,15303.000000000002,-0.07013769602778883,15265.666666666668,2.0,0.4,0.4,0.4,True,True,6,12.029470532679335,20.0,13.900341331088654,STATIC_CURRENT_SNAPSHOT,False
col_8e89f7e8963258c3b4c0ec85deb35ae9,2026-01,5.0,15969.0,-0.132128545242628,18206.0,2.0,0.4,0.4,0.4,True,True,6,12.029470532679335,20.0,13.900341331088654,STATIC_CURRENT_SNAPSHOT,False
col_8e89f7e8963258c3b4c0ec85deb35ae9,2026-02,5.0,,,,0.0,0.0,0.0,0.0,False,True,6,12.029470532679335,20.0,13.900341331088654,STATIC_CURRENT_SNAPSHOT,False
col_8e89f7e8963258c3b4c0ec85deb35ae9,2026-03,5.0,10668.666666666666,-0.070772225662278,11079.555555555555,3.0,0.6000000000000001,0.6000000000000001,0.6000000000000001,True,True,6,12.029470532679335,20.0,13.900341331088654,STATIC_CURRENT_SNAPSHOT,False
col_8e89f7e8963258c3b4c0ec85deb35ae9,2026-04,5.0,10230.666666666666,0.09700509427309241,9931.11111111111,3.0,0.6000000000000001,0.6000000000000001,0.6000000000000001,True,True,6,12.029470532679335,20.0,13.900341331088654,STATIC_CURRENT_SNAPSHOT,False
col_8e89f7e8963258c3b4c0ec85deb35ae9,2026-05,5.0,6477.666666666666,-0.07421832742827261,6613.222222222222,3.0,0.6000000000000001,0.6000000000000001,0.6000000000000001,True,True,6,12.029470532679335,20.0,13.900341331088654,STATIC_CURRENT_SNAPSHOT,False
col_8e89f7e8963258c3b4c0ec85deb35ae9,2026-06,5.0,6488.333333333333,0.0038488029108319937,6634.444444444443,3.0,0.6000000000000001,0.6000000000000001,0.6000000000000001,True,True,6,12.029470532679335,20.0,13.900341331088654,STATIC_CURRENT_SNAPSHOT,False
col_8e89f7e8963258c3b4c0ec85deb35ae9,2026-07,5.0,4279.0,-0.16864192733631242,4779.0,1.0,0.2,0.2,0.2,True,True,6,12.029470532679335,20.0,13.900341331088654,STATIC_CURRENT_SNAPSHOT,False
col_8e89f7e8963258c3b4c0ec85deb35ae9,2026-08,5.0,10887.33333333333,0.14328582087096922,10476.666666666664,3.0,0.6000000000000001,0.6000000000000001,0.6000000000000001,True,True,6,12.029470532679335,20.0,13.900341331088654,STATIC_CURRENT_SNAPSHOT,False
col_926ff32000a751399a54daad7479254d,2023-01,4.0,,,,0.0,0.0,0.0,0.0,False,True,9,10.636138791143685,65.0,7.623325307872969,STATIC_CURRENT_SNAPSHOT,False
col_926ff32000a751399a54daad7479254d,2023-02,4.0,10294.0,,,1.0,0.25,0.0,0.0,True,True,9,10.636138791143685,65.0,7.623325307872969,STATIC_CURRENT_SNAPSHOT,False
col_926ff32000a751399a54daad7479254d,2023-03,4.0,8884.5,0.0640726130864845,,2.0,0.5,0.5,0.0,True,True,9,10.636138791143685,65.0,7.623325307872969,STATIC_CURRENT_SNAPSHOT,False
col_926ff32000a751399a54daad7479254d,2023-04,4.0,7625.0,0.2526696237884015,6613.333333333333,1.0,0.25,0.25,0.25,True,True,9,10.636138791143685,65.0,7.623325307872969,STATIC_CURRENT_SNAPSHOT,False
col_926ff32000a751399a54daad7479254d,2023-05,4.0,6784.0,-0.11029508196721312,6832.0,1.0,0.25,0.25,0.25,True,True,9,10.636138791143685,65.0,7.623325307872969,STATIC_CURRENT_SNAPSHOT,False
col_926ff32000a751399a54daad7479254d,2023-06,4.0,8658.0,0.26032413134417853,11374.833333333332,3.0,0.75,0.5,0.5,True,True,9,10.636138791143685,65.0,7.623325307872969,STATIC_CURRENT_SNAPSHOT,False
col_926ff32000a751399a54daad7479254d,2023-07,4.0,11640.333333333334,7.245783640471882,12316.833333333332,3.0,0.75,0.75,0.5,True,True,9,10.636138791143685,65.0,7.623325307872969,STATIC_CURRENT_SNAPSHOT,False
col_926ff32000a751399a54daad7479254d,2023-08,4.0,12375.0,0.12753059453740703,10891.111111111111,3.0,0.75,0.75,0.75,True,True,9,10.636138791143685,65.0,7.623325307872969,STATIC_CURRENT_SNAPSHOT,False
col_926ff32000a751399a54daad7479254d,2023-09,4.0,15778.0,0.1717414852490655,14448.333333333334,2.0,0.5,0.5,0.5,True,True,9,10.636138791143685,65.0,7.623325307872969,STATIC_CURRENT_SNAPSHOT,False
col_926ff32000a751399a54daad7479254d,2023-10,4.0,16233.666666666666,0.10016462596164438,14477.11111111111,3.0,0.75,0.75,0.75,True,True,9,10.636138791143685,65.0,7.623325307872969,STATIC_CURRENT_SNAPSHOT,False
col_926ff32000a751399a54daad7479254d,2023-11,4.0,21272.0,0.1556564497648593,18752.0,2.0,0.5,0.5,0.5,True,True,9,10.636138791143685,65.0,7.623325307872969,STATIC_CURRENT_SNAPSHOT,False
col_926ff32000a751399a54daad7479254d,2023-12,4.0,18181.0,-0.012499747791683195,17631.333333333332,3.0,0.75,0.75,0.75,True,True,9,10.636138791143685,65.0,7.623325307872969,STATIC_CURRENT_SNAPSHOT,False
col_926ff32000a751399a54daad7479254d,2024-01,4.0,15204.5,-0.1622717863766463,17310.0,2.0,0.5,0.5,0.5,True,True,9,10.636138791143685,65.0,7.623325307872969,STATIC_CURRENT_SNAPSHOT,False
col_926ff32000a751399a54daad7479254d,2024-02,4.0,,,,0.0,0.0,0.0,0.0,False,True,9,10.636138791143685,65.0,7.623325307872969,STATIC_CURRENT_SNAPSHOT,False
col_926ff32000a751399a54daad7479254d,2024-03,4.0,16076.0,0.09868780754510662,13850.666666666666,1.0,0.25,0.25,0.25,True,True,9,10.636138791143685,65.0,7.623325307872969,STATIC_CURRENT_SNAPSHOT,False
col_926ff32000a751399a54daad7479254d,2024-04,4.0,22504.5,0.03247076387160985,15768.666666666666,2.0,0.5,0.25,0.25,True,True,9,10.636138791143685,65.0,7.623325307872969,STATIC_CURRENT_SNAPSHOT,False
col_926ff32000a751399a54daad7479254d,2024-05,4.0,32037.0,0.12762662349090143,,1.0,0.25,0.25,0.0,True,True,9,10.636138791143685,65.0,7.623325307872969,STATIC_CURRENT_SNAPSHOT,False
col_926ff32000a751399a54daad7479254d,2024-06,4.0,32905.0,0.02709367294066236,31117.666666666668,1.0,0.25,0.25,0.25,True,True,9,10.636138791143685,65.0,7.623325307872969,STATIC_CURRENT_SNAPSHOT,False
col_926ff32000a751399a54daad7479254d,2024-07,4.0,30829.333333333332,-0.06681931207678923,31686.44444444444,3.0,0.75,0.75,0.75,True,True,9,10.636138791143685,65.0,7.623325307872969,STATIC_CURRENT_SNAPSHOT,False
col_926ff32000a751399a54daad7479254d,2024-08,4.0,18249.0,-0.004527602007418721,18938.333333333332,1.0,0.25,0.25,0.25,True,True,9,10.636138791143685,65.0,7.623325307872969,STATIC_CURRENT_SNAPSHOT,False
col_926ff32000a751399a54daad7479254d,2024-09,4.0,24570.5,-0.000273206467888749,24597.666666666664,2.0,0.5,0.5,0.5,True,True,9,10.636138791143685,65.0,7.623325307872969,STATIC_CURRENT_SNAPSHOT,False
col_926ff32000a751399a54daad7479254d,2024-10,4.0,79408.25,-0.014533323327742292,30029.111111111113,4.0,1.0,0.75,0.75,True,True,9,10.636138791143685,65.0,7.623325307872969,STATIC_CURRENT_SNAPSHOT,False
col_926ff32000a751399a54daad7479254d,2024-11,4.0,,,,0.0,0.0,0.0,0.0,False,True,9,10.636138791143685,65.0,7.623325307872969,STATIC_CURRENT_SNAPSHOT,False
col_926ff32000a751399a54daad7479254d,2024-12,4.0,17567.0,,,1.0,0.25,0.0,0.0,True,True,9,10.636138791143685,65.0,7.623325307872969,STATIC_CURRENT_SNAPSHOT,False
col_926ff32000a751399a54daad7479254d,2025-01,4.0,27019.666666666668,-0.14573698250090478,,3.0,0.75,0.75,0.0,True,True,9,10.636138791143685,65.0,7.623325307872969,STATIC_CURRENT_SNAPSHOT,False
col_926ff32000a751399a54daad7479254d,2025-02,4.0,,,,0.0,0.0,0.0,0.0,False,True,9,10.636138791143685,65.0,7.623325307872969,STATIC_CURRENT_SNAPSHOT,False
col_926ff32000a751399a54daad7479254d,2025-03,4.0,,,,0.0,0.0,0.0,0.0,False,True,9,10.636138791143685,65.0,7.623325307872969,STATIC_CURRENT_SNAPSHOT,False
col_926ff32000a751399a54daad7479254d,2025-04,4.0,22056.0,0.03183568007313313,22232.333333333336,2.0,0.5,0.5,0.5,True,True,9,10.636138791143685,65.0,7.623325307872969,STATIC_CURRENT_SNAPSHOT,False
col_926ff32000a751399a54daad7479254d,2025-05,4.0,16018.0,-0.03593138730063196,16304.333333333334,1.0,0.25,0.25,0.25,True,True,9,10.636138791143685,65.0,7.623325307872969,STATIC_CURRENT_SNAPSHOT,False
col_926ff32000a751399a54daad7479254d,2025-06,4.0,28802.666666666668,0.05350330819735765,28368.44444444445,3.0,0.75,0.75,0.75,True,True,9,10.636138791143685,65.0,7.623325307872969,STATIC_CURRENT_SNAPSHOT,False
col_926ff32000a751399a54daad7479254d,2025-07,4.0,15500.0,-0.06923677415480695,16057.0,1.0,0.25,0.25,0.25,True,True,9,10.636138791143685,65.0,7.623325307872969,STATIC_CURRENT_SNAPSHOT,False
col_926ff32000a751399a54daad7479254d,2025-08,4.0,20939.5,0.016492452798643985,21189.666666666668,2.0,0.5,0.5,0.5,True,True,9,10.636138791143685,65.0,7.623325307872969,STATIC_CURRENT_SNAPSHOT,False
col_926ff32000a751399a54daad7479254d,2025-09,4.0,25843.666666666668,-0.06441099340228314,26560.0,3.0,0.75,0.75,0.75,True,True,9,10.636138791143685,65.0,7.623325307872969,STATIC_CURRENT_SNAPSHOT,False
col_926ff32000a751399a54daad7479254d,2025-10,4.0,19303.0,0.004315965911305109,19808.0,2.0,0.5,0.5,0.5,True,True,9,10.636138791143685,65.0,7.623325307872969,STATIC_CURRENT_SNAPSHOT,False
col_926ff32000a751399a54daad7479254d,2025-11,4.0,28111.0,0.12561063506046288,25926.333333333332,1.0,0.25,0.25,0.25,True,True,9,10.636138791143685,65.0,7.623325307872969,STATIC_CURRENT_SNAPSHOT,False
col_926ff32000a751399a54daad7479254d,2025-12,4.0,26040.333333333332,-0.09650305780313946,27077.333333333332,3.0,0.75,0.75,0.75,True,True,9,10.636138791143685,65.0,7.623325307872969,STATIC_CURRENT_SNAPSHOT,False
col_926ff32000a751399a54daad7479254d,2026-01,4.0,12547.0,-0.1392604788365233,14177.666666666666,1.0,0.25,0.25,0.25,True,True,9,10.636138791143685,65.0,7.623325307872969,STATIC_CURRENT_SNAPSHOT,False
col_926ff32000a751399a54daad7479254d,2026-02,4.0,13200.0,0.052044313381684866,13441.333333333334,1.0,0.25,0.25,0.25,True,True,9,10.636138791143685,65.0,7.623325307872969,STATIC_CURRENT_SNAPSHOT,False
col_926ff32000a751399a54daad7479254d,2026-03,4.0,18634.0,0.012366982671136974,18036.5,2.0,0.5,0.5,0.5,True,True,9,10.636138791143685,65.0,7.623325307872969,STATIC_CURRENT_SNAPSHOT,False
col_926ff32000a751399a54daad7479254d,2026-04,4.0,20501.0,0.10466096775381838,19176.666666666668,2.0,0.5,0.5,0.5,True,True,9,10.636138791143685,65.0,7.623325307872969,STATIC_CURRENT_SNAPSHOT,False
col_926ff32000a751399a54daad7479254d,2026-05,4.0,39752.0,-0.05727227452747409,40595.333333333336,1.0,0.25,0.25,0.25,True,True,9,10.636138791143685,65.0,7.623325307872969,STATIC_CURRENT_SNAPSHOT,False
col_926ff32000a751399a54daad7479254d,2026-06,4.0,33135.5,0.018485902984635552,33272.166666666664,2.0,0.5,0.5,0.5,True,True,9,10.636138791143685,65.0,7.623325307872969,STATIC_CURRENT_SNAPSHOT,False
col_926ff32000a751399a54daad7479254d,2026-07,4.0,,,,0.0,0.0,0.0,0.0,False,True,9,10.636138791143685,65.0,7.623325307872969,STATIC_CURRENT_SNAPSHOT,False
col_926ff32000a751399a54daad7479254d,2026-08,4.0,19901.0,0.044392128031104094,19638.333333333332,2.0,0.5,0.5,0.5,True,True,9,10.636138791143685,65.0,7.623325307872969,STATIC_CURRENT_SNAPSHOT,False
col_92cd6e3f23155eedb10936246b2da76c,2023-01,5.0,,,,0.0,0.0,0.0,0.0,False,True,4,4.086008258820324,21.0,5.155024284617025,STATIC_CURRENT_SNAPSHOT,False
col_92cd6e3f23155eedb10936246b2da76c,2023-02,5.0,,,,0.0,0.0,0.0,0.0,False,True,4,4.086008258820324,21.0,5.155024284617025,STATIC_CURRENT_SNAPSHOT,False
col_92cd6e3f23155eedb10936246b2da76c,2023-03,5.0,,,,0.0,0.0,0.0,0.0,False,True,4,4.086008258820324,21.0,5.155024284617025,STATIC_CURRENT_SNAPSHOT,False
col_92cd6e3f23155eedb10936246b2da76c,2023-04,5.0,,,,0.0,0.0,0.0,0.0,False,True,4,4.086008258820324,21.0,5.155024284617025,STATIC_CURRENT_SNAPSHOT,False
col_92cd6e3f23155eedb10936246b2da76c,2023-05,5.0,,,,0.0,0.0,0.0,0.0,False,True,4,4.086008258820324,21.0,5.155024284617025,STATIC_CURRENT_SNAPSHOT,False
col_92cd6e3f23155eedb10936246b2da76c,2023-06,5.0,308.0,,,1.0,0.2,0.0,0.0,True,True,4,4.086008258820324,21.0,5.155024284617025,STATIC_CURRENT_SNAPSHOT,False
col_92cd6e3f23155eedb10936246b2da76c,2023-07,5.0,4379.0,21.525974025974026,,2.0,0.4,0.2,0.0,True,True,4,4.086008258820324,21.0,5.155024284617025,STATIC_CURRENT_SNAPSHOT,False
col_92cd6e3f23155eedb10936246b2da76c,2023-08,5.0,4836.333333333333,0.44088974154667404,5740.0,3.0,0.6000000000000001,0.6000000000000001,0.2,True,True,4,4.086008258820324,21.0,5.155024284617025,STATIC_CURRENT_SNAPSHOT,False
col_92cd6e3f23155eedb10936246b2da76c,2023-09,5.0,2833.9999999999995,0.25468942016881835,2240.0,2.0,0.4,0.4,0.4,True,True,4,4.086008258820324,21.0,5.155024284617025,STATIC_CURRENT_SNAPSHOT,False
col_92cd6e3f23155eedb10936246b2da76c,2023-10,5.0,7557.333333333333,0.2356337902969767,6195.666666666667,3.0,0.6000000000000001,0.6000000000000001,0.6000000000000001,True,True,4,4.086008258820324,21.0,5.155024284617025,STATIC_CURRENT_SNAPSHOT,False
col_92cd6e3f23155eedb10936246b2da76c,2023-11,5.0,8668.666666666664,0.11518233141921529,7473.11111111111,3.0,0.6000000000000001,0.6000000000000001,0.6000000000000001,True,True,4,4.086008258820324,21.0,5.155024284617025,STATIC_CURRENT_SNAPSHOT,False
col_92cd6e3f23155eedb10936246b2da76c,2023-12,5.0,6736.75,-0.010075603388724194,8280.888888888887,4.0,0.8,0.6000000000000001,0.6000000000000001,True,True,4,4.086008258820324,21.0,5.155024284617025,STATIC_CURRENT_SNAPSHOT,False
col_92cd6e3f23155eedb10936246b2da76c,2024-01,5.0,3923.6666666666665,1.1459746325872104,3653.166666666667,3.0,0.6000000000000001,0.6000000000000001,0.4,True,True,4,4.086008258820324,21.0,5.155024284617025,STATIC_CURRENT_SNAPSHOT,False
col_92cd6e3f23155eedb10936246b2da76c,2024-02,5.0,5617.0,0.36488837649639105,3900.3333333333335,2.0,0.4,0.4,0.4,True,True,4,4.086008258820324,21.0,5.155024284617025,STATIC_CURRENT_SNAPSHOT,False
col_92cd6e3f23155eedb10936246b2da76c,2024-03,5.0,5063.25,0.18412833828715966,5281.555555555555,4.0,0.8,0.6000000000000001,0.6000000000000001,True,True,4,4.086008258820324,21.0,5.155024284617025,STATIC_CURRENT_SNAPSHOT,False
col_92cd6e3f23155eedb10936246b2da76c,2024-04,5.0,6420.0,1.120670790129909,9255.0,2.0,0.4,0.4,0.2,True,True,4,4.086008258820324,21.0,5.155024284617025,STATIC_CURRENT_SNAPSHOT,False
col_92cd6e3f23155eedb10936246b2da76c,2024-05,5.0,6792.25,0.19051065568554953,5964.166666666667,4.0,0.8,0.8,0.8,True,True,4,4.086008258820324,21.0,5.155024284617025,STATIC_CURRENT_SNAPSHOT,False
col_92cd6e3f23155eedb10936246b2da76c,2024-06,5.0,5906.333333333333,0.06553672620701881,5398.555555555556,3.0,0.6000000000000001,0.6000000000000001,0.6000000000000001,True,True,4,4.086008258820324,21.0,5.155024284617025,STATIC_CURRENT_SNAPSHOT,False
col_92cd6e3f23155eedb10936246b2da76c,2024-07,5.0,14092.2,-0.06981689776237028,14288.466666666667,5.0,1.0,1.0,1.0,True,True,4,4.086008258820324,21.0,5.155024284617025,STATIC_CURRENT_SNAPSHOT,False
col_92cd6e3f23155eedb10936246b2da76c,2024-08,5.0,5984.666666666666,-0.1250954746366024,6562.1111111111095,3.0,0.6000000000000001,0.6000000000000001,0.6000000000000001,True,True,4,4.086008258820324,21.0,5.155024284617025,STATIC_CURRENT_SNAPSHOT,False
col_92cd6e3f23155eedb10936246b2da76c,2024-09,5.0,6721.0,0.04084409341251118,6617.166666666667,4.0,0.8,0.8,0.8,True,True,4,4.086008258820324,21.0,5.155024284617025,STATIC_CURRENT_SNAPSHOT,False
col_92cd6e3f23155eedb10936246b2da76c,2024-10,5.0,14330.000000000002,0.1079280838111227,13735.266666666668,5.0,1.0,1.0,1.0,True,True,4,4.086008258820324,21.0,5.155024284617025,STATIC_CURRENT_SNAPSHOT,False
col_92cd6e3f23155eedb10936246b2da76c,2024-11,5.0,,,,0.0,0.0,0.0,0.0,False,True,4,4.086008258820324,21.0,5.155024284617025,STATIC_CURRENT_SNAPSHOT,False
col_92cd6e3f23155eedb10936246b2da76c,2024-12,5.0,5454.666666666666,,,3.0,0.6000000000000001,0.0,0.0,True,True,4,4.086008258820324,21.0,5.155024284617025,STATIC_CURRENT_SNAPSHOT,False
col_92cd6e3f23155eedb10936246b2da76c,2025-01,5.0,13243.400000000001,-0.12811969564270298,,5.0,1.0,1.0,0.0,True,True,4,4.086008258820324,21.0,5.155024284617025,STATIC_CURRENT_SNAPSHOT,False
col_92cd6e3f23155eedb10936246b2da76c,2025-02,5.0,5510.499999999999,0.031408036070486756,5687.666666666666,2.0,0.4,0.4,0.4,True,True,4,4.086008258820324,21.0,5.155024284617025,STATIC_CURRENT_SNAPSHOT,False
col_92cd6e3f23155eedb10936246b2da76c,2025-03,5.0,5071.666666666666,0.022546607354017274,4907.555555555556,3.0,0.6000000000000001,0.6000000000000001,0.6000000000000001,True,True,4,4.086008258820324,21.0,5.155024284617025,STATIC_CURRENT_SNAPSHOT,False
col_92cd6e3f23155eedb10936246b2da76c,2025-04,5.0,7651.333333333332,0.0748810390179589,7342.555555555554,3.0,0.6000000000000001,0.6000000000000001,0.6000000000000001,True,True,4,4.086008258820324,21.0,5.155024284617025,STATIC_CURRENT_SNAPSHOT,False
col_92cd6e3f23155eedb10936246b2da76c,2025-05,5.0,4997.0,-0.08749850792345772,5170.333333333332,3.0,0.6000000000000001,0.6000000000000001,0.6000000000000001,True,True,4,4.086008258820324,21.0,5.155024284617025,STATIC_CURRENT_SNAPSHOT,False
col_92cd6e3f23155eedb10936246b2da76c,2025-06,5.0,18052.33333333333,0.08210640099108658,17845.22222222222,3.0,0.6000000000000001,0.6000000000000001,0.6000000000000001,True,True,4,4.086008258820324,21.0,5.155024284617025,STATIC_CURRENT_SNAPSHOT,False
col_92cd6e3f23155eedb10936246b2da76c,2025-07,5.0,6409.666666666666,-0.12253912309448374,7063.7777777777765,3.0,0.6000000000000001,0.6000000000000001,0.6000000000000001,True,True,4,4.086008258820324,21.0,5.155024284617025,STATIC_CURRENT_SNAPSHOT,False
col_92cd6e3f23155eedb10936246b2da76c,2025-08,5.0,6874.333333333333,0.012114048795771857,6960.444444444443,3.0,0.6000000000000001,0.6000000000000001,0.6000000000000001,True,True,4,4.086008258820324,21.0,5.155024284617025,STATIC_CURRENT_SNAPSHOT,False
col_92cd6e3f23155eedb10936246b2da76c,2025-09,5.0,16653.0,-0.003171056514199383,16761.888888888887,3.0,0.6000000000000001,0.6000000000000001,0.6000000000000001,True,True,4,4.086008258820324,21.0,5.155024284617025,STATIC_CURRENT_SNAPSHOT,False
col_92cd6e3f23155eedb10936246b2da76c,2025-10,5.0,3796.4999999999995,0.0922130314112617,3613.6666666666665,2.0,0.4,0.4,0.4,True,True,4,4.086008258820324,21.0,5.155024284617025,STATIC_CURRENT_SNAPSHOT,False
col_92cd6e3f23155eedb10936246b2da76c,2025-11,5.0,7622.999999999999,0.09837364818492896,5077.777777777777,4.0,0.8,0.8,0.6000000000000001,True,True,4,4.086008258820324,21.0,5.155024284617025,STATIC_CURRENT_SNAPSHOT,False
col_92cd6e3f23155eedb10936246b2da76c,2025-12,5.0,13348.400000000001,-0.10916793600415194,13907.6,5.0,1.0,1.0,1.0,True,True,4,4.086008258820324,21.0,5.155024284617025,STATIC_CURRENT_SNAPSHOT,False
col_92cd6e3f23155eedb10936246b2da76c,2026-01,5.0,6089.5,-0.09694645012559899,6819.166666666667,4.0,0.8,0.8,0.8,True,True,4,4.086008258820324,21.0,5.155024284617025,STATIC_CURRENT_SNAPSHOT,False
col_92cd6e3f23155eedb10936246b2da76c,2026-02,5.0,7414.333333333333,0.05350807243686545,7387.222222222222,3.0,0.6000000000000001,0.6000000000000001,0.6000000000000001,True,True,4,4.086008258820324,21.0,5.155024284617025,STATIC_CURRENT_SNAPSHOT,False
col_92cd6e3f23155eedb10936246b2da76c,2026-03,5.0,5352.0,0.09985123621487259,5052.666666666667,2.0,0.4,0.4,0.4,True,True,4,4.086008258820324,21.0,5.155024284617025,STATIC_CURRENT_SNAPSHOT,False
col_92cd6e3f23155eedb10936246b2da76c,2026-04,5.0,7084.25,0.04783465977787161,6743.666666666668,4.0,0.8,0.8,0.8,True,True,4,4.086008258820324,21.0,5.155024284617025,STATIC_CURRENT_SNAPSHOT,False
col_92cd6e3f23155eedb10936246b2da76c,2026-05,5.0,13471.6,-0.03866724387475504,13636.733333333334,5.0,1.0,1.0,1.0,True,True,4,4.086008258820324,21.0,5.155024284617025,STATIC_CURRENT_SNAPSHOT,False
col_92cd6e3f23155eedb10936246b2da76c,2026-06,5.0,16064.500000000002,-0.005020107634171671,16236.5,4.0,0.8,0.8,0.8,True,True,4,4.086008258820324,21.0,5.155024284617025,STATIC_CURRENT_SNAPSHOT,False
col_92cd6e3f23155eedb10936246b2da76c,2026-07,5.0,5110.0,-0.056672776954925626,5328.333333333333,2.0,0.4,0.4,0.4,True,True,4,4.086008258820324,21.0,5.155024284617025,STATIC_CURRENT_SNAPSHOT,False
col_92cd6e3f23155eedb10936246b2da76c,2026-08,5.0,6285.666666666666,-0.04617201517076464,6498.11111111111,3.0,0.6000000000000001,0.6000000000000001,0.6000000000000001,True,True,4,4.086008258820324,21.0,5.155024284617025,STATIC_CURRENT_SNAPSHOT,False
col_96af67dbdc945131a7e1fb18aab974fa,2023-01,0.0,,,,,,,,False,True,4,7.2371283483033615,,,STATIC_CURRENT_SNAPSHOT,False
col_96af67dbdc945131a7e1fb18aab974fa,2023-02,0.0,,,,,,,,False,True,4,7.2371283483033615,,,STATIC_CURRENT_SNAPSHOT,False
col_96af67dbdc945131a7e1fb18aab974fa,2023-03,0.0,,,,,,,,False,True,4,7.2371283483033615,,,STATIC_CURRENT_SNAPSHOT,False
col_96af67dbdc945131a7e1fb18aab974fa,2023-04,0.0,,,,,,,,False,True,4,7.2371283483033615,,,STATIC_CURRENT_SNAPSHOT,False
col_96af67dbdc945131a7e1fb18aab974fa,2023-05,0.0,,,,,,,,False,True,4,7.2371283483033615,,,STATIC_CURRENT_SNAPSHOT,False
col_96af67dbdc945131a7e1fb18aab974fa,2023-06,0.0,,,,,,,,False,True,4,7.2371283483033615,,,STATIC_CURRENT_SNAPSHOT,False
col_96af67dbdc945131a7e1fb18aab974fa,2023-07,0.0,,,,,,,,False,True,4,7.2371283483033615,,,STATIC_CURRENT_SNAPSHOT,False
col_96af67dbdc945131a7e1fb18aab974fa,2023-08,0.0,,,,,,,,False,True,4,7.2371283483033615,,,STATIC_CURRENT_SNAPSHOT,False
col_96af67dbdc945131a7e1fb18aab974fa,2023-09,0.0,,,,,,,,False,True,4,7.2371283483033615,,,STATIC_CURRENT_SNAPSHOT,False
col_96af67dbdc945131a7e1fb18aab974fa,2023-10,0.0,,,,,,,,False,True,4,7.2371283483033615,,,STATIC_CURRENT_SNAPSHOT,False
col_96af67dbdc945131a7e1fb18aab974fa,2023-11,0.0,,,,,,,,False,True,4,7.2371283483033615,,,STATIC_CURRENT_SNAPSHOT,False
col_96af67dbdc945131a7e1fb18aab974fa,2023-12,0.0,,,,,,,,False,True,4,7.2371283483033615,,,STATIC_CURRENT_SNAPSHOT,False
col_96af67dbdc945131a7e1fb18aab974fa,2024-01,0.0,,,,,,,,False,True,4,7.2371283483033615,,,STATIC_CURRENT_SNAPSHOT,False
col_96af67dbdc945131a7e1fb18aab974fa,2024-02,0.0,,,,,,,,False,True,4,7.2371283483033615,,,STATIC_CURRENT_SNAPSHOT,False
col_96af67dbdc945131a7e1fb18aab974fa,2024-03,0.0,,,,,,,,False,True,4,7.2371283483033615,,,STATIC_CURRENT_SNAPSHOT,False
col_96af67dbdc945131a7e1fb18aab974fa,2024-04,0.0,,,,,,,,False,True,4,7.2371283483033615,,,STATIC_CURRENT_SNAPSHOT,False
col_96af67dbdc945131a7e1fb18aab974fa,2024-05,0.0,,,,,,,,False,True,4,7.2371283483033615,,,STATIC_CURRENT_SNAPSHOT,False
col_96af67dbdc945131a7e1fb18aab974fa,2024-06,0.0,,,,,,,,False,True,4,7.2371283483033615,,,STATIC_CURRENT_SNAPSHOT,False
col_96af67dbdc945131a7e1fb18aab974fa,2024-07,0.0,,,,,,,,False,True,4,7.2371283483033615,,,STATIC_CURRENT_SNAPSHOT,False
col_96af67dbdc945131a7e1fb18aab974fa,2024-08,0.0,,,,,,,,False,True,4,7.2371283483033615,,,STATIC_CURRENT_SNAPSHOT,False
col_96af67dbdc945131a7e1fb18aab974fa,2024-09,0.0,,,,,,,,False,True,4,7.2371283483033615,,,STATIC_CURRENT_SNAPSHOT,False
col_96af67dbdc945131a7e1fb18aab974fa,2024-10,0.0,,,,,,,,False,True,4,7.2371283483033615,,,STATIC_CURRENT_SNAPSHOT,False
col_96af67dbdc945131a7e1fb18aab974fa,2024-11,0.0,,,,,,,,False,True,4,7.2371283483033615,,,STATIC_CURRENT_SNAPSHOT,False
col_96af67dbdc945131a7e1fb18aab974fa,2024-12,0.0,,,,,,,,False,True,4,7.2371283483033615,,,STATIC_CURRENT_SNAPSHOT,False
col_96af67dbdc945131a7e1fb18aab974fa,2025-01,0.0,,,,,,,,False,True,4,7.2371283483033615,,,STATIC_CURRENT_SNAPSHOT,False
col_96af67dbdc945131a7e1fb18aab974fa,2025-02,0.0,,,,,,,,False,True,4,7.2371283483033615,,,STATIC_CURRENT_SNAPSHOT,False
col_96af67dbdc945131a7e1fb18aab974fa,2025-03,0.0,,,,,,,,False,True,4,7.2371283483033615,,,STATIC_CURRENT_SNAPSHOT,False
col_96af67dbdc945131a7e1fb18aab974fa,2025-04,0.0,,,,,,,,False,True,4,7.2371283483033615,,,STATIC_CURRENT_SNAPSHOT,False
col_96af67dbdc945131a7e1fb18aab974fa,2025-05,0.0,,,,,,,,False,True,4,7.2371283483033615,,,STATIC_CURRENT_SNAPSHOT,False
col_96af67dbdc945131a7e1fb18aab974fa,2025-06,0.0,,,,,,,,False,True,4,7.2371283483033615,,,STATIC_CURRENT_SNAPSHOT,False
col_96af67dbdc945131a7e1fb18aab974fa,2025-07,0.0,,,,,,,,False,True,4,7.2371283483033615,,,STATIC_CURRENT_SNAPSHOT,False
col_96af67dbdc945131a7e1fb18aab974fa,2025-08,0.0,,,,,,,,False,True,4,7.2371283483033615,,,STATIC_CURRENT_SNAPSHOT,False
col_96af67dbdc945131a7e1fb18aab974fa,2025-09,0.0,,,,,,,,False,True,4,7.2371283483033615,,,STATIC_CURRENT_SNAPSHOT,False
col_96af67dbdc945131a7e1fb18aab974fa,2025-10,0.0,,,,,,,,False,True,4,7.2371283483033615,,,STATIC_CURRENT_SNAPSHOT,False
col_96af67dbdc945131a7e1fb18aab974fa,2025-11,0.0,,,,,,,,False,True,4,7.2371283483033615,,,STATIC_CURRENT_SNAPSHOT,False
col_96af67dbdc945131a7e1fb18aab974fa,2025-12,0.0,,,,,,,,False,True,4,7.2371283483033615,,,STATIC_CURRENT_SNAPSHOT,False
col_96af67dbdc945131a7e1fb18aab974fa,2026-01,0.0,,,,,,,,False,True,4,7.2371283483033615,,,STATIC_CURRENT_SNAPSHOT,False
col_96af67dbdc945131a7e1fb18aab974fa,2026-02,0.0,,,,,,,,False,True,4,7.2371283483033615,,,STATIC_CURRENT_SNAPSHOT,False
col_96af67dbdc945131a7e1fb18aab974fa,2026-03,0.0,,,,,,,,False,True,4,7.2371283483033615,,,STATIC_CURRENT_SNAPSHOT,False
col_96af67dbdc945131a7e1fb18aab974fa,2026-04,0.0,,,,,,,,False,True,4,7.2371283483033615,,,STATIC_CURRENT_SNAPSHOT,False
col_96af67dbdc945131a7e1fb18aab974fa,2026-05,0.0,,,,,,,,False,True,4,7.2371283483033615,,,STATIC_CURRENT_SNAPSHOT,False
col_96af67dbdc945131a7e1fb18aab974fa,2026-06,0.0,,,,,,,,False,True,4,7.2371283483033615,,,STATIC_CURRENT_SNAPSHOT,False
col_96af67dbdc945131a7e1fb18aab974fa,2026-07,0.0,,,,,,,,False,True,4,7.2371283483033615,,,STATIC_CURRENT_SNAPSHOT,False
col_96af67dbdc945131a7e1fb18aab974fa,2026-08,0.0,,,,,,,,False,True,4,7.2371283483033615,,,STATIC_CURRENT_SNAPSHOT,False
col_99820d9ec1005837855fcf0d7f8dcaf0,2023-01,,,,,,,,,False,False,16,,,,STATIC_CURRENT_SNAPSHOT,False
col_99820d9ec1005837855fcf0d7f8dcaf0,2023-02,,,,,,,,,False,False,16,,,,STATIC_CURRENT_SNAPSHOT,False
col_99820d9ec1005837855fcf0d7f8dcaf0,2023-03,,,,,,,,,False,False,16,,,,STATIC_CURRENT_SNAPSHOT,False
col_99820d9ec1005837855fcf0d7f8dcaf0,2023-04,,,,,,,,,False,False,16,,,,STATIC_CURRENT_SNAPSHOT,False
col_99820d9ec1005837855fcf0d7f8dcaf0,2023-05,,,,,,,,,False,False,16,,,,STATIC_CURRENT_SNAPSHOT,False
col_99820d9ec1005837855fcf0d7f8dcaf0,2023-06,,,,,,,,,False,False,16,,,,STATIC_CURRENT_SNAPSHOT,False
col_99820d9ec1005837855fcf0d7f8dcaf0,2023-07,,,,,,,,,False,False,16,,,,STATIC_CURRENT_SNAPSHOT,False
col_99820d9ec1005837855fcf0d7f8dcaf0,2023-08,,,,,,,,,False,False,16,,,,STATIC_CURRENT_SNAPSHOT,False
col_99820d9ec1005837855fcf0d7f8dcaf0,2023-09,,,,,,,,,False,False,16,,,,STATIC_CURRENT_SNAPSHOT,False
col_99820d9ec1005837855fcf0d7f8dcaf0,2023-10,,,,,,,,,False,False,16,,,,STATIC_CURRENT_SNAPSHOT,False
col_99820d9ec1005837855fcf0d7f8dcaf0,2023-11,,,,,,,,,False,False,16,,,,STATIC_CURRENT_SNAPSHOT,False
col_99820d9ec1005837855fcf0d7f8dcaf0,2023-12,,,,,,,,,False,False,16,,,,STATIC_CURRENT_SNAPSHOT,False
col_99820d9ec1005837855fcf0d7f8dcaf0,2024-01,,,,,,,,,False,False,16,,,,STATIC_CURRENT_SNAPSHOT,False
col_99820d9ec1005837855fcf0d7f8dcaf0,2024-02,,,,,,,,,False,False,16,,,,STATIC_CURRENT_SNAPSHOT,False
col_99820d9ec1005837855fcf0d7f8dcaf0,2024-03,,,,,,,,,False,False,16,,,,STATIC_CURRENT_SNAPSHOT,False
col_99820d9ec1005837855fcf0d7f8dcaf0,2024-04,,,,,,,,,False,False,16,,,,STATIC_CURRENT_SNAPSHOT,False
col_99820d9ec1005837855fcf0d7f8dcaf0,2024-05,,,,,,,,,False,False,16,,,,STATIC_CURRENT_SNAPSHOT,False
col_99820d9ec1005837855fcf0d7f8dcaf0,2024-06,,,,,,,,,False,False,16,,,,STATIC_CURRENT_SNAPSHOT,False
col_99820d9ec1005837855fcf0d7f8dcaf0,2024-07,,,,,,,,,False,False,16,,,,STATIC_CURRENT_SNAPSHOT,False
col_99820d9ec1005837855fcf0d7f8dcaf0,2024-08,,,,,,,,,False,False,16,,,,STATIC_CURRENT_SNAPSHOT,False
col_99820d9ec1005837855fcf0d7f8dcaf0,2024-09,,,,,,,,,False,False,16,,,,STATIC_CURRENT_SNAPSHOT,False
col_99820d9ec1005837855fcf0d7f8dcaf0,2024-10,,,,,,,,,False,False,16,,,,STATIC_CURRENT_SNAPSHOT,False
col_99820d9ec1005837855fcf0d7f8dcaf0,2024-11,,,,,,,,,False,False,16,,,,STATIC_CURRENT_SNAPSHOT,False
col_99820d9ec1005837855fcf0d7f8dcaf0,2024-12,,,,,,,,,False,False,16,,,,STATIC_CURRENT_SNAPSHOT,False
col_99820d9ec1005837855fcf0d7f8dcaf0,2025-01,,,,,,,,,False,False,16,,,,STATIC_CURRENT_SNAPSHOT,False
col_99820d9ec1005837855fcf0d7f8dcaf0,2025-02,,,,,,,,,False,False,16,,,,STATIC_CURRENT_SNAPSHOT,False
col_99820d9ec1005837855fcf0d7f8dcaf0,2025-03,,,,,,,,,False,False,16,,,,STATIC_CURRENT_SNAPSHOT,False
col_99820d9ec1005837855fcf0d7f8dcaf0,2025-04,,,,,,,,,False,False,16,,,,STATIC_CURRENT_SNAPSHOT,False
col_99820d9ec1005837855fcf0d7f8dcaf0,2025-05,,,,,,,,,False,False,16,,,,STATIC_CURRENT_SNAPSHOT,False
col_99820d9ec1005837855fcf0d7f8dcaf0,2025-06,,,,,,,,,False,False,16,,,,STATIC_CURRENT_SNAPSHOT,False
col_99820d9ec1005837855fcf0d7f8dcaf0,2025-07,,,,,,,,,False,False,16,,,,STATIC_CURRENT_SNAPSHOT,False
col_99820d9ec1005837855fcf0d7f8dcaf0,2025-08,,,,,,,,,False,False,16,,,,STATIC_CURRENT_SNAPSHOT,False
col_99820d9ec1005837855fcf0d7f8dcaf0,2025-09,,,,,,,,,False,False,16,,,,STATIC_CURRENT_SNAPSHOT,False
col_99820d9ec1005837855fcf0d7f8dcaf0,2025-10,,,,,,,,,False,False,16,,,,STATIC_CURRENT_SNAPSHOT,False
col_99820d9ec1005837855fcf0d7f8dcaf0,2025-11,,,,,,,,,False,False,16,,,,STATIC_CURRENT_SNAPSHOT,False
col_99820d9ec1005837855fcf0d7f8dcaf0,2025-12,,,,,,,,,False,False,16,,,,STATIC_CURRENT_SNAPSHOT,False
col_99820d9ec1005837855fcf0d7f8dcaf0,2026-01,,,,,,,,,False,False,16,,,,STATIC_CURRENT_SNAPSHOT,False
col_99820d9ec1005837855fcf0d7f8dcaf0,2026-02,,,,,,,,,False,False,16,,,,STATIC_CURRENT_SNAPSHOT,False
col_99820d9ec1005837855fcf0d7f8dcaf0,2026-03,,,,,,,,,False,False,16,,,,STATIC_CURRENT_SNAPSHOT,False
col_99820d9ec1005837855fcf0d7f8dcaf0,2026-04,,,,,,,,,False,False,16,,,,STATIC_CURRENT_SNAPSHOT,False
col_99820d9ec1005837855fcf0d7f8dcaf0,2026-05,,,,,,,,,False,False,16,,,,STATIC_CURRENT_SNAPSHOT,False
col_99820d9ec1005837855fcf0d7f8dcaf0,2026-06,,,,,,,,,False,False,16,,,,STATIC_CURRENT_SNAPSHOT,False
col_99820d9ec1005837855fcf0d7f8dcaf0,2026-07,,,,,,,,,False,False,16,,,,STATIC_CURRENT_SNAPSHOT,False
col_99820d9ec1005837855fcf0d7f8dcaf0,2026-08,,,,,,,,,False,False,16,,,,STATIC_CURRENT_SNAPSHOT,False
col_9b8d9872383b59f7a23d22ab97fc79d8,2023-01,4.0,,,,0.0,0.0,0.0,0.0,False,True,37,15.98441446959215,76.0,12.54388866997068,STATIC_CURRENT_SNAPSHOT,False
col_9b8d9872383b59f7a23d22ab97fc79d8,2023-02,4.0,,,,0.0,0.0,0.0,0.0,False,True,37,15.98441446959215,76.0,12.54388866997068,STATIC_CURRENT_SNAPSHOT,False
col_9b8d9872383b59f7a23d22ab97fc79d8,2023-03,4.0,17563.0,0.13236621534493875,,1.0,0.25,0.25,0.0,True,True,37,15.98441446959215,76.0,12.54388866997068,STATIC_CURRENT_SNAPSHOT,False
col_9b8d9872383b59f7a23d22ab97fc79d8,2023-04,4.0,20666.0,0.176678244035757,17913.0,1.0,0.25,0.25,0.25,True,True,37,15.98441446959215,76.0,12.54388866997068,STATIC_CURRENT_SNAPSHOT,False
col_9b8d9872383b59f7a23d22ab97fc79d8,2023-05,4.0,,,,0.0,0.0,0.0,0.0,False,True,37,15.98441446959215,76.0,12.54388866997068,STATIC_CURRENT_SNAPSHOT,False
col_9b8d9872383b59f7a23d22ab97fc79d8,2023-06,4.0,22638.0,0.20389278876834716,20702.666666666668,1.0,0.25,0.25,0.25,True,True,37,15.98441446959215,76.0,12.54388866997068,STATIC_CURRENT_SNAPSHOT,False
col_9b8d9872383b59f7a23d22ab97fc79d8,2023-07,4.0,,,,0.0,0.0,0.0,0.0,False,True,37,15.98441446959215,76.0,12.54388866997068,STATIC_CURRENT_SNAPSHOT,False
col_9b8d9872383b59f7a23d22ab97fc79d8,2023-08,4.0,,,,0.0,0.0,0.0,0.0,False,True,37,15.98441446959215,76.0,12.54388866997068,STATIC_CURRENT_SNAPSHOT,False
col_9b8d9872383b59f7a23d22ab97fc79d8,2023-09,4.0,,,,0.0,0.0,0.0,0.0,False,True,37,15.98441446959215,76.0,12.54388866997068,STATIC_CURRENT_SNAPSHOT,False
col_9b8d9872383b59f7a23d22ab97fc79d8,2023-10,4.0,,,,0.0,0.0,0.0,0.0,False,True,37,15.98441446959215,76.0,12.54388866997068,STATIC_CURRENT_SNAPSHOT,False
col_9b8d9872383b59f7a23d22ab97fc79d8,2023-11,4.0,54108.0,0.7143943474541364,37146.333333333336,1.0,0.25,0.25,0.25,True,True,37,15.98441446959215,76.0,12.54388866997068,STATIC_CURRENT_SNAPSHOT,False
col_9b8d9872383b59f7a23d22ab97fc79d8,2023-12,4.0,,,,0.0,0.0,0.0,0.0,False,True,37,15.98441446959215,76.0,12.54388866997068,STATIC_CURRENT_SNAPSHOT,False
col_9b8d9872383b59f7a23d22ab97fc79d8,2024-01,4.0,,,,0.0,0.0,0.0,0.0,False,True,37,15.98441446959215,76.0,12.54388866997068,STATIC_CURRENT_SNAPSHOT,False
col_9b8d9872383b59f7a23d22ab97fc79d8,2024-02,4.0,,,,0.0,0.0,0.0,0.0,False,True,37,15.98441446959215,76.0,12.54388866997068,STATIC_CURRENT_SNAPSHOT,False
col_9b8d9872383b59f7a23d22ab97fc79d8,2024-03,4.0,,,,0.0,0.0,0.0,0.0,False,True,37,15.98441446959215,76.0,12.54388866997068,STATIC_CURRENT_SNAPSHOT,False
col_9b8d9872383b59f7a23d22ab97fc79d8,2024-04,4.0,91811.0,0.052938815299042374,85975.66666666667,1.0,0.25,0.25,0.25,True,True,37,15.98441446959215,76.0,12.54388866997068,STATIC_CURRENT_SNAPSHOT,False
col_9b8d9872383b59f7a23d22ab97fc79d8,2024-05,4.0,,,,0.0,0.0,0.0,0.0,False,True,37,15.98441446959215,76.0,12.54388866997068,STATIC_CURRENT_SNAPSHOT,False
col_9b8d9872383b59f7a23d22ab97fc79d8,2024-06,4.0,,,,0.0,0.0,0.0,0.0,False,True,37,15.98441446959215,76.0,12.54388866997068,STATIC_CURRENT_SNAPSHOT,False
col_9b8d9872383b59f7a23d22ab97fc79d8,2024-07,4.0,100535.0,,,1.0,0.25,0.0,0.0,True,True,37,15.98441446959215,76.0,12.54388866997068,STATIC_CURRENT_SNAPSHOT,False
col_9b8d9872383b59f7a23d22ab97fc79d8,2024-08,4.0,,,,0.0,0.0,0.0,0.0,False,True,37,15.98441446959215,76.0,12.54388866997068,STATIC_CURRENT_SNAPSHOT,False
col_9b8d9872383b59f7a23d22ab97fc79d8,2024-09,4.0,,,,0.0,0.0,0.0,0.0,False,True,37,15.98441446959215,76.0,12.54388866997068,STATIC_CURRENT_SNAPSHOT,False
col_9b8d9872383b59f7a23d22ab97fc79d8,2024-10,4.0,147232.33333333334,-0.02080913673915164,103989.83333333333,3.0,0.75,0.5,0.5,True,True,37,15.98441446959215,76.0,12.54388866997068,STATIC_CURRENT_SNAPSHOT,False
col_9b8d9872383b59f7a23d22ab97fc79d8,2024-11,4.0,,,,0.0,0.0,0.0,0.0,False,True,37,15.98441446959215,76.0,12.54388866997068,STATIC_CURRENT_SNAPSHOT,False
col_9b8d9872383b59f7a23d22ab97fc79d8,2024-12,4.0,,,,0.0,0.0,0.0,0.0,False,True,37,15.98441446959215,76.0,12.54388866997068,STATIC_CURRENT_SNAPSHOT,False
col_9b8d9872383b59f7a23d22ab97fc79d8,2025-01,4.0,,,,0.0,0.0,0.0,0.0,False,True,37,15.98441446959215,76.0,12.54388866997068,STATIC_CURRENT_SNAPSHOT,False
col_9b8d9872383b59f7a23d22ab97fc79d8,2025-02,4.0,,,,0.0,0.0,0.0,0.0,False,True,37,15.98441446959215,76.0,12.54388866997068,STATIC_CURRENT_SNAPSHOT,False
col_9b8d9872383b59f7a23d22ab97fc79d8,2025-03,4.0,,,,0.0,0.0,0.0,0.0,False,True,37,15.98441446959215,76.0,12.54388866997068,STATIC_CURRENT_SNAPSHOT,False
col_9b8d9872383b59f7a23d22ab97fc79d8,2025-04,4.0,,,,0.0,0.0,0.0,0.0,False,True,37,15.98441446959215,76.0,12.54388866997068,STATIC_CURRENT_SNAPSHOT,False
col_9b8d9872383b59f7a23d22ab97fc79d8,2025-05,4.0,,,,0.0,0.0,0.0,0.0,False,True,37,15.98441446959215,76.0,12.54388866997068,STATIC_CURRENT_SNAPSHOT,False
col_9b8d9872383b59f7a23d22ab97fc79d8,2025-06,4.0,114251.0,0.034638581493488856,113393.66666666667,1.0,0.25,0.25,0.25,True,True,37,15.98441446959215,76.0,12.54388866997068,STATIC_CURRENT_SNAPSHOT,False
col_9b8d9872383b59f7a23d22ab97fc79d8,2025-07,4.0,,,,0.0,0.0,0.0,0.0,False,True,37,15.98441446959215,76.0,12.54388866997068,STATIC_CURRENT_SNAPSHOT,False
col_9b8d9872383b59f7a23d22ab97fc79d8,2025-08,4.0,,,,0.0,0.0,0.0,0.0,False,True,37,15.98441446959215,76.0,12.54388866997068,STATIC_CURRENT_SNAPSHOT,False
col_9b8d9872383b59f7a23d22ab97fc79d8,2025-09,4.0,,,,0.0,0.0,0.0,0.0,False,True,37,15.98441446959215,76.0,12.54388866997068,STATIC_CURRENT_SNAPSHOT,False
col_9b8d9872383b59f7a23d22ab97fc79d8,2025-10,4.0,,,,0.0,0.0,0.0,0.0,False,True,37,15.98441446959215,76.0,12.54388866997068,STATIC_CURRENT_SNAPSHOT,False
col_9b8d9872383b59f7a23d22ab97fc79d8,2025-11,4.0,,,,0.0,0.0,0.0,0.0,False,True,37,15.98441446959215,76.0,12.54388866997068,STATIC_CURRENT_SNAPSHOT,False
col_9b8d9872383b59f7a23d22ab97fc79d8,2025-12,4.0,83943.0,-0.09412399503588194,87671.66666666667,1.0,0.25,0.25,0.25,True,True,37,15.98441446959215,76.0,12.54388866997068,STATIC_CURRENT_SNAPSHOT,False
col_9b8d9872383b59f7a23d22ab97fc79d8,2026-01,4.0,,,,0.0,0.0,0.0,0.0,False,True,37,15.98441446959215,76.0,12.54388866997068,STATIC_CURRENT_SNAPSHOT,False
col_9b8d9872383b59f7a23d22ab97fc79d8,2026-02,4.0,82186.0,0.044095788604459125,81614.66666666667,1.0,0.25,0.25,0.25,True,True,37,15.98441446959215,76.0,12.54388866997068,STATIC_CURRENT_SNAPSHOT,False
col_9b8d9872383b59f7a23d22ab97fc79d8,2026-03,4.0,,,,0.0,0.0,0.0,0.0,False,True,37,15.98441446959215,76.0,12.54388866997068,STATIC_CURRENT_SNAPSHOT,False
col_9b8d9872383b59f7a23d22ab97fc79d8,2026-04,4.0,,,,0.0,0.0,0.0,0.0,False,True,37,15.98441446959215,76.0,12.54388866997068,STATIC_CURRENT_SNAPSHOT,False
col_9b8d9872383b59f7a23d22ab97fc79d8,2026-05,4.0,,,,0.0,0.0,0.0,0.0,False,True,37,15.98441446959215,76.0,12.54388866997068,STATIC_CURRENT_SNAPSHOT,False
col_9b8d9872383b59f7a23d22ab97fc79d8,2026-06,4.0,84986.0,-0.012502614394273895,86322.33333333333,1.0,0.25,0.25,0.25,True,True,37,15.98441446959215,76.0,12.54388866997068,STATIC_CURRENT_SNAPSHOT,False
col_9b8d9872383b59f7a23d22ab97fc79d8,2026-07,4.0,,,,0.0,0.0,0.0,0.0,False,True,37,15.98441446959215,76.0,12.54388866997068,STATIC_CURRENT_SNAPSHOT,False
col_9b8d9872383b59f7a23d22ab97fc79d8,2026-08,4.0,,,,0.0,0.0,0.0,0.0,False,True,37,15.98441446959215,76.0,12.54388866997068,STATIC_CURRENT_SNAPSHOT,False
col_9bbea60acc995fa7b9c482efc14ebb94,2023-01,5.0,,,,0.0,0.0,0.0,0.0,False,True,5,12.950322115929271,29.0,10.276787494317759,STATIC_CURRENT_SNAPSHOT,False
col_9bbea60acc995fa7b9c482efc14ebb94,2023-02,5.0,11938.5,,,4.0,0.8,0.0,0.0,True,True,5,12.950322115929271,29.0,10.276787494317759,STATIC_CURRENT_SNAPSHOT,False
col_9bbea60acc995fa7b9c482efc14ebb94,2023-03,5.0,6529.750000000001,0.04085116911727042,,4.0,0.8,0.8,0.0,True,True,5,12.950322115929271,29.0,10.276787494317759,STATIC_CURRENT_SNAPSHOT,False
col_9bbea60acc995fa7b9c482efc14ebb94,2023-04,5.0,3054.0,0.49559255631733595,2320.3333333333335,1.0,0.2,0.2,0.2,True,True,5,12.950322115929271,29.0,10.276787494317759,STATIC_CURRENT_SNAPSHOT,False
col_9bbea60acc995fa7b9c482efc14ebb94,2023-05,5.0,8020.0,-0.002198895827764118,7457.083333333333,4.0,0.8,0.8,0.8,True,True,5,12.950322115929271,29.0,10.276787494317759,STATIC_CURRENT_SNAPSHOT,False
col_9bbea60acc995fa7b9c482efc14ebb94,2023-06,5.0,4669.666666666666,0.19289462795823425,4366.111111111111,3.0,0.6000000000000001,0.6000000000000001,0.6000000000000001,True,True,5,12.950322115929271,29.0,10.276787494317759,STATIC_CURRENT_SNAPSHOT,False
col_9bbea60acc995fa7b9c482efc14ebb94,2023-07,5.0,4603.0,-0.014923204103214627,4399.444444444443,3.0,0.6000000000000001,0.6000000000000001,0.6000000000000001,True,True,5,12.950322115929271,29.0,10.276787494317759,STATIC_CURRENT_SNAPSHOT,False
col_9bbea60acc995fa7b9c482efc14ebb94,2023-08,5.0,11025.333333333332,-0.03415274799666927,11297.22222222222,3.0,0.6000000000000001,0.6000000000000001,0.6000000000000001,True,True,5,12.950322115929271,29.0,10.276787494317759,STATIC_CURRENT_SNAPSHOT,False
col_9bbea60acc995fa7b9c482efc14ebb94,2023-09,5.0,4967.333333333334,0.09383317308750015,4706.111111111111,3.0,0.6000000000000001,0.6000000000000001,0.6000000000000001,True,True,5,12.950322115929271,29.0,10.276787494317759,STATIC_CURRENT_SNAPSHOT,False
col_9bbea60acc995fa7b9c482efc14ebb94,2023-10,5.0,5398.5,0.05294909611506211,5036.666666666667,2.0,0.4,0.4,0.4,True,True,5,12.950322115929271,29.0,10.276787494317759,STATIC_CURRENT_SNAPSHOT,False
col_9bbea60acc995fa7b9c482efc14ebb94,2023-11,5.0,24405.25,0.1293314517278601,22453.666666666668,4.0,0.8,0.8,0.8,True,True,5,12.950322115929271,29.0,10.276787494317759,STATIC_CURRENT_SNAPSHOT,False
col_9bbea60acc995fa7b9c482efc14ebb94,2023-12,5.0,5735.0,-0.0286880447929302,5635.0,2.0,0.4,0.4,0.4,True,True,5,12.950322115929271,29.0,10.276787494317759,STATIC_CURRENT_SNAPSHOT,False
col_9bbea60acc995fa7b9c482efc14ebb94,2024-01,5.0,12649.999999999998,-0.1468226953212644,14009.444444444445,3.0,0.6000000000000001,0.6000000000000001,0.6000000000000001,True,True,5,12.950322115929271,29.0,10.276787494317759,STATIC_CURRENT_SNAPSHOT,False
col_9bbea60acc995fa7b9c482efc14ebb94,2024-02,5.0,6211.0,0.330544856983273,5522.444444444444,3.0,0.6000000000000001,0.6000000000000001,0.6000000000000001,True,True,5,12.950322115929271,29.0,10.276787494317759,STATIC_CURRENT_SNAPSHOT,False
col_9bbea60acc995fa7b9c482efc14ebb94,2024-03,5.0,5887.5,0.025645607845076416,5304.333333333334,2.0,0.4,0.4,0.4,True,True,5,12.950322115929271,29.0,10.276787494317759,STATIC_CURRENT_SNAPSHOT,False
col_9bbea60acc995fa7b9c482efc14ebb94,2024-04,5.0,14092.5,-1.0815858893183962e-05,13804.833333333336,4.0,0.8,0.8,0.8,True,True,5,12.950322115929271,29.0,10.276787494317759,STATIC_CURRENT_SNAPSHOT,False
col_9bbea60acc995fa7b9c482efc14ebb94,2024-05,5.0,7649.0,0.20055744967972108,6835.11111111111,3.0,0.6000000000000001,0.6000000000000001,0.6000000000000001,True,True,5,12.950322115929271,29.0,10.276787494317759,STATIC_CURRENT_SNAPSHOT,False
col_9bbea60acc995fa7b9c482efc14ebb94,2024-06,5.0,6732.0,-0.040068444317695705,6406.333333333333,1.0,0.2,0.2,0.2,True,True,5,12.950322115929271,29.0,10.276787494317759,STATIC_CURRENT_SNAPSHOT,False
col_9bbea60acc995fa7b9c482efc14ebb94,2024-07,5.0,20780.75,-0.08534054717736536,22034.5,4.0,0.8,0.8,0.8,True,True,5,12.950322115929271,29.0,10.276787494317759,STATIC_CURRENT_SNAPSHOT,False
col_9bbea60acc995fa7b9c482efc14ebb94,2024-08,5.0,5979.5,-0.051976571873057605,6429.5,2.0,0.4,0.4,0.4,True,True,5,12.950322115929271,29.0,10.276787494317759,STATIC_CURRENT_SNAPSHOT,False
col_9bbea60acc995fa7b9c482efc14ebb94,2024-09,5.0,6990.333333333332,0.04063414380310032,6918.222222222222,3.0,0.6000000000000001,0.6000000000000001,0.6000000000000001,True,True,5,12.950322115929271,29.0,10.276787494317759,STATIC_CURRENT_SNAPSHOT,False
col_9bbea60acc995fa7b9c482efc14ebb94,2024-10,5.0,22922.0,-0.05497429055683026,23584.733333333337,5.0,1.0,1.0,1.0,True,True,5,12.950322115929271,29.0,10.276787494317759,STATIC_CURRENT_SNAPSHOT,False
col_9bbea60acc995fa7b9c482efc14ebb94,2024-11,5.0,,,,0.0,0.0,0.0,0.0,False,True,5,12.950322115929271,29.0,10.276787494317759,STATIC_CURRENT_SNAPSHOT,False
col_9bbea60acc995fa7b9c482efc14ebb94,2024-12,5.0,6999.000000000001,,,2.0,0.4,0.0,0.0,True,True,5,12.950322115929271,29.0,10.276787494317759,STATIC_CURRENT_SNAPSHOT,False
col_9bbea60acc995fa7b9c482efc14ebb94,2025-01,5.0,13030.499999999998,-0.15087294567289877,,4.0,0.8,0.8,0.0,True,True,5,12.950322115929271,29.0,10.276787494317759,STATIC_CURRENT_SNAPSHOT,False
col_9bbea60acc995fa7b9c482efc14ebb94,2025-02,5.0,6774.666666666666,0.14694766862993203,6571.11111111111,3.0,0.6000000000000001,0.6000000000000001,0.6000000000000001,True,True,5,12.950322115929271,29.0,10.276787494317759,STATIC_CURRENT_SNAPSHOT,False
col_9bbea60acc995fa7b9c482efc14ebb94,2025-03,5.0,16036.999999999998,-0.06465404325848784,16319.999999999998,3.0,0.6000000000000001,0.6000000000000001,0.6000000000000001,True,True,5,12.950322115929271,29.0,10.276787494317759,STATIC_CURRENT_SNAPSHOT,False
col_9bbea60acc995fa7b9c482efc14ebb94,2025-04,5.0,13629.749999999998,0.032793342780456675,13712.416666666668,4.0,0.8,0.8,0.8,True,True,5,12.950322115929271,29.0,10.276787494317759,STATIC_CURRENT_SNAPSHOT,False
col_9bbea60acc995fa7b9c482efc14ebb94,2025-05,5.0,5477.5,-0.046735592839907976,5621.833333333332,2.0,0.4,0.4,0.4,True,True,5,12.950322115929271,29.0,10.276787494317759,STATIC_CURRENT_SNAPSHOT,False
col_9bbea60acc995fa7b9c482efc14ebb94,2025-06,5.0,13404.250000000002,0.047118022225708975,13330.583333333334,4.0,0.8,0.8,0.8,True,True,5,12.950322115929271,29.0,10.276787494317759,STATIC_CURRENT_SNAPSHOT,False
col_9bbea60acc995fa7b9c482efc14ebb94,2025-07,5.0,18455.666666666668,-0.12713389588083646,20367.0,3.0,0.6000000000000001,0.6000000000000001,0.6000000000000001,True,True,5,12.950322115929271,29.0,10.276787494317759,STATIC_CURRENT_SNAPSHOT,False
col_9bbea60acc995fa7b9c482efc14ebb94,2025-08,5.0,20150.2,0.07389920458232573,20042.26666666667,5.0,1.0,1.0,1.0,True,True,5,12.950322115929271,29.0,10.276787494317759,STATIC_CURRENT_SNAPSHOT,False
col_9bbea60acc995fa7b9c482efc14ebb94,2025-09,5.0,12974.250000000002,-0.018116293118879485,12618.416666666666,4.0,0.8,0.8,0.8,True,True,5,12.950322115929271,29.0,10.276787494317759,STATIC_CURRENT_SNAPSHOT,False
col_9bbea60acc995fa7b9c482efc14ebb94,2025-10,5.0,7714.000000000001,0.03238758029978587,7608.333333333333,1.0,0.2,0.2,0.2,True,True,5,12.950322115929271,29.0,10.276787494317759,STATIC_CURRENT_SNAPSHOT,False
col_9bbea60acc995fa7b9c482efc14ebb94,2025-11,5.0,,,,0.0,0.0,0.0,0.0,False,True,5,12.950322115929271,29.0,10.276787494317759,STATIC_CURRENT_SNAPSHOT,False
col_9bbea60acc995fa7b9c482efc14ebb94,2025-12,5.0,33772.0,-0.07097271126760564,34636.333333333336,1.0,0.2,0.2,0.2,True,True,5,12.950322115929271,29.0,10.276787494317759,STATIC_CURRENT_SNAPSHOT,False
col_9bbea60acc995fa7b9c482efc14ebb94,2026-01,5.0,5933.5,-0.10158693974443497,6615.5,2.0,0.4,0.4,0.4,True,True,5,12.950322115929271,29.0,10.276787494317759,STATIC_CURRENT_SNAPSHOT,False
col_9bbea60acc995fa7b9c482efc14ebb94,2026-02,5.0,,,,0.0,0.0,0.0,0.0,False,True,5,12.950322115929271,29.0,10.276787494317759,STATIC_CURRENT_SNAPSHOT,False
col_9bbea60acc995fa7b9c482efc14ebb94,2026-03,5.0,4918.0,-0.04819043932649506,4950.666666666667,1.0,0.2,0.2,0.2,True,True,5,12.950322115929271,29.0,10.276787494317759,STATIC_CURRENT_SNAPSHOT,False
col_9bbea60acc995fa7b9c482efc14ebb94,2026-04,5.0,6205.999999999999,0.049707551684918534,6130.666666666666,3.0,0.6000000000000001,0.6000000000000001,0.6000000000000001,True,True,5,12.950322115929271,29.0,10.276787494317759,STATIC_CURRENT_SNAPSHOT,False
col_9bbea60acc995fa7b9c482efc14ebb94,2026-05,5.0,5906.333333333333,-0.056754642941046624,6034.888888888889,3.0,0.6000000000000001,0.6000000000000001,0.6000000000000001,True,True,5,12.950322115929271,29.0,10.276787494317759,STATIC_CURRENT_SNAPSHOT,False
col_9bbea60acc995fa7b9c482efc14ebb94,2026-06,5.0,16484.750000000004,0.003744055128125281,16588.75,4.0,0.8,0.8,0.8,True,True,5,12.950322115929271,29.0,10.276787494317759,STATIC_CURRENT_SNAPSHOT,False
col_9bbea60acc995fa7b9c482efc14ebb94,2026-07,5.0,5574.000000000001,-0.13966793414977197,6119.833333333333,2.0,0.4,0.4,0.4,True,True,5,12.950322115929271,29.0,10.276787494317759,STATIC_CURRENT_SNAPSHOT,False
col_9bbea60acc995fa7b9c482efc14ebb94,2026-08,5.0,19755.333333333332,0.1191283241096825,19300.999999999996,3.0,0.6000000000000001,0.6000000000000001,0.6000000000000001,True,True,5,12.950322115929271,29.0,10.276787494317759,STATIC_CURRENT_SNAPSHOT,False
col_9f7b23fc019150a58f8d3fa8ecb0545b,2023-01,6.0,,,,0.0,0.0,0.0,0.0,False,True,6,20.29340286347625,28.0,10.743130454183149,STATIC_CURRENT_SNAPSHOT,False
col_9f7b23fc019150a58f8d3fa8ecb0545b,2023-02,6.0,5087.0,,,3.0,0.5,0.0,0.0,True,True,6,20.29340286347625,28.0,10.743130454183149,STATIC_CURRENT_SNAPSHOT,False
col_9f7b23fc019150a58f8d3fa8ecb0545b,2023-03,6.0,6605.499999999999,-0.020876826722338204,,2.0,0.3333333333333333,0.16666666666666666,0.0,True,True,6,20.29340286347625,28.0,10.743130454183149,STATIC_CURRENT_SNAPSHOT,False
col_9f7b23fc019150a58f8d3fa8ecb0545b,2023-04,6.0,5911.0,8.716264362363493,9855.5,5.0,0.8333333333333333,0.5,0.3333333333333333,True,True,6,20.29340286347625,28.0,10.743130454183149,STATIC_CURRENT_SNAPSHOT,False
col_9f7b23fc019150a58f8d3fa8ecb0545b,2023-05,6.0,6176.999999999999,0.607307986480262,5970.777777777777,5.0,0.8333333333333333,0.8333333333333333,0.5,True,True,6,20.29340286347625,28.0,10.743130454183149,STATIC_CURRENT_SNAPSHOT,False
col_9f7b23fc019150a58f8d3fa8ecb0545b,2023-06,6.0,6231.999999999999,0.25453220758975564,4996.916666666666,4.0,0.6666666666666666,0.6666666666666666,0.6666666666666666,True,True,6,20.29340286347625,28.0,10.743130454183149,STATIC_CURRENT_SNAPSHOT,False
col_9f7b23fc019150a58f8d3fa8ecb0545b,2023-07,6.0,8589.5,0.08485972912356263,7630.666666666667,4.0,0.6666666666666666,0.6666666666666666,0.6666666666666666,True,True,6,20.29340286347625,28.0,10.743130454183149,STATIC_CURRENT_SNAPSHOT,False
col_9f7b23fc019150a58f8d3fa8ecb0545b,2023-08,6.0,9126.8,-0.03082271236418816,9085.266666666666,5.0,0.8333333333333333,0.8333333333333333,0.8333333333333333,True,True,6,20.29340286347625,28.0,10.743130454183149,STATIC_CURRENT_SNAPSHOT,False
col_9f7b23fc019150a58f8d3fa8ecb0545b,2023-09,6.0,10551.6,0.10463513603374548,9640.933333333332,5.0,0.8333333333333333,0.8333333333333333,0.8333333333333333,True,True,6,20.29340286347625,28.0,10.743130454183149,STATIC_CURRENT_SNAPSHOT,False
col_9f7b23fc019150a58f8d3fa8ecb0545b,2023-10,6.0,10293.25,-0.001876707112491223,9593.75,4.0,0.6666666666666666,0.6666666666666666,0.6666666666666666,True,True,6,20.29340286347625,28.0,10.743130454183149,STATIC_CURRENT_SNAPSHOT,False
col_9f7b23fc019150a58f8d3fa8ecb0545b,2023-11,6.0,13831.999999999998,0.16990828254610815,12499.249999999998,4.0,0.6666666666666666,0.6666666666666666,0.6666666666666666,True,True,6,20.29340286347625,28.0,10.743130454183149,STATIC_CURRENT_SNAPSHOT,False
col_9f7b23fc019150a58f8d3fa8ecb0545b,2023-12,6.0,9387.333333333332,-0.06215624413183674,9145.111111111111,3.0,0.5,0.5,0.5,True,True,6,20.29340286347625,28.0,10.743130454183149,STATIC_CURRENT_SNAPSHOT,False
col_9f7b23fc019150a58f8d3fa8ecb0545b,2024-01,6.0,12391.4,-0.16788784926422742,14044.133333333335,5.0,0.8333333333333333,0.8333333333333333,0.8333333333333333,True,True,6,20.29340286347625,28.0,10.743130454183149,STATIC_CURRENT_SNAPSHOT,False
col_9f7b23fc019150a58f8d3fa8ecb0545b,2024-02,6.0,12561.75,0.3743678040172933,10945.416666666666,4.0,0.6666666666666666,0.6666666666666666,0.6666666666666666,True,True,6,20.29340286347625,28.0,10.743130454183149,STATIC_CURRENT_SNAPSHOT,False
col_9f7b23fc019150a58f8d3fa8ecb0545b,2024-03,6.0,11074.0,0.03699444958882407,9769.888888888889,3.0,0.5,0.5,0.5,True,True,6,20.29340286347625,28.0,10.743130454183149,STATIC_CURRENT_SNAPSHOT,False
col_9f7b23fc019150a58f8d3fa8ecb0545b,2024-04,6.0,10901.666666666666,0.013148865831280592,10587.333333333334,3.0,0.5,0.5,0.5,True,True,6,20.29340286347625,28.0,10.743130454183149,STATIC_CURRENT_SNAPSHOT,False
col_9f7b23fc019150a58f8d3fa8ecb0545b,2024-05,6.0,9245.333333333334,0.23350590227923804,7946.88888888889,3.0,0.5,0.5,0.5,True,True,6,20.29340286347625,28.0,10.743130454183149,STATIC_CURRENT_SNAPSHOT,False
col_9f7b23fc019150a58f8d3fa8ecb0545b,2024-06,6.0,27680.499999999996,0.07851895724364778,25091.0,4.0,0.6666666666666666,0.6666666666666666,0.6666666666666666,True,True,6,20.29340286347625,28.0,10.743130454183149,STATIC_CURRENT_SNAPSHOT,False
col_9f7b23fc019150a58f8d3fa8ecb0545b,2024-07,6.0,17817.199999999997,-0.09544876957901806,18779.6,5.0,0.8333333333333333,0.8333333333333333,0.8333333333333333,True,True,6,20.29340286347625,28.0,10.743130454183149,STATIC_CURRENT_SNAPSHOT,False
col_9f7b23fc019150a58f8d3fa8ecb0545b,2024-08,6.0,17213.2,-0.024875787994878395,18247.266666666666,5.0,0.8333333333333333,0.8333333333333333,0.8333333333333333,True,True,6,20.29340286347625,28.0,10.743130454183149,STATIC_CURRENT_SNAPSHOT,False
col_9f7b23fc019150a58f8d3fa8ecb0545b,2024-09,6.0,21188.666666666664,0.07202789300282572,20504.333333333332,3.0,0.5,0.5,0.5,True,True,6,20.29340286347625,28.0,10.743130454183149,STATIC_CURRENT_SNAPSHOT,False
col_9f7b23fc019150a58f8d3fa8ecb0545b,2024-10,6.0,18724.166666666668,-0.0637205984818007,18867.66666666667,6.0,0.9999999999999999,0.9999999999999999,0.9999999999999999,True,True,6,20.29340286347625,28.0,10.743130454183149,STATIC_CURRENT_SNAPSHOT,False
col_9f7b23fc019150a58f8d3fa8ecb0545b,2024-11,6.0,,,,0.0,0.0,0.0,0.0,False,True,6,20.29340286347625,28.0,10.743130454183149,STATIC_CURRENT_SNAPSHOT,False
col_9f7b23fc019150a58f8d3fa8ecb0545b,2024-12,6.0,21285.0,,,2.0,0.3333333333333333,0.0,0.0,True,True,6,20.29340286347625,28.0,10.743130454183149,STATIC_CURRENT_SNAPSHOT,False
col_9f7b23fc019150a58f8d3fa8ecb0545b,2025-01,6.0,12961.4,-0.13887404685478308,,5.0,0.8333333333333333,0.8333333333333333,0.0,True,True,6,20.29340286347625,28.0,10.743130454183149,STATIC_CURRENT_SNAPSHOT,False
col_9f7b23fc019150a58f8d3fa8ecb0545b,2025-02,6.0,12633.75,0.12575960465541888,12295.750000000002,4.0,0.6666666666666666,0.6666666666666666,0.6666666666666666,True,True,6,20.29340286347625,28.0,10.743130454183149,STATIC_CURRENT_SNAPSHOT,False
col_9f7b23fc019150a58f8d3fa8ecb0545b,2025-03,6.0,20002.0,-0.024338741248735894,19419.333333333332,3.0,0.5,0.5,0.5,True,True,6,20.29340286347625,28.0,10.743130454183149,STATIC_CURRENT_SNAPSHOT,False
col_9f7b23fc019150a58f8d3fa8ecb0545b,2025-04,6.0,13990.2,0.004970366201278709,11880.416666666666,5.0,0.8333333333333333,0.6666666666666666,0.6666666666666666,True,True,6,20.29340286347625,28.0,10.743130454183149,STATIC_CURRENT_SNAPSHOT,False
col_9f7b23fc019150a58f8d3fa8ecb0545b,2025-05,6.0,13737.75,-0.04337595049073132,14105.333333333332,4.0,0.6666666666666666,0.6666666666666666,0.6666666666666666,True,True,6,20.29340286347625,28.0,10.743130454183149,STATIC_CURRENT_SNAPSHOT,False
col_9f7b23fc019150a58f8d3fa8ecb0545b,2025-06,6.0,20726.333333333332,0.08331002251419069,20054.88888888889,3.0,0.5,0.5,0.5,True,True,6,20.29340286347625,28.0,10.743130454183149,STATIC_CURRENT_SNAPSHOT,False
col_9f7b23fc019150a58f8d3fa8ecb0545b,2025-07,6.0,7543.333333333332,-0.12858662296514617,8012.0,3.0,0.5,0.5,0.5,True,True,6,20.29340286347625,28.0,10.743130454183149,STATIC_CURRENT_SNAPSHOT,False
col_9f7b23fc019150a58f8d3fa8ecb0545b,2025-08,6.0,13898.4,0.09160425274612713,13830.266666666666,5.0,0.8333333333333333,0.8333333333333333,0.8333333333333333,True,True,6,20.29340286347625,28.0,10.743130454183149,STATIC_CURRENT_SNAPSHOT,False
col_9f7b23fc019150a58f8d3fa8ecb0545b,2025-09,6.0,10540.25,-0.08938912481505915,10976.5,4.0,0.6666666666666666,0.6666666666666666,0.6666666666666666,True,True,6,20.29340286347625,28.0,10.743130454183149,STATIC_CURRENT_SNAPSHOT,False
col_9f7b23fc019150a58f8d3fa8ecb0545b,2025-10,6.0,10508.0,-0.008379032670777813,10871.583333333334,4.0,0.6666666666666666,0.6666666666666666,0.6666666666666666,True,True,6,20.29340286347625,28.0,10.743130454183149,STATIC_CURRENT_SNAPSHOT,False
col_9f7b23fc019150a58f8d3fa8ecb0545b,2025-11,6.0,7326.5,0.11940763535547191,6826.5,2.0,0.3333333333333333,0.3333333333333333,0.3333333333333333,True,True,6,20.29340286347625,28.0,10.743130454183149,STATIC_CURRENT_SNAPSHOT,False
col_9f7b23fc019150a58f8d3fa8ecb0545b,2025-12,6.0,10669.0,-0.09103135853805691,10802.777777777777,3.0,0.5,0.5,0.5,True,True,6,20.29340286347625,28.0,10.743130454183149,STATIC_CURRENT_SNAPSHOT,False
col_9f7b23fc019150a58f8d3fa8ecb0545b,2026-01,6.0,14394.25,-0.08722012247696488,15933.833333333332,4.0,0.6666666666666666,0.6666666666666666,0.6666666666666666,True,True,6,20.29340286347625,28.0,10.743130454183149,STATIC_CURRENT_SNAPSHOT,False
col_9f7b23fc019150a58f8d3fa8ecb0545b,2026-02,6.0,11086.666666666666,0.0894288488612655,10765.333333333334,3.0,0.5,0.5,0.5,True,True,6,20.29340286347625,28.0,10.743130454183149,STATIC_CURRENT_SNAPSHOT,False
col_9f7b23fc019150a58f8d3fa8ecb0545b,2026-03,6.0,10584.0,-0.039098775897044705,10585.833333333334,4.0,0.6666666666666666,0.6666666666666666,0.6666666666666666,True,True,6,20.29340286347625,28.0,10.743130454183149,STATIC_CURRENT_SNAPSHOT,False
col_9f7b23fc019150a58f8d3fa8ecb0545b,2026-04,6.0,13731.499999999998,0.07860796463000023,13433.166666666668,4.0,0.6666666666666666,0.6666666666666666,0.6666666666666666,True,True,6,20.29340286347625,28.0,10.743130454183149,STATIC_CURRENT_SNAPSHOT,False
col_9f7b23fc019150a58f8d3fa8ecb0545b,2026-05,6.0,5865.0,-0.06654994877184024,5916.333333333334,2.0,0.3333333333333333,0.3333333333333333,0.3333333333333333,True,True,6,20.29340286347625,28.0,10.743130454183149,STATIC_CURRENT_SNAPSHOT,False
col_9f7b23fc019150a58f8d3fa8ecb0545b,2026-06,6.0,10481.666666666668,0.022387287771842918,10459.444444444445,3.0,0.5,0.5,0.5,True,True,6,20.29340286347625,28.0,10.743130454183149,STATIC_CURRENT_SNAPSHOT,False
col_9f7b23fc019150a58f8d3fa8ecb0545b,2026-07,6.0,9757.333333333332,-0.13069179261319297,10861.444444444443,3.0,0.5,0.5,0.5,True,True,6,20.29340286347625,28.0,10.743130454183149,STATIC_CURRENT_SNAPSHOT,False
col_9f7b23fc019150a58f8d3fa8ecb0545b,2026-08,6.0,12870.666666666666,0.1391855887439566,12525.222222222219,3.0,0.5,0.5,0.5,True,True,6,20.29340286347625,28.0,10.743130454183149,STATIC_CURRENT_SNAPSHOT,False
col_a069943804255517b1a44551a37b7d8e,2023-01,6.0,,,,0.0,0.0,0.0,0.0,False,True,7,13.753008981022575,24.0,9.938715170406304,STATIC_CURRENT_SNAPSHOT,False
col_a069943804255517b1a44551a37b7d8e,2023-02,6.0,4190.0,,,3.0,0.5,0.0,0.0,True,True,7,13.753008981022575,24.0,9.938715170406304,STATIC_CURRENT_SNAPSHOT,False
col_a069943804255517b1a44551a37b7d8e,2023-03,6.0,4965.666666666667,-0.04561838754961783,,3.0,0.5,0.3333333333333333,0.0,True,True,7,13.753008981022575,24.0,9.938715170406304,STATIC_CURRENT_SNAPSHOT,False
col_a069943804255517b1a44551a37b7d8e,2023-04,6.0,5534.25,13.072557101150608,12607.999999999998,4.0,0.6666666666666666,0.3333333333333333,0.16666666666666666,True,True,7,13.753008981022575,24.0,9.938715170406304,STATIC_CURRENT_SNAPSHOT,False
col_a069943804255517b1a44551a37b7d8e,2023-05,6.0,5787.8,0.6208413926385826,5182.666666666666,5.0,0.8333333333333333,0.8333333333333333,0.5,True,True,7,13.753008981022575,24.0,9.938715170406304,STATIC_CURRENT_SNAPSHOT,False
col_a069943804255517b1a44551a37b7d8e,2023-06,6.0,5806.25,0.28326253461009515,4497.75,4.0,0.6666666666666666,0.6666666666666666,0.6666666666666666,True,True,7,13.753008981022575,24.0,9.938715170406304,STATIC_CURRENT_SNAPSHOT,False
col_a069943804255517b1a44551a37b7d8e,2023-07,6.0,9550.6,0.07194262859230781,8657.466666666667,5.0,0.8333333333333333,0.8333333333333333,0.8333333333333333,True,True,7,13.753008981022575,24.0,9.938715170406304,STATIC_CURRENT_SNAPSHOT,False
col_a069943804255517b1a44551a37b7d8e,2023-08,6.0,6312.5,-0.019890775609221912,6088.666666666667,4.0,0.6666666666666666,0.6666666666666666,0.6666666666666666,True,True,7,13.753008981022575,24.0,9.938715170406304,STATIC_CURRENT_SNAPSHOT,False
col_a069943804255517b1a44551a37b7d8e,2023-09,6.0,9177.4,0.09840936552776867,8338.666666666668,5.0,0.8333333333333333,0.8333333333333333,0.8333333333333333,True,True,7,13.753008981022575,24.0,9.938715170406304,STATIC_CURRENT_SNAPSHOT,False
col_a069943804255517b1a44551a37b7d8e,2023-10,6.0,10355.75,0.06577836760080853,9388.083333333334,4.0,0.6666666666666666,0.6666666666666666,0.6666666666666666,True,True,7,13.753008981022575,24.0,9.938715170406304,STATIC_CURRENT_SNAPSHOT,False
col_a069943804255517b1a44551a37b7d8e,2023-11,6.0,11814.75,0.12291333825752031,10732.583333333332,4.0,0.6666666666666666,0.6666666666666666,0.6666666666666666,True,True,7,13.753008981022575,24.0,9.938715170406304,STATIC_CURRENT_SNAPSHOT,False
col_a069943804255517b1a44551a37b7d8e,2023-12,6.0,11553.499999999998,-0.044081068228730855,11268.0,4.0,0.6666666666666666,0.6666666666666666,0.6666666666666666,True,True,7,13.753008981022575,24.0,9.938715170406304,STATIC_CURRENT_SNAPSHOT,False
col_a069943804255517b1a44551a37b7d8e,2024-01,6.0,9111.0,-0.16358872037634256,10326.800000000001,5.0,0.8333333333333333,0.8333333333333333,0.8333333333333333,True,True,7,13.753008981022575,24.0,9.938715170406304,STATIC_CURRENT_SNAPSHOT,False
col_a069943804255517b1a44551a37b7d8e,2024-02,6.0,6161.666666666666,0.2896948350580417,5607.666666666666,3.0,0.5,0.5,0.5,True,True,7,13.753008981022575,24.0,9.938715170406304,STATIC_CURRENT_SNAPSHOT,False
col_a069943804255517b1a44551a37b7d8e,2024-03,6.0,12035.0,0.03406961421915225,10726.000000000002,2.0,0.3333333333333333,0.3333333333333333,0.3333333333333333,True,True,7,13.753008981022575,24.0,9.938715170406304,STATIC_CURRENT_SNAPSHOT,False
col_a069943804255517b1a44551a37b7d8e,2024-04,6.0,13177.0,0.014979612259733153,12901.583333333332,4.0,0.6666666666666666,0.6666666666666666,0.6666666666666666,True,True,7,13.753008981022575,24.0,9.938715170406304,STATIC_CURRENT_SNAPSHOT,False
col_a069943804255517b1a44551a37b7d8e,2024-05,6.0,7947.0,0.15709828208254428,7160.444444444445,3.0,0.5,0.5,0.5,True,True,7,13.753008981022575,24.0,9.938715170406304,STATIC_CURRENT_SNAPSHOT,False
col_a069943804255517b1a44551a37b7d8e,2024-06,6.0,26960.499999999996,0.07710931291628757,24672.999999999996,2.0,0.3333333333333333,0.3333333333333333,0.3333333333333333,True,True,7,13.753008981022575,24.0,9.938715170406304,STATIC_CURRENT_SNAPSHOT,False
col_a069943804255517b1a44551a37b7d8e,2024-07,6.0,13870.6,-0.1003271384112243,14775.266666666666,5.0,0.8333333333333333,0.8333333333333333,0.8333333333333333,True,True,7,13.753008981022575,24.0,9.938715170406304,STATIC_CURRENT_SNAPSHOT,False
col_a069943804255517b1a44551a37b7d8e,2024-08,6.0,11916.666666666666,-0.02121542805988626,12716.0,3.0,0.5,0.5,0.5,True,True,7,13.753008981022575,24.0,9.938715170406304,STATIC_CURRENT_SNAPSHOT,False
col_a069943804255517b1a44551a37b7d8e,2024-09,6.0,19280.666666666664,0.052520924576068745,18768.88888888889,3.0,0.5,0.5,0.5,True,True,7,13.753008981022575,24.0,9.938715170406304,STATIC_CURRENT_SNAPSHOT,False
col_a069943804255517b1a44551a37b7d8e,2024-10,6.0,14872.5,-0.0772100779686229,15402.166666666668,6.0,0.9999999999999999,0.9999999999999999,0.9999999999999999,True,True,7,13.753008981022575,24.0,9.938715170406304,STATIC_CURRENT_SNAPSHOT,False
col_a069943804255517b1a44551a37b7d8e,2024-11,6.0,,,,0.0,0.0,0.0,0.0,False,True,7,13.753008981022575,24.0,9.938715170406304,STATIC_CURRENT_SNAPSHOT,False
col_a069943804255517b1a44551a37b7d8e,2024-12,6.0,11258.666666666666,,,3.0,0.5,0.0,0.0,True,True,7,13.753008981022575,24.0,9.938715170406304,STATIC_CURRENT_SNAPSHOT,False
col_a069943804255517b1a44551a37b7d8e,2025-01,6.0,11981.6,-0.15301849087813238,,5.0,0.8333333333333333,0.8333333333333333,0.0,True,True,7,13.753008981022575,24.0,9.938715170406304,STATIC_CURRENT_SNAPSHOT,False
col_a069943804255517b1a44551a37b7d8e,2025-02,6.0,13589.8,0.13333157954353023,13239.866666666669,5.0,0.8333333333333333,0.8333333333333333,0.8333333333333333,True,True,7,13.753008981022575,24.0,9.938715170406304,STATIC_CURRENT_SNAPSHOT,False
col_a069943804255517b1a44551a37b7d8e,2025-03,6.0,9051.0,-0.05209539080189097,8869.5,2.0,0.3333333333333333,0.3333333333333333,0.3333333333333333,True,True,7,13.753008981022575,24.0,9.938715170406304,STATIC_CURRENT_SNAPSHOT,False
col_a069943804255517b1a44551a37b7d8e,2025-04,6.0,14412.500000000002,0.021535163514573546,10728.916666666668,6.0,0.9999999999999999,0.6666666666666666,0.6666666666666666,True,True,7,13.753008981022575,24.0,9.938715170406304,STATIC_CURRENT_SNAPSHOT,False
col_a069943804255517b1a44551a37b7d8e,2025-05,6.0,14956.2,-0.0438257964884557,14105.333333333332,5.0,0.8333333333333333,0.8333333333333333,0.6666666666666666,True,True,7,13.753008981022575,24.0,9.938715170406304,STATIC_CURRENT_SNAPSHOT,False
col_a069943804255517b1a44551a37b7d8e,2025-06,6.0,11067.333333333332,0.06954911271142378,10738.222222222223,3.0,0.5,0.5,0.5,True,True,7,13.753008981022575,24.0,9.938715170406304,STATIC_CURRENT_SNAPSHOT,False
col_a069943804255517b1a44551a37b7d8e,2025-07,6.0,5698.0,-0.126625108192893,6063.5,2.0,0.3333333333333333,0.3333333333333333,0.3333333333333333,True,True,7,13.753008981022575,24.0,9.938715170406304,STATIC_CURRENT_SNAPSHOT,False
col_a069943804255517b1a44551a37b7d8e,2025-08,6.0,14386.5,0.08341238624405148,14260.222222222223,6.0,0.9999999999999999,0.9999999999999999,0.9999999999999999,True,True,7,13.753008981022575,24.0,9.938715170406304,STATIC_CURRENT_SNAPSHOT,False
col_a069943804255517b1a44551a37b7d8e,2025-09,6.0,11624.400000000001,-0.07353452052689145,12006.333333333334,5.0,0.8333333333333333,0.8333333333333333,0.8333333333333333,True,True,7,13.753008981022575,24.0,9.938715170406304,STATIC_CURRENT_SNAPSHOT,False
col_a069943804255517b1a44551a37b7d8e,2025-10,6.0,9675.5,-0.008972290317652764,9972.333333333334,4.0,0.6666666666666666,0.6666666666666666,0.6666666666666666,True,True,7,13.753008981022575,24.0,9.938715170406304,STATIC_CURRENT_SNAPSHOT,False
col_a069943804255517b1a44551a37b7d8e,2025-11,6.0,2557.0,0.14355992844364937,2382.0,1.0,0.16666666666666666,0.16666666666666666,0.16666666666666666,True,True,7,13.753008981022575,24.0,9.938715170406304,STATIC_CURRENT_SNAPSHOT,False
col_a069943804255517b1a44551a37b7d8e,2025-12,6.0,13228.999999999998,-0.07628240738092801,13192.5,4.0,0.6666666666666666,0.6666666666666666,0.6666666666666666,True,True,7,13.753008981022575,24.0,9.938715170406304,STATIC_CURRENT_SNAPSHOT,False
col_a069943804255517b1a44551a37b7d8e,2026-01,6.0,9058.333333333332,-0.0833280364990994,9833.222222222223,3.0,0.5,0.5,0.5,True,True,7,13.753008981022575,24.0,9.938715170406304,STATIC_CURRENT_SNAPSHOT,False
col_a069943804255517b1a44551a37b7d8e,2026-02,6.0,11065.000000000002,0.09547325102880659,10781.666666666666,2.0,0.3333333333333333,0.3333333333333333,0.3333333333333333,True,True,7,13.753008981022575,24.0,9.938715170406304,STATIC_CURRENT_SNAPSHOT,False
col_a069943804255517b1a44551a37b7d8e,2026-03,6.0,12378.25,-0.05690210778168981,12689.333333333332,4.0,0.6666666666666666,0.6666666666666666,0.6666666666666666,True,True,7,13.753008981022575,24.0,9.938715170406304,STATIC_CURRENT_SNAPSHOT,False
col_a069943804255517b1a44551a37b7d8e,2026-04,6.0,14147.0,0.059632901611808065,13932.933333333334,5.0,0.8333333333333333,0.8333333333333333,0.8333333333333333,True,True,7,13.753008981022575,24.0,9.938715170406304,STATIC_CURRENT_SNAPSHOT,False
col_a069943804255517b1a44551a37b7d8e,2026-05,6.0,6506.333333333333,-0.038841530278416414,6544.0,3.0,0.5,0.5,0.5,True,True,7,13.753008981022575,24.0,9.938715170406304,STATIC_CURRENT_SNAPSHOT,False
col_a069943804255517b1a44551a37b7d8e,2026-06,6.0,9792.25,0.014704190312127793,9775.833333333334,4.0,0.6666666666666666,0.6666666666666666,0.6666666666666666,True,True,7,13.753008981022575,24.0,9.938715170406304,STATIC_CURRENT_SNAPSHOT,False
col_a069943804255517b1a44551a37b7d8e,2026-07,6.0,8911.0,-0.1204139357228457,9849.666666666666,3.0,0.5,0.5,0.5,True,True,7,13.753008981022575,24.0,9.938715170406304,STATIC_CURRENT_SNAPSHOT,False
col_a069943804255517b1a44551a37b7d8e,2026-08,6.0,13733.5,0.15402570900662751,13204.083333333334,4.0,0.6666666666666666,0.6666666666666666,0.6666666666666666,True,True,7,13.753008981022575,24.0,9.938715170406304,STATIC_CURRENT_SNAPSHOT,False
col_a11503ab8f7b52ecba6e146f1cd2bcae,2023-01,4.0,,,,0.0,0.0,0.0,0.0,False,True,2,13.488464241490727,16.0,11.736655804515582,STATIC_CURRENT_SNAPSHOT,False
col_a11503ab8f7b52ecba6e146f1cd2bcae,2023-02,4.0,5231.333333333333,,,3.0,0.75,0.0,0.0,True,True,2,13.488464241490727,16.0,11.736655804515582,STATIC_CURRENT_SNAPSHOT,False
col_a11503ab8f7b52ecba6e146f1cd2bcae,2023-03,4.0,3385.0,0.0813284218633071,,2.0,0.5,0.5,0.0,True,True,2,13.488464241490727,16.0,11.736655804515582,STATIC_CURRENT_SNAPSHOT,False
col_a11503ab8f7b52ecba6e146f1cd2bcae,2023-04,4.0,2246.5,0.49559255631733595,2320.3333333333335,2.0,0.5,0.25,0.25,True,True,2,13.488464241490727,16.0,11.736655804515582,STATIC_CURRENT_SNAPSHOT,False
col_a11503ab8f7b52ecba6e146f1cd2bcae,2023-05,4.0,6675.25,0.761500749123105,6336.11111111111,4.0,1.0,1.0,0.75,True,True,2,13.488464241490727,16.0,11.736655804515582,STATIC_CURRENT_SNAPSHOT,False
col_a11503ab8f7b52ecba6e146f1cd2bcae,2023-06,4.0,5660.0,0.2653927031825242,4125.5,2.0,0.5,0.5,0.5,True,True,2,13.488464241490727,16.0,11.736655804515582,STATIC_CURRENT_SNAPSHOT,False
col_a11503ab8f7b52ecba6e146f1cd2bcae,2023-07,4.0,9250.0,0.010709021240933892,8404.555555555555,3.0,0.75,0.75,0.75,True,True,2,13.488464241490727,16.0,11.736655804515582,STATIC_CURRENT_SNAPSHOT,False
col_a11503ab8f7b52ecba6e146f1cd2bcae,2023-08,4.0,7899.0,0.03639835139970899,7710.5,2.0,0.5,0.5,0.5,True,True,2,13.488464241490727,16.0,11.736655804515582,STATIC_CURRENT_SNAPSHOT,False
col_a11503ab8f7b52ecba6e146f1cd2bcae,2023-09,4.0,7514.333333333333,0.12757881221347875,6885.111111111112,3.0,0.75,0.75,0.75,True,True,2,13.488464241490727,16.0,11.736655804515582,STATIC_CURRENT_SNAPSHOT,False
col_a11503ab8f7b52ecba6e146f1cd2bcae,2023-10,4.0,10802.666666666666,0.035432211423547626,10122.666666666666,3.0,0.75,0.75,0.75,True,True,2,13.488464241490727,16.0,11.736655804515582,STATIC_CURRENT_SNAPSHOT,False
col_a11503ab8f7b52ecba6e146f1cd2bcae,2023-11,4.0,15684.5,0.1405695475263189,14175.833333333332,2.0,0.5,0.5,0.5,True,True,2,13.488464241490727,16.0,11.736655804515582,STATIC_CURRENT_SNAPSHOT,False
col_a11503ab8f7b52ecba6e146f1cd2bcae,2023-12,4.0,18813.0,-0.021888322761776022,18319.666666666668,1.0,0.25,0.25,0.25,True,True,2,13.488464241490727,16.0,11.736655804515582,STATIC_CURRENT_SNAPSHOT,False
col_a11503ab8f7b52ecba6e146f1cd2bcae,2024-01,4.0,10952.333333333334,-0.18668547485216516,12586.555555555555,3.0,0.75,0.75,0.75,True,True,2,13.488464241490727,16.0,11.736655804515582,STATIC_CURRENT_SNAPSHOT,False
col_a11503ab8f7b52ecba6e146f1cd2bcae,2024-02,4.0,7524.0,0.31995219525880203,6842.166666666666,2.0,0.5,0.5,0.5,True,True,2,13.488464241490727,16.0,11.736655804515582,STATIC_CURRENT_SNAPSHOT,False
col_a11503ab8f7b52ecba6e146f1cd2bcae,2024-03,4.0,13821.5,0.019776166044350073,12371.333333333334,2.0,0.5,0.5,0.5,True,True,2,13.488464241490727,16.0,11.736655804515582,STATIC_CURRENT_SNAPSHOT,False
col_a11503ab8f7b52ecba6e146f1cd2bcae,2024-04,4.0,6007.0,0.0183081878284455,5966.0,1.0,0.25,0.25,0.25,True,True,2,13.488464241490727,16.0,11.736655804515582,STATIC_CURRENT_SNAPSHOT,False
col_a11503ab8f7b52ecba6e146f1cd2bcae,2024-05,4.0,9711.5,0.16962657405715179,8652.333333333334,2.0,0.5,0.5,0.5,True,True,2,13.488464241490727,16.0,11.736655804515582,STATIC_CURRENT_SNAPSHOT,False
col_a11503ab8f7b52ecba6e146f1cd2bcae,2024-06,4.0,26678.0,0.0412145812192647,25112.0,1.0,0.25,0.25,0.25,True,True,2,13.488464241490727,16.0,11.736655804515582,STATIC_CURRENT_SNAPSHOT,False
col_a11503ab8f7b52ecba6e146f1cd2bcae,2024-07,4.0,14113.5,-0.10763461103661008,15143.666666666666,4.0,1.0,1.0,1.0,True,True,2,13.488464241490727,16.0,11.736655804515582,STATIC_CURRENT_SNAPSHOT,False
col_a11503ab8f7b52ecba6e146f1cd2bcae,2024-08,4.0,13099.333333333334,-0.040207119984410296,14013.22222222222,3.0,0.75,0.75,0.75,True,True,2,13.488464241490727,16.0,11.736655804515582,STATIC_CURRENT_SNAPSHOT,False
col_a11503ab8f7b52ecba6e146f1cd2bcae,2024-09,4.0,15754.0,0.09693813179172339,15075.666666666668,2.0,0.5,0.5,0.5,True,True,2,13.488464241490727,16.0,11.736655804515582,STATIC_CURRENT_SNAPSHOT,False
col_a11503ab8f7b52ecba6e146f1cd2bcae,2024-10,4.0,14008.5,-0.06029097782540685,14134.916666666668,4.0,1.0,1.0,1.0,True,True,2,13.488464241490727,16.0,11.736655804515582,STATIC_CURRENT_SNAPSHOT,False
col_a11503ab8f7b52ecba6e146f1cd2bcae,2024-11,4.0,,,,0.0,0.0,0.0,0.0,False,True,2,13.488464241490727,16.0,11.736655804515582,STATIC_CURRENT_SNAPSHOT,False
col_a11503ab8f7b52ecba6e146f1cd2bcae,2024-12,4.0,15751.0,,,1.0,0.25,0.0,0.0,True,True,2,13.488464241490727,16.0,11.736655804515582,STATIC_CURRENT_SNAPSHOT,False
col_a11503ab8f7b52ecba6e146f1cd2bcae,2025-01,4.0,12395.0,-0.17694637582263784,,4.0,1.0,1.0,0.0,True,True,2,13.488464241490727,16.0,11.736655804515582,STATIC_CURRENT_SNAPSHOT,False
col_a11503ab8f7b52ecba6e146f1cd2bcae,2025-02,4.0,13793.666666666666,0.14090301430942143,13476.444444444443,3.0,0.75,0.75,0.75,True,True,2,13.488464241490727,16.0,11.736655804515582,STATIC_CURRENT_SNAPSHOT,False
col_a11503ab8f7b52ecba6e146f1cd2bcae,2025-03,4.0,10289.666666666666,-0.04009683111331811,10156.22222222222,3.0,0.75,0.75,0.75,True,True,2,13.488464241490727,16.0,11.736655804515582,STATIC_CURRENT_SNAPSHOT,False
col_a11503ab8f7b52ecba6e146f1cd2bcae,2025-04,4.0,13268.333333333334,0.035063005578904405,8375.166666666668,3.0,0.75,0.5,0.5,True,True,2,13.488464241490727,16.0,11.736655804515582,STATIC_CURRENT_SNAPSHOT,False
col_a11503ab8f7b52ecba6e146f1cd2bcae,2025-05,4.0,12599.666666666666,-0.06122898890523951,12947.888888888889,3.0,0.75,0.75,0.75,True,True,2,13.488464241490727,16.0,11.736655804515582,STATIC_CURRENT_SNAPSHOT,False
col_a11503ab8f7b52ecba6e146f1cd2bcae,2025-06,4.0,9943.0,0.027912265867413577,9976.166666666666,2.0,0.5,0.5,0.5,True,True,2,13.488464241490727,16.0,11.736655804515582,STATIC_CURRENT_SNAPSHOT,False
col_a11503ab8f7b52ecba6e146f1cd2bcae,2025-07,4.0,9031.0,-0.09643380904729314,9577.777777777777,3.0,0.75,0.75,0.75,True,True,2,13.488464241490727,16.0,11.736655804515582,STATIC_CURRENT_SNAPSHOT,False
col_a11503ab8f7b52ecba6e146f1cd2bcae,2025-08,4.0,13244.5,0.08289379607025908,13058.083333333332,4.0,1.0,1.0,1.0,True,True,2,13.488464241490727,16.0,11.736655804515582,STATIC_CURRENT_SNAPSHOT,False
col_a11503ab8f7b52ecba6e146f1cd2bcae,2025-09,4.0,9567.0,-0.03922349616189337,9505.111111111111,3.0,0.75,0.75,0.75,True,True,2,13.488464241490727,16.0,11.736655804515582,STATIC_CURRENT_SNAPSHOT,False
col_a11503ab8f7b52ecba6e146f1cd2bcae,2025-10,4.0,9938.0,0.0028254288597376388,9895.0,1.0,0.25,0.25,0.25,True,True,2,13.488464241490727,16.0,11.736655804515582,STATIC_CURRENT_SNAPSHOT,False
col_a11503ab8f7b52ecba6e146f1cd2bcae,2025-11,4.0,,,,0.0,0.0,0.0,0.0,False,True,2,13.488464241490727,16.0,11.736655804515582,STATIC_CURRENT_SNAPSHOT,False
col_a11503ab8f7b52ecba6e146f1cd2bcae,2025-12,4.0,9697.0,-0.10823983814603642,10169.666666666666,1.0,0.25,0.25,0.25,True,True,2,13.488464241490727,16.0,11.736655804515582,STATIC_CURRENT_SNAPSHOT,False
col_a11503ab8f7b52ecba6e146f1cd2bcae,2026-01,4.0,8294.0,-0.129130799009723,9536.5,2.0,0.5,0.5,0.5,True,True,2,13.488464241490727,16.0,11.736655804515582,STATIC_CURRENT_SNAPSHOT,False
col_a11503ab8f7b52ecba6e146f1cd2bcae,2026-02,4.0,,,,0.0,0.0,0.0,0.0,False,True,2,13.488464241490727,16.0,11.736655804515582,STATIC_CURRENT_SNAPSHOT,False
col_a11503ab8f7b52ecba6e146f1cd2bcae,2026-03,4.0,14734.0,-0.05200465275616175,14741.833333333332,2.0,0.5,0.5,0.5,True,True,2,13.488464241490727,16.0,11.736655804515582,STATIC_CURRENT_SNAPSHOT,False
col_a11503ab8f7b52ecba6e146f1cd2bcae,2026-04,4.0,13403.5,0.06764847944028446,13171.0,2.0,0.5,0.5,0.5,True,True,2,13.488464241490727,16.0,11.736655804515582,STATIC_CURRENT_SNAPSHOT,False
col_a11503ab8f7b52ecba6e146f1cd2bcae,2026-05,4.0,8437.0,-0.08497019215749047,8790.77777777778,3.0,0.75,0.75,0.75,True,True,2,13.488464241490727,16.0,11.736655804515582,STATIC_CURRENT_SNAPSHOT,False
col_a11503ab8f7b52ecba6e146f1cd2bcae,2026-06,4.0,8605.333333333334,0.024049590314830293,8745.111111111111,3.0,0.75,0.75,0.75,True,True,2,13.488464241490727,16.0,11.736655804515582,STATIC_CURRENT_SNAPSHOT,False
col_a11503ab8f7b52ecba6e146f1cd2bcae,2026-07,4.0,11051.0,-0.15098763033482288,12337.0,2.0,0.5,0.5,0.5,True,True,2,13.488464241490727,16.0,11.736655804515582,STATIC_CURRENT_SNAPSHOT,False
col_a11503ab8f7b52ecba6e146f1cd2bcae,2026-08,4.0,10190.5,0.17922232610406097,9733.5,2.0,0.5,0.5,0.5,True,True,2,13.488464241490727,16.0,11.736655804515582,STATIC_CURRENT_SNAPSHOT,False
col_a20da3b32dc95373bfc155a68e4197fa,2023-01,4.0,,,,0.0,0.0,0.0,0.0,False,True,15,10.682141634206726,87.0,12.5859670683339,STATIC_CURRENT_SNAPSHOT,False
col_a20da3b32dc95373bfc155a68e4197fa,2023-02,4.0,27443.0,,,1.0,0.25,0.0,0.0,True,True,15,10.682141634206726,87.0,12.5859670683339,STATIC_CURRENT_SNAPSHOT,False
col_a20da3b32dc95373bfc155a68e4197fa,2023-03,4.0,23653.5,0.10810636679137037,,2.0,0.5,0.5,0.0,True,True,15,10.682141634206726,87.0,12.5859670683339,STATIC_CURRENT_SNAPSHOT,False
col_a20da3b32dc95373bfc155a68e4197fa,2023-04,4.0,32922.0,0.3477864055036235,26017.333333333332,2.0,0.5,0.5,0.5,True,True,15,10.682141634206726,87.0,12.5859670683339,STATIC_CURRENT_SNAPSHOT,False
col_a20da3b32dc95373bfc155a68e4197fa,2023-05,4.0,,,,0.0,0.0,0.0,0.0,False,True,15,10.682141634206726,87.0,12.5859670683339,STATIC_CURRENT_SNAPSHOT,False
col_a20da3b32dc95373bfc155a68e4197fa,2023-06,4.0,22638.0,0.20389278876834716,20702.666666666668,1.0,0.25,0.25,0.25,True,True,15,10.682141634206726,87.0,12.5859670683339,STATIC_CURRENT_SNAPSHOT,False
col_a20da3b32dc95373bfc155a68e4197fa,2023-07,4.0,,,,0.0,0.0,0.0,0.0,False,True,15,10.682141634206726,87.0,12.5859670683339,STATIC_CURRENT_SNAPSHOT,False
col_a20da3b32dc95373bfc155a68e4197fa,2023-08,4.0,55534.0,-0.059463121348124315,57203.666666666664,1.0,0.25,0.25,0.25,True,True,15,10.682141634206726,87.0,12.5859670683339,STATIC_CURRENT_SNAPSHOT,False
col_a20da3b32dc95373bfc155a68e4197fa,2023-09,4.0,,,,0.0,0.0,0.0,0.0,False,True,15,10.682141634206726,87.0,12.5859670683339,STATIC_CURRENT_SNAPSHOT,False
col_a20da3b32dc95373bfc155a68e4197fa,2023-10,4.0,,,,0.0,0.0,0.0,0.0,False,True,15,10.682141634206726,87.0,12.5859670683339,STATIC_CURRENT_SNAPSHOT,False
col_a20da3b32dc95373bfc155a68e4197fa,2023-11,4.0,54108.0,0.7143943474541364,37146.333333333336,1.0,0.25,0.25,0.25,True,True,15,10.682141634206726,87.0,12.5859670683339,STATIC_CURRENT_SNAPSHOT,False
col_a20da3b32dc95373bfc155a68e4197fa,2023-12,4.0,75022.0,-0.001211507994621437,72609.33333333333,1.0,0.25,0.25,0.25,True,True,15,10.682141634206726,87.0,12.5859670683339,STATIC_CURRENT_SNAPSHOT,False
col_a20da3b32dc95373bfc155a68e4197fa,2024-01,4.0,,,,0.0,0.0,0.0,0.0,False,True,15,10.682141634206726,87.0,12.5859670683339,STATIC_CURRENT_SNAPSHOT,False
col_a20da3b32dc95373bfc155a68e4197fa,2024-02,4.0,,,,0.0,0.0,0.0,0.0,False,True,15,10.682141634206726,87.0,12.5859670683339,STATIC_CURRENT_SNAPSHOT,False
col_a20da3b32dc95373bfc155a68e4197fa,2024-03,4.0,,,,0.0,0.0,0.0,0.0,False,True,15,10.682141634206726,87.0,12.5859670683339,STATIC_CURRENT_SNAPSHOT,False
col_a20da3b32dc95373bfc155a68e4197fa,2024-04,4.0,91811.0,0.052938815299042374,85975.66666666667,1.0,0.25,0.25,0.25,True,True,15,10.682141634206726,87.0,12.5859670683339,STATIC_CURRENT_SNAPSHOT,False
col_a20da3b32dc95373bfc155a68e4197fa,2024-05,4.0,,,,0.0,0.0,0.0,0.0,False,True,15,10.682141634206726,87.0,12.5859670683339,STATIC_CURRENT_SNAPSHOT,False
col_a20da3b32dc95373bfc155a68e4197fa,2024-06,4.0,,,,0.0,0.0,0.0,0.0,False,True,15,10.682141634206726,87.0,12.5859670683339,STATIC_CURRENT_SNAPSHOT,False
col_a20da3b32dc95373bfc155a68e4197fa,2024-07,4.0,100535.0,,,1.0,0.25,0.0,0.0,True,True,15,10.682141634206726,87.0,12.5859670683339,STATIC_CURRENT_SNAPSHOT,False
col_a20da3b32dc95373bfc155a68e4197fa,2024-08,4.0,,,,0.0,0.0,0.0,0.0,False,True,15,10.682141634206726,87.0,12.5859670683339,STATIC_CURRENT_SNAPSHOT,False
col_a20da3b32dc95373bfc155a68e4197fa,2024-09,4.0,,,,0.0,0.0,0.0,0.0,False,True,15,10.682141634206726,87.0,12.5859670683339,STATIC_CURRENT_SNAPSHOT,False
col_a20da3b32dc95373bfc155a68e4197fa,2024-10,4.0,213880.0,-0.03151492075918416,96786.33333333333,2.0,0.5,0.5,0.25,True,True,15,10.682141634206726,87.0,12.5859670683339,STATIC_CURRENT_SNAPSHOT,False
col_a20da3b32dc95373bfc155a68e4197fa,2024-11,4.0,,,,0.0,0.0,0.0,0.0,False,True,15,10.682141634206726,87.0,12.5859670683339,STATIC_CURRENT_SNAPSHOT,False
col_a20da3b32dc95373bfc155a68e4197fa,2024-12,4.0,,,,0.0,0.0,0.0,0.0,False,True,15,10.682141634206726,87.0,12.5859670683339,STATIC_CURRENT_SNAPSHOT,False
col_a20da3b32dc95373bfc155a68e4197fa,2025-01,4.0,74652.0,-0.15315417512733542,,1.0,0.25,0.25,0.0,True,True,15,10.682141634206726,87.0,12.5859670683339,STATIC_CURRENT_SNAPSHOT,False
col_a20da3b32dc95373bfc155a68e4197fa,2025-02,4.0,,,,0.0,0.0,0.0,0.0,False,True,15,10.682141634206726,87.0,12.5859670683339,STATIC_CURRENT_SNAPSHOT,False
col_a20da3b32dc95373bfc155a68e4197fa,2025-03,4.0,,,,0.0,0.0,0.0,0.0,False,True,15,10.682141634206726,87.0,12.5859670683339,STATIC_CURRENT_SNAPSHOT,False
col_a20da3b32dc95373bfc155a68e4197fa,2025-04,4.0,,,,0.0,0.0,0.0,0.0,False,True,15,10.682141634206726,87.0,12.5859670683339,STATIC_CURRENT_SNAPSHOT,False
col_a20da3b32dc95373bfc155a68e4197fa,2025-05,4.0,,,,0.0,0.0,0.0,0.0,False,True,15,10.682141634206726,87.0,12.5859670683339,STATIC_CURRENT_SNAPSHOT,False
col_a20da3b32dc95373bfc155a68e4197fa,2025-06,4.0,,,,0.0,0.0,0.0,0.0,False,True,15,10.682141634206726,87.0,12.5859670683339,STATIC_CURRENT_SNAPSHOT,False
col_a20da3b32dc95373bfc155a68e4197fa,2025-07,4.0,,,,0.0,0.0,0.0,0.0,False,True,15,10.682141634206726,87.0,12.5859670683339,STATIC_CURRENT_SNAPSHOT,False
col_a20da3b32dc95373bfc155a68e4197fa,2025-08,4.0,76583.0,0.08819768102762306,75566.66666666667,1.0,0.25,0.25,0.25,True,True,15,10.682141634206726,87.0,12.5859670683339,STATIC_CURRENT_SNAPSHOT,False
col_a20da3b32dc95373bfc155a68e4197fa,2025-09,4.0,,,,0.0,0.0,0.0,0.0,False,True,15,10.682141634206726,87.0,12.5859670683339,STATIC_CURRENT_SNAPSHOT,False
col_a20da3b32dc95373bfc155a68e4197fa,2025-10,4.0,,,,0.0,0.0,0.0,0.0,False,True,15,10.682141634206726,87.0,12.5859670683339,STATIC_CURRENT_SNAPSHOT,False
col_a20da3b32dc95373bfc155a68e4197fa,2025-11,4.0,,,,0.0,0.0,0.0,0.0,False,True,15,10.682141634206726,87.0,12.5859670683339,STATIC_CURRENT_SNAPSHOT,False
col_a20da3b32dc95373bfc155a68e4197fa,2025-12,4.0,78579.0,-0.08731894876502107,81565.0,2.0,0.5,0.5,0.5,True,True,15,10.682141634206726,87.0,12.5859670683339,STATIC_CURRENT_SNAPSHOT,False
col_a20da3b32dc95373bfc155a68e4197fa,2026-01,4.0,,,,0.0,0.0,0.0,0.0,False,True,15,10.682141634206726,87.0,12.5859670683339,STATIC_CURRENT_SNAPSHOT,False
col_a20da3b32dc95373bfc155a68e4197fa,2026-02,4.0,76190.0,0.06125514580015551,75557.16666666667,2.0,0.5,0.5,0.5,True,True,15,10.682141634206726,87.0,12.5859670683339,STATIC_CURRENT_SNAPSHOT,False
col_a20da3b32dc95373bfc155a68e4197fa,2026-03,4.0,,,,0.0,0.0,0.0,0.0,False,True,15,10.682141634206726,87.0,12.5859670683339,STATIC_CURRENT_SNAPSHOT,False
col_a20da3b32dc95373bfc155a68e4197fa,2026-04,4.0,,,,0.0,0.0,0.0,0.0,False,True,15,10.682141634206726,87.0,12.5859670683339,STATIC_CURRENT_SNAPSHOT,False
col_a20da3b32dc95373bfc155a68e4197fa,2026-05,4.0,,,,0.0,0.0,0.0,0.0,False,True,15,10.682141634206726,87.0,12.5859670683339,STATIC_CURRENT_SNAPSHOT,False
col_a20da3b32dc95373bfc155a68e4197fa,2026-06,4.0,84986.0,-0.012502614394273895,86322.33333333333,1.0,0.25,0.25,0.25,True,True,15,10.682141634206726,87.0,12.5859670683339,STATIC_CURRENT_SNAPSHOT,False
col_a20da3b32dc95373bfc155a68e4197fa,2026-07,4.0,,,,0.0,0.0,0.0,0.0,False,True,15,10.682141634206726,87.0,12.5859670683339,STATIC_CURRENT_SNAPSHOT,False
col_a20da3b32dc95373bfc155a68e4197fa,2026-08,4.0,,,,0.0,0.0,0.0,0.0,False,True,15,10.682141634206726,87.0,12.5859670683339,STATIC_CURRENT_SNAPSHOT,False
col_a21a9068f97957a2a0828f64e9102bde,2023-01,3.0,,,,0.0,0.0,0.0,0.0,False,True,5,6.964124021316016,6.0,6.796067131685738,STATIC_CURRENT_SNAPSHOT,False
col_a21a9068f97957a2a0828f64e9102bde,2023-02,3.0,,,,0.0,0.0,0.0,0.0,False,True,5,6.964124021316016,6.0,6.796067131685738,STATIC_CURRENT_SNAPSHOT,False
col_a21a9068f97957a2a0828f64e9102bde,2023-03,3.0,,,,0.0,0.0,0.0,0.0,False,True,5,6.964124021316016,6.0,6.796067131685738,STATIC_CURRENT_SNAPSHOT,False
col_a21a9068f97957a2a0828f64e9102bde,2023-04,3.0,,,,0.0,0.0,0.0,0.0,False,True,5,6.964124021316016,6.0,6.796067131685738,STATIC_CURRENT_SNAPSHOT,False
col_a21a9068f97957a2a0828f64e9102bde,2023-05,3.0,,,,0.0,0.0,0.0,0.0,False,True,5,6.964124021316016,6.0,6.796067131685738,STATIC_CURRENT_SNAPSHOT,False
col_a21a9068f97957a2a0828f64e9102bde,2023-06,3.0,1.0,,,1.0,0.3333333333333333,0.0,0.0,True,True,5,6.964124021316016,6.0,6.796067131685738,STATIC_CURRENT_SNAPSHOT,False
col_a21a9068f97957a2a0828f64e9102bde,2023-07,3.0,5386.0,5385.0,,1.0,0.3333333333333333,0.3333333333333333,0.0,True,True,5,6.964124021316016,6.0,6.796067131685738,STATIC_CURRENT_SNAPSHOT,False
col_a21a9068f97957a2a0828f64e9102bde,2023-08,3.0,6654.999999999999,0.23561084292610468,4014.0,1.0,0.3333333333333333,0.3333333333333333,0.3333333333333333,True,True,5,6.964124021316016,6.0,6.796067131685738,STATIC_CURRENT_SNAPSHOT,False
col_a21a9068f97957a2a0828f64e9102bde,2023-09,3.0,9420.0,0.4154770848985725,7153.666666666667,1.0,0.3333333333333333,0.3333333333333333,0.3333333333333333,True,True,5,6.964124021316016,6.0,6.796067131685738,STATIC_CURRENT_SNAPSHOT,False
col_a21a9068f97957a2a0828f64e9102bde,2023-10,3.0,12400.999999999998,0.3164543524416136,9492.0,1.0,0.3333333333333333,0.3333333333333333,0.3333333333333333,True,True,5,6.964124021316016,6.0,6.796067131685738,STATIC_CURRENT_SNAPSHOT,False
col_a21a9068f97957a2a0828f64e9102bde,2023-11,3.0,12853.0,0.03644867349407306,11558.0,1.0,0.3333333333333333,0.3333333333333333,0.3333333333333333,True,True,5,6.964124021316016,6.0,6.796067131685738,STATIC_CURRENT_SNAPSHOT,False
col_a21a9068f97957a2a0828f64e9102bde,2023-12,3.0,12939.0,0.006691044892243056,12730.999999999998,1.0,0.3333333333333333,0.3333333333333333,0.3333333333333333,True,True,5,6.964124021316016,6.0,6.796067131685738,STATIC_CURRENT_SNAPSHOT,False
col_a21a9068f97957a2a0828f64e9102bde,2024-01,3.0,10081.0,-0.22088260298322898,11957.666666666666,1.0,0.3333333333333333,0.3333333333333333,0.3333333333333333,True,True,5,6.964124021316016,6.0,6.796067131685738,STATIC_CURRENT_SNAPSHOT,False
col_a21a9068f97957a2a0828f64e9102bde,2024-02,3.0,828.0,,,2.0,0.6666666666666666,0.0,0.0,True,True,5,6.964124021316016,6.0,6.796067131685738,STATIC_CURRENT_SNAPSHOT,False
col_a21a9068f97957a2a0828f64e9102bde,2024-03,3.0,7333.0,1.6489715013239679,13039.999999999998,3.0,1.0,1.0,0.3333333333333333,True,True,5,6.964124021316016,6.0,6.796067131685738,STATIC_CURRENT_SNAPSHOT,False
col_a21a9068f97957a2a0828f64e9102bde,2024-04,3.0,3928.5,0.41310881877022654,2500.5,2.0,0.6666666666666666,0.6666666666666666,0.6666666666666666,True,True,5,6.964124021316016,6.0,6.796067131685738,STATIC_CURRENT_SNAPSHOT,False
col_a21a9068f97957a2a0828f64e9102bde,2024-05,3.0,8759.333333333332,0.06360084171489805,8240.11111111111,3.0,1.0,1.0,1.0,True,True,5,6.964124021316016,6.0,6.796067131685738,STATIC_CURRENT_SNAPSHOT,False
col_a21a9068f97957a2a0828f64e9102bde,2024-06,3.0,4947.5,0.12786096228260407,4430.666666666667,2.0,0.6666666666666666,0.6666666666666666,0.6666666666666666,True,True,5,6.964124021316016,6.0,6.796067131685738,STATIC_CURRENT_SNAPSHOT,False
col_a21a9068f97957a2a0828f64e9102bde,2024-07,3.0,9328.333333333332,-0.0930838229531136,9483.666666666666,3.0,1.0,1.0,1.0,True,True,5,6.964124021316016,6.0,6.796067131685738,STATIC_CURRENT_SNAPSHOT,False
col_a21a9068f97957a2a0828f64e9102bde,2024-08,3.0,7611.333333333333,-0.11398764794820568,9101.0,3.0,1.0,1.0,1.0,True,True,5,6.964124021316016,6.0,6.796067131685738,STATIC_CURRENT_SNAPSHOT,False
col_a21a9068f97957a2a0828f64e9102bde,2024-09,3.0,3702.0,0.11506024096385542,3433.6666666666665,1.0,0.3333333333333333,0.3333333333333333,0.3333333333333333,True,True,5,6.964124021316016,6.0,6.796067131685738,STATIC_CURRENT_SNAPSHOT,False
col_a21a9068f97957a2a0828f64e9102bde,2024-10,3.0,10810.333333333332,0.16987631646930715,9003.444444444443,3.0,1.0,1.0,1.0,True,True,5,6.964124021316016,6.0,6.796067131685738,STATIC_CURRENT_SNAPSHOT,False
col_a21a9068f97957a2a0828f64e9102bde,2024-11,3.0,,,,0.0,0.0,0.0,0.0,False,True,5,6.964124021316016,6.0,6.796067131685738,STATIC_CURRENT_SNAPSHOT,False
col_a21a9068f97957a2a0828f64e9102bde,2024-12,3.0,10870.0,,,3.0,1.0,0.0,0.0,True,True,5,6.964124021316016,6.0,6.796067131685738,STATIC_CURRENT_SNAPSHOT,False
col_a21a9068f97957a2a0828f64e9102bde,2025-01,3.0,9952.999999999998,-0.1502624868244252,,2.0,0.6666666666666666,0.6666666666666666,0.0,True,True,5,6.964124021316016,6.0,6.796067131685738,STATIC_CURRENT_SNAPSHOT,False
col_a21a9068f97957a2a0828f64e9102bde,2025-02,3.0,5328.5,0.0567971328897224,5256.333333333334,2.0,0.6666666666666666,0.6666666666666666,0.6666666666666666,True,True,5,6.964124021316016,6.0,6.796067131685738,STATIC_CURRENT_SNAPSHOT,False
col_a21a9068f97957a2a0828f64e9102bde,2025-03,3.0,9660.666666666666,0.01827145086426188,9102.666666666668,3.0,1.0,1.0,1.0,True,True,5,6.964124021316016,6.0,6.796067131685738,STATIC_CURRENT_SNAPSHOT,False
col_a21a9068f97957a2a0828f64e9102bde,2025-04,3.0,5185.0,0.022955423327051302,5199.333333333333,2.0,0.6666666666666666,0.6666666666666666,0.6666666666666666,True,True,5,6.964124021316016,6.0,6.796067131685738,STATIC_CURRENT_SNAPSHOT,False
col_a21a9068f97957a2a0828f64e9102bde,2025-05,3.0,7947.333333333333,-0.13635459804604588,9136.222222222223,3.0,1.0,1.0,1.0,True,True,5,6.964124021316016,6.0,6.796067131685738,STATIC_CURRENT_SNAPSHOT,False
col_a21a9068f97957a2a0828f64e9102bde,2025-06,3.0,10255.5,0.06672622655714237,10228.833333333332,2.0,0.6666666666666666,0.6666666666666666,0.6666666666666666,True,True,5,6.964124021316016,6.0,6.796067131685738,STATIC_CURRENT_SNAPSHOT,False
col_a21a9068f97957a2a0828f64e9102bde,2025-07,3.0,3385.0,-0.00029533372711163615,3459.0,1.0,0.3333333333333333,0.3333333333333333,0.3333333333333333,True,True,5,6.964124021316016,6.0,6.796067131685738,STATIC_CURRENT_SNAPSHOT,False
col_a21a9068f97957a2a0828f64e9102bde,2025-08,3.0,8166.333333333332,-0.042693147016186664,8697.22222222222,3.0,1.0,1.0,1.0,True,True,5,6.964124021316016,6.0,6.796067131685738,STATIC_CURRENT_SNAPSHOT,False
col_a21a9068f97957a2a0828f64e9102bde,2025-09,3.0,8772.0,0.06104292079286763,8648.222222222223,3.0,1.0,1.0,1.0,True,True,5,6.964124021316016,6.0,6.796067131685738,STATIC_CURRENT_SNAPSHOT,False
col_a21a9068f97957a2a0828f64e9102bde,2025-10,3.0,4992.5,0.005585966592202352,4920.5,2.0,0.6666666666666666,0.6666666666666666,0.6666666666666666,True,True,5,6.964124021316016,6.0,6.796067131685738,STATIC_CURRENT_SNAPSHOT,False
col_a21a9068f97957a2a0828f64e9102bde,2025-11,3.0,5596.5,0.12487628749741612,5173.666666666666,2.0,0.6666666666666666,0.6666666666666666,0.6666666666666666,True,True,5,6.964124021316016,6.0,6.796067131685738,STATIC_CURRENT_SNAPSHOT,False
col_a21a9068f97957a2a0828f64e9102bde,2025-12,3.0,9390.666666666666,-0.07960354744691114,9699.888888888889,3.0,1.0,1.0,1.0,True,True,5,6.964124021316016,6.0,6.796067131685738,STATIC_CURRENT_SNAPSHOT,False
col_a21a9068f97957a2a0828f64e9102bde,2026-01,3.0,8461.666666666666,-0.051223897229550674,9361.444444444445,3.0,1.0,1.0,1.0,True,True,5,6.964124021316016,6.0,6.796067131685738,STATIC_CURRENT_SNAPSHOT,False
col_a21a9068f97957a2a0828f64e9102bde,2026-02,3.0,8599.0,-0.0010126819711556417,8817.11111111111,3.0,1.0,1.0,1.0,True,True,5,6.964124021316016,6.0,6.796067131685738,STATIC_CURRENT_SNAPSHOT,False
col_a21a9068f97957a2a0828f64e9102bde,2026-03,3.0,12346.0,0.0833963684996322,11353.333333333334,2.0,0.6666666666666666,0.6666666666666666,0.6666666666666666,True,True,5,6.964124021316016,6.0,6.796067131685738,STATIC_CURRENT_SNAPSHOT,False
col_a21a9068f97957a2a0828f64e9102bde,2026-04,3.0,7004.0,0.15008210180623974,6411.999999999999,1.0,0.3333333333333333,0.3333333333333333,0.3333333333333333,True,True,5,6.964124021316016,6.0,6.796067131685738,STATIC_CURRENT_SNAPSHOT,False
col_a21a9068f97957a2a0828f64e9102bde,2026-05,3.0,8674.333333333332,-0.05951916637560712,5209.333333333333,3.0,1.0,0.6666666666666666,0.6666666666666666,True,True,5,6.964124021316016,6.0,6.796067131685738,STATIC_CURRENT_SNAPSHOT,False
col_a21a9068f97957a2a0828f64e9102bde,2026-06,3.0,9203.666666666666,0.052900194414837856,5398.5,3.0,1.0,1.0,0.6666666666666666,True,True,5,6.964124021316016,6.0,6.796067131685738,STATIC_CURRENT_SNAPSHOT,False
col_a21a9068f97957a2a0828f64e9102bde,2026-07,3.0,5221.5,-0.045149614753443874,5292.0,2.0,0.6666666666666666,0.6666666666666666,0.6666666666666666,True,True,5,6.964124021316016,6.0,6.796067131685738,STATIC_CURRENT_SNAPSHOT,False
col_a21a9068f97957a2a0828f64e9102bde,2026-08,3.0,7869.999999999999,-0.09993959566869548,9208.833333333332,2.0,0.6666666666666666,0.6666666666666666,0.6666666666666666,True,True,5,6.964124021316016,6.0,6.796067131685738,STATIC_CURRENT_SNAPSHOT,False
col_a4784e1d94d556b3b35e2f91d799fbf4,2023-01,,,,,,,,,False,False,3,,,,STATIC_CURRENT_SNAPSHOT,False
col_a4784e1d94d556b3b35e2f91d799fbf4,2023-02,,,,,,,,,False,False,3,,,,STATIC_CURRENT_SNAPSHOT,False
col_a4784e1d94d556b3b35e2f91d799fbf4,2023-03,,,,,,,,,False,False,3,,,,STATIC_CURRENT_SNAPSHOT,False
col_a4784e1d94d556b3b35e2f91d799fbf4,2023-04,,,,,,,,,False,False,3,,,,STATIC_CURRENT_SNAPSHOT,False
col_a4784e1d94d556b3b35e2f91d799fbf4,2023-05,,,,,,,,,False,False,3,,,,STATIC_CURRENT_SNAPSHOT,False
col_a4784e1d94d556b3b35e2f91d799fbf4,2023-06,,,,,,,,,False,False,3,,,,STATIC_CURRENT_SNAPSHOT,False
col_a4784e1d94d556b3b35e2f91d799fbf4,2023-07,,,,,,,,,False,False,3,,,,STATIC_CURRENT_SNAPSHOT,False
col_a4784e1d94d556b3b35e2f91d799fbf4,2023-08,,,,,,,,,False,False,3,,,,STATIC_CURRENT_SNAPSHOT,False
col_a4784e1d94d556b3b35e2f91d799fbf4,2023-09,,,,,,,,,False,False,3,,,,STATIC_CURRENT_SNAPSHOT,False
col_a4784e1d94d556b3b35e2f91d799fbf4,2023-10,,,,,,,,,False,False,3,,,,STATIC_CURRENT_SNAPSHOT,False
col_a4784e1d94d556b3b35e2f91d799fbf4,2023-11,,,,,,,,,False,False,3,,,,STATIC_CURRENT_SNAPSHOT,False
col_a4784e1d94d556b3b35e2f91d799fbf4,2023-12,,,,,,,,,False,False,3,,,,STATIC_CURRENT_SNAPSHOT,False
col_a4784e1d94d556b3b35e2f91d799fbf4,2024-01,,,,,,,,,False,False,3,,,,STATIC_CURRENT_SNAPSHOT,False
col_a4784e1d94d556b3b35e2f91d799fbf4,2024-02,,,,,,,,,False,False,3,,,,STATIC_CURRENT_SNAPSHOT,False
col_a4784e1d94d556b3b35e2f91d799fbf4,2024-03,,,,,,,,,False,False,3,,,,STATIC_CURRENT_SNAPSHOT,False
col_a4784e1d94d556b3b35e2f91d799fbf4,2024-04,,,,,,,,,False,False,3,,,,STATIC_CURRENT_SNAPSHOT,False
col_a4784e1d94d556b3b35e2f91d799fbf4,2024-05,,,,,,,,,False,False,3,,,,STATIC_CURRENT_SNAPSHOT,False
col_a4784e1d94d556b3b35e2f91d799fbf4,2024-06,,,,,,,,,False,False,3,,,,STATIC_CURRENT_SNAPSHOT,False
col_a4784e1d94d556b3b35e2f91d799fbf4,2024-07,,,,,,,,,False,False,3,,,,STATIC_CURRENT_SNAPSHOT,False
col_a4784e1d94d556b3b35e2f91d799fbf4,2024-08,,,,,,,,,False,False,3,,,,STATIC_CURRENT_SNAPSHOT,False
col_a4784e1d94d556b3b35e2f91d799fbf4,2024-09,,,,,,,,,False,False,3,,,,STATIC_CURRENT_SNAPSHOT,False
col_a4784e1d94d556b3b35e2f91d799fbf4,2024-10,,,,,,,,,False,False,3,,,,STATIC_CURRENT_SNAPSHOT,False
col_a4784e1d94d556b3b35e2f91d799fbf4,2024-11,,,,,,,,,False,False,3,,,,STATIC_CURRENT_SNAPSHOT,False
col_a4784e1d94d556b3b35e2f91d799fbf4,2024-12,,,,,,,,,False,False,3,,,,STATIC_CURRENT_SNAPSHOT,False
col_a4784e1d94d556b3b35e2f91d799fbf4,2025-01,,,,,,,,,False,False,3,,,,STATIC_CURRENT_SNAPSHOT,False
col_a4784e1d94d556b3b35e2f91d799fbf4,2025-02,,,,,,,,,False,False,3,,,,STATIC_CURRENT_SNAPSHOT,False
col_a4784e1d94d556b3b35e2f91d799fbf4,2025-03,,,,,,,,,False,False,3,,,,STATIC_CURRENT_SNAPSHOT,False
col_a4784e1d94d556b3b35e2f91d799fbf4,2025-04,,,,,,,,,False,False,3,,,,STATIC_CURRENT_SNAPSHOT,False
col_a4784e1d94d556b3b35e2f91d799fbf4,2025-05,,,,,,,,,False,False,3,,,,STATIC_CURRENT_SNAPSHOT,False
col_a4784e1d94d556b3b35e2f91d799fbf4,2025-06,,,,,,,,,False,False,3,,,,STATIC_CURRENT_SNAPSHOT,False
col_a4784e1d94d556b3b35e2f91d799fbf4,2025-07,,,,,,,,,False,False,3,,,,STATIC_CURRENT_SNAPSHOT,False
col_a4784e1d94d556b3b35e2f91d799fbf4,2025-08,,,,,,,,,False,False,3,,,,STATIC_CURRENT_SNAPSHOT,False
col_a4784e1d94d556b3b35e2f91d799fbf4,2025-09,,,,,,,,,False,False,3,,,,STATIC_CURRENT_SNAPSHOT,False
col_a4784e1d94d556b3b35e2f91d799fbf4,2025-10,,,,,,,,,False,False,3,,,,STATIC_CURRENT_SNAPSHOT,False
col_a4784e1d94d556b3b35e2f91d799fbf4,2025-11,,,,,,,,,False,False,3,,,,STATIC_CURRENT_SNAPSHOT,False
col_a4784e1d94d556b3b35e2f91d799fbf4,2025-12,,,,,,,,,False,False,3,,,,STATIC_CURRENT_SNAPSHOT,False
col_a4784e1d94d556b3b35e2f91d799fbf4,2026-01,,,,,,,,,False,False,3,,,,STATIC_CURRENT_SNAPSHOT,False
col_a4784e1d94d556b3b35e2f91d799fbf4,2026-02,,,,,,,,,False,False,3,,,,STATIC_CURRENT_SNAPSHOT,False
col_a4784e1d94d556b3b35e2f91d799fbf4,2026-03,,,,,,,,,False,False,3,,,,STATIC_CURRENT_SNAPSHOT,False
col_a4784e1d94d556b3b35e2f91d799fbf4,2026-04,,,,,,,,,False,False,3,,,,STATIC_CURRENT_SNAPSHOT,False
col_a4784e1d94d556b3b35e2f91d799fbf4,2026-05,,,,,,,,,False,False,3,,,,STATIC_CURRENT_SNAPSHOT,False
col_a4784e1d94d556b3b35e2f91d799fbf4,2026-06,,,,,,,,,False,False,3,,,,STATIC_CURRENT_SNAPSHOT,False
col_a4784e1d94d556b3b35e2f91d799fbf4,2026-07,,,,,,,,,False,False,3,,,,STATIC_CURRENT_SNAPSHOT,False
col_a4784e1d94d556b3b35e2f91d799fbf4,2026-08,,,,,,,,,False,False,3,,,,STATIC_CURRENT_SNAPSHOT,False
col_a8d3b136a1115b0380f6f041ad7b12a8,2023-01,3.0,,,,0.0,0.0,0.0,0.0,False,True,1,17.617358563869704,8.0,3.894111612549078,STATIC_CURRENT_SNAPSHOT,False
col_a8d3b136a1115b0380f6f041ad7b12a8,2023-02,3.0,,,,0.0,0.0,0.0,0.0,False,True,1,17.617358563869704,8.0,3.894111612549078,STATIC_CURRENT_SNAPSHOT,False
col_a8d3b136a1115b0380f6f041ad7b12a8,2023-03,3.0,,,,0.0,0.0,0.0,0.0,False,True,1,17.617358563869704,8.0,3.894111612549078,STATIC_CURRENT_SNAPSHOT,False
col_a8d3b136a1115b0380f6f041ad7b12a8,2023-04,3.0,,,,0.0,0.0,0.0,0.0,False,True,1,17.617358563869704,8.0,3.894111612549078,STATIC_CURRENT_SNAPSHOT,False
col_a8d3b136a1115b0380f6f041ad7b12a8,2023-05,3.0,,,,0.0,0.0,0.0,0.0,False,True,1,17.617358563869704,8.0,3.894111612549078,STATIC_CURRENT_SNAPSHOT,False
col_a8d3b136a1115b0380f6f041ad7b12a8,2023-06,3.0,,,,0.0,0.0,0.0,0.0,False,True,1,17.617358563869704,8.0,3.894111612549078,STATIC_CURRENT_SNAPSHOT,False
col_a8d3b136a1115b0380f6f041ad7b12a8,2023-07,3.0,,,,0.0,0.0,0.0,0.0,False,True,1,17.617358563869704,8.0,3.894111612549078,STATIC_CURRENT_SNAPSHOT,False
col_a8d3b136a1115b0380f6f041ad7b12a8,2023-08,3.0,,,,0.0,0.0,0.0,0.0,False,True,1,17.617358563869704,8.0,3.894111612549078,STATIC_CURRENT_SNAPSHOT,False
col_a8d3b136a1115b0380f6f041ad7b12a8,2023-09,3.0,,,,0.0,0.0,0.0,0.0,False,True,1,17.617358563869704,8.0,3.894111612549078,STATIC_CURRENT_SNAPSHOT,False
col_a8d3b136a1115b0380f6f041ad7b12a8,2023-10,3.0,,,,0.0,0.0,0.0,0.0,False,True,1,17.617358563869704,8.0,3.894111612549078,STATIC_CURRENT_SNAPSHOT,False
col_a8d3b136a1115b0380f6f041ad7b12a8,2023-11,3.0,,,,0.0,0.0,0.0,0.0,False,True,1,17.617358563869704,8.0,3.894111612549078,STATIC_CURRENT_SNAPSHOT,False
col_a8d3b136a1115b0380f6f041ad7b12a8,2023-12,3.0,741.0,,,2.0,0.6666666666666666,0.0,0.0,True,True,1,17.617358563869704,8.0,3.894111612549078,STATIC_CURRENT_SNAPSHOT,False
col_a8d3b136a1115b0380f6f041ad7b12a8,2024-01,3.0,3136.0,2.7808521469414815,,2.0,0.6666666666666666,0.6666666666666666,0.0,True,True,1,17.617358563869704,8.0,3.894111612549078,STATIC_CURRENT_SNAPSHOT,False
col_a8d3b136a1115b0380f6f041ad7b12a8,2024-02,3.0,4777.0,0.42758386451468494,2884.6666666666665,2.0,0.6666666666666666,0.6666666666666666,0.6666666666666666,True,True,1,17.617358563869704,8.0,3.894111612549078,STATIC_CURRENT_SNAPSHOT,False
col_a8d3b136a1115b0380f6f041ad7b12a8,2024-03,3.0,4027.6666666666665,0.26277733668360626,4569.833333333333,3.0,1.0,0.6666666666666666,0.6666666666666666,True,True,1,17.617358563869704,8.0,3.894111612549078,STATIC_CURRENT_SNAPSHOT,False
col_a8d3b136a1115b0380f6f041ad7b12a8,2024-04,3.0,4434.333333333333,0.6106717969968306,5521.833333333334,3.0,1.0,1.0,0.6666666666666666,True,True,1,17.617358563869704,8.0,3.894111612549078,STATIC_CURRENT_SNAPSHOT,False
col_a8d3b136a1115b0380f6f041ad7b12a8,2024-05,3.0,4702.333333333333,0.05679861933371508,4388.111111111111,3.0,1.0,1.0,1.0,True,True,1,17.617358563869704,8.0,3.894111612549078,STATIC_CURRENT_SNAPSHOT,False
col_a8d3b136a1115b0380f6f041ad7b12a8,2024-06,3.0,2260.0,0.0875842155919153,2145.3333333333335,1.0,0.3333333333333333,0.3333333333333333,0.3333333333333333,True,True,1,17.617358563869704,8.0,3.894111612549078,STATIC_CURRENT_SNAPSHOT,False
col_a8d3b136a1115b0380f6f041ad7b12a8,2024-07,3.0,4895.0,-0.04261659023986978,4888.333333333333,3.0,1.0,1.0,1.0,True,True,1,17.617358563869704,8.0,3.894111612549078,STATIC_CURRENT_SNAPSHOT,False
col_a8d3b136a1115b0380f6f041ad7b12a8,2024-08,3.0,4704.333333333333,-0.032997633562065885,4889.0,3.0,1.0,1.0,1.0,True,True,1,17.617358563869704,8.0,3.894111612549078,STATIC_CURRENT_SNAPSHOT,False
col_a8d3b136a1115b0380f6f041ad7b12a8,2024-09,3.0,5271.666666666666,0.08952375103252025,4957.0,3.0,1.0,1.0,1.0,True,True,1,17.617358563869704,8.0,3.894111612549078,STATIC_CURRENT_SNAPSHOT,False
col_a8d3b136a1115b0380f6f041ad7b12a8,2024-10,3.0,5838.0,0.05532350606993437,5271.333333333333,3.0,1.0,1.0,1.0,True,True,1,17.617358563869704,8.0,3.894111612549078,STATIC_CURRENT_SNAPSHOT,False
col_a8d3b136a1115b0380f6f041ad7b12a8,2024-11,3.0,,,,0.0,0.0,0.0,0.0,False,True,1,17.617358563869704,8.0,3.894111612549078,STATIC_CURRENT_SNAPSHOT,False
col_a8d3b136a1115b0380f6f041ad7b12a8,2024-12,3.0,2106.0,,,2.0,0.6666666666666666,0.0,0.0,True,True,1,17.617358563869704,8.0,3.894111612549078,STATIC_CURRENT_SNAPSHOT,False
col_a8d3b136a1115b0380f6f041ad7b12a8,2025-01,3.0,5325.666666666666,-0.14734786504012967,,3.0,1.0,1.0,0.0,True,True,1,17.617358563869704,8.0,3.894111612549078,STATIC_CURRENT_SNAPSHOT,False
col_a8d3b136a1115b0380f6f041ad7b12a8,2025-02,3.0,2021.0,0.14088473181367997,1965.9999999999998,2.0,0.6666666666666666,0.6666666666666666,0.6666666666666666,True,True,1,17.617358563869704,8.0,3.894111612549078,STATIC_CURRENT_SNAPSHOT,False
col_a8d3b136a1115b0380f6f041ad7b12a8,2025-03,3.0,1715.0,-0.06437534097108565,1719.6666666666665,1.0,0.3333333333333333,0.3333333333333333,0.3333333333333333,True,True,1,17.617358563869704,8.0,3.894111612549078,STATIC_CURRENT_SNAPSHOT,False
col_a8d3b136a1115b0380f6f041ad7b12a8,2025-04,3.0,6178.333333333332,0.061201368315296566,6030.222222222222,3.0,1.0,1.0,1.0,True,True,1,17.617358563869704,8.0,3.894111612549078,STATIC_CURRENT_SNAPSHOT,False
col_a8d3b136a1115b0380f6f041ad7b12a8,2025-05,3.0,1671.0,-0.09675675675675675,1745.3333333333333,1.0,0.3333333333333333,0.3333333333333333,0.3333333333333333,True,True,1,17.617358563869704,8.0,3.894111612549078,STATIC_CURRENT_SNAPSHOT,False
col_a8d3b136a1115b0380f6f041ad7b12a8,2025-06,3.0,1914.5,0.016447024969122835,1935.9999999999998,2.0,0.6666666666666666,0.6666666666666666,0.6666666666666666,True,True,1,17.617358563869704,8.0,3.894111612549078,STATIC_CURRENT_SNAPSHOT,False
col_a8d3b136a1115b0380f6f041ad7b12a8,2025-07,3.0,5010.333333333333,-0.1487517029098377,5695.666666666667,3.0,1.0,1.0,1.0,True,True,1,17.617358563869704,8.0,3.894111612549078,STATIC_CURRENT_SNAPSHOT,False
col_a8d3b136a1115b0380f6f041ad7b12a8,2025-08,3.0,5774.666666666666,0.1328097308391225,5635.666666666666,3.0,1.0,1.0,1.0,True,True,1,17.617358563869704,8.0,3.894111612549078,STATIC_CURRENT_SNAPSHOT,False
col_a8d3b136a1115b0380f6f041ad7b12a8,2025-09,3.0,1856.4999999999998,-0.010701463644487959,1803.6666666666665,2.0,0.6666666666666666,0.6666666666666666,0.6666666666666666,True,True,1,17.617358563869704,8.0,3.894111612549078,STATIC_CURRENT_SNAPSHOT,False
col_a8d3b136a1115b0380f6f041ad7b12a8,2025-10,3.0,1932.0,0.03850195585015341,1889.0,2.0,0.6666666666666666,0.6666666666666666,0.6666666666666666,True,True,1,17.617358563869704,8.0,3.894111612549078,STATIC_CURRENT_SNAPSHOT,False
col_a8d3b136a1115b0380f6f041ad7b12a8,2025-11,3.0,6072.0,0.06329757509105402,1943.1666666666665,3.0,1.0,1.0,0.6666666666666666,True,True,1,17.617358563869704,8.0,3.894111612549078,STATIC_CURRENT_SNAPSHOT,False
col_a8d3b136a1115b0380f6f041ad7b12a8,2025-12,3.0,5384.666666666666,-0.13266987228807828,5711.0,3.0,1.0,1.0,1.0,True,True,1,17.617358563869704,8.0,3.894111612549078,STATIC_CURRENT_SNAPSHOT,False
col_a8d3b136a1115b0380f6f041ad7b12a8,2026-01,3.0,4927.0,-0.05220963144001817,5461.222222222223,3.0,1.0,1.0,1.0,True,True,1,17.617358563869704,8.0,3.894111612549078,STATIC_CURRENT_SNAPSHOT,False
col_a8d3b136a1115b0380f6f041ad7b12a8,2026-02,3.0,5261.333333333333,0.08105656867826487,5191.0,3.0,1.0,1.0,1.0,True,True,1,17.617358563869704,8.0,3.894111612549078,STATIC_CURRENT_SNAPSHOT,False
col_a8d3b136a1115b0380f6f041ad7b12a8,2026-03,3.0,1785.0,0.08050847457627118,1651.333333333333,1.0,0.3333333333333333,0.3333333333333333,0.3333333333333333,True,True,1,17.617358563869704,8.0,3.894111612549078,STATIC_CURRENT_SNAPSHOT,False
col_a8d3b136a1115b0380f6f041ad7b12a8,2026-04,3.0,7682.0,0.047351788694787504,7345.5,2.0,0.6666666666666666,0.6666666666666666,0.6666666666666666,True,True,1,17.617358563869704,8.0,3.894111612549078,STATIC_CURRENT_SNAPSHOT,False
col_a8d3b136a1115b0380f6f041ad7b12a8,2026-05,3.0,7618.499999999999,0.006056029176254663,7529.666666666666,2.0,0.6666666666666666,0.6666666666666666,0.6666666666666666,True,True,1,17.617358563869704,8.0,3.894111612549078,STATIC_CURRENT_SNAPSHOT,False
col_a8d3b136a1115b0380f6f041ad7b12a8,2026-06,3.0,5661.666666666666,-0.030797234262799577,5705.444444444443,3.0,1.0,1.0,1.0,True,True,1,17.617358563869704,8.0,3.894111612549078,STATIC_CURRENT_SNAPSHOT,False
col_a8d3b136a1115b0380f6f041ad7b12a8,2026-07,3.0,1734.5,-0.0921216422994475,1882.6666666666667,2.0,0.6666666666666666,0.6666666666666666,0.6666666666666666,True,True,1,17.617358563869704,8.0,3.894111612549078,STATIC_CURRENT_SNAPSHOT,False
col_a8d3b136a1115b0380f6f041ad7b12a8,2026-08,3.0,7259.499999999999,-0.03213506818244585,7356.666666666665,2.0,0.6666666666666666,0.6666666666666666,0.6666666666666666,True,True,1,17.617358563869704,8.0,3.894111612549078,STATIC_CURRENT_SNAPSHOT,False
col_aaef3bfb4fb259e8ab32bf1eb9404368,2023-01,1.0,,,,0.0,0.0,0.0,0.0,False,True,2,6.449583061588622,2.0,6.055536483047782,STATIC_CURRENT_SNAPSHOT,False
col_aaef3bfb4fb259e8ab32bf1eb9404368,2023-02,1.0,,,,0.0,0.0,0.0,0.0,False,True,2,6.449583061588622,2.0,6.055536483047782,STATIC_CURRENT_SNAPSHOT,False
col_aaef3bfb4fb259e8ab32bf1eb9404368,2023-03,1.0,,,,0.0,0.0,0.0,0.0,False,True,2,6.449583061588622,2.0,6.055536483047782,STATIC_CURRENT_SNAPSHOT,False
col_aaef3bfb4fb259e8ab32bf1eb9404368,2023-04,1.0,,,,0.0,0.0,0.0,0.0,False,True,2,6.449583061588622,2.0,6.055536483047782,STATIC_CURRENT_SNAPSHOT,False
col_aaef3bfb4fb259e8ab32bf1eb9404368,2023-05,1.0,,,,0.0,0.0,0.0,0.0,False,True,2,6.449583061588622,2.0,6.055536483047782,STATIC_CURRENT_SNAPSHOT,False
col_aaef3bfb4fb259e8ab32bf1eb9404368,2023-06,1.0,,,,0.0,0.0,0.0,0.0,False,True,2,6.449583061588622,2.0,6.055536483047782,STATIC_CURRENT_SNAPSHOT,False
col_aaef3bfb4fb259e8ab32bf1eb9404368,2023-07,1.0,,,,0.0,0.0,0.0,0.0,False,True,2,6.449583061588622,2.0,6.055536483047782,STATIC_CURRENT_SNAPSHOT,False
col_aaef3bfb4fb259e8ab32bf1eb9404368,2023-08,1.0,,,,0.0,0.0,0.0,0.0,False,True,2,6.449583061588622,2.0,6.055536483047782,STATIC_CURRENT_SNAPSHOT,False
col_aaef3bfb4fb259e8ab32bf1eb9404368,2023-09,1.0,,,,0.0,0.0,0.0,0.0,False,True,2,6.449583061588622,2.0,6.055536483047782,STATIC_CURRENT_SNAPSHOT,False
col_aaef3bfb4fb259e8ab32bf1eb9404368,2023-10,1.0,,,,0.0,0.0,0.0,0.0,False,True,2,6.449583061588622,2.0,6.055536483047782,STATIC_CURRENT_SNAPSHOT,False
col_aaef3bfb4fb259e8ab32bf1eb9404368,2023-11,1.0,722.0,,,1.0,1.0,0.0,0.0,True,True,2,6.449583061588622,2.0,6.055536483047782,STATIC_CURRENT_SNAPSHOT,False
col_aaef3bfb4fb259e8ab32bf1eb9404368,2023-12,1.0,1622.0,1.2465373961218837,,1.0,1.0,1.0,0.0,True,True,2,6.449583061588622,2.0,6.055536483047782,STATIC_CURRENT_SNAPSHOT,False
col_aaef3bfb4fb259e8ab32bf1eb9404368,2024-01,1.0,1309.0,-0.19297163995067818,1217.6666666666667,1.0,1.0,1.0,1.0,True,True,2,6.449583061588622,2.0,6.055536483047782,STATIC_CURRENT_SNAPSHOT,False
col_aaef3bfb4fb259e8ab32bf1eb9404368,2024-02,1.0,3245.0,1.4789915966386555,2058.6666666666665,1.0,1.0,1.0,1.0,True,True,2,6.449583061588622,2.0,6.055536483047782,STATIC_CURRENT_SNAPSHOT,False
col_aaef3bfb4fb259e8ab32bf1eb9404368,2024-03,1.0,4267.0,0.31494607087827425,2940.3333333333335,1.0,1.0,1.0,1.0,True,True,2,6.449583061588622,2.0,6.055536483047782,STATIC_CURRENT_SNAPSHOT,False
col_aaef3bfb4fb259e8ab32bf1eb9404368,2024-04,1.0,4820.0,0.12959925005858916,4110.666666666667,1.0,1.0,1.0,1.0,True,True,2,6.449583061588622,2.0,6.055536483047782,STATIC_CURRENT_SNAPSHOT,False
col_aaef3bfb4fb259e8ab32bf1eb9404368,2024-05,1.0,5660.0,0.17427385892116182,4915.666666666667,1.0,1.0,1.0,1.0,True,True,2,6.449583061588622,2.0,6.055536483047782,STATIC_CURRENT_SNAPSHOT,False
col_aaef3bfb4fb259e8ab32bf1eb9404368,2024-06,1.0,,,,0.0,0.0,0.0,0.0,False,True,2,6.449583061588622,2.0,6.055536483047782,STATIC_CURRENT_SNAPSHOT,False
col_aaef3bfb4fb259e8ab32bf1eb9404368,2024-07,1.0,5740.0,-0.09634760705289673,5917.333333333333,1.0,1.0,1.0,1.0,True,True,2,6.449583061588622,2.0,6.055536483047782,STATIC_CURRENT_SNAPSHOT,False
col_aaef3bfb4fb259e8ab32bf1eb9404368,2024-08,1.0,5545.0,-0.03397212543554007,5879.0,1.0,1.0,1.0,1.0,True,True,2,6.449583061588622,2.0,6.055536483047782,STATIC_CURRENT_SNAPSHOT,False
col_aaef3bfb4fb259e8ab32bf1eb9404368,2024-09,1.0,,,,0.0,0.0,0.0,0.0,False,True,2,6.449583061588622,2.0,6.055536483047782,STATIC_CURRENT_SNAPSHOT,False
col_aaef3bfb4fb259e8ab32bf1eb9404368,2024-10,1.0,6162.0,0.024438902743142144,5907.333333333333,1.0,1.0,1.0,1.0,True,True,2,6.449583061588622,2.0,6.055536483047782,STATIC_CURRENT_SNAPSHOT,False
col_aaef3bfb4fb259e8ab32bf1eb9404368,2024-11,1.0,,,,0.0,0.0,0.0,0.0,False,True,2,6.449583061588622,2.0,6.055536483047782,STATIC_CURRENT_SNAPSHOT,False
col_aaef3bfb4fb259e8ab32bf1eb9404368,2024-12,1.0,7049.0,,,1.0,1.0,0.0,0.0,True,True,2,6.449583061588622,2.0,6.055536483047782,STATIC_CURRENT_SNAPSHOT,False
col_aaef3bfb4fb259e8ab32bf1eb9404368,2025-01,1.0,5624.0,-0.20215633423180593,,1.0,1.0,1.0,0.0,True,True,2,6.449583061588622,2.0,6.055536483047782,STATIC_CURRENT_SNAPSHOT,False
col_aaef3bfb4fb259e8ab32bf1eb9404368,2025-02,1.0,6310.0,0.12197724039829302,6327.666666666667,1.0,1.0,1.0,1.0,True,True,2,6.449583061588622,2.0,6.055536483047782,STATIC_CURRENT_SNAPSHOT,False
col_aaef3bfb4fb259e8ab32bf1eb9404368,2025-03,1.0,6633.0,0.05118858954041204,6189.0,1.0,1.0,1.0,1.0,True,True,2,6.449583061588622,2.0,6.055536483047782,STATIC_CURRENT_SNAPSHOT,False
col_aaef3bfb4fb259e8ab32bf1eb9404368,2025-04,1.0,7508.0,0.1319161766922961,6817.0,1.0,1.0,1.0,1.0,True,True,2,6.449583061588622,2.0,6.055536483047782,STATIC_CURRENT_SNAPSHOT,False
col_aaef3bfb4fb259e8ab32bf1eb9404368,2025-05,1.0,6546.0,-0.1281299946723495,6895.666666666667,1.0,1.0,1.0,1.0,True,True,2,6.449583061588622,2.0,6.055536483047782,STATIC_CURRENT_SNAPSHOT,False
col_aaef3bfb4fb259e8ab32bf1eb9404368,2025-06,1.0,6688.0,0.021692636724717385,6914.0,1.0,1.0,1.0,1.0,True,True,2,6.449583061588622,2.0,6.055536483047782,STATIC_CURRENT_SNAPSHOT,False
col_aaef3bfb4fb259e8ab32bf1eb9404368,2025-07,1.0,5961.0,-0.10870215311004784,6398.333333333333,1.0,1.0,1.0,1.0,True,True,2,6.449583061588622,2.0,6.055536483047782,STATIC_CURRENT_SNAPSHOT,False
col_aaef3bfb4fb259e8ab32bf1eb9404368,2025-08,1.0,5939.0,-0.0036906559302130517,6196.0,1.0,1.0,1.0,1.0,True,True,2,6.449583061588622,2.0,6.055536483047782,STATIC_CURRENT_SNAPSHOT,False
col_aaef3bfb4fb259e8ab32bf1eb9404368,2025-09,1.0,5679.0,-0.043778413874389625,5859.666666666667,1.0,1.0,1.0,1.0,True,True,2,6.449583061588622,2.0,6.055536483047782,STATIC_CURRENT_SNAPSHOT,False
col_aaef3bfb4fb259e8ab32bf1eb9404368,2025-10,1.0,6052.0,0.06568057756647297,5890.0,1.0,1.0,1.0,1.0,True,True,2,6.449583061588622,2.0,6.055536483047782,STATIC_CURRENT_SNAPSHOT,False
col_aaef3bfb4fb259e8ab32bf1eb9404368,2025-11,1.0,7006.0,0.1576338400528751,6245.666666666667,1.0,1.0,1.0,1.0,True,True,2,6.449583061588622,2.0,6.055536483047782,STATIC_CURRENT_SNAPSHOT,False
col_aaef3bfb4fb259e8ab32bf1eb9404368,2025-12,1.0,6677.0,-0.04695974878675421,6578.333333333333,1.0,1.0,1.0,1.0,True,True,2,6.449583061588622,2.0,6.055536483047782,STATIC_CURRENT_SNAPSHOT,False
col_aaef3bfb4fb259e8ab32bf1eb9404368,2026-01,1.0,5296.0,-0.2068294144076681,6326.333333333333,1.0,1.0,1.0,1.0,True,True,2,6.449583061588622,2.0,6.055536483047782,STATIC_CURRENT_SNAPSHOT,False
col_aaef3bfb4fb259e8ab32bf1eb9404368,2026-02,1.0,5981.0,0.12934290030211482,5984.666666666667,1.0,1.0,1.0,1.0,True,True,2,6.449583061588622,2.0,6.055536483047782,STATIC_CURRENT_SNAPSHOT,False
col_aaef3bfb4fb259e8ab32bf1eb9404368,2026-03,1.0,6393.0,0.06888480187259656,5890.0,1.0,1.0,1.0,1.0,True,True,2,6.449583061588622,2.0,6.055536483047782,STATIC_CURRENT_SNAPSHOT,False
col_aaef3bfb4fb259e8ab32bf1eb9404368,2026-04,1.0,7174.0,0.1221648678241827,6516.0,1.0,1.0,1.0,1.0,True,True,2,6.449583061588622,2.0,6.055536483047782,STATIC_CURRENT_SNAPSHOT,False
col_aaef3bfb4fb259e8ab32bf1eb9404368,2026-05,1.0,,,,0.0,0.0,0.0,0.0,False,True,2,6.449583061588622,2.0,6.055536483047782,STATIC_CURRENT_SNAPSHOT,False
col_aaef3bfb4fb259e8ab32bf1eb9404368,2026-06,1.0,6364.0,-0.018052769634315693,6673.0,1.0,1.0,1.0,1.0,True,True,2,6.449583061588622,2.0,6.055536483047782,STATIC_CURRENT_SNAPSHOT,False
col_aaef3bfb4fb259e8ab32bf1eb9404368,2026-07,1.0,5202.0,-0.18258956631049655,6015.666666666667,1.0,1.0,1.0,1.0,True,True,2,6.449583061588622,2.0,6.055536483047782,STATIC_CURRENT_SNAPSHOT,False
col_aaef3bfb4fb259e8ab32bf1eb9404368,2026-08,1.0,,,,0.0,0.0,0.0,0.0,False,True,2,6.449583061588622,2.0,6.055536483047782,STATIC_CURRENT_SNAPSHOT,False
col_abad05146e545e0cb59abdc228f8373c,2023-01,3.0,,,,0.0,0.0,0.0,0.0,False,True,4,6.6320453236466435,22.0,5.923325504445573,STATIC_CURRENT_SNAPSHOT,False
col_abad05146e545e0cb59abdc228f8373c,2023-02,3.0,2439.0,,,1.0,0.3333333333333333,0.0,0.0,True,True,4,6.6320453236466435,22.0,5.923325504445573,STATIC_CURRENT_SNAPSHOT,False
col_abad05146e545e0cb59abdc228f8373c,2023-03,3.0,2556.0,0.047970479704797044,,1.0,0.3333333333333333,0.3333333333333333,0.0,True,True,4,6.6320453236466435,22.0,5.923325504445573,STATIC_CURRENT_SNAPSHOT,False
col_abad05146e545e0cb59abdc228f8373c,2023-04,3.0,2911.0,0.1388888888888889,2635.3333333333335,1.0,0.3333333333333333,0.3333333333333333,0.3333333333333333,True,True,4,6.6320453236466435,22.0,5.923325504445573,STATIC_CURRENT_SNAPSHOT,False
col_abad05146e545e0cb59abdc228f8373c,2023-05,3.0,2912.0,0.00034352456200618345,2793.0,1.0,0.3333333333333333,0.3333333333333333,0.3333333333333333,True,True,4,6.6320453236466435,22.0,5.923325504445573,STATIC_CURRENT_SNAPSHOT,False
col_abad05146e545e0cb59abdc228f8373c,2023-06,3.0,3306.0,0.1353021978021978,3043.0,1.0,0.3333333333333333,0.3333333333333333,0.3333333333333333,True,True,4,6.6320453236466435,22.0,5.923325504445573,STATIC_CURRENT_SNAPSHOT,False
col_abad05146e545e0cb59abdc228f8373c,2023-07,3.0,2748.0,-0.16878402903811252,2988.6666666666665,1.0,0.3333333333333333,0.3333333333333333,0.3333333333333333,True,True,4,6.6320453236466435,22.0,5.923325504445573,STATIC_CURRENT_SNAPSHOT,False
col_abad05146e545e0cb59abdc228f8373c,2023-08,3.0,,,,0.0,0.0,0.0,0.0,False,True,4,6.6320453236466435,22.0,5.923325504445573,STATIC_CURRENT_SNAPSHOT,False
col_abad05146e545e0cb59abdc228f8373c,2023-09,3.0,,,,0.0,0.0,0.0,0.0,False,True,4,6.6320453236466435,22.0,5.923325504445573,STATIC_CURRENT_SNAPSHOT,False
col_abad05146e545e0cb59abdc228f8373c,2023-10,3.0,2337.0,0.5122644863135443,3295.0,3.0,1.0,0.3333333333333333,0.3333333333333333,True,True,4,6.6320453236466435,22.0,5.923325504445573,STATIC_CURRENT_SNAPSHOT,False
col_abad05146e545e0cb59abdc228f8373c,2023-11,3.0,4097.5,1.338060617176975,4630.666666666667,2.0,0.6666666666666666,0.6666666666666666,0.3333333333333333,True,True,4,6.6320453236466435,22.0,5.923325504445573,STATIC_CURRENT_SNAPSHOT,False
col_abad05146e545e0cb59abdc228f8373c,2023-12,3.0,6185.0,0.16405480645327983,4232.666666666667,2.0,0.6666666666666666,0.6666666666666666,0.6666666666666666,True,True,4,6.6320453236466435,22.0,5.923325504445573,STATIC_CURRENT_SNAPSHOT,False
col_abad05146e545e0cb59abdc228f8373c,2024-01,3.0,7944.0,0.0726098741619803,6772.444444444444,3.0,1.0,1.0,1.0,True,True,4,6.6320453236466435,22.0,5.923325504445573,STATIC_CURRENT_SNAPSHOT,False
col_abad05146e545e0cb59abdc228f8373c,2024-02,3.0,3505.0,1.755503144654088,2098.6666666666665,1.0,0.3333333333333333,0.3333333333333333,0.3333333333333333,True,True,4,6.6320453236466435,22.0,5.923325504445573,STATIC_CURRENT_SNAPSHOT,False
col_abad05146e545e0cb59abdc228f8373c,2024-03,3.0,4662.0,0.33009985734664765,3146.3333333333335,1.0,0.3333333333333333,0.3333333333333333,0.3333333333333333,True,True,4,6.6320453236466435,22.0,5.923325504445573,STATIC_CURRENT_SNAPSHOT,False
col_abad05146e545e0cb59abdc228f8373c,2024-04,3.0,,,,0.0,0.0,0.0,0.0,False,True,4,6.6320453236466435,22.0,5.923325504445573,STATIC_CURRENT_SNAPSHOT,False
col_abad05146e545e0cb59abdc228f8373c,2024-05,3.0,10882.5,0.050424536475480855,5498.333333333333,2.0,0.6666666666666666,0.3333333333333333,0.3333333333333333,True,True,4,6.6320453236466435,22.0,5.923325504445573,STATIC_CURRENT_SNAPSHOT,False
col_abad05146e545e0cb59abdc228f8373c,2024-06,3.0,6989.0,0.15291982843945892,6273.999999999999,1.0,0.3333333333333333,0.3333333333333333,0.3333333333333333,True,True,4,6.6320453236466435,22.0,5.923325504445573,STATIC_CURRENT_SNAPSHOT,False
col_abad05146e545e0cb59abdc228f8373c,2024-07,3.0,25014.666666666664,-0.060019249087740915,25740.555555555555,3.0,1.0,1.0,1.0,True,True,4,6.6320453236466435,22.0,5.923325504445573,STATIC_CURRENT_SNAPSHOT,False
col_abad05146e545e0cb59abdc228f8373c,2024-08,3.0,10558.0,-0.06508604627299462,11234.833333333334,2.0,0.6666666666666666,0.6666666666666666,0.6666666666666666,True,True,4,6.6320453236466435,22.0,5.923325504445573,STATIC_CURRENT_SNAPSHOT,False
col_abad05146e545e0cb59abdc228f8373c,2024-09,3.0,6989.0,0.0714395216924728,6868.333333333333,1.0,0.3333333333333333,0.3333333333333333,0.3333333333333333,True,True,4,6.6320453236466435,22.0,5.923325504445573,STATIC_CURRENT_SNAPSHOT,False
col_abad05146e545e0cb59abdc228f8373c,2024-10,3.0,24209.333333333332,-0.03130511797707091,24403.444444444445,3.0,1.0,1.0,1.0,True,True,4,6.6320453236466435,22.0,5.923325504445573,STATIC_CURRENT_SNAPSHOT,False
col_abad05146e545e0cb59abdc228f8373c,2024-11,3.0,,,,0.0,0.0,0.0,0.0,False,True,4,6.6320453236466435,22.0,5.923325504445573,STATIC_CURRENT_SNAPSHOT,False
col_abad05146e545e0cb59abdc228f8373c,2024-12,3.0,6867.0,,,1.0,0.3333333333333333,0.0,0.0,True,True,4,6.6320453236466435,22.0,5.923325504445573,STATIC_CURRENT_SNAPSHOT,False
col_abad05146e545e0cb59abdc228f8373c,2025-01,3.0,26758.5,-0.11088672477650495,,2.0,0.6666666666666666,0.6666666666666666,0.0,True,True,4,6.6320453236466435,22.0,5.923325504445573,STATIC_CURRENT_SNAPSHOT,False
col_abad05146e545e0cb59abdc228f8373c,2025-02,3.0,14535.0,0.0827622169249106,14897.666666666666,1.0,0.3333333333333333,0.3333333333333333,0.3333333333333333,True,True,4,6.6320453236466435,22.0,5.923325504445573,STATIC_CURRENT_SNAPSHOT,False
col_abad05146e545e0cb59abdc228f8373c,2025-03,3.0,10676.5,-0.00871226755794787,10370.833333333334,2.0,0.6666666666666666,0.6666666666666666,0.6666666666666666,True,True,4,6.6320453236466435,22.0,5.923325504445573,STATIC_CURRENT_SNAPSHOT,False
col_abad05146e545e0cb59abdc228f8373c,2025-04,3.0,,,,0.0,0.0,0.0,0.0,False,True,4,6.6320453236466435,22.0,5.923325504445573,STATIC_CURRENT_SNAPSHOT,False
col_abad05146e545e0cb59abdc228f8373c,2025-05,3.0,10593.0,-0.08051846852485844,10918.166666666666,2.0,0.6666666666666666,0.6666666666666666,0.6666666666666666,True,True,4,6.6320453236466435,22.0,5.923325504445573,STATIC_CURRENT_SNAPSHOT,False
col_abad05146e545e0cb59abdc228f8373c,2025-06,3.0,11045.5,0.03793387440783314,11041.166666666666,2.0,0.6666666666666666,0.6666666666666666,0.6666666666666666,True,True,4,6.6320453236466435,22.0,5.923325504445573,STATIC_CURRENT_SNAPSHOT,False
col_abad05146e545e0cb59abdc228f8373c,2025-07,3.0,22317.333333333332,-0.11543143220857853,23697.555555555555,3.0,1.0,1.0,1.0,True,True,4,6.6320453236466435,22.0,5.923325504445573,STATIC_CURRENT_SNAPSHOT,False
col_abad05146e545e0cb59abdc228f8373c,2025-08,3.0,10486.0,0.07475075158639896,10481.0,2.0,0.6666666666666666,0.6666666666666666,0.6666666666666666,True,True,4,6.6320453236466435,22.0,5.923325504445573,STATIC_CURRENT_SNAPSHOT,False
col_abad05146e545e0cb59abdc228f8373c,2025-09,3.0,10510.999999999998,-0.010785769715368997,10302.833333333332,2.0,0.6666666666666666,0.6666666666666666,0.6666666666666666,True,True,4,6.6320453236466435,22.0,5.923325504445573,STATIC_CURRENT_SNAPSHOT,False
col_abad05146e545e0cb59abdc228f8373c,2025-10,3.0,5669.0,-0.01716366158113731,5818.666666666667,1.0,0.3333333333333333,0.3333333333333333,0.3333333333333333,True,True,4,6.6320453236466435,22.0,5.923325504445573,STATIC_CURRENT_SNAPSHOT,False
col_abad05146e545e0cb59abdc228f8373c,2025-11,3.0,5956.0,0.05062621273593226,5797.666666666667,1.0,0.3333333333333333,0.3333333333333333,0.3333333333333333,True,True,4,6.6320453236466435,22.0,5.923325504445573,STATIC_CURRENT_SNAPSHOT,False
col_abad05146e545e0cb59abdc228f8373c,2025-12,3.0,6067.0,0.018636668905305576,5897.333333333333,1.0,0.3333333333333333,0.3333333333333333,0.3333333333333333,True,True,4,6.6320453236466435,22.0,5.923325504445573,STATIC_CURRENT_SNAPSHOT,False
col_abad05146e545e0cb59abdc228f8373c,2026-01,3.0,5556.0,-0.08422614142080105,5859.666666666667,1.0,0.3333333333333333,0.3333333333333333,0.3333333333333333,True,True,4,6.6320453236466435,22.0,5.923325504445573,STATIC_CURRENT_SNAPSHOT,False
col_abad05146e545e0cb59abdc228f8373c,2026-02,3.0,13858.999999999998,,,1.0,0.3333333333333333,0.0,0.0,True,True,4,6.6320453236466435,22.0,5.923325504445573,STATIC_CURRENT_SNAPSHOT,False
col_abad05146e545e0cb59abdc228f8373c,2026-03,3.0,9870.0,-0.01720188315549621,5769.0,2.0,0.6666666666666666,0.6666666666666666,0.3333333333333333,True,True,4,6.6320453236466435,22.0,5.923325504445573,STATIC_CURRENT_SNAPSHOT,False
col_abad05146e545e0cb59abdc228f8373c,2026-04,3.0,11017.0,0.12672470152849125,10273.666666666666,2.0,0.6666666666666666,0.6666666666666666,0.6666666666666666,True,True,4,6.6320453236466435,22.0,5.923325504445573,STATIC_CURRENT_SNAPSHOT,False
col_abad05146e545e0cb59abdc228f8373c,2026-05,3.0,,,,0.0,0.0,0.0,0.0,False,True,4,6.6320453236466435,22.0,5.923325504445573,STATIC_CURRENT_SNAPSHOT,False
col_abad05146e545e0cb59abdc228f8373c,2026-06,3.0,11518.5,0.06884492931790903,11125.5,2.0,0.6666666666666666,0.6666666666666666,0.6666666666666666,True,True,4,6.6320453236466435,22.0,5.923325504445573,STATIC_CURRENT_SNAPSHOT,False
col_abad05146e545e0cb59abdc228f8373c,2026-07,3.0,10120.5,-0.12293140797968789,10826.666666666666,2.0,0.6666666666666666,0.6666666666666666,0.6666666666666666,True,True,4,6.6320453236466435,22.0,5.923325504445573,STATIC_CURRENT_SNAPSHOT,False
col_abad05146e545e0cb59abdc228f8373c,2026-08,3.0,10039.0,0.019064719848654876,10559.333333333332,2.0,0.6666666666666666,0.6666666666666666,0.6666666666666666,True,True,4,6.6320453236466435,22.0,5.923325504445573,STATIC_CURRENT_SNAPSHOT,False
col_aeb67b70520e58b895caf170c4cc2b7b,2023-01,3.0,,,,0.0,0.0,0.0,0.0,False,True,3,11.605743971473835,14.0,7.701361483835292,STATIC_CURRENT_SNAPSHOT,False
col_aeb67b70520e58b895caf170c4cc2b7b,2023-02,3.0,,,,0.0,0.0,0.0,0.0,False,True,3,11.605743971473835,14.0,7.701361483835292,STATIC_CURRENT_SNAPSHOT,False
col_aeb67b70520e58b895caf170c4cc2b7b,2023-03,3.0,,,,0.0,0.0,0.0,0.0,False,True,3,11.605743971473835,14.0,7.701361483835292,STATIC_CURRENT_SNAPSHOT,False
col_aeb67b70520e58b895caf170c4cc2b7b,2023-04,3.0,,,,0.0,0.0,0.0,0.0,False,True,3,11.605743971473835,14.0,7.701361483835292,STATIC_CURRENT_SNAPSHOT,False
col_aeb67b70520e58b895caf170c4cc2b7b,2023-05,3.0,,,,0.0,0.0,0.0,0.0,False,True,3,11.605743971473835,14.0,7.701361483835292,STATIC_CURRENT_SNAPSHOT,False
col_aeb67b70520e58b895caf170c4cc2b7b,2023-06,3.0,,,,0.0,0.0,0.0,0.0,False,True,3,11.605743971473835,14.0,7.701361483835292,STATIC_CURRENT_SNAPSHOT,False
col_aeb67b70520e58b895caf170c4cc2b7b,2023-07,3.0,,,,0.0,0.0,0.0,0.0,False,True,3,11.605743971473835,14.0,7.701361483835292,STATIC_CURRENT_SNAPSHOT,False
col_aeb67b70520e58b895caf170c4cc2b7b,2023-08,3.0,,,,0.0,0.0,0.0,0.0,False,True,3,11.605743971473835,14.0,7.701361483835292,STATIC_CURRENT_SNAPSHOT,False
col_aeb67b70520e58b895caf170c4cc2b7b,2023-09,3.0,,,,0.0,0.0,0.0,0.0,False,True,3,11.605743971473835,14.0,7.701361483835292,STATIC_CURRENT_SNAPSHOT,False
col_aeb67b70520e58b895caf170c4cc2b7b,2023-10,3.0,778.0,,,1.0,0.3333333333333333,0.0,0.0,True,True,3,11.605743971473835,14.0,7.701361483835292,STATIC_CURRENT_SNAPSHOT,False
col_aeb67b70520e58b895caf170c4cc2b7b,2023-11,3.0,8486.500000000002,1.6429555112533443,,2.0,0.6666666666666666,0.6666666666666666,0.0,True,True,3,11.605743971473835,14.0,7.701361483835292,STATIC_CURRENT_SNAPSHOT,False
col_aeb67b70520e58b895caf170c4cc2b7b,2023-12,3.0,6274.0,0.13083936344521563,7158.166666666667,3.0,1.0,0.6666666666666666,0.6666666666666666,True,True,3,11.605743971473835,14.0,7.701361483835292,STATIC_CURRENT_SNAPSHOT,False
col_aeb67b70520e58b895caf170c4cc2b7b,2024-01,3.0,8959.0,6.614298308125619,10118.333333333334,3.0,1.0,1.0,0.6666666666666666,True,True,3,11.605743971473835,14.0,7.701361483835292,STATIC_CURRENT_SNAPSHOT,False
col_aeb67b70520e58b895caf170c4cc2b7b,2024-02,3.0,5245.0,0.6582358520392033,3719.666666666666,1.0,0.3333333333333333,0.3333333333333333,0.3333333333333333,True,True,3,11.605743971473835,14.0,7.701361483835292,STATIC_CURRENT_SNAPSHOT,False
col_aeb67b70520e58b895caf170c4cc2b7b,2024-03,3.0,4989.5,0.12706016239143353,3983.333333333333,2.0,0.6666666666666666,0.6666666666666666,0.6666666666666666,True,True,3,11.605743971473835,14.0,7.701361483835292,STATIC_CURRENT_SNAPSHOT,False
col_aeb67b70520e58b895caf170c4cc2b7b,2024-04,3.0,20419.333333333332,0.15392566445091005,17722.0,3.0,1.0,1.0,1.0,True,True,3,11.605743971473835,14.0,7.701361483835292,STATIC_CURRENT_SNAPSHOT,False
col_aeb67b70520e58b895caf170c4cc2b7b,2024-05,3.0,30562.5,0.05189340788740633,27695.666666666668,2.0,0.6666666666666666,0.6666666666666666,0.6666666666666666,True,True,3,11.605743971473835,14.0,7.701361483835292,STATIC_CURRENT_SNAPSHOT,False
col_aeb67b70520e58b895caf170c4cc2b7b,2024-06,3.0,6843.0,0.1215980024968789,6234.0,2.0,0.6666666666666666,0.6666666666666666,0.6666666666666666,True,True,3,11.605743971473835,14.0,7.701361483835292,STATIC_CURRENT_SNAPSHOT,False
col_aeb67b70520e58b895caf170c4cc2b7b,2024-07,3.0,6496.5,-0.049897247421006825,6480.999999999999,2.0,0.6666666666666666,0.6666666666666666,0.6666666666666666,True,True,3,11.605743971473835,14.0,7.701361483835292,STATIC_CURRENT_SNAPSHOT,False
col_aeb67b70520e58b895caf170c4cc2b7b,2024-08,3.0,5861.0,-0.09617580187853891,6400.166666666666,2.0,0.6666666666666666,0.6666666666666666,0.6666666666666666,True,True,3,11.605743971473835,14.0,7.701361483835292,STATIC_CURRENT_SNAPSHOT,False
col_aeb67b70520e58b895caf170c4cc2b7b,2024-09,3.0,6104.5,0.04469742126489197,6153.999999999999,2.0,0.6666666666666666,0.6666666666666666,0.6666666666666666,True,True,3,11.605743971473835,14.0,7.701361483835292,STATIC_CURRENT_SNAPSHOT,False
col_aeb67b70520e58b895caf170c4cc2b7b,2024-10,3.0,21441.0,-0.023973934808740653,21477.22222222222,3.0,1.0,1.0,1.0,True,True,3,11.605743971473835,14.0,7.701361483835292,STATIC_CURRENT_SNAPSHOT,False
col_aeb67b70520e58b895caf170c4cc2b7b,2024-11,3.0,,,,0.0,0.0,0.0,0.0,False,True,3,11.605743971473835,14.0,7.701361483835292,STATIC_CURRENT_SNAPSHOT,False
col_aeb67b70520e58b895caf170c4cc2b7b,2024-12,3.0,6834.0,,,1.0,0.3333333333333333,0.0,0.0,True,True,3,11.605743971473835,14.0,7.701361483835292,STATIC_CURRENT_SNAPSHOT,False
col_aeb67b70520e58b895caf170c4cc2b7b,2025-01,3.0,5443.0,-0.1200445796221375,,2.0,0.6666666666666666,0.6666666666666666,0.0,True,True,3,11.605743971473835,14.0,7.701361483835292,STATIC_CURRENT_SNAPSHOT,False
col_aeb67b70520e58b895caf170c4cc2b7b,2025-02,3.0,,,,0.0,0.0,0.0,0.0,False,True,3,11.605743971473835,14.0,7.701361483835292,STATIC_CURRENT_SNAPSHOT,False
col_aeb67b70520e58b895caf170c4cc2b7b,2025-03,3.0,5597.0,-0.023898677955443204,5588.5,2.0,0.6666666666666666,0.6666666666666666,0.6666666666666666,True,True,3,11.605743971473835,14.0,7.701361483835292,STATIC_CURRENT_SNAPSHOT,False
col_aeb67b70520e58b895caf170c4cc2b7b,2025-04,3.0,6210.0,0.10667610110352102,5844.166666666666,2.0,0.6666666666666666,0.6666666666666666,0.6666666666666666,True,True,3,11.605743971473835,14.0,7.701361483835292,STATIC_CURRENT_SNAPSHOT,False
col_aeb67b70520e58b895caf170c4cc2b7b,2025-05,3.0,5905.5,-0.051156686919223225,5904.166666666666,2.0,0.6666666666666666,0.6666666666666666,0.6666666666666666,True,True,3,11.605743971473835,14.0,7.701361483835292,STATIC_CURRENT_SNAPSHOT,False
col_aeb67b70520e58b895caf170c4cc2b7b,2025-06,3.0,6111.0,0.03823528123421243,6075.5,2.0,0.6666666666666666,0.6666666666666666,0.6666666666666666,True,True,3,11.605743971473835,14.0,7.701361483835292,STATIC_CURRENT_SNAPSHOT,False
col_aeb67b70520e58b895caf170c4cc2b7b,2025-07,3.0,5517.5,-0.0997866904201391,5844.666666666667,2.0,0.6666666666666666,0.6666666666666666,0.6666666666666666,True,True,3,11.605743971473835,14.0,7.701361483835292,STATIC_CURRENT_SNAPSHOT,False
col_aeb67b70520e58b895caf170c4cc2b7b,2025-08,3.0,21037.999999999996,0.11424488164698068,20647.11111111111,3.0,1.0,1.0,1.0,True,True,3,11.605743971473835,14.0,7.701361483835292,STATIC_CURRENT_SNAPSHOT,False
col_aeb67b70520e58b895caf170c4cc2b7b,2025-09,3.0,5255.0,-0.03276274618074729,5150.333333333333,1.0,0.3333333333333333,0.3333333333333333,0.3333333333333333,True,True,3,11.605743971473835,14.0,7.701361483835292,STATIC_CURRENT_SNAPSHOT,False
col_aeb67b70520e58b895caf170c4cc2b7b,2025-10,3.0,5811.5,-0.03318831318721533,5980.833333333333,2.0,0.6666666666666666,0.6666666666666666,0.6666666666666666,True,True,3,11.605743971473835,14.0,7.701361483835292,STATIC_CURRENT_SNAPSHOT,False
col_aeb67b70520e58b895caf170c4cc2b7b,2025-11,3.0,6059.0,0.042556901279721254,5959.333333333333,2.0,0.6666666666666666,0.6666666666666666,0.6666666666666666,True,True,3,11.605743971473835,14.0,7.701361483835292,STATIC_CURRENT_SNAPSHOT,False
col_aeb67b70520e58b895caf170c4cc2b7b,2025-12,3.0,5743.0,-0.05115158026049876,5871.166666666666,2.0,0.6666666666666666,0.6666666666666666,0.6666666666666666,True,True,3,11.605743971473835,14.0,7.701361483835292,STATIC_CURRENT_SNAPSHOT,False
col_aeb67b70520e58b895caf170c4cc2b7b,2026-01,3.0,5507.0,-0.046569492858375736,5769.666666666667,2.0,0.6666666666666666,0.6666666666666666,0.6666666666666666,True,True,3,11.605743971473835,14.0,7.701361483835292,STATIC_CURRENT_SNAPSHOT,False
col_aeb67b70520e58b895caf170c4cc2b7b,2026-02,3.0,5829.5,0.06644027383769695,5693.166666666667,2.0,0.6666666666666666,0.6666666666666666,0.6666666666666666,True,True,3,11.605743971473835,14.0,7.701361483835292,STATIC_CURRENT_SNAPSHOT,False
col_aeb67b70520e58b895caf170c4cc2b7b,2026-03,3.0,5503.5,-0.04994258749390898,5613.333333333333,2.0,0.6666666666666666,0.6666666666666666,0.6666666666666666,True,True,3,11.605743971473835,14.0,7.701361483835292,STATIC_CURRENT_SNAPSHOT,False
col_aeb67b70520e58b895caf170c4cc2b7b,2026-04,3.0,6576.999999999999,0.19480102768224755,5970.0,2.0,0.6666666666666666,0.6666666666666666,0.6666666666666666,True,True,3,11.605743971473835,14.0,7.701361483835292,STATIC_CURRENT_SNAPSHOT,False
col_aeb67b70520e58b895caf170c4cc2b7b,2026-05,3.0,6258.0,-0.04729401594450858,6112.833333333333,2.0,0.6666666666666666,0.6666666666666666,0.6666666666666666,True,True,3,11.605743971473835,14.0,7.701361483835292,STATIC_CURRENT_SNAPSHOT,False
col_aeb67b70520e58b895caf170c4cc2b7b,2026-06,3.0,29089.5,0.03213668599520199,28722.999999999996,2.0,0.6666666666666666,0.6666666666666666,0.6666666666666666,True,True,3,11.605743971473835,14.0,7.701361483835292,STATIC_CURRENT_SNAPSHOT,False
col_aeb67b70520e58b895caf170c4cc2b7b,2026-07,3.0,6110.0,-0.3528913365812328,7140.666666666667,1.0,0.3333333333333333,0.3333333333333333,0.3333333333333333,True,True,3,11.605743971473835,14.0,7.701361483835292,STATIC_CURRENT_SNAPSHOT,False
col_aeb67b70520e58b895caf170c4cc2b7b,2026-08,3.0,5782.0,-0.04059082012590167,6647.0,2.0,0.6666666666666666,0.6666666666666666,0.6666666666666666,True,True,3,11.605743971473835,14.0,7.701361483835292,STATIC_CURRENT_SNAPSHOT,False
col_af634a3d6a0956f8930194b36da1dbde,2023-01,2.0,,,,0.0,0.0,0.0,0.0,False,True,7,6.480526235758348,24.0,10.87165070806801,STATIC_CURRENT_SNAPSHOT,False
col_af634a3d6a0956f8930194b36da1dbde,2023-02,2.0,4790.0,,,1.0,0.5,0.0,0.0,True,True,7,6.480526235758348,24.0,10.87165070806801,STATIC_CURRENT_SNAPSHOT,False
col_af634a3d6a0956f8930194b36da1dbde,2023-03,2.0,,,,0.0,0.0,0.0,0.0,False,True,7,6.480526235758348,24.0,10.87165070806801,STATIC_CURRENT_SNAPSHOT,False
col_af634a3d6a0956f8930194b36da1dbde,2023-04,2.0,25954.0,0.6855435770879335,15380.666666666666,1.0,0.5,0.5,0.5,True,True,7,6.480526235758348,24.0,10.87165070806801,STATIC_CURRENT_SNAPSHOT,False
col_af634a3d6a0956f8930194b36da1dbde,2023-05,2.0,26327.0,0.014371580488556678,22559.666666666668,1.0,0.5,0.5,0.5,True,True,7,6.480526235758348,24.0,10.87165070806801,STATIC_CURRENT_SNAPSHOT,False
col_af634a3d6a0956f8930194b36da1dbde,2023-06,2.0,,,,0.0,0.0,0.0,0.0,False,True,7,6.480526235758348,24.0,10.87165070806801,STATIC_CURRENT_SNAPSHOT,False
col_af634a3d6a0956f8930194b36da1dbde,2023-07,2.0,,,,0.0,0.0,0.0,0.0,False,True,7,6.480526235758348,24.0,10.87165070806801,STATIC_CURRENT_SNAPSHOT,False
col_af634a3d6a0956f8930194b36da1dbde,2023-08,2.0,,,,0.0,0.0,0.0,0.0,False,True,7,6.480526235758348,24.0,10.87165070806801,STATIC_CURRENT_SNAPSHOT,False
col_af634a3d6a0956f8930194b36da1dbde,2023-09,2.0,,,,0.0,0.0,0.0,0.0,False,True,7,6.480526235758348,24.0,10.87165070806801,STATIC_CURRENT_SNAPSHOT,False
col_af634a3d6a0956f8930194b36da1dbde,2023-10,2.0,,,,0.0,0.0,0.0,0.0,False,True,7,6.480526235758348,24.0,10.87165070806801,STATIC_CURRENT_SNAPSHOT,False
col_af634a3d6a0956f8930194b36da1dbde,2023-11,2.0,,,,0.0,0.0,0.0,0.0,False,True,7,6.480526235758348,24.0,10.87165070806801,STATIC_CURRENT_SNAPSHOT,False
col_af634a3d6a0956f8930194b36da1dbde,2023-12,2.0,,,,0.0,0.0,0.0,0.0,False,True,7,6.480526235758348,24.0,10.87165070806801,STATIC_CURRENT_SNAPSHOT,False
col_af634a3d6a0956f8930194b36da1dbde,2024-01,2.0,46355.0,,,1.0,0.5,0.0,0.0,True,True,7,6.480526235758348,24.0,10.87165070806801,STATIC_CURRENT_SNAPSHOT,False
col_af634a3d6a0956f8930194b36da1dbde,2024-02,2.0,,,,0.0,0.0,0.0,0.0,False,True,7,6.480526235758348,24.0,10.87165070806801,STATIC_CURRENT_SNAPSHOT,False
col_af634a3d6a0956f8930194b36da1dbde,2024-03,2.0,,,,0.0,0.0,0.0,0.0,False,True,7,6.480526235758348,24.0,10.87165070806801,STATIC_CURRENT_SNAPSHOT,False
col_af634a3d6a0956f8930194b36da1dbde,2024-04,2.0,,,,0.0,0.0,0.0,0.0,False,True,7,6.480526235758348,24.0,10.87165070806801,STATIC_CURRENT_SNAPSHOT,False
col_af634a3d6a0956f8930194b36da1dbde,2024-05,2.0,,,,0.0,0.0,0.0,0.0,False,True,7,6.480526235758348,24.0,10.87165070806801,STATIC_CURRENT_SNAPSHOT,False
col_af634a3d6a0956f8930194b36da1dbde,2024-06,2.0,,,,0.0,0.0,0.0,0.0,False,True,7,6.480526235758348,24.0,10.87165070806801,STATIC_CURRENT_SNAPSHOT,False
col_af634a3d6a0956f8930194b36da1dbde,2024-07,2.0,,,,0.0,0.0,0.0,0.0,False,True,7,6.480526235758348,24.0,10.87165070806801,STATIC_CURRENT_SNAPSHOT,False
col_af634a3d6a0956f8930194b36da1dbde,2024-08,2.0,,,,0.0,0.0,0.0,0.0,False,True,7,6.480526235758348,24.0,10.87165070806801,STATIC_CURRENT_SNAPSHOT,False
col_af634a3d6a0956f8930194b36da1dbde,2024-09,2.0,,,,0.0,0.0,0.0,0.0,False,True,7,6.480526235758348,24.0,10.87165070806801,STATIC_CURRENT_SNAPSHOT,False
col_af634a3d6a0956f8930194b36da1dbde,2024-10,2.0,94658.5,0.01657988849405191,91980.66666666667,2.0,1.0,1.0,1.0,True,True,7,6.480526235758348,24.0,10.87165070806801,STATIC_CURRENT_SNAPSHOT,False
col_af634a3d6a0956f8930194b36da1dbde,2024-11,2.0,,,,0.0,0.0,0.0,0.0,False,True,7,6.480526235758348,24.0,10.87165070806801,STATIC_CURRENT_SNAPSHOT,False
col_af634a3d6a0956f8930194b36da1dbde,2024-12,2.0,,,,0.0,0.0,0.0,0.0,False,True,7,6.480526235758348,24.0,10.87165070806801,STATIC_CURRENT_SNAPSHOT,False
col_af634a3d6a0956f8930194b36da1dbde,2025-01,2.0,,,,0.0,0.0,0.0,0.0,False,True,7,6.480526235758348,24.0,10.87165070806801,STATIC_CURRENT_SNAPSHOT,False
col_af634a3d6a0956f8930194b36da1dbde,2025-02,2.0,,,,0.0,0.0,0.0,0.0,False,True,7,6.480526235758348,24.0,10.87165070806801,STATIC_CURRENT_SNAPSHOT,False
col_af634a3d6a0956f8930194b36da1dbde,2025-03,2.0,,,,0.0,0.0,0.0,0.0,False,True,7,6.480526235758348,24.0,10.87165070806801,STATIC_CURRENT_SNAPSHOT,False
col_af634a3d6a0956f8930194b36da1dbde,2025-04,2.0,,,,0.0,0.0,0.0,0.0,False,True,7,6.480526235758348,24.0,10.87165070806801,STATIC_CURRENT_SNAPSHOT,False
col_af634a3d6a0956f8930194b36da1dbde,2025-05,2.0,,,,0.0,0.0,0.0,0.0,False,True,7,6.480526235758348,24.0,10.87165070806801,STATIC_CURRENT_SNAPSHOT,False
col_af634a3d6a0956f8930194b36da1dbde,2025-06,2.0,,,,0.0,0.0,0.0,0.0,False,True,7,6.480526235758348,24.0,10.87165070806801,STATIC_CURRENT_SNAPSHOT,False
col_af634a3d6a0956f8930194b36da1dbde,2025-07,2.0,,,,0.0,0.0,0.0,0.0,False,True,7,6.480526235758348,24.0,10.87165070806801,STATIC_CURRENT_SNAPSHOT,False
col_af634a3d6a0956f8930194b36da1dbde,2025-08,2.0,,,,0.0,0.0,0.0,0.0,False,True,7,6.480526235758348,24.0,10.87165070806801,STATIC_CURRENT_SNAPSHOT,False
col_af634a3d6a0956f8930194b36da1dbde,2025-09,2.0,,,,0.0,0.0,0.0,0.0,False,True,7,6.480526235758348,24.0,10.87165070806801,STATIC_CURRENT_SNAPSHOT,False
col_af634a3d6a0956f8930194b36da1dbde,2025-10,2.0,,,,0.0,0.0,0.0,0.0,False,True,7,6.480526235758348,24.0,10.87165070806801,STATIC_CURRENT_SNAPSHOT,False
col_af634a3d6a0956f8930194b36da1dbde,2025-11,2.0,,,,0.0,0.0,0.0,0.0,False,True,7,6.480526235758348,24.0,10.87165070806801,STATIC_CURRENT_SNAPSHOT,False
col_af634a3d6a0956f8930194b36da1dbde,2025-12,2.0,,,,0.0,0.0,0.0,0.0,False,True,7,6.480526235758348,24.0,10.87165070806801,STATIC_CURRENT_SNAPSHOT,False
col_af634a3d6a0956f8930194b36da1dbde,2026-01,2.0,,,,0.0,0.0,0.0,0.0,False,True,7,6.480526235758348,24.0,10.87165070806801,STATIC_CURRENT_SNAPSHOT,False
col_af634a3d6a0956f8930194b36da1dbde,2026-02,2.0,,,,0.0,0.0,0.0,0.0,False,True,7,6.480526235758348,24.0,10.87165070806801,STATIC_CURRENT_SNAPSHOT,False
col_af634a3d6a0956f8930194b36da1dbde,2026-03,2.0,,,,0.0,0.0,0.0,0.0,False,True,7,6.480526235758348,24.0,10.87165070806801,STATIC_CURRENT_SNAPSHOT,False
col_af634a3d6a0956f8930194b36da1dbde,2026-04,2.0,,,,0.0,0.0,0.0,0.0,False,True,7,6.480526235758348,24.0,10.87165070806801,STATIC_CURRENT_SNAPSHOT,False
col_af634a3d6a0956f8930194b36da1dbde,2026-05,2.0,,,,0.0,0.0,0.0,0.0,False,True,7,6.480526235758348,24.0,10.87165070806801,STATIC_CURRENT_SNAPSHOT,False
col_af634a3d6a0956f8930194b36da1dbde,2026-06,2.0,,,,0.0,0.0,0.0,0.0,False,True,7,6.480526235758348,24.0,10.87165070806801,STATIC_CURRENT_SNAPSHOT,False
col_af634a3d6a0956f8930194b36da1dbde,2026-07,2.0,,,,0.0,0.0,0.0,0.0,False,True,7,6.480526235758348,24.0,10.87165070806801,STATIC_CURRENT_SNAPSHOT,False
col_af634a3d6a0956f8930194b36da1dbde,2026-08,2.0,,,,0.0,0.0,0.0,0.0,False,True,7,6.480526235758348,24.0,10.87165070806801,STATIC_CURRENT_SNAPSHOT,False
col_b0071da2a8ad5c38b1d137c8dd21a966,2023-01,,,,,,,,,False,False,1,,,,STATIC_CURRENT_SNAPSHOT,False
col_b0071da2a8ad5c38b1d137c8dd21a966,2023-02,,,,,,,,,False,False,1,,,,STATIC_CURRENT_SNAPSHOT,False
col_b0071da2a8ad5c38b1d137c8dd21a966,2023-03,,,,,,,,,False,False,1,,,,STATIC_CURRENT_SNAPSHOT,False
col_b0071da2a8ad5c38b1d137c8dd21a966,2023-04,,,,,,,,,False,False,1,,,,STATIC_CURRENT_SNAPSHOT,False
col_b0071da2a8ad5c38b1d137c8dd21a966,2023-05,,,,,,,,,False,False,1,,,,STATIC_CURRENT_SNAPSHOT,False
col_b0071da2a8ad5c38b1d137c8dd21a966,2023-06,,,,,,,,,False,False,1,,,,STATIC_CURRENT_SNAPSHOT,False
col_b0071da2a8ad5c38b1d137c8dd21a966,2023-07,,,,,,,,,False,False,1,,,,STATIC_CURRENT_SNAPSHOT,False
col_b0071da2a8ad5c38b1d137c8dd21a966,2023-08,,,,,,,,,False,False,1,,,,STATIC_CURRENT_SNAPSHOT,False
col_b0071da2a8ad5c38b1d137c8dd21a966,2023-09,,,,,,,,,False,False,1,,,,STATIC_CURRENT_SNAPSHOT,False
col_b0071da2a8ad5c38b1d137c8dd21a966,2023-10,,,,,,,,,False,False,1,,,,STATIC_CURRENT_SNAPSHOT,False
col_b0071da2a8ad5c38b1d137c8dd21a966,2023-11,,,,,,,,,False,False,1,,,,STATIC_CURRENT_SNAPSHOT,False
col_b0071da2a8ad5c38b1d137c8dd21a966,2023-12,,,,,,,,,False,False,1,,,,STATIC_CURRENT_SNAPSHOT,False
col_b0071da2a8ad5c38b1d137c8dd21a966,2024-01,,,,,,,,,False,False,1,,,,STATIC_CURRENT_SNAPSHOT,False
col_b0071da2a8ad5c38b1d137c8dd21a966,2024-02,,,,,,,,,False,False,1,,,,STATIC_CURRENT_SNAPSHOT,False
col_b0071da2a8ad5c38b1d137c8dd21a966,2024-03,,,,,,,,,False,False,1,,,,STATIC_CURRENT_SNAPSHOT,False
col_b0071da2a8ad5c38b1d137c8dd21a966,2024-04,,,,,,,,,False,False,1,,,,STATIC_CURRENT_SNAPSHOT,False
col_b0071da2a8ad5c38b1d137c8dd21a966,2024-05,,,,,,,,,False,False,1,,,,STATIC_CURRENT_SNAPSHOT,False
col_b0071da2a8ad5c38b1d137c8dd21a966,2024-06,,,,,,,,,False,False,1,,,,STATIC_CURRENT_SNAPSHOT,False
col_b0071da2a8ad5c38b1d137c8dd21a966,2024-07,,,,,,,,,False,False,1,,,,STATIC_CURRENT_SNAPSHOT,False
col_b0071da2a8ad5c38b1d137c8dd21a966,2024-08,,,,,,,,,False,False,1,,,,STATIC_CURRENT_SNAPSHOT,False
col_b0071da2a8ad5c38b1d137c8dd21a966,2024-09,,,,,,,,,False,False,1,,,,STATIC_CURRENT_SNAPSHOT,False
col_b0071da2a8ad5c38b1d137c8dd21a966,2024-10,,,,,,,,,False,False,1,,,,STATIC_CURRENT_SNAPSHOT,False
col_b0071da2a8ad5c38b1d137c8dd21a966,2024-11,,,,,,,,,False,False,1,,,,STATIC_CURRENT_SNAPSHOT,False
col_b0071da2a8ad5c38b1d137c8dd21a966,2024-12,,,,,,,,,False,False,1,,,,STATIC_CURRENT_SNAPSHOT,False
col_b0071da2a8ad5c38b1d137c8dd21a966,2025-01,,,,,,,,,False,False,1,,,,STATIC_CURRENT_SNAPSHOT,False
col_b0071da2a8ad5c38b1d137c8dd21a966,2025-02,,,,,,,,,False,False,1,,,,STATIC_CURRENT_SNAPSHOT,False
col_b0071da2a8ad5c38b1d137c8dd21a966,2025-03,,,,,,,,,False,False,1,,,,STATIC_CURRENT_SNAPSHOT,False
col_b0071da2a8ad5c38b1d137c8dd21a966,2025-04,,,,,,,,,False,False,1,,,,STATIC_CURRENT_SNAPSHOT,False
col_b0071da2a8ad5c38b1d137c8dd21a966,2025-05,,,,,,,,,False,False,1,,,,STATIC_CURRENT_SNAPSHOT,False
col_b0071da2a8ad5c38b1d137c8dd21a966,2025-06,,,,,,,,,False,False,1,,,,STATIC_CURRENT_SNAPSHOT,False
col_b0071da2a8ad5c38b1d137c8dd21a966,2025-07,,,,,,,,,False,False,1,,,,STATIC_CURRENT_SNAPSHOT,False
col_b0071da2a8ad5c38b1d137c8dd21a966,2025-08,,,,,,,,,False,False,1,,,,STATIC_CURRENT_SNAPSHOT,False
col_b0071da2a8ad5c38b1d137c8dd21a966,2025-09,,,,,,,,,False,False,1,,,,STATIC_CURRENT_SNAPSHOT,False
col_b0071da2a8ad5c38b1d137c8dd21a966,2025-10,,,,,,,,,False,False,1,,,,STATIC_CURRENT_SNAPSHOT,False
col_b0071da2a8ad5c38b1d137c8dd21a966,2025-11,,,,,,,,,False,False,1,,,,STATIC_CURRENT_SNAPSHOT,False
col_b0071da2a8ad5c38b1d137c8dd21a966,2025-12,,,,,,,,,False,False,1,,,,STATIC_CURRENT_SNAPSHOT,False
col_b0071da2a8ad5c38b1d137c8dd21a966,2026-01,,,,,,,,,False,False,1,,,,STATIC_CURRENT_SNAPSHOT,False
col_b0071da2a8ad5c38b1d137c8dd21a966,2026-02,,,,,,,,,False,False,1,,,,STATIC_CURRENT_SNAPSHOT,False
col_b0071da2a8ad5c38b1d137c8dd21a966,2026-03,,,,,,,,,False,False,1,,,,STATIC_CURRENT_SNAPSHOT,False
col_b0071da2a8ad5c38b1d137c8dd21a966,2026-04,,,,,,,,,False,False,1,,,,STATIC_CURRENT_SNAPSHOT,False
col_b0071da2a8ad5c38b1d137c8dd21a966,2026-05,,,,,,,,,False,False,1,,,,STATIC_CURRENT_SNAPSHOT,False
col_b0071da2a8ad5c38b1d137c8dd21a966,2026-06,,,,,,,,,False,False,1,,,,STATIC_CURRENT_SNAPSHOT,False
col_b0071da2a8ad5c38b1d137c8dd21a966,2026-07,,,,,,,,,False,False,1,,,,STATIC_CURRENT_SNAPSHOT,False
col_b0071da2a8ad5c38b1d137c8dd21a966,2026-08,,,,,,,,,False,False,1,,,,STATIC_CURRENT_SNAPSHOT,False
col_b0d667d100335a2cbd38dd885b4a49ae,2023-01,4.0,,,,0.0,0.0,0.0,0.0,False,True,6,4.197588265853076,64.0,7.804041423562226,STATIC_CURRENT_SNAPSHOT,False
col_b0d667d100335a2cbd38dd885b4a49ae,2023-02,4.0,548.0,,,1.0,0.25,0.0,0.0,True,True,6,4.197588265853076,64.0,7.804041423562226,STATIC_CURRENT_SNAPSHOT,False
col_b0d667d100335a2cbd38dd885b4a49ae,2023-03,4.0,1631.0,1.9762773722627738,,1.0,0.25,0.25,0.0,True,True,6,4.197588265853076,64.0,7.804041423562226,STATIC_CURRENT_SNAPSHOT,False
col_b0d667d100335a2cbd38dd885b4a49ae,2023-04,4.0,13433.5,0.5180870631514408,1551.6666666666667,2.0,0.5,0.25,0.25,True,True,6,4.197588265853076,64.0,7.804041423562226,STATIC_CURRENT_SNAPSHOT,False
col_b0d667d100335a2cbd38dd885b4a49ae,2023-05,4.0,12599.0,-0.019516860445823757,2221.3333333333335,2.0,0.5,0.5,0.25,True,True,6,4.197588265853076,64.0,7.804041423562226,STATIC_CURRENT_SNAPSHOT,False
col_b0d667d100335a2cbd38dd885b4a49ae,2023-06,4.0,10381.666666666666,0.2062293518994348,13817.0,3.0,0.75,0.5,0.5,True,True,6,4.197588265853076,64.0,7.804041423562226,STATIC_CURRENT_SNAPSHOT,False
col_b0d667d100335a2cbd38dd885b4a49ae,2023-07,4.0,5080.0,10.795021359090052,2935.6666666666665,2.0,0.5,0.5,0.25,True,True,6,4.197588265853076,64.0,7.804041423562226,STATIC_CURRENT_SNAPSHOT,False
col_b0d667d100335a2cbd38dd885b4a49ae,2023-08,4.0,13827.666666666666,0.1510666051462804,12419.333333333334,3.0,0.75,0.75,0.75,True,True,6,4.197588265853076,64.0,7.804041423562226,STATIC_CURRENT_SNAPSHOT,False
col_b0d667d100335a2cbd38dd885b4a49ae,2023-09,4.0,17828.0,0.15541345279959626,16562.166666666668,2.0,0.5,0.5,0.5,True,True,6,4.197588265853076,64.0,7.804041423562226,STATIC_CURRENT_SNAPSHOT,False
col_b0d667d100335a2cbd38dd885b4a49ae,2023-10,4.0,9884.0,0.12531197246158254,8335.166666666668,2.0,0.5,0.5,0.5,True,True,6,4.197588265853076,64.0,7.804041423562226,STATIC_CURRENT_SNAPSHOT,False
col_b0d667d100335a2cbd38dd885b4a49ae,2023-11,4.0,11483.0,0.1462881990760233,9939.5,2.0,0.5,0.5,0.5,True,True,6,4.197588265853076,64.0,7.804041423562226,STATIC_CURRENT_SNAPSHOT,False
col_b0d667d100335a2cbd38dd885b4a49ae,2023-12,4.0,11588.5,0.03020088883832413,10985.166666666666,2.0,0.5,0.5,0.5,True,True,6,4.197588265853076,64.0,7.804041423562226,STATIC_CURRENT_SNAPSHOT,False
col_b0d667d100335a2cbd38dd885b4a49ae,2024-01,4.0,16295.0,-0.12118293209661461,18755.5,2.0,0.5,0.5,0.5,True,True,6,4.197588265853076,64.0,7.804041423562226,STATIC_CURRENT_SNAPSHOT,False
col_b0d667d100335a2cbd38dd885b4a49ae,2024-02,4.0,6026.0,0.2710398650073824,5242.0,1.0,0.25,0.25,0.25,True,True,6,4.197588265853076,64.0,7.804041423562226,STATIC_CURRENT_SNAPSHOT,False
col_b0d667d100335a2cbd38dd885b4a49ae,2024-03,4.0,7203.0,0.19532027879190175,5990.0,1.0,0.25,0.25,0.25,True,True,6,4.197588265853076,64.0,7.804041423562226,STATIC_CURRENT_SNAPSHOT,False
col_b0d667d100335a2cbd38dd885b4a49ae,2024-04,4.0,7850.0,0.08982368457587117,7026.333333333333,1.0,0.25,0.25,0.25,True,True,6,4.197588265853076,64.0,7.804041423562226,STATIC_CURRENT_SNAPSHOT,False
col_b0d667d100335a2cbd38dd885b4a49ae,2024-05,4.0,25907.0,0.13295175863896713,24179.5,2.0,0.5,0.5,0.5,True,True,6,4.197588265853076,64.0,7.804041423562226,STATIC_CURRENT_SNAPSHOT,False
col_b0d667d100335a2cbd38dd885b4a49ae,2024-06,4.0,9113.0,-0.025764378875347445,8772.333333333334,1.0,0.25,0.25,0.25,True,True,6,4.197588265853076,64.0,7.804041423562226,STATIC_CURRENT_SNAPSHOT,False
col_b0d667d100335a2cbd38dd885b4a49ae,2024-07,4.0,30334.666666666668,-0.06336652715460929,31262.11111111111,3.0,0.75,0.75,0.75,True,True,6,4.197588265853076,64.0,7.804041423562226,STATIC_CURRENT_SNAPSHOT,False
col_b0d667d100335a2cbd38dd885b4a49ae,2024-08,4.0,,,,0.0,0.0,0.0,0.0,False,True,6,4.197588265853076,64.0,7.804041423562226,STATIC_CURRENT_SNAPSHOT,False
col_b0d667d100335a2cbd38dd885b4a49ae,2024-09,4.0,8667.0,0.03350822799904603,8462.333333333334,1.0,0.25,0.25,0.25,True,True,6,4.197588265853076,64.0,7.804041423562226,STATIC_CURRENT_SNAPSHOT,False
col_b0d667d100335a2cbd38dd885b4a49ae,2024-10,4.0,79035.25,-0.027634471945827174,29695.55555555555,4.0,1.0,0.75,0.75,True,True,6,4.197588265853076,64.0,7.804041423562226,STATIC_CURRENT_SNAPSHOT,False
col_b0d667d100335a2cbd38dd885b4a49ae,2024-11,4.0,,,,0.0,0.0,0.0,0.0,False,True,6,4.197588265853076,64.0,7.804041423562226,STATIC_CURRENT_SNAPSHOT,False
col_b0d667d100335a2cbd38dd885b4a49ae,2024-12,4.0,8196.0,,,1.0,0.25,0.0,0.0,True,True,6,4.197588265853076,64.0,7.804041423562226,STATIC_CURRENT_SNAPSHOT,False
col_b0d667d100335a2cbd38dd885b4a49ae,2025-01,4.0,39673.0,-0.10698689956331878,,1.0,0.25,0.25,0.0,True,True,6,4.197588265853076,64.0,7.804041423562226,STATIC_CURRENT_SNAPSHOT,False
col_b0d667d100335a2cbd38dd885b4a49ae,2025-02,4.0,22788.5,0.09536806922166441,22707.166666666668,2.0,0.5,0.5,0.5,True,True,6,4.197588265853076,64.0,7.804041423562226,STATIC_CURRENT_SNAPSHOT,False
col_b0d667d100335a2cbd38dd885b4a49ae,2025-03,4.0,,,,0.0,0.0,0.0,0.0,False,True,6,4.197588265853076,64.0,7.804041423562226,STATIC_CURRENT_SNAPSHOT,False
col_b0d667d100335a2cbd38dd885b4a49ae,2025-04,4.0,7459.0,0.004443845946673849,7647.666666666667,1.0,0.25,0.25,0.25,True,True,6,4.197588265853076,64.0,7.804041423562226,STATIC_CURRENT_SNAPSHOT,False
col_b0d667d100335a2cbd38dd885b4a49ae,2025-05,4.0,7125.0,-0.044778120391473386,7336.666666666667,1.0,0.25,0.25,0.25,True,True,6,4.197588265853076,64.0,7.804041423562226,STATIC_CURRENT_SNAPSHOT,False
col_b0d667d100335a2cbd38dd885b4a49ae,2025-06,4.0,29452.333333333332,0.05322913153375824,29134.888888888887,3.0,0.75,0.75,0.75,True,True,6,4.197588265853076,64.0,7.804041423562226,STATIC_CURRENT_SNAPSHOT,False
col_b0d667d100335a2cbd38dd885b4a49ae,2025-07,4.0,7330.0,-0.060858424087123636,7420.0,1.0,0.25,0.25,0.25,True,True,6,4.197588265853076,64.0,7.804041423562226,STATIC_CURRENT_SNAPSHOT,False
col_b0d667d100335a2cbd38dd885b4a49ae,2025-08,4.0,23754.5,0.08323827635916753,22909.0,2.0,0.5,0.5,0.5,True,True,6,4.197588265853076,64.0,7.804041423562226,STATIC_CURRENT_SNAPSHOT,False
col_b0d667d100335a2cbd38dd885b4a49ae,2025-09,4.0,23179.5,-0.05371749403344314,23421.166666666668,2.0,0.5,0.5,0.5,True,True,6,4.197588265853076,64.0,7.804041423562226,STATIC_CURRENT_SNAPSHOT,False
col_b0d667d100335a2cbd38dd885b4a49ae,2025-10,4.0,7161.0,-0.004171881518564873,7381.0,1.0,0.25,0.25,0.25,True,True,6,4.197588265853076,64.0,7.804041423562226,STATIC_CURRENT_SNAPSHOT,False
col_b0d667d100335a2cbd38dd885b4a49ae,2025-11,4.0,24636.5,0.09160731741376903,7389.666666666667,2.0,0.5,0.25,0.25,True,True,6,4.197588265853076,64.0,7.804041423562226,STATIC_CURRENT_SNAPSHOT,False
col_b0d667d100335a2cbd38dd885b4a49ae,2025-12,4.0,28044.333333333332,-0.09184704258467914,28891.666666666668,3.0,0.75,0.75,0.75,True,True,6,4.197588265853076,64.0,7.804041423562226,STATIC_CURRENT_SNAPSHOT,False
col_b0d667d100335a2cbd38dd885b4a49ae,2026-01,4.0,6630.0,-0.06448426696768732,7178.0,1.0,0.25,0.25,0.25,True,True,6,4.197588265853076,64.0,7.804041423562226,STATIC_CURRENT_SNAPSHOT,False
col_b0d667d100335a2cbd38dd885b4a49ae,2026-02,4.0,20388.0,0.06684134592017273,20742.333333333336,2.0,0.5,0.5,0.5,True,True,6,4.197588265853076,64.0,7.804041423562226,STATIC_CURRENT_SNAPSHOT,False
col_b0d667d100335a2cbd38dd885b4a49ae,2026-03,4.0,20007.0,-0.022776781312790942,20016.166666666668,2.0,0.5,0.5,0.5,True,True,6,4.197588265853076,64.0,7.804041423562226,STATIC_CURRENT_SNAPSHOT,False
col_b0d667d100335a2cbd38dd885b4a49ae,2026-04,4.0,8059.0,0.12666014259751154,7526.666666666667,1.0,0.25,0.25,0.25,True,True,6,4.197588265853076,64.0,7.804041423562226,STATIC_CURRENT_SNAPSHOT,False
col_b0d667d100335a2cbd38dd885b4a49ae,2026-05,4.0,39752.0,-0.05727227452747409,40595.333333333336,1.0,0.25,0.25,0.25,True,True,6,4.197588265853076,64.0,7.804041423562226,STATIC_CURRENT_SNAPSHOT,False
col_b0d667d100335a2cbd38dd885b4a49ae,2026-06,4.0,27712.0,0.03111511422829237,28007.111111111113,3.0,0.75,0.75,0.75,True,True,6,4.197588265853076,64.0,7.804041423562226,STATIC_CURRENT_SNAPSHOT,False
col_b0d667d100335a2cbd38dd885b4a49ae,2026-07,4.0,,,,0.0,0.0,0.0,0.0,False,True,6,4.197588265853076,64.0,7.804041423562226,STATIC_CURRENT_SNAPSHOT,False
col_b0d667d100335a2cbd38dd885b4a49ae,2026-08,4.0,7638.0,-0.022023047375160053,7753.0,1.0,0.25,0.25,0.25,True,True,6,4.197588265853076,64.0,7.804041423562226,STATIC_CURRENT_SNAPSHOT,False
col_b311567e717b53408adc7485d395fbd0,2023-01,,,,,,,,,False,False,15,,,,STATIC_CURRENT_SNAPSHOT,False
col_b311567e717b53408adc7485d395fbd0,2023-02,,,,,,,,,False,False,15,,,,STATIC_CURRENT_SNAPSHOT,False
col_b311567e717b53408adc7485d395fbd0,2023-03,,,,,,,,,False,False,15,,,,STATIC_CURRENT_SNAPSHOT,False
col_b311567e717b53408adc7485d395fbd0,2023-04,,,,,,,,,False,False,15,,,,STATIC_CURRENT_SNAPSHOT,False
col_b311567e717b53408adc7485d395fbd0,2023-05,,,,,,,,,False,False,15,,,,STATIC_CURRENT_SNAPSHOT,False
col_b311567e717b53408adc7485d395fbd0,2023-06,,,,,,,,,False,False,15,,,,STATIC_CURRENT_SNAPSHOT,False
col_b311567e717b53408adc7485d395fbd0,2023-07,,,,,,,,,False,False,15,,,,STATIC_CURRENT_SNAPSHOT,False
col_b311567e717b53408adc7485d395fbd0,2023-08,,,,,,,,,False,False,15,,,,STATIC_CURRENT_SNAPSHOT,False
col_b311567e717b53408adc7485d395fbd0,2023-09,,,,,,,,,False,False,15,,,,STATIC_CURRENT_SNAPSHOT,False
col_b311567e717b53408adc7485d395fbd0,2023-10,,,,,,,,,False,False,15,,,,STATIC_CURRENT_SNAPSHOT,False
col_b311567e717b53408adc7485d395fbd0,2023-11,,,,,,,,,False,False,15,,,,STATIC_CURRENT_SNAPSHOT,False
col_b311567e717b53408adc7485d395fbd0,2023-12,,,,,,,,,False,False,15,,,,STATIC_CURRENT_SNAPSHOT,False
col_b311567e717b53408adc7485d395fbd0,2024-01,,,,,,,,,False,False,15,,,,STATIC_CURRENT_SNAPSHOT,False
col_b311567e717b53408adc7485d395fbd0,2024-02,,,,,,,,,False,False,15,,,,STATIC_CURRENT_SNAPSHOT,False
col_b311567e717b53408adc7485d395fbd0,2024-03,,,,,,,,,False,False,15,,,,STATIC_CURRENT_SNAPSHOT,False
col_b311567e717b53408adc7485d395fbd0,2024-04,,,,,,,,,False,False,15,,,,STATIC_CURRENT_SNAPSHOT,False
col_b311567e717b53408adc7485d395fbd0,2024-05,,,,,,,,,False,False,15,,,,STATIC_CURRENT_SNAPSHOT,False
col_b311567e717b53408adc7485d395fbd0,2024-06,,,,,,,,,False,False,15,,,,STATIC_CURRENT_SNAPSHOT,False
col_b311567e717b53408adc7485d395fbd0,2024-07,,,,,,,,,False,False,15,,,,STATIC_CURRENT_SNAPSHOT,False
col_b311567e717b53408adc7485d395fbd0,2024-08,,,,,,,,,False,False,15,,,,STATIC_CURRENT_SNAPSHOT,False
col_b311567e717b53408adc7485d395fbd0,2024-09,,,,,,,,,False,False,15,,,,STATIC_CURRENT_SNAPSHOT,False
col_b311567e717b53408adc7485d395fbd0,2024-10,,,,,,,,,False,False,15,,,,STATIC_CURRENT_SNAPSHOT,False
col_b311567e717b53408adc7485d395fbd0,2024-11,,,,,,,,,False,False,15,,,,STATIC_CURRENT_SNAPSHOT,False
col_b311567e717b53408adc7485d395fbd0,2024-12,,,,,,,,,False,False,15,,,,STATIC_CURRENT_SNAPSHOT,False
col_b311567e717b53408adc7485d395fbd0,2025-01,,,,,,,,,False,False,15,,,,STATIC_CURRENT_SNAPSHOT,False
col_b311567e717b53408adc7485d395fbd0,2025-02,,,,,,,,,False,False,15,,,,STATIC_CURRENT_SNAPSHOT,False
col_b311567e717b53408adc7485d395fbd0,2025-03,,,,,,,,,False,False,15,,,,STATIC_CURRENT_SNAPSHOT,False
col_b311567e717b53408adc7485d395fbd0,2025-04,,,,,,,,,False,False,15,,,,STATIC_CURRENT_SNAPSHOT,False
col_b311567e717b53408adc7485d395fbd0,2025-05,,,,,,,,,False,False,15,,,,STATIC_CURRENT_SNAPSHOT,False
col_b311567e717b53408adc7485d395fbd0,2025-06,,,,,,,,,False,False,15,,,,STATIC_CURRENT_SNAPSHOT,False
col_b311567e717b53408adc7485d395fbd0,2025-07,,,,,,,,,False,False,15,,,,STATIC_CURRENT_SNAPSHOT,False
col_b311567e717b53408adc7485d395fbd0,2025-08,,,,,,,,,False,False,15,,,,STATIC_CURRENT_SNAPSHOT,False
col_b311567e717b53408adc7485d395fbd0,2025-09,,,,,,,,,False,False,15,,,,STATIC_CURRENT_SNAPSHOT,False
col_b311567e717b53408adc7485d395fbd0,2025-10,,,,,,,,,False,False,15,,,,STATIC_CURRENT_SNAPSHOT,False
col_b311567e717b53408adc7485d395fbd0,2025-11,,,,,,,,,False,False,15,,,,STATIC_CURRENT_SNAPSHOT,False
col_b311567e717b53408adc7485d395fbd0,2025-12,,,,,,,,,False,False,15,,,,STATIC_CURRENT_SNAPSHOT,False
col_b311567e717b53408adc7485d395fbd0,2026-01,,,,,,,,,False,False,15,,,,STATIC_CURRENT_SNAPSHOT,False
col_b311567e717b53408adc7485d395fbd0,2026-02,,,,,,,,,False,False,15,,,,STATIC_CURRENT_SNAPSHOT,False
col_b311567e717b53408adc7485d395fbd0,2026-03,,,,,,,,,False,False,15,,,,STATIC_CURRENT_SNAPSHOT,False
col_b311567e717b53408adc7485d395fbd0,2026-04,,,,,,,,,False,False,15,,,,STATIC_CURRENT_SNAPSHOT,False
col_b311567e717b53408adc7485d395fbd0,2026-05,,,,,,,,,False,False,15,,,,STATIC_CURRENT_SNAPSHOT,False
col_b311567e717b53408adc7485d395fbd0,2026-06,,,,,,,,,False,False,15,,,,STATIC_CURRENT_SNAPSHOT,False
col_b311567e717b53408adc7485d395fbd0,2026-07,,,,,,,,,False,False,15,,,,STATIC_CURRENT_SNAPSHOT,False
col_b311567e717b53408adc7485d395fbd0,2026-08,,,,,,,,,False,False,15,,,,STATIC_CURRENT_SNAPSHOT,False
col_b9647cb13b4b5ebebd069fd56e70a36f,2023-01,5.0,,,,0.0,0.0,0.0,0.0,False,True,24,15.330471674454696,93.0,13.868705628813158,STATIC_CURRENT_SNAPSHOT,False
col_b9647cb13b4b5ebebd069fd56e70a36f,2023-02,5.0,,,,0.0,0.0,0.0,0.0,False,True,24,15.330471674454696,93.0,13.868705628813158,STATIC_CURRENT_SNAPSHOT,False
col_b9647cb13b4b5ebebd069fd56e70a36f,2023-03,5.0,17563.0,0.13236621534493875,,1.0,0.2,0.2,0.0,True,True,24,15.330471674454696,93.0,13.868705628813158,STATIC_CURRENT_SNAPSHOT,False
col_b9647cb13b4b5ebebd069fd56e70a36f,2023-04,5.0,20665.999999999996,0.176678244035757,17913.0,1.0,0.2,0.2,0.2,True,True,24,15.330471674454696,93.0,13.868705628813158,STATIC_CURRENT_SNAPSHOT,False
col_b9647cb13b4b5ebebd069fd56e70a36f,2023-05,5.0,,,,0.0,0.0,0.0,0.0,False,True,24,15.330471674454696,93.0,13.868705628813158,STATIC_CURRENT_SNAPSHOT,False
col_b9647cb13b4b5ebebd069fd56e70a36f,2023-06,5.0,22638.0,0.20389278876834716,20702.666666666668,1.0,0.2,0.2,0.2,True,True,24,15.330471674454696,93.0,13.868705628813158,STATIC_CURRENT_SNAPSHOT,False
col_b9647cb13b4b5ebebd069fd56e70a36f,2023-07,5.0,,,,0.0,0.0,0.0,0.0,False,True,24,15.330471674454696,93.0,13.868705628813158,STATIC_CURRENT_SNAPSHOT,False
col_b9647cb13b4b5ebebd069fd56e70a36f,2023-08,5.0,73353.0,,,1.0,0.2,0.0,0.0,True,True,24,15.330471674454696,93.0,13.868705628813158,STATIC_CURRENT_SNAPSHOT,False
col_b9647cb13b4b5ebebd069fd56e70a36f,2023-09,5.0,,,,0.0,0.0,0.0,0.0,False,True,24,15.330471674454696,93.0,13.868705628813158,STATIC_CURRENT_SNAPSHOT,False
col_b9647cb13b4b5ebebd069fd56e70a36f,2023-10,5.0,,,,0.0,0.0,0.0,0.0,False,True,24,15.330471674454696,93.0,13.868705628813158,STATIC_CURRENT_SNAPSHOT,False
col_b9647cb13b4b5ebebd069fd56e70a36f,2023-11,5.0,54108.0,0.7143943474541364,37146.333333333336,1.0,0.2,0.2,0.2,True,True,24,15.330471674454696,93.0,13.868705628813158,STATIC_CURRENT_SNAPSHOT,False
col_b9647cb13b4b5ebebd069fd56e70a36f,2023-12,5.0,,,,0.0,0.0,0.0,0.0,False,True,24,15.330471674454696,93.0,13.868705628813158,STATIC_CURRENT_SNAPSHOT,False
col_b9647cb13b4b5ebebd069fd56e70a36f,2024-01,5.0,46355.0,,,1.0,0.2,0.0,0.0,True,True,24,15.330471674454696,93.0,13.868705628813158,STATIC_CURRENT_SNAPSHOT,False
col_b9647cb13b4b5ebebd069fd56e70a36f,2024-02,5.0,,,,0.0,0.0,0.0,0.0,False,True,24,15.330471674454696,93.0,13.868705628813158,STATIC_CURRENT_SNAPSHOT,False
col_b9647cb13b4b5ebebd069fd56e70a36f,2024-03,5.0,,,,0.0,0.0,0.0,0.0,False,True,24,15.330471674454696,93.0,13.868705628813158,STATIC_CURRENT_SNAPSHOT,False
col_b9647cb13b4b5ebebd069fd56e70a36f,2024-04,5.0,91811.0,0.052938815299042374,85975.66666666667,1.0,0.2,0.2,0.2,True,True,24,15.330471674454696,93.0,13.868705628813158,STATIC_CURRENT_SNAPSHOT,False
col_b9647cb13b4b5ebebd069fd56e70a36f,2024-05,5.0,,,,0.0,0.0,0.0,0.0,False,True,24,15.330471674454696,93.0,13.868705628813158,STATIC_CURRENT_SNAPSHOT,False
col_b9647cb13b4b5ebebd069fd56e70a36f,2024-06,5.0,,,,0.0,0.0,0.0,0.0,False,True,24,15.330471674454696,93.0,13.868705628813158,STATIC_CURRENT_SNAPSHOT,False
col_b9647cb13b4b5ebebd069fd56e70a36f,2024-07,5.0,100535.0,,,1.0,0.2,0.0,0.0,True,True,24,15.330471674454696,93.0,13.868705628813158,STATIC_CURRENT_SNAPSHOT,False
col_b9647cb13b4b5ebebd069fd56e70a36f,2024-08,5.0,,,,0.0,0.0,0.0,0.0,False,True,24,15.330471674454696,93.0,13.868705628813158,STATIC_CURRENT_SNAPSHOT,False
col_b9647cb13b4b5ebebd069fd56e70a36f,2024-09,5.0,,,,0.0,0.0,0.0,0.0,False,True,24,15.330471674454696,93.0,13.868705628813158,STATIC_CURRENT_SNAPSHOT,False
col_b9647cb13b4b5ebebd069fd56e70a36f,2024-10,5.0,160204.40000000002,-0.023890769309556466,89296.0,5.0,1.0,1.0,0.6000000000000001,True,True,24,15.330471674454696,93.0,13.868705628813158,STATIC_CURRENT_SNAPSHOT,False
col_b9647cb13b4b5ebebd069fd56e70a36f,2024-11,5.0,,,,0.0,0.0,0.0,0.0,False,True,24,15.330471674454696,93.0,13.868705628813158,STATIC_CURRENT_SNAPSHOT,False
col_b9647cb13b4b5ebebd069fd56e70a36f,2024-12,5.0,,,,0.0,0.0,0.0,0.0,False,True,24,15.330471674454696,93.0,13.868705628813158,STATIC_CURRENT_SNAPSHOT,False
col_b9647cb13b4b5ebebd069fd56e70a36f,2025-01,5.0,,,,0.0,0.0,0.0,0.0,False,True,24,15.330471674454696,93.0,13.868705628813158,STATIC_CURRENT_SNAPSHOT,False
col_b9647cb13b4b5ebebd069fd56e70a36f,2025-02,5.0,,,,0.0,0.0,0.0,0.0,False,True,24,15.330471674454696,93.0,13.868705628813158,STATIC_CURRENT_SNAPSHOT,False
col_b9647cb13b4b5ebebd069fd56e70a36f,2025-03,5.0,,,,0.0,0.0,0.0,0.0,False,True,24,15.330471674454696,93.0,13.868705628813158,STATIC_CURRENT_SNAPSHOT,False
col_b9647cb13b4b5ebebd069fd56e70a36f,2025-04,5.0,,,,0.0,0.0,0.0,0.0,False,True,24,15.330471674454696,93.0,13.868705628813158,STATIC_CURRENT_SNAPSHOT,False
col_b9647cb13b4b5ebebd069fd56e70a36f,2025-05,5.0,,,,0.0,0.0,0.0,0.0,False,True,24,15.330471674454696,93.0,13.868705628813158,STATIC_CURRENT_SNAPSHOT,False
col_b9647cb13b4b5ebebd069fd56e70a36f,2025-06,5.0,,,,0.0,0.0,0.0,0.0,False,True,24,15.330471674454696,93.0,13.868705628813158,STATIC_CURRENT_SNAPSHOT,False
col_b9647cb13b4b5ebebd069fd56e70a36f,2025-07,5.0,,,,0.0,0.0,0.0,0.0,False,True,24,15.330471674454696,93.0,13.868705628813158,STATIC_CURRENT_SNAPSHOT,False
col_b9647cb13b4b5ebebd069fd56e70a36f,2025-08,5.0,,,,0.0,0.0,0.0,0.0,False,True,24,15.330471674454696,93.0,13.868705628813158,STATIC_CURRENT_SNAPSHOT,False
col_b9647cb13b4b5ebebd069fd56e70a36f,2025-09,5.0,,,,0.0,0.0,0.0,0.0,False,True,24,15.330471674454696,93.0,13.868705628813158,STATIC_CURRENT_SNAPSHOT,False
col_b9647cb13b4b5ebebd069fd56e70a36f,2025-10,5.0,,,,0.0,0.0,0.0,0.0,False,True,24,15.330471674454696,93.0,13.868705628813158,STATIC_CURRENT_SNAPSHOT,False
col_b9647cb13b4b5ebebd069fd56e70a36f,2025-11,5.0,,,,0.0,0.0,0.0,0.0,False,True,24,15.330471674454696,93.0,13.868705628813158,STATIC_CURRENT_SNAPSHOT,False
col_b9647cb13b4b5ebebd069fd56e70a36f,2025-12,5.0,83943.0,-0.09412399503588194,87671.66666666667,1.0,0.2,0.2,0.2,True,True,24,15.330471674454696,93.0,13.868705628813158,STATIC_CURRENT_SNAPSHOT,False
col_b9647cb13b4b5ebebd069fd56e70a36f,2026-01,5.0,,,,0.0,0.0,0.0,0.0,False,True,24,15.330471674454696,93.0,13.868705628813158,STATIC_CURRENT_SNAPSHOT,False
col_b9647cb13b4b5ebebd069fd56e70a36f,2026-02,5.0,82186.0,0.04409578860445912,81614.66666666667,1.0,0.2,0.2,0.2,True,True,24,15.330471674454696,93.0,13.868705628813158,STATIC_CURRENT_SNAPSHOT,False
col_b9647cb13b4b5ebebd069fd56e70a36f,2026-03,5.0,,,,0.0,0.0,0.0,0.0,False,True,24,15.330471674454696,93.0,13.868705628813158,STATIC_CURRENT_SNAPSHOT,False
col_b9647cb13b4b5ebebd069fd56e70a36f,2026-04,5.0,,,,0.0,0.0,0.0,0.0,False,True,24,15.330471674454696,93.0,13.868705628813158,STATIC_CURRENT_SNAPSHOT,False
col_b9647cb13b4b5ebebd069fd56e70a36f,2026-05,5.0,,,,0.0,0.0,0.0,0.0,False,True,24,15.330471674454696,93.0,13.868705628813158,STATIC_CURRENT_SNAPSHOT,False
col_b9647cb13b4b5ebebd069fd56e70a36f,2026-06,5.0,84986.0,-0.012502614394273895,86322.33333333333,1.0,0.2,0.2,0.2,True,True,24,15.330471674454696,93.0,13.868705628813158,STATIC_CURRENT_SNAPSHOT,False
col_b9647cb13b4b5ebebd069fd56e70a36f,2026-07,5.0,,,,0.0,0.0,0.0,0.0,False,True,24,15.330471674454696,93.0,13.868705628813158,STATIC_CURRENT_SNAPSHOT,False
col_b9647cb13b4b5ebebd069fd56e70a36f,2026-08,5.0,,,,0.0,0.0,0.0,0.0,False,True,24,15.330471674454696,93.0,13.868705628813158,STATIC_CURRENT_SNAPSHOT,False
col_ba378e9f675c57f6b84cd80ba4906921,2023-01,2.0,,,,0.0,0.0,0.0,0.0,False,True,2,6.047641672725174,7.0,4.893461111326372,STATIC_CURRENT_SNAPSHOT,False
col_ba378e9f675c57f6b84cd80ba4906921,2023-02,2.0,,,,0.0,0.0,0.0,0.0,False,True,2,6.047641672725174,7.0,4.893461111326372,STATIC_CURRENT_SNAPSHOT,False
col_ba378e9f675c57f6b84cd80ba4906921,2023-03,2.0,,,,0.0,0.0,0.0,0.0,False,True,2,6.047641672725174,7.0,4.893461111326372,STATIC_CURRENT_SNAPSHOT,False
col_ba378e9f675c57f6b84cd80ba4906921,2023-04,2.0,,,,0.0,0.0,0.0,0.0,False,True,2,6.047641672725174,7.0,4.893461111326372,STATIC_CURRENT_SNAPSHOT,False
col_ba378e9f675c57f6b84cd80ba4906921,2023-05,2.0,,,,0.0,0.0,0.0,0.0,False,True,2,6.047641672725174,7.0,4.893461111326372,STATIC_CURRENT_SNAPSHOT,False
col_ba378e9f675c57f6b84cd80ba4906921,2023-06,2.0,,,,0.0,0.0,0.0,0.0,False,True,2,6.047641672725174,7.0,4.893461111326372,STATIC_CURRENT_SNAPSHOT,False
col_ba378e9f675c57f6b84cd80ba4906921,2023-07,2.0,,,,0.0,0.0,0.0,0.0,False,True,2,6.047641672725174,7.0,4.893461111326372,STATIC_CURRENT_SNAPSHOT,False
col_ba378e9f675c57f6b84cd80ba4906921,2023-08,2.0,,,,0.0,0.0,0.0,0.0,False,True,2,6.047641672725174,7.0,4.893461111326372,STATIC_CURRENT_SNAPSHOT,False
col_ba378e9f675c57f6b84cd80ba4906921,2023-09,2.0,,,,0.0,0.0,0.0,0.0,False,True,2,6.047641672725174,7.0,4.893461111326372,STATIC_CURRENT_SNAPSHOT,False
col_ba378e9f675c57f6b84cd80ba4906921,2023-10,2.0,,,,0.0,0.0,0.0,0.0,False,True,2,6.047641672725174,7.0,4.893461111326372,STATIC_CURRENT_SNAPSHOT,False
col_ba378e9f675c57f6b84cd80ba4906921,2023-11,2.0,,,,0.0,0.0,0.0,0.0,False,True,2,6.047641672725174,7.0,4.893461111326372,STATIC_CURRENT_SNAPSHOT,False
col_ba378e9f675c57f6b84cd80ba4906921,2023-12,2.0,741.0,,,2.0,1.0,0.0,0.0,True,True,2,6.047641672725174,7.0,4.893461111326372,STATIC_CURRENT_SNAPSHOT,False
col_ba378e9f675c57f6b84cd80ba4906921,2024-01,2.0,3136.0,2.7808521469414815,,2.0,1.0,1.0,0.0,True,True,2,6.047641672725174,7.0,4.893461111326372,STATIC_CURRENT_SNAPSHOT,False
col_ba378e9f675c57f6b84cd80ba4906921,2024-02,2.0,4777.0,0.4275838645146849,2884.6666666666665,2.0,1.0,1.0,1.0,True,True,2,6.047641672725174,7.0,4.893461111326372,STATIC_CURRENT_SNAPSHOT,False
col_ba378e9f675c57f6b84cd80ba4906921,2024-03,2.0,5796.5,0.26277733668360626,4569.833333333334,2.0,1.0,1.0,1.0,True,True,2,6.047641672725174,7.0,4.893461111326372,STATIC_CURRENT_SNAPSHOT,False
col_ba378e9f675c57f6b84cd80ba4906921,2024-04,2.0,5992.0,0.070089328148307,5521.833333333333,2.0,1.0,1.0,1.0,True,True,2,6.047641672725174,7.0,4.893461111326372,STATIC_CURRENT_SNAPSHOT,False
col_ba378e9f675c57f6b84cd80ba4906921,2024-05,2.0,6320.5,0.029473895641967618,6036.333333333334,2.0,1.0,1.0,1.0,True,True,2,6.047641672725174,7.0,4.893461111326372,STATIC_CURRENT_SNAPSHOT,False
col_ba378e9f675c57f6b84cd80ba4906921,2024-06,2.0,2260.0,0.0875842155919153,2145.3333333333335,1.0,0.5,0.5,0.5,True,True,2,6.047641672725174,7.0,4.893461111326372,STATIC_CURRENT_SNAPSHOT,False
col_ba378e9f675c57f6b84cd80ba4906921,2024-07,2.0,6578.5,-0.06261940233108404,6578.166666666667,2.0,1.0,1.0,1.0,True,True,2,6.047641672725174,7.0,4.893461111326372,STATIC_CURRENT_SNAPSHOT,False
col_ba378e9f675c57f6b84cd80ba4906921,2024-08,2.0,6293.0,-0.049169225212208775,6569.0,2.0,1.0,1.0,1.0,True,True,2,6.047641672725174,7.0,4.893461111326372,STATIC_CURRENT_SNAPSHOT,False
col_ba378e9f675c57f6b84cd80ba4906921,2024-09,2.0,7094.5,0.10186912360182557,6655.333333333333,2.0,1.0,1.0,1.0,True,True,2,6.047641672725174,7.0,4.893461111326372,STATIC_CURRENT_SNAPSHOT,False
col_ba378e9f675c57f6b84cd80ba4906921,2024-10,2.0,7913.0,0.06392006845299504,7100.166666666666,2.0,1.0,1.0,1.0,True,True,2,6.047641672725174,7.0,4.893461111326372,STATIC_CURRENT_SNAPSHOT,False
col_ba378e9f675c57f6b84cd80ba4906921,2024-11,2.0,,,,0.0,0.0,0.0,0.0,False,True,2,6.047641672725174,7.0,4.893461111326372,STATIC_CURRENT_SNAPSHOT,False
col_ba378e9f675c57f6b84cd80ba4906921,2024-12,2.0,2213.0,,,1.0,0.5,0.0,0.0,True,True,2,6.047641672725174,7.0,4.893461111326372,STATIC_CURRENT_SNAPSHOT,False
col_ba378e9f675c57f6b84cd80ba4906921,2025-01,2.0,7183.0,-0.12397327329806347,,2.0,1.0,1.0,0.0,True,True,2,6.047641672725174,7.0,4.893461111326372,STATIC_CURRENT_SNAPSHOT,False
col_ba378e9f675c57f6b84cd80ba4906921,2025-02,2.0,2209.0,0.14396685655100985,2117.6666666666665,1.0,0.5,0.5,0.5,True,True,2,6.047641672725174,7.0,4.893461111326372,STATIC_CURRENT_SNAPSHOT,False
col_ba378e9f675c57f6b84cd80ba4906921,2025-03,2.0,,,,0.0,0.0,0.0,0.0,False,True,2,6.047641672725174,7.0,4.893461111326372,STATIC_CURRENT_SNAPSHOT,False
col_ba378e9f675c57f6b84cd80ba4906921,2025-04,2.0,8342.5,0.05244345188985447,8145.666666666666,2.0,1.0,1.0,1.0,True,True,2,6.047641672725174,7.0,4.893461111326372,STATIC_CURRENT_SNAPSHOT,False
col_ba378e9f675c57f6b84cd80ba4906921,2025-05,2.0,,,,0.0,0.0,0.0,0.0,False,True,2,6.047641672725174,7.0,4.893461111326372,STATIC_CURRENT_SNAPSHOT,False
col_ba378e9f675c57f6b84cd80ba4906921,2025-06,2.0,2058.0,-0.02695035460992908,2108.0,1.0,0.5,0.5,0.5,True,True,2,6.047641672725174,7.0,4.893461111326372,STATIC_CURRENT_SNAPSHOT,False
col_ba378e9f675c57f6b84cd80ba4906921,2025-07,2.0,6743.5,-0.1590394685375403,7712.5,2.0,1.0,1.0,1.0,True,True,2,6.047641672725174,7.0,4.893461111326372,STATIC_CURRENT_SNAPSHOT,False
col_ba378e9f675c57f6b84cd80ba4906921,2025-08,2.0,7822.5,0.1554969796783729,7621.166666666667,2.0,1.0,1.0,1.0,True,True,2,6.047641672725174,7.0,4.893461111326372,STATIC_CURRENT_SNAPSHOT,False
col_ba378e9f675c57f6b84cd80ba4906921,2025-09,2.0,2036.0,-0.02021174205967276,1974.0,1.0,0.5,0.5,0.5,True,True,2,6.047641672725174,7.0,4.893461111326372,STATIC_CURRENT_SNAPSHOT,False
col_ba378e9f675c57f6b84cd80ba4906921,2025-10,2.0,2160.0,0.060903732809430254,2091.3333333333335,1.0,0.5,0.5,0.5,True,True,2,6.047641672725174,7.0,4.893461111326372,STATIC_CURRENT_SNAPSHOT,False
col_ba378e9f675c57f6b84cd80ba4906921,2025-11,2.0,8194.0,0.05856138611075945,2150.0,2.0,1.0,1.0,0.5,True,True,2,6.047641672725174,7.0,4.893461111326372,STATIC_CURRENT_SNAPSHOT,False
col_ba378e9f675c57f6b84cd80ba4906921,2025-12,2.0,7334.5,-0.10518642768813495,7730.333333333334,2.0,1.0,1.0,1.0,True,True,2,6.047641672725174,7.0,4.893461111326372,STATIC_CURRENT_SNAPSHOT,False
col_ba378e9f675c57f6b84cd80ba4906921,2026-01,2.0,6632.0,-0.08908885793443803,7386.833333333333,2.0,1.0,1.0,1.0,True,True,2,6.047641672725174,7.0,4.893461111326372,STATIC_CURRENT_SNAPSHOT,False
col_ba378e9f675c57f6b84cd80ba4906921,2026-02,2.0,7066.0,0.07708913778997477,7010.833333333334,2.0,1.0,1.0,1.0,True,True,2,6.047641672725174,7.0,4.893461111326372,STATIC_CURRENT_SNAPSHOT,False
col_ba378e9f675c57f6b84cd80ba4906921,2026-03,2.0,,,,0.0,0.0,0.0,0.0,False,True,2,6.047641672725174,7.0,4.893461111326372,STATIC_CURRENT_SNAPSHOT,False
col_ba378e9f675c57f6b84cd80ba4906921,2026-04,2.0,7682.0,0.047351788694787504,7345.5,2.0,1.0,1.0,1.0,True,True,2,6.047641672725174,7.0,4.893461111326372,STATIC_CURRENT_SNAPSHOT,False
col_ba378e9f675c57f6b84cd80ba4906921,2026-05,2.0,7618.5,0.006056029176254662,7529.666666666667,2.0,1.0,1.0,1.0,True,True,2,6.047641672725174,7.0,4.893461111326372,STATIC_CURRENT_SNAPSHOT,False
col_ba378e9f675c57f6b84cd80ba4906921,2026-06,2.0,7589.0,-0.010243103577044778,7629.833333333333,2.0,1.0,1.0,1.0,True,True,2,6.047641672725174,7.0,4.893461111326372,STATIC_CURRENT_SNAPSHOT,False
col_ba378e9f675c57f6b84cd80ba4906921,2026-07,2.0,1805.0,-0.10510659395141299,1959.3333333333333,1.0,0.5,0.5,0.5,True,True,2,6.047641672725174,7.0,4.893461111326372,STATIC_CURRENT_SNAPSHOT,False
col_ba378e9f675c57f6b84cd80ba4906921,2026-08,2.0,7259.5,-0.03213506818244585,7356.666666666667,2.0,1.0,1.0,1.0,True,True,2,6.047641672725174,7.0,4.893461111326372,STATIC_CURRENT_SNAPSHOT,False
col_bbdf83c90b8d5945967637dfe673bde4,2023-01,,,,,,,,,False,False,2,,,,STATIC_CURRENT_SNAPSHOT,False
col_bbdf83c90b8d5945967637dfe673bde4,2023-02,,,,,,,,,False,False,2,,,,STATIC_CURRENT_SNAPSHOT,False
col_bbdf83c90b8d5945967637dfe673bde4,2023-03,,,,,,,,,False,False,2,,,,STATIC_CURRENT_SNAPSHOT,False
col_bbdf83c90b8d5945967637dfe673bde4,2023-04,,,,,,,,,False,False,2,,,,STATIC_CURRENT_SNAPSHOT,False
col_bbdf83c90b8d5945967637dfe673bde4,2023-05,,,,,,,,,False,False,2,,,,STATIC_CURRENT_SNAPSHOT,False
col_bbdf83c90b8d5945967637dfe673bde4,2023-06,,,,,,,,,False,False,2,,,,STATIC_CURRENT_SNAPSHOT,False
col_bbdf83c90b8d5945967637dfe673bde4,2023-07,,,,,,,,,False,False,2,,,,STATIC_CURRENT_SNAPSHOT,False
col_bbdf83c90b8d5945967637dfe673bde4,2023-08,,,,,,,,,False,False,2,,,,STATIC_CURRENT_SNAPSHOT,False
col_bbdf83c90b8d5945967637dfe673bde4,2023-09,,,,,,,,,False,False,2,,,,STATIC_CURRENT_SNAPSHOT,False
col_bbdf83c90b8d5945967637dfe673bde4,2023-10,,,,,,,,,False,False,2,,,,STATIC_CURRENT_SNAPSHOT,False
col_bbdf83c90b8d5945967637dfe673bde4,2023-11,,,,,,,,,False,False,2,,,,STATIC_CURRENT_SNAPSHOT,False
col_bbdf83c90b8d5945967637dfe673bde4,2023-12,,,,,,,,,False,False,2,,,,STATIC_CURRENT_SNAPSHOT,False
col_bbdf83c90b8d5945967637dfe673bde4,2024-01,,,,,,,,,False,False,2,,,,STATIC_CURRENT_SNAPSHOT,False
col_bbdf83c90b8d5945967637dfe673bde4,2024-02,,,,,,,,,False,False,2,,,,STATIC_CURRENT_SNAPSHOT,False
col_bbdf83c90b8d5945967637dfe673bde4,2024-03,,,,,,,,,False,False,2,,,,STATIC_CURRENT_SNAPSHOT,False
col_bbdf83c90b8d5945967637dfe673bde4,2024-04,,,,,,,,,False,False,2,,,,STATIC_CURRENT_SNAPSHOT,False
col_bbdf83c90b8d5945967637dfe673bde4,2024-05,,,,,,,,,False,False,2,,,,STATIC_CURRENT_SNAPSHOT,False
col_bbdf83c90b8d5945967637dfe673bde4,2024-06,,,,,,,,,False,False,2,,,,STATIC_CURRENT_SNAPSHOT,False
col_bbdf83c90b8d5945967637dfe673bde4,2024-07,,,,,,,,,False,False,2,,,,STATIC_CURRENT_SNAPSHOT,False
col_bbdf83c90b8d5945967637dfe673bde4,2024-08,,,,,,,,,False,False,2,,,,STATIC_CURRENT_SNAPSHOT,False
col_bbdf83c90b8d5945967637dfe673bde4,2024-09,,,,,,,,,False,False,2,,,,STATIC_CURRENT_SNAPSHOT,False
col_bbdf83c90b8d5945967637dfe673bde4,2024-10,,,,,,,,,False,False,2,,,,STATIC_CURRENT_SNAPSHOT,False
col_bbdf83c90b8d5945967637dfe673bde4,2024-11,,,,,,,,,False,False,2,,,,STATIC_CURRENT_SNAPSHOT,False
col_bbdf83c90b8d5945967637dfe673bde4,2024-12,,,,,,,,,False,False,2,,,,STATIC_CURRENT_SNAPSHOT,False
col_bbdf83c90b8d5945967637dfe673bde4,2025-01,,,,,,,,,False,False,2,,,,STATIC_CURRENT_SNAPSHOT,False
col_bbdf83c90b8d5945967637dfe673bde4,2025-02,,,,,,,,,False,False,2,,,,STATIC_CURRENT_SNAPSHOT,False
col_bbdf83c90b8d5945967637dfe673bde4,2025-03,,,,,,,,,False,False,2,,,,STATIC_CURRENT_SNAPSHOT,False
col_bbdf83c90b8d5945967637dfe673bde4,2025-04,,,,,,,,,False,False,2,,,,STATIC_CURRENT_SNAPSHOT,False
col_bbdf83c90b8d5945967637dfe673bde4,2025-05,,,,,,,,,False,False,2,,,,STATIC_CURRENT_SNAPSHOT,False
col_bbdf83c90b8d5945967637dfe673bde4,2025-06,,,,,,,,,False,False,2,,,,STATIC_CURRENT_SNAPSHOT,False
col_bbdf83c90b8d5945967637dfe673bde4,2025-07,,,,,,,,,False,False,2,,,,STATIC_CURRENT_SNAPSHOT,False
col_bbdf83c90b8d5945967637dfe673bde4,2025-08,,,,,,,,,False,False,2,,,,STATIC_CURRENT_SNAPSHOT,False
col_bbdf83c90b8d5945967637dfe673bde4,2025-09,,,,,,,,,False,False,2,,,,STATIC_CURRENT_SNAPSHOT,False
col_bbdf83c90b8d5945967637dfe673bde4,2025-10,,,,,,,,,False,False,2,,,,STATIC_CURRENT_SNAPSHOT,False
col_bbdf83c90b8d5945967637dfe673bde4,2025-11,,,,,,,,,False,False,2,,,,STATIC_CURRENT_SNAPSHOT,False
col_bbdf83c90b8d5945967637dfe673bde4,2025-12,,,,,,,,,False,False,2,,,,STATIC_CURRENT_SNAPSHOT,False
col_bbdf83c90b8d5945967637dfe673bde4,2026-01,,,,,,,,,False,False,2,,,,STATIC_CURRENT_SNAPSHOT,False
col_bbdf83c90b8d5945967637dfe673bde4,2026-02,,,,,,,,,False,False,2,,,,STATIC_CURRENT_SNAPSHOT,False
col_bbdf83c90b8d5945967637dfe673bde4,2026-03,,,,,,,,,False,False,2,,,,STATIC_CURRENT_SNAPSHOT,False
col_bbdf83c90b8d5945967637dfe673bde4,2026-04,,,,,,,,,False,False,2,,,,STATIC_CURRENT_SNAPSHOT,False
col_bbdf83c90b8d5945967637dfe673bde4,2026-05,,,,,,,,,False,False,2,,,,STATIC_CURRENT_SNAPSHOT,False
col_bbdf83c90b8d5945967637dfe673bde4,2026-06,,,,,,,,,False,False,2,,,,STATIC_CURRENT_SNAPSHOT,False
col_bbdf83c90b8d5945967637dfe673bde4,2026-07,,,,,,,,,False,False,2,,,,STATIC_CURRENT_SNAPSHOT,False
col_bbdf83c90b8d5945967637dfe673bde4,2026-08,,,,,,,,,False,False,2,,,,STATIC_CURRENT_SNAPSHOT,False
col_bd478b6a570f533f803bd0118bf3f055,2023-01,5.0,,,,0.0,0.0,0.0,0.0,False,True,17,9.388124189407074,32.0,8.341771142839454,STATIC_CURRENT_SNAPSHOT,False
col_bd478b6a570f533f803bd0118bf3f055,2023-02,5.0,39189.5,,,2.0,0.4,0.0,0.0,True,True,17,9.388124189407074,32.0,8.341771142839454,STATIC_CURRENT_SNAPSHOT,False
col_bd478b6a570f533f803bd0118bf3f055,2023-03,5.0,44886.0,0.17931741152360683,,1.0,0.2,0.2,0.0,True,True,17,9.388124189407074,32.0,8.341771142839454,STATIC_CURRENT_SNAPSHOT,False
col_bd478b6a570f533f803bd0118bf3f055,2023-04,5.0,,,,0.0,0.0,0.0,0.0,False,True,17,9.388124189407074,32.0,8.341771142839454,STATIC_CURRENT_SNAPSHOT,False
col_bd478b6a570f533f803bd0118bf3f055,2023-05,5.0,55158.0,-0.026302782092924727,52230.666666666664,1.0,0.2,0.2,0.2,True,True,17,9.388124189407074,32.0,8.341771142839454,STATIC_CURRENT_SNAPSHOT,False
col_bd478b6a570f533f803bd0118bf3f055,2023-06,5.0,41402.33333333333,0.20641518964599953,55892.833333333336,3.0,0.6000000000000001,0.4,0.4,True,True,17,9.388124189407074,32.0,8.341771142839454,STATIC_CURRENT_SNAPSHOT,False
col_bd478b6a570f533f803bd0118bf3f055,2023-07,5.0,21362.666666666668,89.2790743199537,56273.0,3.0,0.6000000000000001,0.4,0.2,True,True,17,9.388124189407074,32.0,8.341771142839454,STATIC_CURRENT_SNAPSHOT,False
col_bd478b6a570f533f803bd0118bf3f055,2023-08,5.0,21869.0,0.6659174681694302,30933.500000000004,3.0,0.6000000000000001,0.6000000000000001,0.4,True,True,17,9.388124189407074,32.0,8.341771142839454,STATIC_CURRENT_SNAPSHOT,False
col_bd478b6a570f533f803bd0118bf3f055,2023-09,5.0,2575.0,0.28943415122684024,1807.0,1.0,0.2,0.2,0.2,True,True,17,9.388124189407074,32.0,8.341771142839454,STATIC_CURRENT_SNAPSHOT,False
col_bd478b6a570f533f803bd0118bf3f055,2023-10,5.0,26635.333333333332,0.24630968506995976,24305.777777777774,3.0,0.6000000000000001,0.6000000000000001,0.6000000000000001,True,True,17,9.388124189407074,32.0,8.341771142839454,STATIC_CURRENT_SNAPSHOT,False
col_bd478b6a570f533f803bd0118bf3f055,2023-11,5.0,6515.499999999999,0.8814704497468907,4150.166666666667,2.0,0.4,0.4,0.4,True,True,17,9.388124189407074,32.0,8.341771142839454,STATIC_CURRENT_SNAPSHOT,False
col_bd478b6a570f533f803bd0118bf3f055,2023-12,5.0,10607.999999999998,0.17410071942446043,7749.666666666667,1.0,0.2,0.2,0.2,True,True,17,9.388124189407074,32.0,8.341771142839454,STATIC_CURRENT_SNAPSHOT,False
col_bd478b6a570f533f803bd0118bf3f055,2024-01,5.0,33714.25,0.06372770557972952,31485.444444444438,4.0,0.8,0.6000000000000001,0.6000000000000001,True,True,17,9.388124189407074,32.0,8.341771142839454,STATIC_CURRENT_SNAPSHOT,False
col_bd478b6a570f533f803bd0118bf3f055,2024-02,5.0,7396.0,0.2916521131680056,5791.0,1.0,0.2,0.2,0.2,True,True,17,9.388124189407074,32.0,8.341771142839454,STATIC_CURRENT_SNAPSHOT,False
col_bd478b6a570f533f803bd0118bf3f055,2024-03,5.0,8050.0,0.08842617631151972,7057.333333333333,1.0,0.2,0.2,0.2,True,True,17,9.388124189407074,32.0,8.341771142839454,STATIC_CURRENT_SNAPSHOT,False
col_bd478b6a570f533f803bd0118bf3f055,2024-04,5.0,16573.0,0.10597263930597264,14930.333333333334,1.0,0.2,0.2,0.2,True,True,17,9.388124189407074,32.0,8.341771142839454,STATIC_CURRENT_SNAPSHOT,False
col_bd478b6a570f533f803bd0118bf3f055,2024-05,5.0,9650.0,0.13663133097762073,8730.0,1.0,0.2,0.2,0.2,True,True,17,9.388124189407074,32.0,8.341771142839454,STATIC_CURRENT_SNAPSHOT,False
col_bd478b6a570f533f803bd0118bf3f055,2024-06,5.0,,,,0.0,0.0,0.0,0.0,False,True,17,9.388124189407074,32.0,8.341771142839454,STATIC_CURRENT_SNAPSHOT,False
col_bd478b6a570f533f803bd0118bf3f055,2024-07,5.0,14341.5,-0.05746345830008081,14790.000000000002,2.0,0.4,0.4,0.4,True,True,17,9.388124189407074,32.0,8.341771142839454,STATIC_CURRENT_SNAPSHOT,False
col_bd478b6a570f533f803bd0118bf3f055,2024-08,5.0,,,,0.0,0.0,0.0,0.0,False,True,17,9.388124189407074,32.0,8.341771142839454,STATIC_CURRENT_SNAPSHOT,False
col_bd478b6a570f533f803bd0118bf3f055,2024-09,5.0,14884.0,0.03251362764889553,14533.666666666668,2.0,0.4,0.4,0.4,True,True,17,9.388124189407074,32.0,8.341771142839454,STATIC_CURRENT_SNAPSHOT,False
col_bd478b6a570f533f803bd0118bf3f055,2024-10,5.0,56213.8,-0.01468137574111443,56845.53333333334,5.0,1.0,1.0,1.0,True,True,17,9.388124189407074,32.0,8.341771142839454,STATIC_CURRENT_SNAPSHOT,False
col_bd478b6a570f533f803bd0118bf3f055,2024-11,5.0,,,,0.0,0.0,0.0,0.0,False,True,17,9.388124189407074,32.0,8.341771142839454,STATIC_CURRENT_SNAPSHOT,False
col_bd478b6a570f533f803bd0118bf3f055,2024-12,5.0,15442.0,,,2.0,0.4,0.0,0.0,True,True,17,9.388124189407074,32.0,8.341771142839454,STATIC_CURRENT_SNAPSHOT,False
col_bd478b6a570f533f803bd0118bf3f055,2025-01,5.0,34900.5,-0.29641209852933237,,2.0,0.4,0.4,0.0,True,True,17,9.388124189407074,32.0,8.341771142839454,STATIC_CURRENT_SNAPSHOT,False
col_bd478b6a570f533f803bd0118bf3f055,2025-02,5.0,14201.5,0.05116687770496999,14511.333333333334,2.0,0.4,0.4,0.4,True,True,17,9.388124189407074,32.0,8.341771142839454,STATIC_CURRENT_SNAPSHOT,False
col_bd478b6a570f533f803bd0118bf3f055,2025-03,5.0,13957.0,-0.02881044690815699,14016.333333333334,2.0,0.4,0.4,0.4,True,True,17,9.388124189407074,32.0,8.341771142839454,STATIC_CURRENT_SNAPSHOT,False
col_bd478b6a570f533f803bd0118bf3f055,2025-04,5.0,9597.0,0.012448570524316912,9755.666666666666,1.0,0.2,0.2,0.2,True,True,17,9.388124189407074,32.0,8.341771142839454,STATIC_CURRENT_SNAPSHOT,False
col_bd478b6a570f533f803bd0118bf3f055,2025-05,5.0,44234.0,-0.04569820496531659,44282.16666666667,2.0,0.4,0.4,0.4,True,True,17,9.388124189407074,32.0,8.341771142839454,STATIC_CURRENT_SNAPSHOT,False
col_bd478b6a570f533f803bd0118bf3f055,2025-06,5.0,35546.333333333336,0.015312484416049042,36002.99999999999,3.0,0.6000000000000001,0.6000000000000001,0.6000000000000001,True,True,17,9.388124189407074,32.0,8.341771142839454,STATIC_CURRENT_SNAPSHOT,False
col_bd478b6a570f533f803bd0118bf3f055,2025-07,5.0,7694.000000000001,-0.1519894191557368,8573.0,1.0,0.2,0.2,0.2,True,True,17,9.388124189407074,32.0,8.341771142839454,STATIC_CURRENT_SNAPSHOT,False
col_bd478b6a570f533f803bd0118bf3f055,2025-08,5.0,35143.666666666664,0.10418492417745154,34268.44444444444,3.0,0.6000000000000001,0.6000000000000001,0.6000000000000001,True,True,17,9.388124189407074,32.0,8.341771142839454,STATIC_CURRENT_SNAPSHOT,False
col_bd478b6a570f533f803bd0118bf3f055,2025-09,5.0,14043.5,-0.030215388804666454,13973.499999999998,2.0,0.4,0.4,0.4,True,True,17,9.388124189407074,32.0,8.341771142839454,STATIC_CURRENT_SNAPSHOT,False
col_bd478b6a570f533f803bd0118bf3f055,2025-10,5.0,65766.0,-0.04145168342807171,70288.0,1.0,0.2,0.2,0.2,True,True,17,9.388124189407074,32.0,8.341771142839454,STATIC_CURRENT_SNAPSHOT,False
col_bd478b6a570f533f803bd0118bf3f055,2025-11,5.0,9452.0,,,1.0,0.2,0.0,0.0,True,True,17,9.388124189407074,32.0,8.341771142839454,STATIC_CURRENT_SNAPSHOT,False
col_bd478b6a570f533f803bd0118bf3f055,2025-12,5.0,13934.0,-0.11171790500279666,14448.666666666668,2.0,0.4,0.4,0.4,True,True,17,9.388124189407074,32.0,8.341771142839454,STATIC_CURRENT_SNAPSHOT,False
col_bd478b6a570f533f803bd0118bf3f055,2026-01,5.0,13221.5,-0.047782274258194986,14233.000000000002,2.0,0.4,0.4,0.4,True,True,17,9.388124189407074,32.0,8.341771142839454,STATIC_CURRENT_SNAPSHOT,False
col_bd478b6a570f533f803bd0118bf3f055,2026-02,5.0,77277.0,,,1.0,0.2,0.0,0.0,True,True,17,9.388124189407074,32.0,8.341771142839454,STATIC_CURRENT_SNAPSHOT,False
col_bd478b6a570f533f803bd0118bf3f055,2026-03,5.0,13951.5,0.03513309671412564,13615.500000000002,2.0,0.4,0.4,0.4,True,True,17,9.388124189407074,32.0,8.341771142839454,STATIC_CURRENT_SNAPSHOT,False
col_bd478b6a570f533f803bd0118bf3f055,2026-04,5.0,32341.333333333332,0.05250963545185929,29139.55555555555,3.0,0.6000000000000001,0.6000000000000001,0.6000000000000001,True,True,17,9.388124189407074,32.0,8.341771142839454,STATIC_CURRENT_SNAPSHOT,False
col_bd478b6a570f533f803bd0118bf3f055,2026-05,5.0,8197.0,-0.03188850832644384,8387.0,1.0,0.2,0.2,0.2,True,True,17,9.388124189407074,32.0,8.341771142839454,STATIC_CURRENT_SNAPSHOT,False
col_bd478b6a570f533f803bd0118bf3f055,2026-06,5.0,13831.5,0.008525009649646137,14104.333333333334,2.0,0.4,0.4,0.4,True,True,17,9.388124189407074,32.0,8.341771142839454,STATIC_CURRENT_SNAPSHOT,False
col_bd478b6a570f533f803bd0118bf3f055,2026-07,5.0,,,,0.0,0.0,0.0,0.0,False,True,17,9.388124189407074,32.0,8.341771142839454,STATIC_CURRENT_SNAPSHOT,False
col_bd478b6a570f533f803bd0118bf3f055,2026-08,5.0,13256.5,0.027736652202755084,13308.833333333334,2.0,0.4,0.4,0.4,True,True,17,9.388124189407074,32.0,8.341771142839454,STATIC_CURRENT_SNAPSHOT,False
col_bed54b5fa7b155169b5367f26e64ee77,2023-01,,,,,,,,,False,False,2,,,,STATIC_CURRENT_SNAPSHOT,False
col_bed54b5fa7b155169b5367f26e64ee77,2023-02,,,,,,,,,False,False,2,,,,STATIC_CURRENT_SNAPSHOT,False
col_bed54b5fa7b155169b5367f26e64ee77,2023-03,,,,,,,,,False,False,2,,,,STATIC_CURRENT_SNAPSHOT,False
col_bed54b5fa7b155169b5367f26e64ee77,2023-04,,,,,,,,,False,False,2,,,,STATIC_CURRENT_SNAPSHOT,False
col_bed54b5fa7b155169b5367f26e64ee77,2023-05,,,,,,,,,False,False,2,,,,STATIC_CURRENT_SNAPSHOT,False
col_bed54b5fa7b155169b5367f26e64ee77,2023-06,,,,,,,,,False,False,2,,,,STATIC_CURRENT_SNAPSHOT,False
col_bed54b5fa7b155169b5367f26e64ee77,2023-07,,,,,,,,,False,False,2,,,,STATIC_CURRENT_SNAPSHOT,False
col_bed54b5fa7b155169b5367f26e64ee77,2023-08,,,,,,,,,False,False,2,,,,STATIC_CURRENT_SNAPSHOT,False
col_bed54b5fa7b155169b5367f26e64ee77,2023-09,,,,,,,,,False,False,2,,,,STATIC_CURRENT_SNAPSHOT,False
col_bed54b5fa7b155169b5367f26e64ee77,2023-10,,,,,,,,,False,False,2,,,,STATIC_CURRENT_SNAPSHOT,False
col_bed54b5fa7b155169b5367f26e64ee77,2023-11,,,,,,,,,False,False,2,,,,STATIC_CURRENT_SNAPSHOT,False
col_bed54b5fa7b155169b5367f26e64ee77,2023-12,,,,,,,,,False,False,2,,,,STATIC_CURRENT_SNAPSHOT,False
col_bed54b5fa7b155169b5367f26e64ee77,2024-01,,,,,,,,,False,False,2,,,,STATIC_CURRENT_SNAPSHOT,False
col_bed54b5fa7b155169b5367f26e64ee77,2024-02,,,,,,,,,False,False,2,,,,STATIC_CURRENT_SNAPSHOT,False
col_bed54b5fa7b155169b5367f26e64ee77,2024-03,,,,,,,,,False,False,2,,,,STATIC_CURRENT_SNAPSHOT,False
col_bed54b5fa7b155169b5367f26e64ee77,2024-04,,,,,,,,,False,False,2,,,,STATIC_CURRENT_SNAPSHOT,False
col_bed54b5fa7b155169b5367f26e64ee77,2024-05,,,,,,,,,False,False,2,,,,STATIC_CURRENT_SNAPSHOT,False
col_bed54b5fa7b155169b5367f26e64ee77,2024-06,,,,,,,,,False,False,2,,,,STATIC_CURRENT_SNAPSHOT,False
col_bed54b5fa7b155169b5367f26e64ee77,2024-07,,,,,,,,,False,False,2,,,,STATIC_CURRENT_SNAPSHOT,False
col_bed54b5fa7b155169b5367f26e64ee77,2024-08,,,,,,,,,False,False,2,,,,STATIC_CURRENT_SNAPSHOT,False
col_bed54b5fa7b155169b5367f26e64ee77,2024-09,,,,,,,,,False,False,2,,,,STATIC_CURRENT_SNAPSHOT,False
col_bed54b5fa7b155169b5367f26e64ee77,2024-10,,,,,,,,,False,False,2,,,,STATIC_CURRENT_SNAPSHOT,False
col_bed54b5fa7b155169b5367f26e64ee77,2024-11,,,,,,,,,False,False,2,,,,STATIC_CURRENT_SNAPSHOT,False
col_bed54b5fa7b155169b5367f26e64ee77,2024-12,,,,,,,,,False,False,2,,,,STATIC_CURRENT_SNAPSHOT,False
col_bed54b5fa7b155169b5367f26e64ee77,2025-01,,,,,,,,,False,False,2,,,,STATIC_CURRENT_SNAPSHOT,False
col_bed54b5fa7b155169b5367f26e64ee77,2025-02,,,,,,,,,False,False,2,,,,STATIC_CURRENT_SNAPSHOT,False
col_bed54b5fa7b155169b5367f26e64ee77,2025-03,,,,,,,,,False,False,2,,,,STATIC_CURRENT_SNAPSHOT,False
col_bed54b5fa7b155169b5367f26e64ee77,2025-04,,,,,,,,,False,False,2,,,,STATIC_CURRENT_SNAPSHOT,False
col_bed54b5fa7b155169b5367f26e64ee77,2025-05,,,,,,,,,False,False,2,,,,STATIC_CURRENT_SNAPSHOT,False
col_bed54b5fa7b155169b5367f26e64ee77,2025-06,,,,,,,,,False,False,2,,,,STATIC_CURRENT_SNAPSHOT,False
col_bed54b5fa7b155169b5367f26e64ee77,2025-07,,,,,,,,,False,False,2,,,,STATIC_CURRENT_SNAPSHOT,False
col_bed54b5fa7b155169b5367f26e64ee77,2025-08,,,,,,,,,False,False,2,,,,STATIC_CURRENT_SNAPSHOT,False
col_bed54b5fa7b155169b5367f26e64ee77,2025-09,,,,,,,,,False,False,2,,,,STATIC_CURRENT_SNAPSHOT,False
col_bed54b5fa7b155169b5367f26e64ee77,2025-10,,,,,,,,,False,False,2,,,,STATIC_CURRENT_SNAPSHOT,False
col_bed54b5fa7b155169b5367f26e64ee77,2025-11,,,,,,,,,False,False,2,,,,STATIC_CURRENT_SNAPSHOT,False
col_bed54b5fa7b155169b5367f26e64ee77,2025-12,,,,,,,,,False,False,2,,,,STATIC_CURRENT_SNAPSHOT,False
col_bed54b5fa7b155169b5367f26e64ee77,2026-01,,,,,,,,,False,False,2,,,,STATIC_CURRENT_SNAPSHOT,False
col_bed54b5fa7b155169b5367f26e64ee77,2026-02,,,,,,,,,False,False,2,,,,STATIC_CURRENT_SNAPSHOT,False
col_bed54b5fa7b155169b5367f26e64ee77,2026-03,,,,,,,,,False,False,2,,,,STATIC_CURRENT_SNAPSHOT,False
col_bed54b5fa7b155169b5367f26e64ee77,2026-04,,,,,,,,,False,False,2,,,,STATIC_CURRENT_SNAPSHOT,False
col_bed54b5fa7b155169b5367f26e64ee77,2026-05,,,,,,,,,False,False,2,,,,STATIC_CURRENT_SNAPSHOT,False
col_bed54b5fa7b155169b5367f26e64ee77,2026-06,,,,,,,,,False,False,2,,,,STATIC_CURRENT_SNAPSHOT,False
col_bed54b5fa7b155169b5367f26e64ee77,2026-07,,,,,,,,,False,False,2,,,,STATIC_CURRENT_SNAPSHOT,False
col_bed54b5fa7b155169b5367f26e64ee77,2026-08,,,,,,,,,False,False,2,,,,STATIC_CURRENT_SNAPSHOT,False
col_c00d00bb38f656119c21216810bac6c9,2023-01,,,,,,,,,False,False,1,,,,STATIC_CURRENT_SNAPSHOT,False
col_c00d00bb38f656119c21216810bac6c9,2023-02,,,,,,,,,False,False,1,,,,STATIC_CURRENT_SNAPSHOT,False
col_c00d00bb38f656119c21216810bac6c9,2023-03,,,,,,,,,False,False,1,,,,STATIC_CURRENT_SNAPSHOT,False
col_c00d00bb38f656119c21216810bac6c9,2023-04,,,,,,,,,False,False,1,,,,STATIC_CURRENT_SNAPSHOT,False
col_c00d00bb38f656119c21216810bac6c9,2023-05,,,,,,,,,False,False,1,,,,STATIC_CURRENT_SNAPSHOT,False
col_c00d00bb38f656119c21216810bac6c9,2023-06,,,,,,,,,False,False,1,,,,STATIC_CURRENT_SNAPSHOT,False
col_c00d00bb38f656119c21216810bac6c9,2023-07,,,,,,,,,False,False,1,,,,STATIC_CURRENT_SNAPSHOT,False
col_c00d00bb38f656119c21216810bac6c9,2023-08,,,,,,,,,False,False,1,,,,STATIC_CURRENT_SNAPSHOT,False
col_c00d00bb38f656119c21216810bac6c9,2023-09,,,,,,,,,False,False,1,,,,STATIC_CURRENT_SNAPSHOT,False
col_c00d00bb38f656119c21216810bac6c9,2023-10,,,,,,,,,False,False,1,,,,STATIC_CURRENT_SNAPSHOT,False
col_c00d00bb38f656119c21216810bac6c9,2023-11,,,,,,,,,False,False,1,,,,STATIC_CURRENT_SNAPSHOT,False
col_c00d00bb38f656119c21216810bac6c9,2023-12,,,,,,,,,False,False,1,,,,STATIC_CURRENT_SNAPSHOT,False
col_c00d00bb38f656119c21216810bac6c9,2024-01,,,,,,,,,False,False,1,,,,STATIC_CURRENT_SNAPSHOT,False
col_c00d00bb38f656119c21216810bac6c9,2024-02,,,,,,,,,False,False,1,,,,STATIC_CURRENT_SNAPSHOT,False
col_c00d00bb38f656119c21216810bac6c9,2024-03,,,,,,,,,False,False,1,,,,STATIC_CURRENT_SNAPSHOT,False
col_c00d00bb38f656119c21216810bac6c9,2024-04,,,,,,,,,False,False,1,,,,STATIC_CURRENT_SNAPSHOT,False
col_c00d00bb38f656119c21216810bac6c9,2024-05,,,,,,,,,False,False,1,,,,STATIC_CURRENT_SNAPSHOT,False
col_c00d00bb38f656119c21216810bac6c9,2024-06,,,,,,,,,False,False,1,,,,STATIC_CURRENT_SNAPSHOT,False
col_c00d00bb38f656119c21216810bac6c9,2024-07,,,,,,,,,False,False,1,,,,STATIC_CURRENT_SNAPSHOT,False
col_c00d00bb38f656119c21216810bac6c9,2024-08,,,,,,,,,False,False,1,,,,STATIC_CURRENT_SNAPSHOT,False
col_c00d00bb38f656119c21216810bac6c9,2024-09,,,,,,,,,False,False,1,,,,STATIC_CURRENT_SNAPSHOT,False
col_c00d00bb38f656119c21216810bac6c9,2024-10,,,,,,,,,False,False,1,,,,STATIC_CURRENT_SNAPSHOT,False
col_c00d00bb38f656119c21216810bac6c9,2024-11,,,,,,,,,False,False,1,,,,STATIC_CURRENT_SNAPSHOT,False
col_c00d00bb38f656119c21216810bac6c9,2024-12,,,,,,,,,False,False,1,,,,STATIC_CURRENT_SNAPSHOT,False
col_c00d00bb38f656119c21216810bac6c9,2025-01,,,,,,,,,False,False,1,,,,STATIC_CURRENT_SNAPSHOT,False
col_c00d00bb38f656119c21216810bac6c9,2025-02,,,,,,,,,False,False,1,,,,STATIC_CURRENT_SNAPSHOT,False
col_c00d00bb38f656119c21216810bac6c9,2025-03,,,,,,,,,False,False,1,,,,STATIC_CURRENT_SNAPSHOT,False
col_c00d00bb38f656119c21216810bac6c9,2025-04,,,,,,,,,False,False,1,,,,STATIC_CURRENT_SNAPSHOT,False
col_c00d00bb38f656119c21216810bac6c9,2025-05,,,,,,,,,False,False,1,,,,STATIC_CURRENT_SNAPSHOT,False
col_c00d00bb38f656119c21216810bac6c9,2025-06,,,,,,,,,False,False,1,,,,STATIC_CURRENT_SNAPSHOT,False
col_c00d00bb38f656119c21216810bac6c9,2025-07,,,,,,,,,False,False,1,,,,STATIC_CURRENT_SNAPSHOT,False
col_c00d00bb38f656119c21216810bac6c9,2025-08,,,,,,,,,False,False,1,,,,STATIC_CURRENT_SNAPSHOT,False
col_c00d00bb38f656119c21216810bac6c9,2025-09,,,,,,,,,False,False,1,,,,STATIC_CURRENT_SNAPSHOT,False
col_c00d00bb38f656119c21216810bac6c9,2025-10,,,,,,,,,False,False,1,,,,STATIC_CURRENT_SNAPSHOT,False
col_c00d00bb38f656119c21216810bac6c9,2025-11,,,,,,,,,False,False,1,,,,STATIC_CURRENT_SNAPSHOT,False
col_c00d00bb38f656119c21216810bac6c9,2025-12,,,,,,,,,False,False,1,,,,STATIC_CURRENT_SNAPSHOT,False
col_c00d00bb38f656119c21216810bac6c9,2026-01,,,,,,,,,False,False,1,,,,STATIC_CURRENT_SNAPSHOT,False
col_c00d00bb38f656119c21216810bac6c9,2026-02,,,,,,,,,False,False,1,,,,STATIC_CURRENT_SNAPSHOT,False
col_c00d00bb38f656119c21216810bac6c9,2026-03,,,,,,,,,False,False,1,,,,STATIC_CURRENT_SNAPSHOT,False
col_c00d00bb38f656119c21216810bac6c9,2026-04,,,,,,,,,False,False,1,,,,STATIC_CURRENT_SNAPSHOT,False
col_c00d00bb38f656119c21216810bac6c9,2026-05,,,,,,,,,False,False,1,,,,STATIC_CURRENT_SNAPSHOT,False
col_c00d00bb38f656119c21216810bac6c9,2026-06,,,,,,,,,False,False,1,,,,STATIC_CURRENT_SNAPSHOT,False
col_c00d00bb38f656119c21216810bac6c9,2026-07,,,,,,,,,False,False,1,,,,STATIC_CURRENT_SNAPSHOT,False
col_c00d00bb38f656119c21216810bac6c9,2026-08,,,,,,,,,False,False,1,,,,STATIC_CURRENT_SNAPSHOT,False
col_c4ce45851ad35a61b8fb1e683c4b52a5,2023-01,2.0,,,,0.0,0.0,0.0,0.0,False,True,4,9.11133766931092,6.0,5.300215831553896,STATIC_CURRENT_SNAPSHOT,False
col_c4ce45851ad35a61b8fb1e683c4b52a5,2023-02,2.0,2439.0,,,1.0,0.5,0.0,0.0,True,True,4,9.11133766931092,6.0,5.300215831553896,STATIC_CURRENT_SNAPSHOT,False
col_c4ce45851ad35a61b8fb1e683c4b52a5,2023-03,2.0,2556.0,0.04797047970479705,,1.0,0.5,0.5,0.0,True,True,4,9.11133766931092,6.0,5.300215831553896,STATIC_CURRENT_SNAPSHOT,False
col_c4ce45851ad35a61b8fb1e683c4b52a5,2023-04,2.0,2911.0,0.1388888888888889,2635.3333333333335,1.0,0.5,0.5,0.5,True,True,4,9.11133766931092,6.0,5.300215831553896,STATIC_CURRENT_SNAPSHOT,False
col_c4ce45851ad35a61b8fb1e683c4b52a5,2023-05,2.0,2912.0,0.00034352456200618345,2793.0,1.0,0.5,0.5,0.5,True,True,4,9.11133766931092,6.0,5.300215831553896,STATIC_CURRENT_SNAPSHOT,False
col_c4ce45851ad35a61b8fb1e683c4b52a5,2023-06,2.0,3306.0,0.1353021978021978,3043.0,1.0,0.5,0.5,0.5,True,True,4,9.11133766931092,6.0,5.300215831553896,STATIC_CURRENT_SNAPSHOT,False
col_c4ce45851ad35a61b8fb1e683c4b52a5,2023-07,2.0,2748.0,-0.16878402903811252,2988.6666666666665,1.0,0.5,0.5,0.5,True,True,4,9.11133766931092,6.0,5.300215831553896,STATIC_CURRENT_SNAPSHOT,False
col_c4ce45851ad35a61b8fb1e683c4b52a5,2023-08,2.0,,,,0.0,0.0,0.0,0.0,False,True,4,9.11133766931092,6.0,5.300215831553896,STATIC_CURRENT_SNAPSHOT,False
col_c4ce45851ad35a61b8fb1e683c4b52a5,2023-09,2.0,,,,0.0,0.0,0.0,0.0,False,True,4,9.11133766931092,6.0,5.300215831553896,STATIC_CURRENT_SNAPSHOT,False
col_c4ce45851ad35a61b8fb1e683c4b52a5,2023-10,2.0,2350.0,0.5122644863135443,3295.0,2.0,1.0,0.5,0.5,True,True,4,9.11133766931092,6.0,5.300215831553896,STATIC_CURRENT_SNAPSHOT,False
col_c4ce45851ad35a61b8fb1e683c4b52a5,2023-11,2.0,4097.5,1.338060617176975,4630.666666666667,2.0,1.0,1.0,0.5,True,True,4,9.11133766931092,6.0,5.300215831553896,STATIC_CURRENT_SNAPSHOT,False
col_c4ce45851ad35a61b8fb1e683c4b52a5,2023-12,2.0,1519.0,0.10875912408759124,1111.6666666666667,1.0,0.5,0.5,0.5,True,True,4,9.11133766931092,6.0,5.300215831553896,STATIC_CURRENT_SNAPSHOT,False
col_c4ce45851ad35a61b8fb1e683c4b52a5,2024-01,2.0,4554.0,-0.06954800324417358,4413.0,2.0,1.0,1.0,1.0,True,True,4,9.11133766931092,6.0,5.300215831553896,STATIC_CURRENT_SNAPSHOT,False
col_c4ce45851ad35a61b8fb1e683c4b52a5,2024-02,2.0,3505.0,1.755503144654088,2098.6666666666665,1.0,0.5,0.5,0.5,True,True,4,9.11133766931092,6.0,5.300215831553896,STATIC_CURRENT_SNAPSHOT,False
col_c4ce45851ad35a61b8fb1e683c4b52a5,2024-03,2.0,4662.0,0.33009985734664765,3146.3333333333335,1.0,0.5,0.5,0.5,True,True,4,9.11133766931092,6.0,5.300215831553896,STATIC_CURRENT_SNAPSHOT,False
col_c4ce45851ad35a61b8fb1e683c4b52a5,2024-04,2.0,,,,0.0,0.0,0.0,0.0,False,True,4,9.11133766931092,6.0,5.300215831553896,STATIC_CURRENT_SNAPSHOT,False
col_c4ce45851ad35a61b8fb1e683c4b52a5,2024-05,2.0,10882.5,0.050424536475480855,5498.333333333333,2.0,1.0,0.5,0.5,True,True,4,9.11133766931092,6.0,5.300215831553896,STATIC_CURRENT_SNAPSHOT,False
col_c4ce45851ad35a61b8fb1e683c4b52a5,2024-06,2.0,6989.0,0.15291982843945892,6274.0,1.0,0.5,0.5,0.5,True,True,4,9.11133766931092,6.0,5.300215831553896,STATIC_CURRENT_SNAPSHOT,False
col_c4ce45851ad35a61b8fb1e683c4b52a5,2024-07,2.0,11225.5,-0.03691385765717048,11343.0,2.0,1.0,1.0,1.0,True,True,4,9.11133766931092,6.0,5.300215831553896,STATIC_CURRENT_SNAPSHOT,False
col_c4ce45851ad35a61b8fb1e683c4b52a5,2024-08,2.0,10558.0,-0.06508604627299462,11234.833333333334,2.0,1.0,1.0,1.0,True,True,4,9.11133766931092,6.0,5.300215831553896,STATIC_CURRENT_SNAPSHOT,False
col_c4ce45851ad35a61b8fb1e683c4b52a5,2024-09,2.0,6989.0,0.0714395216924728,6868.333333333333,1.0,0.5,0.5,0.5,True,True,4,9.11133766931092,6.0,5.300215831553896,STATIC_CURRENT_SNAPSHOT,False
col_c4ce45851ad35a61b8fb1e683c4b52a5,2024-10,2.0,11240.0,-0.028344587327116918,11132.166666666666,2.0,1.0,1.0,1.0,True,True,4,9.11133766931092,6.0,5.300215831553896,STATIC_CURRENT_SNAPSHOT,False
col_c4ce45851ad35a61b8fb1e683c4b52a5,2024-11,2.0,,,,0.0,0.0,0.0,0.0,False,True,4,9.11133766931092,6.0,5.300215831553896,STATIC_CURRENT_SNAPSHOT,False
col_c4ce45851ad35a61b8fb1e683c4b52a5,2024-12,2.0,6867.0,,,1.0,0.5,0.0,0.0,True,True,4,9.11133766931092,6.0,5.300215831553896,STATIC_CURRENT_SNAPSHOT,False
col_c4ce45851ad35a61b8fb1e683c4b52a5,2025-01,2.0,6302.0,-0.08227755934177952,,1.0,0.5,0.5,0.0,True,True,4,9.11133766931092,6.0,5.300215831553896,STATIC_CURRENT_SNAPSHOT,False
col_c4ce45851ad35a61b8fb1e683c4b52a5,2025-02,2.0,14535.0,0.0827622169249106,14897.666666666666,1.0,0.5,0.5,0.5,True,True,4,9.11133766931092,6.0,5.300215831553896,STATIC_CURRENT_SNAPSHOT,False
col_c4ce45851ad35a61b8fb1e683c4b52a5,2025-03,2.0,10676.5,-0.008712267557947871,10370.833333333332,2.0,1.0,1.0,1.0,True,True,4,9.11133766931092,6.0,5.300215831553896,STATIC_CURRENT_SNAPSHOT,False
col_c4ce45851ad35a61b8fb1e683c4b52a5,2025-04,2.0,,,,0.0,0.0,0.0,0.0,False,True,4,9.11133766931092,6.0,5.300215831553896,STATIC_CURRENT_SNAPSHOT,False
col_c4ce45851ad35a61b8fb1e683c4b52a5,2025-05,2.0,10593.0,-0.08051846852485844,10918.166666666666,2.0,1.0,1.0,1.0,True,True,4,9.11133766931092,6.0,5.300215831553896,STATIC_CURRENT_SNAPSHOT,False
col_c4ce45851ad35a61b8fb1e683c4b52a5,2025-06,2.0,11045.5,0.03793387440783315,11041.166666666668,2.0,1.0,1.0,1.0,True,True,4,9.11133766931092,6.0,5.300215831553896,STATIC_CURRENT_SNAPSHOT,False
col_c4ce45851ad35a61b8fb1e683c4b52a5,2025-07,2.0,9911.5,-0.11773519049915915,10516.666666666668,2.0,1.0,1.0,1.0,True,True,4,9.11133766931092,6.0,5.300215831553896,STATIC_CURRENT_SNAPSHOT,False
col_c4ce45851ad35a61b8fb1e683c4b52a5,2025-08,2.0,10486.0,0.07475075158639896,10481.0,2.0,1.0,1.0,1.0,True,True,4,9.11133766931092,6.0,5.300215831553896,STATIC_CURRENT_SNAPSHOT,False
col_c4ce45851ad35a61b8fb1e683c4b52a5,2025-09,2.0,10511.0,-0.010785769715368997,10302.833333333334,2.0,1.0,1.0,1.0,True,True,4,9.11133766931092,6.0,5.300215831553896,STATIC_CURRENT_SNAPSHOT,False
col_c4ce45851ad35a61b8fb1e683c4b52a5,2025-10,2.0,5669.0,-0.01716366158113731,5818.666666666667,1.0,0.5,0.5,0.5,True,True,4,9.11133766931092,6.0,5.300215831553896,STATIC_CURRENT_SNAPSHOT,False
col_c4ce45851ad35a61b8fb1e683c4b52a5,2025-11,2.0,5956.0,0.05062621273593226,5797.666666666667,1.0,0.5,0.5,0.5,True,True,4,9.11133766931092,6.0,5.300215831553896,STATIC_CURRENT_SNAPSHOT,False
col_c4ce45851ad35a61b8fb1e683c4b52a5,2025-12,2.0,6067.0,0.018636668905305576,5897.333333333333,1.0,0.5,0.5,0.5,True,True,4,9.11133766931092,6.0,5.300215831553896,STATIC_CURRENT_SNAPSHOT,False
col_c4ce45851ad35a61b8fb1e683c4b52a5,2026-01,2.0,5556.0,-0.08422614142080105,5859.666666666667,1.0,0.5,0.5,0.5,True,True,4,9.11133766931092,6.0,5.300215831553896,STATIC_CURRENT_SNAPSHOT,False
col_c4ce45851ad35a61b8fb1e683c4b52a5,2026-02,2.0,13859.0,,,1.0,0.5,0.0,0.0,True,True,4,9.11133766931092,6.0,5.300215831553896,STATIC_CURRENT_SNAPSHOT,False
col_c4ce45851ad35a61b8fb1e683c4b52a5,2026-03,2.0,9870.0,-0.017201883155496207,5769.0,2.0,1.0,1.0,0.5,True,True,4,9.11133766931092,6.0,5.300215831553896,STATIC_CURRENT_SNAPSHOT,False
col_c4ce45851ad35a61b8fb1e683c4b52a5,2026-04,2.0,11017.0,0.12672470152849125,10273.666666666666,2.0,1.0,1.0,1.0,True,True,4,9.11133766931092,6.0,5.300215831553896,STATIC_CURRENT_SNAPSHOT,False
col_c4ce45851ad35a61b8fb1e683c4b52a5,2026-05,2.0,,,,0.0,0.0,0.0,0.0,False,True,4,9.11133766931092,6.0,5.300215831553896,STATIC_CURRENT_SNAPSHOT,False
col_c4ce45851ad35a61b8fb1e683c4b52a5,2026-06,2.0,11518.5,0.06884492931790903,11125.5,2.0,1.0,1.0,1.0,True,True,4,9.11133766931092,6.0,5.300215831553896,STATIC_CURRENT_SNAPSHOT,False
col_c4ce45851ad35a61b8fb1e683c4b52a5,2026-07,2.0,10120.5,-0.12293140797968788,10826.666666666666,2.0,1.0,1.0,1.0,True,True,4,9.11133766931092,6.0,5.300215831553896,STATIC_CURRENT_SNAPSHOT,False
col_c4ce45851ad35a61b8fb1e683c4b52a5,2026-08,2.0,10039.0,0.019064719848654876,10559.333333333334,2.0,1.0,1.0,1.0,True,True,4,9.11133766931092,6.0,5.300215831553896,STATIC_CURRENT_SNAPSHOT,False
col_c84c8cba11e05de082c7496795578d88,2023-01,3.0,,,,0.0,0.0,0.0,0.0,False,True,1,6.1663288933819285,5.0,5.417736510538126,STATIC_CURRENT_SNAPSHOT,False
col_c84c8cba11e05de082c7496795578d88,2023-02,3.0,,,,0.0,0.0,0.0,0.0,False,True,1,6.1663288933819285,5.0,5.417736510538126,STATIC_CURRENT_SNAPSHOT,False
col_c84c8cba11e05de082c7496795578d88,2023-03,3.0,,,,0.0,0.0,0.0,0.0,False,True,1,6.1663288933819285,5.0,5.417736510538126,STATIC_CURRENT_SNAPSHOT,False
col_c84c8cba11e05de082c7496795578d88,2023-04,3.0,,,,0.0,0.0,0.0,0.0,False,True,1,6.1663288933819285,5.0,5.417736510538126,STATIC_CURRENT_SNAPSHOT,False
col_c84c8cba11e05de082c7496795578d88,2023-05,3.0,,,,0.0,0.0,0.0,0.0,False,True,1,6.1663288933819285,5.0,5.417736510538126,STATIC_CURRENT_SNAPSHOT,False
col_c84c8cba11e05de082c7496795578d88,2023-06,3.0,1.0,,,1.0,0.3333333333333333,0.0,0.0,True,True,1,6.1663288933819285,5.0,5.417736510538126,STATIC_CURRENT_SNAPSHOT,False
col_c84c8cba11e05de082c7496795578d88,2023-07,3.0,3169.6666666666665,5385.0,,3.0,1.0,0.3333333333333333,0.0,True,True,1,6.1663288933819285,5.0,5.417736510538126,STATIC_CURRENT_SNAPSHOT,False
col_c84c8cba11e05de082c7496795578d88,2023-08,3.0,3490.666666666666,0.04185235563829395,4014.0,3.0,1.0,1.0,0.3333333333333333,True,True,1,6.1663288933819285,5.0,5.417736510538126,STATIC_CURRENT_SNAPSHOT,False
col_c84c8cba11e05de082c7496795578d88,2023-09,3.0,4740.333333333333,0.30869070439678703,3800.222222222222,3.0,1.0,1.0,1.0,True,True,1,6.1663288933819285,5.0,5.417736510538126,STATIC_CURRENT_SNAPSHOT,False
col_c84c8cba11e05de082c7496795578d88,2023-10,3.0,7231.666666666666,0.7728579300039462,5154.222222222222,3.0,1.0,1.0,1.0,True,True,1,6.1663288933819285,5.0,5.417736510538126,STATIC_CURRENT_SNAPSHOT,False
col_c84c8cba11e05de082c7496795578d88,2023-11,3.0,7729.333333333333,0.07153722068591761,6567.111111111111,3.0,1.0,1.0,1.0,True,True,1,6.1663288933819285,5.0,5.417736510538126,STATIC_CURRENT_SNAPSHOT,False
col_c84c8cba11e05de082c7496795578d88,2023-12,3.0,7606.999999999999,-0.028238713155573476,7522.666666666666,3.0,1.0,1.0,1.0,True,True,1,6.1663288933819285,5.0,5.417736510538126,STATIC_CURRENT_SNAPSHOT,False
col_c84c8cba11e05de082c7496795578d88,2024-01,3.0,6040.0,-0.19569028668439645,7125.444444444444,3.0,1.0,1.0,1.0,True,True,1,6.1663288933819285,5.0,5.417736510538126,STATIC_CURRENT_SNAPSHOT,False
col_c84c8cba11e05de082c7496795578d88,2024-02,3.0,4045.9999999999995,0.04401514916741142,4335.5,2.0,0.6666666666666666,0.6666666666666666,0.6666666666666666,True,True,1,6.1663288933819285,5.0,5.417736510538126,STATIC_CURRENT_SNAPSHOT,False
col_c84c8cba11e05de082c7496795578d88,2024-03,3.0,9692.666666666666,0.4357914093749749,7535.555555555555,3.0,1.0,1.0,1.0,True,True,1,6.1663288933819285,5.0,5.417736510538126,STATIC_CURRENT_SNAPSHOT,False
col_c84c8cba11e05de082c7496795578d88,2024-04,3.0,10925.0,0.2532981530343008,8217.666666666666,1.0,0.3333333333333333,0.3333333333333333,0.3333333333333333,True,True,1,6.1663288933819285,5.0,5.417736510538126,STATIC_CURRENT_SNAPSHOT,False
col_c84c8cba11e05de082c7496795578d88,2024-05,3.0,10982.999999999998,0.023309046764076417,10576.555555555555,3.0,1.0,1.0,1.0,True,True,1,6.1663288933819285,5.0,5.417736510538126,STATIC_CURRENT_SNAPSHOT,False
col_c84c8cba11e05de082c7496795578d88,2024-06,3.0,8738.0,0.11304077266811642,8019.0,2.0,0.6666666666666666,0.6666666666666666,0.6666666666666666,True,True,1,6.1663288933819285,5.0,5.417736510538126,STATIC_CURRENT_SNAPSHOT,False
col_c84c8cba11e05de082c7496795578d88,2024-07,3.0,11760.333333333332,-0.08817152913109347,11877.888888888887,3.0,1.0,1.0,1.0,True,True,1,6.1663288933819285,5.0,5.417736510538126,STATIC_CURRENT_SNAPSHOT,False
col_c84c8cba11e05de082c7496795578d88,2024-08,3.0,7904.333333333332,-0.32706828070857064,10851.666666666666,3.0,1.0,1.0,1.0,True,True,1,6.1663288933819285,5.0,5.417736510538126,STATIC_CURRENT_SNAPSHOT,False
col_c84c8cba11e05de082c7496795578d88,2024-09,3.0,4672.5,-0.00597376176925659,5863.5,2.0,0.6666666666666666,0.6666666666666666,0.6666666666666666,True,True,1,6.1663288933819285,5.0,5.417736510538126,STATIC_CURRENT_SNAPSHOT,False
col_c84c8cba11e05de082c7496795578d88,2024-10,3.0,13628.666666666666,0.6974336167752178,10016.777777777777,3.0,1.0,1.0,1.0,True,True,1,6.1663288933819285,5.0,5.417736510538126,STATIC_CURRENT_SNAPSHOT,False
col_c84c8cba11e05de082c7496795578d88,2024-11,3.0,,,,0.0,0.0,0.0,0.0,False,True,1,6.1663288933819285,5.0,5.417736510538126,STATIC_CURRENT_SNAPSHOT,False
col_c84c8cba11e05de082c7496795578d88,2024-12,3.0,13464.0,,,3.0,1.0,0.0,0.0,True,True,1,6.1663288933819285,5.0,5.417736510538126,STATIC_CURRENT_SNAPSHOT,False
col_c84c8cba11e05de082c7496795578d88,2025-01,3.0,9807.333333333332,-0.26462063922252294,,3.0,1.0,1.0,0.0,True,True,1,6.1663288933819285,5.0,5.417736510538126,STATIC_CURRENT_SNAPSHOT,False
col_c84c8cba11e05de082c7496795578d88,2025-02,3.0,6204.0,-0.055258377533230686,7391.833333333333,2.0,0.6666666666666666,0.6666666666666666,0.6666666666666666,True,True,1,6.1663288933819285,5.0,5.417736510538126,STATIC_CURRENT_SNAPSHOT,False
col_c84c8cba11e05de082c7496795578d88,2025-03,3.0,11405.5,0.12502068379700162,10399.333333333334,2.0,0.6666666666666666,0.6666666666666666,0.6666666666666666,True,True,1,6.1663288933819285,5.0,5.417736510538126,STATIC_CURRENT_SNAPSHOT,False
col_c84c8cba11e05de082c7496795578d88,2025-04,3.0,9332.0,0.19328587859123952,7735.5,2.0,0.6666666666666666,0.6666666666666666,0.6666666666666666,True,True,1,6.1663288933819285,5.0,5.417736510538126,STATIC_CURRENT_SNAPSHOT,False
col_c84c8cba11e05de082c7496795578d88,2025-05,3.0,9548.999999999998,-0.22400526942236665,11166.333333333332,3.0,1.0,1.0,1.0,True,True,1,6.1663288933819285,5.0,5.417736510538126,STATIC_CURRENT_SNAPSHOT,False
col_c84c8cba11e05de082c7496795578d88,2025-06,3.0,10927.666666666666,0.12875651100427915,11013.999999999998,3.0,1.0,1.0,1.0,True,True,1,6.1663288933819285,5.0,5.417736510538126,STATIC_CURRENT_SNAPSHOT,False
col_c84c8cba11e05de082c7496795578d88,2025-07,3.0,7913.499999999999,-0.016223027973914703,7632.500000000001,2.0,0.6666666666666666,0.6666666666666666,0.6666666666666666,True,True,1,6.1663288933819285,5.0,5.417736510538126,STATIC_CURRENT_SNAPSHOT,False
col_c84c8cba11e05de082c7496795578d88,2025-08,3.0,8154.333333333332,-0.2665845263252462,10065.666666666666,3.0,1.0,1.0,1.0,True,True,1,6.1663288933819285,5.0,5.417736510538126,STATIC_CURRENT_SNAPSHOT,False
col_c84c8cba11e05de082c7496795578d88,2025-09,3.0,8704.666666666666,0.044756659729797255,9324.666666666664,3.0,1.0,1.0,1.0,True,True,1,6.1663288933819285,5.0,5.417736510538126,STATIC_CURRENT_SNAPSHOT,False
col_c84c8cba11e05de082c7496795578d88,2025-10,3.0,8064.999999999999,0.5676581957417656,5905.000000000001,2.0,0.6666666666666666,0.6666666666666666,0.6666666666666666,True,True,1,6.1663288933819285,5.0,5.417736510538126,STATIC_CURRENT_SNAPSHOT,False
col_c84c8cba11e05de082c7496795578d88,2025-11,3.0,8353.0,0.04681659418644434,7083.0,2.0,0.6666666666666666,0.6666666666666666,0.6666666666666666,True,True,1,6.1663288933819285,5.0,5.417736510538126,STATIC_CURRENT_SNAPSHOT,False
col_c84c8cba11e05de082c7496795578d88,2025-12,3.0,10807.333333333332,-0.11405376505550237,11467.444444444443,3.0,1.0,1.0,1.0,True,True,1,6.1663288933819285,5.0,5.417736510538126,STATIC_CURRENT_SNAPSHOT,False
col_c84c8cba11e05de082c7496795578d88,2026-01,3.0,8880.666666666666,-0.18070433335910335,10585.888888888887,3.0,1.0,1.0,1.0,True,True,1,6.1663288933819285,5.0,5.417736510538126,STATIC_CURRENT_SNAPSHOT,False
col_c84c8cba11e05de082c7496795578d88,2026-02,3.0,8590.333333333332,-0.04943129352951816,9426.11111111111,3.0,1.0,1.0,1.0,True,True,1,6.1663288933819285,5.0,5.417736510538126,STATIC_CURRENT_SNAPSHOT,False
col_c84c8cba11e05de082c7496795578d88,2026-03,3.0,11289.666666666666,0.3582163768431548,9586.888888888889,3.0,1.0,1.0,1.0,True,True,1,6.1663288933819285,5.0,5.417736510538126,STATIC_CURRENT_SNAPSHOT,False
col_c84c8cba11e05de082c7496795578d88,2026-04,3.0,3817.0,-0.0023523261892315736,3596.3333333333335,1.0,0.3333333333333333,0.3333333333333333,0.3333333333333333,True,True,1,6.1663288933819285,5.0,5.417736510538126,STATIC_CURRENT_SNAPSHOT,False
col_c84c8cba11e05de082c7496795578d88,2026-05,3.0,9476.0,-0.13472768230916624,7212.0,3.0,1.0,0.6666666666666666,0.6666666666666666,True,True,1,6.1663288933819285,5.0,5.417736510538126,STATIC_CURRENT_SNAPSHOT,False
col_c84c8cba11e05de082c7496795578d88,2026-06,3.0,12613.0,-0.009654078207129643,9744.333333333334,2.0,0.6666666666666666,0.6666666666666666,0.3333333333333333,True,True,1,6.1663288933819285,5.0,5.417736510538126,STATIC_CURRENT_SNAPSHOT,False
col_c84c8cba11e05de082c7496795578d88,2026-07,3.0,7955.0,-0.06521739130434782,8606.333333333334,1.0,0.3333333333333333,0.3333333333333333,0.3333333333333333,True,True,1,6.1663288933819285,5.0,5.417736510538126,STATIC_CURRENT_SNAPSHOT,False
col_c84c8cba11e05de082c7496795578d88,2026-08,3.0,6386.666666666666,-0.2784057347030395,8271.444444444443,3.0,1.0,1.0,1.0,True,True,1,6.1663288933819285,5.0,5.417736510538126,STATIC_CURRENT_SNAPSHOT,False
col_cbe1b970a3525757af7647d6463839ff,2023-01,,,,,,,,,False,False,17,,,,STATIC_CURRENT_SNAPSHOT,False
col_cbe1b970a3525757af7647d6463839ff,2023-02,,,,,,,,,False,False,17,,,,STATIC_CURRENT_SNAPSHOT,False
col_cbe1b970a3525757af7647d6463839ff,2023-03,,,,,,,,,False,False,17,,,,STATIC_CURRENT_SNAPSHOT,False
col_cbe1b970a3525757af7647d6463839ff,2023-04,,,,,,,,,False,False,17,,,,STATIC_CURRENT_SNAPSHOT,False
col_cbe1b970a3525757af7647d6463839ff,2023-05,,,,,,,,,False,False,17,,,,STATIC_CURRENT_SNAPSHOT,False
col_cbe1b970a3525757af7647d6463839ff,2023-06,,,,,,,,,False,False,17,,,,STATIC_CURRENT_SNAPSHOT,False
col_cbe1b970a3525757af7647d6463839ff,2023-07,,,,,,,,,False,False,17,,,,STATIC_CURRENT_SNAPSHOT,False
col_cbe1b970a3525757af7647d6463839ff,2023-08,,,,,,,,,False,False,17,,,,STATIC_CURRENT_SNAPSHOT,False
col_cbe1b970a3525757af7647d6463839ff,2023-09,,,,,,,,,False,False,17,,,,STATIC_CURRENT_SNAPSHOT,False
col_cbe1b970a3525757af7647d6463839ff,2023-10,,,,,,,,,False,False,17,,,,STATIC_CURRENT_SNAPSHOT,False
col_cbe1b970a3525757af7647d6463839ff,2023-11,,,,,,,,,False,False,17,,,,STATIC_CURRENT_SNAPSHOT,False
col_cbe1b970a3525757af7647d6463839ff,2023-12,,,,,,,,,False,False,17,,,,STATIC_CURRENT_SNAPSHOT,False
col_cbe1b970a3525757af7647d6463839ff,2024-01,,,,,,,,,False,False,17,,,,STATIC_CURRENT_SNAPSHOT,False
col_cbe1b970a3525757af7647d6463839ff,2024-02,,,,,,,,,False,False,17,,,,STATIC_CURRENT_SNAPSHOT,False
col_cbe1b970a3525757af7647d6463839ff,2024-03,,,,,,,,,False,False,17,,,,STATIC_CURRENT_SNAPSHOT,False
col_cbe1b970a3525757af7647d6463839ff,2024-04,,,,,,,,,False,False,17,,,,STATIC_CURRENT_SNAPSHOT,False
col_cbe1b970a3525757af7647d6463839ff,2024-05,,,,,,,,,False,False,17,,,,STATIC_CURRENT_SNAPSHOT,False
col_cbe1b970a3525757af7647d6463839ff,2024-06,,,,,,,,,False,False,17,,,,STATIC_CURRENT_SNAPSHOT,False
col_cbe1b970a3525757af7647d6463839ff,2024-07,,,,,,,,,False,False,17,,,,STATIC_CURRENT_SNAPSHOT,False
col_cbe1b970a3525757af7647d6463839ff,2024-08,,,,,,,,,False,False,17,,,,STATIC_CURRENT_SNAPSHOT,False
col_cbe1b970a3525757af7647d6463839ff,2024-09,,,,,,,,,False,False,17,,,,STATIC_CURRENT_SNAPSHOT,False
col_cbe1b970a3525757af7647d6463839ff,2024-10,,,,,,,,,False,False,17,,,,STATIC_CURRENT_SNAPSHOT,False
col_cbe1b970a3525757af7647d6463839ff,2024-11,,,,,,,,,False,False,17,,,,STATIC_CURRENT_SNAPSHOT,False
col_cbe1b970a3525757af7647d6463839ff,2024-12,,,,,,,,,False,False,17,,,,STATIC_CURRENT_SNAPSHOT,False
col_cbe1b970a3525757af7647d6463839ff,2025-01,,,,,,,,,False,False,17,,,,STATIC_CURRENT_SNAPSHOT,False
col_cbe1b970a3525757af7647d6463839ff,2025-02,,,,,,,,,False,False,17,,,,STATIC_CURRENT_SNAPSHOT,False
col_cbe1b970a3525757af7647d6463839ff,2025-03,,,,,,,,,False,False,17,,,,STATIC_CURRENT_SNAPSHOT,False
col_cbe1b970a3525757af7647d6463839ff,2025-04,,,,,,,,,False,False,17,,,,STATIC_CURRENT_SNAPSHOT,False
col_cbe1b970a3525757af7647d6463839ff,2025-05,,,,,,,,,False,False,17,,,,STATIC_CURRENT_SNAPSHOT,False
col_cbe1b970a3525757af7647d6463839ff,2025-06,,,,,,,,,False,False,17,,,,STATIC_CURRENT_SNAPSHOT,False
col_cbe1b970a3525757af7647d6463839ff,2025-07,,,,,,,,,False,False,17,,,,STATIC_CURRENT_SNAPSHOT,False
col_cbe1b970a3525757af7647d6463839ff,2025-08,,,,,,,,,False,False,17,,,,STATIC_CURRENT_SNAPSHOT,False
col_cbe1b970a3525757af7647d6463839ff,2025-09,,,,,,,,,False,False,17,,,,STATIC_CURRENT_SNAPSHOT,False
col_cbe1b970a3525757af7647d6463839ff,2025-10,,,,,,,,,False,False,17,,,,STATIC_CURRENT_SNAPSHOT,False
col_cbe1b970a3525757af7647d6463839ff,2025-11,,,,,,,,,False,False,17,,,,STATIC_CURRENT_SNAPSHOT,False
col_cbe1b970a3525757af7647d6463839ff,2025-12,,,,,,,,,False,False,17,,,,STATIC_CURRENT_SNAPSHOT,False
col_cbe1b970a3525757af7647d6463839ff,2026-01,,,,,,,,,False,False,17,,,,STATIC_CURRENT_SNAPSHOT,False
col_cbe1b970a3525757af7647d6463839ff,2026-02,,,,,,,,,False,False,17,,,,STATIC_CURRENT_SNAPSHOT,False
col_cbe1b970a3525757af7647d6463839ff,2026-03,,,,,,,,,False,False,17,,,,STATIC_CURRENT_SNAPSHOT,False
col_cbe1b970a3525757af7647d6463839ff,2026-04,,,,,,,,,False,False,17,,,,STATIC_CURRENT_SNAPSHOT,False
col_cbe1b970a3525757af7647d6463839ff,2026-05,,,,,,,,,False,False,17,,,,STATIC_CURRENT_SNAPSHOT,False
col_cbe1b970a3525757af7647d6463839ff,2026-06,,,,,,,,,False,False,17,,,,STATIC_CURRENT_SNAPSHOT,False
col_cbe1b970a3525757af7647d6463839ff,2026-07,,,,,,,,,False,False,17,,,,STATIC_CURRENT_SNAPSHOT,False
col_cbe1b970a3525757af7647d6463839ff,2026-08,,,,,,,,,False,False,17,,,,STATIC_CURRENT_SNAPSHOT,False
col_cbef3a463b0b5bc2ac31e747b6721178,2023-01,1.0,,,,0.0,0.0,0.0,0.0,False,True,6,8.747968757633528,1.0,1.0652385015407853,STATIC_CURRENT_SNAPSHOT,False
col_cbef3a463b0b5bc2ac31e747b6721178,2023-02,1.0,,,,0.0,0.0,0.0,0.0,False,True,6,8.747968757633528,1.0,1.0652385015407853,STATIC_CURRENT_SNAPSHOT,False
col_cbef3a463b0b5bc2ac31e747b6721178,2023-03,1.0,,,,0.0,0.0,0.0,0.0,False,True,6,8.747968757633528,1.0,1.0652385015407853,STATIC_CURRENT_SNAPSHOT,False
col_cbef3a463b0b5bc2ac31e747b6721178,2023-04,1.0,,,,0.0,0.0,0.0,0.0,False,True,6,8.747968757633528,1.0,1.0652385015407853,STATIC_CURRENT_SNAPSHOT,False
col_cbef3a463b0b5bc2ac31e747b6721178,2023-05,1.0,,,,0.0,0.0,0.0,0.0,False,True,6,8.747968757633528,1.0,1.0652385015407853,STATIC_CURRENT_SNAPSHOT,False
col_cbef3a463b0b5bc2ac31e747b6721178,2023-06,1.0,,,,0.0,0.0,0.0,0.0,False,True,6,8.747968757633528,1.0,1.0652385015407853,STATIC_CURRENT_SNAPSHOT,False
col_cbef3a463b0b5bc2ac31e747b6721178,2023-07,1.0,,,,0.0,0.0,0.0,0.0,False,True,6,8.747968757633528,1.0,1.0652385015407853,STATIC_CURRENT_SNAPSHOT,False
col_cbef3a463b0b5bc2ac31e747b6721178,2023-08,1.0,,,,0.0,0.0,0.0,0.0,False,True,6,8.747968757633528,1.0,1.0652385015407853,STATIC_CURRENT_SNAPSHOT,False
col_cbef3a463b0b5bc2ac31e747b6721178,2023-09,1.0,,,,0.0,0.0,0.0,0.0,False,True,6,8.747968757633528,1.0,1.0652385015407853,STATIC_CURRENT_SNAPSHOT,False
col_cbef3a463b0b5bc2ac31e747b6721178,2023-10,1.0,,,,0.0,0.0,0.0,0.0,False,True,6,8.747968757633528,1.0,1.0652385015407853,STATIC_CURRENT_SNAPSHOT,False
col_cbef3a463b0b5bc2ac31e747b6721178,2023-11,1.0,,,,0.0,0.0,0.0,0.0,False,True,6,8.747968757633528,1.0,1.0652385015407853,STATIC_CURRENT_SNAPSHOT,False
col_cbef3a463b0b5bc2ac31e747b6721178,2023-12,1.0,,,,0.0,0.0,0.0,0.0,False,True,6,8.747968757633528,1.0,1.0652385015407853,STATIC_CURRENT_SNAPSHOT,False
col_cbef3a463b0b5bc2ac31e747b6721178,2024-01,1.0,,,,0.0,0.0,0.0,0.0,False,True,6,8.747968757633528,1.0,1.0652385015407853,STATIC_CURRENT_SNAPSHOT,False
col_cbef3a463b0b5bc2ac31e747b6721178,2024-02,1.0,1091.0,,,1.0,1.0,0.0,0.0,True,True,6,8.747968757633528,1.0,1.0652385015407853,STATIC_CURRENT_SNAPSHOT,False
col_cbef3a463b0b5bc2ac31e747b6721178,2024-03,1.0,2559.0,1.3455545371219064,,1.0,1.0,1.0,0.0,True,True,6,8.747968757633528,1.0,1.0652385015407853,STATIC_CURRENT_SNAPSHOT,False
col_cbef3a463b0b5bc2ac31e747b6721178,2024-04,1.0,2746.0,0.07307542008597108,2132.0,1.0,1.0,1.0,1.0,True,True,6,8.747968757633528,1.0,1.0652385015407853,STATIC_CURRENT_SNAPSHOT,False
col_cbef3a463b0b5bc2ac31e747b6721178,2024-05,1.0,3685.0,0.34195193008011654,2996.6666666666665,1.0,1.0,1.0,1.0,True,True,6,8.747968757633528,1.0,1.0652385015407853,STATIC_CURRENT_SNAPSHOT,False
col_cbef3a463b0b5bc2ac31e747b6721178,2024-06,1.0,4377.0,0.18778833107191317,3602.6666666666665,1.0,1.0,1.0,1.0,True,True,6,8.747968757633528,1.0,1.0652385015407853,STATIC_CURRENT_SNAPSHOT,False
col_cbef3a463b0b5bc2ac31e747b6721178,2024-07,1.0,3700.0,-0.15467214987434316,3920.6666666666665,1.0,1.0,1.0,1.0,True,True,6,8.747968757633528,1.0,1.0652385015407853,STATIC_CURRENT_SNAPSHOT,False
col_cbef3a463b0b5bc2ac31e747b6721178,2024-08,1.0,3528.0,-0.046486486486486484,3868.3333333333335,1.0,1.0,1.0,1.0,True,True,6,8.747968757633528,1.0,1.0652385015407853,STATIC_CURRENT_SNAPSHOT,False
col_cbef3a463b0b5bc2ac31e747b6721178,2024-09,1.0,3773.0,0.06944444444444445,3667.0,1.0,1.0,1.0,1.0,True,True,6,8.747968757633528,1.0,1.0652385015407853,STATIC_CURRENT_SNAPSHOT,False
col_cbef3a463b0b5bc2ac31e747b6721178,2024-10,1.0,3449.0,-0.08587331036310628,3583.3333333333335,1.0,1.0,1.0,1.0,True,True,6,8.747968757633528,1.0,1.0652385015407853,STATIC_CURRENT_SNAPSHOT,False
col_cbef3a463b0b5bc2ac31e747b6721178,2024-11,1.0,,,,0.0,0.0,0.0,0.0,False,True,6,8.747968757633528,1.0,1.0652385015407853,STATIC_CURRENT_SNAPSHOT,False
col_cbef3a463b0b5bc2ac31e747b6721178,2024-12,1.0,,,,0.0,0.0,0.0,0.0,False,True,6,8.747968757633528,1.0,1.0652385015407853,STATIC_CURRENT_SNAPSHOT,False
col_cbef3a463b0b5bc2ac31e747b6721178,2025-01,1.0,3026.0,-0.2063991607658012,,1.0,1.0,1.0,0.0,True,True,6,8.747968757633528,1.0,1.0652385015407853,STATIC_CURRENT_SNAPSHOT,False
col_cbef3a463b0b5bc2ac31e747b6721178,2025-02,1.0,3607.0,0.19200264375413087,3482.0,1.0,1.0,1.0,1.0,True,True,6,8.747968757633528,1.0,1.0652385015407853,STATIC_CURRENT_SNAPSHOT,False
col_cbef3a463b0b5bc2ac31e747b6721178,2025-03,1.0,3416.0,-0.05295259218186859,3349.6666666666665,1.0,1.0,1.0,1.0,True,True,6,8.747968757633528,1.0,1.0652385015407853,STATIC_CURRENT_SNAPSHOT,False
col_cbef3a463b0b5bc2ac31e747b6721178,2025-04,1.0,,,,0.0,0.0,0.0,0.0,False,True,6,8.747968757633528,1.0,1.0652385015407853,STATIC_CURRENT_SNAPSHOT,False
col_cbef3a463b0b5bc2ac31e747b6721178,2025-05,1.0,,,,0.0,0.0,0.0,0.0,False,True,6,8.747968757633528,1.0,1.0652385015407853,STATIC_CURRENT_SNAPSHOT,False
col_cbef3a463b0b5bc2ac31e747b6721178,2025-06,1.0,3662.0,-0.030190677966101694,3718.6666666666665,1.0,1.0,1.0,1.0,True,True,6,8.747968757633528,1.0,1.0652385015407853,STATIC_CURRENT_SNAPSHOT,False
col_cbef3a463b0b5bc2ac31e747b6721178,2025-07,1.0,3153.0,-0.138995084653195,3530.3333333333335,1.0,1.0,1.0,1.0,True,True,6,8.747968757633528,1.0,1.0652385015407853,STATIC_CURRENT_SNAPSHOT,False
col_cbef3a463b0b5bc2ac31e747b6721178,2025-08,1.0,3377.0,0.07104345068189026,3397.3333333333335,1.0,1.0,1.0,1.0,True,True,6,8.747968757633528,1.0,1.0652385015407853,STATIC_CURRENT_SNAPSHOT,False
col_cbef3a463b0b5bc2ac31e747b6721178,2025-09,1.0,3039.0,-0.10008883624518804,3189.6666666666665,1.0,1.0,1.0,1.0,True,True,6,8.747968757633528,1.0,1.0652385015407853,STATIC_CURRENT_SNAPSHOT,False
col_cbef3a463b0b5bc2ac31e747b6721178,2025-10,1.0,,,,0.0,0.0,0.0,0.0,False,True,6,8.747968757633528,1.0,1.0652385015407853,STATIC_CURRENT_SNAPSHOT,False
col_cbef3a463b0b5bc2ac31e747b6721178,2025-11,1.0,,,,0.0,0.0,0.0,0.0,False,True,6,8.747968757633528,1.0,1.0652385015407853,STATIC_CURRENT_SNAPSHOT,False
col_cbef3a463b0b5bc2ac31e747b6721178,2025-12,1.0,3429.0,-0.04244624406590338,3348.3333333333335,1.0,1.0,1.0,1.0,True,True,6,8.747968757633528,1.0,1.0652385015407853,STATIC_CURRENT_SNAPSHOT,False
col_cbef3a463b0b5bc2ac31e747b6721178,2026-01,1.0,3053.0,-0.10965296004666084,3354.3333333333335,1.0,1.0,1.0,1.0,True,True,6,8.747968757633528,1.0,1.0652385015407853,STATIC_CURRENT_SNAPSHOT,False
col_cbef3a463b0b5bc2ac31e747b6721178,2026-02,1.0,3303.0,0.08188666885031116,3261.6666666666665,1.0,1.0,1.0,1.0,True,True,6,8.747968757633528,1.0,1.0652385015407853,STATIC_CURRENT_SNAPSHOT,False
col_cbef3a463b0b5bc2ac31e747b6721178,2026-03,1.0,2981.0,-0.09748713290947623,3112.3333333333335,1.0,1.0,1.0,1.0,True,True,6,8.747968757633528,1.0,1.0652385015407853,STATIC_CURRENT_SNAPSHOT,False
col_cbef3a463b0b5bc2ac31e747b6721178,2026-04,1.0,3082.0,0.033881247903388124,3122.0,1.0,1.0,1.0,1.0,True,True,6,8.747968757633528,1.0,1.0652385015407853,STATIC_CURRENT_SNAPSHOT,False
col_cbef3a463b0b5bc2ac31e747b6721178,2026-05,1.0,2889.0,-0.06262167423750811,2984.0,1.0,1.0,1.0,1.0,True,True,6,8.747968757633528,1.0,1.0652385015407853,STATIC_CURRENT_SNAPSHOT,False
col_cbef3a463b0b5bc2ac31e747b6721178,2026-06,1.0,3119.0,0.0796123226029768,3030.0,1.0,1.0,1.0,1.0,True,True,6,8.747968757633528,1.0,1.0652385015407853,STATIC_CURRENT_SNAPSHOT,False
col_cbef3a463b0b5bc2ac31e747b6721178,2026-07,1.0,2823.0,-0.09490221224751523,2943.6666666666665,1.0,1.0,1.0,1.0,True,True,6,8.747968757633528,1.0,1.0652385015407853,STATIC_CURRENT_SNAPSHOT,False
col_cbef3a463b0b5bc2ac31e747b6721178,2026-08,1.0,2985.0,0.057385759829968117,2975.6666666666665,1.0,1.0,1.0,1.0,True,True,6,8.747968757633528,1.0,1.0652385015407853,STATIC_CURRENT_SNAPSHOT,False
col_cda58c28c9e35bd7b4c277287cc632da,2023-01,,,,,,,,,False,False,1,,,,STATIC_CURRENT_SNAPSHOT,False
col_cda58c28c9e35bd7b4c277287cc632da,2023-02,,,,,,,,,False,False,1,,,,STATIC_CURRENT_SNAPSHOT,False
col_cda58c28c9e35bd7b4c277287cc632da,2023-03,,,,,,,,,False,False,1,,,,STATIC_CURRENT_SNAPSHOT,False
col_cda58c28c9e35bd7b4c277287cc632da,2023-04,,,,,,,,,False,False,1,,,,STATIC_CURRENT_SNAPSHOT,False
col_cda58c28c9e35bd7b4c277287cc632da,2023-05,,,,,,,,,False,False,1,,,,STATIC_CURRENT_SNAPSHOT,False
col_cda58c28c9e35bd7b4c277287cc632da,2023-06,,,,,,,,,False,False,1,,,,STATIC_CURRENT_SNAPSHOT,False
col_cda58c28c9e35bd7b4c277287cc632da,2023-07,,,,,,,,,False,False,1,,,,STATIC_CURRENT_SNAPSHOT,False
col_cda58c28c9e35bd7b4c277287cc632da,2023-08,,,,,,,,,False,False,1,,,,STATIC_CURRENT_SNAPSHOT,False
col_cda58c28c9e35bd7b4c277287cc632da,2023-09,,,,,,,,,False,False,1,,,,STATIC_CURRENT_SNAPSHOT,False
col_cda58c28c9e35bd7b4c277287cc632da,2023-10,,,,,,,,,False,False,1,,,,STATIC_CURRENT_SNAPSHOT,False
col_cda58c28c9e35bd7b4c277287cc632da,2023-11,,,,,,,,,False,False,1,,,,STATIC_CURRENT_SNAPSHOT,False
col_cda58c28c9e35bd7b4c277287cc632da,2023-12,,,,,,,,,False,False,1,,,,STATIC_CURRENT_SNAPSHOT,False
col_cda58c28c9e35bd7b4c277287cc632da,2024-01,,,,,,,,,False,False,1,,,,STATIC_CURRENT_SNAPSHOT,False
col_cda58c28c9e35bd7b4c277287cc632da,2024-02,,,,,,,,,False,False,1,,,,STATIC_CURRENT_SNAPSHOT,False
col_cda58c28c9e35bd7b4c277287cc632da,2024-03,,,,,,,,,False,False,1,,,,STATIC_CURRENT_SNAPSHOT,False
col_cda58c28c9e35bd7b4c277287cc632da,2024-04,,,,,,,,,False,False,1,,,,STATIC_CURRENT_SNAPSHOT,False
col_cda58c28c9e35bd7b4c277287cc632da,2024-05,,,,,,,,,False,False,1,,,,STATIC_CURRENT_SNAPSHOT,False
col_cda58c28c9e35bd7b4c277287cc632da,2024-06,,,,,,,,,False,False,1,,,,STATIC_CURRENT_SNAPSHOT,False
col_cda58c28c9e35bd7b4c277287cc632da,2024-07,,,,,,,,,False,False,1,,,,STATIC_CURRENT_SNAPSHOT,False
col_cda58c28c9e35bd7b4c277287cc632da,2024-08,,,,,,,,,False,False,1,,,,STATIC_CURRENT_SNAPSHOT,False
col_cda58c28c9e35bd7b4c277287cc632da,2024-09,,,,,,,,,False,False,1,,,,STATIC_CURRENT_SNAPSHOT,False
col_cda58c28c9e35bd7b4c277287cc632da,2024-10,,,,,,,,,False,False,1,,,,STATIC_CURRENT_SNAPSHOT,False
col_cda58c28c9e35bd7b4c277287cc632da,2024-11,,,,,,,,,False,False,1,,,,STATIC_CURRENT_SNAPSHOT,False
col_cda58c28c9e35bd7b4c277287cc632da,2024-12,,,,,,,,,False,False,1,,,,STATIC_CURRENT_SNAPSHOT,False
col_cda58c28c9e35bd7b4c277287cc632da,2025-01,,,,,,,,,False,False,1,,,,STATIC_CURRENT_SNAPSHOT,False
col_cda58c28c9e35bd7b4c277287cc632da,2025-02,,,,,,,,,False,False,1,,,,STATIC_CURRENT_SNAPSHOT,False
col_cda58c28c9e35bd7b4c277287cc632da,2025-03,,,,,,,,,False,False,1,,,,STATIC_CURRENT_SNAPSHOT,False
col_cda58c28c9e35bd7b4c277287cc632da,2025-04,,,,,,,,,False,False,1,,,,STATIC_CURRENT_SNAPSHOT,False
col_cda58c28c9e35bd7b4c277287cc632da,2025-05,,,,,,,,,False,False,1,,,,STATIC_CURRENT_SNAPSHOT,False
col_cda58c28c9e35bd7b4c277287cc632da,2025-06,,,,,,,,,False,False,1,,,,STATIC_CURRENT_SNAPSHOT,False
col_cda58c28c9e35bd7b4c277287cc632da,2025-07,,,,,,,,,False,False,1,,,,STATIC_CURRENT_SNAPSHOT,False
col_cda58c28c9e35bd7b4c277287cc632da,2025-08,,,,,,,,,False,False,1,,,,STATIC_CURRENT_SNAPSHOT,False
col_cda58c28c9e35bd7b4c277287cc632da,2025-09,,,,,,,,,False,False,1,,,,STATIC_CURRENT_SNAPSHOT,False
col_cda58c28c9e35bd7b4c277287cc632da,2025-10,,,,,,,,,False,False,1,,,,STATIC_CURRENT_SNAPSHOT,False
col_cda58c28c9e35bd7b4c277287cc632da,2025-11,,,,,,,,,False,False,1,,,,STATIC_CURRENT_SNAPSHOT,False
col_cda58c28c9e35bd7b4c277287cc632da,2025-12,,,,,,,,,False,False,1,,,,STATIC_CURRENT_SNAPSHOT,False
col_cda58c28c9e35bd7b4c277287cc632da,2026-01,,,,,,,,,False,False,1,,,,STATIC_CURRENT_SNAPSHOT,False
col_cda58c28c9e35bd7b4c277287cc632da,2026-02,,,,,,,,,False,False,1,,,,STATIC_CURRENT_SNAPSHOT,False
col_cda58c28c9e35bd7b4c277287cc632da,2026-03,,,,,,,,,False,False,1,,,,STATIC_CURRENT_SNAPSHOT,False
col_cda58c28c9e35bd7b4c277287cc632da,2026-04,,,,,,,,,False,False,1,,,,STATIC_CURRENT_SNAPSHOT,False
col_cda58c28c9e35bd7b4c277287cc632da,2026-05,,,,,,,,,False,False,1,,,,STATIC_CURRENT_SNAPSHOT,False
col_cda58c28c9e35bd7b4c277287cc632da,2026-06,,,,,,,,,False,False,1,,,,STATIC_CURRENT_SNAPSHOT,False
col_cda58c28c9e35bd7b4c277287cc632da,2026-07,,,,,,,,,False,False,1,,,,STATIC_CURRENT_SNAPSHOT,False
col_cda58c28c9e35bd7b4c277287cc632da,2026-08,,,,,,,,,False,False,1,,,,STATIC_CURRENT_SNAPSHOT,False
col_d230756d48c258b4b050767d29182a80,2023-01,0.0,,,,,,,,False,True,2,2.0603682100793064,,,STATIC_CURRENT_SNAPSHOT,False
col_d230756d48c258b4b050767d29182a80,2023-02,0.0,,,,,,,,False,True,2,2.0603682100793064,,,STATIC_CURRENT_SNAPSHOT,False
col_d230756d48c258b4b050767d29182a80,2023-03,0.0,,,,,,,,False,True,2,2.0603682100793064,,,STATIC_CURRENT_SNAPSHOT,False
col_d230756d48c258b4b050767d29182a80,2023-04,0.0,,,,,,,,False,True,2,2.0603682100793064,,,STATIC_CURRENT_SNAPSHOT,False
col_d230756d48c258b4b050767d29182a80,2023-05,0.0,,,,,,,,False,True,2,2.0603682100793064,,,STATIC_CURRENT_SNAPSHOT,False
col_d230756d48c258b4b050767d29182a80,2023-06,0.0,,,,,,,,False,True,2,2.0603682100793064,,,STATIC_CURRENT_SNAPSHOT,False
col_d230756d48c258b4b050767d29182a80,2023-07,0.0,,,,,,,,False,True,2,2.0603682100793064,,,STATIC_CURRENT_SNAPSHOT,False
col_d230756d48c258b4b050767d29182a80,2023-08,0.0,,,,,,,,False,True,2,2.0603682100793064,,,STATIC_CURRENT_SNAPSHOT,False
col_d230756d48c258b4b050767d29182a80,2023-09,0.0,,,,,,,,False,True,2,2.0603682100793064,,,STATIC_CURRENT_SNAPSHOT,False
col_d230756d48c258b4b050767d29182a80,2023-10,0.0,,,,,,,,False,True,2,2.0603682100793064,,,STATIC_CURRENT_SNAPSHOT,False
col_d230756d48c258b4b050767d29182a80,2023-11,0.0,,,,,,,,False,True,2,2.0603682100793064,,,STATIC_CURRENT_SNAPSHOT,False
col_d230756d48c258b4b050767d29182a80,2023-12,0.0,,,,,,,,False,True,2,2.0603682100793064,,,STATIC_CURRENT_SNAPSHOT,False
col_d230756d48c258b4b050767d29182a80,2024-01,0.0,,,,,,,,False,True,2,2.0603682100793064,,,STATIC_CURRENT_SNAPSHOT,False
col_d230756d48c258b4b050767d29182a80,2024-02,0.0,,,,,,,,False,True,2,2.0603682100793064,,,STATIC_CURRENT_SNAPSHOT,False
col_d230756d48c258b4b050767d29182a80,2024-03,0.0,,,,,,,,False,True,2,2.0603682100793064,,,STATIC_CURRENT_SNAPSHOT,False
col_d230756d48c258b4b050767d29182a80,2024-04,0.0,,,,,,,,False,True,2,2.0603682100793064,,,STATIC_CURRENT_SNAPSHOT,False
col_d230756d48c258b4b050767d29182a80,2024-05,0.0,,,,,,,,False,True,2,2.0603682100793064,,,STATIC_CURRENT_SNAPSHOT,False
col_d230756d48c258b4b050767d29182a80,2024-06,0.0,,,,,,,,False,True,2,2.0603682100793064,,,STATIC_CURRENT_SNAPSHOT,False
col_d230756d48c258b4b050767d29182a80,2024-07,0.0,,,,,,,,False,True,2,2.0603682100793064,,,STATIC_CURRENT_SNAPSHOT,False
col_d230756d48c258b4b050767d29182a80,2024-08,0.0,,,,,,,,False,True,2,2.0603682100793064,,,STATIC_CURRENT_SNAPSHOT,False
col_d230756d48c258b4b050767d29182a80,2024-09,0.0,,,,,,,,False,True,2,2.0603682100793064,,,STATIC_CURRENT_SNAPSHOT,False
col_d230756d48c258b4b050767d29182a80,2024-10,0.0,,,,,,,,False,True,2,2.0603682100793064,,,STATIC_CURRENT_SNAPSHOT,False
col_d230756d48c258b4b050767d29182a80,2024-11,0.0,,,,,,,,False,True,2,2.0603682100793064,,,STATIC_CURRENT_SNAPSHOT,False
col_d230756d48c258b4b050767d29182a80,2024-12,0.0,,,,,,,,False,True,2,2.0603682100793064,,,STATIC_CURRENT_SNAPSHOT,False
col_d230756d48c258b4b050767d29182a80,2025-01,0.0,,,,,,,,False,True,2,2.0603682100793064,,,STATIC_CURRENT_SNAPSHOT,False
col_d230756d48c258b4b050767d29182a80,2025-02,0.0,,,,,,,,False,True,2,2.0603682100793064,,,STATIC_CURRENT_SNAPSHOT,False
col_d230756d48c258b4b050767d29182a80,2025-03,0.0,,,,,,,,False,True,2,2.0603682100793064,,,STATIC_CURRENT_SNAPSHOT,False
col_d230756d48c258b4b050767d29182a80,2025-04,0.0,,,,,,,,False,True,2,2.0603682100793064,,,STATIC_CURRENT_SNAPSHOT,False
col_d230756d48c258b4b050767d29182a80,2025-05,0.0,,,,,,,,False,True,2,2.0603682100793064,,,STATIC_CURRENT_SNAPSHOT,False
col_d230756d48c258b4b050767d29182a80,2025-06,0.0,,,,,,,,False,True,2,2.0603682100793064,,,STATIC_CURRENT_SNAPSHOT,False
col_d230756d48c258b4b050767d29182a80,2025-07,0.0,,,,,,,,False,True,2,2.0603682100793064,,,STATIC_CURRENT_SNAPSHOT,False
col_d230756d48c258b4b050767d29182a80,2025-08,0.0,,,,,,,,False,True,2,2.0603682100793064,,,STATIC_CURRENT_SNAPSHOT,False
col_d230756d48c258b4b050767d29182a80,2025-09,0.0,,,,,,,,False,True,2,2.0603682100793064,,,STATIC_CURRENT_SNAPSHOT,False
col_d230756d48c258b4b050767d29182a80,2025-10,0.0,,,,,,,,False,True,2,2.0603682100793064,,,STATIC_CURRENT_SNAPSHOT,False
col_d230756d48c258b4b050767d29182a80,2025-11,0.0,,,,,,,,False,True,2,2.0603682100793064,,,STATIC_CURRENT_SNAPSHOT,False
col_d230756d48c258b4b050767d29182a80,2025-12,0.0,,,,,,,,False,True,2,2.0603682100793064,,,STATIC_CURRENT_SNAPSHOT,False
col_d230756d48c258b4b050767d29182a80,2026-01,0.0,,,,,,,,False,True,2,2.0603682100793064,,,STATIC_CURRENT_SNAPSHOT,False
col_d230756d48c258b4b050767d29182a80,2026-02,0.0,,,,,,,,False,True,2,2.0603682100793064,,,STATIC_CURRENT_SNAPSHOT,False
col_d230756d48c258b4b050767d29182a80,2026-03,0.0,,,,,,,,False,True,2,2.0603682100793064,,,STATIC_CURRENT_SNAPSHOT,False
col_d230756d48c258b4b050767d29182a80,2026-04,0.0,,,,,,,,False,True,2,2.0603682100793064,,,STATIC_CURRENT_SNAPSHOT,False
col_d230756d48c258b4b050767d29182a80,2026-05,0.0,,,,,,,,False,True,2,2.0603682100793064,,,STATIC_CURRENT_SNAPSHOT,False
col_d230756d48c258b4b050767d29182a80,2026-06,0.0,,,,,,,,False,True,2,2.0603682100793064,,,STATIC_CURRENT_SNAPSHOT,False
col_d230756d48c258b4b050767d29182a80,2026-07,0.0,,,,,,,,False,True,2,2.0603682100793064,,,STATIC_CURRENT_SNAPSHOT,False
col_d230756d48c258b4b050767d29182a80,2026-08,0.0,,,,,,,,False,True,2,2.0603682100793064,,,STATIC_CURRENT_SNAPSHOT,False
col_d24f94824377561c8616923a56c96081,2023-01,2.0,,,,0.0,0.0,0.0,0.0,False,True,1,10.2068901586837,4.0,7.022064399856219,STATIC_CURRENT_SNAPSHOT,False
col_d24f94824377561c8616923a56c96081,2023-02,2.0,,,,0.0,0.0,0.0,0.0,False,True,1,10.2068901586837,4.0,7.022064399856219,STATIC_CURRENT_SNAPSHOT,False
col_d24f94824377561c8616923a56c96081,2023-03,2.0,,,,0.0,0.0,0.0,0.0,False,True,1,10.2068901586837,4.0,7.022064399856219,STATIC_CURRENT_SNAPSHOT,False
col_d24f94824377561c8616923a56c96081,2023-04,2.0,,,,0.0,0.0,0.0,0.0,False,True,1,10.2068901586837,4.0,7.022064399856219,STATIC_CURRENT_SNAPSHOT,False
col_d24f94824377561c8616923a56c96081,2023-05,2.0,,,,0.0,0.0,0.0,0.0,False,True,1,10.2068901586837,4.0,7.022064399856219,STATIC_CURRENT_SNAPSHOT,False
col_d24f94824377561c8616923a56c96081,2023-06,2.0,,,,0.0,0.0,0.0,0.0,False,True,1,10.2068901586837,4.0,7.022064399856219,STATIC_CURRENT_SNAPSHOT,False
col_d24f94824377561c8616923a56c96081,2023-07,2.0,,,,0.0,0.0,0.0,0.0,False,True,1,10.2068901586837,4.0,7.022064399856219,STATIC_CURRENT_SNAPSHOT,False
col_d24f94824377561c8616923a56c96081,2023-08,2.0,,,,0.0,0.0,0.0,0.0,False,True,1,10.2068901586837,4.0,7.022064399856219,STATIC_CURRENT_SNAPSHOT,False
col_d24f94824377561c8616923a56c96081,2023-09,2.0,,,,0.0,0.0,0.0,0.0,False,True,1,10.2068901586837,4.0,7.022064399856219,STATIC_CURRENT_SNAPSHOT,False
col_d24f94824377561c8616923a56c96081,2023-10,2.0,,,,0.0,0.0,0.0,0.0,False,True,1,10.2068901586837,4.0,7.022064399856219,STATIC_CURRENT_SNAPSHOT,False
col_d24f94824377561c8616923a56c96081,2023-11,2.0,,,,0.0,0.0,0.0,0.0,False,True,1,10.2068901586837,4.0,7.022064399856219,STATIC_CURRENT_SNAPSHOT,False
col_d24f94824377561c8616923a56c96081,2023-12,2.0,,,,0.0,0.0,0.0,0.0,False,True,1,10.2068901586837,4.0,7.022064399856219,STATIC_CURRENT_SNAPSHOT,False
col_d24f94824377561c8616923a56c96081,2024-01,2.0,,,,0.0,0.0,0.0,0.0,False,True,1,10.2068901586837,4.0,7.022064399856219,STATIC_CURRENT_SNAPSHOT,False
col_d24f94824377561c8616923a56c96081,2024-02,2.0,828.0,,,2.0,1.0,0.0,0.0,True,True,1,10.2068901586837,4.0,7.022064399856219,STATIC_CURRENT_SNAPSHOT,False
col_d24f94824377561c8616923a56c96081,2024-03,2.0,2745.0,2.314678321419312,,2.0,1.0,1.0,0.0,True,True,1,10.2068901586837,4.0,7.022064399856219,STATIC_CURRENT_SNAPSHOT,False
col_d24f94824377561c8616923a56c96081,2024-04,2.0,3928.5,0.41310881877022654,2500.5,2.0,1.0,1.0,1.0,True,True,1,10.2068901586837,4.0,7.022064399856219,STATIC_CURRENT_SNAPSHOT,False
col_d24f94824377561c8616923a56c96081,2024-05,2.0,4416.0,0.11151597938601548,3696.5,2.0,1.0,1.0,1.0,True,True,1,10.2068901586837,4.0,7.022064399856219,STATIC_CURRENT_SNAPSHOT,False
col_d24f94824377561c8616923a56c96081,2024-06,2.0,4947.5,0.12786096228260407,4430.666666666667,2.0,1.0,1.0,1.0,True,True,1,10.2068901586837,4.0,7.022064399856219,STATIC_CURRENT_SNAPSHOT,False
col_d24f94824377561c8616923a56c96081,2024-07,2.0,4573.0,-0.0840465884046645,4645.5,2.0,1.0,1.0,1.0,True,True,1,10.2068901586837,4.0,7.022064399856219,STATIC_CURRENT_SNAPSHOT,False
col_d24f94824377561c8616923a56c96081,2024-08,2.0,4257.5,-0.05101756725645579,4592.666666666667,2.0,1.0,1.0,1.0,True,True,1,10.2068901586837,4.0,7.022064399856219,STATIC_CURRENT_SNAPSHOT,False
col_d24f94824377561c8616923a56c96081,2024-09,2.0,3702.0,0.11506024096385542,3433.6666666666665,1.0,0.5,0.5,0.5,True,True,1,10.2068901586837,4.0,7.022064399856219,STATIC_CURRENT_SNAPSHOT,False
col_d24f94824377561c8616923a56c96081,2024-10,2.0,5165.5,0.07301031600710137,4734.166666666667,2.0,1.0,1.0,1.0,True,True,1,10.2068901586837,4.0,7.022064399856219,STATIC_CURRENT_SNAPSHOT,False
col_d24f94824377561c8616923a56c96081,2024-11,2.0,,,,0.0,0.0,0.0,0.0,False,True,1,10.2068901586837,4.0,7.022064399856219,STATIC_CURRENT_SNAPSHOT,False
col_d24f94824377561c8616923a56c96081,2024-12,2.0,5380.5,,,2.0,1.0,0.0,0.0,True,True,1,10.2068901586837,4.0,7.022064399856219,STATIC_CURRENT_SNAPSHOT,False
col_d24f94824377561c8616923a56c96081,2025-01,2.0,3884.0,-0.03383084577114428,,1.0,0.5,0.5,0.0,True,True,1,10.2068901586837,4.0,7.022064399856219,STATIC_CURRENT_SNAPSHOT,False
col_d24f94824377561c8616923a56c96081,2025-02,2.0,5328.5,0.05679713288972241,5256.333333333333,2.0,1.0,1.0,1.0,True,True,1,10.2068901586837,4.0,7.022064399856219,STATIC_CURRENT_SNAPSHOT,False
col_d24f94824377561c8616923a56c96081,2025-03,2.0,5084.5,-0.055291206903755864,5157.666666666667,2.0,1.0,1.0,1.0,True,True,1,10.2068901586837,4.0,7.022064399856219,STATIC_CURRENT_SNAPSHOT,False
col_d24f94824377561c8616923a56c96081,2025-04,2.0,5185.0,0.022955423327051302,5199.333333333333,2.0,1.0,1.0,1.0,True,True,1,10.2068901586837,4.0,7.022064399856219,STATIC_CURRENT_SNAPSHOT,False
col_d24f94824377561c8616923a56c96081,2025-05,2.0,4752.5,-0.08118700425696289,5007.333333333333,2.0,1.0,1.0,1.0,True,True,1,10.2068901586837,4.0,7.022064399856219,STATIC_CURRENT_SNAPSHOT,False
col_d24f94824377561c8616923a56c96081,2025-06,2.0,3386.0,-0.06100942872989462,3626.3333333333335,1.0,0.5,0.5,0.5,True,True,1,10.2068901586837,4.0,7.022064399856219,STATIC_CURRENT_SNAPSHOT,False
col_d24f94824377561c8616923a56c96081,2025-07,2.0,3385.0,-0.00029533372711163615,3459.0,1.0,0.5,0.5,0.5,True,True,1,10.2068901586837,4.0,7.022064399856219,STATIC_CURRENT_SNAPSHOT,False
col_d24f94824377561c8616923a56c96081,2025-08,2.0,4837.0,0.012824076712847526,4801.166666666667,2.0,1.0,1.0,1.0,True,True,1,10.2068901586837,4.0,7.022064399856219,STATIC_CURRENT_SNAPSHOT,False
col_d24f94824377561c8616923a56c96081,2025-09,2.0,4932.0,0.03669085673736216,4839.833333333333,2.0,1.0,1.0,1.0,True,True,1,10.2068901586837,4.0,7.022064399856219,STATIC_CURRENT_SNAPSHOT,False
col_d24f94824377561c8616923a56c96081,2025-10,2.0,4992.5,0.005585966592202351,4920.5,2.0,1.0,1.0,1.0,True,True,1,10.2068901586837,4.0,7.022064399856219,STATIC_CURRENT_SNAPSHOT,False
col_d24f94824377561c8616923a56c96081,2025-11,2.0,5596.5,0.12487628749741614,5173.666666666666,2.0,1.0,1.0,1.0,True,True,1,10.2068901586837,4.0,7.022064399856219,STATIC_CURRENT_SNAPSHOT,False
col_d24f94824377561c8616923a56c96081,2025-12,2.0,5191.5,-0.07546336352282532,5260.166666666667,2.0,1.0,1.0,1.0,True,True,1,10.2068901586837,4.0,7.022064399856219,STATIC_CURRENT_SNAPSHOT,False
col_d24f94824377561c8616923a56c96081,2026-01,2.0,5094.5,-0.003953727681416341,5294.166666666666,2.0,1.0,1.0,1.0,True,True,1,10.2068901586837,4.0,7.022064399856219,STATIC_CURRENT_SNAPSHOT,False
col_d24f94824377561c8616923a56c96081,2026-02,2.0,4984.5,-0.022313968995164628,5090.166666666667,2.0,1.0,1.0,1.0,True,True,1,10.2068901586837,4.0,7.022064399856219,STATIC_CURRENT_SNAPSHOT,False
col_d24f94824377561c8616923a56c96081,2026-03,2.0,6090.0,-0.008466297622924128,6164.666666666667,1.0,0.5,0.5,0.5,True,True,1,10.2068901586837,4.0,7.022064399856219,STATIC_CURRENT_SNAPSHOT,False
col_d24f94824377561c8616923a56c96081,2026-04,2.0,7004.0,0.15008210180623974,6412.0,1.0,0.5,0.5,0.5,True,True,1,10.2068901586837,4.0,7.022064399856219,STATIC_CURRENT_SNAPSHOT,False
col_d24f94824377561c8616923a56c96081,2026-05,2.0,5207.0,-0.05951916637560713,5209.333333333334,2.0,1.0,1.0,1.0,True,True,1,10.2068901586837,4.0,7.022064399856219,STATIC_CURRENT_SNAPSHOT,False
col_d24f94824377561c8616923a56c96081,2026-06,2.0,5447.5,0.043889980263425346,5398.5,2.0,1.0,1.0,1.0,True,True,1,10.2068901586837,4.0,7.022064399856219,STATIC_CURRENT_SNAPSHOT,False
col_d24f94824377561c8616923a56c96081,2026-07,2.0,5221.5,-0.045149614753443874,5292.0,2.0,1.0,1.0,1.0,True,True,1,10.2068901586837,4.0,7.022064399856219,STATIC_CURRENT_SNAPSHOT,False
col_d24f94824377561c8616923a56c96081,2026-08,2.0,3769.0,0.005602988260405549,3833.0,1.0,0.5,0.5,0.5,True,True,1,10.2068901586837,4.0,7.022064399856219,STATIC_CURRENT_SNAPSHOT,False
col_d40150e91a0457b18f3ac9b3be178bdc,2023-01,1.0,,,,0.0,0.0,0.0,0.0,False,True,1,0.48860435532844815,10.0,6.9740451956517475,STATIC_CURRENT_SNAPSHOT,False
col_d40150e91a0457b18f3ac9b3be178bdc,2023-02,1.0,16511.0,,,1.0,1.0,0.0,0.0,True,True,1,0.48860435532844815,10.0,6.9740451956517475,STATIC_CURRENT_SNAPSHOT,False
col_d40150e91a0457b18f3ac9b3be178bdc,2023-03,1.0,18634.0,0.12858094603597603,,1.0,1.0,1.0,0.0,True,True,1,0.48860435532844815,10.0,6.9740451956517475,STATIC_CURRENT_SNAPSHOT,False
col_d40150e91a0457b18f3ac9b3be178bdc,2023-04,1.0,24953.0,0.3391113019212193,20032.666666666668,1.0,1.0,1.0,1.0,True,True,1,0.48860435532844815,10.0,6.9740451956517475,STATIC_CURRENT_SNAPSHOT,False
col_d40150e91a0457b18f3ac9b3be178bdc,2023-05,1.0,,,,0.0,0.0,0.0,0.0,False,True,1,0.48860435532844815,10.0,6.9740451956517475,STATIC_CURRENT_SNAPSHOT,False
col_d40150e91a0457b18f3ac9b3be178bdc,2023-06,1.0,30062.0,0.16636920928067045,26929.666666666668,1.0,1.0,1.0,1.0,True,True,1,0.48860435532844815,10.0,6.9740451956517475,STATIC_CURRENT_SNAPSHOT,False
col_d40150e91a0457b18f3ac9b3be178bdc,2023-07,1.0,,,,0.0,0.0,0.0,0.0,False,True,1,0.48860435532844815,10.0,6.9740451956517475,STATIC_CURRENT_SNAPSHOT,False
col_d40150e91a0457b18f3ac9b3be178bdc,2023-08,1.0,,,,0.0,0.0,0.0,0.0,False,True,1,0.48860435532844815,10.0,6.9740451956517475,STATIC_CURRENT_SNAPSHOT,False
col_d40150e91a0457b18f3ac9b3be178bdc,2023-09,1.0,,,,0.0,0.0,0.0,0.0,False,True,1,0.48860435532844815,10.0,6.9740451956517475,STATIC_CURRENT_SNAPSHOT,False
col_d40150e91a0457b18f3ac9b3be178bdc,2023-10,1.0,,,,0.0,0.0,0.0,0.0,False,True,1,0.48860435532844815,10.0,6.9740451956517475,STATIC_CURRENT_SNAPSHOT,False
col_d40150e91a0457b18f3ac9b3be178bdc,2023-11,1.0,,,,0.0,0.0,0.0,0.0,False,True,1,0.48860435532844815,10.0,6.9740451956517475,STATIC_CURRENT_SNAPSHOT,False
col_d40150e91a0457b18f3ac9b3be178bdc,2023-12,1.0,,,,0.0,0.0,0.0,0.0,False,True,1,0.48860435532844815,10.0,6.9740451956517475,STATIC_CURRENT_SNAPSHOT,False
col_d40150e91a0457b18f3ac9b3be178bdc,2024-01,1.0,33575.0,-0.17447321187086623,,1.0,1.0,1.0,0.0,True,True,1,0.48860435532844815,10.0,6.9740451956517475,STATIC_CURRENT_SNAPSHOT,False
col_d40150e91a0457b18f3ac9b3be178bdc,2024-02,1.0,40781.0,0.2146239761727476,38342.333333333336,1.0,1.0,1.0,1.0,True,True,1,0.48860435532844815,10.0,6.9740451956517475,STATIC_CURRENT_SNAPSHOT,False
col_d40150e91a0457b18f3ac9b3be178bdc,2024-03,1.0,,,,0.0,0.0,0.0,0.0,False,True,1,0.48860435532844815,10.0,6.9740451956517475,STATIC_CURRENT_SNAPSHOT,False
col_d40150e91a0457b18f3ac9b3be178bdc,2024-04,1.0,45876.0,0.07001912581051453,43177.0,1.0,1.0,1.0,1.0,True,True,1,0.48860435532844815,10.0,6.9740451956517475,STATIC_CURRENT_SNAPSHOT,False
col_d40150e91a0457b18f3ac9b3be178bdc,2024-05,1.0,49112.0,0.07053797192431772,45954.0,1.0,1.0,1.0,1.0,True,True,1,0.48860435532844815,10.0,6.9740451956517475,STATIC_CURRENT_SNAPSHOT,False
col_d40150e91a0457b18f3ac9b3be178bdc,2024-06,1.0,,,,0.0,0.0,0.0,0.0,False,True,1,0.48860435532844815,10.0,6.9740451956517475,STATIC_CURRENT_SNAPSHOT,False
col_d40150e91a0457b18f3ac9b3be178bdc,2024-07,1.0,,,,0.0,0.0,0.0,0.0,False,True,1,0.48860435532844815,10.0,6.9740451956517475,STATIC_CURRENT_SNAPSHOT,False
col_d40150e91a0457b18f3ac9b3be178bdc,2024-08,1.0,,,,0.0,0.0,0.0,0.0,False,True,1,0.48860435532844815,10.0,6.9740451956517475,STATIC_CURRENT_SNAPSHOT,False
col_d40150e91a0457b18f3ac9b3be178bdc,2024-09,1.0,,,,0.0,0.0,0.0,0.0,False,True,1,0.48860435532844815,10.0,6.9740451956517475,STATIC_CURRENT_SNAPSHOT,False
col_d40150e91a0457b18f3ac9b3be178bdc,2024-10,1.0,51423.0,,,1.0,1.0,0.0,0.0,True,True,1,0.48860435532844815,10.0,6.9740451956517475,STATIC_CURRENT_SNAPSHOT,False
col_d40150e91a0457b18f3ac9b3be178bdc,2024-11,1.0,,,,0.0,0.0,0.0,0.0,False,True,1,0.48860435532844815,10.0,6.9740451956517475,STATIC_CURRENT_SNAPSHOT,False
col_d40150e91a0457b18f3ac9b3be178bdc,2024-12,1.0,,,,0.0,0.0,0.0,0.0,False,True,1,0.48860435532844815,10.0,6.9740451956517475,STATIC_CURRENT_SNAPSHOT,False
col_d40150e91a0457b18f3ac9b3be178bdc,2025-01,1.0,49979.0,-0.16942533320038555,,1.0,1.0,1.0,0.0,True,True,1,0.48860435532844815,10.0,6.9740451956517475,STATIC_CURRENT_SNAPSHOT,False
col_d40150e91a0457b18f3ac9b3be178bdc,2025-02,1.0,,,,0.0,0.0,0.0,0.0,False,True,1,0.48860435532844815,10.0,6.9740451956517475,STATIC_CURRENT_SNAPSHOT,False
col_d40150e91a0457b18f3ac9b3be178bdc,2025-03,1.0,,,,0.0,0.0,0.0,0.0,False,True,1,0.48860435532844815,10.0,6.9740451956517475,STATIC_CURRENT_SNAPSHOT,False
col_d40150e91a0457b18f3ac9b3be178bdc,2025-04,1.0,,,,0.0,0.0,0.0,0.0,False,True,1,0.48860435532844815,10.0,6.9740451956517475,STATIC_CURRENT_SNAPSHOT,False
col_d40150e91a0457b18f3ac9b3be178bdc,2025-05,1.0,,,,0.0,0.0,0.0,0.0,False,True,1,0.48860435532844815,10.0,6.9740451956517475,STATIC_CURRENT_SNAPSHOT,False
col_d40150e91a0457b18f3ac9b3be178bdc,2025-06,1.0,,,,0.0,0.0,0.0,0.0,False,True,1,0.48860435532844815,10.0,6.9740451956517475,STATIC_CURRENT_SNAPSHOT,False
col_d40150e91a0457b18f3ac9b3be178bdc,2025-07,1.0,48535.0,-0.09407372841810546,51970.333333333336,1.0,1.0,1.0,1.0,True,True,1,0.48860435532844815,10.0,6.9740451956517475,STATIC_CURRENT_SNAPSHOT,False
col_d40150e91a0457b18f3ac9b3be178bdc,2025-08,1.0,50981.0,0.05039662099515813,51030.333333333336,1.0,1.0,1.0,1.0,True,True,1,0.48860435532844815,10.0,6.9740451956517475,STATIC_CURRENT_SNAPSHOT,False
col_d40150e91a0457b18f3ac9b3be178bdc,2025-09,1.0,,,,0.0,0.0,0.0,0.0,False,True,1,0.48860435532844815,10.0,6.9740451956517475,STATIC_CURRENT_SNAPSHOT,False
col_d40150e91a0457b18f3ac9b3be178bdc,2025-10,1.0,,,,0.0,0.0,0.0,0.0,False,True,1,0.48860435532844815,10.0,6.9740451956517475,STATIC_CURRENT_SNAPSHOT,False
col_d40150e91a0457b18f3ac9b3be178bdc,2025-11,1.0,53828.0,0.1297959869028629,49821.0,1.0,1.0,1.0,1.0,True,True,1,0.48860435532844815,10.0,6.9740451956517475,STATIC_CURRENT_SNAPSHOT,False
col_d40150e91a0457b18f3ac9b3be178bdc,2025-12,1.0,,,,0.0,0.0,0.0,0.0,False,True,1,0.48860435532844815,10.0,6.9740451956517475,STATIC_CURRENT_SNAPSHOT,False
col_d40150e91a0457b18f3ac9b3be178bdc,2026-01,1.0,,,,0.0,0.0,0.0,0.0,False,True,1,0.48860435532844815,10.0,6.9740451956517475,STATIC_CURRENT_SNAPSHOT,False
col_d40150e91a0457b18f3ac9b3be178bdc,2026-02,1.0,,,,0.0,0.0,0.0,0.0,False,True,1,0.48860435532844815,10.0,6.9740451956517475,STATIC_CURRENT_SNAPSHOT,False
col_d40150e91a0457b18f3ac9b3be178bdc,2026-03,1.0,,,,0.0,0.0,0.0,0.0,False,True,1,0.48860435532844815,10.0,6.9740451956517475,STATIC_CURRENT_SNAPSHOT,False
col_d40150e91a0457b18f3ac9b3be178bdc,2026-04,1.0,,,,0.0,0.0,0.0,0.0,False,True,1,0.48860435532844815,10.0,6.9740451956517475,STATIC_CURRENT_SNAPSHOT,False
col_d40150e91a0457b18f3ac9b3be178bdc,2026-05,1.0,52402.0,-0.02473432469151886,51846.0,1.0,1.0,1.0,1.0,True,True,1,0.48860435532844815,10.0,6.9740451956517475,STATIC_CURRENT_SNAPSHOT,False
col_d40150e91a0457b18f3ac9b3be178bdc,2026-06,1.0,,,,0.0,0.0,0.0,0.0,False,True,1,0.48860435532844815,10.0,6.9740451956517475,STATIC_CURRENT_SNAPSHOT,False
col_d40150e91a0457b18f3ac9b3be178bdc,2026-07,1.0,,,,0.0,0.0,0.0,0.0,False,True,1,0.48860435532844815,10.0,6.9740451956517475,STATIC_CURRENT_SNAPSHOT,False
col_d40150e91a0457b18f3ac9b3be178bdc,2026-08,1.0,45294.0,0.06528999482572087,46245.666666666664,1.0,1.0,1.0,1.0,True,True,1,0.48860435532844815,10.0,6.9740451956517475,STATIC_CURRENT_SNAPSHOT,False
col_d4e474286fa85c0aa9cd393c8e2880c1,2023-01,1.0,,,,0.0,0.0,0.0,0.0,False,True,2,6.929286933454881,5.0,4.382929300426692,STATIC_CURRENT_SNAPSHOT,False
col_d4e474286fa85c0aa9cd393c8e2880c1,2023-02,1.0,,,,0.0,0.0,0.0,0.0,False,True,2,6.929286933454881,5.0,4.382929300426692,STATIC_CURRENT_SNAPSHOT,False
col_d4e474286fa85c0aa9cd393c8e2880c1,2023-03,1.0,,,,0.0,0.0,0.0,0.0,False,True,2,6.929286933454881,5.0,4.382929300426692,STATIC_CURRENT_SNAPSHOT,False
col_d4e474286fa85c0aa9cd393c8e2880c1,2023-04,1.0,,,,0.0,0.0,0.0,0.0,False,True,2,6.929286933454881,5.0,4.382929300426692,STATIC_CURRENT_SNAPSHOT,False
col_d4e474286fa85c0aa9cd393c8e2880c1,2023-05,1.0,,,,0.0,0.0,0.0,0.0,False,True,2,6.929286933454881,5.0,4.382929300426692,STATIC_CURRENT_SNAPSHOT,False
col_d4e474286fa85c0aa9cd393c8e2880c1,2023-06,1.0,,,,0.0,0.0,0.0,0.0,False,True,2,6.929286933454881,5.0,4.382929300426692,STATIC_CURRENT_SNAPSHOT,False
col_d4e474286fa85c0aa9cd393c8e2880c1,2023-07,1.0,,,,0.0,0.0,0.0,0.0,False,True,2,6.929286933454881,5.0,4.382929300426692,STATIC_CURRENT_SNAPSHOT,False
col_d4e474286fa85c0aa9cd393c8e2880c1,2023-08,1.0,,,,0.0,0.0,0.0,0.0,False,True,2,6.929286933454881,5.0,4.382929300426692,STATIC_CURRENT_SNAPSHOT,False
col_d4e474286fa85c0aa9cd393c8e2880c1,2023-09,1.0,,,,0.0,0.0,0.0,0.0,False,True,2,6.929286933454881,5.0,4.382929300426692,STATIC_CURRENT_SNAPSHOT,False
col_d4e474286fa85c0aa9cd393c8e2880c1,2023-10,1.0,,,,0.0,0.0,0.0,0.0,False,True,2,6.929286933454881,5.0,4.382929300426692,STATIC_CURRENT_SNAPSHOT,False
col_d4e474286fa85c0aa9cd393c8e2880c1,2023-11,1.0,2986.0,,,1.0,1.0,0.0,0.0,True,True,2,6.929286933454881,5.0,4.382929300426692,STATIC_CURRENT_SNAPSHOT,False
col_d4e474286fa85c0aa9cd393c8e2880c1,2023-12,1.0,7732.0,1.5894172806430007,,1.0,1.0,1.0,0.0,True,True,2,6.929286933454881,5.0,4.382929300426692,STATIC_CURRENT_SNAPSHOT,False
col_d4e474286fa85c0aa9cd393c8e2880c1,2024-01,1.0,5382.0,-0.30393171236420075,5366.666666666667,1.0,1.0,1.0,1.0,True,True,2,6.929286933454881,5.0,4.382929300426692,STATIC_CURRENT_SNAPSHOT,False
col_d4e474286fa85c0aa9cd393c8e2880c1,2024-02,1.0,7041.0,0.30824972129319955,6718.333333333333,1.0,1.0,1.0,1.0,True,True,2,6.929286933454881,5.0,4.382929300426692,STATIC_CURRENT_SNAPSHOT,False
col_d4e474286fa85c0aa9cd393c8e2880c1,2024-03,1.0,8412.0,0.19471665956540266,6945.0,1.0,1.0,1.0,1.0,True,True,2,6.929286933454881,5.0,4.382929300426692,STATIC_CURRENT_SNAPSHOT,False
col_d4e474286fa85c0aa9cd393c8e2880c1,2024-04,1.0,8256.0,-0.018544935805991442,7903.0,1.0,1.0,1.0,1.0,True,True,2,6.929286933454881,5.0,4.382929300426692,STATIC_CURRENT_SNAPSHOT,False
col_d4e474286fa85c0aa9cd393c8e2880c1,2024-05,1.0,9698.0,0.1746608527131783,8788.666666666666,1.0,1.0,1.0,1.0,True,True,2,6.929286933454881,5.0,4.382929300426692,STATIC_CURRENT_SNAPSHOT,False
col_d4e474286fa85c0aa9cd393c8e2880c1,2024-06,1.0,10775.0,0.11105382553103733,9576.333333333334,1.0,1.0,1.0,1.0,True,True,2,6.929286933454881,5.0,4.382929300426692,STATIC_CURRENT_SNAPSHOT,False
col_d4e474286fa85c0aa9cd393c8e2880c1,2024-07,1.0,9598.0,-0.10923433874709977,10023.666666666666,1.0,1.0,1.0,1.0,True,True,2,6.929286933454881,5.0,4.382929300426692,STATIC_CURRENT_SNAPSHOT,False
col_d4e474286fa85c0aa9cd393c8e2880c1,2024-08,1.0,,,,0.0,0.0,0.0,0.0,False,True,2,6.929286933454881,5.0,4.382929300426692,STATIC_CURRENT_SNAPSHOT,False
col_d4e474286fa85c0aa9cd393c8e2880c1,2024-09,1.0,,,,0.0,0.0,0.0,0.0,False,True,2,6.929286933454881,5.0,4.382929300426692,STATIC_CURRENT_SNAPSHOT,False
col_d4e474286fa85c0aa9cd393c8e2880c1,2024-10,1.0,9273.0,0.038061121683644915,9016.333333333334,1.0,1.0,1.0,1.0,True,True,2,6.929286933454881,5.0,4.382929300426692,STATIC_CURRENT_SNAPSHOT,False
col_d4e474286fa85c0aa9cd393c8e2880c1,2024-11,1.0,,,,0.0,0.0,0.0,0.0,False,True,2,6.929286933454881,5.0,4.382929300426692,STATIC_CURRENT_SNAPSHOT,False
col_d4e474286fa85c0aa9cd393c8e2880c1,2024-12,1.0,8518.0,,,1.0,1.0,0.0,0.0,True,True,2,6.929286933454881,5.0,4.382929300426692,STATIC_CURRENT_SNAPSHOT,False
col_d4e474286fa85c0aa9cd393c8e2880c1,2025-01,1.0,7029.0,-0.17480629255693825,,1.0,1.0,1.0,0.0,True,True,2,6.929286933454881,5.0,4.382929300426692,STATIC_CURRENT_SNAPSHOT,False
col_d4e474286fa85c0aa9cd393c8e2880c1,2025-02,1.0,7834.0,0.11452553706074833,7793.666666666667,1.0,1.0,1.0,1.0,True,True,2,6.929286933454881,5.0,4.382929300426692,STATIC_CURRENT_SNAPSHOT,False
col_d4e474286fa85c0aa9cd393c8e2880c1,2025-03,1.0,,,,0.0,0.0,0.0,0.0,False,True,2,6.929286933454881,5.0,4.382929300426692,STATIC_CURRENT_SNAPSHOT,False
col_d4e474286fa85c0aa9cd393c8e2880c1,2025-04,1.0,7779.0,-0.02908137793310035,7875.0,1.0,1.0,1.0,1.0,True,True,2,6.929286933454881,5.0,4.382929300426692,STATIC_CURRENT_SNAPSHOT,False
col_d4e474286fa85c0aa9cd393c8e2880c1,2025-05,1.0,6691.0,-0.1398637356986759,7494.0,1.0,1.0,1.0,1.0,True,True,2,6.929286933454881,5.0,4.382929300426692,STATIC_CURRENT_SNAPSHOT,False
col_d4e474286fa85c0aa9cd393c8e2880c1,2025-06,1.0,7284.0,0.08862651322672246,7251.333333333333,1.0,1.0,1.0,1.0,True,True,2,6.929286933454881,5.0,4.382929300426692,STATIC_CURRENT_SNAPSHOT,False
col_d4e474286fa85c0aa9cd393c8e2880c1,2025-07,1.0,6534.0,-0.10296540362438221,6836.333333333333,1.0,1.0,1.0,1.0,True,True,2,6.929286933454881,5.0,4.382929300426692,STATIC_CURRENT_SNAPSHOT,False
col_d4e474286fa85c0aa9cd393c8e2880c1,2025-08,1.0,7280.0,0.11417202326293235,7032.666666666667,1.0,1.0,1.0,1.0,True,True,2,6.929286933454881,5.0,4.382929300426692,STATIC_CURRENT_SNAPSHOT,False
col_d4e474286fa85c0aa9cd393c8e2880c1,2025-09,1.0,6244.0,-0.1423076923076923,6686.0,1.0,1.0,1.0,1.0,True,True,2,6.929286933454881,5.0,4.382929300426692,STATIC_CURRENT_SNAPSHOT,False
col_d4e474286fa85c0aa9cd393c8e2880c1,2025-10,1.0,,,,0.0,0.0,0.0,0.0,False,True,2,6.929286933454881,5.0,4.382929300426692,STATIC_CURRENT_SNAPSHOT,False
col_d4e474286fa85c0aa9cd393c8e2880c1,2025-11,1.0,7505.0,0.10873097946520904,6839.333333333333,1.0,1.0,1.0,1.0,True,True,2,6.929286933454881,5.0,4.382929300426692,STATIC_CURRENT_SNAPSHOT,False
col_d4e474286fa85c0aa9cd393c8e2880c1,2025-12,1.0,,,,0.0,0.0,0.0,0.0,False,True,2,6.929286933454881,5.0,4.382929300426692,STATIC_CURRENT_SNAPSHOT,False
col_d4e474286fa85c0aa9cd393c8e2880c1,2026-01,1.0,6223.0,-0.0874028449919343,6849.0,1.0,1.0,1.0,1.0,True,True,2,6.929286933454881,5.0,4.382929300426692,STATIC_CURRENT_SNAPSHOT,False
col_d4e474286fa85c0aa9cd393c8e2880c1,2026-02,1.0,,,,0.0,0.0,0.0,0.0,False,True,2,6.929286933454881,5.0,4.382929300426692,STATIC_CURRENT_SNAPSHOT,False
col_d4e474286fa85c0aa9cd393c8e2880c1,2026-03,1.0,6221.0,-0.08068568050834934,6403.666666666667,1.0,1.0,1.0,1.0,True,True,2,6.929286933454881,5.0,4.382929300426692,STATIC_CURRENT_SNAPSHOT,False
col_d4e474286fa85c0aa9cd393c8e2880c1,2026-04,1.0,6804.0,0.09371483684295129,6597.333333333333,1.0,1.0,1.0,1.0,True,True,2,6.929286933454881,5.0,4.382929300426692,STATIC_CURRENT_SNAPSHOT,False
col_d4e474286fa85c0aa9cd393c8e2880c1,2026-05,1.0,,,,0.0,0.0,0.0,0.0,False,True,2,6.929286933454881,5.0,4.382929300426692,STATIC_CURRENT_SNAPSHOT,False
col_d4e474286fa85c0aa9cd393c8e2880c1,2026-06,1.0,6158.0,0.005223636957231472,6362.666666666667,1.0,1.0,1.0,1.0,True,True,2,6.929286933454881,5.0,4.382929300426692,STATIC_CURRENT_SNAPSHOT,False
col_d4e474286fa85c0aa9cd393c8e2880c1,2026-07,1.0,,,,0.0,0.0,0.0,0.0,False,True,2,6.929286933454881,5.0,4.382929300426692,STATIC_CURRENT_SNAPSHOT,False
col_d4e474286fa85c0aa9cd393c8e2880c1,2026-08,1.0,6113.0,0.1165296803652968,5915.333333333333,1.0,1.0,1.0,1.0,True,True,2,6.929286933454881,5.0,4.382929300426692,STATIC_CURRENT_SNAPSHOT,False
col_de2ee5e1ae0955e6845ef669ea127a75,2023-01,2.0,,,,0.0,0.0,0.0,0.0,False,True,2,2.813383482033798,6.0,4.805567837000647,STATIC_CURRENT_SNAPSHOT,False
col_de2ee5e1ae0955e6845ef669ea127a75,2023-02,2.0,,,,0.0,0.0,0.0,0.0,False,True,2,2.813383482033798,6.0,4.805567837000647,STATIC_CURRENT_SNAPSHOT,False
col_de2ee5e1ae0955e6845ef669ea127a75,2023-03,2.0,,,,0.0,0.0,0.0,0.0,False,True,2,2.813383482033798,6.0,4.805567837000647,STATIC_CURRENT_SNAPSHOT,False
col_de2ee5e1ae0955e6845ef669ea127a75,2023-04,2.0,,,,0.0,0.0,0.0,0.0,False,True,2,2.813383482033798,6.0,4.805567837000647,STATIC_CURRENT_SNAPSHOT,False
col_de2ee5e1ae0955e6845ef669ea127a75,2023-05,2.0,,,,0.0,0.0,0.0,0.0,False,True,2,2.813383482033798,6.0,4.805567837000647,STATIC_CURRENT_SNAPSHOT,False
col_de2ee5e1ae0955e6845ef669ea127a75,2023-06,2.0,,,,0.0,0.0,0.0,0.0,False,True,2,2.813383482033798,6.0,4.805567837000647,STATIC_CURRENT_SNAPSHOT,False
col_de2ee5e1ae0955e6845ef669ea127a75,2023-07,2.0,5658.0,,,1.0,0.5,0.0,0.0,True,True,2,2.813383482033798,6.0,4.805567837000647,STATIC_CURRENT_SNAPSHOT,False
col_de2ee5e1ae0955e6845ef669ea127a75,2023-08,2.0,7721.0,0.36461647225167904,,1.0,0.5,0.5,0.0,True,True,2,2.813383482033798,6.0,4.805567837000647,STATIC_CURRENT_SNAPSHOT,False
col_de2ee5e1ae0955e6845ef669ea127a75,2023-09,2.0,9073.0,0.17510685144411345,7484.0,1.0,0.5,0.5,0.5,True,True,2,2.813383482033798,6.0,4.805567837000647,STATIC_CURRENT_SNAPSHOT,False
col_de2ee5e1ae0955e6845ef669ea127a75,2023-10,2.0,10489.0,0.15606745288217788,9094.333333333334,1.0,0.5,0.5,0.5,True,True,2,2.813383482033798,6.0,4.805567837000647,STATIC_CURRENT_SNAPSHOT,False
col_de2ee5e1ae0955e6845ef669ea127a75,2023-11,2.0,11599.0,0.10582515015730766,10387.0,1.0,0.5,0.5,0.5,True,True,2,2.813383482033798,6.0,4.805567837000647,STATIC_CURRENT_SNAPSHOT,False
col_de2ee5e1ae0955e6845ef669ea127a75,2023-12,2.0,10921.0,-0.058453314940943184,11003.0,1.0,0.5,0.5,0.5,True,True,2,2.813383482033798,6.0,4.805567837000647,STATIC_CURRENT_SNAPSHOT,False
col_de2ee5e1ae0955e6845ef669ea127a75,2024-01,2.0,9665.0,-0.11500778317003937,10728.333333333334,1.0,0.5,0.5,0.5,True,True,2,2.813383482033798,6.0,4.805567837000647,STATIC_CURRENT_SNAPSHOT,False
col_de2ee5e1ae0955e6845ef669ea127a75,2024-02,2.0,14109.0,0.45980341438178995,11565.0,1.0,0.5,0.5,0.5,True,True,2,2.813383482033798,6.0,4.805567837000647,STATIC_CURRENT_SNAPSHOT,False
col_de2ee5e1ae0955e6845ef669ea127a75,2024-03,2.0,916.0,,,1.0,0.5,0.0,0.0,True,True,2,2.813383482033798,6.0,4.805567837000647,STATIC_CURRENT_SNAPSHOT,False
col_de2ee5e1ae0955e6845ef669ea127a75,2024-04,2.0,10568.5,1.1615485132345507,16283.0,2.0,1.0,1.0,0.5,True,True,2,2.813383482033798,6.0,4.805567837000647,STATIC_CURRENT_SNAPSHOT,False
col_de2ee5e1ae0955e6845ef669ea127a75,2024-05,2.0,12180.5,0.31675219969875956,10495.166666666666,2.0,1.0,1.0,1.0,True,True,2,2.813383482033798,6.0,4.805567837000647,STATIC_CURRENT_SNAPSHOT,False
col_de2ee5e1ae0955e6845ef669ea127a75,2024-06,2.0,13425.0,0.08039885176464628,12058.0,2.0,1.0,1.0,1.0,True,True,2,2.813383482033798,6.0,4.805567837000647,STATIC_CURRENT_SNAPSHOT,False
col_de2ee5e1ae0955e6845ef669ea127a75,2024-07,2.0,12524.0,-0.0782701765023976,12709.833333333334,2.0,1.0,1.0,1.0,True,True,2,2.813383482033798,6.0,4.805567837000647,STATIC_CURRENT_SNAPSHOT,False
col_de2ee5e1ae0955e6845ef669ea127a75,2024-08,2.0,3926.0,-0.09015063731170336,4337.333333333333,1.0,0.5,0.5,0.5,True,True,2,2.813383482033798,6.0,4.805567837000647,STATIC_CURRENT_SNAPSHOT,False
col_de2ee5e1ae0955e6845ef669ea127a75,2024-09,2.0,3958.0,0.00815078960774325,4066.3333333333335,1.0,0.5,0.5,0.5,True,True,2,2.813383482033798,6.0,4.805567837000647,STATIC_CURRENT_SNAPSHOT,False
col_de2ee5e1ae0955e6845ef669ea127a75,2024-10,2.0,11891.0,0.02035148927217007,11744.0,2.0,1.0,1.0,1.0,True,True,2,2.813383482033798,6.0,4.805567837000647,STATIC_CURRENT_SNAPSHOT,False
col_de2ee5e1ae0955e6845ef669ea127a75,2024-11,2.0,,,,0.0,0.0,0.0,0.0,False,True,2,2.813383482033798,6.0,4.805567837000647,STATIC_CURRENT_SNAPSHOT,False
col_de2ee5e1ae0955e6845ef669ea127a75,2024-12,2.0,3812.0,,,1.0,0.5,0.0,0.0,True,True,2,2.813383482033798,6.0,4.805567837000647,STATIC_CURRENT_SNAPSHOT,False
col_de2ee5e1ae0955e6845ef669ea127a75,2025-01,2.0,3556.0,-0.06715634837355719,,1.0,0.5,0.5,0.0,True,True,2,2.813383482033798,6.0,4.805567837000647,STATIC_CURRENT_SNAPSHOT,False
col_de2ee5e1ae0955e6845ef669ea127a75,2025-02,2.0,,,,0.0,0.0,0.0,0.0,False,True,2,2.813383482033798,6.0,4.805567837000647,STATIC_CURRENT_SNAPSHOT,False
col_de2ee5e1ae0955e6845ef669ea127a75,2025-03,2.0,3623.0,-0.052314935914203504,3667.3333333333335,1.0,0.5,0.5,0.5,True,True,2,2.813383482033798,6.0,4.805567837000647,STATIC_CURRENT_SNAPSHOT,False
col_de2ee5e1ae0955e6845ef669ea127a75,2025-04,2.0,11356.5,0.04202094793900005,11337.666666666666,2.0,1.0,1.0,1.0,True,True,2,2.813383482033798,6.0,4.805567837000647,STATIC_CURRENT_SNAPSHOT,False
col_de2ee5e1ae0955e6845ef669ea127a75,2025-05,2.0,3687.0,-0.04084287200832466,3718.0,1.0,0.5,0.5,0.5,True,True,2,2.813383482033798,6.0,4.805567837000647,STATIC_CURRENT_SNAPSHOT,False
col_de2ee5e1ae0955e6845ef669ea127a75,2025-06,2.0,18737.0,0.07480066540469225,18346.333333333332,1.0,0.5,0.5,0.5,True,True,2,2.813383482033798,6.0,4.805567837000647,STATIC_CURRENT_SNAPSHOT,False
col_de2ee5e1ae0955e6845ef669ea127a75,2025-07,2.0,10331.0,-0.09571238503683663,10768.166666666666,2.0,1.0,1.0,1.0,True,True,2,2.813383482033798,6.0,4.805567837000647,STATIC_CURRENT_SNAPSHOT,False
col_de2ee5e1ae0955e6845ef669ea127a75,2025-08,2.0,3933.0,0.06498781478472786,3905.3333333333335,1.0,0.5,0.5,0.5,True,True,2,2.813383482033798,6.0,4.805567837000647,STATIC_CURRENT_SNAPSHOT,False
col_de2ee5e1ae0955e6845ef669ea127a75,2025-09,2.0,17379.0,-0.03632028390817345,17460.666666666668,1.0,0.5,0.5,0.5,True,True,2,2.813383482033798,6.0,4.805567837000647,STATIC_CURRENT_SNAPSHOT,False
col_de2ee5e1ae0955e6845ef669ea127a75,2025-10,2.0,10364.5,-0.040930865787015915,10643.333333333334,2.0,1.0,1.0,1.0,True,True,2,2.813383482033798,6.0,4.805567837000647,STATIC_CURRENT_SNAPSHOT,False
col_de2ee5e1ae0955e6845ef669ea127a75,2025-11,2.0,11987.0,0.14730433435933174,10977.833333333334,2.0,1.0,1.0,1.0,True,True,2,2.813383482033798,6.0,4.805567837000647,STATIC_CURRENT_SNAPSHOT,False
col_de2ee5e1ae0955e6845ef669ea127a75,2025-12,2.0,10893.0,-0.09075663800432283,11081.5,2.0,1.0,1.0,1.0,True,True,2,2.813383482033798,6.0,4.805567837000647,STATIC_CURRENT_SNAPSHOT,False
col_de2ee5e1ae0955e6845ef669ea127a75,2026-01,2.0,10181.5,-0.055092629482677555,11020.5,2.0,1.0,1.0,1.0,True,True,2,2.813383482033798,6.0,4.805567837000647,STATIC_CURRENT_SNAPSHOT,False
col_de2ee5e1ae0955e6845ef669ea127a75,2026-02,2.0,17453.0,0.033516906496121275,17502.0,1.0,0.5,0.5,0.5,True,True,2,2.813383482033798,6.0,4.805567837000647,STATIC_CURRENT_SNAPSHOT,False
col_de2ee5e1ae0955e6845ef669ea127a75,2026-03,2.0,,,,0.0,0.0,0.0,0.0,False,True,2,2.813383482033798,6.0,4.805567837000647,STATIC_CURRENT_SNAPSHOT,False
col_de2ee5e1ae0955e6845ef669ea127a75,2026-04,2.0,11437.5,0.07111098769793414,10798.166666666666,2.0,1.0,1.0,1.0,True,True,2,2.813383482033798,6.0,4.805567837000647,STATIC_CURRENT_SNAPSHOT,False
col_de2ee5e1ae0955e6845ef669ea127a75,2026-05,2.0,3581.0,-0.007483370288248337,3553.6666666666665,1.0,0.5,0.5,0.5,True,True,2,2.813383482033798,6.0,4.805567837000647,STATIC_CURRENT_SNAPSHOT,False
col_de2ee5e1ae0955e6845ef669ea127a75,2026-06,2.0,10317.0,-0.04349355534122141,10911.5,2.0,1.0,1.0,1.0,True,True,2,2.813383482033798,6.0,4.805567837000647,STATIC_CURRENT_SNAPSHOT,False
col_de2ee5e1ae0955e6845ef669ea127a75,2026-07,2.0,3277.0,-0.06770981507823613,3457.6666666666665,1.0,0.5,0.5,0.5,True,True,2,2.813383482033798,6.0,4.805567837000647,STATIC_CURRENT_SNAPSHOT,False
col_de2ee5e1ae0955e6845ef669ea127a75,2026-08,2.0,9679.5,0.06230221058820504,9699.333333333334,2.0,1.0,1.0,1.0,True,True,2,2.813383482033798,6.0,4.805567837000647,STATIC_CURRENT_SNAPSHOT,False
col_debb68f1d0525506bae6ef15b9e39d2f,2023-01,,,,,,,,,False,False,2,,,,STATIC_CURRENT_SNAPSHOT,False
col_debb68f1d0525506bae6ef15b9e39d2f,2023-02,,,,,,,,,False,False,2,,,,STATIC_CURRENT_SNAPSHOT,False
col_debb68f1d0525506bae6ef15b9e39d2f,2023-03,,,,,,,,,False,False,2,,,,STATIC_CURRENT_SNAPSHOT,False
col_debb68f1d0525506bae6ef15b9e39d2f,2023-04,,,,,,,,,False,False,2,,,,STATIC_CURRENT_SNAPSHOT,False
col_debb68f1d0525506bae6ef15b9e39d2f,2023-05,,,,,,,,,False,False,2,,,,STATIC_CURRENT_SNAPSHOT,False
col_debb68f1d0525506bae6ef15b9e39d2f,2023-06,,,,,,,,,False,False,2,,,,STATIC_CURRENT_SNAPSHOT,False
col_debb68f1d0525506bae6ef15b9e39d2f,2023-07,,,,,,,,,False,False,2,,,,STATIC_CURRENT_SNAPSHOT,False
col_debb68f1d0525506bae6ef15b9e39d2f,2023-08,,,,,,,,,False,False,2,,,,STATIC_CURRENT_SNAPSHOT,False
col_debb68f1d0525506bae6ef15b9e39d2f,2023-09,,,,,,,,,False,False,2,,,,STATIC_CURRENT_SNAPSHOT,False
col_debb68f1d0525506bae6ef15b9e39d2f,2023-10,,,,,,,,,False,False,2,,,,STATIC_CURRENT_SNAPSHOT,False
col_debb68f1d0525506bae6ef15b9e39d2f,2023-11,,,,,,,,,False,False,2,,,,STATIC_CURRENT_SNAPSHOT,False
col_debb68f1d0525506bae6ef15b9e39d2f,2023-12,,,,,,,,,False,False,2,,,,STATIC_CURRENT_SNAPSHOT,False
col_debb68f1d0525506bae6ef15b9e39d2f,2024-01,,,,,,,,,False,False,2,,,,STATIC_CURRENT_SNAPSHOT,False
col_debb68f1d0525506bae6ef15b9e39d2f,2024-02,,,,,,,,,False,False,2,,,,STATIC_CURRENT_SNAPSHOT,False
col_debb68f1d0525506bae6ef15b9e39d2f,2024-03,,,,,,,,,False,False,2,,,,STATIC_CURRENT_SNAPSHOT,False
col_debb68f1d0525506bae6ef15b9e39d2f,2024-04,,,,,,,,,False,False,2,,,,STATIC_CURRENT_SNAPSHOT,False
col_debb68f1d0525506bae6ef15b9e39d2f,2024-05,,,,,,,,,False,False,2,,,,STATIC_CURRENT_SNAPSHOT,False
col_debb68f1d0525506bae6ef15b9e39d2f,2024-06,,,,,,,,,False,False,2,,,,STATIC_CURRENT_SNAPSHOT,False
col_debb68f1d0525506bae6ef15b9e39d2f,2024-07,,,,,,,,,False,False,2,,,,STATIC_CURRENT_SNAPSHOT,False
col_debb68f1d0525506bae6ef15b9e39d2f,2024-08,,,,,,,,,False,False,2,,,,STATIC_CURRENT_SNAPSHOT,False
col_debb68f1d0525506bae6ef15b9e39d2f,2024-09,,,,,,,,,False,False,2,,,,STATIC_CURRENT_SNAPSHOT,False
col_debb68f1d0525506bae6ef15b9e39d2f,2024-10,,,,,,,,,False,False,2,,,,STATIC_CURRENT_SNAPSHOT,False
col_debb68f1d0525506bae6ef15b9e39d2f,2024-11,,,,,,,,,False,False,2,,,,STATIC_CURRENT_SNAPSHOT,False
col_debb68f1d0525506bae6ef15b9e39d2f,2024-12,,,,,,,,,False,False,2,,,,STATIC_CURRENT_SNAPSHOT,False
col_debb68f1d0525506bae6ef15b9e39d2f,2025-01,,,,,,,,,False,False,2,,,,STATIC_CURRENT_SNAPSHOT,False
col_debb68f1d0525506bae6ef15b9e39d2f,2025-02,,,,,,,,,False,False,2,,,,STATIC_CURRENT_SNAPSHOT,False
col_debb68f1d0525506bae6ef15b9e39d2f,2025-03,,,,,,,,,False,False,2,,,,STATIC_CURRENT_SNAPSHOT,False
col_debb68f1d0525506bae6ef15b9e39d2f,2025-04,,,,,,,,,False,False,2,,,,STATIC_CURRENT_SNAPSHOT,False
col_debb68f1d0525506bae6ef15b9e39d2f,2025-05,,,,,,,,,False,False,2,,,,STATIC_CURRENT_SNAPSHOT,False
col_debb68f1d0525506bae6ef15b9e39d2f,2025-06,,,,,,,,,False,False,2,,,,STATIC_CURRENT_SNAPSHOT,False
col_debb68f1d0525506bae6ef15b9e39d2f,2025-07,,,,,,,,,False,False,2,,,,STATIC_CURRENT_SNAPSHOT,False
col_debb68f1d0525506bae6ef15b9e39d2f,2025-08,,,,,,,,,False,False,2,,,,STATIC_CURRENT_SNAPSHOT,False
col_debb68f1d0525506bae6ef15b9e39d2f,2025-09,,,,,,,,,False,False,2,,,,STATIC_CURRENT_SNAPSHOT,False
col_debb68f1d0525506bae6ef15b9e39d2f,2025-10,,,,,,,,,False,False,2,,,,STATIC_CURRENT_SNAPSHOT,False
col_debb68f1d0525506bae6ef15b9e39d2f,2025-11,,,,,,,,,False,False,2,,,,STATIC_CURRENT_SNAPSHOT,False
col_debb68f1d0525506bae6ef15b9e39d2f,2025-12,,,,,,,,,False,False,2,,,,STATIC_CURRENT_SNAPSHOT,False
col_debb68f1d0525506bae6ef15b9e39d2f,2026-01,,,,,,,,,False,False,2,,,,STATIC_CURRENT_SNAPSHOT,False
col_debb68f1d0525506bae6ef15b9e39d2f,2026-02,,,,,,,,,False,False,2,,,,STATIC_CURRENT_SNAPSHOT,False
col_debb68f1d0525506bae6ef15b9e39d2f,2026-03,,,,,,,,,False,False,2,,,,STATIC_CURRENT_SNAPSHOT,False
col_debb68f1d0525506bae6ef15b9e39d2f,2026-04,,,,,,,,,False,False,2,,,,STATIC_CURRENT_SNAPSHOT,False
col_debb68f1d0525506bae6ef15b9e39d2f,2026-05,,,,,,,,,False,False,2,,,,STATIC_CURRENT_SNAPSHOT,False
col_debb68f1d0525506bae6ef15b9e39d2f,2026-06,,,,,,,,,False,False,2,,,,STATIC_CURRENT_SNAPSHOT,False
col_debb68f1d0525506bae6ef15b9e39d2f,2026-07,,,,,,,,,False,False,2,,,,STATIC_CURRENT_SNAPSHOT,False
col_debb68f1d0525506bae6ef15b9e39d2f,2026-08,,,,,,,,,False,False,2,,,,STATIC_CURRENT_SNAPSHOT,False
col_df8f37e24dff550bb52ef711568f9cb7,2023-01,1.0,,,,0.0,0.0,0.0,0.0,False,True,13,8.219656074939063,4.0,10.347946933537042,STATIC_CURRENT_SNAPSHOT,False
col_df8f37e24dff550bb52ef711568f9cb7,2023-02,1.0,,,,0.0,0.0,0.0,0.0,False,True,13,8.219656074939063,4.0,10.347946933537042,STATIC_CURRENT_SNAPSHOT,False
col_df8f37e24dff550bb52ef711568f9cb7,2023-03,1.0,,,,0.0,0.0,0.0,0.0,False,True,13,8.219656074939063,4.0,10.347946933537042,STATIC_CURRENT_SNAPSHOT,False
col_df8f37e24dff550bb52ef711568f9cb7,2023-04,1.0,,,,0.0,0.0,0.0,0.0,False,True,13,8.219656074939063,4.0,10.347946933537042,STATIC_CURRENT_SNAPSHOT,False
col_df8f37e24dff550bb52ef711568f9cb7,2023-05,1.0,,,,0.0,0.0,0.0,0.0,False,True,13,8.219656074939063,4.0,10.347946933537042,STATIC_CURRENT_SNAPSHOT,False
col_df8f37e24dff550bb52ef711568f9cb7,2023-06,1.0,,,,0.0,0.0,0.0,0.0,False,True,13,8.219656074939063,4.0,10.347946933537042,STATIC_CURRENT_SNAPSHOT,False
col_df8f37e24dff550bb52ef711568f9cb7,2023-07,1.0,,,,0.0,0.0,0.0,0.0,False,True,13,8.219656074939063,4.0,10.347946933537042,STATIC_CURRENT_SNAPSHOT,False
col_df8f37e24dff550bb52ef711568f9cb7,2023-08,1.0,,,,0.0,0.0,0.0,0.0,False,True,13,8.219656074939063,4.0,10.347946933537042,STATIC_CURRENT_SNAPSHOT,False
col_df8f37e24dff550bb52ef711568f9cb7,2023-09,1.0,,,,0.0,0.0,0.0,0.0,False,True,13,8.219656074939063,4.0,10.347946933537042,STATIC_CURRENT_SNAPSHOT,False
col_df8f37e24dff550bb52ef711568f9cb7,2023-10,1.0,,,,0.0,0.0,0.0,0.0,False,True,13,8.219656074939063,4.0,10.347946933537042,STATIC_CURRENT_SNAPSHOT,False
col_df8f37e24dff550bb52ef711568f9cb7,2023-11,1.0,2638.0,,,1.0,1.0,0.0,0.0,True,True,13,8.219656074939063,4.0,10.347946933537042,STATIC_CURRENT_SNAPSHOT,False
col_df8f37e24dff550bb52ef711568f9cb7,2023-12,1.0,5000.0,0.8953752843062927,,1.0,1.0,1.0,0.0,True,True,13,8.219656074939063,4.0,10.347946933537042,STATIC_CURRENT_SNAPSHOT,False
col_df8f37e24dff550bb52ef711568f9cb7,2024-01,1.0,5768.0,0.1536,4468.666666666667,1.0,1.0,1.0,1.0,True,True,13,8.219656074939063,4.0,10.347946933537042,STATIC_CURRENT_SNAPSHOT,False
col_df8f37e24dff550bb52ef711568f9cb7,2024-02,1.0,8955.0,0.5525312066574203,6574.333333333333,1.0,1.0,1.0,1.0,True,True,13,8.219656074939063,4.0,10.347946933537042,STATIC_CURRENT_SNAPSHOT,False
col_df8f37e24dff550bb52ef711568f9cb7,2024-03,1.0,,,,0.0,0.0,0.0,0.0,False,True,13,8.219656074939063,4.0,10.347946933537042,STATIC_CURRENT_SNAPSHOT,False
col_df8f37e24dff550bb52ef711568f9cb7,2024-04,1.0,13341.0,0.16545819865466935,11247.666666666666,1.0,1.0,1.0,1.0,True,True,13,8.219656074939063,4.0,10.347946933537042,STATIC_CURRENT_SNAPSHOT,False
col_df8f37e24dff550bb52ef711568f9cb7,2024-05,1.0,,,,0.0,0.0,0.0,0.0,False,True,13,8.219656074939063,4.0,10.347946933537042,STATIC_CURRENT_SNAPSHOT,False
col_df8f37e24dff550bb52ef711568f9cb7,2024-06,1.0,,,,0.0,0.0,0.0,0.0,False,True,13,8.219656074939063,4.0,10.347946933537042,STATIC_CURRENT_SNAPSHOT,False
col_df8f37e24dff550bb52ef711568f9cb7,2024-07,1.0,,,,0.0,0.0,0.0,0.0,False,True,13,8.219656074939063,4.0,10.347946933537042,STATIC_CURRENT_SNAPSHOT,False
col_df8f37e24dff550bb52ef711568f9cb7,2024-08,1.0,12873.0,-0.07713814610366335,14033.0,1.0,1.0,1.0,1.0,True,True,13,8.219656074939063,4.0,10.347946933537042,STATIC_CURRENT_SNAPSHOT,False
col_df8f37e24dff550bb52ef711568f9cb7,2024-09,1.0,,,,0.0,0.0,0.0,0.0,False,True,13,8.219656074939063,4.0,10.347946933537042,STATIC_CURRENT_SNAPSHOT,False
col_df8f37e24dff550bb52ef711568f9cb7,2024-10,1.0,13139.0,-0.05725765946760422,13316.333333333334,1.0,1.0,1.0,1.0,True,True,13,8.219656074939063,4.0,10.347946933537042,STATIC_CURRENT_SNAPSHOT,False
col_df8f37e24dff550bb52ef711568f9cb7,2024-11,1.0,,,,0.0,0.0,0.0,0.0,False,True,13,8.219656074939063,4.0,10.347946933537042,STATIC_CURRENT_SNAPSHOT,False
col_df8f37e24dff550bb52ef711568f9cb7,2024-12,1.0,13795.0,,,1.0,1.0,0.0,0.0,True,True,13,8.219656074939063,4.0,10.347946933537042,STATIC_CURRENT_SNAPSHOT,False
col_df8f37e24dff550bb52ef711568f9cb7,2025-01,1.0,12760.0,-0.07502718376223269,,1.0,1.0,1.0,0.0,True,True,13,8.219656074939063,4.0,10.347946933537042,STATIC_CURRENT_SNAPSHOT,False
col_df8f37e24dff550bb52ef711568f9cb7,2025-02,1.0,,,,0.0,0.0,0.0,0.0,False,True,13,8.219656074939063,4.0,10.347946933537042,STATIC_CURRENT_SNAPSHOT,False
col_df8f37e24dff550bb52ef711568f9cb7,2025-03,1.0,12718.0,-0.05018670649738611,12956.0,1.0,1.0,1.0,1.0,True,True,13,8.219656074939063,4.0,10.347946933537042,STATIC_CURRENT_SNAPSHOT,False
col_df8f37e24dff550bb52ef711568f9cb7,2025-04,1.0,12960.0,0.01902814908004403,13022.666666666666,1.0,1.0,1.0,1.0,True,True,13,8.219656074939063,4.0,10.347946933537042,STATIC_CURRENT_SNAPSHOT,False
col_df8f37e24dff550bb52ef711568f9cb7,2025-05,1.0,12419.0,-0.041743827160493824,12699.0,1.0,1.0,1.0,1.0,True,True,13,8.219656074939063,4.0,10.347946933537042,STATIC_CURRENT_SNAPSHOT,False
col_df8f37e24dff550bb52ef711568f9cb7,2025-06,1.0,13516.0,0.08833239391255335,12965.0,1.0,1.0,1.0,1.0,True,True,13,8.219656074939063,4.0,10.347946933537042,STATIC_CURRENT_SNAPSHOT,False
col_df8f37e24dff550bb52ef711568f9cb7,2025-07,1.0,12058.0,-0.10787215152411957,12664.333333333334,1.0,1.0,1.0,1.0,True,True,13,8.219656074939063,4.0,10.347946933537042,STATIC_CURRENT_SNAPSHOT,False
col_df8f37e24dff550bb52ef711568f9cb7,2025-08,1.0,13541.0,0.1229888870459446,13038.333333333334,1.0,1.0,1.0,1.0,True,True,13,8.219656074939063,4.0,10.347946933537042,STATIC_CURRENT_SNAPSHOT,False
col_df8f37e24dff550bb52ef711568f9cb7,2025-09,1.0,13636.0,0.007015730005169485,13078.333333333334,1.0,1.0,1.0,1.0,True,True,13,8.219656074939063,4.0,10.347946933537042,STATIC_CURRENT_SNAPSHOT,False
col_df8f37e24dff550bb52ef711568f9cb7,2025-10,1.0,12625.0,-0.07414197711938986,13267.333333333334,1.0,1.0,1.0,1.0,True,True,13,8.219656074939063,4.0,10.347946933537042,STATIC_CURRENT_SNAPSHOT,False
col_df8f37e24dff550bb52ef711568f9cb7,2025-11,1.0,,,,0.0,0.0,0.0,0.0,False,True,13,8.219656074939063,4.0,10.347946933537042,STATIC_CURRENT_SNAPSHOT,False
col_df8f37e24dff550bb52ef711568f9cb7,2025-12,1.0,,,,0.0,0.0,0.0,0.0,False,True,13,8.219656074939063,4.0,10.347946933537042,STATIC_CURRENT_SNAPSHOT,False
col_df8f37e24dff550bb52ef711568f9cb7,2026-01,1.0,11607.0,-0.061150206260616354,12577.0,1.0,1.0,1.0,1.0,True,True,13,8.219656074939063,4.0,10.347946933537042,STATIC_CURRENT_SNAPSHOT,False
col_df8f37e24dff550bb52ef711568f9cb7,2026-02,1.0,11993.0,0.0332557939174636,11987.666666666666,1.0,1.0,1.0,1.0,True,True,13,8.219656074939063,4.0,10.347946933537042,STATIC_CURRENT_SNAPSHOT,False
col_df8f37e24dff550bb52ef711568f9cb7,2026-03,1.0,,,,0.0,0.0,0.0,0.0,False,True,13,8.219656074939063,4.0,10.347946933537042,STATIC_CURRENT_SNAPSHOT,False
col_df8f37e24dff550bb52ef711568f9cb7,2026-04,1.0,13655.0,0.122851739166187,12603.0,1.0,1.0,1.0,1.0,True,True,13,8.219656074939063,4.0,10.347946933537042,STATIC_CURRENT_SNAPSHOT,False
col_df8f37e24dff550bb52ef711568f9cb7,2026-05,1.0,13618.0,-0.0027096301720981324,13144.666666666666,1.0,1.0,1.0,1.0,True,True,13,8.219656074939063,4.0,10.347946933537042,STATIC_CURRENT_SNAPSHOT,False
col_df8f37e24dff550bb52ef711568f9cb7,2026-06,1.0,13932.0,0.023057717726538404,13735.0,1.0,1.0,1.0,1.0,True,True,13,8.219656074939063,4.0,10.347946933537042,STATIC_CURRENT_SNAPSHOT,False
col_df8f37e24dff550bb52ef711568f9cb7,2026-07,1.0,14010.0,0.005598621877691645,13853.333333333334,1.0,1.0,1.0,1.0,True,True,13,8.219656074939063,4.0,10.347946933537042,STATIC_CURRENT_SNAPSHOT,False
col_df8f37e24dff550bb52ef711568f9cb7,2026-08,1.0,12162.0,-0.13190578158458244,13368.0,1.0,1.0,1.0,1.0,True,True,13,8.219656074939063,4.0,10.347946933537042,STATIC_CURRENT_SNAPSHOT,False
col_e38591c35bd05184a3caa0318add5f06,2023-01,6.0,,,,0.0,0.0,0.0,0.0,False,True,2,6.3440725953447785,15.0,5.705856199792638,STATIC_CURRENT_SNAPSHOT,False
col_e38591c35bd05184a3caa0318add5f06,2023-02,6.0,,,,0.0,0.0,0.0,0.0,False,True,2,6.3440725953447785,15.0,5.705856199792638,STATIC_CURRENT_SNAPSHOT,False
col_e38591c35bd05184a3caa0318add5f06,2023-03,6.0,,,,0.0,0.0,0.0,0.0,False,True,2,6.3440725953447785,15.0,5.705856199792638,STATIC_CURRENT_SNAPSHOT,False
col_e38591c35bd05184a3caa0318add5f06,2023-04,6.0,,,,0.0,0.0,0.0,0.0,False,True,2,6.3440725953447785,15.0,5.705856199792638,STATIC_CURRENT_SNAPSHOT,False
col_e38591c35bd05184a3caa0318add5f06,2023-05,6.0,,,,0.0,0.0,0.0,0.0,False,True,2,6.3440725953447785,15.0,5.705856199792638,STATIC_CURRENT_SNAPSHOT,False
col_e38591c35bd05184a3caa0318add5f06,2023-06,6.0,6.0,,,1.0,0.16666666666666666,0.0,0.0,True,True,2,6.3440725953447785,15.0,5.705856199792638,STATIC_CURRENT_SNAPSHOT,False
col_e38591c35bd05184a3caa0318add5f06,2023-07,6.0,1408.2,178.5,,5.0,0.8333333333333333,0.16666666666666666,0.0,True,True,2,6.3440725953447785,15.0,5.705856199792638,STATIC_CURRENT_SNAPSHOT,False
col_e38591c35bd05184a3caa0318add5f06,2023-08,6.0,1760.7999999999997,0.42295630630928727,953.6666666666666,5.0,0.8333333333333333,0.8333333333333333,0.16666666666666666,True,True,2,6.3440725953447785,15.0,5.705856199792638,STATIC_CURRENT_SNAPSHOT,False
col_e38591c35bd05184a3caa0318add5f06,2023-09,6.0,2217.5,0.2581756117113404,1821.6666666666665,4.0,0.6666666666666666,0.6666666666666666,0.6666666666666666,True,True,2,6.3440725953447785,15.0,5.705856199792638,STATIC_CURRENT_SNAPSHOT,False
col_e38591c35bd05184a3caa0318add5f06,2023-10,6.0,3731.000000000001,0.6786077216197665,2589.333333333333,5.0,0.8333333333333333,0.8333333333333333,0.8333333333333333,True,True,2,6.3440725953447785,15.0,5.705856199792638,STATIC_CURRENT_SNAPSHOT,False
col_e38591c35bd05184a3caa0318add5f06,2023-11,6.0,5279.400000000001,0.42345554672286195,3762.2000000000007,5.0,0.8333333333333333,0.8333333333333333,0.8333333333333333,True,True,2,6.3440725953447785,15.0,5.705856199792638,STATIC_CURRENT_SNAPSHOT,False
col_e38591c35bd05184a3caa0318add5f06,2023-12,6.0,4795.6,-0.016278117388360176,5079.25,5.0,0.8333333333333333,0.6666666666666666,0.6666666666666666,True,True,2,6.3440725953447785,15.0,5.705856199792638,STATIC_CURRENT_SNAPSHOT,False
col_e38591c35bd05184a3caa0318add5f06,2024-01,6.0,4745.500000000001,0.25891399767042944,5308.266666666667,6.0,0.9999999999999999,0.9999999999999999,0.8333333333333333,True,True,2,6.3440725953447785,15.0,5.705856199792638,STATIC_CURRENT_SNAPSHOT,False
col_e38591c35bd05184a3caa0318add5f06,2024-02,6.0,4257.599999999999,0.1798759290357613,3816.9333333333334,5.0,0.8333333333333333,0.8333333333333333,0.8333333333333333,True,True,2,6.3440725953447785,15.0,5.705856199792638,STATIC_CURRENT_SNAPSHOT,False
col_e38591c35bd05184a3caa0318add5f06,2024-03,6.0,5564.8,0.3243513723490636,4497.133333333334,5.0,0.8333333333333333,0.8333333333333333,0.8333333333333333,True,True,2,6.3440725953447785,15.0,5.705856199792638,STATIC_CURRENT_SNAPSHOT,False
col_e38591c35bd05184a3caa0318add5f06,2024-04,6.0,10556.0,0.1811978093183852,8840.0,3.0,0.5,0.5,0.5,True,True,2,6.3440725953447785,15.0,5.705856199792638,STATIC_CURRENT_SNAPSHOT,False
col_e38591c35bd05184a3caa0318add5f06,2024-05,6.0,7451.8,0.12805783732608417,6578.533333333334,5.0,0.8333333333333333,0.8333333333333333,0.8333333333333333,True,True,2,6.3440725953447785,15.0,5.705856199792638,STATIC_CURRENT_SNAPSHOT,False
col_e38591c35bd05184a3caa0318add5f06,2024-06,6.0,7576.5,0.07969711565172415,6918.333333333333,4.0,0.6666666666666666,0.6666666666666666,0.6666666666666666,True,True,2,6.3440725953447785,15.0,5.705856199792638,STATIC_CURRENT_SNAPSHOT,False
col_e38591c35bd05184a3caa0318add5f06,2024-07,6.0,9431.000000000002,-0.07943030355887516,9697.66666666667,6.0,0.9999999999999999,0.9999999999999999,0.9999999999999999,True,True,2,6.3440725953447785,15.0,5.705856199792638,STATIC_CURRENT_SNAPSHOT,False
col_e38591c35bd05184a3caa0318add5f06,2024-08,6.0,4003.9999999999995,-0.3710526769582069,6078.222222222223,3.0,0.5,0.5,0.5,True,True,2,6.3440725953447785,15.0,5.705856199792638,STATIC_CURRENT_SNAPSHOT,False
col_e38591c35bd05184a3caa0318add5f06,2024-09,6.0,8333.199999999999,0.005650323739174139,8781.466666666667,5.0,0.8333333333333333,0.8333333333333333,0.8333333333333333,True,True,2,6.3440725953447785,15.0,5.705856199792638,STATIC_CURRENT_SNAPSHOT,False
col_e38591c35bd05184a3caa0318add5f06,2024-10,6.0,10538.833333333334,0.40273226647492544,9109.88888888889,6.0,0.9999999999999999,0.9999999999999999,0.9999999999999999,True,True,2,6.3440725953447785,15.0,5.705856199792638,STATIC_CURRENT_SNAPSHOT,False
col_e38591c35bd05184a3caa0318add5f06,2024-11,6.0,,,,0.0,0.0,0.0,0.0,False,True,2,6.3440725953447785,15.0,5.705856199792638,STATIC_CURRENT_SNAPSHOT,False
col_e38591c35bd05184a3caa0318add5f06,2024-12,6.0,10917.000000000002,,,6.0,0.9999999999999999,0.0,0.0,True,True,2,6.3440725953447785,15.0,5.705856199792638,STATIC_CURRENT_SNAPSHOT,False
col_e38591c35bd05184a3caa0318add5f06,2025-01,6.0,8948.2,-0.23471102777760558,,5.0,0.8333333333333333,0.8333333333333333,0.0,True,True,2,6.3440725953447785,15.0,5.705856199792638,STATIC_CURRENT_SNAPSHOT,False
col_e38591c35bd05184a3caa0318add5f06,2025-02,6.0,10488.4,0.040979169780835906,10939.333333333334,5.0,0.8333333333333333,0.8333333333333333,0.8333333333333333,True,True,2,6.3440725953447785,15.0,5.705856199792638,STATIC_CURRENT_SNAPSHOT,False
col_e38591c35bd05184a3caa0318add5f06,2025-03,6.0,9382.400000000001,0.03311038839118962,9184.8,5.0,0.8333333333333333,0.8333333333333333,0.8333333333333333,True,True,2,6.3440725953447785,15.0,5.705856199792638,STATIC_CURRENT_SNAPSHOT,False
col_e38591c35bd05184a3caa0318add5f06,2025-04,6.0,8319.5,0.20416310679248031,7275.416666666666,4.0,0.6666666666666666,0.6666666666666666,0.6666666666666666,True,True,2,6.3440725953447785,15.0,5.705856199792638,STATIC_CURRENT_SNAPSHOT,False
col_e38591c35bd05184a3caa0318add5f06,2025-05,6.0,7715.199999999999,-0.1531062606416308,8251.866666666667,5.0,0.8333333333333333,0.8333333333333333,0.8333333333333333,True,True,2,6.3440725953447785,15.0,5.705856199792638,STATIC_CURRENT_SNAPSHOT,False
col_e38591c35bd05184a3caa0318add5f06,2025-06,6.0,10098.166666666668,0.0657418915503552,10132.38888888889,6.0,0.9999999999999999,0.9999999999999999,0.9999999999999999,True,True,2,6.3440725953447785,15.0,5.705856199792638,STATIC_CURRENT_SNAPSHOT,False
col_e38591c35bd05184a3caa0318add5f06,2025-07,6.0,7693.4,-0.06371180971248065,7872.8,5.0,0.8333333333333333,0.8333333333333333,0.8333333333333333,True,True,2,6.3440725953447785,15.0,5.705856199792638,STATIC_CURRENT_SNAPSHOT,False
col_e38591c35bd05184a3caa0318add5f06,2025-08,6.0,8840.500000000002,-0.1127903009510014,9512.000000000002,6.0,0.9999999999999999,0.9999999999999999,0.9999999999999999,True,True,2,6.3440725953447785,15.0,5.705856199792638,STATIC_CURRENT_SNAPSHOT,False
col_e38591c35bd05184a3caa0318add5f06,2025-09,6.0,8681.833333333334,-0.015430653264860721,9039.88888888889,6.0,0.9999999999999999,0.9999999999999999,0.9999999999999999,True,True,2,6.3440725953447785,15.0,5.705856199792638,STATIC_CURRENT_SNAPSHOT,False
col_e38591c35bd05184a3caa0318add5f06,2025-10,6.0,6813.333333333333,0.5913665538151694,5019.0,3.0,0.5,0.5,0.5,True,True,2,6.3440725953447785,15.0,5.705856199792638,STATIC_CURRENT_SNAPSHOT,False
col_e38591c35bd05184a3caa0318add5f06,2025-11,6.0,7519.749999999999,0.0011259893184184244,5928.777777777777,4.0,0.6666666666666666,0.5,0.5,True,True,2,6.3440725953447785,15.0,5.705856199792638,STATIC_CURRENT_SNAPSHOT,False
col_e38591c35bd05184a3caa0318add5f06,2025-12,6.0,9664.833333333334,-0.11679002162007648,10159.77777777778,6.0,0.9999999999999999,0.9999999999999999,0.9999999999999999,True,True,2,6.3440725953447785,15.0,5.705856199792638,STATIC_CURRENT_SNAPSHOT,False
col_e38591c35bd05184a3caa0318add5f06,2026-01,6.0,8621.000000000002,-0.12097927220739264,9691.500000000002,6.0,0.9999999999999999,0.9999999999999999,0.9999999999999999,True,True,2,6.3440725953447785,15.0,5.705856199792638,STATIC_CURRENT_SNAPSHOT,False
col_e38591c35bd05184a3caa0318add5f06,2026-02,6.0,5910.75,-0.07689914300060809,6587.25,4.0,0.6666666666666666,0.6666666666666666,0.6666666666666666,True,True,2,6.3440725953447785,15.0,5.705856199792638,STATIC_CURRENT_SNAPSHOT,False
col_e38591c35bd05184a3caa0318add5f06,2026-03,6.0,9743.500000000002,0.25026615365781524,8954.27777777778,6.0,0.9999999999999999,0.9999999999999999,0.9999999999999999,True,True,2,6.3440725953447785,15.0,5.705856199792638,STATIC_CURRENT_SNAPSHOT,False
col_e38591c35bd05184a3caa0318add5f06,2026-04,6.0,11519.5,0.04504235043946859,10931.75,4.0,0.6666666666666666,0.6666666666666666,0.6666666666666666,True,True,2,6.3440725953447785,15.0,5.705856199792638,STATIC_CURRENT_SNAPSHOT,False
col_e38591c35bd05184a3caa0318add5f06,2026-05,6.0,6115.75,-0.10805155068702613,6625.916666666666,4.0,0.6666666666666666,0.6666666666666666,0.6666666666666666,True,True,2,6.3440725953447785,15.0,5.705856199792638,STATIC_CURRENT_SNAPSHOT,False
col_e38591c35bd05184a3caa0318add5f06,2026-06,6.0,10280.0,-0.03846816025901411,10762.399999999998,5.0,0.8333333333333333,0.8333333333333333,0.8333333333333333,True,True,2,6.3440725953447785,15.0,5.705856199792638,STATIC_CURRENT_SNAPSHOT,False
col_e38591c35bd05184a3caa0318add5f06,2026-07,6.0,4831.0,-0.24591067751310774,5658.333333333334,2.0,0.3333333333333333,0.3333333333333333,0.3333333333333333,True,True,2,6.3440725953447785,15.0,5.705856199792638,STATIC_CURRENT_SNAPSHOT,False
col_e38591c35bd05184a3caa0318add5f06,2026-08,6.0,7726.000000000001,-0.14135850290338012,8402.166666666668,6.0,0.9999999999999999,0.9999999999999999,0.9999999999999999,True,True,2,6.3440725953447785,15.0,5.705856199792638,STATIC_CURRENT_SNAPSHOT,False
col_e426afce41e3549e9144c6ee8c8047dc,2023-01,3.0,,,,0.0,0.0,0.0,0.0,False,True,16,7.169544850228927,9.0,6.672480639221513,STATIC_CURRENT_SNAPSHOT,False
col_e426afce41e3549e9144c6ee8c8047dc,2023-02,3.0,1950.5,,,2.0,0.6666666666666666,0.0,0.0,True,True,16,7.169544850228927,9.0,6.672480639221513,STATIC_CURRENT_SNAPSHOT,False
col_e426afce41e3549e9144c6ee8c8047dc,2023-03,3.0,2556.0,0.047970479704797044,,1.0,0.3333333333333333,0.3333333333333333,0.0,True,True,16,7.169544850228927,9.0,6.672480639221513,STATIC_CURRENT_SNAPSHOT,False
col_e426afce41e3549e9144c6ee8c8047dc,2023-04,3.0,2125.0,0.07472746331236897,2005.3333333333335,2.0,0.6666666666666666,0.6666666666666666,0.6666666666666666,True,True,16,7.169544850228927,9.0,6.672480639221513,STATIC_CURRENT_SNAPSHOT,False
col_e426afce41e3549e9144c6ee8c8047dc,2023-05,3.0,2131.5,0.004652718218269708,2065.666666666667,2.0,0.6666666666666666,0.6666666666666666,0.6666666666666666,True,True,16,7.169544850228927,9.0,6.672480639221513,STATIC_CURRENT_SNAPSHOT,False
col_e426afce41e3549e9144c6ee8c8047dc,2023-06,3.0,2376.5,0.10318033650287535,2211.0,2.0,0.6666666666666666,0.6666666666666666,0.6666666666666666,True,True,16,7.169544850228927,9.0,6.672480639221513,STATIC_CURRENT_SNAPSHOT,False
col_e426afce41e3549e9144c6ee8c8047dc,2023-07,3.0,2064.0,-0.107543362134813,2190.6666666666665,2.0,0.6666666666666666,0.6666666666666666,0.6666666666666666,True,True,16,7.169544850228927,9.0,6.672480639221513,STATIC_CURRENT_SNAPSHOT,False
col_e426afce41e3549e9144c6ee8c8047dc,2023-08,3.0,1327.0,-0.03840579710144928,1384.6666666666667,1.0,0.3333333333333333,0.3333333333333333,0.3333333333333333,True,True,16,7.169544850228927,9.0,6.672480639221513,STATIC_CURRENT_SNAPSHOT,False
col_e426afce41e3549e9144c6ee8c8047dc,2023-09,3.0,1373.0,0.0346646571213263,1360.0,1.0,0.3333333333333333,0.3333333333333333,0.3333333333333333,True,True,16,7.169544850228927,9.0,6.672480639221513,STATIC_CURRENT_SNAPSHOT,False
col_e426afce41e3549e9144c6ee8c8047dc,2023-10,3.0,2545.6666666666665,0.2790747049193359,2336.833333333333,3.0,1.0,0.6666666666666666,0.6666666666666666,True,True,16,7.169544850228927,9.0,6.672480639221513,STATIC_CURRENT_SNAPSHOT,False
col_e426afce41e3549e9144c6ee8c8047dc,2023-11,3.0,4987.666666666666,1.0292989182663237,3060.5000000000005,3.0,1.0,1.0,0.6666666666666666,True,True,16,7.169544850228927,9.0,6.672480639221513,STATIC_CURRENT_SNAPSHOT,False
col_e426afce41e3549e9144c6ee8c8047dc,2023-12,3.0,,,,0.0,0.0,0.0,0.0,False,True,16,7.169544850228927,9.0,6.672480639221513,STATIC_CURRENT_SNAPSHOT,False
col_e426afce41e3549e9144c6ee8c8047dc,2024-01,3.0,4579.5,-0.11345697869581821,4511.166666666667,2.0,0.6666666666666666,0.6666666666666666,0.6666666666666666,True,True,16,7.169544850228927,9.0,6.672480639221513,STATIC_CURRENT_SNAPSHOT,False
col_e426afce41e3549e9144c6ee8c8047dc,2024-02,3.0,1869.0,0.4126984126984127,1652.3333333333333,1.0,0.3333333333333333,0.3333333333333333,0.3333333333333333,True,True,16,7.169544850228927,9.0,6.672480639221513,STATIC_CURRENT_SNAPSHOT,False
col_e426afce41e3549e9144c6ee8c8047dc,2024-03,3.0,2152.0,0.1514178705189941,1781.3333333333333,1.0,0.3333333333333333,0.3333333333333333,0.3333333333333333,True,True,16,7.169544850228927,9.0,6.672480639221513,STATIC_CURRENT_SNAPSHOT,False
col_e426afce41e3549e9144c6ee8c8047dc,2024-04,3.0,7874.0,0.17399792608355863,6795.166666666666,2.0,0.6666666666666666,0.6666666666666666,0.6666666666666666,True,True,16,7.169544850228927,9.0,6.672480639221513,STATIC_CURRENT_SNAPSHOT,False
col_e426afce41e3549e9144c6ee8c8047dc,2024-05,3.0,15563.5,0.16662884804477726,13303.0,2.0,0.6666666666666666,0.3333333333333333,0.3333333333333333,True,True,16,7.169544850228927,9.0,6.672480639221513,STATIC_CURRENT_SNAPSHOT,False
col_e426afce41e3549e9144c6ee8c8047dc,2024-06,3.0,9747.0,0.08539940854038959,8863.333333333334,2.0,0.6666666666666666,0.6666666666666666,0.6666666666666666,True,True,16,7.169544850228927,9.0,6.672480639221513,STATIC_CURRENT_SNAPSHOT,False
col_e426afce41e3549e9144c6ee8c8047dc,2024-07,3.0,10973.333333333332,-0.0993339662388513,11434.222222222223,3.0,1.0,1.0,1.0,True,True,16,7.169544850228927,9.0,6.672480639221513,STATIC_CURRENT_SNAPSHOT,False
col_e426afce41e3549e9144c6ee8c8047dc,2024-08,3.0,8425.5,-0.05799078104044729,9034.0,2.0,0.6666666666666666,0.6666666666666666,0.6666666666666666,True,True,16,7.169544850228927,9.0,6.672480639221513,STATIC_CURRENT_SNAPSHOT,False
col_e426afce41e3549e9144c6ee8c8047dc,2024-09,3.0,9502.5,0.11783127890373883,8938.0,2.0,0.6666666666666666,0.6666666666666666,0.6666666666666666,True,True,16,7.169544850228927,9.0,6.672480639221513,STATIC_CURRENT_SNAPSHOT,False
col_e426afce41e3549e9144c6ee8c8047dc,2024-10,3.0,11104.333333333332,-0.0390847151685531,11131.11111111111,3.0,1.0,1.0,1.0,True,True,16,7.169544850228927,9.0,6.672480639221513,STATIC_CURRENT_SNAPSHOT,False
col_e426afce41e3549e9144c6ee8c8047dc,2024-11,3.0,,,,0.0,0.0,0.0,0.0,False,True,16,7.169544850228927,9.0,6.672480639221513,STATIC_CURRENT_SNAPSHOT,False
col_e426afce41e3549e9144c6ee8c8047dc,2024-12,3.0,2795.0,,,1.0,0.3333333333333333,0.0,0.0,True,True,16,7.169544850228927,9.0,6.672480639221513,STATIC_CURRENT_SNAPSHOT,False
col_e426afce41e3549e9144c6ee8c8047dc,2025-01,3.0,7797.999999999999,-0.15139084153444468,,2.0,0.6666666666666666,0.6666666666666666,0.0,True,True,16,7.169544850228927,9.0,6.672480639221513,STATIC_CURRENT_SNAPSHOT,False
col_e426afce41e3549e9144c6ee8c8047dc,2025-02,3.0,10398.0,0.06648078695938803,10562.555555555555,3.0,1.0,1.0,1.0,True,True,16,7.169544850228927,9.0,6.672480639221513,STATIC_CURRENT_SNAPSHOT,False
col_e426afce41e3549e9144c6ee8c8047dc,2025-03,3.0,10413.333333333332,-0.037526459776211975,10161.555555555555,3.0,1.0,1.0,1.0,True,True,16,7.169544850228927,9.0,6.672480639221513,STATIC_CURRENT_SNAPSHOT,False
col_e426afce41e3549e9144c6ee8c8047dc,2025-04,3.0,8723.5,0.06259595931152827,8370.0,2.0,0.6666666666666666,0.6666666666666666,0.6666666666666666,True,True,16,7.169544850228927,9.0,6.672480639221513,STATIC_CURRENT_SNAPSHOT,False
col_e426afce41e3549e9144c6ee8c8047dc,2025-05,3.0,10416.333333333332,-0.05133819320602612,10675.11111111111,3.0,1.0,1.0,1.0,True,True,16,7.169544850228927,9.0,6.672480639221513,STATIC_CURRENT_SNAPSHOT,False
col_e426afce41e3549e9144c6ee8c8047dc,2025-06,3.0,10823.666666666664,0.04586414570594724,10811.888888888887,3.0,1.0,1.0,1.0,True,True,16,7.169544850228927,9.0,6.672480639221513,STATIC_CURRENT_SNAPSHOT,False
col_e426afce41e3549e9144c6ee8c8047dc,2025-07,3.0,10097.333333333332,-0.06639118234623355,10445.777777777777,3.0,1.0,1.0,1.0,True,True,16,7.169544850228927,9.0,6.672480639221513,STATIC_CURRENT_SNAPSHOT,False
col_e426afce41e3549e9144c6ee8c8047dc,2025-08,3.0,10562.666666666666,0.05907799449225242,10494.555555555555,3.0,1.0,1.0,1.0,True,True,16,7.169544850228927,9.0,6.672480639221513,STATIC_CURRENT_SNAPSHOT,False
col_e426afce41e3549e9144c6ee8c8047dc,2025-09,3.0,10527.333333333332,-0.060450849512261116,10395.777777777777,3.0,1.0,1.0,1.0,True,True,16,7.169544850228927,9.0,6.672480639221513,STATIC_CURRENT_SNAPSHOT,False
col_e426afce41e3549e9144c6ee8c8047dc,2025-10,3.0,7936.499999999999,-0.0025123299843565084,8156.0,2.0,0.6666666666666666,0.6666666666666666,0.6666666666666666,True,True,16,7.169544850228927,9.0,6.672480639221513,STATIC_CURRENT_SNAPSHOT,False
col_e426afce41e3549e9144c6ee8c8047dc,2025-11,3.0,8203.0,0.08409503483364437,8101.166666666666,2.0,0.6666666666666666,0.6666666666666666,0.6666666666666666,True,True,16,7.169544850228927,9.0,6.672480639221513,STATIC_CURRENT_SNAPSHOT,False
col_e426afce41e3549e9144c6ee8c8047dc,2025-12,3.0,7407.5,-0.10070392130875477,7848.999999999999,2.0,0.6666666666666666,0.6666666666666666,0.6666666666666666,True,True,16,7.169544850228927,9.0,6.672480639221513,STATIC_CURRENT_SNAPSHOT,False
col_e426afce41e3549e9144c6ee8c8047dc,2026-01,3.0,6857.0,-0.0711327713186029,7489.166666666666,2.0,0.6666666666666666,0.6666666666666666,0.6666666666666666,True,True,16,7.169544850228927,9.0,6.672480639221513,STATIC_CURRENT_SNAPSHOT,False
col_e426afce41e3549e9144c6ee8c8047dc,2026-02,3.0,13828.999999999998,0.1611410299562437,12845.666666666666,2.0,0.6666666666666666,0.3333333333333333,0.3333333333333333,True,True,16,7.169544850228927,9.0,6.672480639221513,STATIC_CURRENT_SNAPSHOT,False
col_e426afce41e3549e9144c6ee8c8047dc,2026-03,3.0,8051.0,0.00030669390358560133,2019.3333333333333,2.0,0.6666666666666666,0.6666666666666666,0.3333333333333333,True,True,16,7.169544850228927,9.0,6.672480639221513,STATIC_CURRENT_SNAPSHOT,False
col_e426afce41e3549e9144c6ee8c8047dc,2026-04,3.0,11137.333333333332,0.12825960174377463,10394.999999999998,3.0,1.0,1.0,1.0,True,True,16,7.169544850228927,9.0,6.672480639221513,STATIC_CURRENT_SNAPSHOT,False
col_e426afce41e3549e9144c6ee8c8047dc,2026-05,3.0,2061.0,-0.1824672748909163,2228.6666666666665,1.0,0.3333333333333333,0.3333333333333333,0.3333333333333333,True,True,16,7.169544850228927,9.0,6.672480639221513,STATIC_CURRENT_SNAPSHOT,False
col_e426afce41e3549e9144c6ee8c8047dc,2026-06,3.0,17081.0,0.10202263026217795,16005.499999999998,2.0,0.6666666666666666,0.6666666666666666,0.6666666666666666,True,True,16,7.169544850228927,9.0,6.672480639221513,STATIC_CURRENT_SNAPSHOT,False
col_e426afce41e3549e9144c6ee8c8047dc,2026-07,3.0,10315.666666666664,-0.12159729316772369,11138.888888888887,3.0,1.0,1.0,1.0,True,True,16,7.169544850228927,9.0,6.672480639221513,STATIC_CURRENT_SNAPSHOT,False
col_e426afce41e3549e9144c6ee8c8047dc,2026-08,3.0,9901.333333333332,-0.034271957628376065,10768.11111111111,3.0,1.0,1.0,1.0,True,True,16,7.169544850228927,9.0,6.672480639221513,STATIC_CURRENT_SNAPSHOT,False
col_e56a7334b36e5ca6841813031c3b8d2b,2023-01,0.0,,,,,,,,False,True,31,11.631587539002709,,,STATIC_CURRENT_SNAPSHOT,False
col_e56a7334b36e5ca6841813031c3b8d2b,2023-02,0.0,,,,,,,,False,True,31,11.631587539002709,,,STATIC_CURRENT_SNAPSHOT,False
col_e56a7334b36e5ca6841813031c3b8d2b,2023-03,0.0,,,,,,,,False,True,31,11.631587539002709,,,STATIC_CURRENT_SNAPSHOT,False
col_e56a7334b36e5ca6841813031c3b8d2b,2023-04,0.0,,,,,,,,False,True,31,11.631587539002709,,,STATIC_CURRENT_SNAPSHOT,False
col_e56a7334b36e5ca6841813031c3b8d2b,2023-05,0.0,,,,,,,,False,True,31,11.631587539002709,,,STATIC_CURRENT_SNAPSHOT,False
col_e56a7334b36e5ca6841813031c3b8d2b,2023-06,0.0,,,,,,,,False,True,31,11.631587539002709,,,STATIC_CURRENT_SNAPSHOT,False
col_e56a7334b36e5ca6841813031c3b8d2b,2023-07,0.0,,,,,,,,False,True,31,11.631587539002709,,,STATIC_CURRENT_SNAPSHOT,False
col_e56a7334b36e5ca6841813031c3b8d2b,2023-08,0.0,,,,,,,,False,True,31,11.631587539002709,,,STATIC_CURRENT_SNAPSHOT,False
col_e56a7334b36e5ca6841813031c3b8d2b,2023-09,0.0,,,,,,,,False,True,31,11.631587539002709,,,STATIC_CURRENT_SNAPSHOT,False
col_e56a7334b36e5ca6841813031c3b8d2b,2023-10,0.0,,,,,,,,False,True,31,11.631587539002709,,,STATIC_CURRENT_SNAPSHOT,False
col_e56a7334b36e5ca6841813031c3b8d2b,2023-11,0.0,,,,,,,,False,True,31,11.631587539002709,,,STATIC_CURRENT_SNAPSHOT,False
col_e56a7334b36e5ca6841813031c3b8d2b,2023-12,0.0,,,,,,,,False,True,31,11.631587539002709,,,STATIC_CURRENT_SNAPSHOT,False
col_e56a7334b36e5ca6841813031c3b8d2b,2024-01,0.0,,,,,,,,False,True,31,11.631587539002709,,,STATIC_CURRENT_SNAPSHOT,False
col_e56a7334b36e5ca6841813031c3b8d2b,2024-02,0.0,,,,,,,,False,True,31,11.631587539002709,,,STATIC_CURRENT_SNAPSHOT,False
col_e56a7334b36e5ca6841813031c3b8d2b,2024-03,0.0,,,,,,,,False,True,31,11.631587539002709,,,STATIC_CURRENT_SNAPSHOT,False
col_e56a7334b36e5ca6841813031c3b8d2b,2024-04,0.0,,,,,,,,False,True,31,11.631587539002709,,,STATIC_CURRENT_SNAPSHOT,False
col_e56a7334b36e5ca6841813031c3b8d2b,2024-05,0.0,,,,,,,,False,True,31,11.631587539002709,,,STATIC_CURRENT_SNAPSHOT,False
col_e56a7334b36e5ca6841813031c3b8d2b,2024-06,0.0,,,,,,,,False,True,31,11.631587539002709,,,STATIC_CURRENT_SNAPSHOT,False
col_e56a7334b36e5ca6841813031c3b8d2b,2024-07,0.0,,,,,,,,False,True,31,11.631587539002709,,,STATIC_CURRENT_SNAPSHOT,False
col_e56a7334b36e5ca6841813031c3b8d2b,2024-08,0.0,,,,,,,,False,True,31,11.631587539002709,,,STATIC_CURRENT_SNAPSHOT,False
col_e56a7334b36e5ca6841813031c3b8d2b,2024-09,0.0,,,,,,,,False,True,31,11.631587539002709,,,STATIC_CURRENT_SNAPSHOT,False
col_e56a7334b36e5ca6841813031c3b8d2b,2024-10,0.0,,,,,,,,False,True,31,11.631587539002709,,,STATIC_CURRENT_SNAPSHOT,False
col_e56a7334b36e5ca6841813031c3b8d2b,2024-11,0.0,,,,,,,,False,True,31,11.631587539002709,,,STATIC_CURRENT_SNAPSHOT,False
col_e56a7334b36e5ca6841813031c3b8d2b,2024-12,0.0,,,,,,,,False,True,31,11.631587539002709,,,STATIC_CURRENT_SNAPSHOT,False
col_e56a7334b36e5ca6841813031c3b8d2b,2025-01,0.0,,,,,,,,False,True,31,11.631587539002709,,,STATIC_CURRENT_SNAPSHOT,False
col_e56a7334b36e5ca6841813031c3b8d2b,2025-02,0.0,,,,,,,,False,True,31,11.631587539002709,,,STATIC_CURRENT_SNAPSHOT,False
col_e56a7334b36e5ca6841813031c3b8d2b,2025-03,0.0,,,,,,,,False,True,31,11.631587539002709,,,STATIC_CURRENT_SNAPSHOT,False
col_e56a7334b36e5ca6841813031c3b8d2b,2025-04,0.0,,,,,,,,False,True,31,11.631587539002709,,,STATIC_CURRENT_SNAPSHOT,False
col_e56a7334b36e5ca6841813031c3b8d2b,2025-05,0.0,,,,,,,,False,True,31,11.631587539002709,,,STATIC_CURRENT_SNAPSHOT,False
col_e56a7334b36e5ca6841813031c3b8d2b,2025-06,0.0,,,,,,,,False,True,31,11.631587539002709,,,STATIC_CURRENT_SNAPSHOT,False
col_e56a7334b36e5ca6841813031c3b8d2b,2025-07,0.0,,,,,,,,False,True,31,11.631587539002709,,,STATIC_CURRENT_SNAPSHOT,False
col_e56a7334b36e5ca6841813031c3b8d2b,2025-08,0.0,,,,,,,,False,True,31,11.631587539002709,,,STATIC_CURRENT_SNAPSHOT,False
col_e56a7334b36e5ca6841813031c3b8d2b,2025-09,0.0,,,,,,,,False,True,31,11.631587539002709,,,STATIC_CURRENT_SNAPSHOT,False
col_e56a7334b36e5ca6841813031c3b8d2b,2025-10,0.0,,,,,,,,False,True,31,11.631587539002709,,,STATIC_CURRENT_SNAPSHOT,False
col_e56a7334b36e5ca6841813031c3b8d2b,2025-11,0.0,,,,,,,,False,True,31,11.631587539002709,,,STATIC_CURRENT_SNAPSHOT,False
col_e56a7334b36e5ca6841813031c3b8d2b,2025-12,0.0,,,,,,,,False,True,31,11.631587539002709,,,STATIC_CURRENT_SNAPSHOT,False
col_e56a7334b36e5ca6841813031c3b8d2b,2026-01,0.0,,,,,,,,False,True,31,11.631587539002709,,,STATIC_CURRENT_SNAPSHOT,False
col_e56a7334b36e5ca6841813031c3b8d2b,2026-02,0.0,,,,,,,,False,True,31,11.631587539002709,,,STATIC_CURRENT_SNAPSHOT,False
col_e56a7334b36e5ca6841813031c3b8d2b,2026-03,0.0,,,,,,,,False,True,31,11.631587539002709,,,STATIC_CURRENT_SNAPSHOT,False
col_e56a7334b36e5ca6841813031c3b8d2b,2026-04,0.0,,,,,,,,False,True,31,11.631587539002709,,,STATIC_CURRENT_SNAPSHOT,False
col_e56a7334b36e5ca6841813031c3b8d2b,2026-05,0.0,,,,,,,,False,True,31,11.631587539002709,,,STATIC_CURRENT_SNAPSHOT,False
col_e56a7334b36e5ca6841813031c3b8d2b,2026-06,0.0,,,,,,,,False,True,31,11.631587539002709,,,STATIC_CURRENT_SNAPSHOT,False
col_e56a7334b36e5ca6841813031c3b8d2b,2026-07,0.0,,,,,,,,False,True,31,11.631587539002709,,,STATIC_CURRENT_SNAPSHOT,False
col_e56a7334b36e5ca6841813031c3b8d2b,2026-08,0.0,,,,,,,,False,True,31,11.631587539002709,,,STATIC_CURRENT_SNAPSHOT,False
col_e72f76ae560a556e957e54c180d9d323,2023-01,0.0,,,,,,,,False,True,1,22.132605816603387,,,STATIC_CURRENT_SNAPSHOT,False
col_e72f76ae560a556e957e54c180d9d323,2023-02,0.0,,,,,,,,False,True,1,22.132605816603387,,,STATIC_CURRENT_SNAPSHOT,False
col_e72f76ae560a556e957e54c180d9d323,2023-03,0.0,,,,,,,,False,True,1,22.132605816603387,,,STATIC_CURRENT_SNAPSHOT,False
col_e72f76ae560a556e957e54c180d9d323,2023-04,0.0,,,,,,,,False,True,1,22.132605816603387,,,STATIC_CURRENT_SNAPSHOT,False
col_e72f76ae560a556e957e54c180d9d323,2023-05,0.0,,,,,,,,False,True,1,22.132605816603387,,,STATIC_CURRENT_SNAPSHOT,False
col_e72f76ae560a556e957e54c180d9d323,2023-06,0.0,,,,,,,,False,True,1,22.132605816603387,,,STATIC_CURRENT_SNAPSHOT,False
col_e72f76ae560a556e957e54c180d9d323,2023-07,0.0,,,,,,,,False,True,1,22.132605816603387,,,STATIC_CURRENT_SNAPSHOT,False
col_e72f76ae560a556e957e54c180d9d323,2023-08,0.0,,,,,,,,False,True,1,22.132605816603387,,,STATIC_CURRENT_SNAPSHOT,False
col_e72f76ae560a556e957e54c180d9d323,2023-09,0.0,,,,,,,,False,True,1,22.132605816603387,,,STATIC_CURRENT_SNAPSHOT,False
col_e72f76ae560a556e957e54c180d9d323,2023-10,0.0,,,,,,,,False,True,1,22.132605816603387,,,STATIC_CURRENT_SNAPSHOT,False
col_e72f76ae560a556e957e54c180d9d323,2023-11,0.0,,,,,,,,False,True,1,22.132605816603387,,,STATIC_CURRENT_SNAPSHOT,False
col_e72f76ae560a556e957e54c180d9d323,2023-12,0.0,,,,,,,,False,True,1,22.132605816603387,,,STATIC_CURRENT_SNAPSHOT,False
col_e72f76ae560a556e957e54c180d9d323,2024-01,0.0,,,,,,,,False,True,1,22.132605816603387,,,STATIC_CURRENT_SNAPSHOT,False
col_e72f76ae560a556e957e54c180d9d323,2024-02,0.0,,,,,,,,False,True,1,22.132605816603387,,,STATIC_CURRENT_SNAPSHOT,False
col_e72f76ae560a556e957e54c180d9d323,2024-03,0.0,,,,,,,,False,True,1,22.132605816603387,,,STATIC_CURRENT_SNAPSHOT,False
col_e72f76ae560a556e957e54c180d9d323,2024-04,0.0,,,,,,,,False,True,1,22.132605816603387,,,STATIC_CURRENT_SNAPSHOT,False
col_e72f76ae560a556e957e54c180d9d323,2024-05,0.0,,,,,,,,False,True,1,22.132605816603387,,,STATIC_CURRENT_SNAPSHOT,False
col_e72f76ae560a556e957e54c180d9d323,2024-06,0.0,,,,,,,,False,True,1,22.132605816603387,,,STATIC_CURRENT_SNAPSHOT,False
col_e72f76ae560a556e957e54c180d9d323,2024-07,0.0,,,,,,,,False,True,1,22.132605816603387,,,STATIC_CURRENT_SNAPSHOT,False
col_e72f76ae560a556e957e54c180d9d323,2024-08,0.0,,,,,,,,False,True,1,22.132605816603387,,,STATIC_CURRENT_SNAPSHOT,False
col_e72f76ae560a556e957e54c180d9d323,2024-09,0.0,,,,,,,,False,True,1,22.132605816603387,,,STATIC_CURRENT_SNAPSHOT,False
col_e72f76ae560a556e957e54c180d9d323,2024-10,0.0,,,,,,,,False,True,1,22.132605816603387,,,STATIC_CURRENT_SNAPSHOT,False
col_e72f76ae560a556e957e54c180d9d323,2024-11,0.0,,,,,,,,False,True,1,22.132605816603387,,,STATIC_CURRENT_SNAPSHOT,False
col_e72f76ae560a556e957e54c180d9d323,2024-12,0.0,,,,,,,,False,True,1,22.132605816603387,,,STATIC_CURRENT_SNAPSHOT,False
col_e72f76ae560a556e957e54c180d9d323,2025-01,0.0,,,,,,,,False,True,1,22.132605816603387,,,STATIC_CURRENT_SNAPSHOT,False
col_e72f76ae560a556e957e54c180d9d323,2025-02,0.0,,,,,,,,False,True,1,22.132605816603387,,,STATIC_CURRENT_SNAPSHOT,False
col_e72f76ae560a556e957e54c180d9d323,2025-03,0.0,,,,,,,,False,True,1,22.132605816603387,,,STATIC_CURRENT_SNAPSHOT,False
col_e72f76ae560a556e957e54c180d9d323,2025-04,0.0,,,,,,,,False,True,1,22.132605816603387,,,STATIC_CURRENT_SNAPSHOT,False
col_e72f76ae560a556e957e54c180d9d323,2025-05,0.0,,,,,,,,False,True,1,22.132605816603387,,,STATIC_CURRENT_SNAPSHOT,False
col_e72f76ae560a556e957e54c180d9d323,2025-06,0.0,,,,,,,,False,True,1,22.132605816603387,,,STATIC_CURRENT_SNAPSHOT,False
col_e72f76ae560a556e957e54c180d9d323,2025-07,0.0,,,,,,,,False,True,1,22.132605816603387,,,STATIC_CURRENT_SNAPSHOT,False
col_e72f76ae560a556e957e54c180d9d323,2025-08,0.0,,,,,,,,False,True,1,22.132605816603387,,,STATIC_CURRENT_SNAPSHOT,False
col_e72f76ae560a556e957e54c180d9d323,2025-09,0.0,,,,,,,,False,True,1,22.132605816603387,,,STATIC_CURRENT_SNAPSHOT,False
col_e72f76ae560a556e957e54c180d9d323,2025-10,0.0,,,,,,,,False,True,1,22.132605816603387,,,STATIC_CURRENT_SNAPSHOT,False
col_e72f76ae560a556e957e54c180d9d323,2025-11,0.0,,,,,,,,False,True,1,22.132605816603387,,,STATIC_CURRENT_SNAPSHOT,False
col_e72f76ae560a556e957e54c180d9d323,2025-12,0.0,,,,,,,,False,True,1,22.132605816603387,,,STATIC_CURRENT_SNAPSHOT,False
col_e72f76ae560a556e957e54c180d9d323,2026-01,0.0,,,,,,,,False,True,1,22.132605816603387,,,STATIC_CURRENT_SNAPSHOT,False
col_e72f76ae560a556e957e54c180d9d323,2026-02,0.0,,,,,,,,False,True,1,22.132605816603387,,,STATIC_CURRENT_SNAPSHOT,False
col_e72f76ae560a556e957e54c180d9d323,2026-03,0.0,,,,,,,,False,True,1,22.132605816603387,,,STATIC_CURRENT_SNAPSHOT,False
col_e72f76ae560a556e957e54c180d9d323,2026-04,0.0,,,,,,,,False,True,1,22.132605816603387,,,STATIC_CURRENT_SNAPSHOT,False
col_e72f76ae560a556e957e54c180d9d323,2026-05,0.0,,,,,,,,False,True,1,22.132605816603387,,,STATIC_CURRENT_SNAPSHOT,False
col_e72f76ae560a556e957e54c180d9d323,2026-06,0.0,,,,,,,,False,True,1,22.132605816603387,,,STATIC_CURRENT_SNAPSHOT,False
col_e72f76ae560a556e957e54c180d9d323,2026-07,0.0,,,,,,,,False,True,1,22.132605816603387,,,STATIC_CURRENT_SNAPSHOT,False
col_e72f76ae560a556e957e54c180d9d323,2026-08,0.0,,,,,,,,False,True,1,22.132605816603387,,,STATIC_CURRENT_SNAPSHOT,False
col_eadac3374f095a63b927c12303b7218a,2023-01,2.0,,,,0.0,0.0,0.0,0.0,False,True,1,13.565070403996579,5.0,8.590775928185376,STATIC_CURRENT_SNAPSHOT,False
col_eadac3374f095a63b927c12303b7218a,2023-02,2.0,,,,0.0,0.0,0.0,0.0,False,True,1,13.565070403996579,5.0,8.590775928185376,STATIC_CURRENT_SNAPSHOT,False
col_eadac3374f095a63b927c12303b7218a,2023-03,2.0,,,,0.0,0.0,0.0,0.0,False,True,1,13.565070403996579,5.0,8.590775928185376,STATIC_CURRENT_SNAPSHOT,False
col_eadac3374f095a63b927c12303b7218a,2023-04,2.0,,,,0.0,0.0,0.0,0.0,False,True,1,13.565070403996579,5.0,8.590775928185376,STATIC_CURRENT_SNAPSHOT,False
col_eadac3374f095a63b927c12303b7218a,2023-05,2.0,,,,0.0,0.0,0.0,0.0,False,True,1,13.565070403996579,5.0,8.590775928185376,STATIC_CURRENT_SNAPSHOT,False
col_eadac3374f095a63b927c12303b7218a,2023-06,2.0,,,,0.0,0.0,0.0,0.0,False,True,1,13.565070403996579,5.0,8.590775928185376,STATIC_CURRENT_SNAPSHOT,False
col_eadac3374f095a63b927c12303b7218a,2023-07,2.0,,,,0.0,0.0,0.0,0.0,False,True,1,13.565070403996579,5.0,8.590775928185376,STATIC_CURRENT_SNAPSHOT,False
col_eadac3374f095a63b927c12303b7218a,2023-08,2.0,,,,0.0,0.0,0.0,0.0,False,True,1,13.565070403996579,5.0,8.590775928185376,STATIC_CURRENT_SNAPSHOT,False
col_eadac3374f095a63b927c12303b7218a,2023-09,2.0,,,,0.0,0.0,0.0,0.0,False,True,1,13.565070403996579,5.0,8.590775928185376,STATIC_CURRENT_SNAPSHOT,False
col_eadac3374f095a63b927c12303b7218a,2023-10,2.0,778.0,,,1.0,0.5,0.0,0.0,True,True,1,13.565070403996579,5.0,8.590775928185376,STATIC_CURRENT_SNAPSHOT,False
col_eadac3374f095a63b927c12303b7218a,2023-11,2.0,3836.0,1.9401213179947208,,2.0,1.0,1.0,0.0,True,True,1,13.565070403996579,5.0,8.590775928185376,STATIC_CURRENT_SNAPSHOT,False
col_eadac3374f095a63b927c12303b7218a,2023-12,2.0,4506.0,0.1729857047592968,3220.8333333333335,2.0,1.0,1.0,1.0,True,True,1,13.565070403996579,5.0,8.590775928185376,STATIC_CURRENT_SNAPSHOT,False
col_eadac3374f095a63b927c12303b7218a,2024-01,2.0,4351.5,0.017303199585741086,4231.166666666666,2.0,1.0,1.0,1.0,True,True,1,13.565070403996579,5.0,8.590775928185376,STATIC_CURRENT_SNAPSHOT,False
col_eadac3374f095a63b927c12303b7218a,2024-02,2.0,5245.0,0.6582358520392033,3719.6666666666665,1.0,0.5,0.5,0.5,True,True,1,13.565070403996579,5.0,8.590775928185376,STATIC_CURRENT_SNAPSHOT,False
col_eadac3374f095a63b927c12303b7218a,2024-03,2.0,6217.0,0.026430069453901677,5563.666666666666,2.0,1.0,1.0,1.0,True,True,1,13.565070403996579,5.0,8.590775928185376,STATIC_CURRENT_SNAPSHOT,False
col_eadac3374f095a63b927c12303b7218a,2024-04,2.0,7705.0,0.23565908498167493,6681.5,2.0,1.0,1.0,1.0,True,True,1,13.565070403996579,5.0,8.590775928185376,STATIC_CURRENT_SNAPSHOT,False
col_eadac3374f095a63b927c12303b7218a,2024-05,2.0,8097.5,0.04728212779801582,7339.833333333333,2.0,1.0,1.0,1.0,True,True,1,13.565070403996579,5.0,8.590775928185376,STATIC_CURRENT_SNAPSHOT,False
col_eadac3374f095a63b927c12303b7218a,2024-06,2.0,7764.0,0.11840968020743302,7182.666666666667,1.0,0.5,0.5,0.5,True,True,1,13.565070403996579,5.0,8.590775928185376,STATIC_CURRENT_SNAPSHOT,False
col_eadac3374f095a63b927c12303b7218a,2024-07,2.0,8016.5,-0.08607347296573939,8306.833333333334,2.0,1.0,1.0,1.0,True,True,1,13.565070403996579,5.0,8.590775928185376,STATIC_CURRENT_SNAPSHOT,False
col_eadac3374f095a63b927c12303b7218a,2024-08,2.0,7276.0,-0.09367222873352472,8033.0,2.0,1.0,1.0,1.0,True,True,1,13.565070403996579,5.0,8.590775928185376,STATIC_CURRENT_SNAPSHOT,False
col_eadac3374f095a63b927c12303b7218a,2024-09,2.0,6648.0,0.01729150726855394,6839.0,1.0,0.5,0.5,0.5,True,True,1,13.565070403996579,5.0,8.590775928185376,STATIC_CURRENT_SNAPSHOT,False
col_eadac3374f095a63b927c12303b7218a,2024-10,2.0,7298.5,0.0014610930828767464,7284.833333333334,2.0,1.0,1.0,1.0,True,True,1,13.565070403996579,5.0,8.590775928185376,STATIC_CURRENT_SNAPSHOT,False
col_eadac3374f095a63b927c12303b7218a,2024-11,2.0,,,,0.0,0.0,0.0,0.0,False,True,1,13.565070403996579,5.0,8.590775928185376,STATIC_CURRENT_SNAPSHOT,False
col_eadac3374f095a63b927c12303b7218a,2024-12,2.0,7563.5,,,2.0,1.0,0.0,0.0,True,True,1,13.565070403996579,5.0,8.590775928185376,STATIC_CURRENT_SNAPSHOT,False
col_eadac3374f095a63b927c12303b7218a,2025-01,2.0,6864.0,-0.09431100433031783,,2.0,1.0,1.0,0.0,True,True,1,13.565070403996579,5.0,8.590775928185376,STATIC_CURRENT_SNAPSHOT,False
col_eadac3374f095a63b927c12303b7218a,2025-02,2.0,,,,0.0,0.0,0.0,0.0,False,True,1,13.565070403996579,5.0,8.590775928185376,STATIC_CURRENT_SNAPSHOT,False
col_eadac3374f095a63b927c12303b7218a,2025-03,2.0,6077.0,-0.0003290014805066623,6072.0,1.0,0.5,0.5,0.5,True,True,1,13.565070403996579,5.0,8.590775928185376,STATIC_CURRENT_SNAPSHOT,False
col_eadac3374f095a63b927c12303b7218a,2025-04,2.0,7394.0,0.09101496982546078,7100.333333333334,2.0,1.0,1.0,1.0,True,True,1,13.565070403996579,5.0,8.590775928185376,STATIC_CURRENT_SNAPSHOT,False
col_eadac3374f095a63b927c12303b7218a,2025-05,2.0,6700.0,-0.03277031904143208,6568.0,1.0,0.5,0.5,0.5,True,True,1,13.565070403996579,5.0,8.590775928185376,STATIC_CURRENT_SNAPSHOT,False
col_eadac3374f095a63b927c12303b7218a,2025-06,2.0,7252.5,0.03309000847291925,7220.166666666666,2.0,1.0,1.0,1.0,True,True,1,13.565070403996579,5.0,8.590775928185376,STATIC_CURRENT_SNAPSHOT,False
col_eadac3374f095a63b927c12303b7218a,2025-07,2.0,6505.5,-0.10134024879630091,6924.0,2.0,1.0,1.0,1.0,True,True,1,13.565070403996579,5.0,8.590775928185376,STATIC_CURRENT_SNAPSHOT,False
col_eadac3374f095a63b927c12303b7218a,2025-08,2.0,7253.0,0.11391572831462307,7003.666666666667,2.0,1.0,1.0,1.0,True,True,1,13.565070403996579,5.0,8.590775928185376,STATIC_CURRENT_SNAPSHOT,False
col_eadac3374f095a63b927c12303b7218a,2025-09,2.0,7249.0,-0.057592303692147684,7226.666666666667,1.0,0.5,0.5,0.5,True,True,1,13.565070403996579,5.0,8.590775928185376,STATIC_CURRENT_SNAPSHOT,False
col_eadac3374f095a63b927c12303b7218a,2025-10,2.0,6829.0,-0.025178192299121445,7028.833333333333,2.0,1.0,1.0,1.0,True,True,1,13.565070403996579,5.0,8.590775928185376,STATIC_CURRENT_SNAPSHOT,False
col_eadac3374f095a63b927c12303b7218a,2025-11,2.0,6982.5,0.023231162808836442,6938.666666666666,2.0,1.0,1.0,1.0,True,True,1,13.565070403996579,5.0,8.590775928185376,STATIC_CURRENT_SNAPSHOT,False
col_eadac3374f095a63b927c12303b7218a,2025-12,2.0,6762.5,-0.03202799165955126,6858.0,2.0,1.0,1.0,1.0,True,True,1,13.565070403996579,5.0,8.590775928185376,STATIC_CURRENT_SNAPSHOT,False
col_eadac3374f095a63b927c12303b7218a,2026-01,2.0,6516.0,-0.034888247994234664,6753.666666666667,2.0,1.0,1.0,1.0,True,True,1,13.565070403996579,5.0,8.590775928185376,STATIC_CURRENT_SNAPSHOT,False
col_eadac3374f095a63b927c12303b7218a,2026-02,2.0,6871.0,0.05404238219230961,6716.5,2.0,1.0,1.0,1.0,True,True,1,13.565070403996579,5.0,8.590775928185376,STATIC_CURRENT_SNAPSHOT,False
col_eadac3374f095a63b927c12303b7218a,2026-03,2.0,6666.0,-0.032784523655816314,6684.333333333333,2.0,1.0,1.0,1.0,True,True,1,13.565070403996579,5.0,8.590775928185376,STATIC_CURRENT_SNAPSHOT,False
col_eadac3374f095a63b927c12303b7218a,2026-04,2.0,7710.0,0.160812007424916,7082.333333333334,2.0,1.0,1.0,1.0,True,True,1,13.565070403996579,5.0,8.590775928185376,STATIC_CURRENT_SNAPSHOT,False
col_eadac3374f095a63b927c12303b7218a,2026-05,2.0,7380.0,-0.04428451433865621,7252.0,2.0,1.0,1.0,1.0,True,True,1,13.565070403996579,5.0,8.590775928185376,STATIC_CURRENT_SNAPSHOT,False
col_eadac3374f095a63b927c12303b7218a,2026-06,2.0,6813.0,0.025127896479085164,6850.0,1.0,0.5,0.5,0.5,True,True,1,13.565070403996579,5.0,8.590775928185376,STATIC_CURRENT_SNAPSHOT,False
col_eadac3374f095a63b927c12303b7218a,2026-07,2.0,7369.0,-0.11291681714216925,7930.0,1.0,0.5,0.5,0.5,True,True,1,13.565070403996579,5.0,8.590775928185376,STATIC_CURRENT_SNAPSHOT,False
col_eadac3374f095a63b927c12303b7218a,2026-08,2.0,6066.0,0.018982025869309593,6277.333333333333,1.0,0.5,0.5,0.5,True,True,1,13.565070403996579,5.0,8.590775928185376,STATIC_CURRENT_SNAPSHOT,False
col_eb93b25ca61954fa8e9ee2ca2ca57f16,2023-01,3.0,,,,0.0,0.0,0.0,0.0,False,True,18,7.1952227526424934,76.0,13.999009259417857,STATIC_CURRENT_SNAPSHOT,False
col_eb93b25ca61954fa8e9ee2ca2ca57f16,2023-02,3.0,,,,0.0,0.0,0.0,0.0,False,True,18,7.1952227526424934,76.0,13.999009259417857,STATIC_CURRENT_SNAPSHOT,False
col_eb93b25ca61954fa8e9ee2ca2ca57f16,2023-03,3.0,,,,0.0,0.0,0.0,0.0,False,True,18,7.1952227526424934,76.0,13.999009259417857,STATIC_CURRENT_SNAPSHOT,False
col_eb93b25ca61954fa8e9ee2ca2ca57f16,2023-04,3.0,,,,0.0,0.0,0.0,0.0,False,True,18,7.1952227526424934,76.0,13.999009259417857,STATIC_CURRENT_SNAPSHOT,False
col_eb93b25ca61954fa8e9ee2ca2ca57f16,2023-05,3.0,,,,0.0,0.0,0.0,0.0,False,True,18,7.1952227526424934,76.0,13.999009259417857,STATIC_CURRENT_SNAPSHOT,False
col_eb93b25ca61954fa8e9ee2ca2ca57f16,2023-06,3.0,,,,0.0,0.0,0.0,0.0,False,True,18,7.1952227526424934,76.0,13.999009259417857,STATIC_CURRENT_SNAPSHOT,False
col_eb93b25ca61954fa8e9ee2ca2ca57f16,2023-07,3.0,,,,0.0,0.0,0.0,0.0,False,True,18,7.1952227526424934,76.0,13.999009259417857,STATIC_CURRENT_SNAPSHOT,False
col_eb93b25ca61954fa8e9ee2ca2ca57f16,2023-08,3.0,,,,0.0,0.0,0.0,0.0,False,True,18,7.1952227526424934,76.0,13.999009259417857,STATIC_CURRENT_SNAPSHOT,False
col_eb93b25ca61954fa8e9ee2ca2ca57f16,2023-09,3.0,,,,0.0,0.0,0.0,0.0,False,True,18,7.1952227526424934,76.0,13.999009259417857,STATIC_CURRENT_SNAPSHOT,False
col_eb93b25ca61954fa8e9ee2ca2ca57f16,2023-10,3.0,,,,0.0,0.0,0.0,0.0,False,True,18,7.1952227526424934,76.0,13.999009259417857,STATIC_CURRENT_SNAPSHOT,False
col_eb93b25ca61954fa8e9ee2ca2ca57f16,2023-11,3.0,,,,0.0,0.0,0.0,0.0,False,True,18,7.1952227526424934,76.0,13.999009259417857,STATIC_CURRENT_SNAPSHOT,False
col_eb93b25ca61954fa8e9ee2ca2ca57f16,2023-12,3.0,,,,0.0,0.0,0.0,0.0,False,True,18,7.1952227526424934,76.0,13.999009259417857,STATIC_CURRENT_SNAPSHOT,False
col_eb93b25ca61954fa8e9ee2ca2ca57f16,2024-01,3.0,,,,0.0,0.0,0.0,0.0,False,True,18,7.1952227526424934,76.0,13.999009259417857,STATIC_CURRENT_SNAPSHOT,False
col_eb93b25ca61954fa8e9ee2ca2ca57f16,2024-02,3.0,,,,0.0,0.0,0.0,0.0,False,True,18,7.1952227526424934,76.0,13.999009259417857,STATIC_CURRENT_SNAPSHOT,False
col_eb93b25ca61954fa8e9ee2ca2ca57f16,2024-03,3.0,,,,0.0,0.0,0.0,0.0,False,True,18,7.1952227526424934,76.0,13.999009259417857,STATIC_CURRENT_SNAPSHOT,False
col_eb93b25ca61954fa8e9ee2ca2ca57f16,2024-04,3.0,,,,0.0,0.0,0.0,0.0,False,True,18,7.1952227526424934,76.0,13.999009259417857,STATIC_CURRENT_SNAPSHOT,False
col_eb93b25ca61954fa8e9ee2ca2ca57f16,2024-05,3.0,,,,0.0,0.0,0.0,0.0,False,True,18,7.1952227526424934,76.0,13.999009259417857,STATIC_CURRENT_SNAPSHOT,False
col_eb93b25ca61954fa8e9ee2ca2ca57f16,2024-06,3.0,,,,0.0,0.0,0.0,0.0,False,True,18,7.1952227526424934,76.0,13.999009259417857,STATIC_CURRENT_SNAPSHOT,False
col_eb93b25ca61954fa8e9ee2ca2ca57f16,2024-07,3.0,,,,0.0,0.0,0.0,0.0,False,True,18,7.1952227526424934,76.0,13.999009259417857,STATIC_CURRENT_SNAPSHOT,False
col_eb93b25ca61954fa8e9ee2ca2ca57f16,2024-08,3.0,,,,0.0,0.0,0.0,0.0,False,True,18,7.1952227526424934,76.0,13.999009259417857,STATIC_CURRENT_SNAPSHOT,False
col_eb93b25ca61954fa8e9ee2ca2ca57f16,2024-09,3.0,,,,0.0,0.0,0.0,0.0,False,True,18,7.1952227526424934,76.0,13.999009259417857,STATIC_CURRENT_SNAPSHOT,False
col_eb93b25ca61954fa8e9ee2ca2ca57f16,2024-10,3.0,225811.66666666666,-0.010957761594028437,111193.33333333331,3.0,1.0,0.6666666666666666,0.3333333333333333,True,True,18,7.1952227526424934,76.0,13.999009259417857,STATIC_CURRENT_SNAPSHOT,False
col_eb93b25ca61954fa8e9ee2ca2ca57f16,2024-11,3.0,,,,0.0,0.0,0.0,0.0,False,True,18,7.1952227526424934,76.0,13.999009259417857,STATIC_CURRENT_SNAPSHOT,False
col_eb93b25ca61954fa8e9ee2ca2ca57f16,2024-12,3.0,,,,0.0,0.0,0.0,0.0,False,True,18,7.1952227526424934,76.0,13.999009259417857,STATIC_CURRENT_SNAPSHOT,False
col_eb93b25ca61954fa8e9ee2ca2ca57f16,2025-01,3.0,,,,0.0,0.0,0.0,0.0,False,True,18,7.1952227526424934,76.0,13.999009259417857,STATIC_CURRENT_SNAPSHOT,False
col_eb93b25ca61954fa8e9ee2ca2ca57f16,2025-02,3.0,,,,0.0,0.0,0.0,0.0,False,True,18,7.1952227526424934,76.0,13.999009259417857,STATIC_CURRENT_SNAPSHOT,False
col_eb93b25ca61954fa8e9ee2ca2ca57f16,2025-03,3.0,,,,0.0,0.0,0.0,0.0,False,True,18,7.1952227526424934,76.0,13.999009259417857,STATIC_CURRENT_SNAPSHOT,False
col_eb93b25ca61954fa8e9ee2ca2ca57f16,2025-04,3.0,,,,0.0,0.0,0.0,0.0,False,True,18,7.1952227526424934,76.0,13.999009259417857,STATIC_CURRENT_SNAPSHOT,False
col_eb93b25ca61954fa8e9ee2ca2ca57f16,2025-05,3.0,,,,0.0,0.0,0.0,0.0,False,True,18,7.1952227526424934,76.0,13.999009259417857,STATIC_CURRENT_SNAPSHOT,False
col_eb93b25ca61954fa8e9ee2ca2ca57f16,2025-06,3.0,114251.0,0.034638581493488856,113393.66666666667,1.0,0.3333333333333333,0.3333333333333333,0.3333333333333333,True,True,18,7.1952227526424934,76.0,13.999009259417857,STATIC_CURRENT_SNAPSHOT,False
col_eb93b25ca61954fa8e9ee2ca2ca57f16,2025-07,3.0,,,,0.0,0.0,0.0,0.0,False,True,18,7.1952227526424934,76.0,13.999009259417857,STATIC_CURRENT_SNAPSHOT,False
col_eb93b25ca61954fa8e9ee2ca2ca57f16,2025-08,3.0,,,,0.0,0.0,0.0,0.0,False,True,18,7.1952227526424934,76.0,13.999009259417857,STATIC_CURRENT_SNAPSHOT,False
col_eb93b25ca61954fa8e9ee2ca2ca57f16,2025-09,3.0,,,,0.0,0.0,0.0,0.0,False,True,18,7.1952227526424934,76.0,13.999009259417857,STATIC_CURRENT_SNAPSHOT,False
col_eb93b25ca61954fa8e9ee2ca2ca57f16,2025-10,3.0,,,,0.0,0.0,0.0,0.0,False,True,18,7.1952227526424934,76.0,13.999009259417857,STATIC_CURRENT_SNAPSHOT,False
col_eb93b25ca61954fa8e9ee2ca2ca57f16,2025-11,3.0,,,,0.0,0.0,0.0,0.0,False,True,18,7.1952227526424934,76.0,13.999009259417857,STATIC_CURRENT_SNAPSHOT,False
col_eb93b25ca61954fa8e9ee2ca2ca57f16,2025-12,3.0,,,,0.0,0.0,0.0,0.0,False,True,18,7.1952227526424934,76.0,13.999009259417857,STATIC_CURRENT_SNAPSHOT,False
col_eb93b25ca61954fa8e9ee2ca2ca57f16,2026-01,3.0,,,,0.0,0.0,0.0,0.0,False,True,18,7.1952227526424934,76.0,13.999009259417857,STATIC_CURRENT_SNAPSHOT,False
col_eb93b25ca61954fa8e9ee2ca2ca57f16,2026-02,3.0,,,,0.0,0.0,0.0,0.0,False,True,18,7.1952227526424934,76.0,13.999009259417857,STATIC_CURRENT_SNAPSHOT,False
col_eb93b25ca61954fa8e9ee2ca2ca57f16,2026-03,3.0,,,,0.0,0.0,0.0,0.0,False,True,18,7.1952227526424934,76.0,13.999009259417857,STATIC_CURRENT_SNAPSHOT,False
col_eb93b25ca61954fa8e9ee2ca2ca57f16,2026-04,3.0,,,,0.0,0.0,0.0,0.0,False,True,18,7.1952227526424934,76.0,13.999009259417857,STATIC_CURRENT_SNAPSHOT,False
col_eb93b25ca61954fa8e9ee2ca2ca57f16,2026-05,3.0,,,,0.0,0.0,0.0,0.0,False,True,18,7.1952227526424934,76.0,13.999009259417857,STATIC_CURRENT_SNAPSHOT,False
col_eb93b25ca61954fa8e9ee2ca2ca57f16,2026-06,3.0,,,,0.0,0.0,0.0,0.0,False,True,18,7.1952227526424934,76.0,13.999009259417857,STATIC_CURRENT_SNAPSHOT,False
col_eb93b25ca61954fa8e9ee2ca2ca57f16,2026-07,3.0,,,,0.0,0.0,0.0,0.0,False,True,18,7.1952227526424934,76.0,13.999009259417857,STATIC_CURRENT_SNAPSHOT,False
col_eb93b25ca61954fa8e9ee2ca2ca57f16,2026-08,3.0,,,,0.0,0.0,0.0,0.0,False,True,18,7.1952227526424934,76.0,13.999009259417857,STATIC_CURRENT_SNAPSHOT,False
col_ee0096c66b1754fb83cf4c4170f93dd6,2023-01,1.0,,,,0.0,0.0,0.0,0.0,False,True,1,3.5745398426631905,11.0,3.963206162612379,STATIC_CURRENT_SNAPSHOT,False
col_ee0096c66b1754fb83cf4c4170f93dd6,2023-02,1.0,,,,0.0,0.0,0.0,0.0,False,True,1,3.5745398426631905,11.0,3.963206162612379,STATIC_CURRENT_SNAPSHOT,False
col_ee0096c66b1754fb83cf4c4170f93dd6,2023-03,1.0,,,,0.0,0.0,0.0,0.0,False,True,1,3.5745398426631905,11.0,3.963206162612379,STATIC_CURRENT_SNAPSHOT,False
col_ee0096c66b1754fb83cf4c4170f93dd6,2023-04,1.0,,,,0.0,0.0,0.0,0.0,False,True,1,3.5745398426631905,11.0,3.963206162612379,STATIC_CURRENT_SNAPSHOT,False
col_ee0096c66b1754fb83cf4c4170f93dd6,2023-05,1.0,,,,0.0,0.0,0.0,0.0,False,True,1,3.5745398426631905,11.0,3.963206162612379,STATIC_CURRENT_SNAPSHOT,False
col_ee0096c66b1754fb83cf4c4170f93dd6,2023-06,1.0,,,,0.0,0.0,0.0,0.0,False,True,1,3.5745398426631905,11.0,3.963206162612379,STATIC_CURRENT_SNAPSHOT,False
col_ee0096c66b1754fb83cf4c4170f93dd6,2023-07,1.0,,,,0.0,0.0,0.0,0.0,False,True,1,3.5745398426631905,11.0,3.963206162612379,STATIC_CURRENT_SNAPSHOT,False
col_ee0096c66b1754fb83cf4c4170f93dd6,2023-08,1.0,,,,0.0,0.0,0.0,0.0,False,True,1,3.5745398426631905,11.0,3.963206162612379,STATIC_CURRENT_SNAPSHOT,False
col_ee0096c66b1754fb83cf4c4170f93dd6,2023-09,1.0,,,,0.0,0.0,0.0,0.0,False,True,1,3.5745398426631905,11.0,3.963206162612379,STATIC_CURRENT_SNAPSHOT,False
col_ee0096c66b1754fb83cf4c4170f93dd6,2023-10,1.0,,,,0.0,0.0,0.0,0.0,False,True,1,3.5745398426631905,11.0,3.963206162612379,STATIC_CURRENT_SNAPSHOT,False
col_ee0096c66b1754fb83cf4c4170f93dd6,2023-11,1.0,14619.0,1.260204081632653,,1.0,1.0,1.0,0.0,True,True,1,3.5745398426631905,11.0,3.963206162612379,STATIC_CURRENT_SNAPSHOT,False
col_ee0096c66b1754fb83cf4c4170f93dd6,2023-12,1.0,15979.0,0.09302961898898693,12355.333333333334,1.0,1.0,1.0,1.0,True,True,1,3.5745398426631905,11.0,3.963206162612379,STATIC_CURRENT_SNAPSHOT,False
col_ee0096c66b1754fb83cf4c4170f93dd6,2024-01,1.0,21844.0,0.3670442455723137,17480.666666666668,1.0,1.0,1.0,1.0,True,True,1,3.5745398426631905,11.0,3.963206162612379,STATIC_CURRENT_SNAPSHOT,False
col_ee0096c66b1754fb83cf4c4170f93dd6,2024-02,1.0,,,,0.0,0.0,0.0,0.0,False,True,1,3.5745398426631905,11.0,3.963206162612379,STATIC_CURRENT_SNAPSHOT,False
col_ee0096c66b1754fb83cf4c4170f93dd6,2024-03,1.0,,,,0.0,0.0,0.0,0.0,False,True,1,3.5745398426631905,11.0,3.963206162612379,STATIC_CURRENT_SNAPSHOT,False
col_ee0096c66b1754fb83cf4c4170f93dd6,2024-04,1.0,49747.0,0.16574495008670384,43040.0,1.0,1.0,1.0,1.0,True,True,1,3.5745398426631905,11.0,3.963206162612379,STATIC_CURRENT_SNAPSHOT,False
col_ee0096c66b1754fb83cf4c4170f93dd6,2024-05,1.0,54183.0,0.08917120630389773,48868.0,1.0,1.0,1.0,1.0,True,True,1,3.5745398426631905,11.0,3.963206162612379,STATIC_CURRENT_SNAPSHOT,False
col_ee0096c66b1754fb83cf4c4170f93dd6,2024-06,1.0,,,,0.0,0.0,0.0,0.0,False,True,1,3.5745398426631905,11.0,3.963206162612379,STATIC_CURRENT_SNAPSHOT,False
col_ee0096c66b1754fb83cf4c4170f93dd6,2024-07,1.0,,,,0.0,0.0,0.0,0.0,False,True,1,3.5745398426631905,11.0,3.963206162612379,STATIC_CURRENT_SNAPSHOT,False
col_ee0096c66b1754fb83cf4c4170f93dd6,2024-08,1.0,,,,0.0,0.0,0.0,0.0,False,True,1,3.5745398426631905,11.0,3.963206162612379,STATIC_CURRENT_SNAPSHOT,False
col_ee0096c66b1754fb83cf4c4170f93dd6,2024-09,1.0,,,,0.0,0.0,0.0,0.0,False,True,1,3.5745398426631905,11.0,3.963206162612379,STATIC_CURRENT_SNAPSHOT,False
col_ee0096c66b1754fb83cf4c4170f93dd6,2024-10,1.0,52344.0,-0.03270872602284067,52461.666666666664,1.0,1.0,1.0,1.0,True,True,1,3.5745398426631905,11.0,3.963206162612379,STATIC_CURRENT_SNAPSHOT,False
col_ee0096c66b1754fb83cf4c4170f93dd6,2024-11,1.0,,,,0.0,0.0,0.0,0.0,False,True,1,3.5745398426631905,11.0,3.963206162612379,STATIC_CURRENT_SNAPSHOT,False
col_ee0096c66b1754fb83cf4c4170f93dd6,2024-12,1.0,,,,0.0,0.0,0.0,0.0,False,True,1,3.5745398426631905,11.0,3.963206162612379,STATIC_CURRENT_SNAPSHOT,False
col_ee0096c66b1754fb83cf4c4170f93dd6,2025-01,1.0,,,,0.0,0.0,0.0,0.0,False,True,1,3.5745398426631905,11.0,3.963206162612379,STATIC_CURRENT_SNAPSHOT,False
col_ee0096c66b1754fb83cf4c4170f93dd6,2025-02,1.0,,,,0.0,0.0,0.0,0.0,False,True,1,3.5745398426631905,11.0,3.963206162612379,STATIC_CURRENT_SNAPSHOT,False
col_ee0096c66b1754fb83cf4c4170f93dd6,2025-03,1.0,,,,0.0,0.0,0.0,0.0,False,True,1,3.5745398426631905,11.0,3.963206162612379,STATIC_CURRENT_SNAPSHOT,False
col_ee0096c66b1754fb83cf4c4170f93dd6,2025-04,1.0,,,,0.0,0.0,0.0,0.0,False,True,1,3.5745398426631905,11.0,3.963206162612379,STATIC_CURRENT_SNAPSHOT,False
col_ee0096c66b1754fb83cf4c4170f93dd6,2025-05,1.0,,,,0.0,0.0,0.0,0.0,False,True,1,3.5745398426631905,11.0,3.963206162612379,STATIC_CURRENT_SNAPSHOT,False
col_ee0096c66b1754fb83cf4c4170f93dd6,2025-06,1.0,,,,0.0,0.0,0.0,0.0,False,True,1,3.5745398426631905,11.0,3.963206162612379,STATIC_CURRENT_SNAPSHOT,False
col_ee0096c66b1754fb83cf4c4170f93dd6,2025-07,1.0,,,,0.0,0.0,0.0,0.0,False,True,1,3.5745398426631905,11.0,3.963206162612379,STATIC_CURRENT_SNAPSHOT,False
col_ee0096c66b1754fb83cf4c4170f93dd6,2025-08,1.0,50867.0,0.11565118217309295,50106.666666666664,1.0,1.0,1.0,1.0,True,True,1,3.5745398426631905,11.0,3.963206162612379,STATIC_CURRENT_SNAPSHOT,False
col_ee0096c66b1754fb83cf4c4170f93dd6,2025-09,1.0,,,,0.0,0.0,0.0,0.0,False,True,1,3.5745398426631905,11.0,3.963206162612379,STATIC_CURRENT_SNAPSHOT,False
col_ee0096c66b1754fb83cf4c4170f93dd6,2025-10,1.0,,,,0.0,0.0,0.0,0.0,False,True,1,3.5745398426631905,11.0,3.963206162612379,STATIC_CURRENT_SNAPSHOT,False
col_ee0096c66b1754fb83cf4c4170f93dd6,2025-11,1.0,,,,0.0,0.0,0.0,0.0,False,True,1,3.5745398426631905,11.0,3.963206162612379,STATIC_CURRENT_SNAPSHOT,False
col_ee0096c66b1754fb83cf4c4170f93dd6,2025-12,1.0,,,,0.0,0.0,0.0,0.0,False,True,1,3.5745398426631905,11.0,3.963206162612379,STATIC_CURRENT_SNAPSHOT,False
col_ee0096c66b1754fb83cf4c4170f93dd6,2026-01,1.0,,,,0.0,0.0,0.0,0.0,False,True,1,3.5745398426631905,11.0,3.963206162612379,STATIC_CURRENT_SNAPSHOT,False
col_ee0096c66b1754fb83cf4c4170f93dd6,2026-02,1.0,,,,0.0,0.0,0.0,0.0,False,True,1,3.5745398426631905,11.0,3.963206162612379,STATIC_CURRENT_SNAPSHOT,False
col_ee0096c66b1754fb83cf4c4170f93dd6,2026-03,1.0,,,,0.0,0.0,0.0,0.0,False,True,1,3.5745398426631905,11.0,3.963206162612379,STATIC_CURRENT_SNAPSHOT,False
col_ee0096c66b1754fb83cf4c4170f93dd6,2026-04,1.0,,,,0.0,0.0,0.0,0.0,False,True,1,3.5745398426631905,11.0,3.963206162612379,STATIC_CURRENT_SNAPSHOT,False
col_ee0096c66b1754fb83cf4c4170f93dd6,2026-05,1.0,,,,0.0,0.0,0.0,0.0,False,True,1,3.5745398426631905,11.0,3.963206162612379,STATIC_CURRENT_SNAPSHOT,False
col_ee0096c66b1754fb83cf4c4170f93dd6,2026-06,1.0,51366.0,0.039145475511318806,50596.0,1.0,1.0,1.0,1.0,True,True,1,3.5745398426631905,11.0,3.963206162612379,STATIC_CURRENT_SNAPSHOT,False
col_ee0096c66b1754fb83cf4c4170f93dd6,2026-07,1.0,,,,0.0,0.0,0.0,0.0,False,True,1,3.5745398426631905,11.0,3.963206162612379,STATIC_CURRENT_SNAPSHOT,False
col_ee0096c66b1754fb83cf4c4170f93dd6,2026-08,1.0,,,,0.0,0.0,0.0,0.0,False,True,1,3.5745398426631905,11.0,3.963206162612379,STATIC_CURRENT_SNAPSHOT,False
col_f1b446f58ae65b7f8a814bab39bf17dc,2023-01,4.0,,,,0.0,0.0,0.0,0.0,False,True,13,10.196512432522155,49.0,12.015032658478109,STATIC_CURRENT_SNAPSHOT,False
col_f1b446f58ae65b7f8a814bab39bf17dc,2023-02,4.0,16547.5,,,2.0,0.5,0.0,0.0,True,True,13,10.196512432522155,49.0,12.015032658478109,STATIC_CURRENT_SNAPSHOT,False
col_f1b446f58ae65b7f8a814bab39bf17dc,2023-03,4.0,18647.5,0.12691107118489586,,2.0,0.5,0.5,0.0,True,True,13,10.196512432522155,49.0,12.015032658478109,STATIC_CURRENT_SNAPSHOT,False
col_f1b446f58ae65b7f8a814bab39bf17dc,2023-04,4.0,24953.0,0.3391113019212193,20032.666666666668,1.0,0.25,0.25,0.25,True,True,13,10.196512432522155,49.0,12.015032658478109,STATIC_CURRENT_SNAPSHOT,False
col_f1b446f58ae65b7f8a814bab39bf17dc,2023-05,4.0,,,,0.0,0.0,0.0,0.0,False,True,13,10.196512432522155,49.0,12.015032658478109,STATIC_CURRENT_SNAPSHOT,False
col_f1b446f58ae65b7f8a814bab39bf17dc,2023-06,4.0,30062.0,0.16636920928067045,26929.666666666668,1.0,0.25,0.25,0.25,True,True,13,10.196512432522155,49.0,12.015032658478109,STATIC_CURRENT_SNAPSHOT,False
col_f1b446f58ae65b7f8a814bab39bf17dc,2023-07,4.0,,,,0.0,0.0,0.0,0.0,False,True,13,10.196512432522155,49.0,12.015032658478109,STATIC_CURRENT_SNAPSHOT,False
col_f1b446f58ae65b7f8a814bab39bf17dc,2023-08,4.0,23187.0,-0.030562756083284556,23670.666666666668,1.0,0.25,0.25,0.25,True,True,13,10.196512432522155,49.0,12.015032658478109,STATIC_CURRENT_SNAPSHOT,False
col_f1b446f58ae65b7f8a814bab39bf17dc,2023-09,4.0,26982.0,0.16366929745115796,24695.666666666668,1.0,0.25,0.25,0.25,True,True,13,10.196512432522155,49.0,12.015032658478109,STATIC_CURRENT_SNAPSHOT,False
col_f1b446f58ae65b7f8a814bab39bf17dc,2023-10,4.0,,,,0.0,0.0,0.0,0.0,False,True,13,10.196512432522155,49.0,12.015032658478109,STATIC_CURRENT_SNAPSHOT,False
col_f1b446f58ae65b7f8a814bab39bf17dc,2023-11,4.0,,,,0.0,0.0,0.0,0.0,False,True,13,10.196512432522155,49.0,12.015032658478109,STATIC_CURRENT_SNAPSHOT,False
col_f1b446f58ae65b7f8a814bab39bf17dc,2023-12,4.0,,,,0.0,0.0,0.0,0.0,False,True,13,10.196512432522155,49.0,12.015032658478109,STATIC_CURRENT_SNAPSHOT,False
col_f1b446f58ae65b7f8a814bab39bf17dc,2024-01,4.0,29077.5,-0.2075992538210168,30086.666666666668,2.0,0.5,0.5,0.25,True,True,13,10.196512432522155,49.0,12.015032658478109,STATIC_CURRENT_SNAPSHOT,False
col_f1b446f58ae65b7f8a814bab39bf17dc,2024-02,4.0,40781.0,0.2146239761727476,38342.333333333336,1.0,0.25,0.25,0.25,True,True,13,10.196512432522155,49.0,12.015032658478109,STATIC_CURRENT_SNAPSHOT,False
col_f1b446f58ae65b7f8a814bab39bf17dc,2024-03,4.0,,,,0.0,0.0,0.0,0.0,False,True,13,10.196512432522155,49.0,12.015032658478109,STATIC_CURRENT_SNAPSHOT,False
col_f1b446f58ae65b7f8a814bab39bf17dc,2024-04,4.0,41038.0,0.047220559877269606,38807.16666666667,2.0,0.5,0.5,0.5,True,True,13,10.196512432522155,49.0,12.015032658478109,STATIC_CURRENT_SNAPSHOT,False
col_f1b446f58ae65b7f8a814bab39bf17dc,2024-05,4.0,49112.0,0.07053797192431772,45954.0,1.0,0.25,0.25,0.25,True,True,13,10.196512432522155,49.0,12.015032658478109,STATIC_CURRENT_SNAPSHOT,False
col_f1b446f58ae65b7f8a814bab39bf17dc,2024-06,4.0,,,,0.0,0.0,0.0,0.0,False,True,13,10.196512432522155,49.0,12.015032658478109,STATIC_CURRENT_SNAPSHOT,False
col_f1b446f58ae65b7f8a814bab39bf17dc,2024-07,4.0,,,,0.0,0.0,0.0,0.0,False,True,13,10.196512432522155,49.0,12.015032658478109,STATIC_CURRENT_SNAPSHOT,False
col_f1b446f58ae65b7f8a814bab39bf17dc,2024-08,4.0,,,,0.0,0.0,0.0,0.0,False,True,13,10.196512432522155,49.0,12.015032658478109,STATIC_CURRENT_SNAPSHOT,False
col_f1b446f58ae65b7f8a814bab39bf17dc,2024-09,4.0,,,,0.0,0.0,0.0,0.0,False,True,13,10.196512432522155,49.0,12.015032658478109,STATIC_CURRENT_SNAPSHOT,False
col_f1b446f58ae65b7f8a814bab39bf17dc,2024-10,4.0,66030.66666666667,-0.0085954131977305,72886.5,3.0,0.75,0.5,0.5,True,True,13,10.196512432522155,49.0,12.015032658478109,STATIC_CURRENT_SNAPSHOT,False
col_f1b446f58ae65b7f8a814bab39bf17dc,2024-11,4.0,,,,0.0,0.0,0.0,0.0,False,True,13,10.196512432522155,49.0,12.015032658478109,STATIC_CURRENT_SNAPSHOT,False
col_f1b446f58ae65b7f8a814bab39bf17dc,2024-12,4.0,,,,0.0,0.0,0.0,0.0,False,True,13,10.196512432522155,49.0,12.015032658478109,STATIC_CURRENT_SNAPSHOT,False
col_f1b446f58ae65b7f8a814bab39bf17dc,2025-01,4.0,39306.5,-0.19377279439223033,,2.0,0.5,0.5,0.0,True,True,13,10.196512432522155,49.0,12.015032658478109,STATIC_CURRENT_SNAPSHOT,False
col_f1b446f58ae65b7f8a814bab39bf17dc,2025-02,4.0,,,,0.0,0.0,0.0,0.0,False,True,13,10.196512432522155,49.0,12.015032658478109,STATIC_CURRENT_SNAPSHOT,False
col_f1b446f58ae65b7f8a814bab39bf17dc,2025-03,4.0,,,,0.0,0.0,0.0,0.0,False,True,13,10.196512432522155,49.0,12.015032658478109,STATIC_CURRENT_SNAPSHOT,False
col_f1b446f58ae65b7f8a814bab39bf17dc,2025-04,4.0,,,,0.0,0.0,0.0,0.0,False,True,13,10.196512432522155,49.0,12.015032658478109,STATIC_CURRENT_SNAPSHOT,False
col_f1b446f58ae65b7f8a814bab39bf17dc,2025-05,4.0,,,,0.0,0.0,0.0,0.0,False,True,13,10.196512432522155,49.0,12.015032658478109,STATIC_CURRENT_SNAPSHOT,False
col_f1b446f58ae65b7f8a814bab39bf17dc,2025-06,4.0,74006.5,0.05505063212858115,73248.0,2.0,0.5,0.5,0.5,True,True,13,10.196512432522155,49.0,12.015032658478109,STATIC_CURRENT_SNAPSHOT,False
col_f1b446f58ae65b7f8a814bab39bf17dc,2025-07,4.0,48535.0,-0.09407372841810546,51970.333333333336,1.0,0.25,0.25,0.25,True,True,13,10.196512432522155,49.0,12.015032658478109,STATIC_CURRENT_SNAPSHOT,False
col_f1b446f58ae65b7f8a814bab39bf17dc,2025-08,4.0,50981.0,0.05039662099515813,51030.333333333336,1.0,0.25,0.25,0.25,True,True,13,10.196512432522155,49.0,12.015032658478109,STATIC_CURRENT_SNAPSHOT,False
col_f1b446f58ae65b7f8a814bab39bf17dc,2025-09,4.0,,,,0.0,0.0,0.0,0.0,False,True,13,10.196512432522155,49.0,12.015032658478109,STATIC_CURRENT_SNAPSHOT,False
col_f1b446f58ae65b7f8a814bab39bf17dc,2025-10,4.0,,,,0.0,0.0,0.0,0.0,False,True,13,10.196512432522155,49.0,12.015032658478109,STATIC_CURRENT_SNAPSHOT,False
col_f1b446f58ae65b7f8a814bab39bf17dc,2025-11,4.0,43804.0,0.10042543566583267,40957.166666666664,2.0,0.5,0.5,0.5,True,True,13,10.196512432522155,49.0,12.015032658478109,STATIC_CURRENT_SNAPSHOT,False
col_f1b446f58ae65b7f8a814bab39bf17dc,2025-12,4.0,31245.0,-0.07504440497335702,32188.0,1.0,0.25,0.25,0.25,True,True,13,10.196512432522155,49.0,12.015032658478109,STATIC_CURRENT_SNAPSHOT,False
col_f1b446f58ae65b7f8a814bab39bf17dc,2026-01,4.0,25364.0,-0.18822211553848617,30129.666666666668,1.0,0.25,0.25,0.25,True,True,13,10.196512432522155,49.0,12.015032658478109,STATIC_CURRENT_SNAPSHOT,False
col_f1b446f58ae65b7f8a814bab39bf17dc,2026-02,4.0,,,,0.0,0.0,0.0,0.0,False,True,13,10.196512432522155,49.0,12.015032658478109,STATIC_CURRENT_SNAPSHOT,False
col_f1b446f58ae65b7f8a814bab39bf17dc,2026-03,4.0,,,,0.0,0.0,0.0,0.0,False,True,13,10.196512432522155,49.0,12.015032658478109,STATIC_CURRENT_SNAPSHOT,False
col_f1b446f58ae65b7f8a814bab39bf17dc,2026-04,4.0,30983.0,0.06058946359497484,29365.666666666668,1.0,0.25,0.25,0.25,True,True,13,10.196512432522155,49.0,12.015032658478109,STATIC_CURRENT_SNAPSHOT,False
col_f1b446f58ae65b7f8a814bab39bf17dc,2026-05,4.0,52402.0,-0.02473432469151886,51846.0,1.0,0.25,0.25,0.25,True,True,13,10.196512432522155,49.0,12.015032658478109,STATIC_CURRENT_SNAPSHOT,False
col_f1b446f58ae65b7f8a814bab39bf17dc,2026-06,4.0,29710.0,0.049378355467646226,29668.333333333332,1.0,0.25,0.25,0.25,True,True,13,10.196512432522155,49.0,12.015032658478109,STATIC_CURRENT_SNAPSHOT,False
col_f1b446f58ae65b7f8a814bab39bf17dc,2026-07,4.0,,,,0.0,0.0,0.0,0.0,False,True,13,10.196512432522155,49.0,12.015032658478109,STATIC_CURRENT_SNAPSHOT,False
col_f1b446f58ae65b7f8a814bab39bf17dc,2026-08,4.0,35188.5,0.029239731128956257,36464.166666666664,2.0,0.5,0.5,0.5,True,True,13,10.196512432522155,49.0,12.015032658478109,STATIC_CURRENT_SNAPSHOT,False
col_f685e6afce2f59ffb8b623a8882cd0ef,2023-01,4.0,,,,0.0,0.0,0.0,0.0,False,True,2,3.5578707420593463,34.0,11.812363977663006,STATIC_CURRENT_SNAPSHOT,False
col_f685e6afce2f59ffb8b623a8882cd0ef,2023-02,4.0,15717.0,,,3.0,0.75,0.0,0.0,True,True,2,3.5578707420593463,34.0,11.812363977663006,STATIC_CURRENT_SNAPSHOT,False
col_f685e6afce2f59ffb8b623a8882cd0ef,2023-03,4.0,10800.333333333334,0.01594585783588064,,3.0,0.75,0.75,0.0,True,True,2,3.5578707420593463,34.0,11.812363977663006,STATIC_CURRENT_SNAPSHOT,False
col_f685e6afce2f59ffb8b623a8882cd0ef,2023-04,4.0,14517.0,0.10546756015839172,13687.0,1.0,0.25,0.25,0.25,True,True,2,3.5578707420593463,34.0,11.812363977663006,STATIC_CURRENT_SNAPSHOT,False
col_f685e6afce2f59ffb8b623a8882cd0ef,2023-05,4.0,13588.0,0.15718023711635626,11680.833333333332,2.0,0.5,0.5,0.5,True,True,2,3.5578707420593463,34.0,11.812363977663006,STATIC_CURRENT_SNAPSHOT,False
col_f685e6afce2f59ffb8b623a8882cd0ef,2023-06,4.0,,,,0.0,0.0,0.0,0.0,False,True,2,3.5578707420593463,34.0,11.812363977663006,STATIC_CURRENT_SNAPSHOT,False
col_f685e6afce2f59ffb8b623a8882cd0ef,2023-07,4.0,8700.0,0.02679098312286085,8015.333333333333,1.0,0.25,0.25,0.25,True,True,2,3.5578707420593463,34.0,11.812363977663006,STATIC_CURRENT_SNAPSHOT,False
col_f685e6afce2f59ffb8b623a8882cd0ef,2023-08,4.0,17172.0,-0.03050369904900783,17545.222222222223,3.0,0.75,0.75,0.75,True,True,2,3.5578707420593463,34.0,11.812363977663006,STATIC_CURRENT_SNAPSHOT,False
col_f685e6afce2f59ffb8b623a8882cd0ef,2023-09,4.0,15792.5,0.13951207411592637,14726.333333333332,2.0,0.5,0.5,0.5,True,True,2,3.5578707420593463,34.0,11.812363977663006,STATIC_CURRENT_SNAPSHOT,False
col_f685e6afce2f59ffb8b623a8882cd0ef,2023-10,4.0,10609.0,0.048423757288269594,9827.666666666666,1.0,0.25,0.25,0.25,True,True,2,3.5578707420593463,34.0,11.812363977663006,STATIC_CURRENT_SNAPSHOT,False
col_f685e6afce2f59ffb8b623a8882cd0ef,2023-11,4.0,31002.75,0.1360043006197262,28382.166666666664,4.0,1.0,1.0,1.0,True,True,2,3.5578707420593463,34.0,11.812363977663006,STATIC_CURRENT_SNAPSHOT,False
col_f685e6afce2f59ffb8b623a8882cd0ef,2023-12,4.0,,,,0.0,0.0,0.0,0.0,False,True,2,3.5578707420593463,34.0,11.812363977663006,STATIC_CURRENT_SNAPSHOT,False
col_f685e6afce2f59ffb8b623a8882cd0ef,2024-01,4.0,20098.333333333332,-0.16011820263373597,22468.55555555556,3.0,0.75,0.75,0.75,True,True,2,3.5578707420593463,34.0,11.812363977663006,STATIC_CURRENT_SNAPSHOT,False
col_f685e6afce2f59ffb8b623a8882cd0ef,2024-02,4.0,30119.0,0.3768056317425489,26131.666666666668,1.0,0.25,0.25,0.25,True,True,2,3.5578707420593463,34.0,11.812363977663006,STATIC_CURRENT_SNAPSHOT,False
col_f685e6afce2f59ffb8b623a8882cd0ef,2024-03,4.0,,,,0.0,0.0,0.0,0.0,False,True,2,3.5578707420593463,34.0,11.812363977663006,STATIC_CURRENT_SNAPSHOT,False
col_f685e6afce2f59ffb8b623a8882cd0ef,2024-04,4.0,37106.0,0.016463498150938227,36152.0,1.0,0.25,0.25,0.25,True,True,2,3.5578707420593463,34.0,11.812363977663006,STATIC_CURRENT_SNAPSHOT,False
col_f685e6afce2f59ffb8b623a8882cd0ef,2024-05,4.0,,,,0.0,0.0,0.0,0.0,False,True,2,3.5578707420593463,34.0,11.812363977663006,STATIC_CURRENT_SNAPSHOT,False
col_f685e6afce2f59ffb8b623a8882cd0ef,2024-06,4.0,42799.0,0.051753372815963435,39024.0,1.0,0.25,0.25,0.25,True,True,2,3.5578707420593463,34.0,11.812363977663006,STATIC_CURRENT_SNAPSHOT,False
col_f685e6afce2f59ffb8b623a8882cd0ef,2024-07,4.0,38774.333333333336,-0.10414160828657489,41061.77777777778,3.0,0.75,0.75,0.75,True,True,2,3.5578707420593463,34.0,11.812363977663006,STATIC_CURRENT_SNAPSHOT,False
col_f685e6afce2f59ffb8b623a8882cd0ef,2024-08,4.0,37149.0,-0.04020152435085906,39551.0,1.0,0.25,0.25,0.25,True,True,2,3.5578707420593463,34.0,11.812363977663006,STATIC_CURRENT_SNAPSHOT,False
col_f685e6afce2f59ffb8b623a8882cd0ef,2024-09,4.0,,,,0.0,0.0,0.0,0.0,False,True,2,3.5578707420593463,34.0,11.812363977663006,STATIC_CURRENT_SNAPSHOT,False
col_f685e6afce2f59ffb8b623a8882cd0ef,2024-10,4.0,37382.0,-0.03827749805907466,37990.0,4.0,1.0,1.0,1.0,True,True,2,3.5578707420593463,34.0,11.812363977663006,STATIC_CURRENT_SNAPSHOT,False
col_f685e6afce2f59ffb8b623a8882cd0ef,2024-11,4.0,,,,0.0,0.0,0.0,0.0,False,True,2,3.5578707420593463,34.0,11.812363977663006,STATIC_CURRENT_SNAPSHOT,False
col_f685e6afce2f59ffb8b623a8882cd0ef,2024-12,4.0,27907.5,,,2.0,0.5,0.0,0.0,True,True,2,3.5578707420593463,34.0,11.812363977663006,STATIC_CURRENT_SNAPSHOT,False
col_f685e6afce2f59ffb8b623a8882cd0ef,2025-01,4.0,24009.0,-0.13190468792379373,,2.0,0.5,0.5,0.0,True,True,2,3.5578707420593463,34.0,11.812363977663006,STATIC_CURRENT_SNAPSHOT,False
col_f685e6afce2f59ffb8b623a8882cd0ef,2025-02,4.0,,,,0.0,0.0,0.0,0.0,False,True,2,3.5578707420593463,34.0,11.812363977663006,STATIC_CURRENT_SNAPSHOT,False
col_f685e6afce2f59ffb8b623a8882cd0ef,2025-03,4.0,28591.666666666668,-0.03111304874625638,28362.55555555555,3.0,0.75,0.75,0.75,True,True,2,3.5578707420593463,34.0,11.812363977663006,STATIC_CURRENT_SNAPSHOT,False
col_f685e6afce2f59ffb8b623a8882cd0ef,2025-04,4.0,34599.0,0.013118210301308893,35080.0,1.0,0.25,0.25,0.25,True,True,2,3.5578707420593463,34.0,11.812363977663006,STATIC_CURRENT_SNAPSHOT,False
col_f685e6afce2f59ffb8b623a8882cd0ef,2025-05,4.0,,,,0.0,0.0,0.0,0.0,False,True,2,3.5578707420593463,34.0,11.812363977663006,STATIC_CURRENT_SNAPSHOT,False
col_f685e6afce2f59ffb8b623a8882cd0ef,2025-06,4.0,28274.666666666668,0.049204533857049405,27888.77777777778,3.0,0.75,0.75,0.75,True,True,2,3.5578707420593463,34.0,11.812363977663006,STATIC_CURRENT_SNAPSHOT,False
col_f685e6afce2f59ffb8b623a8882cd0ef,2025-07,4.0,28649.0,-0.1356234967652022,31633.166666666668,2.0,0.5,0.5,0.5,True,True,2,3.5578707420593463,34.0,11.812363977663006,STATIC_CURRENT_SNAPSHOT,False
col_f685e6afce2f59ffb8b623a8882cd0ef,2025-08,4.0,31886.666666666668,0.10547388799226515,31541.88888888889,3.0,0.75,0.75,0.75,True,True,2,3.5578707420593463,34.0,11.812363977663006,STATIC_CURRENT_SNAPSHOT,False
col_f685e6afce2f59ffb8b623a8882cd0ef,2025-09,4.0,23391.5,-0.013001471958630637,22590.166666666664,2.0,0.5,0.5,0.5,True,True,2,3.5578707420593463,34.0,11.812363977663006,STATIC_CURRENT_SNAPSHOT,False
col_f685e6afce2f59ffb8b623a8882cd0ef,2025-10,4.0,,,,0.0,0.0,0.0,0.0,False,True,2,3.5578707420593463,34.0,11.812363977663006,STATIC_CURRENT_SNAPSHOT,False
col_f685e6afce2f59ffb8b623a8882cd0ef,2025-11,4.0,,,,0.0,0.0,0.0,0.0,False,True,2,3.5578707420593463,34.0,11.812363977663006,STATIC_CURRENT_SNAPSHOT,False
col_f685e6afce2f59ffb8b623a8882cd0ef,2025-12,4.0,33772.0,-0.07097271126760564,34636.333333333336,1.0,0.25,0.25,0.25,True,True,2,3.5578707420593463,34.0,11.812363977663006,STATIC_CURRENT_SNAPSHOT,False
col_f685e6afce2f59ffb8b623a8882cd0ef,2026-01,4.0,19321.0,-0.12630397929523562,22039.166666666668,2.0,0.5,0.5,0.5,True,True,2,3.5578707420593463,34.0,11.812363977663006,STATIC_CURRENT_SNAPSHOT,False
col_f685e6afce2f59ffb8b623a8882cd0ef,2026-02,4.0,,,,0.0,0.0,0.0,0.0,False,True,2,3.5578707420593463,34.0,11.812363977663006,STATIC_CURRENT_SNAPSHOT,False
col_f685e6afce2f59ffb8b623a8882cd0ef,2026-03,4.0,,,,0.0,0.0,0.0,0.0,False,True,2,3.5578707420593463,34.0,11.812363977663006,STATIC_CURRENT_SNAPSHOT,False
col_f685e6afce2f59ffb8b623a8882cd0ef,2026-04,4.0,,,,0.0,0.0,0.0,0.0,False,True,2,3.5578707420593463,34.0,11.812363977663006,STATIC_CURRENT_SNAPSHOT,False
col_f685e6afce2f59ffb8b623a8882cd0ef,2026-05,4.0,10897.0,-0.10555692358204055,11650.333333333334,1.0,0.25,0.25,0.25,True,True,2,3.5578707420593463,34.0,11.812363977663006,STATIC_CURRENT_SNAPSHOT,False
col_f685e6afce2f59ffb8b623a8882cd0ef,2026-06,4.0,29709.5,0.017934149461527524,29881.333333333332,2.0,0.5,0.5,0.5,True,True,2,3.5578707420593463,34.0,11.812363977663006,STATIC_CURRENT_SNAPSHOT,False
col_f685e6afce2f59ffb8b623a8882cd0ef,2026-07,4.0,,,,0.0,0.0,0.0,0.0,False,True,2,3.5578707420593463,34.0,11.812363977663006,STATIC_CURRENT_SNAPSHOT,False
col_f685e6afce2f59ffb8b623a8882cd0ef,2026-08,4.0,28700.5,0.11677560792723451,28136.166666666668,2.0,0.5,0.5,0.5,True,True,2,3.5578707420593463,34.0,11.812363977663006,STATIC_CURRENT_SNAPSHOT,False
col_f884dc870afb59218eed6bb359ce0e0f,2023-01,,,,,,,,,False,False,2,,,,STATIC_CURRENT_SNAPSHOT,False
col_f884dc870afb59218eed6bb359ce0e0f,2023-02,,,,,,,,,False,False,2,,,,STATIC_CURRENT_SNAPSHOT,False
col_f884dc870afb59218eed6bb359ce0e0f,2023-03,,,,,,,,,False,False,2,,,,STATIC_CURRENT_SNAPSHOT,False
col_f884dc870afb59218eed6bb359ce0e0f,2023-04,,,,,,,,,False,False,2,,,,STATIC_CURRENT_SNAPSHOT,False
col_f884dc870afb59218eed6bb359ce0e0f,2023-05,,,,,,,,,False,False,2,,,,STATIC_CURRENT_SNAPSHOT,False
col_f884dc870afb59218eed6bb359ce0e0f,2023-06,,,,,,,,,False,False,2,,,,STATIC_CURRENT_SNAPSHOT,False
col_f884dc870afb59218eed6bb359ce0e0f,2023-07,,,,,,,,,False,False,2,,,,STATIC_CURRENT_SNAPSHOT,False
col_f884dc870afb59218eed6bb359ce0e0f,2023-08,,,,,,,,,False,False,2,,,,STATIC_CURRENT_SNAPSHOT,False
col_f884dc870afb59218eed6bb359ce0e0f,2023-09,,,,,,,,,False,False,2,,,,STATIC_CURRENT_SNAPSHOT,False
col_f884dc870afb59218eed6bb359ce0e0f,2023-10,,,,,,,,,False,False,2,,,,STATIC_CURRENT_SNAPSHOT,False
col_f884dc870afb59218eed6bb359ce0e0f,2023-11,,,,,,,,,False,False,2,,,,STATIC_CURRENT_SNAPSHOT,False
col_f884dc870afb59218eed6bb359ce0e0f,2023-12,,,,,,,,,False,False,2,,,,STATIC_CURRENT_SNAPSHOT,False
col_f884dc870afb59218eed6bb359ce0e0f,2024-01,,,,,,,,,False,False,2,,,,STATIC_CURRENT_SNAPSHOT,False
col_f884dc870afb59218eed6bb359ce0e0f,2024-02,,,,,,,,,False,False,2,,,,STATIC_CURRENT_SNAPSHOT,False
col_f884dc870afb59218eed6bb359ce0e0f,2024-03,,,,,,,,,False,False,2,,,,STATIC_CURRENT_SNAPSHOT,False
col_f884dc870afb59218eed6bb359ce0e0f,2024-04,,,,,,,,,False,False,2,,,,STATIC_CURRENT_SNAPSHOT,False
col_f884dc870afb59218eed6bb359ce0e0f,2024-05,,,,,,,,,False,False,2,,,,STATIC_CURRENT_SNAPSHOT,False
col_f884dc870afb59218eed6bb359ce0e0f,2024-06,,,,,,,,,False,False,2,,,,STATIC_CURRENT_SNAPSHOT,False
col_f884dc870afb59218eed6bb359ce0e0f,2024-07,,,,,,,,,False,False,2,,,,STATIC_CURRENT_SNAPSHOT,False
col_f884dc870afb59218eed6bb359ce0e0f,2024-08,,,,,,,,,False,False,2,,,,STATIC_CURRENT_SNAPSHOT,False
col_f884dc870afb59218eed6bb359ce0e0f,2024-09,,,,,,,,,False,False,2,,,,STATIC_CURRENT_SNAPSHOT,False
col_f884dc870afb59218eed6bb359ce0e0f,2024-10,,,,,,,,,False,False,2,,,,STATIC_CURRENT_SNAPSHOT,False
col_f884dc870afb59218eed6bb359ce0e0f,2024-11,,,,,,,,,False,False,2,,,,STATIC_CURRENT_SNAPSHOT,False
col_f884dc870afb59218eed6bb359ce0e0f,2024-12,,,,,,,,,False,False,2,,,,STATIC_CURRENT_SNAPSHOT,False
col_f884dc870afb59218eed6bb359ce0e0f,2025-01,,,,,,,,,False,False,2,,,,STATIC_CURRENT_SNAPSHOT,False
col_f884dc870afb59218eed6bb359ce0e0f,2025-02,,,,,,,,,False,False,2,,,,STATIC_CURRENT_SNAPSHOT,False
col_f884dc870afb59218eed6bb359ce0e0f,2025-03,,,,,,,,,False,False,2,,,,STATIC_CURRENT_SNAPSHOT,False
col_f884dc870afb59218eed6bb359ce0e0f,2025-04,,,,,,,,,False,False,2,,,,STATIC_CURRENT_SNAPSHOT,False
col_f884dc870afb59218eed6bb359ce0e0f,2025-05,,,,,,,,,False,False,2,,,,STATIC_CURRENT_SNAPSHOT,False
col_f884dc870afb59218eed6bb359ce0e0f,2025-06,,,,,,,,,False,False,2,,,,STATIC_CURRENT_SNAPSHOT,False
col_f884dc870afb59218eed6bb359ce0e0f,2025-07,,,,,,,,,False,False,2,,,,STATIC_CURRENT_SNAPSHOT,False
col_f884dc870afb59218eed6bb359ce0e0f,2025-08,,,,,,,,,False,False,2,,,,STATIC_CURRENT_SNAPSHOT,False
col_f884dc870afb59218eed6bb359ce0e0f,2025-09,,,,,,,,,False,False,2,,,,STATIC_CURRENT_SNAPSHOT,False
col_f884dc870afb59218eed6bb359ce0e0f,2025-10,,,,,,,,,False,False,2,,,,STATIC_CURRENT_SNAPSHOT,False
col_f884dc870afb59218eed6bb359ce0e0f,2025-11,,,,,,,,,False,False,2,,,,STATIC_CURRENT_SNAPSHOT,False
col_f884dc870afb59218eed6bb359ce0e0f,2025-12,,,,,,,,,False,False,2,,,,STATIC_CURRENT_SNAPSHOT,False
col_f884dc870afb59218eed6bb359ce0e0f,2026-01,,,,,,,,,False,False,2,,,,STATIC_CURRENT_SNAPSHOT,False
col_f884dc870afb59218eed6bb359ce0e0f,2026-02,,,,,,,,,False,False,2,,,,STATIC_CURRENT_SNAPSHOT,False
col_f884dc870afb59218eed6bb359ce0e0f,2026-03,,,,,,,,,False,False,2,,,,STATIC_CURRENT_SNAPSHOT,False
col_f884dc870afb59218eed6bb359ce0e0f,2026-04,,,,,,,,,False,False,2,,,,STATIC_CURRENT_SNAPSHOT,False
col_f884dc870afb59218eed6bb359ce0e0f,2026-05,,,,,,,,,False,False,2,,,,STATIC_CURRENT_SNAPSHOT,False
col_f884dc870afb59218eed6bb359ce0e0f,2026-06,,,,,,,,,False,False,2,,,,STATIC_CURRENT_SNAPSHOT,False
col_f884dc870afb59218eed6bb359ce0e0f,2026-07,,,,,,,,,False,False,2,,,,STATIC_CURRENT_SNAPSHOT,False
col_f884dc870afb59218eed6bb359ce0e0f,2026-08,,,,,,,,,False,False,2,,,,STATIC_CURRENT_SNAPSHOT,False
col_f8e6271a3b155d19906933df376c56d8,2023-01,,,,,,,,,False,False,4,,,,STATIC_CURRENT_SNAPSHOT,False
col_f8e6271a3b155d19906933df376c56d8,2023-02,,,,,,,,,False,False,4,,,,STATIC_CURRENT_SNAPSHOT,False
col_f8e6271a3b155d19906933df376c56d8,2023-03,,,,,,,,,False,False,4,,,,STATIC_CURRENT_SNAPSHOT,False
col_f8e6271a3b155d19906933df376c56d8,2023-04,,,,,,,,,False,False,4,,,,STATIC_CURRENT_SNAPSHOT,False
col_f8e6271a3b155d19906933df376c56d8,2023-05,,,,,,,,,False,False,4,,,,STATIC_CURRENT_SNAPSHOT,False
col_f8e6271a3b155d19906933df376c56d8,2023-06,,,,,,,,,False,False,4,,,,STATIC_CURRENT_SNAPSHOT,False
col_f8e6271a3b155d19906933df376c56d8,2023-07,,,,,,,,,False,False,4,,,,STATIC_CURRENT_SNAPSHOT,False
col_f8e6271a3b155d19906933df376c56d8,2023-08,,,,,,,,,False,False,4,,,,STATIC_CURRENT_SNAPSHOT,False
col_f8e6271a3b155d19906933df376c56d8,2023-09,,,,,,,,,False,False,4,,,,STATIC_CURRENT_SNAPSHOT,False
col_f8e6271a3b155d19906933df376c56d8,2023-10,,,,,,,,,False,False,4,,,,STATIC_CURRENT_SNAPSHOT,False
col_f8e6271a3b155d19906933df376c56d8,2023-11,,,,,,,,,False,False,4,,,,STATIC_CURRENT_SNAPSHOT,False
col_f8e6271a3b155d19906933df376c56d8,2023-12,,,,,,,,,False,False,4,,,,STATIC_CURRENT_SNAPSHOT,False
col_f8e6271a3b155d19906933df376c56d8,2024-01,,,,,,,,,False,False,4,,,,STATIC_CURRENT_SNAPSHOT,False
col_f8e6271a3b155d19906933df376c56d8,2024-02,,,,,,,,,False,False,4,,,,STATIC_CURRENT_SNAPSHOT,False
col_f8e6271a3b155d19906933df376c56d8,2024-03,,,,,,,,,False,False,4,,,,STATIC_CURRENT_SNAPSHOT,False
col_f8e6271a3b155d19906933df376c56d8,2024-04,,,,,,,,,False,False,4,,,,STATIC_CURRENT_SNAPSHOT,False
col_f8e6271a3b155d19906933df376c56d8,2024-05,,,,,,,,,False,False,4,,,,STATIC_CURRENT_SNAPSHOT,False
col_f8e6271a3b155d19906933df376c56d8,2024-06,,,,,,,,,False,False,4,,,,STATIC_CURRENT_SNAPSHOT,False
col_f8e6271a3b155d19906933df376c56d8,2024-07,,,,,,,,,False,False,4,,,,STATIC_CURRENT_SNAPSHOT,False
col_f8e6271a3b155d19906933df376c56d8,2024-08,,,,,,,,,False,False,4,,,,STATIC_CURRENT_SNAPSHOT,False
col_f8e6271a3b155d19906933df376c56d8,2024-09,,,,,,,,,False,False,4,,,,STATIC_CURRENT_SNAPSHOT,False
col_f8e6271a3b155d19906933df376c56d8,2024-10,,,,,,,,,False,False,4,,,,STATIC_CURRENT_SNAPSHOT,False
col_f8e6271a3b155d19906933df376c56d8,2024-11,,,,,,,,,False,False,4,,,,STATIC_CURRENT_SNAPSHOT,False
col_f8e6271a3b155d19906933df376c56d8,2024-12,,,,,,,,,False,False,4,,,,STATIC_CURRENT_SNAPSHOT,False
col_f8e6271a3b155d19906933df376c56d8,2025-01,,,,,,,,,False,False,4,,,,STATIC_CURRENT_SNAPSHOT,False
col_f8e6271a3b155d19906933df376c56d8,2025-02,,,,,,,,,False,False,4,,,,STATIC_CURRENT_SNAPSHOT,False
col_f8e6271a3b155d19906933df376c56d8,2025-03,,,,,,,,,False,False,4,,,,STATIC_CURRENT_SNAPSHOT,False
col_f8e6271a3b155d19906933df376c56d8,2025-04,,,,,,,,,False,False,4,,,,STATIC_CURRENT_SNAPSHOT,False
col_f8e6271a3b155d19906933df376c56d8,2025-05,,,,,,,,,False,False,4,,,,STATIC_CURRENT_SNAPSHOT,False
col_f8e6271a3b155d19906933df376c56d8,2025-06,,,,,,,,,False,False,4,,,,STATIC_CURRENT_SNAPSHOT,False
col_f8e6271a3b155d19906933df376c56d8,2025-07,,,,,,,,,False,False,4,,,,STATIC_CURRENT_SNAPSHOT,False
col_f8e6271a3b155d19906933df376c56d8,2025-08,,,,,,,,,False,False,4,,,,STATIC_CURRENT_SNAPSHOT,False
col_f8e6271a3b155d19906933df376c56d8,2025-09,,,,,,,,,False,False,4,,,,STATIC_CURRENT_SNAPSHOT,False
col_f8e6271a3b155d19906933df376c56d8,2025-10,,,,,,,,,False,False,4,,,,STATIC_CURRENT_SNAPSHOT,False
col_f8e6271a3b155d19906933df376c56d8,2025-11,,,,,,,,,False,False,4,,,,STATIC_CURRENT_SNAPSHOT,False
col_f8e6271a3b155d19906933df376c56d8,2025-12,,,,,,,,,False,False,4,,,,STATIC_CURRENT_SNAPSHOT,False
col_f8e6271a3b155d19906933df376c56d8,2026-01,,,,,,,,,False,False,4,,,,STATIC_CURRENT_SNAPSHOT,False
col_f8e6271a3b155d19906933df376c56d8,2026-02,,,,,,,,,False,False,4,,,,STATIC_CURRENT_SNAPSHOT,False
col_f8e6271a3b155d19906933df376c56d8,2026-03,,,,,,,,,False,False,4,,,,STATIC_CURRENT_SNAPSHOT,False
col_f8e6271a3b155d19906933df376c56d8,2026-04,,,,,,,,,False,False,4,,,,STATIC_CURRENT_SNAPSHOT,False
col_f8e6271a3b155d19906933df376c56d8,2026-05,,,,,,,,,False,False,4,,,,STATIC_CURRENT_SNAPSHOT,False
col_f8e6271a3b155d19906933df376c56d8,2026-06,,,,,,,,,False,False,4,,,,STATIC_CURRENT_SNAPSHOT,False
col_f8e6271a3b155d19906933df376c56d8,2026-07,,,,,,,,,False,False,4,,,,STATIC_CURRENT_SNAPSHOT,False
col_f8e6271a3b155d19906933df376c56d8,2026-08,,,,,,,,,False,False,4,,,,STATIC_CURRENT_SNAPSHOT,False
col_fb144842ece557ce8e184ba17ea11743,2023-01,5.0,,,,0.0,0.0,0.0,0.0,False,True,1,3.7855679192454152,20.0,6.343467078783042,STATIC_CURRENT_SNAPSHOT,False
col_fb144842ece557ce8e184ba17ea11743,2023-02,5.0,,,,0.0,0.0,0.0,0.0,False,True,1,3.7855679192454152,20.0,6.343467078783042,STATIC_CURRENT_SNAPSHOT,False
col_fb144842ece557ce8e184ba17ea11743,2023-03,5.0,,,,0.0,0.0,0.0,0.0,False,True,1,3.7855679192454152,20.0,6.343467078783042,STATIC_CURRENT_SNAPSHOT,False
col_fb144842ece557ce8e184ba17ea11743,2023-04,5.0,,,,0.0,0.0,0.0,0.0,False,True,1,3.7855679192454152,20.0,6.343467078783042,STATIC_CURRENT_SNAPSHOT,False
col_fb144842ece557ce8e184ba17ea11743,2023-05,5.0,,,,0.0,0.0,0.0,0.0,False,True,1,3.7855679192454152,20.0,6.343467078783042,STATIC_CURRENT_SNAPSHOT,False
col_fb144842ece557ce8e184ba17ea11743,2023-06,5.0,154.5,,,2.0,0.4,0.0,0.0,True,True,1,3.7855679192454152,20.0,6.343467078783042,STATIC_CURRENT_SNAPSHOT,False
col_fb144842ece557ce8e184ba17ea11743,2023-07,5.0,3964.6000000000004,2703.2629870129867,,5.0,1.0,0.4,0.0,True,True,1,3.7855679192454152,20.0,6.343467078783042,STATIC_CURRENT_SNAPSHOT,False
col_fb144842ece557ce8e184ba17ea11743,2023-08,5.0,5511.8,0.5223541252963164,4877.0,5.0,1.0,1.0,0.4,True,True,1,3.7855679192454152,20.0,6.343467078783042,STATIC_CURRENT_SNAPSHOT,False
col_fb144842ece557ce8e184ba17ea11743,2023-09,5.0,5640.5,0.2781728387240647,4419.333333333334,4.0,0.8,0.8,0.8,True,True,1,3.7855679192454152,20.0,6.343467078783042,STATIC_CURRENT_SNAPSHOT,False
col_fb144842ece557ce8e184ba17ea11743,2023-10,5.0,8936.800000000001,0.36136802251751343,7181.133333333335,5.0,1.0,1.0,1.0,True,True,1,3.7855679192454152,20.0,6.343467078783042,STATIC_CURRENT_SNAPSHOT,False
col_fb144842ece557ce8e184ba17ea11743,2023-11,5.0,10966.0,0.39940260119147786,8999.2,5.0,1.0,1.0,1.0,True,True,1,3.7855679192454152,20.0,6.343467078783042,STATIC_CURRENT_SNAPSHOT,False
col_fb144842ece557ce8e184ba17ea11743,2023-12,5.0,11053.800000000001,-0.006120160240422275,10318.866666666667,5.0,1.0,1.0,1.0,True,True,1,3.7855679192454152,20.0,6.343467078783042,STATIC_CURRENT_SNAPSHOT,False
col_fb144842ece557ce8e184ba17ea11743,2024-01,5.0,7971.0,-0.15074358260629026,8787.75,4.0,0.8,0.8,0.8,True,True,1,3.7855679192454152,20.0,6.343467078783042,STATIC_CURRENT_SNAPSHOT,False
col_fb144842ece557ce8e184ba17ea11743,2024-02,5.0,8267.0,0.3331355380366661,6952.166666666667,2.0,0.4,0.4,0.4,True,True,1,3.7855679192454152,20.0,6.343467078783042,STATIC_CURRENT_SNAPSHOT,False
col_fb144842ece557ce8e184ba17ea11743,2024-03,5.0,10015.0,0.38475831200993904,7846.0,2.0,0.4,0.4,0.4,True,True,1,3.7855679192454152,20.0,6.343467078783042,STATIC_CURRENT_SNAPSHOT,False
col_fb144842ece557ce8e184ba17ea11743,2024-04,5.0,12975.333333333332,0.12950049056521093,11528.444444444443,3.0,0.6000000000000001,0.6000000000000001,0.6000000000000001,True,True,1,3.7855679192454152,20.0,6.343467078783042,STATIC_CURRENT_SNAPSHOT,False
col_fb144842ece557ce8e184ba17ea11743,2024-05,5.0,13969.0,0.058271737595731,13208.222222222223,3.0,0.6000000000000001,0.6000000000000001,0.6000000000000001,True,True,1,3.7855679192454152,20.0,6.343467078783042,STATIC_CURRENT_SNAPSHOT,False
col_fb144842ece557ce8e184ba17ea11743,2024-06,5.0,13342.5,0.05149488387290229,12249.833333333332,2.0,0.4,0.4,0.4,True,True,1,3.7855679192454152,20.0,6.343467078783042,STATIC_CURRENT_SNAPSHOT,False
col_fb144842ece557ce8e184ba17ea11743,2024-07,5.0,21236.8,-0.0731710957493851,21593.13333333333,5.0,1.0,1.0,1.0,True,True,1,3.7855679192454152,20.0,6.343467078783042,STATIC_CURRENT_SNAPSHOT,False
col_fb144842ece557ce8e184ba17ea11743,2024-08,5.0,8468.5,-0.30590440370615984,10957.5,2.0,0.4,0.4,0.4,True,True,1,3.7855679192454152,20.0,6.343467078783042,STATIC_CURRENT_SNAPSHOT,False
col_fb144842ece557ce8e184ba17ea11743,2024-09,5.0,11400.500000000002,0.007886077089429106,11388.5,2.0,0.4,0.4,0.4,True,True,1,3.7855679192454152,20.0,6.343467078783042,STATIC_CURRENT_SNAPSHOT,False
col_fb144842ece557ce8e184ba17ea11743,2024-10,5.0,21525.2,0.1972876077895299,20273.533333333333,5.0,1.0,1.0,1.0,True,True,1,3.7855679192454152,20.0,6.343467078783042,STATIC_CURRENT_SNAPSHOT,False
col_fb144842ece557ce8e184ba17ea11743,2024-11,5.0,,,,0.0,0.0,0.0,0.0,False,True,1,3.7855679192454152,20.0,6.343467078783042,STATIC_CURRENT_SNAPSHOT,False
col_fb144842ece557ce8e184ba17ea11743,2024-12,5.0,15985.333333333332,,,3.0,0.6000000000000001,0.0,0.0,True,True,1,3.7855679192454152,20.0,6.343467078783042,STATIC_CURRENT_SNAPSHOT,False
col_fb144842ece557ce8e184ba17ea11743,2025-01,5.0,19362.0,-0.21432551187842305,,4.0,0.8,0.8,0.0,True,True,1,3.7855679192454152,20.0,6.343467078783042,STATIC_CURRENT_SNAPSHOT,False
col_fb144842ece557ce8e184ba17ea11743,2025-02,5.0,18212.0,-0.030503060952887944,19493.666666666668,1.0,0.2,0.2,0.2,True,True,1,3.7855679192454152,20.0,6.343467078783042,STATIC_CURRENT_SNAPSHOT,False
col_fb144842ece557ce8e184ba17ea11743,2025-03,5.0,13595.666666666666,0.11026192897815144,12887.333333333332,3.0,0.6000000000000001,0.6000000000000001,0.6000000000000001,True,True,1,3.7855679192454152,20.0,6.343467078783042,STATIC_CURRENT_SNAPSHOT,False
col_fb144842ece557ce8e184ba17ea11743,2025-04,5.0,11943.000000000002,0.22033741169209178,11393.499999999998,2.0,0.4,0.4,0.4,True,True,1,3.7855679192454152,20.0,6.343467078783042,STATIC_CURRENT_SNAPSHOT,False
col_fb144842ece557ce8e184ba17ea11743,2025-05,5.0,9147.0,-0.22898571401999912,10782.5,2.0,0.4,0.4,0.4,True,True,1,3.7855679192454152,20.0,6.343467078783042,STATIC_CURRENT_SNAPSHOT,False
col_fb144842ece557ce8e184ba17ea11743,2025-06,5.0,20278.4,0.08885902540027898,20035.733333333334,5.0,1.0,1.0,1.0,True,True,1,3.7855679192454152,20.0,6.343467078783042,STATIC_CURRENT_SNAPSHOT,False
col_fb144842ece557ce8e184ba17ea11743,2025-07,5.0,10546.5,-0.0629144645971293,10913.000000000002,2.0,0.4,0.4,0.4,True,True,1,3.7855679192454152,20.0,6.343467078783042,STATIC_CURRENT_SNAPSHOT,False
col_fb144842ece557ce8e184ba17ea11743,2025-08,5.0,12524.666666666664,-0.14368782484983655,13250.666666666664,3.0,0.6000000000000001,0.6000000000000001,0.6000000000000001,True,True,1,3.7855679192454152,20.0,6.343467078783042,STATIC_CURRENT_SNAPSHOT,False
col_fb144842ece557ce8e184ba17ea11743,2025-09,5.0,19001.6,-0.009314014835638162,19159.4,5.0,1.0,1.0,1.0,True,True,1,3.7855679192454152,20.0,6.343467078783042,STATIC_CURRENT_SNAPSHOT,False
col_fb144842ece557ce8e184ba17ea11743,2025-10,5.0,10764.5,0.3147883781767996,10395.500000000002,2.0,0.4,0.4,0.4,True,True,1,3.7855679192454152,20.0,6.343467078783042,STATIC_CURRENT_SNAPSHOT,False
col_fb144842ece557ce8e184ba17ea11743,2025-11,5.0,11958.5,0.03551005748384837,10909.166666666666,2.0,0.4,0.4,0.4,True,True,1,3.7855679192454152,20.0,6.343467078783042,STATIC_CURRENT_SNAPSHOT,False
col_fb144842ece557ce8e184ba17ea11743,2025-12,5.0,19736.2,-0.10228894810242614,20453.800000000003,5.0,1.0,1.0,1.0,True,True,1,3.7855679192454152,20.0,6.343467078783042,STATIC_CURRENT_SNAPSHOT,False
col_fb144842ece557ce8e184ba17ea11743,2026-01,5.0,13375.500000000002,-0.10178729217328586,14789.666666666666,4.0,0.8,0.8,0.8,True,True,1,3.7855679192454152,20.0,6.343467078783042,STATIC_CURRENT_SNAPSHOT,False
col_fb144842ece557ce8e184ba17ea11743,2026-02,5.0,11908.666666666666,-0.022332821528303706,12212.11111111111,3.0,0.6000000000000001,0.6000000000000001,0.6000000000000001,True,True,1,3.7855679192454152,20.0,6.343467078783042,STATIC_CURRENT_SNAPSHOT,False
col_fb144842ece557ce8e184ba17ea11743,2026-03,5.0,13890.999999999998,0.22469399075532095,12885.555555555555,3.0,0.6000000000000001,0.6000000000000001,0.6000000000000001,True,True,1,3.7855679192454152,20.0,6.343467078783042,STATIC_CURRENT_SNAPSHOT,False
col_fb144842ece557ce8e184ba17ea11743,2026-04,5.0,20083.499999999996,0.09001898375217363,18983.666666666668,2.0,0.4,0.4,0.4,True,True,1,3.7855679192454152,20.0,6.343467078783042,STATIC_CURRENT_SNAPSHOT,False
col_fb144842ece557ce8e184ba17ea11743,2026-05,5.0,19602.666666666668,-0.09406730216540118,22144.0,3.0,0.6000000000000001,0.4,0.4,True,True,1,3.7855679192454152,20.0,6.343467078783042,STATIC_CURRENT_SNAPSHOT,False
col_fb144842ece557ce8e184ba17ea11743,2026-06,5.0,19278.4,-0.025303990027333405,20579.416666666664,5.0,1.0,1.0,0.8,True,True,1,3.7855679192454152,20.0,6.343467078783042,STATIC_CURRENT_SNAPSHOT,False
col_fb144842ece557ce8e184ba17ea11743,2026-07,5.0,1707.0,-0.4266039637218677,2710.3333333333335,1.0,0.2,0.2,0.2,True,True,1,3.7855679192454152,20.0,6.343467078783042,STATIC_CURRENT_SNAPSHOT,False
col_fb144842ece557ce8e184ba17ea11743,2026-08,5.0,11838.25,-0.10173469131273119,12727.91666666667,4.0,0.8,0.8,0.8,True,True,1,3.7855679192454152,20.0,6.343467078783042,STATIC_CURRENT_SNAPSHOT,False
col_ffeedd6a32945225b84ecc416148dd76,2023-01,4.0,,,,0.0,0.0,0.0,0.0,False,True,12,11.67760490392169,47.0,11.800265071641878,STATIC_CURRENT_SNAPSHOT,False
col_ffeedd6a32945225b84ecc416148dd76,2023-02,4.0,4790.0,,,1.0,0.25,0.0,0.0,True,True,12,11.67760490392169,47.0,11.800265071641878,STATIC_CURRENT_SNAPSHOT,False
col_ffeedd6a32945225b84ecc416148dd76,2023-03,4.0,6087.0,-0.006690600522193211,,1.0,0.25,0.25,0.0,True,True,12,11.67760490392169,47.0,11.800265071641878,STATIC_CURRENT_SNAPSHOT,False
col_ffeedd6a32945225b84ecc416148dd76,2023-04,4.0,16789.5,0.4691066004381675,10997.0,2.0,0.5,0.5,0.5,True,True,12,11.67760490392169,47.0,11.800265071641878,STATIC_CURRENT_SNAPSHOT,False
col_ffeedd6a32945225b84ecc416148dd76,2023-05,4.0,16555.5,-0.04796175073932822,14695.833333333334,2.0,0.5,0.5,0.5,True,True,12,11.67760490392169,47.0,11.800265071641878,STATIC_CURRENT_SNAPSHOT,False
col_ffeedd6a32945225b84ecc416148dd76,2023-06,4.0,8406.0,0.23909198113207547,7605.0,1.0,0.25,0.25,0.25,True,True,12,11.67760490392169,47.0,11.800265071641878,STATIC_CURRENT_SNAPSHOT,False
col_ffeedd6a32945225b84ecc416148dd76,2023-07,4.0,9670.0,0.15036878420176064,8286.666666666666,1.0,0.25,0.25,0.25,True,True,12,11.67760490392169,47.0,11.800265071641878,STATIC_CURRENT_SNAPSHOT,False
col_ffeedd6a32945225b84ecc416148dd76,2023-08,4.0,9474.0,-0.020268872802481904,9183.333333333334,1.0,0.25,0.25,0.25,True,True,12,11.67760490392169,47.0,11.800265071641878,STATIC_CURRENT_SNAPSHOT,False
col_ffeedd6a32945225b84ecc416148dd76,2023-09,4.0,11399.0,0.20318767152206038,10181.0,1.0,0.25,0.25,0.25,True,True,12,11.67760490392169,47.0,11.800265071641878,STATIC_CURRENT_SNAPSHOT,False
col_ffeedd6a32945225b84ecc416148dd76,2023-10,4.0,11802.0,0.035353978419159576,10891.666666666666,1.0,0.25,0.25,0.25,True,True,12,11.67760490392169,47.0,11.800265071641878,STATIC_CURRENT_SNAPSHOT,False
col_ffeedd6a32945225b84ecc416148dd76,2023-11,4.0,,,,0.0,0.0,0.0,0.0,False,True,12,11.67760490392169,47.0,11.800265071641878,STATIC_CURRENT_SNAPSHOT,False
col_ffeedd6a32945225b84ecc416148dd76,2023-12,4.0,12913.0,0.0014735535908174345,12536.333333333334,1.0,0.25,0.25,0.25,True,True,12,11.67760490392169,47.0,11.800265071641878,STATIC_CURRENT_SNAPSHOT,False
col_ffeedd6a32945225b84ecc416148dd76,2024-01,4.0,28599.5,-0.16022612870750408,12217.0,2.0,0.5,0.25,0.25,True,True,12,11.67760490392169,47.0,11.800265071641878,STATIC_CURRENT_SNAPSHOT,False
col_ffeedd6a32945225b84ecc416148dd76,2024-02,4.0,,,,0.0,0.0,0.0,0.0,False,True,12,11.67760490392169,47.0,11.800265071641878,STATIC_CURRENT_SNAPSHOT,False
col_ffeedd6a32945225b84ecc416148dd76,2024-03,4.0,16076.0,0.09868780754510662,13850.666666666666,1.0,0.25,0.25,0.25,True,True,12,11.67760490392169,47.0,11.800265071641878,STATIC_CURRENT_SNAPSHOT,False
col_ffeedd6a32945225b84ecc416148dd76,2024-04,4.0,16598.0,0.03247076387160985,15768.666666666666,1.0,0.25,0.25,0.25,True,True,12,11.67760490392169,47.0,11.800265071641878,STATIC_CURRENT_SNAPSHOT,False
col_ffeedd6a32945225b84ecc416148dd76,2024-05,4.0,,,,0.0,0.0,0.0,0.0,False,True,12,11.67760490392169,47.0,11.800265071641878,STATIC_CURRENT_SNAPSHOT,False
col_ffeedd6a32945225b84ecc416148dd76,2024-06,4.0,,,,0.0,0.0,0.0,0.0,False,True,12,11.67760490392169,47.0,11.800265071641878,STATIC_CURRENT_SNAPSHOT,False
col_ffeedd6a32945225b84ecc416148dd76,2024-07,4.0,18332.0,-0.09400019768706139,19504.333333333332,1.0,0.25,0.25,0.25,True,True,12,11.67760490392169,47.0,11.800265071641878,STATIC_CURRENT_SNAPSHOT,False
col_ffeedd6a32945225b84ecc416148dd76,2024-08,4.0,18249.0,-0.004527602007418721,18938.333333333332,1.0,0.25,0.25,0.25,True,True,12,11.67760490392169,47.0,11.800265071641878,STATIC_CURRENT_SNAPSHOT,False
col_ffeedd6a32945225b84ecc416148dd76,2024-09,4.0,18187.0,-0.003397446435421119,18256.0,1.0,0.25,0.25,0.25,True,True,12,11.67760490392169,47.0,11.800265071641878,STATIC_CURRENT_SNAPSHOT,False
col_ffeedd6a32945225b84ecc416148dd76,2024-10,4.0,102424.5,-0.007222272016359554,67270.44444444445,4.0,1.0,1.0,0.75,True,True,12,11.67760490392169,47.0,11.800265071641878,STATIC_CURRENT_SNAPSHOT,False
col_ffeedd6a32945225b84ecc416148dd76,2024-11,4.0,,,,0.0,0.0,0.0,0.0,False,True,12,11.67760490392169,47.0,11.800265071641878,STATIC_CURRENT_SNAPSHOT,False
col_ffeedd6a32945225b84ecc416148dd76,2024-12,4.0,17567.0,,,1.0,0.25,0.0,0.0,True,True,12,11.67760490392169,47.0,11.800265071641878,STATIC_CURRENT_SNAPSHOT,False
col_ffeedd6a32945225b84ecc416148dd76,2025-01,4.0,14364.0,-0.18233050606250356,,1.0,0.25,0.25,0.0,True,True,12,11.67760490392169,47.0,11.800265071641878,STATIC_CURRENT_SNAPSHOT,False
col_ffeedd6a32945225b84ecc416148dd76,2025-02,4.0,,,,0.0,0.0,0.0,0.0,False,True,12,11.67760490392169,47.0,11.800265071641878,STATIC_CURRENT_SNAPSHOT,False
col_ffeedd6a32945225b84ecc416148dd76,2025-03,4.0,,,,0.0,0.0,0.0,0.0,False,True,12,11.67760490392169,47.0,11.800265071641878,STATIC_CURRENT_SNAPSHOT,False
col_ffeedd6a32945225b84ecc416148dd76,2025-04,4.0,16615.0,0.020577395577395578,16784.666666666668,1.0,0.25,0.25,0.25,True,True,12,11.67760490392169,47.0,11.800265071641878,STATIC_CURRENT_SNAPSHOT,False
col_ffeedd6a32945225b84ecc416148dd76,2025-05,4.0,16018.0,-0.03593138730063196,16304.333333333334,1.0,0.25,0.25,0.25,True,True,12,11.67760490392169,47.0,11.800265071641878,STATIC_CURRENT_SNAPSHOT,False
col_ffeedd6a32945225b84ecc416148dd76,2025-06,4.0,16653.0,0.039642901735547506,16428.666666666668,1.0,0.25,0.25,0.25,True,True,12,11.67760490392169,47.0,11.800265071641878,STATIC_CURRENT_SNAPSHOT,False
col_ffeedd6a32945225b84ecc416148dd76,2025-07,4.0,15500.0,-0.06923677415480695,16057.0,1.0,0.25,0.25,0.25,True,True,12,11.67760490392169,47.0,11.800265071641878,STATIC_CURRENT_SNAPSHOT,False
col_ffeedd6a32945225b84ecc416148dd76,2025-08,4.0,14742.0,-0.048903225806451615,15631.666666666666,1.0,0.25,0.25,0.25,True,True,12,11.67760490392169,47.0,11.800265071641878,STATIC_CURRENT_SNAPSHOT,False
col_ffeedd6a32945225b84ecc416148dd76,2025-09,4.0,13669.0,-0.07278523945190613,14637.0,1.0,0.25,0.25,0.25,True,True,12,11.67760490392169,47.0,11.800265071641878,STATIC_CURRENT_SNAPSHOT,False
col_ffeedd6a32945225b84ecc416148dd76,2025-10,4.0,13632.0,-0.0027068549272075497,14014.333333333334,1.0,0.25,0.25,0.25,True,True,12,11.67760490392169,47.0,11.800265071641878,STATIC_CURRENT_SNAPSHOT,False
col_ffeedd6a32945225b84ecc416148dd76,2025-11,4.0,,,,0.0,0.0,0.0,0.0,False,True,12,11.67760490392169,47.0,11.800265071641878,STATIC_CURRENT_SNAPSHOT,False
col_ffeedd6a32945225b84ecc416148dd76,2025-12,4.0,14577.0,-0.053994418846128885,14539.333333333334,1.0,0.25,0.25,0.25,True,True,12,11.67760490392169,47.0,11.800265071641878,STATIC_CURRENT_SNAPSHOT,False
col_ffeedd6a32945225b84ecc416148dd76,2026-01,4.0,12547.0,-0.1392604788365233,14177.666666666666,1.0,0.25,0.25,0.25,True,True,12,11.67760490392169,47.0,11.800265071641878,STATIC_CURRENT_SNAPSHOT,False
col_ffeedd6a32945225b84ecc416148dd76,2026-02,4.0,13200.0,0.052044313381684866,13441.333333333334,1.0,0.25,0.25,0.25,True,True,12,11.67760490392169,47.0,11.800265071641878,STATIC_CURRENT_SNAPSHOT,False
col_ffeedd6a32945225b84ecc416148dd76,2026-03,4.0,13334.0,0.010151515151515151,13027.0,1.0,0.25,0.25,0.25,True,True,12,11.67760490392169,47.0,11.800265071641878,STATIC_CURRENT_SNAPSHOT,False
col_ffeedd6a32945225b84ecc416148dd76,2026-04,4.0,14939.0,0.12036898155092246,13824.333333333334,1.0,0.25,0.25,0.25,True,True,12,11.67760490392169,47.0,11.800265071641878,STATIC_CURRENT_SNAPSHOT,False
col_ffeedd6a32945225b84ecc416148dd76,2026-05,4.0,,,,0.0,0.0,0.0,0.0,False,True,12,11.67760490392169,47.0,11.800265071641878,STATIC_CURRENT_SNAPSHOT,False
col_ffeedd6a32945225b84ecc416148dd76,2026-06,4.0,,,,0.0,0.0,0.0,0.0,False,True,12,11.67760490392169,47.0,11.800265071641878,STATIC_CURRENT_SNAPSHOT,False
col_ffeedd6a32945225b84ecc416148dd76,2026-07,4.0,,,,0.0,0.0,0.0,0.0,False,True,12,11.67760490392169,47.0,11.800265071641878,STATIC_CURRENT_SNAPSHOT,False
col_ffeedd6a32945225b84ecc416148dd76,2026-08,4.0,14427.0,0.05099439061703213,14013.333333333334,1.0,0.25,0.25,0.25,True,True,12,11.67760490392169,47.0,11.800265071641878,STATIC_CURRENT_SNAPSHOT,False
col_fff7ee1276da58efb088edf2d4f0141e,2023-01,5.0,,,,0.0,0.0,0.0,0.0,False,True,11,3.963206162612379,19.0,6.905312982464593,STATIC_CURRENT_SNAPSHOT,False
col_fff7ee1276da58efb088edf2d4f0141e,2023-02,5.0,2439.0,,,1.0,0.2,0.0,0.0,True,True,11,3.963206162612379,19.0,6.905312982464593,STATIC_CURRENT_SNAPSHOT,False
col_fff7ee1276da58efb088edf2d4f0141e,2023-03,5.0,2556.0,0.04797047970479706,,1.0,0.2,0.2,0.0,True,True,11,3.963206162612379,19.0,6.905312982464593,STATIC_CURRENT_SNAPSHOT,False
col_fff7ee1276da58efb088edf2d4f0141e,2023-04,5.0,2911.0,0.1388888888888889,2635.3333333333335,1.0,0.2,0.2,0.2,True,True,11,3.963206162612379,19.0,6.905312982464593,STATIC_CURRENT_SNAPSHOT,False
col_fff7ee1276da58efb088edf2d4f0141e,2023-05,5.0,2911.9999999999995,0.0003435245620061834,2793.0,1.0,0.2,0.2,0.2,True,True,11,3.963206162612379,19.0,6.905312982464593,STATIC_CURRENT_SNAPSHOT,False
col_fff7ee1276da58efb088edf2d4f0141e,2023-06,5.0,3306.0,0.1353021978021978,3043.0,1.0,0.2,0.2,0.2,True,True,11,3.963206162612379,19.0,6.905312982464593,STATIC_CURRENT_SNAPSHOT,False
col_fff7ee1276da58efb088edf2d4f0141e,2023-07,5.0,2748.0,-0.16878402903811252,2988.6666666666665,1.0,0.2,0.2,0.2,True,True,11,3.963206162612379,19.0,6.905312982464593,STATIC_CURRENT_SNAPSHOT,False
col_fff7ee1276da58efb088edf2d4f0141e,2023-08,5.0,,,,0.0,0.0,0.0,0.0,False,True,11,3.963206162612379,19.0,6.905312982464593,STATIC_CURRENT_SNAPSHOT,False
col_fff7ee1276da58efb088edf2d4f0141e,2023-09,5.0,,,,0.0,0.0,0.0,0.0,False,True,11,3.963206162612379,19.0,6.905312982464593,STATIC_CURRENT_SNAPSHOT,False
col_fff7ee1276da58efb088edf2d4f0141e,2023-10,5.0,2516.0,0.5122644863135443,3295.0,2.0,0.4,0.2,0.2,True,True,11,3.963206162612379,19.0,6.905312982464593,STATIC_CURRENT_SNAPSHOT,False
col_fff7ee1276da58efb088edf2d4f0141e,2023-11,5.0,6492.999999999999,2.271910583792406,4630.666666666667,4.0,0.8,0.8,0.2,True,True,11,3.963206162612379,19.0,6.905312982464593,STATIC_CURRENT_SNAPSHOT,False
col_fff7ee1276da58efb088edf2d4f0141e,2023-12,5.0,3240.6666666666665,0.17298570475929684,3220.8333333333335,3.0,0.6000000000000001,0.4,0.4,True,True,11,3.963206162612379,19.0,6.905312982464593,STATIC_CURRENT_SNAPSHOT,False
col_fff7ee1276da58efb088edf2d4f0141e,2024-01,5.0,6580.200000000001,1.0614819305716043,6995.916666666667,5.0,1.0,1.0,0.8,True,True,11,3.963206162612379,19.0,6.905312982464593,STATIC_CURRENT_SNAPSHOT,False
col_fff7ee1276da58efb088edf2d4f0141e,2024-02,5.0,10631.333333333332,0.6081168696002018,7531.555555555555,3.0,0.6000000000000001,0.6000000000000001,0.6000000000000001,True,True,11,3.963206162612379,19.0,6.905312982464593,STATIC_CURRENT_SNAPSHOT,False
col_fff7ee1276da58efb088edf2d4f0141e,2024-03,5.0,6820.666666666667,0.08614885443194986,5840.333333333333,3.0,0.6000000000000001,0.6000000000000001,0.6000000000000001,True,True,11,3.963206162612379,19.0,6.905312982464593,STATIC_CURRENT_SNAPSHOT,False
col_fff7ee1276da58efb088edf2d4f0141e,2024-04,5.0,13722.25,0.25571153883695935,11527.416666666668,4.0,0.8,0.8,0.8,True,True,11,3.963206162612379,19.0,6.905312982464593,STATIC_CURRENT_SNAPSHOT,False
col_fff7ee1276da58efb088edf2d4f0141e,2024-05,5.0,10886.25,0.0515772471623886,8299.999999999998,4.0,0.8,0.6000000000000001,0.6000000000000001,True,True,11,3.963206162612379,19.0,6.905312982464593,STATIC_CURRENT_SNAPSHOT,False
col_fff7ee1276da58efb088edf2d4f0141e,2024-06,5.0,7764.000000000001,0.11840968020743303,7182.666666666667,1.0,0.2,0.2,0.2,True,True,11,3.963206162612379,19.0,6.905312982464593,STATIC_CURRENT_SNAPSHOT,False
col_fff7ee1276da58efb088edf2d4f0141e,2024-07,5.0,10463.666666666666,-0.08695172926250937,10861.666666666664,3.0,0.6000000000000001,0.6000000000000001,0.6000000000000001,True,True,11,3.963206162612379,19.0,6.905312982464593,STATIC_CURRENT_SNAPSHOT,False
col_fff7ee1276da58efb088edf2d4f0141e,2024-08,5.0,14179.000000000002,-0.07323487197600492,15266.466666666667,5.0,1.0,1.0,1.0,True,True,11,3.963206162612379,19.0,6.905312982464593,STATIC_CURRENT_SNAPSHOT,False
col_fff7ee1276da58efb088edf2d4f0141e,2024-09,5.0,16744.0,0.03143215169800511,16667.777777777777,3.0,0.6000000000000001,0.6000000000000001,0.6000000000000001,True,True,11,3.963206162612379,19.0,6.905312982464593,STATIC_CURRENT_SNAPSHOT,False
col_fff7ee1276da58efb088edf2d4f0141e,2024-10,5.0,14387.2,-0.02551801329474781,14478.866666666667,5.0,1.0,1.0,1.0,True,True,11,3.963206162612379,19.0,6.905312982464593,STATIC_CURRENT_SNAPSHOT,False
col_fff7ee1276da58efb088edf2d4f0141e,2024-11,5.0,,,,0.0,0.0,0.0,0.0,False,True,11,3.963206162612379,19.0,6.905312982464593,STATIC_CURRENT_SNAPSHOT,False
col_fff7ee1276da58efb088edf2d4f0141e,2024-12,5.0,9499.333333333332,,,3.0,0.6000000000000001,0.0,0.0,True,True,11,3.963206162612379,19.0,6.905312982464593,STATIC_CURRENT_SNAPSHOT,False
col_fff7ee1276da58efb088edf2d4f0141e,2025-01,5.0,8767.333333333332,-0.0827428733278827,,3.0,0.6000000000000001,0.6000000000000001,0.0,True,True,11,3.963206162612379,19.0,6.905312982464593,STATIC_CURRENT_SNAPSHOT,False
col_fff7ee1276da58efb088edf2d4f0141e,2025-02,5.0,14535.0,0.0827622169249106,14897.666666666666,1.0,0.2,0.2,0.2,True,True,11,3.963206162612379,19.0,6.905312982464593,STATIC_CURRENT_SNAPSHOT,False
col_fff7ee1276da58efb088edf2d4f0141e,2025-03,5.0,10601.5,0.020165736617847808,10216.833333333334,2.0,0.4,0.4,0.4,True,True,11,3.963206162612379,19.0,6.905312982464593,STATIC_CURRENT_SNAPSHOT,False
col_fff7ee1276da58efb088edf2d4f0141e,2025-04,5.0,7394.000000000001,0.0910149698254608,7100.333333333333,2.0,0.4,0.4,0.4,True,True,11,3.963206162612379,19.0,6.905312982464593,STATIC_CURRENT_SNAPSHOT,False
col_fff7ee1276da58efb088edf2d4f0141e,2025-05,5.0,11448.333333333332,-0.037063992681092624,11414.777777777776,3.0,0.6000000000000001,0.6000000000000001,0.6000000000000001,True,True,11,3.963206162612379,19.0,6.905312982464593,STATIC_CURRENT_SNAPSHOT,False
col_fff7ee1276da58efb088edf2d4f0141e,2025-06,5.0,15006.750000000002,0.044713932195707635,14825.666666666666,4.0,0.8,0.8,0.8,True,True,11,3.963206162612379,19.0,6.905312982464593,STATIC_CURRENT_SNAPSHOT,False
col_fff7ee1276da58efb088edf2d4f0141e,2025-07,5.0,9557.5,-0.10588432158938087,10221.416666666668,4.0,0.8,0.8,0.8,True,True,11,3.963206162612379,19.0,6.905312982464593,STATIC_CURRENT_SNAPSHOT,False
col_fff7ee1276da58efb088edf2d4f0141e,2025-08,5.0,10309.0,0.08875996177732996,10185.0,4.0,0.8,0.8,0.8,True,True,11,3.963206162612379,19.0,6.905312982464593,STATIC_CURRENT_SNAPSHOT,False
col_fff7ee1276da58efb088edf2d4f0141e,2025-09,5.0,11122.333333333332,-0.03832885042458175,11083.0,3.0,0.6000000000000001,0.6000000000000001,0.6000000000000001,True,True,11,3.963206162612379,19.0,6.905312982464593,STATIC_CURRENT_SNAPSHOT,False
col_fff7ee1276da58efb088edf2d4f0141e,2025-10,5.0,6829.000000000001,-0.025178192299121445,7028.833333333334,2.0,0.4,0.4,0.4,True,True,11,3.963206162612379,19.0,6.905312982464593,STATIC_CURRENT_SNAPSHOT,False
col_fff7ee1276da58efb088edf2d4f0141e,2025-11,5.0,8516.0,0.04843814231211112,8291.111111111111,3.0,0.6000000000000001,0.6000000000000001,0.6000000000000001,True,True,11,3.963206162612379,19.0,6.905312982464593,STATIC_CURRENT_SNAPSHOT,False
col_fff7ee1276da58efb088edf2d4f0141e,2025-12,5.0,6762.5,-0.03202799165955125,6858.0,2.0,0.4,0.4,0.4,True,True,11,3.963206162612379,19.0,6.905312982464593,STATIC_CURRENT_SNAPSHOT,False
col_fff7ee1276da58efb088edf2d4f0141e,2026-01,5.0,12332.000000000002,-0.037139372544686564,13029.416666666668,4.0,0.8,0.8,0.8,True,True,11,3.963206162612379,19.0,6.905312982464593,STATIC_CURRENT_SNAPSHOT,False
col_fff7ee1276da58efb088edf2d4f0141e,2026-02,5.0,13088.400000000001,0.04399112770843165,12728.25,5.0,1.0,0.8,0.8,True,True,11,3.963206162612379,19.0,6.905312982464593,STATIC_CURRENT_SNAPSHOT,False
col_fff7ee1276da58efb088edf2d4f0141e,2026-03,5.0,9474.500000000002,-0.023921196520434593,8062.1111111111095,4.0,0.8,0.8,0.6000000000000001,True,True,11,3.963206162612379,19.0,6.905312982464593,STATIC_CURRENT_SNAPSHOT,False
col_fff7ee1276da58efb088edf2d4f0141e,2026-04,5.0,10279.999999999998,0.14106998523284156,9530.111111111111,3.0,0.6000000000000001,0.6000000000000001,0.6000000000000001,True,True,11,3.963206162612379,19.0,6.905312982464593,STATIC_CURRENT_SNAPSHOT,False
col_fff7ee1276da58efb088edf2d4f0141e,2026-05,5.0,8598.999999999998,-0.042246321105945096,8510.22222222222,3.0,0.6000000000000001,0.6000000000000001,0.6000000000000001,True,True,11,3.963206162612379,19.0,6.905312982464593,STATIC_CURRENT_SNAPSHOT,False
col_fff7ee1276da58efb088edf2d4f0141e,2026-06,5.0,10484.999999999998,-0.048755732228132766,10932.777777777776,3.0,0.6000000000000001,0.6000000000000001,0.6000000000000001,True,True,11,3.963206162612379,19.0,6.905312982464593,STATIC_CURRENT_SNAPSHOT,False
col_fff7ee1276da58efb088edf2d4f0141e,2026-07,5.0,10770.0,-0.11595483381199231,11552.833333333332,2.0,0.4,0.4,0.4,True,True,11,3.963206162612379,19.0,6.905312982464593,STATIC_CURRENT_SNAPSHOT,False
col_fff7ee1276da58efb088edf2d4f0141e,2026-08,5.0,9773.5,-0.014854481384729864,10428.166666666666,2.0,0.4,0.4,0.4,True,True,11,3.963206162612379,19.0,6.905312982464593,STATIC_CURRENT_SNAPSHOT,False
