zone_id,colonia,origin_period,horizon_months,target_period,forecast_value,reference_value,forecast_change_abs,forecast_change_pct,direction,model_used,validation_status,forecast_role,direction_threshold_version,target_unit,interval_lower_80,interval_upper_80,interval_width,calibration_method,target_coverage,validation_coverage,n_validation_predictions,n_calibration_points,n_calibration_cuts,max_calibration_available_at,calibration_cutoff,artifact_role,lower_clipped,uncertainty_status
col_058b0a95e3e35746bf806f626cc29e3c,Del Valle Centro,2025-05,1,2025-06,54763.0,54763.0,0.0,0.0,NEUTRAL,PERSISTENCE,VALIDATED_SHORT_TERM,VALIDATED_FORECAST,v2_zero_endpoint_threshold,station_endpoints_per_calendar_month,54131.0,55395.0,1264.0,CONFORMAL_SYMMETRIC_ABS_RESIDUAL,0.8,,0,85,2,2025-04-01,2025-05-01T00:00:00,RETROSPECTIVE_REPLAY,False,CALIBRATED
col_075ade1e8b735efcac21da8802b37c0a,Obrero Popular,2026-07,1,2026-08,1657.0,1657.0,0.0,0.0,NEUTRAL,PERSISTENCE,VALIDATED_SHORT_TERM,VALIDATED_FORECAST,v2_zero_endpoint_threshold,station_endpoints_per_calendar_month,612.0,2702.0,2090.0,CONFORMAL_SYMMETRIC_ABS_RESIDUAL,0.8,0.7463284379172229,749,911,15,2026-06-01,2026-07-01T00:00:00,RETROSPECTIVE_REPLAY,False,CALIBRATED
col_0d7a0b5c2d6b5f31bd586ed063d99183,San Alvaro,2026-07,1,2026-08,3475.0,3475.0,0.0,0.0,NEUTRAL,PERSISTENCE,VALIDATED_SHORT_TERM,VALIDATED_FORECAST,v2_zero_endpoint_threshold,station_endpoints_per_calendar_month,2430.0,4520.0,2090.0,CONFORMAL_SYMMETRIC_ABS_RESIDUAL,0.8,0.7463284379172229,749,911,15,2026-06-01,2026-07-01T00:00:00,RETROSPECTIVE_REPLAY,False,CALIBRATED
col_145462232cb0506eac0d954b79bb4e67,Tlatilco,2026-06,1,2026-07,6695.0,6695.0,0.0,0.0,NEUTRAL,PERSISTENCE,VALIDATED_SHORT_TERM,VALIDATED_FORECAST,v2_zero_endpoint_threshold,station_endpoints_per_calendar_month,5624.0,7766.0,2142.0,CONFORMAL_SYMMETRIC_ABS_RESIDUAL,0.8,0.7312775330396476,681,843,14,2026-05-01,2026-06-01T00:00:00,RETROSPECTIVE_REPLAY,False,CALIBRATED
col_175c1726756a5dda90d2345c13795848,Angel Zimbron,2026-07,1,2026-08,6874.0,6874.0,0.0,0.0,NEUTRAL,PERSISTENCE,VALIDATED_SHORT_TERM,VALIDATED_FORECAST,v2_zero_endpoint_threshold,station_endpoints_per_calendar_month,5829.0,7919.0,2090.0,CONFORMAL_SYMMETRIC_ABS_RESIDUAL,0.8,0.7463284379172229,749,911,15,2026-06-01,2026-07-01T00:00:00,RETROSPECTIVE_REPLAY,False,CALIBRATED
col_19663fbe37bd50ee8eff60a93705eb35,Nextitla,2026-06,1,2026-07,5095.0,5095.0,0.0,0.0,NEUTRAL,PERSISTENCE,VALIDATED_SHORT_TERM,VALIDATED_FORECAST,v2_zero_endpoint_threshold,station_endpoints_per_calendar_month,4024.0,6166.0,2142.0,CONFORMAL_SYMMETRIC_ABS_RESIDUAL,0.8,0.7312775330396476,681,843,14,2026-05-01,2026-06-01T00:00:00,RETROSPECTIVE_REPLAY,False,CALIBRATED
col_1fd836f8991b530f861257d28b0cb970,Agricola,2026-07,1,2026-08,1505.0,1505.0,0.0,0.0,NEUTRAL,PERSISTENCE,VALIDATED_SHORT_TERM,VALIDATED_FORECAST,v2_zero_endpoint_threshold,station_endpoints_per_calendar_month,460.0,2550.0,2090.0,CONFORMAL_SYMMETRIC_ABS_RESIDUAL,0.8,0.7463284379172229,749,911,15,2026-06-01,2026-07-01T00:00:00,RETROSPECTIVE_REPLAY,False,CALIBRATED
col_2006d9e5f6975534a01a4ae3d0063ec1,Plutarco Elias Calles,2026-07,1,2026-08,4669.0,4669.0,0.0,0.0,NEUTRAL,PERSISTENCE,VALIDATED_SHORT_TERM,VALIDATED_FORECAST,v2_zero_endpoint_threshold,station_endpoints_per_calendar_month,3624.0,5714.0,2090.0,CONFORMAL_SYMMETRIC_ABS_RESIDUAL,0.8,0.7463284379172229,749,911,15,2026-06-01,2026-07-01T00:00:00,RETROSPECTIVE_REPLAY,False,CALIBRATED
col_218c753a6a38548aa02718260c2caef7,Del Recreo,2026-06,1,2026-07,1664.0,1664.0,0.0,0.0,NEUTRAL,PERSISTENCE,VALIDATED_SHORT_TERM,VALIDATED_FORECAST,v2_zero_endpoint_threshold,station_endpoints_per_calendar_month,593.0,2735.0,2142.0,CONFORMAL_SYMMETRIC_ABS_RESIDUAL,0.8,0.7312775330396476,681,843,14,2026-05-01,2026-06-01T00:00:00,RETROSPECTIVE_REPLAY,False,CALIBRATED
col_21faee63d17e537f90a501b5c0313a20,General Pedro Maria Anaya,2026-07,1,2026-08,11958.0,11958.0,0.0,0.0,NEUTRAL,PERSISTENCE,VALIDATED_SHORT_TERM,VALIDATED_FORECAST,v2_zero_endpoint_threshold,station_endpoints_per_calendar_month,10913.0,13003.0,2090.0,CONFORMAL_SYMMETRIC_ABS_RESIDUAL,0.8,0.7463284379172229,749,911,15,2026-06-01,2026-07-01T00:00:00,RETROSPECTIVE_REPLAY,False,CALIBRATED
col_296d6268c64b5552821a2eebfad2256f,Lomas de Chapultepec Seccion III,2026-07,1,2026-08,6100.0,6100.0,0.0,0.0,NEUTRAL,PERSISTENCE,VALIDATED_SHORT_TERM,VALIDATED_FORECAST,v2_zero_endpoint_threshold,station_endpoints_per_calendar_month,5055.0,7145.0,2090.0,CONFORMAL_SYMMETRIC_ABS_RESIDUAL,0.8,0.7463284379172229,749,911,15,2026-06-01,2026-07-01T00:00:00,RETROSPECTIVE_REPLAY,False,CALIBRATED
col_2d383baad6155258af666ad388181e00,Ampliacion Granada,2026-03,1,2026-04,21456.0,21456.0,0.0,0.0,NEUTRAL,PERSISTENCE,VALIDATED_SHORT_TERM,VALIDATED_FORECAST,v2_zero_endpoint_threshold,station_endpoints_per_calendar_month,20366.0,22546.0,2180.0,CONFORMAL_SYMMETRIC_ABS_RESIDUAL,0.8,0.7,510,672,11,2026-02-01,2026-03-01T00:00:00,RETROSPECTIVE_REPLAY,False,CALIBRATED
col_321ef9a198015257a1d0afd095d56686,Victoria de las Democracias,2026-07,1,2026-08,3769.0,3769.0,0.0,0.0,NEUTRAL,PERSISTENCE,VALIDATED_SHORT_TERM,VALIDATED_FORECAST,v2_zero_endpoint_threshold,station_endpoints_per_calendar_month,2724.0,4814.0,2090.0,CONFORMAL_SYMMETRIC_ABS_RESIDUAL,0.8,0.7463284379172229,749,911,15,2026-06-01,2026-07-01T00:00:00,RETROSPECTIVE_REPLAY,False,CALIBRATED
col_333380f5322950cf9a22ac2947f13767,Lomas de Chapultepec Seccion V,2026-07,1,2026-08,4153.0,4153.0,0.0,0.0,NEUTRAL,PERSISTENCE,VALIDATED_SHORT_TERM,VALIDATED_FORECAST,v2_zero_endpoint_threshold,station_endpoints_per_calendar_month,3108.0,5198.0,2090.0,CONFORMAL_SYMMETRIC_ABS_RESIDUAL,0.8,0.7463284379172229,749,911,15,2026-06-01,2026-07-01T00:00:00,RETROSPECTIVE_REPLAY,False,CALIBRATED
col_347bf8c118ae5cde8343a717c911525d,Independencia,2026-07,1,2026-08,6597.0,6597.0,0.0,0.0,NEUTRAL,PERSISTENCE,VALIDATED_SHORT_TERM,VALIDATED_FORECAST,v2_zero_endpoint_threshold,station_endpoints_per_calendar_month,5552.0,7642.0,2090.0,CONFORMAL_SYMMETRIC_ABS_RESIDUAL,0.8,0.7463284379172229,749,911,15,2026-06-01,2026-07-01T00:00:00,RETROSPECTIVE_REPLAY,False,CALIBRATED
col_34ef10debc6452f7a37e4eb02f41010f,Villa Coyoacan,2026-07,1,2026-08,4583.0,4583.0,0.0,0.0,NEUTRAL,PERSISTENCE,VALIDATED_SHORT_TERM,VALIDATED_FORECAST,v2_zero_endpoint_threshold,station_endpoints_per_calendar_month,3538.0,5628.0,2090.0,CONFORMAL_SYMMETRIC_ABS_RESIDUAL,0.8,0.7463284379172229,749,911,15,2026-06-01,2026-07-01T00:00:00,RETROSPECTIVE_REPLAY,False,CALIBRATED
col_39b7c034d6a15d22952ae31d1eab536a,Tlaxpana,2026-07,1,2026-08,18314.0,18314.0,0.0,0.0,NEUTRAL,PERSISTENCE,VALIDATED_SHORT_TERM,VALIDATED_FORECAST,v2_zero_endpoint_threshold,station_endpoints_per_calendar_month,17269.0,19359.0,2090.0,CONFORMAL_SYMMETRIC_ABS_RESIDUAL,0.8,0.7463284379172229,749,911,15,2026-06-01,2026-07-01T00:00:00,RETROSPECTIVE_REPLAY,False,CALIBRATED
col_3c107741e9aa5999ac5f00ed40d5deea,San Diego Churubusco,2026-06,1,2026-07,5202.0,5202.0,0.0,0.0,NEUTRAL,PERSISTENCE,VALIDATED_SHORT_TERM,VALIDATED_FORECAST,v2_zero_endpoint_threshold,station_endpoints_per_calendar_month,4131.0,6273.0,2142.0,CONFORMAL_SYMMETRIC_ABS_RESIDUAL,0.8,0.7312775330396476,681,843,14,2026-05-01,2026-06-01T00:00:00,RETROSPECTIVE_REPLAY,False,CALIBRATED
col_3d725e14185a5c38a7d3e1cda93adc73,Anahuac I Seccion,2026-07,1,2026-08,24908.0,24908.0,0.0,0.0,NEUTRAL,PERSISTENCE,VALIDATED_SHORT_TERM,VALIDATED_FORECAST,v2_zero_endpoint_threshold,station_endpoints_per_calendar_month,23863.0,25953.0,2090.0,CONFORMAL_SYMMETRIC_ABS_RESIDUAL,0.8,0.7463284379172229,749,911,15,2026-06-01,2026-07-01T00:00:00,RETROSPECTIVE_REPLAY,False,CALIBRATED
col_46ef3d6067b85bc580fd6f574f0e5a26,Claveria,2026-07,1,2026-08,12862.0,12862.0,0.0,0.0,NEUTRAL,PERSISTENCE,VALIDATED_SHORT_TERM,VALIDATED_FORECAST,v2_zero_endpoint_threshold,station_endpoints_per_calendar_month,11817.0,13907.0,2090.0,CONFORMAL_SYMMETRIC_ABS_RESIDUAL,0.8,0.7463284379172229,749,911,15,2026-06-01,2026-07-01T00:00:00,RETROSPECTIVE_REPLAY,False,CALIBRATED
col_47716220585b527aaf095e5cd827326f,San Angel,2026-07,1,2026-08,2985.0,2985.0,0.0,0.0,NEUTRAL,PERSISTENCE,VALIDATED_SHORT_TERM,VALIDATED_FORECAST,v2_zero_endpoint_threshold,station_endpoints_per_calendar_month,1940.0,4030.0,2090.0,CONFORMAL_SYMMETRIC_ABS_RESIDUAL,0.8,0.7463284379172229,749,911,15,2026-06-01,2026-07-01T00:00:00,RETROSPECTIVE_REPLAY,False,CALIBRATED
col_479170cdfd5b53c484ffa7a376547b3a,Alamos,2026-01,1,2026-02,26831.0,26831.0,0.0,0.0,NEUTRAL,PERSISTENCE,VALIDATED_SHORT_TERM,VALIDATED_FORECAST,v2_zero_endpoint_threshold,station_endpoints_per_calendar_month,25841.0,27821.0,1980.0,CONFORMAL_SYMMETRIC_ABS_RESIDUAL,0.8,0.7002652519893899,377,539,9,2025-12-01,2026-01-01T00:00:00,RETROSPECTIVE_REPLAY,False,CALIBRATED
col_49351caf73a652ba8bcc7655ce37dd18,Anahuac,2026-05,1,2026-06,40307.0,40307.0,0.0,0.0,NEUTRAL,PERSISTENCE,VALIDATED_SHORT_TERM,VALIDATED_FORECAST,v2_zero_endpoint_threshold,station_endpoints_per_calendar_month,39228.0,41386.0,2158.0,CONFORMAL_SYMMETRIC_ABS_RESIDUAL,0.8,0.7199367088607594,632,794,13,2026-04-01,2026-05-01T00:00:00,RETROSPECTIVE_REPLAY,False,CALIBRATED
col_49f6b5a0ab625bda9ca00f7acd601c17,Americas Unidas,2026-06,1,2026-07,12583.0,12583.0,0.0,0.0,NEUTRAL,PERSISTENCE,VALIDATED_SHORT_TERM,VALIDATED_FORECAST,v2_zero_endpoint_threshold,station_endpoints_per_calendar_month,11512.0,13654.0,2142.0,CONFORMAL_SYMMETRIC_ABS_RESIDUAL,0.8,0.7312775330396476,681,843,14,2026-05-01,2026-06-01T00:00:00,RETROSPECTIVE_REPLAY,False,CALIBRATED
col_4a6ce89e87ac5037b13cd12239825b31,Residencial Emperadores,2026-07,1,2026-08,1925.0,1925.0,0.0,0.0,NEUTRAL,PERSISTENCE,VALIDATED_SHORT_TERM,VALIDATED_FORECAST,v2_zero_endpoint_threshold,station_endpoints_per_calendar_month,880.0,2970.0,2090.0,CONFORMAL_SYMMETRIC_ABS_RESIDUAL,0.8,0.7463284379172229,749,911,15,2026-06-01,2026-07-01T00:00:00,RETROSPECTIVE_REPLAY,False,CALIBRATED
col_4b057d99c17f5783822af98b43744780,Santa Catarina,2026-07,1,2026-08,12072.0,12072.0,0.0,0.0,NEUTRAL,PERSISTENCE,VALIDATED_SHORT_TERM,VALIDATED_FORECAST,v2_zero_endpoint_threshold,station_endpoints_per_calendar_month,11027.0,13117.0,2090.0,CONFORMAL_SYMMETRIC_ABS_RESIDUAL,0.8,0.7463284379172229,749,911,15,2026-06-01,2026-07-01T00:00:00,RETROSPECTIVE_REPLAY,False,CALIBRATED
col_4d16bf4016d1531fac1806d04420e1fc,Acacias,2026-07,1,2026-08,9956.0,9956.0,0.0,0.0,NEUTRAL,PERSISTENCE,VALIDATED_SHORT_TERM,VALIDATED_FORECAST,v2_zero_endpoint_threshold,station_endpoints_per_calendar_month,8911.0,11001.0,2090.0,CONFORMAL_SYMMETRIC_ABS_RESIDUAL,0.8,0.7463284379172229,749,911,15,2026-06-01,2026-07-01T00:00:00,RETROSPECTIVE_REPLAY,False,CALIBRATED
col_506a1cf0beec53eb97a74f9abc9cfe66,San Jose Insurgentes,2026-07,1,2026-08,19218.0,19218.0,0.0,0.0,NEUTRAL,PERSISTENCE,VALIDATED_SHORT_TERM,VALIDATED_FORECAST,v2_zero_endpoint_threshold,station_endpoints_per_calendar_month,18173.0,20263.0,2090.0,CONFORMAL_SYMMETRIC_ABS_RESIDUAL,0.8,0.7463284379172229,749,911,15,2026-06-01,2026-07-01T00:00:00,RETROSPECTIVE_REPLAY,False,CALIBRATED
col_543d04998daf5e4ab3306049617a67b4,Florida,2026-07,1,2026-08,6113.0,6113.0,0.0,0.0,NEUTRAL,PERSISTENCE,VALIDATED_SHORT_TERM,VALIDATED_FORECAST,v2_zero_endpoint_threshold,station_endpoints_per_calendar_month,5068.0,7158.0,2090.0,CONFORMAL_SYMMETRIC_ABS_RESIDUAL,0.8,0.7463284379172229,749,911,15,2026-06-01,2026-07-01T00:00:00,RETROSPECTIVE_REPLAY,False,CALIBRATED
col_5481a24d7414578eb3d8dcf5c715fb23,Niños Heroes de Chapultepec,2026-07,1,2026-08,6066.0,6066.0,0.0,0.0,NEUTRAL,PERSISTENCE,VALIDATED_SHORT_TERM,VALIDATED_FORECAST,v2_zero_endpoint_threshold,station_endpoints_per_calendar_month,5021.0,7111.0,2090.0,CONFORMAL_SYMMETRIC_ABS_RESIDUAL,0.8,0.7463284379172229,749,911,15,2026-06-01,2026-07-01T00:00:00,RETROSPECTIVE_REPLAY,False,CALIBRATED
col_588e4e85b75a566e85b1e464fdd27b30,Portales Norte,2026-05,1,2026-06,10930.0,10930.0,0.0,0.0,NEUTRAL,PERSISTENCE,VALIDATED_SHORT_TERM,VALIDATED_FORECAST,v2_zero_endpoint_threshold,station_endpoints_per_calendar_month,9851.0,12009.0,2158.0,CONFORMAL_SYMMETRIC_ABS_RESIDUAL,0.8,0.7199367088607594,632,794,13,2026-04-01,2026-05-01T00:00:00,RETROSPECTIVE_REPLAY,False,CALIBRATED
col_62bb8f5cf8d25a898a34208ad6dee465,San Miguel Chapultepec,2026-07,1,2026-08,45294.0,45294.0,0.0,0.0,NEUTRAL,PERSISTENCE,VALIDATED_SHORT_TERM,VALIDATED_FORECAST,v2_zero_endpoint_threshold,station_endpoints_per_calendar_month,44249.0,46339.0,2090.0,CONFORMAL_SYMMETRIC_ABS_RESIDUAL,0.8,0.7463284379172229,749,911,15,2026-06-01,2026-07-01T00:00:00,RETROSPECTIVE_REPLAY,False,CALIBRATED
col_64a29c6aaaf85a42bb0e87a40667ac42,Insurgentes San Borja,2026-06,1,2026-07,4279.0,4279.0,0.0,0.0,NEUTRAL,PERSISTENCE,VALIDATED_SHORT_TERM,VALIDATED_FORECAST,v2_zero_endpoint_threshold,station_endpoints_per_calendar_month,3208.0,5350.0,2142.0,CONFORMAL_SYMMETRIC_ABS_RESIDUAL,0.8,0.7312775330396476,681,843,14,2026-05-01,2026-06-01T00:00:00,RETROSPECTIVE_REPLAY,False,CALIBRATED
col_6573c9286c5a50288130ecf1765ab3b5,Del Carmen,2026-06,1,2026-07,30981.0,30981.0,0.0,0.0,NEUTRAL,PERSISTENCE,VALIDATED_SHORT_TERM,VALIDATED_FORECAST,v2_zero_endpoint_threshold,station_endpoints_per_calendar_month,29910.0,32052.0,2142.0,CONFORMAL_SYMMETRIC_ABS_RESIDUAL,0.8,0.7312775330396476,681,843,14,2026-05-01,2026-06-01T00:00:00,RETROSPECTIVE_REPLAY,False,CALIBRATED
col_6954f4d5482a5e07b5721c81d464cd43,Algarin,2026-07,1,2026-08,12162.0,12162.0,0.0,0.0,NEUTRAL,PERSISTENCE,VALIDATED_SHORT_TERM,VALIDATED_FORECAST,v2_zero_endpoint_threshold,station_endpoints_per_calendar_month,11117.0,13207.0,2090.0,CONFORMAL_SYMMETRIC_ABS_RESIDUAL,0.8,0.7463284379172229,749,911,15,2026-06-01,2026-07-01T00:00:00,RETROSPECTIVE_REPLAY,False,CALIBRATED
col_6bf10fd8943e5967b7603760fb6cd344,Napoles,2026-07,1,2026-08,46458.0,46458.0,0.0,0.0,NEUTRAL,PERSISTENCE,VALIDATED_SHORT_TERM,VALIDATED_FORECAST,v2_zero_endpoint_threshold,station_endpoints_per_calendar_month,45413.0,47503.0,2090.0,CONFORMAL_SYMMETRIC_ABS_RESIDUAL,0.8,0.7463284379172229,749,911,15,2026-06-01,2026-07-01T00:00:00,RETROSPECTIVE_REPLAY,False,CALIBRATED
col_6e124db5b88b5695a72b6c82db5754cd,Santa Cruz Atoyac,2026-07,1,2026-08,23536.0,23536.0,0.0,0.0,NEUTRAL,PERSISTENCE,VALIDATED_SHORT_TERM,VALIDATED_FORECAST,v2_zero_endpoint_threshold,station_endpoints_per_calendar_month,22491.0,24581.0,2090.0,CONFORMAL_SYMMETRIC_ABS_RESIDUAL,0.8,0.7463284379172229,749,911,15,2026-06-01,2026-07-01T00:00:00,RETROSPECTIVE_REPLAY,False,CALIBRATED
col_6e932760ad7e5318b2922fea188ea3f8,Cuauhtemoc Pensil,2026-07,1,2026-08,7638.0,7638.0,0.0,0.0,NEUTRAL,PERSISTENCE,VALIDATED_SHORT_TERM,VALIDATED_FORECAST,v2_zero_endpoint_threshold,station_endpoints_per_calendar_month,6593.0,8683.0,2090.0,CONFORMAL_SYMMETRIC_ABS_RESIDUAL,0.8,0.7463284379172229,749,911,15,2026-06-01,2026-07-01T00:00:00,RETROSPECTIVE_REPLAY,False,CALIBRATED
col_6f85f8cb1357503bae86559c4ab47194,Veronica Anzures,2026-07,1,2026-08,14427.0,14427.0,0.0,0.0,NEUTRAL,PERSISTENCE,VALIDATED_SHORT_TERM,VALIDATED_FORECAST,v2_zero_endpoint_threshold,station_endpoints_per_calendar_month,13382.0,15472.0,2090.0,CONFORMAL_SYMMETRIC_ABS_RESIDUAL,0.8,0.7463284379172229,749,911,15,2026-06-01,2026-07-01T00:00:00,RETROSPECTIVE_REPLAY,False,CALIBRATED
col_76d47b3676925748aa9d3dee653c6562,Modelo Pensil,2026-07,1,2026-08,5011.0,5011.0,0.0,0.0,NEUTRAL,PERSISTENCE,VALIDATED_SHORT_TERM,VALIDATED_FORECAST,v2_zero_endpoint_threshold,station_endpoints_per_calendar_month,3966.0,6056.0,2090.0,CONFORMAL_SYMMETRIC_ABS_RESIDUAL,0.8,0.7463284379172229,749,911,15,2026-06-01,2026-07-01T00:00:00,RETROSPECTIVE_REPLAY,False,CALIBRATED
col_77126fcee0bf5162978113f718dc8420,Hipodromo Condesa,2026-07,1,2026-08,25083.0,25083.0,0.0,0.0,NEUTRAL,PERSISTENCE,VALIDATED_SHORT_TERM,VALIDATED_FORECAST,v2_zero_endpoint_threshold,station_endpoints_per_calendar_month,24038.0,26128.0,2090.0,CONFORMAL_SYMMETRIC_ABS_RESIDUAL,0.8,0.7463284379172229,749,911,15,2026-06-01,2026-07-01T00:00:00,RETROSPECTIVE_REPLAY,False,CALIBRATED
col_7d88ca5b0c8d519c962986381a6c0a11,San Pedro de los Pinos,2025-11,1,2025-12,33772.0,33772.0,0.0,0.0,NEUTRAL,PERSISTENCE,VALIDATED_SHORT_TERM,VALIDATED_FORECAST,v2_zero_endpoint_threshold,station_endpoints_per_calendar_month,32785.0,34759.0,1974.0,CONFORMAL_SYMMETRIC_ABS_RESIDUAL,0.8,0.680921052631579,304,466,8,2025-10-01,2025-11-01T00:00:00,RETROSPECTIVE_REPLAY,False,CALIBRATED
col_7f4389bc274355ffaf821a5f6d5a33f1,Mariano Escobedo,2026-07,1,2026-08,8260.0,8260.0,0.0,0.0,NEUTRAL,PERSISTENCE,VALIDATED_SHORT_TERM,VALIDATED_FORECAST,v2_zero_endpoint_threshold,station_endpoints_per_calendar_month,7215.0,9305.0,2090.0,CONFORMAL_SYMMETRIC_ABS_RESIDUAL,0.8,0.7463284379172229,749,911,15,2026-06-01,2026-07-01T00:00:00,RETROSPECTIVE_REPLAY,False,CALIBRATED
col_81496637921a5e749f117e8ef4f2ee99,Credito Constructor,2026-06,1,2026-07,2041.0,2041.0,0.0,0.0,NEUTRAL,PERSISTENCE,VALIDATED_SHORT_TERM,VALIDATED_FORECAST,v2_zero_endpoint_threshold,station_endpoints_per_calendar_month,970.0,3112.0,2142.0,CONFORMAL_SYMMETRIC_ABS_RESIDUAL,0.8,0.7312775330396476,681,843,14,2026-05-01,2026-06-01T00:00:00,RETROSPECTIVE_REPLAY,False,CALIBRATED
col_81ad18034e5855e38b63dfffe608d3d3,Letran Valle,2026-07,1,2026-08,13481.0,13481.0,0.0,0.0,NEUTRAL,PERSISTENCE,VALIDATED_SHORT_TERM,VALIDATED_FORECAST,v2_zero_endpoint_threshold,station_endpoints_per_calendar_month,12436.0,14526.0,2090.0,CONFORMAL_SYMMETRIC_ABS_RESIDUAL,0.8,0.7463284379172229,749,911,15,2026-06-01,2026-07-01T00:00:00,RETROSPECTIVE_REPLAY,False,CALIBRATED
col_84c2fef5059c546e9a59e6816fb7e72b,Extremadura Insurgentes,2026-07,1,2026-08,9438.0,9438.0,0.0,0.0,NEUTRAL,PERSISTENCE,VALIDATED_SHORT_TERM,VALIDATED_FORECAST,v2_zero_endpoint_threshold,station_endpoints_per_calendar_month,8393.0,10483.0,2090.0,CONFORMAL_SYMMETRIC_ABS_RESIDUAL,0.8,0.7463284379172229,749,911,15,2026-06-01,2026-07-01T00:00:00,RETROSPECTIVE_REPLAY,False,CALIBRATED
col_8694171d7ed551d78020504424e7148c,Xoco,2026-07,1,2026-08,6520.0,6520.0,0.0,0.0,NEUTRAL,PERSISTENCE,VALIDATED_SHORT_TERM,VALIDATED_FORECAST,v2_zero_endpoint_threshold,station_endpoints_per_calendar_month,5475.0,7565.0,2090.0,CONFORMAL_SYMMETRIC_ABS_RESIDUAL,0.8,0.7463284379172229,749,911,15,2026-06-01,2026-07-01T00:00:00,RETROSPECTIVE_REPLAY,False,CALIBRATED
col_8dd63c1e84435db49a927bcd4b149776,Atlampa,2026-07,1,2026-08,8199.0,8199.0,0.0,0.0,NEUTRAL,PERSISTENCE,VALIDATED_SHORT_TERM,VALIDATED_FORECAST,v2_zero_endpoint_threshold,station_endpoints_per_calendar_month,7154.0,9244.0,2090.0,CONFORMAL_SYMMETRIC_ABS_RESIDUAL,0.8,0.7463284379172229,749,911,15,2026-06-01,2026-07-01T00:00:00,RETROSPECTIVE_REPLAY,False,CALIBRATED
col_8e89f7e8963258c3b4c0ec85deb35ae9,Tlacoquemecatl del Valle,2026-06,1,2026-07,17823.0,17823.0,0.0,0.0,NEUTRAL,PERSISTENCE,VALIDATED_SHORT_TERM,VALIDATED_FORECAST,v2_zero_endpoint_threshold,station_endpoints_per_calendar_month,16752.0,18894.0,2142.0,CONFORMAL_SYMMETRIC_ABS_RESIDUAL,0.8,0.7312775330396476,681,843,14,2026-05-01,2026-06-01T00:00:00,RETROSPECTIVE_REPLAY,False,CALIBRATED
col_926ff32000a751399a54daad7479254d,Anzures,2026-05,1,2026-06,35018.0,35018.0,0.0,0.0,NEUTRAL,PERSISTENCE,VALIDATED_SHORT_TERM,VALIDATED_FORECAST,v2_zero_endpoint_threshold,station_endpoints_per_calendar_month,33939.0,36097.0,2158.0,CONFORMAL_SYMMETRIC_ABS_RESIDUAL,0.8,0.7199367088607594,632,794,13,2026-04-01,2026-05-01T00:00:00,RETROSPECTIVE_REPLAY,False,CALIBRATED
col_92cd6e3f23155eedb10936246b2da76c,Popotla,2026-07,1,2026-08,15884.0,15884.0,0.0,0.0,NEUTRAL,PERSISTENCE,VALIDATED_SHORT_TERM,VALIDATED_FORECAST,v2_zero_endpoint_threshold,station_endpoints_per_calendar_month,14839.0,16929.0,2090.0,CONFORMAL_SYMMETRIC_ABS_RESIDUAL,0.8,0.7463284379172229,749,911,15,2026-06-01,2026-07-01T00:00:00,RETROSPECTIVE_REPLAY,False,CALIBRATED
col_96af67dbdc945131a7e1fb18aab974fa,Parque San Andres,2026-07,1,2026-08,10147.0,10147.0,0.0,0.0,NEUTRAL,PERSISTENCE,VALIDATED_SHORT_TERM,VALIDATED_FORECAST,v2_zero_endpoint_threshold,station_endpoints_per_calendar_month,9102.0,11192.0,2090.0,CONFORMAL_SYMMETRIC_ABS_RESIDUAL,0.8,0.7463284379172229,749,911,15,2026-06-01,2026-07-01T00:00:00,RETROSPECTIVE_REPLAY,False,CALIBRATED
col_99820d9ec1005837855fcf0d7f8dcaf0,Narvarte Poniente,2025-05,1,2025-06,64172.0,64172.0,0.0,0.0,NEUTRAL,PERSISTENCE,VALIDATED_SHORT_TERM,VALIDATED_FORECAST,v2_zero_endpoint_threshold,station_endpoints_per_calendar_month,63540.0,64804.0,1264.0,CONFORMAL_SYMMETRIC_ABS_RESIDUAL,0.8,,0,85,2,2025-04-01,2025-05-01T00:00:00,RETROSPECTIVE_REPLAY,False,CALIBRATED
col_9bbea60acc995fa7b9c482efc14ebb94,Ciudad de los Deportes,2026-07,1,2026-08,10943.0,10943.0,0.0,0.0,NEUTRAL,PERSISTENCE,VALIDATED_SHORT_TERM,VALIDATED_FORECAST,v2_zero_endpoint_threshold,station_endpoints_per_calendar_month,9898.0,11988.0,2090.0,CONFORMAL_SYMMETRIC_ABS_RESIDUAL,0.8,0.7463284379172229,749,911,15,2026-06-01,2026-07-01T00:00:00,RETROSPECTIVE_REPLAY,False,CALIBRATED
col_9f7b23fc019150a58f8d3fa8ecb0545b,Actipan,2026-07,1,2026-08,18347.0,18347.0,0.0,0.0,NEUTRAL,PERSISTENCE,VALIDATED_SHORT_TERM,VALIDATED_FORECAST,v2_zero_endpoint_threshold,station_endpoints_per_calendar_month,17302.0,19392.0,2090.0,CONFORMAL_SYMMETRIC_ABS_RESIDUAL,0.8,0.7463284379172229,749,911,15,2026-06-01,2026-07-01T00:00:00,RETROSPECTIVE_REPLAY,False,CALIBRATED
col_a069943804255517b1a44551a37b7d8e,Insurgentes Mixcoac,2025-12,1,2026-01,26996.0,26996.0,0.0,0.0,NEUTRAL,PERSISTENCE,VALIDATED_SHORT_TERM,VALIDATED_FORECAST,v2_zero_endpoint_threshold,station_endpoints_per_calendar_month,26014.0,27978.0,1964.0,CONFORMAL_SYMMETRIC_ABS_RESIDUAL,0.8,0.6925465838509317,322,484,8,2025-11-01,2025-12-01T00:00:00,RETROSPECTIVE_REPLAY,False,CALIBRATED
col_a11503ab8f7b52ecba6e146f1cd2bcae,Noche Buena,2026-07,1,2026-08,4877.0,4877.0,0.0,0.0,NEUTRAL,PERSISTENCE,VALIDATED_SHORT_TERM,VALIDATED_FORECAST,v2_zero_endpoint_threshold,station_endpoints_per_calendar_month,3832.0,5922.0,2090.0,CONFORMAL_SYMMETRIC_ABS_RESIDUAL,0.8,0.7463284379172229,749,911,15,2026-06-01,2026-07-01T00:00:00,RETROSPECTIVE_REPLAY,False,CALIBRATED
col_a20da3b32dc95373bfc155a68e4197fa,Roma Sur,2025-05,1,2025-06,114251.0,114251.0,0.0,0.0,NEUTRAL,PERSISTENCE,VALIDATED_SHORT_TERM,VALIDATED_FORECAST,v2_zero_endpoint_threshold,station_endpoints_per_calendar_month,113619.0,114883.0,1264.0,CONFORMAL_SYMMETRIC_ABS_RESIDUAL,0.8,,0,85,2,2025-04-01,2025-05-01T00:00:00,RETROSPECTIVE_REPLAY,False,CALIBRATED
col_a21a9068f97957a2a0828f64e9102bde,Nueva Santa Maria,2026-07,1,2026-08,11470.0,11470.0,0.0,0.0,NEUTRAL,PERSISTENCE,VALIDATED_SHORT_TERM,VALIDATED_FORECAST,v2_zero_endpoint_threshold,station_endpoints_per_calendar_month,10425.0,12515.0,2090.0,CONFORMAL_SYMMETRIC_ABS_RESIDUAL,0.8,0.7463284379172229,749,911,15,2026-06-01,2026-07-01T00:00:00,RETROSPECTIVE_REPLAY,False,CALIBRATED
col_a4784e1d94d556b3b35e2f91d799fbf4,Bosque de Chapultepec,2026-04,1,2026-05,31308.0,31308.0,0.0,0.0,NEUTRAL,PERSISTENCE,VALIDATED_SHORT_TERM,VALIDATED_FORECAST,v2_zero_endpoint_threshold,station_endpoints_per_calendar_month,30229.0,32387.0,2158.0,CONFORMAL_SYMMETRIC_ABS_RESIDUAL,0.8,0.7152899824253075,569,731,12,2026-03-01,2026-04-01T00:00:00,RETROSPECTIVE_REPLAY,False,CALIBRATED
col_a8d3b136a1115b0380f6f041ad7b12a8,Sector Naval,2026-07,1,2026-08,3849.0,3849.0,0.0,0.0,NEUTRAL,PERSISTENCE,VALIDATED_SHORT_TERM,VALIDATED_FORECAST,v2_zero_endpoint_threshold,station_endpoints_per_calendar_month,2804.0,4894.0,2090.0,CONFORMAL_SYMMETRIC_ABS_RESIDUAL,0.8,0.7463284379172229,749,911,15,2026-06-01,2026-07-01T00:00:00,RETROSPECTIVE_REPLAY,False,CALIBRATED
col_aaef3bfb4fb259e8ab32bf1eb9404368,San Mateo,2026-07,1,2026-08,4436.0,4436.0,0.0,0.0,NEUTRAL,PERSISTENCE,VALIDATED_SHORT_TERM,VALIDATED_FORECAST,v2_zero_endpoint_threshold,station_endpoints_per_calendar_month,3391.0,5481.0,2090.0,CONFORMAL_SYMMETRIC_ABS_RESIDUAL,0.8,0.7463284379172229,749,911,15,2026-06-01,2026-07-01T00:00:00,RETROSPECTIVE_REPLAY,False,CALIBRATED
col_abad05146e545e0cb59abdc228f8373c,San Simon Ticumac,2026-07,1,2026-08,14298.0,14298.0,0.0,0.0,NEUTRAL,PERSISTENCE,VALIDATED_SHORT_TERM,VALIDATED_FORECAST,v2_zero_endpoint_threshold,station_endpoints_per_calendar_month,13253.0,15343.0,2090.0,CONFORMAL_SYMMETRIC_ABS_RESIDUAL,0.8,0.7463284379172229,749,911,15,2026-06-01,2026-07-01T00:00:00,RETROSPECTIVE_REPLAY,False,CALIBRATED
col_aeb67b70520e58b895caf170c4cc2b7b,Postal,2026-06,1,2026-07,7369.0,7369.0,0.0,0.0,NEUTRAL,PERSISTENCE,VALIDATED_SHORT_TERM,VALIDATED_FORECAST,v2_zero_endpoint_threshold,station_endpoints_per_calendar_month,6298.0,8440.0,2142.0,CONFORMAL_SYMMETRIC_ABS_RESIDUAL,0.8,0.7312775330396476,681,843,14,2026-05-01,2026-06-01T00:00:00,RETROSPECTIVE_REPLAY,False,CALIBRATED
col_af634a3d6a0956f8930194b36da1dbde,Buenavista,2026-03,1,2026-04,67657.0,67657.0,0.0,0.0,NEUTRAL,PERSISTENCE,VALIDATED_SHORT_TERM,VALIDATED_FORECAST,v2_zero_endpoint_threshold,station_endpoints_per_calendar_month,66567.0,68747.0,2180.0,CONFORMAL_SYMMETRIC_ABS_RESIDUAL,0.8,0.7,510,672,11,2026-02-01,2026-03-01T00:00:00,RETROSPECTIVE_REPLAY,False,CALIBRATED
col_b0071da2a8ad5c38b1d137c8dd21a966,Unidad Habitacional Cuitláhuac,2026-06,1,2026-07,2839.0,2839.0,0.0,0.0,NEUTRAL,PERSISTENCE,VALIDATED_SHORT_TERM,VALIDATED_FORECAST,v2_zero_endpoint_threshold,station_endpoints_per_calendar_month,1768.0,3910.0,2142.0,CONFORMAL_SYMMETRIC_ABS_RESIDUAL,0.8,0.7312775330396476,681,843,14,2026-05-01,2026-06-01T00:00:00,RETROSPECTIVE_REPLAY,False,CALIBRATED
col_b0d667d100335a2cbd38dd885b4a49ae,Granada,2026-07,1,2026-08,25375.0,25375.0,0.0,0.0,NEUTRAL,PERSISTENCE,VALIDATED_SHORT_TERM,VALIDATED_FORECAST,v2_zero_endpoint_threshold,station_endpoints_per_calendar_month,24330.0,26420.0,2090.0,CONFORMAL_SYMMETRIC_ABS_RESIDUAL,0.8,0.7463284379172229,749,911,15,2026-06-01,2026-07-01T00:00:00,RETROSPECTIVE_REPLAY,False,CALIBRATED
col_b311567e717b53408adc7485d395fbd0,Del Valle Sur,2026-02,1,2026-03,54037.0,54037.0,0.0,0.0,NEUTRAL,PERSISTENCE,VALIDATED_SHORT_TERM,VALIDATED_FORECAST,v2_zero_endpoint_threshold,station_endpoints_per_calendar_month,52964.0,55110.0,2146.0,CONFORMAL_SYMMETRIC_ABS_RESIDUAL,0.8,0.6981981981981982,444,606,10,2026-01-01,2026-02-01T00:00:00,RETROSPECTIVE_REPLAY,False,CALIBRATED
col_ba378e9f675c57f6b84cd80ba4906921,San Salvador Xochimanca,2026-07,1,2026-08,4582.0,4582.0,0.0,0.0,NEUTRAL,PERSISTENCE,VALIDATED_SHORT_TERM,VALIDATED_FORECAST,v2_zero_endpoint_threshold,station_endpoints_per_calendar_month,3537.0,5627.0,2090.0,CONFORMAL_SYMMETRIC_ABS_RESIDUAL,0.8,0.7463284379172229,749,911,15,2026-06-01,2026-07-01T00:00:00,RETROSPECTIVE_REPLAY,False,CALIBRATED
col_bbdf83c90b8d5945967637dfe673bde4,Lomas de Chapultepec Seccion IV/Lomas Virreyes,2026-07,1,2026-08,4592.0,4592.0,0.0,0.0,NEUTRAL,PERSISTENCE,VALIDATED_SHORT_TERM,VALIDATED_FORECAST,v2_zero_endpoint_threshold,station_endpoints_per_calendar_month,3547.0,5637.0,2090.0,CONFORMAL_SYMMETRIC_ABS_RESIDUAL,0.8,0.7463284379172229,749,911,15,2026-06-01,2026-07-01T00:00:00,RETROSPECTIVE_REPLAY,False,CALIBRATED
col_bed54b5fa7b155169b5367f26e64ee77,Barrio la Concepcion,2026-07,1,2026-08,3161.0,3161.0,0.0,0.0,NEUTRAL,PERSISTENCE,VALIDATED_SHORT_TERM,VALIDATED_FORECAST,v2_zero_endpoint_threshold,station_endpoints_per_calendar_month,2116.0,4206.0,2090.0,CONFORMAL_SYMMETRIC_ABS_RESIDUAL,0.8,0.7463284379172229,749,911,15,2026-06-01,2026-07-01T00:00:00,RETROSPECTIVE_REPLAY,False,CALIBRATED
col_c00d00bb38f656119c21216810bac6c9,Barrio San Lucas,2026-07,1,2026-08,1938.0,1938.0,0.0,0.0,NEUTRAL,PERSISTENCE,VALIDATED_SHORT_TERM,VALIDATED_FORECAST,v2_zero_endpoint_threshold,station_endpoints_per_calendar_month,893.0,2983.0,2090.0,CONFORMAL_SYMMETRIC_ABS_RESIDUAL,0.8,0.7463284379172229,749,911,15,2026-06-01,2026-07-01T00:00:00,RETROSPECTIVE_REPLAY,False,CALIBRATED
col_c4ce45851ad35a61b8fb1e683c4b52a5,Vertiz Narvarte,2026-07,1,2026-08,15658.0,15658.0,0.0,0.0,NEUTRAL,PERSISTENCE,VALIDATED_SHORT_TERM,VALIDATED_FORECAST,v2_zero_endpoint_threshold,station_endpoints_per_calendar_month,14613.0,16703.0,2090.0,CONFORMAL_SYMMETRIC_ABS_RESIDUAL,0.8,0.7463284379172229,749,911,15,2026-06-01,2026-07-01T00:00:00,RETROSPECTIVE_REPLAY,False,CALIBRATED
col_c84c8cba11e05de082c7496795578d88,Santo Tomas,2026-07,1,2026-08,1184.0,1184.0,0.0,0.0,NEUTRAL,PERSISTENCE,VALIDATED_SHORT_TERM,VALIDATED_FORECAST,v2_zero_endpoint_threshold,station_endpoints_per_calendar_month,139.0,2229.0,2090.0,CONFORMAL_SYMMETRIC_ABS_RESIDUAL,0.8,0.7463284379172229,749,911,15,2026-06-01,2026-07-01T00:00:00,RETROSPECTIVE_REPLAY,False,CALIBRATED
col_cbe1b970a3525757af7647d6463839ff,Del Valle Norte,2025-07,1,2025-08,75161.0,75161.0,0.0,0.0,NEUTRAL,PERSISTENCE,VALIDATED_SHORT_TERM,VALIDATED_FORECAST,v2_zero_endpoint_threshold,station_endpoints_per_calendar_month,74373.0,75949.0,1576.0,CONFORMAL_SYMMETRIC_ABS_RESIDUAL,0.8,0.7346938775510204,49,210,4,2025-06-01,2025-07-01T00:00:00,RETROSPECTIVE_REPLAY,False,CALIBRATED
col_cbef3a463b0b5bc2ac31e747b6721178,Guadalupe Inn,2026-07,1,2026-08,12532.0,12532.0,0.0,0.0,NEUTRAL,PERSISTENCE,VALIDATED_SHORT_TERM,VALIDATED_FORECAST,v2_zero_endpoint_threshold,station_endpoints_per_calendar_month,11487.0,13577.0,2090.0,CONFORMAL_SYMMETRIC_ABS_RESIDUAL,0.8,0.7463284379172229,749,911,15,2026-06-01,2026-07-01T00:00:00,RETROSPECTIVE_REPLAY,False,CALIBRATED
col_cda58c28c9e35bd7b4c277287cc632da,Polanco Seccion I/ Los Morales,2026-07,1,2026-08,4294.0,4294.0,0.0,0.0,NEUTRAL,PERSISTENCE,VALIDATED_SHORT_TERM,VALIDATED_FORECAST,v2_zero_endpoint_threshold,station_endpoints_per_calendar_month,3249.0,5339.0,2090.0,CONFORMAL_SYMMETRIC_ABS_RESIDUAL,0.8,0.7463284379172229,749,911,15,2026-06-01,2026-07-01T00:00:00,RETROSPECTIVE_REPLAY,False,CALIBRATED
col_d230756d48c258b4b050767d29182a80,Irrigacion,2026-05,1,2026-06,8090.0,8090.0,0.0,0.0,NEUTRAL,PERSISTENCE,VALIDATED_SHORT_TERM,VALIDATED_FORECAST,v2_zero_endpoint_threshold,station_endpoints_per_calendar_month,7011.0,9169.0,2158.0,CONFORMAL_SYMMETRIC_ABS_RESIDUAL,0.8,0.7199367088607594,632,794,13,2026-04-01,2026-05-01T00:00:00,RETROSPECTIVE_REPLAY,False,CALIBRATED
col_d24f94824377561c8616923a56c96081,Ignacio Allende,2026-07,1,2026-08,1457.0,1457.0,0.0,0.0,NEUTRAL,PERSISTENCE,VALIDATED_SHORT_TERM,VALIDATED_FORECAST,v2_zero_endpoint_threshold,station_endpoints_per_calendar_month,412.0,2502.0,2090.0,CONFORMAL_SYMMETRIC_ABS_RESIDUAL,0.8,0.7463284379172229,749,911,15,2026-06-01,2026-07-01T00:00:00,RETROSPECTIVE_REPLAY,False,CALIBRATED
col_d40150e91a0457b18f3ac9b3be178bdc,Molino del Rey,2026-05,1,2026-06,4620.0,4620.0,0.0,0.0,NEUTRAL,PERSISTENCE,VALIDATED_SHORT_TERM,VALIDATED_FORECAST,v2_zero_endpoint_threshold,station_endpoints_per_calendar_month,3541.0,5699.0,2158.0,CONFORMAL_SYMMETRIC_ABS_RESIDUAL,0.8,0.7199367088607594,632,794,13,2026-04-01,2026-05-01T00:00:00,RETROSPECTIVE_REPLAY,False,CALIBRATED
col_d4e474286fa85c0aa9cd393c8e2880c1,Axotla,2026-07,1,2026-08,3552.0,3552.0,0.0,0.0,NEUTRAL,PERSISTENCE,VALIDATED_SHORT_TERM,VALIDATED_FORECAST,v2_zero_endpoint_threshold,station_endpoints_per_calendar_month,2507.0,4597.0,2090.0,CONFORMAL_SYMMETRIC_ABS_RESIDUAL,0.8,0.7463284379172229,749,911,15,2026-06-01,2026-07-01T00:00:00,RETROSPECTIVE_REPLAY,False,CALIBRATED
col_de2ee5e1ae0955e6845ef669ea127a75,Tacuba,2026-06,1,2026-07,6943.0,6943.0,0.0,0.0,NEUTRAL,PERSISTENCE,VALIDATED_SHORT_TERM,VALIDATED_FORECAST,v2_zero_endpoint_threshold,station_endpoints_per_calendar_month,5872.0,8014.0,2142.0,CONFORMAL_SYMMETRIC_ABS_RESIDUAL,0.8,0.7312775330396476,681,843,14,2026-05-01,2026-06-01T00:00:00,RETROSPECTIVE_REPLAY,False,CALIBRATED
col_debb68f1d0525506bae6ef15b9e39d2f,Hogar y Seguridad,2026-07,1,2026-08,3428.0,3428.0,0.0,0.0,NEUTRAL,PERSISTENCE,VALIDATED_SHORT_TERM,VALIDATED_FORECAST,v2_zero_endpoint_threshold,station_endpoints_per_calendar_month,2383.0,4473.0,2090.0,CONFORMAL_SYMMETRIC_ABS_RESIDUAL,0.8,0.7463284379172229,749,911,15,2026-06-01,2026-07-01T00:00:00,RETROSPECTIVE_REPLAY,False,CALIBRATED
col_df8f37e24dff550bb52ef711568f9cb7,Obrera,2026-03,1,2026-04,40101.0,40101.0,0.0,0.0,NEUTRAL,PERSISTENCE,VALIDATED_SHORT_TERM,VALIDATED_FORECAST,v2_zero_endpoint_threshold,station_endpoints_per_calendar_month,39011.0,41191.0,2180.0,CONFORMAL_SYMMETRIC_ABS_RESIDUAL,0.8,0.7,510,672,11,2026-02-01,2026-03-01T00:00:00,RETROSPECTIVE_REPLAY,False,CALIBRATED
col_e38591c35bd05184a3caa0318add5f06,Agricultura,2026-07,1,2026-08,11971.0,11971.0,0.0,0.0,NEUTRAL,PERSISTENCE,VALIDATED_SHORT_TERM,VALIDATED_FORECAST,v2_zero_endpoint_threshold,station_endpoints_per_calendar_month,10926.0,13016.0,2090.0,CONFORMAL_SYMMETRIC_ABS_RESIDUAL,0.8,0.7463284379172229,749,911,15,2026-06-01,2026-07-01T00:00:00,RETROSPECTIVE_REPLAY,False,CALIBRATED
col_e426afce41e3549e9144c6ee8c8047dc,Portales,2025-06,1,2025-07,47129.0,47129.0,0.0,0.0,NEUTRAL,PERSISTENCE,VALIDATED_SHORT_TERM,VALIDATED_FORECAST,v2_zero_endpoint_threshold,station_endpoints_per_calendar_month,46341.0,47917.0,1576.0,CONFORMAL_SYMMETRIC_ABS_RESIDUAL,0.8,,0,146,3,2025-05-01,2025-06-01T00:00:00,RETROSPECTIVE_REPLAY,False,CALIBRATED
col_e72f76ae560a556e957e54c180d9d323,Centro Urbano Presidente Aleman,2026-07,1,2026-08,2471.0,2471.0,0.0,0.0,NEUTRAL,PERSISTENCE,VALIDATED_SHORT_TERM,VALIDATED_FORECAST,v2_zero_endpoint_threshold,station_endpoints_per_calendar_month,1426.0,3516.0,2090.0,CONFORMAL_SYMMETRIC_ABS_RESIDUAL,0.8,0.7463284379172229,749,911,15,2026-06-01,2026-07-01T00:00:00,RETROSPECTIVE_REPLAY,False,CALIBRATED
col_eadac3374f095a63b927c12303b7218a,Josefa Ortiz de Dominguez,2026-07,1,2026-08,5498.0,5498.0,0.0,0.0,NEUTRAL,PERSISTENCE,VALIDATED_SHORT_TERM,VALIDATED_FORECAST,v2_zero_endpoint_threshold,station_endpoints_per_calendar_month,4453.0,6543.0,2090.0,CONFORMAL_SYMMETRIC_ABS_RESIDUAL,0.8,0.7463284379172229,749,911,15,2026-06-01,2026-07-01T00:00:00,RETROSPECTIVE_REPLAY,False,CALIBRATED
col_eb93b25ca61954fa8e9ee2ca2ca57f16,Doctores,2026-05,1,2026-06,84986.0,84986.0,0.0,0.0,NEUTRAL,PERSISTENCE,VALIDATED_SHORT_TERM,VALIDATED_FORECAST,v2_zero_endpoint_threshold,station_endpoints_per_calendar_month,83907.0,86065.0,2158.0,CONFORMAL_SYMMETRIC_ABS_RESIDUAL,0.8,0.7199367088607594,632,794,13,2026-04-01,2026-05-01T00:00:00,RETROSPECTIVE_REPLAY,False,CALIBRATED
col_ee0096c66b1754fb83cf4c4170f93dd6,Piedad Narvarte,2026-05,1,2026-06,8557.0,8557.0,0.0,0.0,NEUTRAL,PERSISTENCE,VALIDATED_SHORT_TERM,VALIDATED_FORECAST,v2_zero_endpoint_threshold,station_endpoints_per_calendar_month,7478.0,9636.0,2158.0,CONFORMAL_SYMMETRIC_ABS_RESIDUAL,0.8,0.7199367088607594,632,794,13,2026-04-01,2026-05-01T00:00:00,RETROSPECTIVE_REPLAY,False,CALIBRATED
col_f1b446f58ae65b7f8a814bab39bf17dc,Escandon,2026-01,1,2026-02,70194.0,70194.0,0.0,0.0,NEUTRAL,PERSISTENCE,VALIDATED_SHORT_TERM,VALIDATED_FORECAST,v2_zero_endpoint_threshold,station_endpoints_per_calendar_month,69204.0,71184.0,1980.0,CONFORMAL_SYMMETRIC_ABS_RESIDUAL,0.8,0.7002652519893899,377,539,9,2025-12-01,2026-01-01T00:00:00,RETROSPECTIVE_REPLAY,False,CALIBRATED
col_f685e6afce2f59ffb8b623a8882cd0ef,Nonoalco,2026-07,1,2026-08,7931.0,7931.0,0.0,0.0,NEUTRAL,PERSISTENCE,VALIDATED_SHORT_TERM,VALIDATED_FORECAST,v2_zero_endpoint_threshold,station_endpoints_per_calendar_month,6886.0,8976.0,2090.0,CONFORMAL_SYMMETRIC_ABS_RESIDUAL,0.8,0.7463284379172229,749,911,15,2026-06-01,2026-07-01T00:00:00,RETROSPECTIVE_REPLAY,False,CALIBRATED
col_f884dc870afb59218eed6bb359ce0e0f,Guadalupe Chimalistac,2026-07,1,2026-08,9942.0,9942.0,0.0,0.0,NEUTRAL,PERSISTENCE,VALIDATED_SHORT_TERM,VALIDATED_FORECAST,v2_zero_endpoint_threshold,station_endpoints_per_calendar_month,8897.0,10987.0,2090.0,CONFORMAL_SYMMETRIC_ABS_RESIDUAL,0.8,0.7463284379172229,749,911,15,2026-06-01,2026-07-01T00:00:00,RETROSPECTIVE_REPLAY,False,CALIBRATED
col_f8e6271a3b155d19906933df376c56d8,Ampliacion Napoles,2026-07,1,2026-08,12789.0,12789.0,0.0,0.0,NEUTRAL,PERSISTENCE,VALIDATED_SHORT_TERM,VALIDATED_FORECAST,v2_zero_endpoint_threshold,station_endpoints_per_calendar_month,11744.0,13834.0,2090.0,CONFORMAL_SYMMETRIC_ABS_RESIDUAL,0.8,0.7463284379172229,749,911,15,2026-06-01,2026-07-01T00:00:00,RETROSPECTIVE_REPLAY,False,CALIBRATED
col_fb144842ece557ce8e184ba17ea11743,Un Hogar para Nosotros,2026-07,1,2026-08,2520.0,2520.0,0.0,0.0,NEUTRAL,PERSISTENCE,VALIDATED_SHORT_TERM,VALIDATED_FORECAST,v2_zero_endpoint_threshold,station_endpoints_per_calendar_month,1475.0,3565.0,2090.0,CONFORMAL_SYMMETRIC_ABS_RESIDUAL,0.8,0.7463284379172229,749,911,15,2026-06-01,2026-07-01T00:00:00,RETROSPECTIVE_REPLAY,False,CALIBRATED
col_ffeedd6a32945225b84ecc416148dd76,San Rafael,2026-01,1,2026-02,77277.0,77277.0,0.0,0.0,NEUTRAL,PERSISTENCE,VALIDATED_SHORT_TERM,VALIDATED_FORECAST,v2_zero_endpoint_threshold,station_endpoints_per_calendar_month,76287.0,78267.0,1980.0,CONFORMAL_SYMMETRIC_ABS_RESIDUAL,0.8,0.7002652519893899,377,539,9,2025-12-01,2026-01-01T00:00:00,RETROSPECTIVE_REPLAY,False,CALIBRATED
col_fff7ee1276da58efb088edf2d4f0141e,Narvarte,2026-05,1,2026-06,51366.0,51366.0,0.0,0.0,NEUTRAL,PERSISTENCE,VALIDATED_SHORT_TERM,VALIDATED_FORECAST,v2_zero_endpoint_threshold,station_endpoints_per_calendar_month,50287.0,52445.0,2158.0,CONFORMAL_SYMMETRIC_ABS_RESIDUAL,0.8,0.7199367088607594,632,794,13,2026-04-01,2026-05-01T00:00:00,RETROSPECTIVE_REPLAY,False,CALIBRATED
col_058b0a95e3e35746bf806f626cc29e3c,Del Valle Centro,2025-05,3,2025-08,54763.0,54763.0,0.0,0.0,NEUTRAL,PERSISTENCE,VALIDATED_WITH_CAUTION,VALIDATED_FORECAST,v2_zero_endpoint_threshold,station_endpoints_per_calendar_month,53379.0,56147.0,2768.0,CONFORMAL_SYMMETRIC_ABS_RESIDUAL,0.8,,0,103,2,2025-04-01,2025-05-01T00:00:00,RETROSPECTIVE_REPLAY,False,CALIBRATED
col_075ade1e8b735efcac21da8802b37c0a,Obrero Popular,2026-05,3,2026-08,2017.0,2017.0,0.0,0.0,NEUTRAL,PERSISTENCE,VALIDATED_WITH_CAUTION,VALIDATED_FORECAST,v2_zero_endpoint_threshold,station_endpoints_per_calendar_month,739.0,3295.0,2556.0,CONFORMAL_SYMMETRIC_ABS_RESIDUAL,0.8,0.8016359918200409,489,780,13,2026-04-01,2026-05-01T00:00:00,RETROSPECTIVE_REPLAY,False,CALIBRATED
col_0d7a0b5c2d6b5f31bd586ed063d99183,San Alvaro,2026-05,3,2026-08,3515.0,3515.0,0.0,0.0,NEUTRAL,PERSISTENCE,VALIDATED_WITH_CAUTION,VALIDATED_FORECAST,v2_zero_endpoint_threshold,station_endpoints_per_calendar_month,2237.0,4793.0,2556.0,CONFORMAL_SYMMETRIC_ABS_RESIDUAL,0.8,0.8016359918200409,489,780,13,2026-04-01,2026-05-01T00:00:00,RETROSPECTIVE_REPLAY,False,CALIBRATED
col_145462232cb0506eac0d954b79bb4e67,Tlatilco,2026-05,3,2026-08,6913.0,6913.0,0.0,0.0,NEUTRAL,PERSISTENCE,VALIDATED_WITH_CAUTION,VALIDATED_FORECAST,v2_zero_endpoint_threshold,station_endpoints_per_calendar_month,5635.0,8191.0,2556.0,CONFORMAL_SYMMETRIC_ABS_RESIDUAL,0.8,0.8016359918200409,489,780,13,2026-04-01,2026-05-01T00:00:00,RETROSPECTIVE_REPLAY,False,CALIBRATED
col_175c1726756a5dda90d2345c13795848,Angel Zimbron,2026-05,3,2026-08,7094.0,7094.0,0.0,0.0,NEUTRAL,PERSISTENCE,VALIDATED_WITH_CAUTION,VALIDATED_FORECAST,v2_zero_endpoint_threshold,station_endpoints_per_calendar_month,5816.0,8372.0,2556.0,CONFORMAL_SYMMETRIC_ABS_RESIDUAL,0.8,0.8016359918200409,489,780,13,2026-04-01,2026-05-01T00:00:00,RETROSPECTIVE_REPLAY,False,CALIBRATED
col_19663fbe37bd50ee8eff60a93705eb35,Nextitla,2026-05,3,2026-08,5909.0,5909.0,0.0,0.0,NEUTRAL,PERSISTENCE,VALIDATED_WITH_CAUTION,VALIDATED_FORECAST,v2_zero_endpoint_threshold,station_endpoints_per_calendar_month,4631.0,7187.0,2556.0,CONFORMAL_SYMMETRIC_ABS_RESIDUAL,0.8,0.8016359918200409,489,780,13,2026-04-01,2026-05-01T00:00:00,RETROSPECTIVE_REPLAY,False,CALIBRATED
col_1fd836f8991b530f861257d28b0cb970,Agricola,2026-05,3,2026-08,1646.0,1646.0,0.0,0.0,NEUTRAL,PERSISTENCE,VALIDATED_WITH_CAUTION,VALIDATED_FORECAST,v2_zero_endpoint_threshold,station_endpoints_per_calendar_month,368.0,2924.0,2556.0,CONFORMAL_SYMMETRIC_ABS_RESIDUAL,0.8,0.8016359918200409,489,780,13,2026-04-01,2026-05-01T00:00:00,RETROSPECTIVE_REPLAY,False,CALIBRATED
col_2006d9e5f6975534a01a4ae3d0063ec1,Plutarco Elias Calles,2026-05,3,2026-08,8510.0,8510.0,0.0,0.0,NEUTRAL,PERSISTENCE,VALIDATED_WITH_CAUTION,VALIDATED_FORECAST,v2_zero_endpoint_threshold,station_endpoints_per_calendar_month,7232.0,9788.0,2556.0,CONFORMAL_SYMMETRIC_ABS_RESIDUAL,0.8,0.8016359918200409,489,780,13,2026-04-01,2026-05-01T00:00:00,RETROSPECTIVE_REPLAY,False,CALIBRATED
col_218c753a6a38548aa02718260c2caef7,Del Recreo,2026-05,3,2026-08,1807.0,1807.0,0.0,0.0,NEUTRAL,PERSISTENCE,VALIDATED_WITH_CAUTION,VALIDATED_FORECAST,v2_zero_endpoint_threshold,station_endpoints_per_calendar_month,529.0,3085.0,2556.0,CONFORMAL_SYMMETRIC_ABS_RESIDUAL,0.8,0.8016359918200409,489,780,13,2026-04-01,2026-05-01T00:00:00,RETROSPECTIVE_REPLAY,False,CALIBRATED
col_21faee63d17e537f90a501b5c0313a20,General Pedro Maria Anaya,2026-05,3,2026-08,12597.0,12597.0,0.0,0.0,NEUTRAL,PERSISTENCE,VALIDATED_WITH_CAUTION,VALIDATED_FORECAST,v2_zero_endpoint_threshold,station_endpoints_per_calendar_month,11319.0,13875.0,2556.0,CONFORMAL_SYMMETRIC_ABS_RESIDUAL,0.8,0.8016359918200409,489,780,13,2026-04-01,2026-05-01T00:00:00,RETROSPECTIVE_REPLAY,False,CALIBRATED
col_296d6268c64b5552821a2eebfad2256f,Lomas de Chapultepec Seccion III,2026-04,3,2026-07,6003.0,6003.0,0.0,0.0,NEUTRAL,PERSISTENCE,VALIDATED_WITH_CAUTION,VALIDATED_FORECAST,v2_zero_endpoint_threshold,station_endpoints_per_calendar_month,4833.0,7173.0,2340.0,CONFORMAL_SYMMETRIC_ABS_RESIDUAL,0.8,0.8567961165048543,412,703,12,2026-03-01,2026-04-01T00:00:00,RETROSPECTIVE_REPLAY,False,CALIBRATED
col_2d383baad6155258af666ad388181e00,Ampliacion Granada,2026-03,3,2026-06,21456.0,21456.0,0.0,0.0,NEUTRAL,PERSISTENCE,VALIDATED_WITH_CAUTION,VALIDATED_FORECAST,v2_zero_endpoint_threshold,station_endpoints_per_calendar_month,20293.0,22619.0,2326.0,CONFORMAL_SYMMETRIC_ABS_RESIDUAL,0.8,0.8668555240793201,353,644,11,2026-02-01,2026-03-01T00:00:00,RETROSPECTIVE_REPLAY,False,CALIBRATED
col_321ef9a198015257a1d0afd095d56686,Victoria de las Democracias,2026-05,3,2026-08,3982.0,3982.0,0.0,0.0,NEUTRAL,PERSISTENCE,VALIDATED_WITH_CAUTION,VALIDATED_FORECAST,v2_zero_endpoint_threshold,station_endpoints_per_calendar_month,2704.0,5260.0,2556.0,CONFORMAL_SYMMETRIC_ABS_RESIDUAL,0.8,0.8016359918200409,489,780,13,2026-04-01,2026-05-01T00:00:00,RETROSPECTIVE_REPLAY,False,CALIBRATED
col_333380f5322950cf9a22ac2947f13767,Lomas de Chapultepec Seccion V,2026-05,3,2026-08,3985.0,3985.0,0.0,0.0,NEUTRAL,PERSISTENCE,VALIDATED_WITH_CAUTION,VALIDATED_FORECAST,v2_zero_endpoint_threshold,station_endpoints_per_calendar_month,2707.0,5263.0,2556.0,CONFORMAL_SYMMETRIC_ABS_RESIDUAL,0.8,0.8016359918200409,489,780,13,2026-04-01,2026-05-01T00:00:00,RETROSPECTIVE_REPLAY,False,CALIBRATED
col_347bf8c118ae5cde8343a717c911525d,Independencia,2026-05,3,2026-08,6952.0,6952.0,0.0,0.0,NEUTRAL,PERSISTENCE,VALIDATED_WITH_CAUTION,VALIDATED_FORECAST,v2_zero_endpoint_threshold,station_endpoints_per_calendar_month,5674.0,8230.0,2556.0,CONFORMAL_SYMMETRIC_ABS_RESIDUAL,0.8,0.8016359918200409,489,780,13,2026-04-01,2026-05-01T00:00:00,RETROSPECTIVE_REPLAY,False,CALIBRATED
col_34ef10debc6452f7a37e4eb02f41010f,Villa Coyoacan,2026-05,3,2026-08,5625.0,5625.0,0.0,0.0,NEUTRAL,PERSISTENCE,VALIDATED_WITH_CAUTION,VALIDATED_FORECAST,v2_zero_endpoint_threshold,station_endpoints_per_calendar_month,4347.0,6903.0,2556.0,CONFORMAL_SYMMETRIC_ABS_RESIDUAL,0.8,0.8016359918200409,489,780,13,2026-04-01,2026-05-01T00:00:00,RETROSPECTIVE_REPLAY,False,CALIBRATED
col_39b7c034d6a15d22952ae31d1eab536a,Tlaxpana,2026-05,3,2026-08,19273.0,19273.0,0.0,0.0,NEUTRAL,PERSISTENCE,VALIDATED_WITH_CAUTION,VALIDATED_FORECAST,v2_zero_endpoint_threshold,station_endpoints_per_calendar_month,17995.0,20551.0,2556.0,CONFORMAL_SYMMETRIC_ABS_RESIDUAL,0.8,0.8016359918200409,489,780,13,2026-04-01,2026-05-01T00:00:00,RETROSPECTIVE_REPLAY,False,CALIBRATED
col_3c107741e9aa5999ac5f00ed40d5deea,San Diego Churubusco,2026-05,3,2026-08,6364.0,6364.0,0.0,0.0,NEUTRAL,PERSISTENCE,VALIDATED_WITH_CAUTION,VALIDATED_FORECAST,v2_zero_endpoint_threshold,station_endpoints_per_calendar_month,5086.0,7642.0,2556.0,CONFORMAL_SYMMETRIC_ABS_RESIDUAL,0.8,0.8016359918200409,489,780,13,2026-04-01,2026-05-01T00:00:00,RETROSPECTIVE_REPLAY,False,CALIBRATED
col_3d725e14185a5c38a7d3e1cda93adc73,Anahuac I Seccion,2026-04,3,2026-07,25808.0,25808.0,0.0,0.0,NEUTRAL,PERSISTENCE,VALIDATED_WITH_CAUTION,VALIDATED_FORECAST,v2_zero_endpoint_threshold,station_endpoints_per_calendar_month,24638.0,26978.0,2340.0,CONFORMAL_SYMMETRIC_ABS_RESIDUAL,0.8,0.8567961165048543,412,703,12,2026-03-01,2026-04-01T00:00:00,RETROSPECTIVE_REPLAY,False,CALIBRATED
col_46ef3d6067b85bc580fd6f574f0e5a26,Claveria,2026-05,3,2026-08,13161.0,13161.0,0.0,0.0,NEUTRAL,PERSISTENCE,VALIDATED_WITH_CAUTION,VALIDATED_FORECAST,v2_zero_endpoint_threshold,station_endpoints_per_calendar_month,11883.0,14439.0,2556.0,CONFORMAL_SYMMETRIC_ABS_RESIDUAL,0.8,0.8016359918200409,489,780,13,2026-04-01,2026-05-01T00:00:00,RETROSPECTIVE_REPLAY,False,CALIBRATED
col_47716220585b527aaf095e5cd827326f,San Angel,2026-05,3,2026-08,3119.0,3119.0,0.0,0.0,NEUTRAL,PERSISTENCE,VALIDATED_WITH_CAUTION,VALIDATED_FORECAST,v2_zero_endpoint_threshold,station_endpoints_per_calendar_month,1841.0,4397.0,2556.0,CONFORMAL_SYMMETRIC_ABS_RESIDUAL,0.8,0.8016359918200409,489,780,13,2026-04-01,2026-05-01T00:00:00,RETROSPECTIVE_REPLAY,False,CALIBRATED
col_479170cdfd5b53c484ffa7a376547b3a,Alamos,2026-01,3,2026-04,26831.0,26831.0,0.0,0.0,NEUTRAL,PERSISTENCE,VALIDATED_WITH_CAUTION,VALIDATED_FORECAST,v2_zero_endpoint_threshold,station_endpoints_per_calendar_month,25658.0,28004.0,2346.0,CONFORMAL_SYMMETRIC_ABS_RESIDUAL,0.8,0.8825910931174089,247,538,9,2025-12-01,2026-01-01T00:00:00,RETROSPECTIVE_REPLAY,False,CALIBRATED
col_49351caf73a652ba8bcc7655ce37dd18,Anahuac,2026-05,3,2026-08,40307.0,40307.0,0.0,0.0,NEUTRAL,PERSISTENCE,VALIDATED_WITH_CAUTION,VALIDATED_FORECAST,v2_zero_endpoint_threshold,station_endpoints_per_calendar_month,39029.0,41585.0,2556.0,CONFORMAL_SYMMETRIC_ABS_RESIDUAL,0.8,0.8016359918200409,489,780,13,2026-04-01,2026-05-01T00:00:00,RETROSPECTIVE_REPLAY,False,CALIBRATED
col_49f6b5a0ab625bda9ca00f7acd601c17,Americas Unidas,2026-05,3,2026-08,14692.0,14692.0,0.0,0.0,NEUTRAL,PERSISTENCE,VALIDATED_WITH_CAUTION,VALIDATED_FORECAST,v2_zero_endpoint_threshold,station_endpoints_per_calendar_month,13414.0,15970.0,2556.0,CONFORMAL_SYMMETRIC_ABS_RESIDUAL,0.8,0.8016359918200409,489,780,13,2026-04-01,2026-05-01T00:00:00,RETROSPECTIVE_REPLAY,False,CALIBRATED
col_4a6ce89e87ac5037b13cd12239825b31,Residencial Emperadores,2026-04,3,2026-07,2061.0,2061.0,0.0,0.0,NEUTRAL,PERSISTENCE,VALIDATED_WITH_CAUTION,VALIDATED_FORECAST,v2_zero_endpoint_threshold,station_endpoints_per_calendar_month,891.0,3231.0,2340.0,CONFORMAL_SYMMETRIC_ABS_RESIDUAL,0.8,0.8567961165048543,412,703,12,2026-03-01,2026-04-01T00:00:00,RETROSPECTIVE_REPLAY,False,CALIBRATED
col_4b057d99c17f5783822af98b43744780,Santa Catarina,2026-04,3,2026-07,13504.0,13504.0,0.0,0.0,NEUTRAL,PERSISTENCE,VALIDATED_WITH_CAUTION,VALIDATED_FORECAST,v2_zero_endpoint_threshold,station_endpoints_per_calendar_month,12334.0,14674.0,2340.0,CONFORMAL_SYMMETRIC_ABS_RESIDUAL,0.8,0.8567961165048543,412,703,12,2026-03-01,2026-04-01T00:00:00,RETROSPECTIVE_REPLAY,False,CALIBRATED
col_4d16bf4016d1531fac1806d04420e1fc,Acacias,2026-03,3,2026-06,11589.0,11589.0,0.0,0.0,NEUTRAL,PERSISTENCE,VALIDATED_WITH_CAUTION,VALIDATED_FORECAST,v2_zero_endpoint_threshold,station_endpoints_per_calendar_month,10426.0,12752.0,2326.0,CONFORMAL_SYMMETRIC_ABS_RESIDUAL,0.8,0.8668555240793201,353,644,11,2026-02-01,2026-03-01T00:00:00,RETROSPECTIVE_REPLAY,False,CALIBRATED
col_506a1cf0beec53eb97a74f9abc9cfe66,San Jose Insurgentes,2026-05,3,2026-08,19674.0,19674.0,0.0,0.0,NEUTRAL,PERSISTENCE,VALIDATED_WITH_CAUTION,VALIDATED_FORECAST,v2_zero_endpoint_threshold,station_endpoints_per_calendar_month,18396.0,20952.0,2556.0,CONFORMAL_SYMMETRIC_ABS_RESIDUAL,0.8,0.8016359918200409,489,780,13,2026-04-01,2026-05-01T00:00:00,RETROSPECTIVE_REPLAY,False,CALIBRATED
col_543d04998daf5e4ab3306049617a67b4,Florida,2026-05,3,2026-08,6158.0,6158.0,0.0,0.0,NEUTRAL,PERSISTENCE,VALIDATED_WITH_CAUTION,VALIDATED_FORECAST,v2_zero_endpoint_threshold,station_endpoints_per_calendar_month,4880.0,7436.0,2556.0,CONFORMAL_SYMMETRIC_ABS_RESIDUAL,0.8,0.8016359918200409,489,780,13,2026-04-01,2026-05-01T00:00:00,RETROSPECTIVE_REPLAY,False,CALIBRATED
col_5481a24d7414578eb3d8dcf5c715fb23,Niños Heroes de Chapultepec,2026-05,3,2026-08,6813.0,6813.0,0.0,0.0,NEUTRAL,PERSISTENCE,VALIDATED_WITH_CAUTION,VALIDATED_FORECAST,v2_zero_endpoint_threshold,station_endpoints_per_calendar_month,5535.0,8091.0,2556.0,CONFORMAL_SYMMETRIC_ABS_RESIDUAL,0.8,0.8016359918200409,489,780,13,2026-04-01,2026-05-01T00:00:00,RETROSPECTIVE_REPLAY,False,CALIBRATED
col_588e4e85b75a566e85b1e464fdd27b30,Portales Norte,2026-05,3,2026-08,10930.0,10930.0,0.0,0.0,NEUTRAL,PERSISTENCE,VALIDATED_WITH_CAUTION,VALIDATED_FORECAST,v2_zero_endpoint_threshold,station_endpoints_per_calendar_month,9652.0,12208.0,2556.0,CONFORMAL_SYMMETRIC_ABS_RESIDUAL,0.8,0.8016359918200409,489,780,13,2026-04-01,2026-05-01T00:00:00,RETROSPECTIVE_REPLAY,False,CALIBRATED
col_62bb8f5cf8d25a898a34208ad6dee465,San Miguel Chapultepec,2026-04,3,2026-07,52402.0,52402.0,0.0,0.0,NEUTRAL,PERSISTENCE,VALIDATED_WITH_CAUTION,VALIDATED_FORECAST,v2_zero_endpoint_threshold,station_endpoints_per_calendar_month,51232.0,53572.0,2340.0,CONFORMAL_SYMMETRIC_ABS_RESIDUAL,0.8,0.8567961165048543,412,703,12,2026-03-01,2026-04-01T00:00:00,RETROSPECTIVE_REPLAY,False,CALIBRATED
col_64a29c6aaaf85a42bb0e87a40667ac42,Insurgentes San Borja,2026-05,3,2026-08,5147.0,5147.0,0.0,0.0,NEUTRAL,PERSISTENCE,VALIDATED_WITH_CAUTION,VALIDATED_FORECAST,v2_zero_endpoint_threshold,station_endpoints_per_calendar_month,3869.0,6425.0,2556.0,CONFORMAL_SYMMETRIC_ABS_RESIDUAL,0.8,0.8016359918200409,489,780,13,2026-04-01,2026-05-01T00:00:00,RETROSPECTIVE_REPLAY,False,CALIBRATED
col_6573c9286c5a50288130ecf1765ab3b5,Del Carmen,2026-03,3,2026-06,37229.0,37229.0,0.0,0.0,NEUTRAL,PERSISTENCE,VALIDATED_WITH_CAUTION,VALIDATED_FORECAST,v2_zero_endpoint_threshold,station_endpoints_per_calendar_month,36066.0,38392.0,2326.0,CONFORMAL_SYMMETRIC_ABS_RESIDUAL,0.8,0.8668555240793201,353,644,11,2026-02-01,2026-03-01T00:00:00,RETROSPECTIVE_REPLAY,False,CALIBRATED
col_6954f4d5482a5e07b5721c81d464cd43,Algarin,2026-05,3,2026-08,13932.0,13932.0,0.0,0.0,NEUTRAL,PERSISTENCE,VALIDATED_WITH_CAUTION,VALIDATED_FORECAST,v2_zero_endpoint_threshold,station_endpoints_per_calendar_month,12654.0,15210.0,2556.0,CONFORMAL_SYMMETRIC_ABS_RESIDUAL,0.8,0.8016359918200409,489,780,13,2026-04-01,2026-05-01T00:00:00,RETROSPECTIVE_REPLAY,False,CALIBRATED
col_6bf10fd8943e5967b7603760fb6cd344,Napoles,2026-05,3,2026-08,48209.0,48209.0,0.0,0.0,NEUTRAL,PERSISTENCE,VALIDATED_WITH_CAUTION,VALIDATED_FORECAST,v2_zero_endpoint_threshold,station_endpoints_per_calendar_month,46931.0,49487.0,2556.0,CONFORMAL_SYMMETRIC_ABS_RESIDUAL,0.8,0.8016359918200409,489,780,13,2026-04-01,2026-05-01T00:00:00,RETROSPECTIVE_REPLAY,False,CALIBRATED
col_6e124db5b88b5695a72b6c82db5754cd,Santa Cruz Atoyac,2026-01,3,2026-04,20386.0,20386.0,0.0,0.0,NEUTRAL,PERSISTENCE,VALIDATED_WITH_CAUTION,VALIDATED_FORECAST,v2_zero_endpoint_threshold,station_endpoints_per_calendar_month,19213.0,21559.0,2346.0,CONFORMAL_SYMMETRIC_ABS_RESIDUAL,0.8,0.8825910931174089,247,538,9,2025-12-01,2026-01-01T00:00:00,RETROSPECTIVE_REPLAY,False,CALIBRATED
col_6e932760ad7e5318b2922fea188ea3f8,Cuauhtemoc Pensil,2026-05,3,2026-08,7811.0,7811.0,0.0,0.0,NEUTRAL,PERSISTENCE,VALIDATED_WITH_CAUTION,VALIDATED_FORECAST,v2_zero_endpoint_threshold,station_endpoints_per_calendar_month,6533.0,9089.0,2556.0,CONFORMAL_SYMMETRIC_ABS_RESIDUAL,0.8,0.8016359918200409,489,780,13,2026-04-01,2026-05-01T00:00:00,RETROSPECTIVE_REPLAY,False,CALIBRATED
col_6f85f8cb1357503bae86559c4ab47194,Veronica Anzures,2026-03,3,2026-06,14939.0,14939.0,0.0,0.0,NEUTRAL,PERSISTENCE,VALIDATED_WITH_CAUTION,VALIDATED_FORECAST,v2_zero_endpoint_threshold,station_endpoints_per_calendar_month,13776.0,16102.0,2326.0,CONFORMAL_SYMMETRIC_ABS_RESIDUAL,0.8,0.8668555240793201,353,644,11,2026-02-01,2026-03-01T00:00:00,RETROSPECTIVE_REPLAY,False,CALIBRATED
col_76d47b3676925748aa9d3dee653c6562,Modelo Pensil,2026-05,3,2026-08,5277.0,5277.0,0.0,0.0,NEUTRAL,PERSISTENCE,VALIDATED_WITH_CAUTION,VALIDATED_FORECAST,v2_zero_endpoint_threshold,station_endpoints_per_calendar_month,3999.0,6555.0,2556.0,CONFORMAL_SYMMETRIC_ABS_RESIDUAL,0.8,0.8016359918200409,489,780,13,2026-04-01,2026-05-01T00:00:00,RETROSPECTIVE_REPLAY,False,CALIBRATED
col_77126fcee0bf5162978113f718dc8420,Hipodromo Condesa,2026-05,3,2026-08,29710.0,29710.0,0.0,0.0,NEUTRAL,PERSISTENCE,VALIDATED_WITH_CAUTION,VALIDATED_FORECAST,v2_zero_endpoint_threshold,station_endpoints_per_calendar_month,28432.0,30988.0,2556.0,CONFORMAL_SYMMETRIC_ABS_RESIDUAL,0.8,0.8016359918200409,489,780,13,2026-04-01,2026-05-01T00:00:00,RETROSPECTIVE_REPLAY,False,CALIBRATED
col_7d88ca5b0c8d519c962986381a6c0a11,San Pedro de los Pinos,2025-11,3,2026-02,33772.0,33772.0,0.0,0.0,NEUTRAL,PERSISTENCE,VALIDATED_WITH_CAUTION,VALIDATED_FORECAST,v2_zero_endpoint_threshold,station_endpoints_per_calendar_month,32568.0,34976.0,2408.0,CONFORMAL_SYMMETRIC_ABS_RESIDUAL,0.8,0.8647058823529412,170,461,8,2025-10-01,2025-11-01T00:00:00,RETROSPECTIVE_REPLAY,False,CALIBRATED
col_7f4389bc274355ffaf821a5f6d5a33f1,Mariano Escobedo,2026-05,3,2026-08,8042.0,8042.0,0.0,0.0,NEUTRAL,PERSISTENCE,VALIDATED_WITH_CAUTION,VALIDATED_FORECAST,v2_zero_endpoint_threshold,station_endpoints_per_calendar_month,6764.0,9320.0,2556.0,CONFORMAL_SYMMETRIC_ABS_RESIDUAL,0.8,0.8016359918200409,489,780,13,2026-04-01,2026-05-01T00:00:00,RETROSPECTIVE_REPLAY,False,CALIBRATED
col_81496637921a5e749f117e8ef4f2ee99,Credito Constructor,2026-05,3,2026-08,2312.0,2312.0,0.0,0.0,NEUTRAL,PERSISTENCE,VALIDATED_WITH_CAUTION,VALIDATED_FORECAST,v2_zero_endpoint_threshold,station_endpoints_per_calendar_month,1034.0,3590.0,2556.0,CONFORMAL_SYMMETRIC_ABS_RESIDUAL,0.8,0.8016359918200409,489,780,13,2026-04-01,2026-05-01T00:00:00,RETROSPECTIVE_REPLAY,False,CALIBRATED
col_81ad18034e5855e38b63dfffe608d3d3,Letran Valle,2026-05,3,2026-08,16085.0,16085.0,0.0,0.0,NEUTRAL,PERSISTENCE,VALIDATED_WITH_CAUTION,VALIDATED_FORECAST,v2_zero_endpoint_threshold,station_endpoints_per_calendar_month,14807.0,17363.0,2556.0,CONFORMAL_SYMMETRIC_ABS_RESIDUAL,0.8,0.8016359918200409,489,780,13,2026-04-01,2026-05-01T00:00:00,RETROSPECTIVE_REPLAY,False,CALIBRATED
col_84c2fef5059c546e9a59e6816fb7e72b,Extremadura Insurgentes,2026-05,3,2026-08,9459.0,9459.0,0.0,0.0,NEUTRAL,PERSISTENCE,VALIDATED_WITH_CAUTION,VALIDATED_FORECAST,v2_zero_endpoint_threshold,station_endpoints_per_calendar_month,8181.0,10737.0,2556.0,CONFORMAL_SYMMETRIC_ABS_RESIDUAL,0.8,0.8016359918200409,489,780,13,2026-04-01,2026-05-01T00:00:00,RETROSPECTIVE_REPLAY,False,CALIBRATED
col_8694171d7ed551d78020504424e7148c,Xoco,2026-05,3,2026-08,6622.0,6622.0,0.0,0.0,NEUTRAL,PERSISTENCE,VALIDATED_WITH_CAUTION,VALIDATED_FORECAST,v2_zero_endpoint_threshold,station_endpoints_per_calendar_month,5344.0,7900.0,2556.0,CONFORMAL_SYMMETRIC_ABS_RESIDUAL,0.8,0.8016359918200409,489,780,13,2026-04-01,2026-05-01T00:00:00,RETROSPECTIVE_REPLAY,False,CALIBRATED
col_8dd63c1e84435db49a927bcd4b149776,Atlampa,2026-05,3,2026-08,8390.0,8390.0,0.0,0.0,NEUTRAL,PERSISTENCE,VALIDATED_WITH_CAUTION,VALIDATED_FORECAST,v2_zero_endpoint_threshold,station_endpoints_per_calendar_month,7112.0,9668.0,2556.0,CONFORMAL_SYMMETRIC_ABS_RESIDUAL,0.8,0.8016359918200409,489,780,13,2026-04-01,2026-05-01T00:00:00,RETROSPECTIVE_REPLAY,False,CALIBRATED
col_8e89f7e8963258c3b4c0ec85deb35ae9,Tlacoquemecatl del Valle,2026-03,3,2026-06,21267.0,21267.0,0.0,0.0,NEUTRAL,PERSISTENCE,VALIDATED_WITH_CAUTION,VALIDATED_FORECAST,v2_zero_endpoint_threshold,station_endpoints_per_calendar_month,20104.0,22430.0,2326.0,CONFORMAL_SYMMETRIC_ABS_RESIDUAL,0.8,0.8668555240793201,353,644,11,2026-02-01,2026-03-01T00:00:00,RETROSPECTIVE_REPLAY,False,CALIBRATED
col_926ff32000a751399a54daad7479254d,Anzures,2026-05,3,2026-08,35018.0,35018.0,0.0,0.0,NEUTRAL,PERSISTENCE,VALIDATED_WITH_CAUTION,VALIDATED_FORECAST,v2_zero_endpoint_threshold,station_endpoints_per_calendar_month,33740.0,36296.0,2556.0,CONFORMAL_SYMMETRIC_ABS_RESIDUAL,0.8,0.8016359918200409,489,780,13,2026-04-01,2026-05-01T00:00:00,RETROSPECTIVE_REPLAY,False,CALIBRATED
col_92cd6e3f23155eedb10936246b2da76c,Popotla,2026-05,3,2026-08,17119.0,17119.0,0.0,0.0,NEUTRAL,PERSISTENCE,VALIDATED_WITH_CAUTION,VALIDATED_FORECAST,v2_zero_endpoint_threshold,station_endpoints_per_calendar_month,15841.0,18397.0,2556.0,CONFORMAL_SYMMETRIC_ABS_RESIDUAL,0.8,0.8016359918200409,489,780,13,2026-04-01,2026-05-01T00:00:00,RETROSPECTIVE_REPLAY,False,CALIBRATED
col_96af67dbdc945131a7e1fb18aab974fa,Parque San Andres,2026-03,3,2026-06,11403.0,11403.0,0.0,0.0,NEUTRAL,PERSISTENCE,VALIDATED_WITH_CAUTION,VALIDATED_FORECAST,v2_zero_endpoint_threshold,station_endpoints_per_calendar_month,10240.0,12566.0,2326.0,CONFORMAL_SYMMETRIC_ABS_RESIDUAL,0.8,0.8668555240793201,353,644,11,2026-02-01,2026-03-01T00:00:00,RETROSPECTIVE_REPLAY,False,CALIBRATED
col_99820d9ec1005837855fcf0d7f8dcaf0,Narvarte Poniente,2025-05,3,2025-08,64172.0,64172.0,0.0,0.0,NEUTRAL,PERSISTENCE,VALIDATED_WITH_CAUTION,VALIDATED_FORECAST,v2_zero_endpoint_threshold,station_endpoints_per_calendar_month,62788.0,65556.0,2768.0,CONFORMAL_SYMMETRIC_ABS_RESIDUAL,0.8,,0,103,2,2025-04-01,2025-05-01T00:00:00,RETROSPECTIVE_REPLAY,False,CALIBRATED
col_9bbea60acc995fa7b9c482efc14ebb94,Ciudad de los Deportes,2026-05,3,2026-08,11210.0,11210.0,0.0,0.0,NEUTRAL,PERSISTENCE,VALIDATED_WITH_CAUTION,VALIDATED_FORECAST,v2_zero_endpoint_threshold,station_endpoints_per_calendar_month,9932.0,12488.0,2556.0,CONFORMAL_SYMMETRIC_ABS_RESIDUAL,0.8,0.8016359918200409,489,780,13,2026-04-01,2026-05-01T00:00:00,RETROSPECTIVE_REPLAY,False,CALIBRATED
col_9f7b23fc019150a58f8d3fa8ecb0545b,Actipan,2026-03,3,2026-06,19736.0,19736.0,0.0,0.0,NEUTRAL,PERSISTENCE,VALIDATED_WITH_CAUTION,VALIDATED_FORECAST,v2_zero_endpoint_threshold,station_endpoints_per_calendar_month,18573.0,20899.0,2326.0,CONFORMAL_SYMMETRIC_ABS_RESIDUAL,0.8,0.8668555240793201,353,644,11,2026-02-01,2026-03-01T00:00:00,RETROSPECTIVE_REPLAY,False,CALIBRATED
col_a069943804255517b1a44551a37b7d8e,Insurgentes Mixcoac,2025-12,3,2026-03,26996.0,26996.0,0.0,0.0,NEUTRAL,PERSISTENCE,VALIDATED_WITH_CAUTION,VALIDATED_FORECAST,v2_zero_endpoint_threshold,station_endpoints_per_calendar_month,25794.0,28198.0,2404.0,CONFORMAL_SYMMETRIC_ABS_RESIDUAL,0.8,0.8770053475935828,187,478,8,2025-11-01,2025-12-01T00:00:00,RETROSPECTIVE_REPLAY,False,CALIBRATED
col_a11503ab8f7b52ecba6e146f1cd2bcae,Noche Buena,2026-05,3,2026-08,4859.0,4859.0,0.0,0.0,NEUTRAL,PERSISTENCE,VALIDATED_WITH_CAUTION,VALIDATED_FORECAST,v2_zero_endpoint_threshold,station_endpoints_per_calendar_month,3581.0,6137.0,2556.0,CONFORMAL_SYMMETRIC_ABS_RESIDUAL,0.8,0.8016359918200409,489,780,13,2026-04-01,2026-05-01T00:00:00,RETROSPECTIVE_REPLAY,False,CALIBRATED
col_a20da3b32dc95373bfc155a68e4197fa,Roma Sur,2025-05,3,2025-08,114251.0,114251.0,0.0,0.0,NEUTRAL,PERSISTENCE,VALIDATED_WITH_CAUTION,VALIDATED_FORECAST,v2_zero_endpoint_threshold,station_endpoints_per_calendar_month,112867.0,115635.0,2768.0,CONFORMAL_SYMMETRIC_ABS_RESIDUAL,0.8,,0,103,2,2025-04-01,2025-05-01T00:00:00,RETROSPECTIVE_REPLAY,False,CALIBRATED
col_a21a9068f97957a2a0828f64e9102bde,Nueva Santa Maria,2026-05,3,2026-08,12250.0,12250.0,0.0,0.0,NEUTRAL,PERSISTENCE,VALIDATED_WITH_CAUTION,VALIDATED_FORECAST,v2_zero_endpoint_threshold,station_endpoints_per_calendar_month,10972.0,13528.0,2556.0,CONFORMAL_SYMMETRIC_ABS_RESIDUAL,0.8,0.8016359918200409,489,780,13,2026-04-01,2026-05-01T00:00:00,RETROSPECTIVE_REPLAY,False,CALIBRATED
col_a4784e1d94d556b3b35e2f91d799fbf4,Bosque de Chapultepec,2026-04,3,2026-07,31308.0,31308.0,0.0,0.0,NEUTRAL,PERSISTENCE,VALIDATED_WITH_CAUTION,VALIDATED_FORECAST,v2_zero_endpoint_threshold,station_endpoints_per_calendar_month,30138.0,32478.0,2340.0,CONFORMAL_SYMMETRIC_ABS_RESIDUAL,0.8,0.8567961165048543,412,703,12,2026-03-01,2026-04-01T00:00:00,RETROSPECTIVE_REPLAY,False,CALIBRATED
col_a8d3b136a1115b0380f6f041ad7b12a8,Sector Naval,2026-05,3,2026-08,4213.0,4213.0,0.0,0.0,NEUTRAL,PERSISTENCE,VALIDATED_WITH_CAUTION,VALIDATED_FORECAST,v2_zero_endpoint_threshold,station_endpoints_per_calendar_month,2935.0,5491.0,2556.0,CONFORMAL_SYMMETRIC_ABS_RESIDUAL,0.8,0.8016359918200409,489,780,13,2026-04-01,2026-05-01T00:00:00,RETROSPECTIVE_REPLAY,False,CALIBRATED
col_aaef3bfb4fb259e8ab32bf1eb9404368,San Mateo,2026-05,3,2026-08,4701.0,4701.0,0.0,0.0,NEUTRAL,PERSISTENCE,VALIDATED_WITH_CAUTION,VALIDATED_FORECAST,v2_zero_endpoint_threshold,station_endpoints_per_calendar_month,3423.0,5979.0,2556.0,CONFORMAL_SYMMETRIC_ABS_RESIDUAL,0.8,0.8016359918200409,489,780,13,2026-04-01,2026-05-01T00:00:00,RETROSPECTIVE_REPLAY,False,CALIBRATED
col_abad05146e545e0cb59abdc228f8373c,San Simon Ticumac,2026-05,3,2026-08,18077.0,18077.0,0.0,0.0,NEUTRAL,PERSISTENCE,VALIDATED_WITH_CAUTION,VALIDATED_FORECAST,v2_zero_endpoint_threshold,station_endpoints_per_calendar_month,16799.0,19355.0,2556.0,CONFORMAL_SYMMETRIC_ABS_RESIDUAL,0.8,0.8016359918200409,489,780,13,2026-04-01,2026-05-01T00:00:00,RETROSPECTIVE_REPLAY,False,CALIBRATED
col_aeb67b70520e58b895caf170c4cc2b7b,Postal,2026-04,3,2026-07,8114.0,8114.0,0.0,0.0,NEUTRAL,PERSISTENCE,VALIDATED_WITH_CAUTION,VALIDATED_FORECAST,v2_zero_endpoint_threshold,station_endpoints_per_calendar_month,6944.0,9284.0,2340.0,CONFORMAL_SYMMETRIC_ABS_RESIDUAL,0.8,0.8567961165048543,412,703,12,2026-03-01,2026-04-01T00:00:00,RETROSPECTIVE_REPLAY,False,CALIBRATED
col_af634a3d6a0956f8930194b36da1dbde,Buenavista,2026-03,3,2026-06,67657.0,67657.0,0.0,0.0,NEUTRAL,PERSISTENCE,VALIDATED_WITH_CAUTION,VALIDATED_FORECAST,v2_zero_endpoint_threshold,station_endpoints_per_calendar_month,66494.0,68820.0,2326.0,CONFORMAL_SYMMETRIC_ABS_RESIDUAL,0.8,0.8668555240793201,353,644,11,2026-02-01,2026-03-01T00:00:00,RETROSPECTIVE_REPLAY,False,CALIBRATED
col_b0071da2a8ad5c38b1d137c8dd21a966,Unidad Habitacional Cuitláhuac,2026-05,3,2026-08,3109.0,3109.0,0.0,0.0,NEUTRAL,PERSISTENCE,VALIDATED_WITH_CAUTION,VALIDATED_FORECAST,v2_zero_endpoint_threshold,station_endpoints_per_calendar_month,1831.0,4387.0,2556.0,CONFORMAL_SYMMETRIC_ABS_RESIDUAL,0.8,0.8016359918200409,489,780,13,2026-04-01,2026-05-01T00:00:00,RETROSPECTIVE_REPLAY,False,CALIBRATED
col_b0d667d100335a2cbd38dd885b4a49ae,Granada,2026-05,3,2026-08,25964.0,25964.0,0.0,0.0,NEUTRAL,PERSISTENCE,VALIDATED_WITH_CAUTION,VALIDATED_FORECAST,v2_zero_endpoint_threshold,station_endpoints_per_calendar_month,24686.0,27242.0,2556.0,CONFORMAL_SYMMETRIC_ABS_RESIDUAL,0.8,0.8016359918200409,489,780,13,2026-04-01,2026-05-01T00:00:00,RETROSPECTIVE_REPLAY,False,CALIBRATED
col_b311567e717b53408adc7485d395fbd0,Del Valle Sur,2026-02,3,2026-05,54037.0,54037.0,0.0,0.0,NEUTRAL,PERSISTENCE,VALIDATED_WITH_CAUTION,VALIDATED_FORECAST,v2_zero_endpoint_threshold,station_endpoints_per_calendar_month,52874.0,55200.0,2326.0,CONFORMAL_SYMMETRIC_ABS_RESIDUAL,0.8,0.8762214983713354,307,598,10,2026-01-01,2026-02-01T00:00:00,RETROSPECTIVE_REPLAY,False,CALIBRATED
col_ba378e9f675c57f6b84cd80ba4906921,San Salvador Xochimanca,2026-05,3,2026-08,3935.0,3935.0,0.0,0.0,NEUTRAL,PERSISTENCE,VALIDATED_WITH_CAUTION,VALIDATED_FORECAST,v2_zero_endpoint_threshold,station_endpoints_per_calendar_month,2657.0,5213.0,2556.0,CONFORMAL_SYMMETRIC_ABS_RESIDUAL,0.8,0.8016359918200409,489,780,13,2026-04-01,2026-05-01T00:00:00,RETROSPECTIVE_REPLAY,False,CALIBRATED
col_bbdf83c90b8d5945967637dfe673bde4,Lomas de Chapultepec Seccion IV/Lomas Virreyes,2026-05,3,2026-08,5360.0,5360.0,0.0,0.0,NEUTRAL,PERSISTENCE,VALIDATED_WITH_CAUTION,VALIDATED_FORECAST,v2_zero_endpoint_threshold,station_endpoints_per_calendar_month,4082.0,6638.0,2556.0,CONFORMAL_SYMMETRIC_ABS_RESIDUAL,0.8,0.8016359918200409,489,780,13,2026-04-01,2026-05-01T00:00:00,RETROSPECTIVE_REPLAY,False,CALIBRATED
col_bed54b5fa7b155169b5367f26e64ee77,Barrio la Concepcion,2026-04,3,2026-07,3390.0,3390.0,0.0,0.0,NEUTRAL,PERSISTENCE,VALIDATED_WITH_CAUTION,VALIDATED_FORECAST,v2_zero_endpoint_threshold,station_endpoints_per_calendar_month,2220.0,4560.0,2340.0,CONFORMAL_SYMMETRIC_ABS_RESIDUAL,0.8,0.8567961165048543,412,703,12,2026-03-01,2026-04-01T00:00:00,RETROSPECTIVE_REPLAY,False,CALIBRATED
col_c00d00bb38f656119c21216810bac6c9,Barrio San Lucas,2026-05,3,2026-08,2192.0,2192.0,0.0,0.0,NEUTRAL,PERSISTENCE,VALIDATED_WITH_CAUTION,VALIDATED_FORECAST,v2_zero_endpoint_threshold,station_endpoints_per_calendar_month,914.0,3470.0,2556.0,CONFORMAL_SYMMETRIC_ABS_RESIDUAL,0.8,0.8016359918200409,489,780,13,2026-04-01,2026-05-01T00:00:00,RETROSPECTIVE_REPLAY,False,CALIBRATED
col_c4ce45851ad35a61b8fb1e683c4b52a5,Vertiz Narvarte,2026-04,3,2026-07,16483.0,16483.0,0.0,0.0,NEUTRAL,PERSISTENCE,VALIDATED_WITH_CAUTION,VALIDATED_FORECAST,v2_zero_endpoint_threshold,station_endpoints_per_calendar_month,15313.0,17653.0,2340.0,CONFORMAL_SYMMETRIC_ABS_RESIDUAL,0.8,0.8567961165048543,412,703,12,2026-03-01,2026-04-01T00:00:00,RETROSPECTIVE_REPLAY,False,CALIBRATED
col_c84c8cba11e05de082c7496795578d88,Santo Tomas,2026-05,3,2026-08,2977.0,2977.0,0.0,0.0,NEUTRAL,PERSISTENCE,VALIDATED_WITH_CAUTION,VALIDATED_FORECAST,v2_zero_endpoint_threshold,station_endpoints_per_calendar_month,1699.0,4255.0,2556.0,CONFORMAL_SYMMETRIC_ABS_RESIDUAL,0.8,0.8016359918200409,489,780,13,2026-04-01,2026-05-01T00:00:00,RETROSPECTIVE_REPLAY,False,CALIBRATED
col_cbef3a463b0b5bc2ac31e747b6721178,Guadalupe Inn,2026-05,3,2026-08,13380.0,13380.0,0.0,0.0,NEUTRAL,PERSISTENCE,VALIDATED_WITH_CAUTION,VALIDATED_FORECAST,v2_zero_endpoint_threshold,station_endpoints_per_calendar_month,12102.0,14658.0,2556.0,CONFORMAL_SYMMETRIC_ABS_RESIDUAL,0.8,0.8016359918200409,489,780,13,2026-04-01,2026-05-01T00:00:00,RETROSPECTIVE_REPLAY,False,CALIBRATED
col_cda58c28c9e35bd7b4c277287cc632da,Polanco Seccion I/ Los Morales,2026-05,3,2026-08,4092.0,4092.0,0.0,0.0,NEUTRAL,PERSISTENCE,VALIDATED_WITH_CAUTION,VALIDATED_FORECAST,v2_zero_endpoint_threshold,station_endpoints_per_calendar_month,2814.0,5370.0,2556.0,CONFORMAL_SYMMETRIC_ABS_RESIDUAL,0.8,0.8016359918200409,489,780,13,2026-04-01,2026-05-01T00:00:00,RETROSPECTIVE_REPLAY,False,CALIBRATED
col_d230756d48c258b4b050767d29182a80,Irrigacion,2026-05,3,2026-08,8090.0,8090.0,0.0,0.0,NEUTRAL,PERSISTENCE,VALIDATED_WITH_CAUTION,VALIDATED_FORECAST,v2_zero_endpoint_threshold,station_endpoints_per_calendar_month,6812.0,9368.0,2556.0,CONFORMAL_SYMMETRIC_ABS_RESIDUAL,0.8,0.8016359918200409,489,780,13,2026-04-01,2026-05-01T00:00:00,RETROSPECTIVE_REPLAY,False,CALIBRATED
col_d24f94824377561c8616923a56c96081,Ignacio Allende,2026-05,3,2026-08,1416.0,1416.0,0.0,0.0,NEUTRAL,PERSISTENCE,VALIDATED_WITH_CAUTION,VALIDATED_FORECAST,v2_zero_endpoint_threshold,station_endpoints_per_calendar_month,138.0,2694.0,2556.0,CONFORMAL_SYMMETRIC_ABS_RESIDUAL,0.8,0.8016359918200409,489,780,13,2026-04-01,2026-05-01T00:00:00,RETROSPECTIVE_REPLAY,False,CALIBRATED
col_d40150e91a0457b18f3ac9b3be178bdc,Molino del Rey,2026-05,3,2026-08,4620.0,4620.0,0.0,0.0,NEUTRAL,PERSISTENCE,VALIDATED_WITH_CAUTION,VALIDATED_FORECAST,v2_zero_endpoint_threshold,station_endpoints_per_calendar_month,3342.0,5898.0,2556.0,CONFORMAL_SYMMETRIC_ABS_RESIDUAL,0.8,0.8016359918200409,489,780,13,2026-04-01,2026-05-01T00:00:00,RETROSPECTIVE_REPLAY,False,CALIBRATED
col_d4e474286fa85c0aa9cd393c8e2880c1,Axotla,2026-05,3,2026-08,3647.0,3647.0,0.0,0.0,NEUTRAL,PERSISTENCE,VALIDATED_WITH_CAUTION,VALIDATED_FORECAST,v2_zero_endpoint_threshold,station_endpoints_per_calendar_month,2369.0,4925.0,2556.0,CONFORMAL_SYMMETRIC_ABS_RESIDUAL,0.8,0.8016359918200409,489,780,13,2026-04-01,2026-05-01T00:00:00,RETROSPECTIVE_REPLAY,False,CALIBRATED
col_de2ee5e1ae0955e6845ef669ea127a75,Tacuba,2026-05,3,2026-08,7275.0,7275.0,0.0,0.0,NEUTRAL,PERSISTENCE,VALIDATED_WITH_CAUTION,VALIDATED_FORECAST,v2_zero_endpoint_threshold,station_endpoints_per_calendar_month,5997.0,8553.0,2556.0,CONFORMAL_SYMMETRIC_ABS_RESIDUAL,0.8,0.8016359918200409,489,780,13,2026-04-01,2026-05-01T00:00:00,RETROSPECTIVE_REPLAY,False,CALIBRATED
col_debb68f1d0525506bae6ef15b9e39d2f,Hogar y Seguridad,2026-05,3,2026-08,3581.0,3581.0,0.0,0.0,NEUTRAL,PERSISTENCE,VALIDATED_WITH_CAUTION,VALIDATED_FORECAST,v2_zero_endpoint_threshold,station_endpoints_per_calendar_month,2303.0,4859.0,2556.0,CONFORMAL_SYMMETRIC_ABS_RESIDUAL,0.8,0.8016359918200409,489,780,13,2026-04-01,2026-05-01T00:00:00,RETROSPECTIVE_REPLAY,False,CALIBRATED
col_df8f37e24dff550bb52ef711568f9cb7,Obrera,2026-03,3,2026-06,40101.0,40101.0,0.0,0.0,NEUTRAL,PERSISTENCE,VALIDATED_WITH_CAUTION,VALIDATED_FORECAST,v2_zero_endpoint_threshold,station_endpoints_per_calendar_month,38938.0,41264.0,2326.0,CONFORMAL_SYMMETRIC_ABS_RESIDUAL,0.8,0.8668555240793201,353,644,11,2026-02-01,2026-03-01T00:00:00,RETROSPECTIVE_REPLAY,False,CALIBRATED
col_e38591c35bd05184a3caa0318add5f06,Agricultura,2026-05,3,2026-08,16716.0,16716.0,0.0,0.0,NEUTRAL,PERSISTENCE,VALIDATED_WITH_CAUTION,VALIDATED_FORECAST,v2_zero_endpoint_threshold,station_endpoints_per_calendar_month,15438.0,17994.0,2556.0,CONFORMAL_SYMMETRIC_ABS_RESIDUAL,0.8,0.8016359918200409,489,780,13,2026-04-01,2026-05-01T00:00:00,RETROSPECTIVE_REPLAY,False,CALIBRATED
col_e426afce41e3549e9144c6ee8c8047dc,Portales,2025-06,3,2025-09,47129.0,47129.0,0.0,0.0,NEUTRAL,PERSISTENCE,VALIDATED_WITH_CAUTION,VALIDATED_FORECAST,v2_zero_endpoint_threshold,station_endpoints_per_calendar_month,45329.0,48929.0,3600.0,CONFORMAL_SYMMETRIC_ABS_RESIDUAL,0.8,,0,167,3,2025-05-01,2025-06-01T00:00:00,RETROSPECTIVE_REPLAY,False,CALIBRATED
col_e72f76ae560a556e957e54c180d9d323,Centro Urbano Presidente Aleman,2026-05,3,2026-08,2694.0,2694.0,0.0,0.0,NEUTRAL,PERSISTENCE,VALIDATED_WITH_CAUTION,VALIDATED_FORECAST,v2_zero_endpoint_threshold,station_endpoints_per_calendar_month,1416.0,3972.0,2556.0,CONFORMAL_SYMMETRIC_ABS_RESIDUAL,0.8,0.8016359918200409,489,780,13,2026-04-01,2026-05-01T00:00:00,RETROSPECTIVE_REPLAY,False,CALIBRATED
col_eadac3374f095a63b927c12303b7218a,Josefa Ortiz de Dominguez,2026-04,3,2026-07,5870.0,5870.0,0.0,0.0,NEUTRAL,PERSISTENCE,VALIDATED_WITH_CAUTION,VALIDATED_FORECAST,v2_zero_endpoint_threshold,station_endpoints_per_calendar_month,4700.0,7040.0,2340.0,CONFORMAL_SYMMETRIC_ABS_RESIDUAL,0.8,0.8567961165048543,412,703,12,2026-03-01,2026-04-01T00:00:00,RETROSPECTIVE_REPLAY,False,CALIBRATED
col_eb93b25ca61954fa8e9ee2ca2ca57f16,Doctores,2026-05,3,2026-08,84986.0,84986.0,0.0,0.0,NEUTRAL,PERSISTENCE,VALIDATED_WITH_CAUTION,VALIDATED_FORECAST,v2_zero_endpoint_threshold,station_endpoints_per_calendar_month,83708.0,86264.0,2556.0,CONFORMAL_SYMMETRIC_ABS_RESIDUAL,0.8,0.8016359918200409,489,780,13,2026-04-01,2026-05-01T00:00:00,RETROSPECTIVE_REPLAY,False,CALIBRATED
col_ee0096c66b1754fb83cf4c4170f93dd6,Piedad Narvarte,2026-05,3,2026-08,8557.0,8557.0,0.0,0.0,NEUTRAL,PERSISTENCE,VALIDATED_WITH_CAUTION,VALIDATED_FORECAST,v2_zero_endpoint_threshold,station_endpoints_per_calendar_month,7279.0,9835.0,2556.0,CONFORMAL_SYMMETRIC_ABS_RESIDUAL,0.8,0.8016359918200409,489,780,13,2026-04-01,2026-05-01T00:00:00,RETROSPECTIVE_REPLAY,False,CALIBRATED
col_f1b446f58ae65b7f8a814bab39bf17dc,Escandon,2026-01,3,2026-04,70194.0,70194.0,0.0,0.0,NEUTRAL,PERSISTENCE,VALIDATED_WITH_CAUTION,VALIDATED_FORECAST,v2_zero_endpoint_threshold,station_endpoints_per_calendar_month,69021.0,71367.0,2346.0,CONFORMAL_SYMMETRIC_ABS_RESIDUAL,0.8,0.8825910931174089,247,538,9,2025-12-01,2026-01-01T00:00:00,RETROSPECTIVE_REPLAY,False,CALIBRATED
col_f685e6afce2f59ffb8b623a8882cd0ef,Nonoalco,2026-05,3,2026-08,7724.0,7724.0,0.0,0.0,NEUTRAL,PERSISTENCE,VALIDATED_WITH_CAUTION,VALIDATED_FORECAST,v2_zero_endpoint_threshold,station_endpoints_per_calendar_month,6446.0,9002.0,2556.0,CONFORMAL_SYMMETRIC_ABS_RESIDUAL,0.8,0.8016359918200409,489,780,13,2026-04-01,2026-05-01T00:00:00,RETROSPECTIVE_REPLAY,False,CALIBRATED
col_f884dc870afb59218eed6bb359ce0e0f,Guadalupe Chimalistac,2026-05,3,2026-08,11078.0,11078.0,0.0,0.0,NEUTRAL,PERSISTENCE,VALIDATED_WITH_CAUTION,VALIDATED_FORECAST,v2_zero_endpoint_threshold,station_endpoints_per_calendar_month,9800.0,12356.0,2556.0,CONFORMAL_SYMMETRIC_ABS_RESIDUAL,0.8,0.8016359918200409,489,780,13,2026-04-01,2026-05-01T00:00:00,RETROSPECTIVE_REPLAY,False,CALIBRATED
col_f8e6271a3b155d19906933df376c56d8,Ampliacion Napoles,2026-05,3,2026-08,13239.0,13239.0,0.0,0.0,NEUTRAL,PERSISTENCE,VALIDATED_WITH_CAUTION,VALIDATED_FORECAST,v2_zero_endpoint_threshold,station_endpoints_per_calendar_month,11961.0,14517.0,2556.0,CONFORMAL_SYMMETRIC_ABS_RESIDUAL,0.8,0.8016359918200409,489,780,13,2026-04-01,2026-05-01T00:00:00,RETROSPECTIVE_REPLAY,False,CALIBRATED
col_fb144842ece557ce8e184ba17ea11743,Un Hogar para Nosotros,2026-04,3,2026-07,3465.0,3465.0,0.0,0.0,NEUTRAL,PERSISTENCE,VALIDATED_WITH_CAUTION,VALIDATED_FORECAST,v2_zero_endpoint_threshold,station_endpoints_per_calendar_month,2295.0,4635.0,2340.0,CONFORMAL_SYMMETRIC_ABS_RESIDUAL,0.8,0.8567961165048543,412,703,12,2026-03-01,2026-04-01T00:00:00,RETROSPECTIVE_REPLAY,False,CALIBRATED
col_ffeedd6a32945225b84ecc416148dd76,San Rafael,2026-01,3,2026-04,77277.0,77277.0,0.0,0.0,NEUTRAL,PERSISTENCE,VALIDATED_WITH_CAUTION,VALIDATED_FORECAST,v2_zero_endpoint_threshold,station_endpoints_per_calendar_month,76104.0,78450.0,2346.0,CONFORMAL_SYMMETRIC_ABS_RESIDUAL,0.8,0.8825910931174089,247,538,9,2025-12-01,2026-01-01T00:00:00,RETROSPECTIVE_REPLAY,False,CALIBRATED
col_fff7ee1276da58efb088edf2d4f0141e,Narvarte,2026-05,3,2026-08,51366.0,51366.0,0.0,0.0,NEUTRAL,PERSISTENCE,VALIDATED_WITH_CAUTION,VALIDATED_FORECAST,v2_zero_endpoint_threshold,station_endpoints_per_calendar_month,50088.0,52644.0,2556.0,CONFORMAL_SYMMETRIC_ABS_RESIDUAL,0.8,0.8016359918200409,489,780,13,2026-04-01,2026-05-01T00:00:00,RETROSPECTIVE_REPLAY,False,CALIBRATED
col_058b0a95e3e35746bf806f626cc29e3c,Del Valle Centro,2025-05,6,2025-11,54763.0,54763.0,0.0,0.0,NEUTRAL,PERSISTENCE,VALIDATED_WITH_CAUTION,VALIDATED_FORECAST,v2_zero_endpoint_threshold,station_endpoints_per_calendar_month,53690.0,55836.0,2146.0,CONFORMAL_SYMMETRIC_ABS_RESIDUAL,0.8,,0,109,2,2025-04-01,2025-05-01T00:00:00,RETROSPECTIVE_REPLAY,False,CALIBRATED
col_075ade1e8b735efcac21da8802b37c0a,Obrero Popular,2026-01,6,2026-07,2028.0,2028.0,0.0,0.0,NEUTRAL,PERSISTENCE,VALIDATED_WITH_CAUTION,VALIDATED_FORECAST,v2_zero_endpoint_threshold,station_endpoints_per_calendar_month,683.0,3373.0,2690.0,CONFORMAL_SYMMETRIC_ABS_RESIDUAL,0.8,0.8070175438596491,57,502,8,2025-12-01,2026-01-01T00:00:00,RETROSPECTIVE_REPLAY,False,CALIBRATED
col_0d7a0b5c2d6b5f31bd586ed063d99183,San Alvaro,2025-12,6,2026-06,3476.0,3476.0,0.0,0.0,NEUTRAL,PERSISTENCE,VALIDATED_WITH_CAUTION,VALIDATED_FORECAST,v2_zero_endpoint_threshold,station_endpoints_per_calendar_month,2130.0,4822.0,2692.0,CONFORMAL_SYMMETRIC_ABS_RESIDUAL,0.8,,0,442,7,2025-11-01,2025-12-01T00:00:00,RETROSPECTIVE_REPLAY,False,CALIBRATED
col_0f6878a834535080af77fae943ae9b95,Tabacalera,2024-09,6,2025-03,66133.0,66133.0,0.0,0.0,NEUTRAL,PERSISTENCE,VALIDATED_WITH_CAUTION,VALIDATED_FORECAST,v2_zero_endpoint_threshold,station_endpoints_per_calendar_month,,,,CONFORMAL_SYMMETRIC_ABS_RESIDUAL,0.8,,0,0,0,,2024-09-01T00:00:00,RETROSPECTIVE_REPLAY,False,INSUFFICIENT_CALIBRATION_HISTORY
col_145462232cb0506eac0d954b79bb4e67,Tlatilco,2026-02,6,2026-08,6090.0,6090.0,0.0,0.0,NEUTRAL,PERSISTENCE,VALIDATED_WITH_CAUTION,VALIDATED_FORECAST,v2_zero_endpoint_threshold,station_endpoints_per_calendar_month,4749.0,7431.0,2682.0,CONFORMAL_SYMMETRIC_ABS_RESIDUAL,0.8,0.8095238095238095,126,571,9,2026-01-01,2026-02-01T00:00:00,RETROSPECTIVE_REPLAY,False,CALIBRATED
col_175c1726756a5dda90d2345c13795848,Angel Zimbron,2026-01,6,2026-07,6705.0,6705.0,0.0,0.0,NEUTRAL,PERSISTENCE,VALIDATED_WITH_CAUTION,VALIDATED_FORECAST,v2_zero_endpoint_threshold,station_endpoints_per_calendar_month,5360.0,8050.0,2690.0,CONFORMAL_SYMMETRIC_ABS_RESIDUAL,0.8,0.8070175438596491,57,502,8,2025-12-01,2026-01-01T00:00:00,RETROSPECTIVE_REPLAY,False,CALIBRATED
col_19663fbe37bd50ee8eff60a93705eb35,Nextitla,2026-02,6,2026-08,5333.0,5333.0,0.0,0.0,NEUTRAL,PERSISTENCE,VALIDATED_WITH_CAUTION,VALIDATED_FORECAST,v2_zero_endpoint_threshold,station_endpoints_per_calendar_month,3992.0,6674.0,2682.0,CONFORMAL_SYMMETRIC_ABS_RESIDUAL,0.8,0.8095238095238095,126,571,9,2026-01-01,2026-02-01T00:00:00,RETROSPECTIVE_REPLAY,False,CALIBRATED
col_1fd836f8991b530f861257d28b0cb970,Agricola,2026-02,6,2026-08,1681.0,1681.0,0.0,0.0,NEUTRAL,PERSISTENCE,VALIDATED_WITH_CAUTION,VALIDATED_FORECAST,v2_zero_endpoint_threshold,station_endpoints_per_calendar_month,340.0,3022.0,2682.0,CONFORMAL_SYMMETRIC_ABS_RESIDUAL,0.8,0.8095238095238095,126,571,9,2026-01-01,2026-02-01T00:00:00,RETROSPECTIVE_REPLAY,False,CALIBRATED
col_2006d9e5f6975534a01a4ae3d0063ec1,Plutarco Elias Calles,2026-02,6,2026-08,11441.0,11441.0,0.0,0.0,NEUTRAL,PERSISTENCE,VALIDATED_WITH_CAUTION,VALIDATED_FORECAST,v2_zero_endpoint_threshold,station_endpoints_per_calendar_month,10100.0,12782.0,2682.0,CONFORMAL_SYMMETRIC_ABS_RESIDUAL,0.8,0.8095238095238095,126,571,9,2026-01-01,2026-02-01T00:00:00,RETROSPECTIVE_REPLAY,False,CALIBRATED
col_218c753a6a38548aa02718260c2caef7,Del Recreo,2026-02,6,2026-08,1785.0,1785.0,0.0,0.0,NEUTRAL,PERSISTENCE,VALIDATED_WITH_CAUTION,VALIDATED_FORECAST,v2_zero_endpoint_threshold,station_endpoints_per_calendar_month,444.0,3126.0,2682.0,CONFORMAL_SYMMETRIC_ABS_RESIDUAL,0.8,0.8095238095238095,126,571,9,2026-01-01,2026-02-01T00:00:00,RETROSPECTIVE_REPLAY,False,CALIBRATED
col_21faee63d17e537f90a501b5c0313a20,General Pedro Maria Anaya,2026-02,6,2026-08,12321.0,12321.0,0.0,0.0,NEUTRAL,PERSISTENCE,VALIDATED_WITH_CAUTION,VALIDATED_FORECAST,v2_zero_endpoint_threshold,station_endpoints_per_calendar_month,10980.0,13662.0,2682.0,CONFORMAL_SYMMETRIC_ABS_RESIDUAL,0.8,0.8095238095238095,126,571,9,2026-01-01,2026-02-01T00:00:00,RETROSPECTIVE_REPLAY,False,CALIBRATED
col_296d6268c64b5552821a2eebfad2256f,Lomas de Chapultepec Seccion III,2026-01,6,2026-07,5105.0,5105.0,0.0,0.0,NEUTRAL,PERSISTENCE,VALIDATED_WITH_CAUTION,VALIDATED_FORECAST,v2_zero_endpoint_threshold,station_endpoints_per_calendar_month,3760.0,6450.0,2690.0,CONFORMAL_SYMMETRIC_ABS_RESIDUAL,0.8,0.8070175438596491,57,502,8,2025-12-01,2026-01-01T00:00:00,RETROSPECTIVE_REPLAY,False,CALIBRATED
col_2d383baad6155258af666ad388181e00,Ampliacion Granada,2026-02,6,2026-08,19757.0,19757.0,0.0,0.0,NEUTRAL,PERSISTENCE,VALIDATED_WITH_CAUTION,VALIDATED_FORECAST,v2_zero_endpoint_threshold,station_endpoints_per_calendar_month,18416.0,21098.0,2682.0,CONFORMAL_SYMMETRIC_ABS_RESIDUAL,0.8,0.8095238095238095,126,571,9,2026-01-01,2026-02-01T00:00:00,RETROSPECTIVE_REPLAY,False,CALIBRATED
col_321ef9a198015257a1d0afd095d56686,Victoria de las Democracias,2026-01,6,2026-07,3827.0,3827.0,0.0,0.0,NEUTRAL,PERSISTENCE,VALIDATED_WITH_CAUTION,VALIDATED_FORECAST,v2_zero_endpoint_threshold,station_endpoints_per_calendar_month,2482.0,5172.0,2690.0,CONFORMAL_SYMMETRIC_ABS_RESIDUAL,0.8,0.8070175438596491,57,502,8,2025-12-01,2026-01-01T00:00:00,RETROSPECTIVE_REPLAY,False,CALIBRATED
col_333380f5322950cf9a22ac2947f13767,Lomas de Chapultepec Seccion V,2026-02,6,2026-08,3969.0,3969.0,0.0,0.0,NEUTRAL,PERSISTENCE,VALIDATED_WITH_CAUTION,VALIDATED_FORECAST,v2_zero_endpoint_threshold,station_endpoints_per_calendar_month,2628.0,5310.0,2682.0,CONFORMAL_SYMMETRIC_ABS_RESIDUAL,0.8,0.8095238095238095,126,571,9,2026-01-01,2026-02-01T00:00:00,RETROSPECTIVE_REPLAY,False,CALIBRATED
col_347bf8c118ae5cde8343a717c911525d,Independencia,2026-02,6,2026-08,5742.0,5742.0,0.0,0.0,NEUTRAL,PERSISTENCE,VALIDATED_WITH_CAUTION,VALIDATED_FORECAST,v2_zero_endpoint_threshold,station_endpoints_per_calendar_month,4401.0,7083.0,2682.0,CONFORMAL_SYMMETRIC_ABS_RESIDUAL,0.8,0.8095238095238095,126,571,9,2026-01-01,2026-02-01T00:00:00,RETROSPECTIVE_REPLAY,False,CALIBRATED
col_34ef10debc6452f7a37e4eb02f41010f,Villa Coyoacan,2026-02,6,2026-08,5369.0,5369.0,0.0,0.0,NEUTRAL,PERSISTENCE,VALIDATED_WITH_CAUTION,VALIDATED_FORECAST,v2_zero_endpoint_threshold,station_endpoints_per_calendar_month,4028.0,6710.0,2682.0,CONFORMAL_SYMMETRIC_ABS_RESIDUAL,0.8,0.8095238095238095,126,571,9,2026-01-01,2026-02-01T00:00:00,RETROSPECTIVE_REPLAY,False,CALIBRATED
col_39b7c034d6a15d22952ae31d1eab536a,Tlaxpana,2026-02,6,2026-08,19406.0,19406.0,0.0,0.0,NEUTRAL,PERSISTENCE,VALIDATED_WITH_CAUTION,VALIDATED_FORECAST,v2_zero_endpoint_threshold,station_endpoints_per_calendar_month,18065.0,20747.0,2682.0,CONFORMAL_SYMMETRIC_ABS_RESIDUAL,0.8,0.8095238095238095,126,571,9,2026-01-01,2026-02-01T00:00:00,RETROSPECTIVE_REPLAY,False,CALIBRATED
col_3c107741e9aa5999ac5f00ed40d5deea,San Diego Churubusco,2026-02,6,2026-08,6393.0,6393.0,0.0,0.0,NEUTRAL,PERSISTENCE,VALIDATED_WITH_CAUTION,VALIDATED_FORECAST,v2_zero_endpoint_threshold,station_endpoints_per_calendar_month,5052.0,7734.0,2682.0,CONFORMAL_SYMMETRIC_ABS_RESIDUAL,0.8,0.8095238095238095,126,571,9,2026-01-01,2026-02-01T00:00:00,RETROSPECTIVE_REPLAY,False,CALIBRATED
col_3d725e14185a5c38a7d3e1cda93adc73,Anahuac I Seccion,2026-02,6,2026-08,23956.0,23956.0,0.0,0.0,NEUTRAL,PERSISTENCE,VALIDATED_WITH_CAUTION,VALIDATED_FORECAST,v2_zero_endpoint_threshold,station_endpoints_per_calendar_month,22615.0,25297.0,2682.0,CONFORMAL_SYMMETRIC_ABS_RESIDUAL,0.8,0.8095238095238095,126,571,9,2026-01-01,2026-02-01T00:00:00,RETROSPECTIVE_REPLAY,False,CALIBRATED
col_43db8a95c872541680d0688e731fe141,Polanco,2024-09,6,2025-03,227903.0,227903.0,0.0,0.0,NEUTRAL,PERSISTENCE,VALIDATED_WITH_CAUTION,VALIDATED_FORECAST,v2_zero_endpoint_threshold,station_endpoints_per_calendar_month,,,,CONFORMAL_SYMMETRIC_ABS_RESIDUAL,0.8,,0,0,0,,2024-09-01T00:00:00,RETROSPECTIVE_REPLAY,False,INSUFFICIENT_CALIBRATION_HISTORY
col_46ef3d6067b85bc580fd6f574f0e5a26,Claveria,2026-01,6,2026-07,12104.0,12104.0,0.0,0.0,NEUTRAL,PERSISTENCE,VALIDATED_WITH_CAUTION,VALIDATED_FORECAST,v2_zero_endpoint_threshold,station_endpoints_per_calendar_month,10759.0,13449.0,2690.0,CONFORMAL_SYMMETRIC_ABS_RESIDUAL,0.8,0.8070175438596491,57,502,8,2025-12-01,2026-01-01T00:00:00,RETROSPECTIVE_REPLAY,False,CALIBRATED
col_47716220585b527aaf095e5cd827326f,San Angel,2026-02,6,2026-08,2981.0,2981.0,0.0,0.0,NEUTRAL,PERSISTENCE,VALIDATED_WITH_CAUTION,VALIDATED_FORECAST,v2_zero_endpoint_threshold,station_endpoints_per_calendar_month,1640.0,4322.0,2682.0,CONFORMAL_SYMMETRIC_ABS_RESIDUAL,0.8,0.8095238095238095,126,571,9,2026-01-01,2026-02-01T00:00:00,RETROSPECTIVE_REPLAY,False,CALIBRATED
col_479170cdfd5b53c484ffa7a376547b3a,Alamos,2026-01,6,2026-07,26831.0,26831.0,0.0,0.0,NEUTRAL,PERSISTENCE,VALIDATED_WITH_CAUTION,VALIDATED_FORECAST,v2_zero_endpoint_threshold,station_endpoints_per_calendar_month,25486.0,28176.0,2690.0,CONFORMAL_SYMMETRIC_ABS_RESIDUAL,0.8,0.8070175438596491,57,502,8,2025-12-01,2026-01-01T00:00:00,RETROSPECTIVE_REPLAY,False,CALIBRATED
col_49351caf73a652ba8bcc7655ce37dd18,Anahuac,2025-11,6,2026-05,39762.0,39762.0,0.0,0.0,NEUTRAL,PERSISTENCE,VALIDATED_WITH_CAUTION,VALIDATED_FORECAST,v2_zero_endpoint_threshold,station_endpoints_per_calendar_month,38421.0,41103.0,2682.0,CONFORMAL_SYMMETRIC_ABS_RESIDUAL,0.8,,0,430,7,2025-10-01,2025-11-01T00:00:00,RETROSPECTIVE_REPLAY,False,CALIBRATED
col_49f6b5a0ab625bda9ca00f7acd601c17,Americas Unidas,2026-01,6,2026-07,11511.0,11511.0,0.0,0.0,NEUTRAL,PERSISTENCE,VALIDATED_WITH_CAUTION,VALIDATED_FORECAST,v2_zero_endpoint_threshold,station_endpoints_per_calendar_month,10166.0,12856.0,2690.0,CONFORMAL_SYMMETRIC_ABS_RESIDUAL,0.8,0.8070175438596491,57,502,8,2025-12-01,2026-01-01T00:00:00,RETROSPECTIVE_REPLAY,False,CALIBRATED
col_4a6ce89e87ac5037b13cd12239825b31,Residencial Emperadores,2026-02,6,2026-08,2104.0,2104.0,0.0,0.0,NEUTRAL,PERSISTENCE,VALIDATED_WITH_CAUTION,VALIDATED_FORECAST,v2_zero_endpoint_threshold,station_endpoints_per_calendar_month,763.0,3445.0,2682.0,CONFORMAL_SYMMETRIC_ABS_RESIDUAL,0.8,0.8095238095238095,126,571,9,2026-01-01,2026-02-01T00:00:00,RETROSPECTIVE_REPLAY,False,CALIBRATED
col_4b057d99c17f5783822af98b43744780,Santa Catarina,2026-02,6,2026-08,12713.0,12713.0,0.0,0.0,NEUTRAL,PERSISTENCE,VALIDATED_WITH_CAUTION,VALIDATED_FORECAST,v2_zero_endpoint_threshold,station_endpoints_per_calendar_month,11372.0,14054.0,2682.0,CONFORMAL_SYMMETRIC_ABS_RESIDUAL,0.8,0.8095238095238095,126,571,9,2026-01-01,2026-02-01T00:00:00,RETROSPECTIVE_REPLAY,False,CALIBRATED
col_4d16bf4016d1531fac1806d04420e1fc,Acacias,2026-02,6,2026-08,10667.0,10667.0,0.0,0.0,NEUTRAL,PERSISTENCE,VALIDATED_WITH_CAUTION,VALIDATED_FORECAST,v2_zero_endpoint_threshold,station_endpoints_per_calendar_month,9326.0,12008.0,2682.0,CONFORMAL_SYMMETRIC_ABS_RESIDUAL,0.8,0.8095238095238095,126,571,9,2026-01-01,2026-02-01T00:00:00,RETROSPECTIVE_REPLAY,False,CALIBRATED
col_506a1cf0beec53eb97a74f9abc9cfe66,San Jose Insurgentes,2026-01,6,2026-07,19905.0,19905.0,0.0,0.0,NEUTRAL,PERSISTENCE,VALIDATED_WITH_CAUTION,VALIDATED_FORECAST,v2_zero_endpoint_threshold,station_endpoints_per_calendar_month,18560.0,21250.0,2690.0,CONFORMAL_SYMMETRIC_ABS_RESIDUAL,0.8,0.8070175438596491,57,502,8,2025-12-01,2026-01-01T00:00:00,RETROSPECTIVE_REPLAY,False,CALIBRATED
col_5176ae04e5c95d57b5192bbca17b2436,Condesa,2024-09,6,2025-03,103862.0,103862.0,0.0,0.0,NEUTRAL,PERSISTENCE,VALIDATED_WITH_CAUTION,VALIDATED_FORECAST,v2_zero_endpoint_threshold,station_endpoints_per_calendar_month,,,,CONFORMAL_SYMMETRIC_ABS_RESIDUAL,0.8,,0,0,0,,2024-09-01T00:00:00,RETROSPECTIVE_REPLAY,False,INSUFFICIENT_CALIBRATION_HISTORY
col_543d04998daf5e4ab3306049617a67b4,Florida,2026-02,6,2026-08,6221.0,6221.0,0.0,0.0,NEUTRAL,PERSISTENCE,VALIDATED_WITH_CAUTION,VALIDATED_FORECAST,v2_zero_endpoint_threshold,station_endpoints_per_calendar_month,4880.0,7562.0,2682.0,CONFORMAL_SYMMETRIC_ABS_RESIDUAL,0.8,0.8095238095238095,126,571,9,2026-01-01,2026-02-01T00:00:00,RETROSPECTIVE_REPLAY,False,CALIBRATED
col_5481a24d7414578eb3d8dcf5c715fb23,Niños Heroes de Chapultepec,2026-02,6,2026-08,5918.0,5918.0,0.0,0.0,NEUTRAL,PERSISTENCE,VALIDATED_WITH_CAUTION,VALIDATED_FORECAST,v2_zero_endpoint_threshold,station_endpoints_per_calendar_month,4577.0,7259.0,2682.0,CONFORMAL_SYMMETRIC_ABS_RESIDUAL,0.8,0.8095238095238095,126,571,9,2026-01-01,2026-02-01T00:00:00,RETROSPECTIVE_REPLAY,False,CALIBRATED
col_588e4e85b75a566e85b1e464fdd27b30,Portales Norte,2026-01,6,2026-07,12591.0,12591.0,0.0,0.0,NEUTRAL,PERSISTENCE,VALIDATED_WITH_CAUTION,VALIDATED_FORECAST,v2_zero_endpoint_threshold,station_endpoints_per_calendar_month,11246.0,13936.0,2690.0,CONFORMAL_SYMMETRIC_ABS_RESIDUAL,0.8,0.8070175438596491,57,502,8,2025-12-01,2026-01-01T00:00:00,RETROSPECTIVE_REPLAY,False,CALIBRATED
col_62bb8f5cf8d25a898a34208ad6dee465,San Miguel Chapultepec,2025-10,6,2026-04,53828.0,53828.0,0.0,0.0,NEUTRAL,PERSISTENCE,VALIDATED_WITH_CAUTION,VALIDATED_FORECAST,v2_zero_endpoint_threshold,station_endpoints_per_calendar_month,52545.0,55111.0,2566.0,CONFORMAL_SYMMETRIC_ABS_RESIDUAL,0.8,,0,378,6,2025-09-01,2025-10-01T00:00:00,RETROSPECTIVE_REPLAY,False,CALIBRATED
col_64a29c6aaaf85a42bb0e87a40667ac42,Insurgentes San Borja,2025-12,6,2026-06,4942.0,4942.0,0.0,0.0,NEUTRAL,PERSISTENCE,VALIDATED_WITH_CAUTION,VALIDATED_FORECAST,v2_zero_endpoint_threshold,station_endpoints_per_calendar_month,3596.0,6288.0,2692.0,CONFORMAL_SYMMETRIC_ABS_RESIDUAL,0.8,,0,442,7,2025-11-01,2025-12-01T00:00:00,RETROSPECTIVE_REPLAY,False,CALIBRATED
col_6573c9286c5a50288130ecf1765ab3b5,Del Carmen,2025-12,6,2026-06,30580.0,30580.0,0.0,0.0,NEUTRAL,PERSISTENCE,VALIDATED_WITH_CAUTION,VALIDATED_FORECAST,v2_zero_endpoint_threshold,station_endpoints_per_calendar_month,29234.0,31926.0,2692.0,CONFORMAL_SYMMETRIC_ABS_RESIDUAL,0.8,,0,442,7,2025-11-01,2025-12-01T00:00:00,RETROSPECTIVE_REPLAY,False,CALIBRATED
col_6954f4d5482a5e07b5721c81d464cd43,Algarin,2026-01,6,2026-07,11993.0,11993.0,0.0,0.0,NEUTRAL,PERSISTENCE,VALIDATED_WITH_CAUTION,VALIDATED_FORECAST,v2_zero_endpoint_threshold,station_endpoints_per_calendar_month,10648.0,13338.0,2690.0,CONFORMAL_SYMMETRIC_ABS_RESIDUAL,0.8,0.8070175438596491,57,502,8,2025-12-01,2026-01-01T00:00:00,RETROSPECTIVE_REPLAY,False,CALIBRATED
col_6bf10fd8943e5967b7603760fb6cd344,Napoles,2025-07,6,2026-01,48914.0,48914.0,0.0,0.0,NEUTRAL,PERSISTENCE,VALIDATED_WITH_CAUTION,VALIDATED_FORECAST,v2_zero_endpoint_threshold,station_endpoints_per_calendar_month,47481.0,50347.0,2866.0,CONFORMAL_SYMMETRIC_ABS_RESIDUAL,0.8,,0,202,3,2025-06-01,2025-07-01T00:00:00,RETROSPECTIVE_REPLAY,False,CALIBRATED
col_6e124db5b88b5695a72b6c82db5754cd,Santa Cruz Atoyac,2026-01,6,2026-07,20386.0,20386.0,0.0,0.0,NEUTRAL,PERSISTENCE,VALIDATED_WITH_CAUTION,VALIDATED_FORECAST,v2_zero_endpoint_threshold,station_endpoints_per_calendar_month,19041.0,21731.0,2690.0,CONFORMAL_SYMMETRIC_ABS_RESIDUAL,0.8,0.8070175438596491,57,502,8,2025-12-01,2026-01-01T00:00:00,RETROSPECTIVE_REPLAY,False,CALIBRATED
col_6e932760ad7e5318b2922fea188ea3f8,Cuauhtemoc Pensil,2026-02,6,2026-08,7153.0,7153.0,0.0,0.0,NEUTRAL,PERSISTENCE,VALIDATED_WITH_CAUTION,VALIDATED_FORECAST,v2_zero_endpoint_threshold,station_endpoints_per_calendar_month,5812.0,8494.0,2682.0,CONFORMAL_SYMMETRIC_ABS_RESIDUAL,0.8,0.8095238095238095,126,571,9,2026-01-01,2026-02-01T00:00:00,RETROSPECTIVE_REPLAY,False,CALIBRATED
col_6f85f8cb1357503bae86559c4ab47194,Veronica Anzures,2026-02,6,2026-08,13334.0,13334.0,0.0,0.0,NEUTRAL,PERSISTENCE,VALIDATED_WITH_CAUTION,VALIDATED_FORECAST,v2_zero_endpoint_threshold,station_endpoints_per_calendar_month,11993.0,14675.0,2682.0,CONFORMAL_SYMMETRIC_ABS_RESIDUAL,0.8,0.8095238095238095,126,571,9,2026-01-01,2026-02-01T00:00:00,RETROSPECTIVE_REPLAY,False,CALIBRATED
col_76cd2cc2efb657e1a3779dc11ff63e1d,Cuauhtemoc,2024-09,6,2025-03,203267.0,203267.0,0.0,0.0,NEUTRAL,PERSISTENCE,VALIDATED_WITH_CAUTION,VALIDATED_FORECAST,v2_zero_endpoint_threshold,station_endpoints_per_calendar_month,,,,CONFORMAL_SYMMETRIC_ABS_RESIDUAL,0.8,,0,0,0,,2024-09-01T00:00:00,RETROSPECTIVE_REPLAY,False,INSUFFICIENT_CALIBRATION_HISTORY
col_76d47b3676925748aa9d3dee653c6562,Modelo Pensil,2026-02,6,2026-08,4996.0,4996.0,0.0,0.0,NEUTRAL,PERSISTENCE,VALIDATED_WITH_CAUTION,VALIDATED_FORECAST,v2_zero_endpoint_threshold,station_endpoints_per_calendar_month,3655.0,6337.0,2682.0,CONFORMAL_SYMMETRIC_ABS_RESIDUAL,0.8,0.8095238095238095,126,571,9,2026-01-01,2026-02-01T00:00:00,RETROSPECTIVE_REPLAY,False,CALIBRATED
col_77126fcee0bf5162978113f718dc8420,Hipodromo Condesa,2025-12,6,2026-06,25364.0,25364.0,0.0,0.0,NEUTRAL,PERSISTENCE,VALIDATED_WITH_CAUTION,VALIDATED_FORECAST,v2_zero_endpoint_threshold,station_endpoints_per_calendar_month,24018.0,26710.0,2692.0,CONFORMAL_SYMMETRIC_ABS_RESIDUAL,0.8,,0,442,7,2025-11-01,2025-12-01T00:00:00,RETROSPECTIVE_REPLAY,False,CALIBRATED
col_7d88ca5b0c8d519c962986381a6c0a11,San Pedro de los Pinos,2025-11,6,2026-05,33772.0,33772.0,0.0,0.0,NEUTRAL,PERSISTENCE,VALIDATED_WITH_CAUTION,VALIDATED_FORECAST,v2_zero_endpoint_threshold,station_endpoints_per_calendar_month,32431.0,35113.0,2682.0,CONFORMAL_SYMMETRIC_ABS_RESIDUAL,0.8,,0,430,7,2025-10-01,2025-11-01T00:00:00,RETROSPECTIVE_REPLAY,False,CALIBRATED
col_7f4389bc274355ffaf821a5f6d5a33f1,Mariano Escobedo,2026-02,6,2026-08,8307.0,8307.0,0.0,0.0,NEUTRAL,PERSISTENCE,VALIDATED_WITH_CAUTION,VALIDATED_FORECAST,v2_zero_endpoint_threshold,station_endpoints_per_calendar_month,6966.0,9648.0,2682.0,CONFORMAL_SYMMETRIC_ABS_RESIDUAL,0.8,0.8095238095238095,126,571,9,2026-01-01,2026-02-01T00:00:00,RETROSPECTIVE_REPLAY,False,CALIBRATED
col_81496637921a5e749f117e8ef4f2ee99,Credito Constructor,2026-02,6,2026-08,2201.0,2201.0,0.0,0.0,NEUTRAL,PERSISTENCE,VALIDATED_WITH_CAUTION,VALIDATED_FORECAST,v2_zero_endpoint_threshold,station_endpoints_per_calendar_month,860.0,3542.0,2682.0,CONFORMAL_SYMMETRIC_ABS_RESIDUAL,0.8,0.8095238095238095,126,571,9,2026-01-01,2026-02-01T00:00:00,RETROSPECTIVE_REPLAY,False,CALIBRATED
col_81ad18034e5855e38b63dfffe608d3d3,Letran Valle,2026-02,6,2026-08,13998.0,13998.0,0.0,0.0,NEUTRAL,PERSISTENCE,VALIDATED_WITH_CAUTION,VALIDATED_FORECAST,v2_zero_endpoint_threshold,station_endpoints_per_calendar_month,12657.0,15339.0,2682.0,CONFORMAL_SYMMETRIC_ABS_RESIDUAL,0.8,0.8095238095238095,126,571,9,2026-01-01,2026-02-01T00:00:00,RETROSPECTIVE_REPLAY,False,CALIBRATED
col_84c2fef5059c546e9a59e6816fb7e72b,Extremadura Insurgentes,2026-02,6,2026-08,9244.0,9244.0,0.0,0.0,NEUTRAL,PERSISTENCE,VALIDATED_WITH_CAUTION,VALIDATED_FORECAST,v2_zero_endpoint_threshold,station_endpoints_per_calendar_month,7903.0,10585.0,2682.0,CONFORMAL_SYMMETRIC_ABS_RESIDUAL,0.8,0.8095238095238095,126,571,9,2026-01-01,2026-02-01T00:00:00,RETROSPECTIVE_REPLAY,False,CALIBRATED
col_8694171d7ed551d78020504424e7148c,Xoco,2026-02,6,2026-08,5933.0,5933.0,0.0,0.0,NEUTRAL,PERSISTENCE,VALIDATED_WITH_CAUTION,VALIDATED_FORECAST,v2_zero_endpoint_threshold,station_endpoints_per_calendar_month,4592.0,7274.0,2682.0,CONFORMAL_SYMMETRIC_ABS_RESIDUAL,0.8,0.8095238095238095,126,571,9,2026-01-01,2026-02-01T00:00:00,RETROSPECTIVE_REPLAY,False,CALIBRATED
col_8dd63c1e84435db49a927bcd4b149776,Atlampa,2026-02,6,2026-08,8497.0,8497.0,0.0,0.0,NEUTRAL,PERSISTENCE,VALIDATED_WITH_CAUTION,VALIDATED_FORECAST,v2_zero_endpoint_threshold,station_endpoints_per_calendar_month,7156.0,9838.0,2682.0,CONFORMAL_SYMMETRIC_ABS_RESIDUAL,0.8,0.8095238095238095,126,571,9,2026-01-01,2026-02-01T00:00:00,RETROSPECTIVE_REPLAY,False,CALIBRATED
col_8e89f7e8963258c3b4c0ec85deb35ae9,Tlacoquemecatl del Valle,2026-02,6,2026-08,20224.0,20224.0,0.0,0.0,NEUTRAL,PERSISTENCE,VALIDATED_WITH_CAUTION,VALIDATED_FORECAST,v2_zero_endpoint_threshold,station_endpoints_per_calendar_month,18883.0,21565.0,2682.0,CONFORMAL_SYMMETRIC_ABS_RESIDUAL,0.8,0.8095238095238095,126,571,9,2026-01-01,2026-02-01T00:00:00,RETROSPECTIVE_REPLAY,False,CALIBRATED
col_926ff32000a751399a54daad7479254d,Anzures,2026-02,6,2026-08,32861.0,32861.0,0.0,0.0,NEUTRAL,PERSISTENCE,VALIDATED_WITH_CAUTION,VALIDATED_FORECAST,v2_zero_endpoint_threshold,station_endpoints_per_calendar_month,31520.0,34202.0,2682.0,CONFORMAL_SYMMETRIC_ABS_RESIDUAL,0.8,0.8095238095238095,126,571,9,2026-01-01,2026-02-01T00:00:00,RETROSPECTIVE_REPLAY,False,CALIBRATED
col_92cd6e3f23155eedb10936246b2da76c,Popotla,2026-01,6,2026-07,17453.0,17453.0,0.0,0.0,NEUTRAL,PERSISTENCE,VALIDATED_WITH_CAUTION,VALIDATED_FORECAST,v2_zero_endpoint_threshold,station_endpoints_per_calendar_month,16108.0,18798.0,2690.0,CONFORMAL_SYMMETRIC_ABS_RESIDUAL,0.8,0.8070175438596491,57,502,8,2025-12-01,2026-01-01T00:00:00,RETROSPECTIVE_REPLAY,False,CALIBRATED
col_96af67dbdc945131a7e1fb18aab974fa,Parque San Andres,2026-02,6,2026-08,10116.0,10116.0,0.0,0.0,NEUTRAL,PERSISTENCE,VALIDATED_WITH_CAUTION,VALIDATED_FORECAST,v2_zero_endpoint_threshold,station_endpoints_per_calendar_month,8775.0,11457.0,2682.0,CONFORMAL_SYMMETRIC_ABS_RESIDUAL,0.8,0.8095238095238095,126,571,9,2026-01-01,2026-02-01T00:00:00,RETROSPECTIVE_REPLAY,False,CALIBRATED
col_99820d9ec1005837855fcf0d7f8dcaf0,Narvarte Poniente,2025-05,6,2025-11,64172.0,64172.0,0.0,0.0,NEUTRAL,PERSISTENCE,VALIDATED_WITH_CAUTION,VALIDATED_FORECAST,v2_zero_endpoint_threshold,station_endpoints_per_calendar_month,63099.0,65245.0,2146.0,CONFORMAL_SYMMETRIC_ABS_RESIDUAL,0.8,,0,109,2,2025-04-01,2025-05-01T00:00:00,RETROSPECTIVE_REPLAY,False,CALIBRATED
col_9b8d9872383b59f7a23d22ab97fc79d8,Roma Norte,2024-09,6,2025-03,331749.0,331749.0,0.0,0.0,NEUTRAL,PERSISTENCE,VALIDATED_WITH_CAUTION,VALIDATED_FORECAST,v2_zero_endpoint_threshold,station_endpoints_per_calendar_month,,,,CONFORMAL_SYMMETRIC_ABS_RESIDUAL,0.8,,0,0,0,,2024-09-01T00:00:00,RETROSPECTIVE_REPLAY,False,INSUFFICIENT_CALIBRATION_HISTORY
col_9bbea60acc995fa7b9c482efc14ebb94,Ciudad de los Deportes,2025-12,6,2026-06,11646.0,11646.0,0.0,0.0,NEUTRAL,PERSISTENCE,VALIDATED_WITH_CAUTION,VALIDATED_FORECAST,v2_zero_endpoint_threshold,station_endpoints_per_calendar_month,10300.0,12992.0,2692.0,CONFORMAL_SYMMETRIC_ABS_RESIDUAL,0.8,,0,442,7,2025-11-01,2025-12-01T00:00:00,RETROSPECTIVE_REPLAY,False,CALIBRATED
col_9f7b23fc019150a58f8d3fa8ecb0545b,Actipan,2026-02,6,2026-08,17844.0,17844.0,0.0,0.0,NEUTRAL,PERSISTENCE,VALIDATED_WITH_CAUTION,VALIDATED_FORECAST,v2_zero_endpoint_threshold,station_endpoints_per_calendar_month,16503.0,19185.0,2682.0,CONFORMAL_SYMMETRIC_ABS_RESIDUAL,0.8,0.8095238095238095,126,571,9,2026-01-01,2026-02-01T00:00:00,RETROSPECTIVE_REPLAY,False,CALIBRATED
col_a069943804255517b1a44551a37b7d8e,Insurgentes Mixcoac,2025-12,6,2026-06,26996.0,26996.0,0.0,0.0,NEUTRAL,PERSISTENCE,VALIDATED_WITH_CAUTION,VALIDATED_FORECAST,v2_zero_endpoint_threshold,station_endpoints_per_calendar_month,25650.0,28342.0,2692.0,CONFORMAL_SYMMETRIC_ABS_RESIDUAL,0.8,,0,442,7,2025-11-01,2025-12-01T00:00:00,RETROSPECTIVE_REPLAY,False,CALIBRATED
col_a11503ab8f7b52ecba6e146f1cd2bcae,Noche Buena,2026-02,6,2026-08,4918.0,4918.0,0.0,0.0,NEUTRAL,PERSISTENCE,VALIDATED_WITH_CAUTION,VALIDATED_FORECAST,v2_zero_endpoint_threshold,station_endpoints_per_calendar_month,3577.0,6259.0,2682.0,CONFORMAL_SYMMETRIC_ABS_RESIDUAL,0.8,0.8095238095238095,126,571,9,2026-01-01,2026-02-01T00:00:00,RETROSPECTIVE_REPLAY,False,CALIBRATED
col_a20da3b32dc95373bfc155a68e4197fa,Roma Sur,2025-05,6,2025-11,114251.0,114251.0,0.0,0.0,NEUTRAL,PERSISTENCE,VALIDATED_WITH_CAUTION,VALIDATED_FORECAST,v2_zero_endpoint_threshold,station_endpoints_per_calendar_month,113178.0,115324.0,2146.0,CONFORMAL_SYMMETRIC_ABS_RESIDUAL,0.8,,0,109,2,2025-04-01,2025-05-01T00:00:00,RETROSPECTIVE_REPLAY,False,CALIBRATED
col_a21a9068f97957a2a0828f64e9102bde,Nueva Santa Maria,2026-02,6,2026-08,11626.0,11626.0,0.0,0.0,NEUTRAL,PERSISTENCE,VALIDATED_WITH_CAUTION,VALIDATED_FORECAST,v2_zero_endpoint_threshold,station_endpoints_per_calendar_month,10285.0,12967.0,2682.0,CONFORMAL_SYMMETRIC_ABS_RESIDUAL,0.8,0.8095238095238095,126,571,9,2026-01-01,2026-02-01T00:00:00,RETROSPECTIVE_REPLAY,False,CALIBRATED
col_a4784e1d94d556b3b35e2f91d799fbf4,Bosque de Chapultepec,2026-01,6,2026-07,28355.0,28355.0,0.0,0.0,NEUTRAL,PERSISTENCE,VALIDATED_WITH_CAUTION,VALIDATED_FORECAST,v2_zero_endpoint_threshold,station_endpoints_per_calendar_month,27010.0,29700.0,2690.0,CONFORMAL_SYMMETRIC_ABS_RESIDUAL,0.8,0.8070175438596491,57,502,8,2025-12-01,2026-01-01T00:00:00,RETROSPECTIVE_REPLAY,False,CALIBRATED
col_a8d3b136a1115b0380f6f041ad7b12a8,Sector Naval,2026-02,6,2026-08,3677.0,3677.0,0.0,0.0,NEUTRAL,PERSISTENCE,VALIDATED_WITH_CAUTION,VALIDATED_FORECAST,v2_zero_endpoint_threshold,station_endpoints_per_calendar_month,2336.0,5018.0,2682.0,CONFORMAL_SYMMETRIC_ABS_RESIDUAL,0.8,0.8095238095238095,126,571,9,2026-01-01,2026-02-01T00:00:00,RETROSPECTIVE_REPLAY,False,CALIBRATED
col_aaef3bfb4fb259e8ab32bf1eb9404368,San Mateo,2026-01,6,2026-07,4319.0,4319.0,0.0,0.0,NEUTRAL,PERSISTENCE,VALIDATED_WITH_CAUTION,VALIDATED_FORECAST,v2_zero_endpoint_threshold,station_endpoints_per_calendar_month,2974.0,5664.0,2690.0,CONFORMAL_SYMMETRIC_ABS_RESIDUAL,0.8,0.8070175438596491,57,502,8,2025-12-01,2026-01-01T00:00:00,RETROSPECTIVE_REPLAY,False,CALIBRATED
col_abad05146e545e0cb59abdc228f8373c,San Simon Ticumac,2026-01,6,2026-07,13799.0,13799.0,0.0,0.0,NEUTRAL,PERSISTENCE,VALIDATED_WITH_CAUTION,VALIDATED_FORECAST,v2_zero_endpoint_threshold,station_endpoints_per_calendar_month,12454.0,15144.0,2690.0,CONFORMAL_SYMMETRIC_ABS_RESIDUAL,0.8,0.8070175438596491,57,502,8,2025-12-01,2026-01-01T00:00:00,RETROSPECTIVE_REPLAY,False,CALIBRATED
col_aeb67b70520e58b895caf170c4cc2b7b,Postal,2026-02,6,2026-08,7414.0,7414.0,0.0,0.0,NEUTRAL,PERSISTENCE,VALIDATED_WITH_CAUTION,VALIDATED_FORECAST,v2_zero_endpoint_threshold,station_endpoints_per_calendar_month,6073.0,8755.0,2682.0,CONFORMAL_SYMMETRIC_ABS_RESIDUAL,0.8,0.8095238095238095,126,571,9,2026-01-01,2026-02-01T00:00:00,RETROSPECTIVE_REPLAY,False,CALIBRATED
col_af634a3d6a0956f8930194b36da1dbde,Buenavista,2025-09,6,2026-03,65766.0,65766.0,0.0,0.0,NEUTRAL,PERSISTENCE,VALIDATED_WITH_CAUTION,VALIDATED_FORECAST,v2_zero_endpoint_threshold,station_endpoints_per_calendar_month,64420.0,67112.0,2692.0,CONFORMAL_SYMMETRIC_ABS_RESIDUAL,0.8,,0,324,5,2025-08-01,2025-09-01T00:00:00,RETROSPECTIVE_REPLAY,False,CALIBRATED
col_b0071da2a8ad5c38b1d137c8dd21a966,Unidad Habitacional Cuitláhuac,2026-01,6,2026-07,2780.0,2780.0,0.0,0.0,NEUTRAL,PERSISTENCE,VALIDATED_WITH_CAUTION,VALIDATED_FORECAST,v2_zero_endpoint_threshold,station_endpoints_per_calendar_month,1435.0,4125.0,2690.0,CONFORMAL_SYMMETRIC_ABS_RESIDUAL,0.8,0.8070175438596491,57,502,8,2025-12-01,2026-01-01T00:00:00,RETROSPECTIVE_REPLAY,False,CALIBRATED
col_b0d667d100335a2cbd38dd885b4a49ae,Granada,2026-02,6,2026-08,23934.0,23934.0,0.0,0.0,NEUTRAL,PERSISTENCE,VALIDATED_WITH_CAUTION,VALIDATED_FORECAST,v2_zero_endpoint_threshold,station_endpoints_per_calendar_month,22593.0,25275.0,2682.0,CONFORMAL_SYMMETRIC_ABS_RESIDUAL,0.8,0.8095238095238095,126,571,9,2026-01-01,2026-02-01T00:00:00,RETROSPECTIVE_REPLAY,False,CALIBRATED
col_b311567e717b53408adc7485d395fbd0,Del Valle Sur,2026-02,6,2026-08,54037.0,54037.0,0.0,0.0,NEUTRAL,PERSISTENCE,VALIDATED_WITH_CAUTION,VALIDATED_FORECAST,v2_zero_endpoint_threshold,station_endpoints_per_calendar_month,52696.0,55378.0,2682.0,CONFORMAL_SYMMETRIC_ABS_RESIDUAL,0.8,0.8095238095238095,126,571,9,2026-01-01,2026-02-01T00:00:00,RETROSPECTIVE_REPLAY,False,CALIBRATED
col_b9647cb13b4b5ebebd069fd56e70a36f,Juarez,2024-09,6,2025-03,234593.0,234593.0,0.0,0.0,NEUTRAL,PERSISTENCE,VALIDATED_WITH_CAUTION,VALIDATED_FORECAST,v2_zero_endpoint_threshold,station_endpoints_per_calendar_month,,,,CONFORMAL_SYMMETRIC_ABS_RESIDUAL,0.8,,0,0,0,,2024-09-01T00:00:00,RETROSPECTIVE_REPLAY,False,INSUFFICIENT_CALIBRATION_HISTORY
col_ba378e9f675c57f6b84cd80ba4906921,San Salvador Xochimanca,2026-02,6,2026-08,4730.0,4730.0,0.0,0.0,NEUTRAL,PERSISTENCE,VALIDATED_WITH_CAUTION,VALIDATED_FORECAST,v2_zero_endpoint_threshold,station_endpoints_per_calendar_month,3389.0,6071.0,2682.0,CONFORMAL_SYMMETRIC_ABS_RESIDUAL,0.8,0.8095238095238095,126,571,9,2026-01-01,2026-02-01T00:00:00,RETROSPECTIVE_REPLAY,False,CALIBRATED
col_bbdf83c90b8d5945967637dfe673bde4,Lomas de Chapultepec Seccion IV/Lomas Virreyes,2026-02,6,2026-08,5522.0,5522.0,0.0,0.0,NEUTRAL,PERSISTENCE,VALIDATED_WITH_CAUTION,VALIDATED_FORECAST,v2_zero_endpoint_threshold,station_endpoints_per_calendar_month,4181.0,6863.0,2682.0,CONFORMAL_SYMMETRIC_ABS_RESIDUAL,0.8,0.8095238095238095,126,571,9,2026-01-01,2026-02-01T00:00:00,RETROSPECTIVE_REPLAY,False,CALIBRATED
col_bd478b6a570f533f803bd0118bf3f055,Santa Maria la Ribera,2024-09,6,2025-03,123184.0,123184.0,0.0,0.0,NEUTRAL,PERSISTENCE,VALIDATED_WITH_CAUTION,VALIDATED_FORECAST,v2_zero_endpoint_threshold,station_endpoints_per_calendar_month,,,,CONFORMAL_SYMMETRIC_ABS_RESIDUAL,0.8,,0,0,0,,2024-09-01T00:00:00,RETROSPECTIVE_REPLAY,False,INSUFFICIENT_CALIBRATION_HISTORY
col_bed54b5fa7b155169b5367f26e64ee77,Barrio la Concepcion,2026-02,6,2026-08,3128.0,3128.0,0.0,0.0,NEUTRAL,PERSISTENCE,VALIDATED_WITH_CAUTION,VALIDATED_FORECAST,v2_zero_endpoint_threshold,station_endpoints_per_calendar_month,1787.0,4469.0,2682.0,CONFORMAL_SYMMETRIC_ABS_RESIDUAL,0.8,0.8095238095238095,126,571,9,2026-01-01,2026-02-01T00:00:00,RETROSPECTIVE_REPLAY,False,CALIBRATED
col_c00d00bb38f656119c21216810bac6c9,Barrio San Lucas,2026-02,6,2026-08,1628.0,1628.0,0.0,0.0,NEUTRAL,PERSISTENCE,VALIDATED_WITH_CAUTION,VALIDATED_FORECAST,v2_zero_endpoint_threshold,station_endpoints_per_calendar_month,287.0,2969.0,2682.0,CONFORMAL_SYMMETRIC_ABS_RESIDUAL,0.8,0.8095238095238095,126,571,9,2026-01-01,2026-02-01T00:00:00,RETROSPECTIVE_REPLAY,False,CALIBRATED
col_c4ce45851ad35a61b8fb1e683c4b52a5,Vertiz Narvarte,2026-02,6,2026-08,16217.0,16217.0,0.0,0.0,NEUTRAL,PERSISTENCE,VALIDATED_WITH_CAUTION,VALIDATED_FORECAST,v2_zero_endpoint_threshold,station_endpoints_per_calendar_month,14876.0,17558.0,2682.0,CONFORMAL_SYMMETRIC_ABS_RESIDUAL,0.8,0.8095238095238095,126,571,9,2026-01-01,2026-02-01T00:00:00,RETROSPECTIVE_REPLAY,False,CALIBRATED
col_c84c8cba11e05de082c7496795578d88,Santo Tomas,2026-02,6,2026-08,3665.0,3665.0,0.0,0.0,NEUTRAL,PERSISTENCE,VALIDATED_WITH_CAUTION,VALIDATED_FORECAST,v2_zero_endpoint_threshold,station_endpoints_per_calendar_month,2324.0,5006.0,2682.0,CONFORMAL_SYMMETRIC_ABS_RESIDUAL,0.8,0.8095238095238095,126,571,9,2026-01-01,2026-02-01T00:00:00,RETROSPECTIVE_REPLAY,False,CALIBRATED
col_cbe1b970a3525757af7647d6463839ff,Del Valle Norte,2025-07,6,2026-01,75161.0,75161.0,0.0,0.0,NEUTRAL,PERSISTENCE,VALIDATED_WITH_CAUTION,VALIDATED_FORECAST,v2_zero_endpoint_threshold,station_endpoints_per_calendar_month,73728.0,76594.0,2866.0,CONFORMAL_SYMMETRIC_ABS_RESIDUAL,0.8,,0,202,3,2025-06-01,2025-07-01T00:00:00,RETROSPECTIVE_REPLAY,False,CALIBRATED
col_cbef3a463b0b5bc2ac31e747b6721178,Guadalupe Inn,2026-01,6,2026-07,13855.0,13855.0,0.0,0.0,NEUTRAL,PERSISTENCE,VALIDATED_WITH_CAUTION,VALIDATED_FORECAST,v2_zero_endpoint_threshold,station_endpoints_per_calendar_month,12510.0,15200.0,2690.0,CONFORMAL_SYMMETRIC_ABS_RESIDUAL,0.8,0.8070175438596491,57,502,8,2025-12-01,2026-01-01T00:00:00,RETROSPECTIVE_REPLAY,False,CALIBRATED
col_cda58c28c9e35bd7b4c277287cc632da,Polanco Seccion I/ Los Morales,2026-02,6,2026-08,4199.0,4199.0,0.0,0.0,NEUTRAL,PERSISTENCE,VALIDATED_WITH_CAUTION,VALIDATED_FORECAST,v2_zero_endpoint_threshold,station_endpoints_per_calendar_month,2858.0,5540.0,2682.0,CONFORMAL_SYMMETRIC_ABS_RESIDUAL,0.8,0.8095238095238095,126,571,9,2026-01-01,2026-02-01T00:00:00,RETROSPECTIVE_REPLAY,False,CALIBRATED
col_d230756d48c258b4b050767d29182a80,Irrigacion,2026-02,6,2026-08,8081.0,8081.0,0.0,0.0,NEUTRAL,PERSISTENCE,VALIDATED_WITH_CAUTION,VALIDATED_FORECAST,v2_zero_endpoint_threshold,station_endpoints_per_calendar_month,6740.0,9422.0,2682.0,CONFORMAL_SYMMETRIC_ABS_RESIDUAL,0.8,0.8095238095238095,126,571,9,2026-01-01,2026-02-01T00:00:00,RETROSPECTIVE_REPLAY,False,CALIBRATED
col_d24f94824377561c8616923a56c96081,Ignacio Allende,2026-02,6,2026-08,1531.0,1531.0,0.0,0.0,NEUTRAL,PERSISTENCE,VALIDATED_WITH_CAUTION,VALIDATED_FORECAST,v2_zero_endpoint_threshold,station_endpoints_per_calendar_month,190.0,2872.0,2682.0,CONFORMAL_SYMMETRIC_ABS_RESIDUAL,0.8,0.8095238095238095,126,571,9,2026-01-01,2026-02-01T00:00:00,RETROSPECTIVE_REPLAY,False,CALIBRATED
col_d40150e91a0457b18f3ac9b3be178bdc,Molino del Rey,2026-02,6,2026-08,4625.0,4625.0,0.0,0.0,NEUTRAL,PERSISTENCE,VALIDATED_WITH_CAUTION,VALIDATED_FORECAST,v2_zero_endpoint_threshold,station_endpoints_per_calendar_month,3284.0,5966.0,2682.0,CONFORMAL_SYMMETRIC_ABS_RESIDUAL,0.8,0.8095238095238095,126,571,9,2026-01-01,2026-02-01T00:00:00,RETROSPECTIVE_REPLAY,False,CALIBRATED
col_d4e474286fa85c0aa9cd393c8e2880c1,Axotla,2026-02,6,2026-08,3909.0,3909.0,0.0,0.0,NEUTRAL,PERSISTENCE,VALIDATED_WITH_CAUTION,VALIDATED_FORECAST,v2_zero_endpoint_threshold,station_endpoints_per_calendar_month,2568.0,5250.0,2682.0,CONFORMAL_SYMMETRIC_ABS_RESIDUAL,0.8,0.8095238095238095,126,571,9,2026-01-01,2026-02-01T00:00:00,RETROSPECTIVE_REPLAY,False,CALIBRATED
col_de2ee5e1ae0955e6845ef669ea127a75,Tacuba,2026-02,6,2026-08,6878.0,6878.0,0.0,0.0,NEUTRAL,PERSISTENCE,VALIDATED_WITH_CAUTION,VALIDATED_FORECAST,v2_zero_endpoint_threshold,station_endpoints_per_calendar_month,5537.0,8219.0,2682.0,CONFORMAL_SYMMETRIC_ABS_RESIDUAL,0.8,0.8095238095238095,126,571,9,2026-01-01,2026-02-01T00:00:00,RETROSPECTIVE_REPLAY,False,CALIBRATED
col_debb68f1d0525506bae6ef15b9e39d2f,Hogar y Seguridad,2026-02,6,2026-08,3548.0,3548.0,0.0,0.0,NEUTRAL,PERSISTENCE,VALIDATED_WITH_CAUTION,VALIDATED_FORECAST,v2_zero_endpoint_threshold,station_endpoints_per_calendar_month,2207.0,4889.0,2682.0,CONFORMAL_SYMMETRIC_ABS_RESIDUAL,0.8,0.8095238095238095,126,571,9,2026-01-01,2026-02-01T00:00:00,RETROSPECTIVE_REPLAY,False,CALIBRATED
col_df8f37e24dff550bb52ef711568f9cb7,Obrera,2026-01,6,2026-07,34563.0,34563.0,0.0,0.0,NEUTRAL,PERSISTENCE,VALIDATED_WITH_CAUTION,VALIDATED_FORECAST,v2_zero_endpoint_threshold,station_endpoints_per_calendar_month,33218.0,35908.0,2690.0,CONFORMAL_SYMMETRIC_ABS_RESIDUAL,0.8,0.8070175438596491,57,502,8,2025-12-01,2026-01-01T00:00:00,RETROSPECTIVE_REPLAY,False,CALIBRATED
col_e38591c35bd05184a3caa0318add5f06,Agricultura,2026-02,6,2026-08,18602.0,18602.0,0.0,0.0,NEUTRAL,PERSISTENCE,VALIDATED_WITH_CAUTION,VALIDATED_FORECAST,v2_zero_endpoint_threshold,station_endpoints_per_calendar_month,17261.0,19943.0,2682.0,CONFORMAL_SYMMETRIC_ABS_RESIDUAL,0.8,0.8095238095238095,126,571,9,2026-01-01,2026-02-01T00:00:00,RETROSPECTIVE_REPLAY,False,CALIBRATED
col_e426afce41e3549e9144c6ee8c8047dc,Portales,2025-06,6,2025-12,47129.0,47129.0,0.0,0.0,NEUTRAL,PERSISTENCE,VALIDATED_WITH_CAUTION,VALIDATED_FORECAST,v2_zero_endpoint_threshold,station_endpoints_per_calendar_month,45316.0,48942.0,3626.0,CONFORMAL_SYMMETRIC_ABS_RESIDUAL,0.8,,0,151,2,2025-05-01,2025-06-01T00:00:00,RETROSPECTIVE_REPLAY,False,CALIBRATED
col_e56a7334b36e5ca6841813031c3b8d2b,Centro,2024-09,6,2025-03,200722.0,200722.0,0.0,0.0,NEUTRAL,PERSISTENCE,VALIDATED_WITH_CAUTION,VALIDATED_FORECAST,v2_zero_endpoint_threshold,station_endpoints_per_calendar_month,,,,CONFORMAL_SYMMETRIC_ABS_RESIDUAL,0.8,,0,0,0,,2024-09-01T00:00:00,RETROSPECTIVE_REPLAY,False,INSUFFICIENT_CALIBRATION_HISTORY
col_e72f76ae560a556e957e54c180d9d323,Centro Urbano Presidente Aleman,2026-02,6,2026-08,2482.0,2482.0,0.0,0.0,NEUTRAL,PERSISTENCE,VALIDATED_WITH_CAUTION,VALIDATED_FORECAST,v2_zero_endpoint_threshold,station_endpoints_per_calendar_month,1141.0,3823.0,2682.0,CONFORMAL_SYMMETRIC_ABS_RESIDUAL,0.8,0.8095238095238095,126,571,9,2026-01-01,2026-02-01T00:00:00,RETROSPECTIVE_REPLAY,False,CALIBRATED
col_eadac3374f095a63b927c12303b7218a,Josefa Ortiz de Dominguez,2026-02,6,2026-08,5089.0,5089.0,0.0,0.0,NEUTRAL,PERSISTENCE,VALIDATED_WITH_CAUTION,VALIDATED_FORECAST,v2_zero_endpoint_threshold,station_endpoints_per_calendar_month,3748.0,6430.0,2682.0,CONFORMAL_SYMMETRIC_ABS_RESIDUAL,0.8,0.8095238095238095,126,571,9,2026-01-01,2026-02-01T00:00:00,RETROSPECTIVE_REPLAY,False,CALIBRATED
col_eb93b25ca61954fa8e9ee2ca2ca57f16,Doctores,2026-01,6,2026-07,82186.0,82186.0,0.0,0.0,NEUTRAL,PERSISTENCE,VALIDATED_WITH_CAUTION,VALIDATED_FORECAST,v2_zero_endpoint_threshold,station_endpoints_per_calendar_month,80841.0,83531.0,2690.0,CONFORMAL_SYMMETRIC_ABS_RESIDUAL,0.8,0.8070175438596491,57,502,8,2025-12-01,2026-01-01T00:00:00,RETROSPECTIVE_REPLAY,False,CALIBRATED
col_ee0096c66b1754fb83cf4c4170f93dd6,Piedad Narvarte,2026-02,6,2026-08,10568.0,10568.0,0.0,0.0,NEUTRAL,PERSISTENCE,VALIDATED_WITH_CAUTION,VALIDATED_FORECAST,v2_zero_endpoint_threshold,station_endpoints_per_calendar_month,9227.0,11909.0,2682.0,CONFORMAL_SYMMETRIC_ABS_RESIDUAL,0.8,0.8095238095238095,126,571,9,2026-01-01,2026-02-01T00:00:00,RETROSPECTIVE_REPLAY,False,CALIBRATED
col_f1b446f58ae65b7f8a814bab39bf17dc,Escandon,2026-01,6,2026-07,70194.0,70194.0,0.0,0.0,NEUTRAL,PERSISTENCE,VALIDATED_WITH_CAUTION,VALIDATED_FORECAST,v2_zero_endpoint_threshold,station_endpoints_per_calendar_month,68849.0,71539.0,2690.0,CONFORMAL_SYMMETRIC_ABS_RESIDUAL,0.8,0.8070175438596491,57,502,8,2025-12-01,2026-01-01T00:00:00,RETROSPECTIVE_REPLAY,False,CALIBRATED
col_f685e6afce2f59ffb8b623a8882cd0ef,Nonoalco,2025-12,6,2026-06,6925.0,6925.0,0.0,0.0,NEUTRAL,PERSISTENCE,VALIDATED_WITH_CAUTION,VALIDATED_FORECAST,v2_zero_endpoint_threshold,station_endpoints_per_calendar_month,5579.0,8271.0,2692.0,CONFORMAL_SYMMETRIC_ABS_RESIDUAL,0.8,,0,442,7,2025-11-01,2025-12-01T00:00:00,RETROSPECTIVE_REPLAY,False,CALIBRATED
col_f884dc870afb59218eed6bb359ce0e0f,Guadalupe Chimalistac,2026-02,6,2026-08,10242.0,10242.0,0.0,0.0,NEUTRAL,PERSISTENCE,VALIDATED_WITH_CAUTION,VALIDATED_FORECAST,v2_zero_endpoint_threshold,station_endpoints_per_calendar_month,8901.0,11583.0,2682.0,CONFORMAL_SYMMETRIC_ABS_RESIDUAL,0.8,0.8095238095238095,126,571,9,2026-01-01,2026-02-01T00:00:00,RETROSPECTIVE_REPLAY,False,CALIBRATED
col_f8e6271a3b155d19906933df376c56d8,Ampliacion Napoles,2025-12,6,2026-06,12251.0,12251.0,0.0,0.0,NEUTRAL,PERSISTENCE,VALIDATED_WITH_CAUTION,VALIDATED_FORECAST,v2_zero_endpoint_threshold,station_endpoints_per_calendar_month,10905.0,13597.0,2692.0,CONFORMAL_SYMMETRIC_ABS_RESIDUAL,0.8,,0,442,7,2025-11-01,2025-12-01T00:00:00,RETROSPECTIVE_REPLAY,False,CALIBRATED
col_fb144842ece557ce8e184ba17ea11743,Un Hogar para Nosotros,2026-02,6,2026-08,3826.0,3826.0,0.0,0.0,NEUTRAL,PERSISTENCE,VALIDATED_WITH_CAUTION,VALIDATED_FORECAST,v2_zero_endpoint_threshold,station_endpoints_per_calendar_month,2485.0,5167.0,2682.0,CONFORMAL_SYMMETRIC_ABS_RESIDUAL,0.8,0.8095238095238095,126,571,9,2026-01-01,2026-02-01T00:00:00,RETROSPECTIVE_REPLAY,False,CALIBRATED
col_ffeedd6a32945225b84ecc416148dd76,San Rafael,2026-01,6,2026-07,77277.0,77277.0,0.0,0.0,NEUTRAL,PERSISTENCE,VALIDATED_WITH_CAUTION,VALIDATED_FORECAST,v2_zero_endpoint_threshold,station_endpoints_per_calendar_month,75932.0,78622.0,2690.0,CONFORMAL_SYMMETRIC_ABS_RESIDUAL,0.8,0.8070175438596491,57,502,8,2025-12-01,2026-01-01T00:00:00,RETROSPECTIVE_REPLAY,False,CALIBRATED
col_fff7ee1276da58efb088edf2d4f0141e,Narvarte,2025-07,6,2026-01,50867.0,50867.0,0.0,0.0,NEUTRAL,PERSISTENCE,VALIDATED_WITH_CAUTION,VALIDATED_FORECAST,v2_zero_endpoint_threshold,station_endpoints_per_calendar_month,49434.0,52300.0,2866.0,CONFORMAL_SYMMETRIC_ABS_RESIDUAL,0.8,,0,202,3,2025-06-01,2025-07-01T00:00:00,RETROSPECTIVE_REPLAY,False,CALIBRATED
col_058b0a95e3e35746bf806f626cc29e3c,Del Valle Centro,2025-05,12,2026-05,54763.0,54763.0,0.0,0.0,NEUTRAL,PERSISTENCE,VALIDATED_WITH_CAUTION,VALIDATED_FORECAST,v2_zero_endpoint_threshold,station_endpoints_per_calendar_month,,,,CONFORMAL_SYMMETRIC_ABS_RESIDUAL,0.8,,0,0,0,,2025-05-01T00:00:00,RETROSPECTIVE_REPLAY,False,INSUFFICIENT_CALIBRATION_HISTORY
col_075ade1e8b735efcac21da8802b37c0a,Obrero Popular,2025-08,12,2026-08,2036.0,2036.0,0.0,0.0,NEUTRAL,PERSISTENCE,VALIDATED_WITH_CAUTION,VALIDATED_FORECAST,v2_zero_endpoint_threshold,station_endpoints_per_calendar_month,0.0,4317.0,4317.0,CONFORMAL_SYMMETRIC_ABS_RESIDUAL,0.8,,0,165,3,2025-07-01,2025-08-01T00:00:00,RETROSPECTIVE_REPLAY,True,CALIBRATED
col_0d7a0b5c2d6b5f31bd586ed063d99183,San Alvaro,2025-07,12,2026-07,3933.0,3933.0,0.0,0.0,NEUTRAL,PERSISTENCE,VALIDATED_WITH_CAUTION,VALIDATED_FORECAST,v2_zero_endpoint_threshold,station_endpoints_per_calendar_month,1568.0,6298.0,4730.0,CONFORMAL_SYMMETRIC_ABS_RESIDUAL,0.8,,0,100,2,2025-06-01,2025-07-01T00:00:00,RETROSPECTIVE_REPLAY,False,CALIBRATED
col_0f6878a834535080af77fae943ae9b95,Tabacalera,2024-09,12,2025-09,66133.0,66133.0,0.0,0.0,NEUTRAL,PERSISTENCE,VALIDATED_WITH_CAUTION,VALIDATED_FORECAST,v2_zero_endpoint_threshold,station_endpoints_per_calendar_month,,,,CONFORMAL_SYMMETRIC_ABS_RESIDUAL,0.8,,0,0,0,,2024-09-01T00:00:00,RETROSPECTIVE_REPLAY,False,INSUFFICIENT_CALIBRATION_HISTORY
col_145462232cb0506eac0d954b79bb4e67,Tlatilco,2025-08,12,2026-08,6187.0,6187.0,0.0,0.0,NEUTRAL,PERSISTENCE,VALIDATED_WITH_CAUTION,VALIDATED_FORECAST,v2_zero_endpoint_threshold,station_endpoints_per_calendar_month,3906.0,8468.0,4562.0,CONFORMAL_SYMMETRIC_ABS_RESIDUAL,0.8,,0,165,3,2025-07-01,2025-08-01T00:00:00,RETROSPECTIVE_REPLAY,False,CALIBRATED
col_175c1726756a5dda90d2345c13795848,Angel Zimbron,2025-07,12,2026-07,7367.0,7367.0,0.0,0.0,NEUTRAL,PERSISTENCE,VALIDATED_WITH_CAUTION,VALIDATED_FORECAST,v2_zero_endpoint_threshold,station_endpoints_per_calendar_month,5002.0,9732.0,4730.0,CONFORMAL_SYMMETRIC_ABS_RESIDUAL,0.8,,0,100,2,2025-06-01,2025-07-01T00:00:00,RETROSPECTIVE_REPLAY,False,CALIBRATED
col_19663fbe37bd50ee8eff60a93705eb35,Nextitla,2025-08,12,2026-08,4800.0,4800.0,0.0,0.0,NEUTRAL,PERSISTENCE,VALIDATED_WITH_CAUTION,VALIDATED_FORECAST,v2_zero_endpoint_threshold,station_endpoints_per_calendar_month,2519.0,7081.0,4562.0,CONFORMAL_SYMMETRIC_ABS_RESIDUAL,0.8,,0,165,3,2025-07-01,2025-08-01T00:00:00,RETROSPECTIVE_REPLAY,False,CALIBRATED
col_1fd836f8991b530f861257d28b0cb970,Agricola,2025-08,12,2026-08,1775.0,1775.0,0.0,0.0,NEUTRAL,PERSISTENCE,VALIDATED_WITH_CAUTION,VALIDATED_FORECAST,v2_zero_endpoint_threshold,station_endpoints_per_calendar_month,0.0,4056.0,4056.0,CONFORMAL_SYMMETRIC_ABS_RESIDUAL,0.8,,0,165,3,2025-07-01,2025-08-01T00:00:00,RETROSPECTIVE_REPLAY,True,CALIBRATED
col_2006d9e5f6975534a01a4ae3d0063ec1,Plutarco Elias Calles,2025-08,12,2026-08,6414.0,6414.0,0.0,0.0,NEUTRAL,PERSISTENCE,VALIDATED_WITH_CAUTION,VALIDATED_FORECAST,v2_zero_endpoint_threshold,station_endpoints_per_calendar_month,4133.0,8695.0,4562.0,CONFORMAL_SYMMETRIC_ABS_RESIDUAL,0.8,,0,165,3,2025-07-01,2025-08-01T00:00:00,RETROSPECTIVE_REPLAY,False,CALIBRATED
col_218c753a6a38548aa02718260c2caef7,Del Recreo,2025-08,12,2026-08,1677.0,1677.0,0.0,0.0,NEUTRAL,PERSISTENCE,VALIDATED_WITH_CAUTION,VALIDATED_FORECAST,v2_zero_endpoint_threshold,station_endpoints_per_calendar_month,0.0,3958.0,3958.0,CONFORMAL_SYMMETRIC_ABS_RESIDUAL,0.8,,0,165,3,2025-07-01,2025-08-01T00:00:00,RETROSPECTIVE_REPLAY,True,CALIBRATED
col_21faee63d17e537f90a501b5c0313a20,General Pedro Maria Anaya,2025-08,12,2026-08,13138.0,13138.0,0.0,0.0,NEUTRAL,PERSISTENCE,VALIDATED_WITH_CAUTION,VALIDATED_FORECAST,v2_zero_endpoint_threshold,station_endpoints_per_calendar_month,10857.0,15419.0,4562.0,CONFORMAL_SYMMETRIC_ABS_RESIDUAL,0.8,,0,165,3,2025-07-01,2025-08-01T00:00:00,RETROSPECTIVE_REPLAY,False,CALIBRATED
col_296d6268c64b5552821a2eebfad2256f,Lomas de Chapultepec Seccion III,2025-08,12,2026-08,5027.0,5027.0,0.0,0.0,NEUTRAL,PERSISTENCE,VALIDATED_WITH_CAUTION,VALIDATED_FORECAST,v2_zero_endpoint_threshold,station_endpoints_per_calendar_month,2746.0,7308.0,4562.0,CONFORMAL_SYMMETRIC_ABS_RESIDUAL,0.8,,0,165,3,2025-07-01,2025-08-01T00:00:00,RETROSPECTIVE_REPLAY,False,CALIBRATED
col_2d383baad6155258af666ad388181e00,Ampliacion Granada,2025-01,12,2026-01,21678.0,21678.0,0.0,0.0,NEUTRAL,PERSISTENCE,VALIDATED_WITH_CAUTION,VALIDATED_FORECAST,v2_zero_endpoint_threshold,station_endpoints_per_calendar_month,,,,CONFORMAL_SYMMETRIC_ABS_RESIDUAL,0.8,,0,0,0,,2025-01-01T00:00:00,RETROSPECTIVE_REPLAY,False,INSUFFICIENT_CALIBRATION_HISTORY
col_321ef9a198015257a1d0afd095d56686,Victoria de las Democracias,2025-08,12,2026-08,3677.0,3677.0,0.0,0.0,NEUTRAL,PERSISTENCE,VALIDATED_WITH_CAUTION,VALIDATED_FORECAST,v2_zero_endpoint_threshold,station_endpoints_per_calendar_month,1396.0,5958.0,4562.0,CONFORMAL_SYMMETRIC_ABS_RESIDUAL,0.8,,0,165,3,2025-07-01,2025-08-01T00:00:00,RETROSPECTIVE_REPLAY,False,CALIBRATED
col_333380f5322950cf9a22ac2947f13767,Lomas de Chapultepec Seccion V,2025-07,12,2026-07,3321.0,3321.0,0.0,0.0,NEUTRAL,PERSISTENCE,VALIDATED_WITH_CAUTION,VALIDATED_FORECAST,v2_zero_endpoint_threshold,station_endpoints_per_calendar_month,956.0,5686.0,4730.0,CONFORMAL_SYMMETRIC_ABS_RESIDUAL,0.8,,0,100,2,2025-06-01,2025-07-01T00:00:00,RETROSPECTIVE_REPLAY,False,CALIBRATED
col_347bf8c118ae5cde8343a717c911525d,Independencia,2025-08,12,2026-08,5768.0,5768.0,0.0,0.0,NEUTRAL,PERSISTENCE,VALIDATED_WITH_CAUTION,VALIDATED_FORECAST,v2_zero_endpoint_threshold,station_endpoints_per_calendar_month,3487.0,8049.0,4562.0,CONFORMAL_SYMMETRIC_ABS_RESIDUAL,0.8,,0,165,3,2025-07-01,2025-08-01T00:00:00,RETROSPECTIVE_REPLAY,False,CALIBRATED
col_34ef10debc6452f7a37e4eb02f41010f,Villa Coyoacan,2025-08,12,2026-08,5052.0,5052.0,0.0,0.0,NEUTRAL,PERSISTENCE,VALIDATED_WITH_CAUTION,VALIDATED_FORECAST,v2_zero_endpoint_threshold,station_endpoints_per_calendar_month,2771.0,7333.0,4562.0,CONFORMAL_SYMMETRIC_ABS_RESIDUAL,0.8,,0,165,3,2025-07-01,2025-08-01T00:00:00,RETROSPECTIVE_REPLAY,False,CALIBRATED
col_39b7c034d6a15d22952ae31d1eab536a,Tlaxpana,2025-08,12,2026-08,19379.0,19379.0,0.0,0.0,NEUTRAL,PERSISTENCE,VALIDATED_WITH_CAUTION,VALIDATED_FORECAST,v2_zero_endpoint_threshold,station_endpoints_per_calendar_month,17098.0,21660.0,4562.0,CONFORMAL_SYMMETRIC_ABS_RESIDUAL,0.8,,0,165,3,2025-07-01,2025-08-01T00:00:00,RETROSPECTIVE_REPLAY,False,CALIBRATED
col_3c107741e9aa5999ac5f00ed40d5deea,San Diego Churubusco,2025-08,12,2026-08,5679.0,5679.0,0.0,0.0,NEUTRAL,PERSISTENCE,VALIDATED_WITH_CAUTION,VALIDATED_FORECAST,v2_zero_endpoint_threshold,station_endpoints_per_calendar_month,3398.0,7960.0,4562.0,CONFORMAL_SYMMETRIC_ABS_RESIDUAL,0.8,,0,165,3,2025-07-01,2025-08-01T00:00:00,RETROSPECTIVE_REPLAY,False,CALIBRATED
col_3d725e14185a5c38a7d3e1cda93adc73,Anahuac I Seccion,2025-08,12,2026-08,27210.0,27210.0,0.0,0.0,NEUTRAL,PERSISTENCE,VALIDATED_WITH_CAUTION,VALIDATED_FORECAST,v2_zero_endpoint_threshold,station_endpoints_per_calendar_month,24929.0,29491.0,4562.0,CONFORMAL_SYMMETRIC_ABS_RESIDUAL,0.8,,0,165,3,2025-07-01,2025-08-01T00:00:00,RETROSPECTIVE_REPLAY,False,CALIBRATED
col_43db8a95c872541680d0688e731fe141,Polanco,2024-09,12,2025-09,227903.0,227903.0,0.0,0.0,NEUTRAL,PERSISTENCE,VALIDATED_WITH_CAUTION,VALIDATED_FORECAST,v2_zero_endpoint_threshold,station_endpoints_per_calendar_month,,,,CONFORMAL_SYMMETRIC_ABS_RESIDUAL,0.8,,0,0,0,,2024-09-01T00:00:00,RETROSPECTIVE_REPLAY,False,INSUFFICIENT_CALIBRATION_HISTORY
col_46ef3d6067b85bc580fd6f574f0e5a26,Claveria,2025-07,12,2026-07,13567.0,13567.0,0.0,0.0,NEUTRAL,PERSISTENCE,VALIDATED_WITH_CAUTION,VALIDATED_FORECAST,v2_zero_endpoint_threshold,station_endpoints_per_calendar_month,11202.0,15932.0,4730.0,CONFORMAL_SYMMETRIC_ABS_RESIDUAL,0.8,,0,100,2,2025-06-01,2025-07-01T00:00:00,RETROSPECTIVE_REPLAY,False,CALIBRATED
col_47716220585b527aaf095e5cd827326f,San Angel,2025-08,12,2026-08,3039.0,3039.0,0.0,0.0,NEUTRAL,PERSISTENCE,VALIDATED_WITH_CAUTION,VALIDATED_FORECAST,v2_zero_endpoint_threshold,station_endpoints_per_calendar_month,758.0,5320.0,4562.0,CONFORMAL_SYMMETRIC_ABS_RESIDUAL,0.8,,0,165,3,2025-07-01,2025-08-01T00:00:00,RETROSPECTIVE_REPLAY,False,CALIBRATED
col_479170cdfd5b53c484ffa7a376547b3a,Alamos,2025-05,12,2026-05,29827.0,29827.0,0.0,0.0,NEUTRAL,PERSISTENCE,VALIDATED_WITH_CAUTION,VALIDATED_FORECAST,v2_zero_endpoint_threshold,station_endpoints_per_calendar_month,,,,CONFORMAL_SYMMETRIC_ABS_RESIDUAL,0.8,,0,0,0,,2025-05-01T00:00:00,RETROSPECTIVE_REPLAY,False,INSUFFICIENT_CALIBRATION_HISTORY
col_49351caf73a652ba8bcc7655ce37dd18,Anahuac,2025-08,12,2026-08,39168.0,39168.0,0.0,0.0,NEUTRAL,PERSISTENCE,VALIDATED_WITH_CAUTION,VALIDATED_FORECAST,v2_zero_endpoint_threshold,station_endpoints_per_calendar_month,36887.0,41449.0,4562.0,CONFORMAL_SYMMETRIC_ABS_RESIDUAL,0.8,,0,165,3,2025-07-01,2025-08-01T00:00:00,RETROSPECTIVE_REPLAY,False,CALIBRATED
col_49f6b5a0ab625bda9ca00f7acd601c17,Americas Unidas,2025-08,12,2026-08,11502.0,11502.0,0.0,0.0,NEUTRAL,PERSISTENCE,VALIDATED_WITH_CAUTION,VALIDATED_FORECAST,v2_zero_endpoint_threshold,station_endpoints_per_calendar_month,9221.0,13783.0,4562.0,CONFORMAL_SYMMETRIC_ABS_RESIDUAL,0.8,,0,165,3,2025-07-01,2025-08-01T00:00:00,RETROSPECTIVE_REPLAY,False,CALIBRATED
col_4a6ce89e87ac5037b13cd12239825b31,Residencial Emperadores,2025-08,12,2026-08,1850.0,1850.0,0.0,0.0,NEUTRAL,PERSISTENCE,VALIDATED_WITH_CAUTION,VALIDATED_FORECAST,v2_zero_endpoint_threshold,station_endpoints_per_calendar_month,0.0,4131.0,4131.0,CONFORMAL_SYMMETRIC_ABS_RESIDUAL,0.8,,0,165,3,2025-07-01,2025-08-01T00:00:00,RETROSPECTIVE_REPLAY,True,CALIBRATED
col_4b057d99c17f5783822af98b43744780,Santa Catarina,2025-07,12,2026-07,13782.0,13782.0,0.0,0.0,NEUTRAL,PERSISTENCE,VALIDATED_WITH_CAUTION,VALIDATED_FORECAST,v2_zero_endpoint_threshold,station_endpoints_per_calendar_month,11417.0,16147.0,4730.0,CONFORMAL_SYMMETRIC_ABS_RESIDUAL,0.8,,0,100,2,2025-06-01,2025-07-01T00:00:00,RETROSPECTIVE_REPLAY,False,CALIBRATED
col_4d16bf4016d1531fac1806d04420e1fc,Acacias,2025-08,12,2026-08,10673.0,10673.0,0.0,0.0,NEUTRAL,PERSISTENCE,VALIDATED_WITH_CAUTION,VALIDATED_FORECAST,v2_zero_endpoint_threshold,station_endpoints_per_calendar_month,8392.0,12954.0,4562.0,CONFORMAL_SYMMETRIC_ABS_RESIDUAL,0.8,,0,165,3,2025-07-01,2025-08-01T00:00:00,RETROSPECTIVE_REPLAY,False,CALIBRATED
col_506a1cf0beec53eb97a74f9abc9cfe66,San Jose Insurgentes,2025-08,12,2026-08,19225.0,19225.0,0.0,0.0,NEUTRAL,PERSISTENCE,VALIDATED_WITH_CAUTION,VALIDATED_FORECAST,v2_zero_endpoint_threshold,station_endpoints_per_calendar_month,16944.0,21506.0,4562.0,CONFORMAL_SYMMETRIC_ABS_RESIDUAL,0.8,,0,165,3,2025-07-01,2025-08-01T00:00:00,RETROSPECTIVE_REPLAY,False,CALIBRATED
col_5176ae04e5c95d57b5192bbca17b2436,Condesa,2024-09,12,2025-09,103862.0,103862.0,0.0,0.0,NEUTRAL,PERSISTENCE,VALIDATED_WITH_CAUTION,VALIDATED_FORECAST,v2_zero_endpoint_threshold,station_endpoints_per_calendar_month,,,,CONFORMAL_SYMMETRIC_ABS_RESIDUAL,0.8,,0,0,0,,2024-09-01T00:00:00,RETROSPECTIVE_REPLAY,False,INSUFFICIENT_CALIBRATION_HISTORY
col_543d04998daf5e4ab3306049617a67b4,Florida,2025-08,12,2026-08,6244.0,6244.0,0.0,0.0,NEUTRAL,PERSISTENCE,VALIDATED_WITH_CAUTION,VALIDATED_FORECAST,v2_zero_endpoint_threshold,station_endpoints_per_calendar_month,3963.0,8525.0,4562.0,CONFORMAL_SYMMETRIC_ABS_RESIDUAL,0.8,,0,165,3,2025-07-01,2025-08-01T00:00:00,RETROSPECTIVE_REPLAY,False,CALIBRATED
col_5481a24d7414578eb3d8dcf5c715fb23,Niños Heroes de Chapultepec,2025-07,12,2026-07,6814.0,6814.0,0.0,0.0,NEUTRAL,PERSISTENCE,VALIDATED_WITH_CAUTION,VALIDATED_FORECAST,v2_zero_endpoint_threshold,station_endpoints_per_calendar_month,4449.0,9179.0,4730.0,CONFORMAL_SYMMETRIC_ABS_RESIDUAL,0.8,,0,100,2,2025-06-01,2025-07-01T00:00:00,RETROSPECTIVE_REPLAY,False,CALIBRATED
col_588e4e85b75a566e85b1e464fdd27b30,Portales Norte,2025-08,12,2026-08,9307.0,9307.0,0.0,0.0,NEUTRAL,PERSISTENCE,VALIDATED_WITH_CAUTION,VALIDATED_FORECAST,v2_zero_endpoint_threshold,station_endpoints_per_calendar_month,7026.0,11588.0,4562.0,CONFORMAL_SYMMETRIC_ABS_RESIDUAL,0.8,,0,165,3,2025-07-01,2025-08-01T00:00:00,RETROSPECTIVE_REPLAY,False,CALIBRATED
col_62bb8f5cf8d25a898a34208ad6dee465,San Miguel Chapultepec,2025-07,12,2026-07,50981.0,50981.0,0.0,0.0,NEUTRAL,PERSISTENCE,VALIDATED_WITH_CAUTION,VALIDATED_FORECAST,v2_zero_endpoint_threshold,station_endpoints_per_calendar_month,48616.0,53346.0,4730.0,CONFORMAL_SYMMETRIC_ABS_RESIDUAL,0.8,,0,100,2,2025-06-01,2025-07-01T00:00:00,RETROSPECTIVE_REPLAY,False,CALIBRATED
col_64a29c6aaaf85a42bb0e87a40667ac42,Insurgentes San Borja,2025-08,12,2026-08,5694.0,5694.0,0.0,0.0,NEUTRAL,PERSISTENCE,VALIDATED_WITH_CAUTION,VALIDATED_FORECAST,v2_zero_endpoint_threshold,station_endpoints_per_calendar_month,3413.0,7975.0,4562.0,CONFORMAL_SYMMETRIC_ABS_RESIDUAL,0.8,,0,165,3,2025-07-01,2025-08-01T00:00:00,RETROSPECTIVE_REPLAY,False,CALIBRATED
col_6573c9286c5a50288130ecf1765ab3b5,Del Carmen,2025-07,12,2026-07,33634.0,33634.0,0.0,0.0,NEUTRAL,PERSISTENCE,VALIDATED_WITH_CAUTION,VALIDATED_FORECAST,v2_zero_endpoint_threshold,station_endpoints_per_calendar_month,31269.0,35999.0,4730.0,CONFORMAL_SYMMETRIC_ABS_RESIDUAL,0.8,,0,100,2,2025-06-01,2025-07-01T00:00:00,RETROSPECTIVE_REPLAY,False,CALIBRATED
col_6954f4d5482a5e07b5721c81d464cd43,Algarin,2025-08,12,2026-08,13636.0,13636.0,0.0,0.0,NEUTRAL,PERSISTENCE,VALIDATED_WITH_CAUTION,VALIDATED_FORECAST,v2_zero_endpoint_threshold,station_endpoints_per_calendar_month,11355.0,15917.0,4562.0,CONFORMAL_SYMMETRIC_ABS_RESIDUAL,0.8,,0,165,3,2025-07-01,2025-08-01T00:00:00,RETROSPECTIVE_REPLAY,False,CALIBRATED
col_6bf10fd8943e5967b7603760fb6cd344,Napoles,2025-07,12,2026-07,48914.0,48914.0,0.0,0.0,NEUTRAL,PERSISTENCE,VALIDATED_WITH_CAUTION,VALIDATED_FORECAST,v2_zero_endpoint_threshold,station_endpoints_per_calendar_month,46549.0,51279.0,4730.0,CONFORMAL_SYMMETRIC_ABS_RESIDUAL,0.8,,0,100,2,2025-06-01,2025-07-01T00:00:00,RETROSPECTIVE_REPLAY,False,CALIBRATED
col_6e124db5b88b5695a72b6c82db5754cd,Santa Cruz Atoyac,2025-06,12,2026-06,27277.0,27277.0,0.0,0.0,NEUTRAL,PERSISTENCE,VALIDATED_WITH_CAUTION,VALIDATED_FORECAST,v2_zero_endpoint_threshold,station_endpoints_per_calendar_month,25745.0,28809.0,3064.0,CONFORMAL_SYMMETRIC_ABS_RESIDUAL,0.8,,0,44,1,2025-05-01,2025-06-01T00:00:00,RETROSPECTIVE_REPLAY,False,CALIBRATED
col_6e932760ad7e5318b2922fea188ea3f8,Cuauhtemoc Pensil,2025-08,12,2026-08,7191.0,7191.0,0.0,0.0,NEUTRAL,PERSISTENCE,VALIDATED_WITH_CAUTION,VALIDATED_FORECAST,v2_zero_endpoint_threshold,station_endpoints_per_calendar_month,4910.0,9472.0,4562.0,CONFORMAL_SYMMETRIC_ABS_RESIDUAL,0.8,,0,165,3,2025-07-01,2025-08-01T00:00:00,RETROSPECTIVE_REPLAY,False,CALIBRATED
col_6f85f8cb1357503bae86559c4ab47194,Veronica Anzures,2025-08,12,2026-08,13669.0,13669.0,0.0,0.0,NEUTRAL,PERSISTENCE,VALIDATED_WITH_CAUTION,VALIDATED_FORECAST,v2_zero_endpoint_threshold,station_endpoints_per_calendar_month,11388.0,15950.0,4562.0,CONFORMAL_SYMMETRIC_ABS_RESIDUAL,0.8,,0,165,3,2025-07-01,2025-08-01T00:00:00,RETROSPECTIVE_REPLAY,False,CALIBRATED
col_76cd2cc2efb657e1a3779dc11ff63e1d,Cuauhtemoc,2024-09,12,2025-09,203267.0,203267.0,0.0,0.0,NEUTRAL,PERSISTENCE,VALIDATED_WITH_CAUTION,VALIDATED_FORECAST,v2_zero_endpoint_threshold,station_endpoints_per_calendar_month,,,,CONFORMAL_SYMMETRIC_ABS_RESIDUAL,0.8,,0,0,0,,2024-09-01T00:00:00,RETROSPECTIVE_REPLAY,False,INSUFFICIENT_CALIBRATION_HISTORY
col_76d47b3676925748aa9d3dee653c6562,Modelo Pensil,2025-08,12,2026-08,5056.0,5056.0,0.0,0.0,NEUTRAL,PERSISTENCE,VALIDATED_WITH_CAUTION,VALIDATED_FORECAST,v2_zero_endpoint_threshold,station_endpoints_per_calendar_month,2775.0,7337.0,4562.0,CONFORMAL_SYMMETRIC_ABS_RESIDUAL,0.8,,0,165,3,2025-07-01,2025-08-01T00:00:00,RETROSPECTIVE_REPLAY,False,CALIBRATED
col_77126fcee0bf5162978113f718dc8420,Hipodromo Condesa,2025-05,12,2026-05,33762.0,33762.0,0.0,0.0,NEUTRAL,PERSISTENCE,VALIDATED_WITH_CAUTION,VALIDATED_FORECAST,v2_zero_endpoint_threshold,station_endpoints_per_calendar_month,,,,CONFORMAL_SYMMETRIC_ABS_RESIDUAL,0.8,,0,0,0,,2025-05-01T00:00:00,RETROSPECTIVE_REPLAY,False,INSUFFICIENT_CALIBRATION_HISTORY
col_7d88ca5b0c8d519c962986381a6c0a11,San Pedro de los Pinos,2025-08,12,2026-08,33686.0,33686.0,0.0,0.0,NEUTRAL,PERSISTENCE,VALIDATED_WITH_CAUTION,VALIDATED_FORECAST,v2_zero_endpoint_threshold,station_endpoints_per_calendar_month,31405.0,35967.0,4562.0,CONFORMAL_SYMMETRIC_ABS_RESIDUAL,0.8,,0,165,3,2025-07-01,2025-08-01T00:00:00,RETROSPECTIVE_REPLAY,False,CALIBRATED
col_7f4389bc274355ffaf821a5f6d5a33f1,Mariano Escobedo,2025-08,12,2026-08,8571.0,8571.0,0.0,0.0,NEUTRAL,PERSISTENCE,VALIDATED_WITH_CAUTION,VALIDATED_FORECAST,v2_zero_endpoint_threshold,station_endpoints_per_calendar_month,6290.0,10852.0,4562.0,CONFORMAL_SYMMETRIC_ABS_RESIDUAL,0.8,,0,165,3,2025-07-01,2025-08-01T00:00:00,RETROSPECTIVE_REPLAY,False,CALIBRATED
col_81496637921a5e749f117e8ef4f2ee99,Credito Constructor,2025-08,12,2026-08,2353.0,2353.0,0.0,0.0,NEUTRAL,PERSISTENCE,VALIDATED_WITH_CAUTION,VALIDATED_FORECAST,v2_zero_endpoint_threshold,station_endpoints_per_calendar_month,72.0,4634.0,4562.0,CONFORMAL_SYMMETRIC_ABS_RESIDUAL,0.8,,0,165,3,2025-07-01,2025-08-01T00:00:00,RETROSPECTIVE_REPLAY,False,CALIBRATED
col_81ad18034e5855e38b63dfffe608d3d3,Letran Valle,2025-08,12,2026-08,15254.0,15254.0,0.0,0.0,NEUTRAL,PERSISTENCE,VALIDATED_WITH_CAUTION,VALIDATED_FORECAST,v2_zero_endpoint_threshold,station_endpoints_per_calendar_month,12973.0,17535.0,4562.0,CONFORMAL_SYMMETRIC_ABS_RESIDUAL,0.8,,0,165,3,2025-07-01,2025-08-01T00:00:00,RETROSPECTIVE_REPLAY,False,CALIBRATED
col_84c2fef5059c546e9a59e6816fb7e72b,Extremadura Insurgentes,2025-08,12,2026-08,9910.0,9910.0,0.0,0.0,NEUTRAL,PERSISTENCE,VALIDATED_WITH_CAUTION,VALIDATED_FORECAST,v2_zero_endpoint_threshold,station_endpoints_per_calendar_month,7629.0,12191.0,4562.0,CONFORMAL_SYMMETRIC_ABS_RESIDUAL,0.8,,0,165,3,2025-07-01,2025-08-01T00:00:00,RETROSPECTIVE_REPLAY,False,CALIBRATED
col_8694171d7ed551d78020504424e7148c,Xoco,2025-08,12,2026-08,5833.0,5833.0,0.0,0.0,NEUTRAL,PERSISTENCE,VALIDATED_WITH_CAUTION,VALIDATED_FORECAST,v2_zero_endpoint_threshold,station_endpoints_per_calendar_month,3552.0,8114.0,4562.0,CONFORMAL_SYMMETRIC_ABS_RESIDUAL,0.8,,0,165,3,2025-07-01,2025-08-01T00:00:00,RETROSPECTIVE_REPLAY,False,CALIBRATED
col_8dd63c1e84435db49a927bcd4b149776,Atlampa,2025-08,12,2026-08,8708.0,8708.0,0.0,0.0,NEUTRAL,PERSISTENCE,VALIDATED_WITH_CAUTION,VALIDATED_FORECAST,v2_zero_endpoint_threshold,station_endpoints_per_calendar_month,6427.0,10989.0,4562.0,CONFORMAL_SYMMETRIC_ABS_RESIDUAL,0.8,,0,165,3,2025-07-01,2025-08-01T00:00:00,RETROSPECTIVE_REPLAY,False,CALIBRATED
col_8e89f7e8963258c3b4c0ec85deb35ae9,Tlacoquemecatl del Valle,2025-07,12,2026-07,23226.0,23226.0,0.0,0.0,NEUTRAL,PERSISTENCE,VALIDATED_WITH_CAUTION,VALIDATED_FORECAST,v2_zero_endpoint_threshold,station_endpoints_per_calendar_month,20861.0,25591.0,4730.0,CONFORMAL_SYMMETRIC_ABS_RESIDUAL,0.8,,0,100,2,2025-06-01,2025-07-01T00:00:00,RETROSPECTIVE_REPLAY,False,CALIBRATED
col_926ff32000a751399a54daad7479254d,Anzures,2025-07,12,2026-07,39718.0,39718.0,0.0,0.0,NEUTRAL,PERSISTENCE,VALIDATED_WITH_CAUTION,VALIDATED_FORECAST,v2_zero_endpoint_threshold,station_endpoints_per_calendar_month,37353.0,42083.0,4730.0,CONFORMAL_SYMMETRIC_ABS_RESIDUAL,0.8,,0,100,2,2025-06-01,2025-07-01T00:00:00,RETROSPECTIVE_REPLAY,False,CALIBRATED
col_92cd6e3f23155eedb10936246b2da76c,Popotla,2025-08,12,2026-08,17379.0,17379.0,0.0,0.0,NEUTRAL,PERSISTENCE,VALIDATED_WITH_CAUTION,VALIDATED_FORECAST,v2_zero_endpoint_threshold,station_endpoints_per_calendar_month,15098.0,19660.0,4562.0,CONFORMAL_SYMMETRIC_ABS_RESIDUAL,0.8,,0,165,3,2025-07-01,2025-08-01T00:00:00,RETROSPECTIVE_REPLAY,False,CALIBRATED
col_96af67dbdc945131a7e1fb18aab974fa,Parque San Andres,2025-08,12,2026-08,9766.0,9766.0,0.0,0.0,NEUTRAL,PERSISTENCE,VALIDATED_WITH_CAUTION,VALIDATED_FORECAST,v2_zero_endpoint_threshold,station_endpoints_per_calendar_month,7485.0,12047.0,4562.0,CONFORMAL_SYMMETRIC_ABS_RESIDUAL,0.8,,0,165,3,2025-07-01,2025-08-01T00:00:00,RETROSPECTIVE_REPLAY,False,CALIBRATED
col_99820d9ec1005837855fcf0d7f8dcaf0,Narvarte Poniente,2025-05,12,2026-05,64172.0,64172.0,0.0,0.0,NEUTRAL,PERSISTENCE,VALIDATED_WITH_CAUTION,VALIDATED_FORECAST,v2_zero_endpoint_threshold,station_endpoints_per_calendar_month,,,,CONFORMAL_SYMMETRIC_ABS_RESIDUAL,0.8,,0,0,0,,2025-05-01T00:00:00,RETROSPECTIVE_REPLAY,False,INSUFFICIENT_CALIBRATION_HISTORY
col_9b8d9872383b59f7a23d22ab97fc79d8,Roma Norte,2024-09,12,2025-09,331749.0,331749.0,0.0,0.0,NEUTRAL,PERSISTENCE,VALIDATED_WITH_CAUTION,VALIDATED_FORECAST,v2_zero_endpoint_threshold,station_endpoints_per_calendar_month,,,,CONFORMAL_SYMMETRIC_ABS_RESIDUAL,0.8,,0,0,0,,2024-09-01T00:00:00,RETROSPECTIVE_REPLAY,False,INSUFFICIENT_CALIBRATION_HISTORY
col_9bbea60acc995fa7b9c482efc14ebb94,Ciudad de los Deportes,2025-08,12,2026-08,13097.0,13097.0,0.0,0.0,NEUTRAL,PERSISTENCE,VALIDATED_WITH_CAUTION,VALIDATED_FORECAST,v2_zero_endpoint_threshold,station_endpoints_per_calendar_month,10816.0,15378.0,4562.0,CONFORMAL_SYMMETRIC_ABS_RESIDUAL,0.8,,0,165,3,2025-07-01,2025-08-01T00:00:00,RETROSPECTIVE_REPLAY,False,CALIBRATED
col_9f7b23fc019150a58f8d3fa8ecb0545b,Actipan,2025-08,12,2026-08,19162.0,19162.0,0.0,0.0,NEUTRAL,PERSISTENCE,VALIDATED_WITH_CAUTION,VALIDATED_FORECAST,v2_zero_endpoint_threshold,station_endpoints_per_calendar_month,16881.0,21443.0,4562.0,CONFORMAL_SYMMETRIC_ABS_RESIDUAL,0.8,,0,165,3,2025-07-01,2025-08-01T00:00:00,RETROSPECTIVE_REPLAY,False,CALIBRATED
col_a069943804255517b1a44551a37b7d8e,Insurgentes Mixcoac,2025-05,12,2026-05,37198.0,37198.0,0.0,0.0,NEUTRAL,PERSISTENCE,VALIDATED_WITH_CAUTION,VALIDATED_FORECAST,v2_zero_endpoint_threshold,station_endpoints_per_calendar_month,,,,CONFORMAL_SYMMETRIC_ABS_RESIDUAL,0.8,,0,0,0,,2025-05-01T00:00:00,RETROSPECTIVE_REPLAY,False,INSUFFICIENT_CALIBRATION_HISTORY
col_a11503ab8f7b52ecba6e146f1cd2bcae,Noche Buena,2025-08,12,2026-08,5045.0,5045.0,0.0,0.0,NEUTRAL,PERSISTENCE,VALIDATED_WITH_CAUTION,VALIDATED_FORECAST,v2_zero_endpoint_threshold,station_endpoints_per_calendar_month,2764.0,7326.0,4562.0,CONFORMAL_SYMMETRIC_ABS_RESIDUAL,0.8,,0,165,3,2025-07-01,2025-08-01T00:00:00,RETROSPECTIVE_REPLAY,False,CALIBRATED
col_a20da3b32dc95373bfc155a68e4197fa,Roma Sur,2025-05,12,2026-05,114251.0,114251.0,0.0,0.0,NEUTRAL,PERSISTENCE,VALIDATED_WITH_CAUTION,VALIDATED_FORECAST,v2_zero_endpoint_threshold,station_endpoints_per_calendar_month,,,,CONFORMAL_SYMMETRIC_ABS_RESIDUAL,0.8,,0,0,0,,2025-05-01T00:00:00,RETROSPECTIVE_REPLAY,False,INSUFFICIENT_CALIBRATION_HISTORY
col_a21a9068f97957a2a0828f64e9102bde,Nueva Santa Maria,2025-08,12,2026-08,11712.0,11712.0,0.0,0.0,NEUTRAL,PERSISTENCE,VALIDATED_WITH_CAUTION,VALIDATED_FORECAST,v2_zero_endpoint_threshold,station_endpoints_per_calendar_month,9431.0,13993.0,4562.0,CONFORMAL_SYMMETRIC_ABS_RESIDUAL,0.8,,0,165,3,2025-07-01,2025-08-01T00:00:00,RETROSPECTIVE_REPLAY,False,CALIBRATED
col_a4784e1d94d556b3b35e2f91d799fbf4,Bosque de Chapultepec,2025-06,12,2026-06,31352.0,31352.0,0.0,0.0,NEUTRAL,PERSISTENCE,VALIDATED_WITH_CAUTION,VALIDATED_FORECAST,v2_zero_endpoint_threshold,station_endpoints_per_calendar_month,29820.0,32884.0,3064.0,CONFORMAL_SYMMETRIC_ABS_RESIDUAL,0.8,,0,44,1,2025-05-01,2025-06-01T00:00:00,RETROSPECTIVE_REPLAY,False,CALIBRATED
col_a8d3b136a1115b0380f6f041ad7b12a8,Sector Naval,2025-08,12,2026-08,3842.0,3842.0,0.0,0.0,NEUTRAL,PERSISTENCE,VALIDATED_WITH_CAUTION,VALIDATED_FORECAST,v2_zero_endpoint_threshold,station_endpoints_per_calendar_month,1561.0,6123.0,4562.0,CONFORMAL_SYMMETRIC_ABS_RESIDUAL,0.8,,0,165,3,2025-07-01,2025-08-01T00:00:00,RETROSPECTIVE_REPLAY,False,CALIBRATED
col_aaef3bfb4fb259e8ab32bf1eb9404368,San Mateo,2025-08,12,2026-08,3863.0,3863.0,0.0,0.0,NEUTRAL,PERSISTENCE,VALIDATED_WITH_CAUTION,VALIDATED_FORECAST,v2_zero_endpoint_threshold,station_endpoints_per_calendar_month,1582.0,6144.0,4562.0,CONFORMAL_SYMMETRIC_ABS_RESIDUAL,0.8,,0,165,3,2025-07-01,2025-08-01T00:00:00,RETROSPECTIVE_REPLAY,False,CALIBRATED
col_abad05146e545e0cb59abdc228f8373c,San Simon Ticumac,2025-08,12,2026-08,14478.0,14478.0,0.0,0.0,NEUTRAL,PERSISTENCE,VALIDATED_WITH_CAUTION,VALIDATED_FORECAST,v2_zero_endpoint_threshold,station_endpoints_per_calendar_month,12197.0,16759.0,4562.0,CONFORMAL_SYMMETRIC_ABS_RESIDUAL,0.8,,0,165,3,2025-07-01,2025-08-01T00:00:00,RETROSPECTIVE_REPLAY,False,CALIBRATED
col_aeb67b70520e58b895caf170c4cc2b7b,Postal,2025-08,12,2026-08,7249.0,7249.0,0.0,0.0,NEUTRAL,PERSISTENCE,VALIDATED_WITH_CAUTION,VALIDATED_FORECAST,v2_zero_endpoint_threshold,station_endpoints_per_calendar_month,4968.0,9530.0,4562.0,CONFORMAL_SYMMETRIC_ABS_RESIDUAL,0.8,,0,165,3,2025-07-01,2025-08-01T00:00:00,RETROSPECTIVE_REPLAY,False,CALIBRATED
col_af634a3d6a0956f8930194b36da1dbde,Buenavista,2025-07,12,2026-07,76488.0,76488.0,0.0,0.0,NEUTRAL,PERSISTENCE,VALIDATED_WITH_CAUTION,VALIDATED_FORECAST,v2_zero_endpoint_threshold,station_endpoints_per_calendar_month,74123.0,78853.0,4730.0,CONFORMAL_SYMMETRIC_ABS_RESIDUAL,0.8,,0,100,2,2025-06-01,2025-07-01T00:00:00,RETROSPECTIVE_REPLAY,False,CALIBRATED
col_b0071da2a8ad5c38b1d137c8dd21a966,Unidad Habitacional Cuitláhuac,2025-07,12,2026-07,2833.0,2833.0,0.0,0.0,NEUTRAL,PERSISTENCE,VALIDATED_WITH_CAUTION,VALIDATED_FORECAST,v2_zero_endpoint_threshold,station_endpoints_per_calendar_month,468.0,5198.0,4730.0,CONFORMAL_SYMMETRIC_ABS_RESIDUAL,0.8,,0,100,2,2025-06-01,2025-07-01T00:00:00,RETROSPECTIVE_REPLAY,False,CALIBRATED
col_b0d667d100335a2cbd38dd885b4a49ae,Granada,2025-08,12,2026-08,24694.0,24694.0,0.0,0.0,NEUTRAL,PERSISTENCE,VALIDATED_WITH_CAUTION,VALIDATED_FORECAST,v2_zero_endpoint_threshold,station_endpoints_per_calendar_month,22413.0,26975.0,4562.0,CONFORMAL_SYMMETRIC_ABS_RESIDUAL,0.8,,0,165,3,2025-07-01,2025-08-01T00:00:00,RETROSPECTIVE_REPLAY,False,CALIBRATED
col_b311567e717b53408adc7485d395fbd0,Del Valle Sur,2025-05,12,2026-05,63266.0,63266.0,0.0,0.0,NEUTRAL,PERSISTENCE,VALIDATED_WITH_CAUTION,VALIDATED_FORECAST,v2_zero_endpoint_threshold,station_endpoints_per_calendar_month,,,,CONFORMAL_SYMMETRIC_ABS_RESIDUAL,0.8,,0,0,0,,2025-05-01T00:00:00,RETROSPECTIVE_REPLAY,False,INSUFFICIENT_CALIBRATION_HISTORY
col_b9647cb13b4b5ebebd069fd56e70a36f,Juarez,2024-09,12,2025-09,234593.0,234593.0,0.0,0.0,NEUTRAL,PERSISTENCE,VALIDATED_WITH_CAUTION,VALIDATED_FORECAST,v2_zero_endpoint_threshold,station_endpoints_per_calendar_month,,,,CONFORMAL_SYMMETRIC_ABS_RESIDUAL,0.8,,0,0,0,,2024-09-01T00:00:00,RETROSPECTIVE_REPLAY,False,INSUFFICIENT_CALIBRATION_HISTORY
col_ba378e9f675c57f6b84cd80ba4906921,San Salvador Xochimanca,2025-08,12,2026-08,4355.0,4355.0,0.0,0.0,NEUTRAL,PERSISTENCE,VALIDATED_WITH_CAUTION,VALIDATED_FORECAST,v2_zero_endpoint_threshold,station_endpoints_per_calendar_month,2074.0,6636.0,4562.0,CONFORMAL_SYMMETRIC_ABS_RESIDUAL,0.8,,0,165,3,2025-07-01,2025-08-01T00:00:00,RETROSPECTIVE_REPLAY,False,CALIBRATED
col_bbdf83c90b8d5945967637dfe673bde4,Lomas de Chapultepec Seccion IV/Lomas Virreyes,2025-08,12,2026-08,4372.0,4372.0,0.0,0.0,NEUTRAL,PERSISTENCE,VALIDATED_WITH_CAUTION,VALIDATED_FORECAST,v2_zero_endpoint_threshold,station_endpoints_per_calendar_month,2091.0,6653.0,4562.0,CONFORMAL_SYMMETRIC_ABS_RESIDUAL,0.8,,0,165,3,2025-07-01,2025-08-01T00:00:00,RETROSPECTIVE_REPLAY,False,CALIBRATED
col_bd478b6a570f533f803bd0118bf3f055,Santa Maria la Ribera,2024-09,12,2025-09,123184.0,123184.0,0.0,0.0,NEUTRAL,PERSISTENCE,VALIDATED_WITH_CAUTION,VALIDATED_FORECAST,v2_zero_endpoint_threshold,station_endpoints_per_calendar_month,,,,CONFORMAL_SYMMETRIC_ABS_RESIDUAL,0.8,,0,0,0,,2024-09-01T00:00:00,RETROSPECTIVE_REPLAY,False,INSUFFICIENT_CALIBRATION_HISTORY
col_bed54b5fa7b155169b5367f26e64ee77,Barrio la Concepcion,2025-08,12,2026-08,2663.0,2663.0,0.0,0.0,NEUTRAL,PERSISTENCE,VALIDATED_WITH_CAUTION,VALIDATED_FORECAST,v2_zero_endpoint_threshold,station_endpoints_per_calendar_month,382.0,4944.0,4562.0,CONFORMAL_SYMMETRIC_ABS_RESIDUAL,0.8,,0,165,3,2025-07-01,2025-08-01T00:00:00,RETROSPECTIVE_REPLAY,False,CALIBRATED
col_c00d00bb38f656119c21216810bac6c9,Barrio San Lucas,2025-08,12,2026-08,1603.0,1603.0,0.0,0.0,NEUTRAL,PERSISTENCE,VALIDATED_WITH_CAUTION,VALIDATED_FORECAST,v2_zero_endpoint_threshold,station_endpoints_per_calendar_month,0.0,3884.0,3884.0,CONFORMAL_SYMMETRIC_ABS_RESIDUAL,0.8,,0,165,3,2025-07-01,2025-08-01T00:00:00,RETROSPECTIVE_REPLAY,True,CALIBRATED
col_c4ce45851ad35a61b8fb1e683c4b52a5,Vertiz Narvarte,2025-08,12,2026-08,17307.0,17307.0,0.0,0.0,NEUTRAL,PERSISTENCE,VALIDATED_WITH_CAUTION,VALIDATED_FORECAST,v2_zero_endpoint_threshold,station_endpoints_per_calendar_month,15026.0,19588.0,4562.0,CONFORMAL_SYMMETRIC_ABS_RESIDUAL,0.8,,0,165,3,2025-07-01,2025-08-01T00:00:00,RETROSPECTIVE_REPLAY,False,CALIBRATED
col_c84c8cba11e05de082c7496795578d88,Santo Tomas,2025-08,12,2026-08,2630.0,2630.0,0.0,0.0,NEUTRAL,PERSISTENCE,VALIDATED_WITH_CAUTION,VALIDATED_FORECAST,v2_zero_endpoint_threshold,station_endpoints_per_calendar_month,349.0,4911.0,4562.0,CONFORMAL_SYMMETRIC_ABS_RESIDUAL,0.8,,0,165,3,2025-07-01,2025-08-01T00:00:00,RETROSPECTIVE_REPLAY,False,CALIBRATED
col_cbe1b970a3525757af7647d6463839ff,Del Valle Norte,2025-07,12,2026-07,75161.0,75161.0,0.0,0.0,NEUTRAL,PERSISTENCE,VALIDATED_WITH_CAUTION,VALIDATED_FORECAST,v2_zero_endpoint_threshold,station_endpoints_per_calendar_month,72796.0,77526.0,4730.0,CONFORMAL_SYMMETRIC_ABS_RESIDUAL,0.8,,0,100,2,2025-06-01,2025-07-01T00:00:00,RETROSPECTIVE_REPLAY,False,CALIBRATED
col_cbef3a463b0b5bc2ac31e747b6721178,Guadalupe Inn,2025-08,12,2026-08,12909.0,12909.0,0.0,0.0,NEUTRAL,PERSISTENCE,VALIDATED_WITH_CAUTION,VALIDATED_FORECAST,v2_zero_endpoint_threshold,station_endpoints_per_calendar_month,10628.0,15190.0,4562.0,CONFORMAL_SYMMETRIC_ABS_RESIDUAL,0.8,,0,165,3,2025-07-01,2025-08-01T00:00:00,RETROSPECTIVE_REPLAY,False,CALIBRATED
col_cda58c28c9e35bd7b4c277287cc632da,Polanco Seccion I/ Los Morales,2025-08,12,2026-08,4270.0,4270.0,0.0,0.0,NEUTRAL,PERSISTENCE,VALIDATED_WITH_CAUTION,VALIDATED_FORECAST,v2_zero_endpoint_threshold,station_endpoints_per_calendar_month,1989.0,6551.0,4562.0,CONFORMAL_SYMMETRIC_ABS_RESIDUAL,0.8,,0,165,3,2025-07-01,2025-08-01T00:00:00,RETROSPECTIVE_REPLAY,False,CALIBRATED
col_d230756d48c258b4b050767d29182a80,Irrigacion,2025-08,12,2026-08,7294.0,7294.0,0.0,0.0,NEUTRAL,PERSISTENCE,VALIDATED_WITH_CAUTION,VALIDATED_FORECAST,v2_zero_endpoint_threshold,station_endpoints_per_calendar_month,5013.0,9575.0,4562.0,CONFORMAL_SYMMETRIC_ABS_RESIDUAL,0.8,,0,165,3,2025-07-01,2025-08-01T00:00:00,RETROSPECTIVE_REPLAY,False,CALIBRATED
col_d24f94824377561c8616923a56c96081,Ignacio Allende,2025-08,12,2026-08,1318.0,1318.0,0.0,0.0,NEUTRAL,PERSISTENCE,VALIDATED_WITH_CAUTION,VALIDATED_FORECAST,v2_zero_endpoint_threshold,station_endpoints_per_calendar_month,0.0,3599.0,3599.0,CONFORMAL_SYMMETRIC_ABS_RESIDUAL,0.8,,0,165,3,2025-07-01,2025-08-01T00:00:00,RETROSPECTIVE_REPLAY,True,CALIBRATED
col_d40150e91a0457b18f3ac9b3be178bdc,Molino del Rey,2025-05,12,2026-05,4854.0,4854.0,0.0,0.0,NEUTRAL,PERSISTENCE,VALIDATED_WITH_CAUTION,VALIDATED_FORECAST,v2_zero_endpoint_threshold,station_endpoints_per_calendar_month,,,,CONFORMAL_SYMMETRIC_ABS_RESIDUAL,0.8,,0,0,0,,2025-05-01T00:00:00,RETROSPECTIVE_REPLAY,False,INSUFFICIENT_CALIBRATION_HISTORY
col_d4e474286fa85c0aa9cd393c8e2880c1,Axotla,2025-08,12,2026-08,3627.0,3627.0,0.0,0.0,NEUTRAL,PERSISTENCE,VALIDATED_WITH_CAUTION,VALIDATED_FORECAST,v2_zero_endpoint_threshold,station_endpoints_per_calendar_month,1346.0,5908.0,4562.0,CONFORMAL_SYMMETRIC_ABS_RESIDUAL,0.8,,0,165,3,2025-07-01,2025-08-01T00:00:00,RETROSPECTIVE_REPLAY,False,CALIBRATED
col_de2ee5e1ae0955e6845ef669ea127a75,Tacuba,2025-08,12,2026-08,7543.0,7543.0,0.0,0.0,NEUTRAL,PERSISTENCE,VALIDATED_WITH_CAUTION,VALIDATED_FORECAST,v2_zero_endpoint_threshold,station_endpoints_per_calendar_month,5262.0,9824.0,4562.0,CONFORMAL_SYMMETRIC_ABS_RESIDUAL,0.8,,0,165,3,2025-07-01,2025-08-01T00:00:00,RETROSPECTIVE_REPLAY,False,CALIBRATED
col_debb68f1d0525506bae6ef15b9e39d2f,Hogar y Seguridad,2025-08,12,2026-08,2996.0,2996.0,0.0,0.0,NEUTRAL,PERSISTENCE,VALIDATED_WITH_CAUTION,VALIDATED_FORECAST,v2_zero_endpoint_threshold,station_endpoints_per_calendar_month,715.0,5277.0,4562.0,CONFORMAL_SYMMETRIC_ABS_RESIDUAL,0.8,,0,165,3,2025-07-01,2025-08-01T00:00:00,RETROSPECTIVE_REPLAY,False,CALIBRATED
col_df8f37e24dff550bb52ef711568f9cb7,Obrera,2025-07,12,2026-07,39009.0,39009.0,0.0,0.0,NEUTRAL,PERSISTENCE,VALIDATED_WITH_CAUTION,VALIDATED_FORECAST,v2_zero_endpoint_threshold,station_endpoints_per_calendar_month,36644.0,41374.0,4730.0,CONFORMAL_SYMMETRIC_ABS_RESIDUAL,0.8,,0,100,2,2025-06-01,2025-07-01T00:00:00,RETROSPECTIVE_REPLAY,False,CALIBRATED
col_e38591c35bd05184a3caa0318add5f06,Agricultura,2025-08,12,2026-08,16452.0,16452.0,0.0,0.0,NEUTRAL,PERSISTENCE,VALIDATED_WITH_CAUTION,VALIDATED_FORECAST,v2_zero_endpoint_threshold,station_endpoints_per_calendar_month,14171.0,18733.0,4562.0,CONFORMAL_SYMMETRIC_ABS_RESIDUAL,0.8,,0,165,3,2025-07-01,2025-08-01T00:00:00,RETROSPECTIVE_REPLAY,False,CALIBRATED
col_e426afce41e3549e9144c6ee8c8047dc,Portales,2025-06,12,2026-06,47129.0,47129.0,0.0,0.0,NEUTRAL,PERSISTENCE,VALIDATED_WITH_CAUTION,VALIDATED_FORECAST,v2_zero_endpoint_threshold,station_endpoints_per_calendar_month,45597.0,48661.0,3064.0,CONFORMAL_SYMMETRIC_ABS_RESIDUAL,0.8,,0,44,1,2025-05-01,2025-06-01T00:00:00,RETROSPECTIVE_REPLAY,False,CALIBRATED
col_e56a7334b36e5ca6841813031c3b8d2b,Centro,2024-09,12,2025-09,200722.0,200722.0,0.0,0.0,NEUTRAL,PERSISTENCE,VALIDATED_WITH_CAUTION,VALIDATED_FORECAST,v2_zero_endpoint_threshold,station_endpoints_per_calendar_month,,,,CONFORMAL_SYMMETRIC_ABS_RESIDUAL,0.8,,0,0,0,,2024-09-01T00:00:00,RETROSPECTIVE_REPLAY,False,INSUFFICIENT_CALIBRATION_HISTORY
col_e72f76ae560a556e957e54c180d9d323,Centro Urbano Presidente Aleman,2025-07,12,2026-07,2439.0,2439.0,0.0,0.0,NEUTRAL,PERSISTENCE,VALIDATED_WITH_CAUTION,VALIDATED_FORECAST,v2_zero_endpoint_threshold,station_endpoints_per_calendar_month,74.0,4804.0,4730.0,CONFORMAL_SYMMETRIC_ABS_RESIDUAL,0.8,,0,100,2,2025-06-01,2025-07-01T00:00:00,RETROSPECTIVE_REPLAY,False,CALIBRATED
col_eadac3374f095a63b927c12303b7218a,Josefa Ortiz de Dominguez,2025-08,12,2026-08,5255.0,5255.0,0.0,0.0,NEUTRAL,PERSISTENCE,VALIDATED_WITH_CAUTION,VALIDATED_FORECAST,v2_zero_endpoint_threshold,station_endpoints_per_calendar_month,2974.0,7536.0,4562.0,CONFORMAL_SYMMETRIC_ABS_RESIDUAL,0.8,,0,165,3,2025-07-01,2025-08-01T00:00:00,RETROSPECTIVE_REPLAY,False,CALIBRATED
col_eb93b25ca61954fa8e9ee2ca2ca57f16,Doctores,2024-09,12,2025-09,96011.0,96011.0,0.0,0.0,NEUTRAL,PERSISTENCE,VALIDATED_WITH_CAUTION,VALIDATED_FORECAST,v2_zero_endpoint_threshold,station_endpoints_per_calendar_month,,,,CONFORMAL_SYMMETRIC_ABS_RESIDUAL,0.8,,0,0,0,,2024-09-01T00:00:00,RETROSPECTIVE_REPLAY,False,INSUFFICIENT_CALIBRATION_HISTORY
col_ee0096c66b1754fb83cf4c4170f93dd6,Piedad Narvarte,2025-08,12,2026-08,10864.0,10864.0,0.0,0.0,NEUTRAL,PERSISTENCE,VALIDATED_WITH_CAUTION,VALIDATED_FORECAST,v2_zero_endpoint_threshold,station_endpoints_per_calendar_month,8583.0,13145.0,4562.0,CONFORMAL_SYMMETRIC_ABS_RESIDUAL,0.8,,0,165,3,2025-07-01,2025-08-01T00:00:00,RETROSPECTIVE_REPLAY,False,CALIBRATED
col_f1b446f58ae65b7f8a814bab39bf17dc,Escandon,2025-07,12,2026-07,76583.0,76583.0,0.0,0.0,NEUTRAL,PERSISTENCE,VALIDATED_WITH_CAUTION,VALIDATED_FORECAST,v2_zero_endpoint_threshold,station_endpoints_per_calendar_month,74218.0,78948.0,4730.0,CONFORMAL_SYMMETRIC_ABS_RESIDUAL,0.8,,0,100,2,2025-06-01,2025-07-01T00:00:00,RETROSPECTIVE_REPLAY,False,CALIBRATED
col_f685e6afce2f59ffb8b623a8882cd0ef,Nonoalco,2025-08,12,2026-08,7472.0,7472.0,0.0,0.0,NEUTRAL,PERSISTENCE,VALIDATED_WITH_CAUTION,VALIDATED_FORECAST,v2_zero_endpoint_threshold,station_endpoints_per_calendar_month,5191.0,9753.0,4562.0,CONFORMAL_SYMMETRIC_ABS_RESIDUAL,0.8,,0,165,3,2025-07-01,2025-08-01T00:00:00,RETROSPECTIVE_REPLAY,False,CALIBRATED
col_f884dc870afb59218eed6bb359ce0e0f,Guadalupe Chimalistac,2025-08,12,2026-08,10319.0,10319.0,0.0,0.0,NEUTRAL,PERSISTENCE,VALIDATED_WITH_CAUTION,VALIDATED_FORECAST,v2_zero_endpoint_threshold,station_endpoints_per_calendar_month,8038.0,12600.0,4562.0,CONFORMAL_SYMMETRIC_ABS_RESIDUAL,0.8,,0,165,3,2025-07-01,2025-08-01T00:00:00,RETROSPECTIVE_REPLAY,False,CALIBRATED
col_f8e6271a3b155d19906933df376c56d8,Ampliacion Napoles,2025-08,12,2026-08,13665.0,13665.0,0.0,0.0,NEUTRAL,PERSISTENCE,VALIDATED_WITH_CAUTION,VALIDATED_FORECAST,v2_zero_endpoint_threshold,station_endpoints_per_calendar_month,11384.0,15946.0,4562.0,CONFORMAL_SYMMETRIC_ABS_RESIDUAL,0.8,,0,165,3,2025-07-01,2025-08-01T00:00:00,RETROSPECTIVE_REPLAY,False,CALIBRATED
col_fb144842ece557ce8e184ba17ea11743,Un Hogar para Nosotros,2025-08,12,2026-08,3248.0,3248.0,0.0,0.0,NEUTRAL,PERSISTENCE,VALIDATED_WITH_CAUTION,VALIDATED_FORECAST,v2_zero_endpoint_threshold,station_endpoints_per_calendar_month,967.0,5529.0,4562.0,CONFORMAL_SYMMETRIC_ABS_RESIDUAL,0.8,,0,165,3,2025-07-01,2025-08-01T00:00:00,RETROSPECTIVE_REPLAY,False,CALIBRATED
col_ffeedd6a32945225b84ecc416148dd76,San Rafael,2024-09,12,2025-09,91318.0,91318.0,0.0,0.0,NEUTRAL,PERSISTENCE,VALIDATED_WITH_CAUTION,VALIDATED_FORECAST,v2_zero_endpoint_threshold,station_endpoints_per_calendar_month,,,,CONFORMAL_SYMMETRIC_ABS_RESIDUAL,0.8,,0,0,0,,2024-09-01T00:00:00,RETROSPECTIVE_REPLAY,False,INSUFFICIENT_CALIBRATION_HISTORY
col_fff7ee1276da58efb088edf2d4f0141e,Narvarte,2025-07,12,2026-07,50867.0,50867.0,0.0,0.0,NEUTRAL,PERSISTENCE,VALIDATED_WITH_CAUTION,VALIDATED_FORECAST,v2_zero_endpoint_threshold,station_endpoints_per_calendar_month,48502.0,53232.0,4730.0,CONFORMAL_SYMMETRIC_ABS_RESIDUAL,0.8,,0,100,2,2025-06-01,2025-07-01T00:00:00,RETROSPECTIVE_REPLAY,False,CALIBRATED
