zone_id,colonia,origin_period,horizon_months,target_period,forecast_value,reference_value,forecast_change_abs,forecast_change_pct,direction,model_used,validation_status,forecast_role,direction_threshold_version,target_unit,interval_lower_80,interval_upper_80,interval_width,calibration_method,target_coverage,validation_coverage,n_validation_predictions,n_calibration_points,n_calibration_cuts,max_calibration_available_at,calibration_cutoff,artifact_role,lower_clipped,uncertainty_status,issue_time,forecast_model,forecast_explanation,context_signal_1_feature,context_signal_2_feature,context_signal_3_feature,context_signal_1,context_signal_1_value,context_signal_1_direction,context_signal_2,context_signal_2_value,context_signal_2_direction,context_signal_3,context_signal_3_value,context_signal_3_direction,spatial_context_available,context_coverage,limitations,explanation_version
col_058b0a95e3e35746bf806f626cc29e3c,Del Valle Centro,2025-05,1,2025-06,54763.0,54763.0,0.0,0.0,NEUTRAL,PERSISTENCE,VALIDATED_SHORT_TERM,VALIDATED_FORECAST,v2_zero_endpoint_threshold,station_endpoints_per_calendar_month,54131.0,55395.0,1264.0,CONFORMAL_SYMMETRIC_ABS_RESIDUAL,0.8,,0,85,2,2025-04-01,2025-05-01T00:00:00,RETROSPECTIVE_REPLAY,False,CALIBRATED,2025-06-01T00:00:00,PERSISTENCE,El forecast mantiene el nivel de actividad registrado en su origen: persistencia fue seleccionada por su desempeño retrospectivo. Las señales contextuales no modifican esta predicción.,growth_1,trend_3,NONE,crecimiento reciente: 6.93% (contexto no causal),0.0693392173709286,POSITIVE,tendencia trimestral: -234.50 endpoints/mes (contexto no causal),-234.5,NEGATIVE,SIN_DATO,,UNAVAILABLE,False,,Las señales espaciales no están disponibles para este origen; el contexto no implica causalidad. Catálogo de estaciones sin vigencia histórica verificada. Pronóstico retrospectivo; no es una corrida futura común.,2.0-phase6-persistence-context
col_058b0a95e3e35746bf806f626cc29e3c,Del Valle Centro,2025-05,3,2025-08,54763.0,54763.0,0.0,0.0,NEUTRAL,PERSISTENCE,VALIDATED_WITH_CAUTION,VALIDATED_FORECAST,v2_zero_endpoint_threshold,station_endpoints_per_calendar_month,53379.0,56147.0,2768.0,CONFORMAL_SYMMETRIC_ABS_RESIDUAL,0.8,,0,103,2,2025-04-01,2025-05-01T00:00:00,RETROSPECTIVE_REPLAY,False,CALIBRATED,2025-06-01T00:00:00,PERSISTENCE,El forecast mantiene el nivel de actividad registrado en su origen: persistencia fue seleccionada por su desempeño retrospectivo. Las señales contextuales no modifican esta predicción.,growth_1,trend_3,NONE,crecimiento reciente: 6.93% (contexto no causal),0.0693392173709286,POSITIVE,tendencia trimestral: -234.50 endpoints/mes (contexto no causal),-234.5,NEGATIVE,SIN_DATO,,UNAVAILABLE,False,,Las señales espaciales no están disponibles para este origen; el contexto no implica causalidad. Catálogo de estaciones sin vigencia histórica verificada. Pronóstico retrospectivo; no es una corrida futura común.,2.0-phase6-persistence-context
col_058b0a95e3e35746bf806f626cc29e3c,Del Valle Centro,2025-05,6,2025-11,54763.0,54763.0,0.0,0.0,NEUTRAL,PERSISTENCE,VALIDATED_WITH_CAUTION,VALIDATED_FORECAST,v2_zero_endpoint_threshold,station_endpoints_per_calendar_month,53690.0,55836.0,2146.0,CONFORMAL_SYMMETRIC_ABS_RESIDUAL,0.8,,0,109,2,2025-04-01,2025-05-01T00:00:00,RETROSPECTIVE_REPLAY,False,CALIBRATED,2025-06-01T00:00:00,PERSISTENCE,El forecast mantiene el nivel de actividad registrado en su origen: persistencia fue seleccionada por su desempeño retrospectivo. Las señales contextuales no modifican esta predicción.,growth_1,trend_3,NONE,crecimiento reciente: 6.93% (contexto no causal),0.0693392173709286,POSITIVE,tendencia trimestral: -234.50 endpoints/mes (contexto no causal),-234.5,NEGATIVE,SIN_DATO,,UNAVAILABLE,False,,Las señales espaciales no están disponibles para este origen; el contexto no implica causalidad. Catálogo de estaciones sin vigencia histórica verificada. Pronóstico retrospectivo; no es una corrida futura común.,2.0-phase6-persistence-context
col_058b0a95e3e35746bf806f626cc29e3c,Del Valle Centro,2025-05,12,2026-05,54763.0,54763.0,0.0,0.0,NEUTRAL,PERSISTENCE,VALIDATED_WITH_CAUTION,VALIDATED_FORECAST,v2_zero_endpoint_threshold,station_endpoints_per_calendar_month,,,,CONFORMAL_SYMMETRIC_ABS_RESIDUAL,0.8,,0,0,0,,2025-05-01T00:00:00,RETROSPECTIVE_REPLAY,False,INSUFFICIENT_CALIBRATION_HISTORY,2025-06-01T00:00:00,PERSISTENCE,El forecast mantiene el nivel de actividad registrado en su origen: persistencia fue seleccionada por su desempeño retrospectivo. Las señales contextuales no modifican esta predicción.,growth_1,trend_3,NONE,crecimiento reciente: 6.93% (contexto no causal),0.0693392173709286,POSITIVE,tendencia trimestral: -234.50 endpoints/mes (contexto no causal),-234.5,NEGATIVE,SIN_DATO,,UNAVAILABLE,False,,Las señales espaciales no están disponibles para este origen; el contexto no implica causalidad. Catálogo de estaciones sin vigencia histórica verificada. Pronóstico retrospectivo; no es una corrida futura común. Historia insuficiente para un intervalo.,2.0-phase6-persistence-context
col_075ade1e8b735efcac21da8802b37c0a,Obrero Popular,2026-07,1,2026-08,1657.0,1657.0,0.0,0.0,NEUTRAL,PERSISTENCE,VALIDATED_SHORT_TERM,VALIDATED_FORECAST,v2_zero_endpoint_threshold,station_endpoints_per_calendar_month,612.0,2702.0,2090.0,CONFORMAL_SYMMETRIC_ABS_RESIDUAL,0.8,0.7463284379172229,749,911,15,2026-06-01,2026-07-01T00:00:00,RETROSPECTIVE_REPLAY,False,CALIBRATED,2026-08-01T00:00:00,PERSISTENCE,El forecast mantiene el nivel de actividad registrado en su origen: persistencia fue seleccionada por su desempeño retrospectivo. Las señales contextuales no modifican esta predicción.,growth_1,trend_3,neighbor_growth_lag1,crecimiento reciente: -8.20% (contexto no causal),-0.081994459833795,NEGATIVE,tendencia trimestral: -180.00 endpoints/mes (contexto no causal),-180.0,NEGATIVE,crecimiento vecinal reciente: 2.91% (contexto no causal),0.029101241796589,POSITIVE,True,1.0,Las señales vecinales son contextuales y no implican causalidad; la geometría y disponibilidad espacial son parciales. Catálogo de estaciones sin vigencia histórica verificada. Pronóstico retrospectivo; no es una corrida futura común.,2.0-phase6-persistence-context
col_075ade1e8b735efcac21da8802b37c0a,Obrero Popular,2026-05,3,2026-08,2017.0,2017.0,0.0,0.0,NEUTRAL,PERSISTENCE,VALIDATED_WITH_CAUTION,VALIDATED_FORECAST,v2_zero_endpoint_threshold,station_endpoints_per_calendar_month,739.0,3295.0,2556.0,CONFORMAL_SYMMETRIC_ABS_RESIDUAL,0.8,0.8016359918200409,489,780,13,2026-04-01,2026-05-01T00:00:00,RETROSPECTIVE_REPLAY,False,CALIBRATED,2026-06-01T00:00:00,PERSISTENCE,El forecast mantiene el nivel de actividad registrado en su origen: persistencia fue seleccionada por su desempeño retrospectivo. Las señales contextuales no modifican esta predicción.,growth_1,trend_3,neighbor_growth_lag1,crecimiento reciente: -1.90% (contexto no causal),-0.0189688715953307,NEGATIVE,tendencia trimestral: 6.00 endpoints/mes (contexto no causal),6.0,POSITIVE,crecimiento vecinal reciente: -1.81% (contexto no causal),-0.0181065301493578,NEGATIVE,True,1.0,Las señales vecinales son contextuales y no implican causalidad; la geometría y disponibilidad espacial son parciales. Catálogo de estaciones sin vigencia histórica verificada. Pronóstico retrospectivo; no es una corrida futura común.,2.0-phase6-persistence-context
col_075ade1e8b735efcac21da8802b37c0a,Obrero Popular,2026-01,6,2026-07,2028.0,2028.0,0.0,0.0,NEUTRAL,PERSISTENCE,VALIDATED_WITH_CAUTION,VALIDATED_FORECAST,v2_zero_endpoint_threshold,station_endpoints_per_calendar_month,683.0,3373.0,2690.0,CONFORMAL_SYMMETRIC_ABS_RESIDUAL,0.8,0.8070175438596491,57,502,8,2025-12-01,2026-01-01T00:00:00,RETROSPECTIVE_REPLAY,False,CALIBRATED,2026-02-01T00:00:00,PERSISTENCE,El forecast mantiene el nivel de actividad registrado en su origen: persistencia fue seleccionada por su desempeño retrospectivo. Las señales contextuales no modifican esta predicción.,growth_1,trend_3,neighbor_growth_lag1,crecimiento reciente: 9.33% (contexto no causal),0.0932614555256064,POSITIVE,tendencia trimestral: 6.00 endpoints/mes (contexto no causal),6.0,POSITIVE,crecimiento vecinal reciente: 2.74% (contexto no causal),0.0274125797359305,POSITIVE,True,1.0,Las señales vecinales son contextuales y no implican causalidad; la geometría y disponibilidad espacial son parciales. Catálogo de estaciones sin vigencia histórica verificada. Pronóstico retrospectivo; no es una corrida futura común.,2.0-phase6-persistence-context
col_075ade1e8b735efcac21da8802b37c0a,Obrero Popular,2025-08,12,2026-08,2036.0,2036.0,0.0,0.0,NEUTRAL,PERSISTENCE,VALIDATED_WITH_CAUTION,VALIDATED_FORECAST,v2_zero_endpoint_threshold,station_endpoints_per_calendar_month,0.0,4317.0,4317.0,CONFORMAL_SYMMETRIC_ABS_RESIDUAL,0.8,,0,165,3,2025-07-01,2025-08-01T00:00:00,RETROSPECTIVE_REPLAY,True,CALIBRATED,2025-09-01T00:00:00,PERSISTENCE,El forecast mantiene el nivel de actividad registrado en su origen: persistencia fue seleccionada por su desempeño retrospectivo. Las señales contextuales no modifican esta predicción.,growth_1,trend_3,neighbor_growth_lag1,crecimiento reciente: -2.02% (contexto no causal),-0.0202117420596727,NEGATIVE,tendencia trimestral: 114.00 endpoints/mes (contexto no causal),114.0,POSITIVE,crecimiento vecinal reciente: -7.60% (contexto no causal),-0.0759908310630604,NEGATIVE,True,0.6666666666666666,Las señales vecinales son contextuales y no implican causalidad; la geometría y disponibilidad espacial son parciales. Catálogo de estaciones sin vigencia histórica verificada. Pronóstico retrospectivo; no es una corrida futura común.,2.0-phase6-persistence-context
col_0d7a0b5c2d6b5f31bd586ed063d99183,San Alvaro,2026-07,1,2026-08,3475.0,3475.0,0.0,0.0,NEUTRAL,PERSISTENCE,VALIDATED_SHORT_TERM,VALIDATED_FORECAST,v2_zero_endpoint_threshold,station_endpoints_per_calendar_month,2430.0,4520.0,2090.0,CONFORMAL_SYMMETRIC_ABS_RESIDUAL,0.8,0.7463284379172229,749,911,15,2026-06-01,2026-07-01T00:00:00,RETROSPECTIVE_REPLAY,False,CALIBRATED,2026-08-01T00:00:00,PERSISTENCE,El forecast mantiene el nivel de actividad registrado en su origen: persistencia fue seleccionada por su desempeño retrospectivo. Las señales contextuales no modifican esta predicción.,growth_1,trend_3,neighbor_growth_lag1,crecimiento reciente: 6.04% (contexto no causal),0.0604211168751907,POSITIVE,tendencia trimestral: -20.00 endpoints/mes (contexto no causal),-20.0,NEGATIVE,crecimiento vecinal reciente: 4.10% (contexto no causal),0.0409538138850613,POSITIVE,True,0.6666666666666666,Las señales vecinales son contextuales y no implican causalidad; la geometría y disponibilidad espacial son parciales. Catálogo de estaciones sin vigencia histórica verificada. Pronóstico retrospectivo; no es una corrida futura común.,2.0-phase6-persistence-context
col_0d7a0b5c2d6b5f31bd586ed063d99183,San Alvaro,2026-05,3,2026-08,3515.0,3515.0,0.0,0.0,NEUTRAL,PERSISTENCE,VALIDATED_WITH_CAUTION,VALIDATED_FORECAST,v2_zero_endpoint_threshold,station_endpoints_per_calendar_month,2237.0,4793.0,2556.0,CONFORMAL_SYMMETRIC_ABS_RESIDUAL,0.8,0.8016359918200409,489,780,13,2026-04-01,2026-05-01T00:00:00,RETROSPECTIVE_REPLAY,False,CALIBRATED,2026-06-01T00:00:00,PERSISTENCE,El forecast mantiene el nivel de actividad registrado en su origen: persistencia fue seleccionada por su desempeño retrospectivo. Las señales contextuales no modifican esta predicción.,growth_1,trend_3,neighbor_growth_lag1,crecimiento reciente: -1.84% (contexto no causal),-0.0184306059759843,NEGATIVE,tendencia trimestral: -46.50 endpoints/mes (contexto no causal),-46.5,NEGATIVE,crecimiento vecinal reciente: -2.81% (contexto no causal),-0.0280559636498639,NEGATIVE,True,1.0,Las señales vecinales son contextuales y no implican causalidad; la geometría y disponibilidad espacial son parciales. Catálogo de estaciones sin vigencia histórica verificada. Pronóstico retrospectivo; no es una corrida futura común.,2.0-phase6-persistence-context
col_0d7a0b5c2d6b5f31bd586ed063d99183,San Alvaro,2025-12,6,2026-06,3476.0,3476.0,0.0,0.0,NEUTRAL,PERSISTENCE,VALIDATED_WITH_CAUTION,VALIDATED_FORECAST,v2_zero_endpoint_threshold,station_endpoints_per_calendar_month,2130.0,4822.0,2692.0,CONFORMAL_SYMMETRIC_ABS_RESIDUAL,0.8,,0,442,7,2025-11-01,2025-12-01T00:00:00,RETROSPECTIVE_REPLAY,False,CALIBRATED,2026-01-01T00:00:00,PERSISTENCE,El forecast mantiene el nivel de actividad registrado en su origen: persistencia fue seleccionada por su desempeño retrospectivo. Las señales contextuales no modifican esta predicción.,growth_1,trend_3,neighbor_growth_lag1,crecimiento reciente: -3.98% (contexto no causal),-0.0397790055248618,NEGATIVE,tendencia trimestral: -251.00 endpoints/mes (contexto no causal),-251.0,NEGATIVE,crecimiento vecinal reciente: -8.70% (contexto no causal),-0.0869553759948363,NEGATIVE,True,1.0,Las señales vecinales son contextuales y no implican causalidad; la geometría y disponibilidad espacial son parciales. Catálogo de estaciones sin vigencia histórica verificada. Pronóstico retrospectivo; no es una corrida futura común.,2.0-phase6-persistence-context
col_0d7a0b5c2d6b5f31bd586ed063d99183,San Alvaro,2025-07,12,2026-07,3933.0,3933.0,0.0,0.0,NEUTRAL,PERSISTENCE,VALIDATED_WITH_CAUTION,VALIDATED_FORECAST,v2_zero_endpoint_threshold,station_endpoints_per_calendar_month,1568.0,6298.0,4730.0,CONFORMAL_SYMMETRIC_ABS_RESIDUAL,0.8,,0,100,2,2025-06-01,2025-07-01T00:00:00,RETROSPECTIVE_REPLAY,False,CALIBRATED,2025-08-01T00:00:00,PERSISTENCE,El forecast mantiene el nivel de actividad registrado en su origen: persistencia fue seleccionada por su desempeño retrospectivo. Las señales contextuales no modifican esta predicción.,growth_1,trend_3,neighbor_growth_lag1,crecimiento reciente: 6.50% (contexto no causal),0.0649878147847278,POSITIVE,tendencia trimestral: -78.50 endpoints/mes (contexto no causal),-78.5,NEGATIVE,crecimiento vecinal reciente: 16.17% (contexto no causal),0.161657676170905,POSITIVE,True,0.3333333333333333,Las señales vecinales son contextuales y no implican causalidad; la geometría y disponibilidad espacial son parciales. Catálogo de estaciones sin vigencia histórica verificada. Pronóstico retrospectivo; no es una corrida futura común.,2.0-phase6-persistence-context
col_0f6878a834535080af77fae943ae9b95,Tabacalera,2024-09,6,2025-03,66133.0,66133.0,0.0,0.0,NEUTRAL,PERSISTENCE,VALIDATED_WITH_CAUTION,VALIDATED_FORECAST,v2_zero_endpoint_threshold,station_endpoints_per_calendar_month,,,,CONFORMAL_SYMMETRIC_ABS_RESIDUAL,0.8,,0,0,0,,2024-09-01T00:00:00,RETROSPECTIVE_REPLAY,False,INSUFFICIENT_CALIBRATION_HISTORY,2024-10-01T00:00:00,PERSISTENCE,El forecast mantiene el nivel de actividad registrado en su origen: persistencia fue seleccionada por su desempeño retrospectivo. Las señales contextuales no modifican esta predicción.,growth_1,trend_3,neighbor_growth_lag1,crecimiento reciente: -1.81% (contexto no causal),-0.0181135212982346,NEGATIVE,tendencia trimestral: 1405.50 endpoints/mes (contexto no causal),1405.5,POSITIVE,crecimiento vecinal reciente: -0.46% (contexto no causal),-0.0045697665796955,NEGATIVE,True,1.0,Las señales vecinales son contextuales y no implican causalidad; la geometría y disponibilidad espacial son parciales. Catálogo de estaciones sin vigencia histórica verificada. Pronóstico retrospectivo; no es una corrida futura común. Historia insuficiente para un intervalo.,2.0-phase6-persistence-context
col_0f6878a834535080af77fae943ae9b95,Tabacalera,2024-09,12,2025-09,66133.0,66133.0,0.0,0.0,NEUTRAL,PERSISTENCE,VALIDATED_WITH_CAUTION,VALIDATED_FORECAST,v2_zero_endpoint_threshold,station_endpoints_per_calendar_month,,,,CONFORMAL_SYMMETRIC_ABS_RESIDUAL,0.8,,0,0,0,,2024-09-01T00:00:00,RETROSPECTIVE_REPLAY,False,INSUFFICIENT_CALIBRATION_HISTORY,2024-10-01T00:00:00,PERSISTENCE,El forecast mantiene el nivel de actividad registrado en su origen: persistencia fue seleccionada por su desempeño retrospectivo. Las señales contextuales no modifican esta predicción.,growth_1,trend_3,neighbor_growth_lag1,crecimiento reciente: -1.81% (contexto no causal),-0.0181135212982346,NEGATIVE,tendencia trimestral: 1405.50 endpoints/mes (contexto no causal),1405.5,POSITIVE,crecimiento vecinal reciente: -0.46% (contexto no causal),-0.0045697665796955,NEGATIVE,True,1.0,Las señales vecinales son contextuales y no implican causalidad; la geometría y disponibilidad espacial son parciales. Catálogo de estaciones sin vigencia histórica verificada. Pronóstico retrospectivo; no es una corrida futura común. Historia insuficiente para un intervalo.,2.0-phase6-persistence-context
col_145462232cb0506eac0d954b79bb4e67,Tlatilco,2026-06,1,2026-07,6695.0,6695.0,0.0,0.0,NEUTRAL,PERSISTENCE,VALIDATED_SHORT_TERM,VALIDATED_FORECAST,v2_zero_endpoint_threshold,station_endpoints_per_calendar_month,5624.0,7766.0,2142.0,CONFORMAL_SYMMETRIC_ABS_RESIDUAL,0.8,0.7312775330396476,681,843,14,2026-05-01,2026-06-01T00:00:00,RETROSPECTIVE_REPLAY,False,CALIBRATED,2026-07-01T00:00:00,PERSISTENCE,El forecast mantiene el nivel de actividad registrado en su origen: persistencia fue seleccionada por su desempeño retrospectivo. Las señales contextuales no modifican esta predicción.,growth_1,trend_3,neighbor_growth_lag1,crecimiento reciente: -3.15% (contexto no causal),-0.0315347895269781,NEGATIVE,tendencia trimestral: 64.00 endpoints/mes (contexto no causal),64.0,POSITIVE,crecimiento vecinal reciente: 0.92% (contexto no causal),0.0091807909604519,POSITIVE,True,0.3333333333333333,Las señales vecinales son contextuales y no implican causalidad; la geometría y disponibilidad espacial son parciales. Catálogo de estaciones sin vigencia histórica verificada. Pronóstico retrospectivo; no es una corrida futura común.,2.0-phase6-persistence-context
col_145462232cb0506eac0d954b79bb4e67,Tlatilco,2026-05,3,2026-08,6913.0,6913.0,0.0,0.0,NEUTRAL,PERSISTENCE,VALIDATED_WITH_CAUTION,VALIDATED_FORECAST,v2_zero_endpoint_threshold,station_endpoints_per_calendar_month,5635.0,8191.0,2556.0,CONFORMAL_SYMMETRIC_ABS_RESIDUAL,0.8,0.8016359918200409,489,780,13,2026-04-01,2026-05-01T00:00:00,RETROSPECTIVE_REPLAY,False,CALIBRATED,2026-06-01T00:00:00,PERSISTENCE,El forecast mantiene el nivel de actividad registrado en su origen: persistencia fue seleccionada por su desempeño retrospectivo. Las señales contextuales no modifican esta predicción.,growth_1,trend_3,neighbor_growth_lag1,crecimiento reciente: 5.27% (contexto no causal),0.0526876808283843,POSITIVE,tendencia trimestral: -45.50 endpoints/mes (contexto no causal),-45.5,NEGATIVE,crecimiento vecinal reciente: -0.78% (contexto no causal),-0.0077924766687807,NEGATIVE,True,1.0,Las señales vecinales son contextuales y no implican causalidad; la geometría y disponibilidad espacial son parciales. Catálogo de estaciones sin vigencia histórica verificada. Pronóstico retrospectivo; no es una corrida futura común.,2.0-phase6-persistence-context
col_145462232cb0506eac0d954b79bb4e67,Tlatilco,2026-02,6,2026-08,6090.0,6090.0,0.0,0.0,NEUTRAL,PERSISTENCE,VALIDATED_WITH_CAUTION,VALIDATED_FORECAST,v2_zero_endpoint_threshold,station_endpoints_per_calendar_month,4749.0,7431.0,2682.0,CONFORMAL_SYMMETRIC_ABS_RESIDUAL,0.8,0.8095238095238095,126,571,9,2026-01-01,2026-02-01T00:00:00,RETROSPECTIVE_REPLAY,False,CALIBRATED,2026-03-01T00:00:00,PERSISTENCE,El forecast mantiene el nivel de actividad registrado en su origen: persistencia fue seleccionada por su desempeño retrospectivo. Las señales contextuales no modifican esta predicción.,growth_1,trend_3,neighbor_growth_lag1,crecimiento reciente: -0.85% (contexto no causal),-0.0084662976229241,NEGATIVE,tendencia trimestral: -86.00 endpoints/mes (contexto no causal),-86.0,NEGATIVE,crecimiento vecinal reciente: 5.83% (contexto no causal),0.0582541582733045,POSITIVE,True,1.0,Las señales vecinales son contextuales y no implican causalidad; la geometría y disponibilidad espacial son parciales. Catálogo de estaciones sin vigencia histórica verificada. Pronóstico retrospectivo; no es una corrida futura común.,2.0-phase6-persistence-context
col_145462232cb0506eac0d954b79bb4e67,Tlatilco,2025-08,12,2026-08,6187.0,6187.0,0.0,0.0,NEUTRAL,PERSISTENCE,VALIDATED_WITH_CAUTION,VALIDATED_FORECAST,v2_zero_endpoint_threshold,station_endpoints_per_calendar_month,3906.0,8468.0,4562.0,CONFORMAL_SYMMETRIC_ABS_RESIDUAL,0.8,,0,165,3,2025-07-01,2025-08-01T00:00:00,RETROSPECTIVE_REPLAY,False,CALIBRATED,2025-09-01T00:00:00,PERSISTENCE,El forecast mantiene el nivel de actividad registrado en su origen: persistencia fue seleccionada por su desempeño retrospectivo. Las señales contextuales no modifican esta predicción.,growth_1,trend_3,neighbor_growth_lag1,crecimiento reciente: -1.93% (contexto no causal),-0.0193374544301791,NEGATIVE,tendencia trimestral: 35.50 endpoints/mes (contexto no causal),35.5,POSITIVE,crecimiento vecinal reciente: -5.08% (contexto no causal),-0.0507890197538045,NEGATIVE,True,1.0,Las señales vecinales son contextuales y no implican causalidad; la geometría y disponibilidad espacial son parciales. Catálogo de estaciones sin vigencia histórica verificada. Pronóstico retrospectivo; no es una corrida futura común.,2.0-phase6-persistence-context
col_175c1726756a5dda90d2345c13795848,Angel Zimbron,2026-07,1,2026-08,6874.0,6874.0,0.0,0.0,NEUTRAL,PERSISTENCE,VALIDATED_SHORT_TERM,VALIDATED_FORECAST,v2_zero_endpoint_threshold,station_endpoints_per_calendar_month,5829.0,7919.0,2090.0,CONFORMAL_SYMMETRIC_ABS_RESIDUAL,0.8,0.7463284379172229,749,911,15,2026-06-01,2026-07-01T00:00:00,RETROSPECTIVE_REPLAY,False,CALIBRATED,2026-08-01T00:00:00,PERSISTENCE,El forecast mantiene el nivel de actividad registrado en su origen: persistencia fue seleccionada por su desempeño retrospectivo. Las señales contextuales no modifican esta predicción.,growth_1,trend_3,neighbor_growth_lag1,crecimiento reciente: 7.74% (contexto no causal),0.0774294670846394,POSITIVE,tendencia trimestral: -110.00 endpoints/mes (contexto no causal),-110.0,NEGATIVE,crecimiento vecinal reciente: 1.77% (contexto no causal),0.0177243234689033,POSITIVE,True,0.5,Las señales vecinales son contextuales y no implican causalidad; la geometría y disponibilidad espacial son parciales. Catálogo de estaciones sin vigencia histórica verificada. Pronóstico retrospectivo; no es una corrida futura común.,2.0-phase6-persistence-context
col_175c1726756a5dda90d2345c13795848,Angel Zimbron,2026-05,3,2026-08,7094.0,7094.0,0.0,0.0,NEUTRAL,PERSISTENCE,VALIDATED_WITH_CAUTION,VALIDATED_FORECAST,v2_zero_endpoint_threshold,station_endpoints_per_calendar_month,5816.0,8372.0,2556.0,CONFORMAL_SYMMETRIC_ABS_RESIDUAL,0.8,0.8016359918200409,489,780,13,2026-04-01,2026-05-01T00:00:00,RETROSPECTIVE_REPLAY,False,CALIBRATED,2026-06-01T00:00:00,PERSISTENCE,El forecast mantiene el nivel de actividad registrado en su origen: persistencia fue seleccionada por su desempeño retrospectivo. Las señales contextuales no modifican esta predicción.,growth_1,trend_3,neighbor_growth_lag1,crecimiento reciente: 0.08% (contexto no causal),0.0008465011286681,POSITIVE,tendencia trimestral: -195.00 endpoints/mes (contexto no causal),-195.0,NEGATIVE,crecimiento vecinal reciente: -3.67% (contexto no causal),-0.036711415596534,NEGATIVE,True,1.0,Las señales vecinales son contextuales y no implican causalidad; la geometría y disponibilidad espacial son parciales. Catálogo de estaciones sin vigencia histórica verificada. Pronóstico retrospectivo; no es una corrida futura común.,2.0-phase6-persistence-context
col_175c1726756a5dda90d2345c13795848,Angel Zimbron,2026-01,6,2026-07,6705.0,6705.0,0.0,0.0,NEUTRAL,PERSISTENCE,VALIDATED_WITH_CAUTION,VALIDATED_FORECAST,v2_zero_endpoint_threshold,station_endpoints_per_calendar_month,5360.0,8050.0,2690.0,CONFORMAL_SYMMETRIC_ABS_RESIDUAL,0.8,0.8070175438596491,57,502,8,2025-12-01,2026-01-01T00:00:00,RETROSPECTIVE_REPLAY,False,CALIBRATED,2026-02-01T00:00:00,PERSISTENCE,El forecast mantiene el nivel de actividad registrado en su origen: persistencia fue seleccionada por su desempeño retrospectivo. Las señales contextuales no modifican esta predicción.,growth_1,trend_3,neighbor_growth_lag1,crecimiento reciente: 7.81% (contexto no causal),0.0781476121562952,POSITIVE,tendencia trimestral: -84.00 endpoints/mes (contexto no causal),-84.0,NEGATIVE,crecimiento vecinal reciente: 7.50% (contexto no causal),0.074954125254594,POSITIVE,True,1.0,Las señales vecinales son contextuales y no implican causalidad; la geometría y disponibilidad espacial son parciales. Catálogo de estaciones sin vigencia histórica verificada. Pronóstico retrospectivo; no es una corrida futura común.,2.0-phase6-persistence-context
col_175c1726756a5dda90d2345c13795848,Angel Zimbron,2025-07,12,2026-07,7367.0,7367.0,0.0,0.0,NEUTRAL,PERSISTENCE,VALIDATED_WITH_CAUTION,VALIDATED_FORECAST,v2_zero_endpoint_threshold,station_endpoints_per_calendar_month,5002.0,9732.0,4730.0,CONFORMAL_SYMMETRIC_ABS_RESIDUAL,0.8,,0,100,2,2025-06-01,2025-07-01T00:00:00,RETROSPECTIVE_REPLAY,False,CALIBRATED,2025-08-01T00:00:00,PERSISTENCE,El forecast mantiene el nivel de actividad registrado en su origen: persistencia fue seleccionada por su desempeño retrospectivo. Las señales contextuales no modifican esta predicción.,growth_1,trend_3,neighbor_growth_lag1,crecimiento reciente: 16.03% (contexto no causal),0.1603402110568593,POSITIVE,tendencia trimestral: 79.50 endpoints/mes (contexto no causal),79.5,POSITIVE,crecimiento vecinal reciente: 12.45% (contexto no causal),0.1245464546657634,POSITIVE,True,1.0,Las señales vecinales son contextuales y no implican causalidad; la geometría y disponibilidad espacial son parciales. Catálogo de estaciones sin vigencia histórica verificada. Pronóstico retrospectivo; no es una corrida futura común.,2.0-phase6-persistence-context
col_19663fbe37bd50ee8eff60a93705eb35,Nextitla,2026-06,1,2026-07,5095.0,5095.0,0.0,0.0,NEUTRAL,PERSISTENCE,VALIDATED_SHORT_TERM,VALIDATED_FORECAST,v2_zero_endpoint_threshold,station_endpoints_per_calendar_month,4024.0,6166.0,2142.0,CONFORMAL_SYMMETRIC_ABS_RESIDUAL,0.8,0.7312775330396476,681,843,14,2026-05-01,2026-06-01T00:00:00,RETROSPECTIVE_REPLAY,False,CALIBRATED,2026-07-01T00:00:00,PERSISTENCE,El forecast mantiene el nivel de actividad registrado en su origen: persistencia fue seleccionada por su desempeño retrospectivo. Las señales contextuales no modifican esta predicción.,growth_1,trend_3,NONE,crecimiento reciente: -13.78% (contexto no causal),-0.1377559654763919,NEGATIVE,tendencia trimestral: -379.50 endpoints/mes (contexto no causal),-379.5,NEGATIVE,SIN_DATO,,UNAVAILABLE,False,,Las señales espaciales no están disponibles para este origen; el contexto no implica causalidad. Catálogo de estaciones sin vigencia histórica verificada. Pronóstico retrospectivo; no es una corrida futura común.,2.0-phase6-persistence-context
col_19663fbe37bd50ee8eff60a93705eb35,Nextitla,2026-05,3,2026-08,5909.0,5909.0,0.0,0.0,NEUTRAL,PERSISTENCE,VALIDATED_WITH_CAUTION,VALIDATED_FORECAST,v2_zero_endpoint_threshold,station_endpoints_per_calendar_month,4631.0,7187.0,2556.0,CONFORMAL_SYMMETRIC_ABS_RESIDUAL,0.8,0.8016359918200409,489,780,13,2026-04-01,2026-05-01T00:00:00,RETROSPECTIVE_REPLAY,False,CALIBRATED,2026-06-01T00:00:00,PERSISTENCE,El forecast mantiene el nivel de actividad registrado en su origen: persistencia fue seleccionada por su desempeño retrospectivo. Las señales contextuales no modifican esta predicción.,growth_1,trend_3,NONE,crecimiento reciente: 0.94% (contexto no causal),0.0093952852750256,POSITIVE,tendencia trimestral: -234.50 endpoints/mes (contexto no causal),-234.5,NEGATIVE,SIN_DATO,,UNAVAILABLE,False,,Las señales espaciales no están disponibles para este origen; el contexto no implica causalidad. Catálogo de estaciones sin vigencia histórica verificada. Pronóstico retrospectivo; no es una corrida futura común.,2.0-phase6-persistence-context
col_19663fbe37bd50ee8eff60a93705eb35,Nextitla,2026-02,6,2026-08,5333.0,5333.0,0.0,0.0,NEUTRAL,PERSISTENCE,VALIDATED_WITH_CAUTION,VALIDATED_FORECAST,v2_zero_endpoint_threshold,station_endpoints_per_calendar_month,3992.0,6674.0,2682.0,CONFORMAL_SYMMETRIC_ABS_RESIDUAL,0.8,0.8095238095238095,126,571,9,2026-01-01,2026-02-01T00:00:00,RETROSPECTIVE_REPLAY,False,CALIBRATED,2026-03-01T00:00:00,PERSISTENCE,El forecast mantiene el nivel de actividad registrado en su origen: persistencia fue seleccionada por su desempeño retrospectivo. Las señales contextuales no modifican esta predicción.,growth_1,trend_3,NONE,crecimiento reciente: -2.56% (contexto no causal),-0.025580120591997,NEGATIVE,tendencia trimestral: 530.00 endpoints/mes (contexto no causal),530.0,POSITIVE,SIN_DATO,,UNAVAILABLE,False,,Las señales espaciales no están disponibles para este origen; el contexto no implica causalidad. Catálogo de estaciones sin vigencia histórica verificada. Pronóstico retrospectivo; no es una corrida futura común.,2.0-phase6-persistence-context
col_19663fbe37bd50ee8eff60a93705eb35,Nextitla,2025-08,12,2026-08,4800.0,4800.0,0.0,0.0,NEUTRAL,PERSISTENCE,VALIDATED_WITH_CAUTION,VALIDATED_FORECAST,v2_zero_endpoint_threshold,station_endpoints_per_calendar_month,2519.0,7081.0,4562.0,CONFORMAL_SYMMETRIC_ABS_RESIDUAL,0.8,,0,165,3,2025-07-01,2025-08-01T00:00:00,RETROSPECTIVE_REPLAY,False,CALIBRATED,2025-09-01T00:00:00,PERSISTENCE,El forecast mantiene el nivel de actividad registrado en su origen: persistencia fue seleccionada por su desempeño retrospectivo. Las señales contextuales no modifican esta predicción.,growth_1,trend_3,NONE,crecimiento reciente: -6.45% (contexto no causal),-0.0645098421360358,NEGATIVE,tendencia trimestral: -73.50 endpoints/mes (contexto no causal),-73.5,NEGATIVE,SIN_DATO,,UNAVAILABLE,False,,Las señales espaciales no están disponibles para este origen; el contexto no implica causalidad. Catálogo de estaciones sin vigencia histórica verificada. Pronóstico retrospectivo; no es una corrida futura común.,2.0-phase6-persistence-context
col_1fd836f8991b530f861257d28b0cb970,Agricola,2026-07,1,2026-08,1505.0,1505.0,0.0,0.0,NEUTRAL,PERSISTENCE,VALIDATED_SHORT_TERM,VALIDATED_FORECAST,v2_zero_endpoint_threshold,station_endpoints_per_calendar_month,460.0,2550.0,2090.0,CONFORMAL_SYMMETRIC_ABS_RESIDUAL,0.8,0.7463284379172229,749,911,15,2026-06-01,2026-07-01T00:00:00,RETROSPECTIVE_REPLAY,False,CALIBRATED,2026-08-01T00:00:00,PERSISTENCE,El forecast mantiene el nivel de actividad registrado en su origen: persistencia fue seleccionada por su desempeño retrospectivo. Las señales contextuales no modifican esta predicción.,growth_1,trend_3,NONE,crecimiento reciente: 5.84% (contexto no causal),0.0583684950773558,POSITIVE,tendencia trimestral: -70.50 endpoints/mes (contexto no causal),-70.5,NEGATIVE,SIN_DATO,,UNAVAILABLE,False,,Las señales espaciales no están disponibles para este origen; el contexto no implica causalidad. Catálogo de estaciones sin vigencia histórica verificada. Pronóstico retrospectivo; no es una corrida futura común.,2.0-phase6-persistence-context
col_1fd836f8991b530f861257d28b0cb970,Agricola,2026-05,3,2026-08,1646.0,1646.0,0.0,0.0,NEUTRAL,PERSISTENCE,VALIDATED_WITH_CAUTION,VALIDATED_FORECAST,v2_zero_endpoint_threshold,station_endpoints_per_calendar_month,368.0,2924.0,2556.0,CONFORMAL_SYMMETRIC_ABS_RESIDUAL,0.8,0.8016359918200409,489,780,13,2026-04-01,2026-05-01T00:00:00,RETROSPECTIVE_REPLAY,False,CALIBRATED,2026-06-01T00:00:00,PERSISTENCE,El forecast mantiene el nivel de actividad registrado en su origen: persistencia fue seleccionada por su desempeño retrospectivo. Las señales contextuales no modifican esta predicción.,growth_1,trend_3,NONE,crecimiento reciente: 6.33% (contexto no causal),0.0633074935400516,POSITIVE,tendencia trimestral: -50.50 endpoints/mes (contexto no causal),-50.5,NEGATIVE,SIN_DATO,,UNAVAILABLE,False,,Las señales espaciales no están disponibles para este origen; el contexto no implica causalidad. Catálogo de estaciones sin vigencia histórica verificada. Pronóstico retrospectivo; no es una corrida futura común.,2.0-phase6-persistence-context
col_1fd836f8991b530f861257d28b0cb970,Agricola,2026-02,6,2026-08,1681.0,1681.0,0.0,0.0,NEUTRAL,PERSISTENCE,VALIDATED_WITH_CAUTION,VALIDATED_FORECAST,v2_zero_endpoint_threshold,station_endpoints_per_calendar_month,340.0,3022.0,2682.0,CONFORMAL_SYMMETRIC_ABS_RESIDUAL,0.8,0.8095238095238095,126,571,9,2026-01-01,2026-02-01T00:00:00,RETROSPECTIVE_REPLAY,False,CALIBRATED,2026-03-01T00:00:00,PERSISTENCE,El forecast mantiene el nivel de actividad registrado en su origen: persistencia fue seleccionada por su desempeño retrospectivo. Las señales contextuales no modifican esta predicción.,growth_1,trend_3,NONE,crecimiento reciente: -9.67% (contexto no causal),-0.0967221923696937,NEGATIVE,tendencia trimestral: -13.50 endpoints/mes (contexto no causal),-13.5,NEGATIVE,SIN_DATO,,UNAVAILABLE,False,,Las señales espaciales no están disponibles para este origen; el contexto no implica causalidad. Catálogo de estaciones sin vigencia histórica verificada. Pronóstico retrospectivo; no es una corrida futura común.,2.0-phase6-persistence-context
col_1fd836f8991b530f861257d28b0cb970,Agricola,2025-08,12,2026-08,1775.0,1775.0,0.0,0.0,NEUTRAL,PERSISTENCE,VALIDATED_WITH_CAUTION,VALIDATED_FORECAST,v2_zero_endpoint_threshold,station_endpoints_per_calendar_month,0.0,4056.0,4056.0,CONFORMAL_SYMMETRIC_ABS_RESIDUAL,0.8,,0,165,3,2025-07-01,2025-08-01T00:00:00,RETROSPECTIVE_REPLAY,True,CALIBRATED,2025-09-01T00:00:00,PERSISTENCE,El forecast mantiene el nivel de actividad registrado en su origen: persistencia fue seleccionada por su desempeño retrospectivo. Las señales contextuales no modifican esta predicción.,growth_1,trend_3,NONE,crecimiento reciente: -0.67% (contexto no causal),-0.0067151650811415,NEGATIVE,tendencia trimestral: 115.00 endpoints/mes (contexto no causal),115.0,POSITIVE,SIN_DATO,,UNAVAILABLE,False,,Las señales espaciales no están disponibles para este origen; el contexto no implica causalidad. Catálogo de estaciones sin vigencia histórica verificada. Pronóstico retrospectivo; no es una corrida futura común.,2.0-phase6-persistence-context
col_2006d9e5f6975534a01a4ae3d0063ec1,Plutarco Elias Calles,2026-07,1,2026-08,4669.0,4669.0,0.0,0.0,NEUTRAL,PERSISTENCE,VALIDATED_SHORT_TERM,VALIDATED_FORECAST,v2_zero_endpoint_threshold,station_endpoints_per_calendar_month,3624.0,5714.0,2090.0,CONFORMAL_SYMMETRIC_ABS_RESIDUAL,0.8,0.7463284379172229,749,911,15,2026-06-01,2026-07-01T00:00:00,RETROSPECTIVE_REPLAY,False,CALIBRATED,2026-08-01T00:00:00,PERSISTENCE,El forecast mantiene el nivel de actividad registrado en su origen: persistencia fue seleccionada por su desempeño retrospectivo. Las señales contextuales no modifican esta predicción.,growth_1,trend_3,neighbor_growth_lag1,crecimiento reciente: -41.31% (contexto no causal),-0.413073538654934,NEGATIVE,tendencia trimestral: -1920.50 endpoints/mes (contexto no causal),-1920.5,NEGATIVE,crecimiento vecinal reciente: -25.59% (contexto no causal),-0.2559338255926885,NEGATIVE,True,1.0,Las señales vecinales son contextuales y no implican causalidad; la geometría y disponibilidad espacial son parciales. Catálogo de estaciones sin vigencia histórica verificada. Pronóstico retrospectivo; no es una corrida futura común.,2.0-phase6-persistence-context
col_2006d9e5f6975534a01a4ae3d0063ec1,Plutarco Elias Calles,2026-05,3,2026-08,8510.0,8510.0,0.0,0.0,NEUTRAL,PERSISTENCE,VALIDATED_WITH_CAUTION,VALIDATED_FORECAST,v2_zero_endpoint_threshold,station_endpoints_per_calendar_month,7232.0,9788.0,2556.0,CONFORMAL_SYMMETRIC_ABS_RESIDUAL,0.8,0.8016359918200409,489,780,13,2026-04-01,2026-05-01T00:00:00,RETROSPECTIVE_REPLAY,False,CALIBRATED,2026-06-01T00:00:00,PERSISTENCE,El forecast mantiene el nivel de actividad registrado en su origen: persistencia fue seleccionada por su desempeño retrospectivo. Las señales contextuales no modifican esta predicción.,growth_1,trend_3,neighbor_growth_lag1,crecimiento reciente: -9.02% (contexto no causal),-0.0902287791319221,NEGATIVE,tendencia trimestral: -1429.50 endpoints/mes (contexto no causal),-1429.5,NEGATIVE,crecimiento vecinal reciente: -3.27% (contexto no causal),-0.0327149134743568,NEGATIVE,True,1.0,Las señales vecinales son contextuales y no implican causalidad; la geometría y disponibilidad espacial son parciales. Catálogo de estaciones sin vigencia histórica verificada. Pronóstico retrospectivo; no es una corrida futura común.,2.0-phase6-persistence-context
col_2006d9e5f6975534a01a4ae3d0063ec1,Plutarco Elias Calles,2026-02,6,2026-08,11441.0,11441.0,0.0,0.0,NEUTRAL,PERSISTENCE,VALIDATED_WITH_CAUTION,VALIDATED_FORECAST,v2_zero_endpoint_threshold,station_endpoints_per_calendar_month,10100.0,12782.0,2682.0,CONFORMAL_SYMMETRIC_ABS_RESIDUAL,0.8,0.8095238095238095,126,571,9,2026-01-01,2026-02-01T00:00:00,RETROSPECTIVE_REPLAY,False,CALIBRATED,2026-03-01T00:00:00,PERSISTENCE,El forecast mantiene el nivel de actividad registrado en su origen: persistencia fue seleccionada por su desempeño retrospectivo. Las señales contextuales no modifican esta predicción.,growth_1,trend_3,neighbor_growth_lag1,crecimiento reciente: 68.32% (contexto no causal),0.6832426070325144,POSITIVE,tendencia trimestral: 1591.00 endpoints/mes (contexto no causal),1591.0,POSITIVE,crecimiento vecinal reciente: 33.71% (contexto no causal),0.3371182698673315,POSITIVE,True,1.0,Las señales vecinales son contextuales y no implican causalidad; la geometría y disponibilidad espacial son parciales. Catálogo de estaciones sin vigencia histórica verificada. Pronóstico retrospectivo; no es una corrida futura común.,2.0-phase6-persistence-context
col_2006d9e5f6975534a01a4ae3d0063ec1,Plutarco Elias Calles,2025-08,12,2026-08,6414.0,6414.0,0.0,0.0,NEUTRAL,PERSISTENCE,VALIDATED_WITH_CAUTION,VALIDATED_FORECAST,v2_zero_endpoint_threshold,station_endpoints_per_calendar_month,4133.0,8695.0,4562.0,CONFORMAL_SYMMETRIC_ABS_RESIDUAL,0.8,,0,165,3,2025-07-01,2025-08-01T00:00:00,RETROSPECTIVE_REPLAY,False,CALIBRATED,2025-09-01T00:00:00,PERSISTENCE,El forecast mantiene el nivel de actividad registrado en su origen: persistencia fue seleccionada por su desempeño retrospectivo. Las señales contextuales no modifican esta predicción.,growth_1,trend_3,neighbor_growth_lag1,crecimiento reciente: -1.55% (contexto no causal),-0.0155026861089792,NEGATIVE,tendencia trimestral: -2778.00 endpoints/mes (contexto no causal),-2778.0,NEGATIVE,crecimiento vecinal reciente: 2.43% (contexto no causal),0.0243487118849989,POSITIVE,True,1.0,Las señales vecinales son contextuales y no implican causalidad; la geometría y disponibilidad espacial son parciales. Catálogo de estaciones sin vigencia histórica verificada. Pronóstico retrospectivo; no es una corrida futura común.,2.0-phase6-persistence-context
col_218c753a6a38548aa02718260c2caef7,Del Recreo,2026-06,1,2026-07,1664.0,1664.0,0.0,0.0,NEUTRAL,PERSISTENCE,VALIDATED_SHORT_TERM,VALIDATED_FORECAST,v2_zero_endpoint_threshold,station_endpoints_per_calendar_month,593.0,2735.0,2142.0,CONFORMAL_SYMMETRIC_ABS_RESIDUAL,0.8,0.7312775330396476,681,843,14,2026-05-01,2026-06-01T00:00:00,RETROSPECTIVE_REPLAY,False,CALIBRATED,2026-07-01T00:00:00,PERSISTENCE,El forecast mantiene el nivel de actividad registrado en su origen: persistencia fue seleccionada por su desempeño retrospectivo. Las señales contextuales no modifican esta predicción.,growth_1,trend_3,neighbor_growth_lag1,crecimiento reciente: -7.91% (contexto no causal),-0.079136690647482,NEGATIVE,tendencia trimestral: -141.50 endpoints/mes (contexto no causal),-141.5,NEGATIVE,crecimiento vecinal reciente: -9.77% (contexto no causal),-0.0976776475086744,NEGATIVE,True,0.6666666666666666,Las señales vecinales son contextuales y no implican causalidad; la geometría y disponibilidad espacial son parciales. Catálogo de estaciones sin vigencia histórica verificada. Pronóstico retrospectivo; no es una corrida futura común.,2.0-phase6-persistence-context
col_218c753a6a38548aa02718260c2caef7,Del Recreo,2026-05,3,2026-08,1807.0,1807.0,0.0,0.0,NEUTRAL,PERSISTENCE,VALIDATED_WITH_CAUTION,VALIDATED_FORECAST,v2_zero_endpoint_threshold,station_endpoints_per_calendar_month,529.0,3085.0,2556.0,CONFORMAL_SYMMETRIC_ABS_RESIDUAL,0.8,0.8016359918200409,489,780,13,2026-04-01,2026-05-01T00:00:00,RETROSPECTIVE_REPLAY,False,CALIBRATED,2026-06-01T00:00:00,PERSISTENCE,El forecast mantiene el nivel de actividad registrado en su origen: persistencia fue seleccionada por su desempeño retrospectivo. Las señales contextuales no modifican esta predicción.,growth_1,trend_3,neighbor_growth_lag1,crecimiento reciente: -7.19% (contexto no causal),-0.0719054956343091,NEGATIVE,tendencia trimestral: -4.50 endpoints/mes (contexto no causal),-4.5,NEGATIVE,crecimiento vecinal reciente: 2.75% (contexto no causal),0.0275470236480138,POSITIVE,True,1.0,Las señales vecinales son contextuales y no implican causalidad; la geometría y disponibilidad espacial son parciales. Catálogo de estaciones sin vigencia histórica verificada. Pronóstico retrospectivo; no es una corrida futura común.,2.0-phase6-persistence-context
col_218c753a6a38548aa02718260c2caef7,Del Recreo,2026-02,6,2026-08,1785.0,1785.0,0.0,0.0,NEUTRAL,PERSISTENCE,VALIDATED_WITH_CAUTION,VALIDATED_FORECAST,v2_zero_endpoint_threshold,station_endpoints_per_calendar_month,444.0,3126.0,2682.0,CONFORMAL_SYMMETRIC_ABS_RESIDUAL,0.8,0.8095238095238095,126,571,9,2026-01-01,2026-02-01T00:00:00,RETROSPECTIVE_REPLAY,False,CALIBRATED,2026-03-01T00:00:00,PERSISTENCE,El forecast mantiene el nivel de actividad registrado en su origen: persistencia fue seleccionada por su desempeño retrospectivo. Las señales contextuales no modifican esta predicción.,growth_1,trend_3,neighbor_growth_lag1,crecimiento reciente: 8.05% (contexto no causal),0.0805084745762711,POSITIVE,tendencia trimestral: 134.00 endpoints/mes (contexto no causal),134.0,POSITIVE,crecimiento vecinal reciente: -3.03% (contexto no causal),-0.0303270042194092,NEGATIVE,True,0.3333333333333333,Las señales vecinales son contextuales y no implican causalidad; la geometría y disponibilidad espacial son parciales. Catálogo de estaciones sin vigencia histórica verificada. Pronóstico retrospectivo; no es una corrida futura común.,2.0-phase6-persistence-context
col_218c753a6a38548aa02718260c2caef7,Del Recreo,2025-08,12,2026-08,1677.0,1677.0,0.0,0.0,NEUTRAL,PERSISTENCE,VALIDATED_WITH_CAUTION,VALIDATED_FORECAST,v2_zero_endpoint_threshold,station_endpoints_per_calendar_month,0.0,3958.0,3958.0,CONFORMAL_SYMMETRIC_ABS_RESIDUAL,0.8,,0,165,3,2025-07-01,2025-08-01T00:00:00,RETROSPECTIVE_REPLAY,True,CALIBRATED,2025-09-01T00:00:00,PERSISTENCE,El forecast mantiene el nivel de actividad registrado en su origen: persistencia fue seleccionada por su desempeño retrospectivo. Las señales contextuales no modifican esta predicción.,growth_1,trend_3,neighbor_growth_lag1,crecimiento reciente: -0.12% (contexto no causal),-0.0011911852293031,NEGATIVE,tendencia trimestral: 66.50 endpoints/mes (contexto no causal),66.5,POSITIVE,crecimiento vecinal reciente: -4.09% (contexto no causal),-0.0409385921118322,NEGATIVE,True,0.3333333333333333,Las señales vecinales son contextuales y no implican causalidad; la geometría y disponibilidad espacial son parciales. Catálogo de estaciones sin vigencia histórica verificada. Pronóstico retrospectivo; no es una corrida futura común.,2.0-phase6-persistence-context
col_21faee63d17e537f90a501b5c0313a20,General Pedro Maria Anaya,2026-07,1,2026-08,11958.0,11958.0,0.0,0.0,NEUTRAL,PERSISTENCE,VALIDATED_SHORT_TERM,VALIDATED_FORECAST,v2_zero_endpoint_threshold,station_endpoints_per_calendar_month,10913.0,13003.0,2090.0,CONFORMAL_SYMMETRIC_ABS_RESIDUAL,0.8,0.7463284379172229,749,911,15,2026-06-01,2026-07-01T00:00:00,RETROSPECTIVE_REPLAY,False,CALIBRATED,2026-08-01T00:00:00,PERSISTENCE,El forecast mantiene el nivel de actividad registrado en su origen: persistencia fue seleccionada por su desempeño retrospectivo. Las señales contextuales no modifican esta predicción.,growth_1,trend_3,neighbor_growth_lag1,crecimiento reciente: 10.30% (contexto no causal),0.1030347753897241,POSITIVE,tendencia trimestral: -319.50 endpoints/mes (contexto no causal),-319.5,NEGATIVE,crecimiento vecinal reciente: 14.81% (contexto no causal),0.1480894523683747,POSITIVE,True,0.3333333333333333,Las señales vecinales son contextuales y no implican causalidad; la geometría y disponibilidad espacial son parciales. Catálogo de estaciones sin vigencia histórica verificada. Pronóstico retrospectivo; no es una corrida futura común.,2.0-phase6-persistence-context
col_21faee63d17e537f90a501b5c0313a20,General Pedro Maria Anaya,2026-05,3,2026-08,12597.0,12597.0,0.0,0.0,NEUTRAL,PERSISTENCE,VALIDATED_WITH_CAUTION,VALIDATED_FORECAST,v2_zero_endpoint_threshold,station_endpoints_per_calendar_month,11319.0,13875.0,2556.0,CONFORMAL_SYMMETRIC_ABS_RESIDUAL,0.8,0.8016359918200409,489,780,13,2026-04-01,2026-05-01T00:00:00,RETROSPECTIVE_REPLAY,False,CALIBRATED,2026-06-01T00:00:00,PERSISTENCE,El forecast mantiene el nivel de actividad registrado en su origen: persistencia fue seleccionada por su desempeño retrospectivo. Las señales contextuales no modifican esta predicción.,growth_1,trend_3,neighbor_growth_lag1,crecimiento reciente: 0.33% (contexto no causal),0.0033452807646356,POSITIVE,tendencia trimestral: -279.00 endpoints/mes (contexto no causal),-279.0,NEGATIVE,crecimiento vecinal reciente: -0.96% (contexto no causal),-0.0096297030675349,NEGATIVE,True,0.6666666666666666,Las señales vecinales son contextuales y no implican causalidad; la geometría y disponibilidad espacial son parciales. Catálogo de estaciones sin vigencia histórica verificada. Pronóstico retrospectivo; no es una corrida futura común.,2.0-phase6-persistence-context
col_21faee63d17e537f90a501b5c0313a20,General Pedro Maria Anaya,2026-02,6,2026-08,12321.0,12321.0,0.0,0.0,NEUTRAL,PERSISTENCE,VALIDATED_WITH_CAUTION,VALIDATED_FORECAST,v2_zero_endpoint_threshold,station_endpoints_per_calendar_month,10980.0,13662.0,2682.0,CONFORMAL_SYMMETRIC_ABS_RESIDUAL,0.8,0.8095238095238095,126,571,9,2026-01-01,2026-02-01T00:00:00,RETROSPECTIVE_REPLAY,False,CALIBRATED,2026-03-01T00:00:00,PERSISTENCE,El forecast mantiene el nivel de actividad registrado en su origen: persistencia fue seleccionada por su desempeño retrospectivo. Las señales contextuales no modifican esta predicción.,growth_1,trend_3,neighbor_growth_lag1,crecimiento reciente: 5.24% (contexto no causal),0.0524472537797898,POSITIVE,tendencia trimestral: 1332.50 endpoints/mes (contexto no causal),1332.5,POSITIVE,crecimiento vecinal reciente: 0.35% (contexto no causal),0.0035284224416746,POSITIVE,True,0.6666666666666666,Las señales vecinales son contextuales y no implican causalidad; la geometría y disponibilidad espacial son parciales. Catálogo de estaciones sin vigencia histórica verificada. Pronóstico retrospectivo; no es una corrida futura común.,2.0-phase6-persistence-context
col_21faee63d17e537f90a501b5c0313a20,General Pedro Maria Anaya,2025-08,12,2026-08,13138.0,13138.0,0.0,0.0,NEUTRAL,PERSISTENCE,VALIDATED_WITH_CAUTION,VALIDATED_FORECAST,v2_zero_endpoint_threshold,station_endpoints_per_calendar_month,10857.0,15419.0,4562.0,CONFORMAL_SYMMETRIC_ABS_RESIDUAL,0.8,,0,165,3,2025-07-01,2025-08-01T00:00:00,RETROSPECTIVE_REPLAY,False,CALIBRATED,2025-09-01T00:00:00,PERSISTENCE,El forecast mantiene el nivel de actividad registrado en su origen: persistencia fue seleccionada por su desempeño retrospectivo. Las señales contextuales no modifican esta predicción.,growth_1,trend_3,neighbor_growth_lag1,crecimiento reciente: -2.17% (contexto no causal),-0.021669521185494,NEGATIVE,tendencia trimestral: 347.00 endpoints/mes (contexto no causal),347.0,POSITIVE,crecimiento vecinal reciente: -6.80% (contexto no causal),-0.0679592458477006,NEGATIVE,True,0.6666666666666666,Las señales vecinales son contextuales y no implican causalidad; la geometría y disponibilidad espacial son parciales. Catálogo de estaciones sin vigencia histórica verificada. Pronóstico retrospectivo; no es una corrida futura común.,2.0-phase6-persistence-context
col_296d6268c64b5552821a2eebfad2256f,Lomas de Chapultepec Seccion III,2026-07,1,2026-08,6100.0,6100.0,0.0,0.0,NEUTRAL,PERSISTENCE,VALIDATED_SHORT_TERM,VALIDATED_FORECAST,v2_zero_endpoint_threshold,station_endpoints_per_calendar_month,5055.0,7145.0,2090.0,CONFORMAL_SYMMETRIC_ABS_RESIDUAL,0.8,0.7463284379172229,749,911,15,2026-06-01,2026-07-01T00:00:00,RETROSPECTIVE_REPLAY,False,CALIBRATED,2026-08-01T00:00:00,PERSISTENCE,El forecast mantiene el nivel de actividad registrado en su origen: persistencia fue seleccionada por su desempeño retrospectivo. Las señales contextuales no modifican esta predicción.,growth_1,trend_3,NONE,crecimiento reciente: 6.16% (contexto no causal),0.0616080751827358,POSITIVE,tendencia trimestral: 24.50 endpoints/mes (contexto no causal),24.5,POSITIVE,SIN_DATO,,UNAVAILABLE,False,,Las señales espaciales no están disponibles para este origen; el contexto no implica causalidad. Catálogo de estaciones sin vigencia histórica verificada. Pronóstico retrospectivo; no es una corrida futura común.,2.0-phase6-persistence-context
col_296d6268c64b5552821a2eebfad2256f,Lomas de Chapultepec Seccion III,2026-04,3,2026-07,6003.0,6003.0,0.0,0.0,NEUTRAL,PERSISTENCE,VALIDATED_WITH_CAUTION,VALIDATED_FORECAST,v2_zero_endpoint_threshold,station_endpoints_per_calendar_month,4833.0,7173.0,2340.0,CONFORMAL_SYMMETRIC_ABS_RESIDUAL,0.8,0.8567961165048543,412,703,12,2026-03-01,2026-04-01T00:00:00,RETROSPECTIVE_REPLAY,False,CALIBRATED,2026-05-01T00:00:00,PERSISTENCE,El forecast mantiene el nivel de actividad registrado en su origen: persistencia fue seleccionada por su desempeño retrospectivo. Las señales contextuales no modifican esta predicción.,growth_1,trend_3,NONE,crecimiento reciente: -5.92% (contexto no causal),-0.0592383638928067,NEGATIVE,tendencia trimestral: -135.00 endpoints/mes (contexto no causal),-135.0,NEGATIVE,SIN_DATO,,UNAVAILABLE,False,,Las señales espaciales no están disponibles para este origen; el contexto no implica causalidad. Catálogo de estaciones sin vigencia histórica verificada. Pronóstico retrospectivo; no es una corrida futura común.,2.0-phase6-persistence-context
col_296d6268c64b5552821a2eebfad2256f,Lomas de Chapultepec Seccion III,2026-01,6,2026-07,5105.0,5105.0,0.0,0.0,NEUTRAL,PERSISTENCE,VALIDATED_WITH_CAUTION,VALIDATED_FORECAST,v2_zero_endpoint_threshold,station_endpoints_per_calendar_month,3760.0,6450.0,2690.0,CONFORMAL_SYMMETRIC_ABS_RESIDUAL,0.8,0.8070175438596491,57,502,8,2025-12-01,2026-01-01T00:00:00,RETROSPECTIVE_REPLAY,False,CALIBRATED,2026-02-01T00:00:00,PERSISTENCE,El forecast mantiene el nivel de actividad registrado en su origen: persistencia fue seleccionada por su desempeño retrospectivo. Las señales contextuales no modifican esta predicción.,growth_1,trend_3,NONE,crecimiento reciente: 66.23% (contexto no causal),0.6623249755779876,POSITIVE,tendencia trimestral: 777.00 endpoints/mes (contexto no causal),777.0,POSITIVE,SIN_DATO,,UNAVAILABLE,False,,Las señales espaciales no están disponibles para este origen; el contexto no implica causalidad. Catálogo de estaciones sin vigencia histórica verificada. Pronóstico retrospectivo; no es una corrida futura común.,2.0-phase6-persistence-context
col_296d6268c64b5552821a2eebfad2256f,Lomas de Chapultepec Seccion III,2025-08,12,2026-08,5027.0,5027.0,0.0,0.0,NEUTRAL,PERSISTENCE,VALIDATED_WITH_CAUTION,VALIDATED_FORECAST,v2_zero_endpoint_threshold,station_endpoints_per_calendar_month,2746.0,7308.0,4562.0,CONFORMAL_SYMMETRIC_ABS_RESIDUAL,0.8,,0,165,3,2025-07-01,2025-08-01T00:00:00,RETROSPECTIVE_REPLAY,False,CALIBRATED,2025-09-01T00:00:00,PERSISTENCE,El forecast mantiene el nivel de actividad registrado en su origen: persistencia fue seleccionada por su desempeño retrospectivo. Las señales contextuales no modifican esta predicción.,growth_1,trend_3,NONE,crecimiento reciente: -8.27% (contexto no causal),-0.0826642335766423,NEGATIVE,tendencia trimestral: -34.50 endpoints/mes (contexto no causal),-34.5,NEGATIVE,SIN_DATO,,UNAVAILABLE,False,,Las señales espaciales no están disponibles para este origen; el contexto no implica causalidad. Catálogo de estaciones sin vigencia histórica verificada. Pronóstico retrospectivo; no es una corrida futura común.,2.0-phase6-persistence-context
col_2d383baad6155258af666ad388181e00,Ampliacion Granada,2026-03,1,2026-04,21456.0,21456.0,0.0,0.0,NEUTRAL,PERSISTENCE,VALIDATED_SHORT_TERM,VALIDATED_FORECAST,v2_zero_endpoint_threshold,station_endpoints_per_calendar_month,20366.0,22546.0,2180.0,CONFORMAL_SYMMETRIC_ABS_RESIDUAL,0.8,0.7,510,672,11,2026-02-01,2026-03-01T00:00:00,RETROSPECTIVE_REPLAY,False,CALIBRATED,2026-04-01T00:00:00,PERSISTENCE,El forecast mantiene el nivel de actividad registrado en su origen: persistencia fue seleccionada por su desempeño retrospectivo. Las señales contextuales no modifican esta predicción.,growth_1,trend_3,NONE,crecimiento reciente: 8.60% (contexto no causal),0.0859948372728653,POSITIVE,tendencia trimestral: 897.00 endpoints/mes (contexto no causal),897.0,POSITIVE,SIN_DATO,,UNAVAILABLE,False,,Las señales espaciales no están disponibles para este origen; el contexto no implica causalidad. Catálogo de estaciones sin vigencia histórica verificada. Pronóstico retrospectivo; no es una corrida futura común.,2.0-phase6-persistence-context
col_2d383baad6155258af666ad388181e00,Ampliacion Granada,2026-03,3,2026-06,21456.0,21456.0,0.0,0.0,NEUTRAL,PERSISTENCE,VALIDATED_WITH_CAUTION,VALIDATED_FORECAST,v2_zero_endpoint_threshold,station_endpoints_per_calendar_month,20293.0,22619.0,2326.0,CONFORMAL_SYMMETRIC_ABS_RESIDUAL,0.8,0.8668555240793201,353,644,11,2026-02-01,2026-03-01T00:00:00,RETROSPECTIVE_REPLAY,False,CALIBRATED,2026-04-01T00:00:00,PERSISTENCE,El forecast mantiene el nivel de actividad registrado en su origen: persistencia fue seleccionada por su desempeño retrospectivo. Las señales contextuales no modifican esta predicción.,growth_1,trend_3,NONE,crecimiento reciente: 8.60% (contexto no causal),0.0859948372728653,POSITIVE,tendencia trimestral: 897.00 endpoints/mes (contexto no causal),897.0,POSITIVE,SIN_DATO,,UNAVAILABLE,False,,Las señales espaciales no están disponibles para este origen; el contexto no implica causalidad. Catálogo de estaciones sin vigencia histórica verificada. Pronóstico retrospectivo; no es una corrida futura común.,2.0-phase6-persistence-context
col_2d383baad6155258af666ad388181e00,Ampliacion Granada,2026-02,6,2026-08,19757.0,19757.0,0.0,0.0,NEUTRAL,PERSISTENCE,VALIDATED_WITH_CAUTION,VALIDATED_FORECAST,v2_zero_endpoint_threshold,station_endpoints_per_calendar_month,18416.0,21098.0,2682.0,CONFORMAL_SYMMETRIC_ABS_RESIDUAL,0.8,0.8095238095238095,126,571,9,2026-01-01,2026-02-01T00:00:00,RETROSPECTIVE_REPLAY,False,CALIBRATED,2026-03-01T00:00:00,PERSISTENCE,El forecast mantiene el nivel de actividad registrado en su origen: persistencia fue seleccionada por su desempeño retrospectivo. Las señales contextuales no modifican esta predicción.,growth_1,trend_3,NONE,crecimiento reciente: 0.48% (contexto no causal),0.0048316549689756,POSITIVE,tendencia trimestral: 374.50 endpoints/mes (contexto no causal),374.5,POSITIVE,SIN_DATO,,UNAVAILABLE,False,,Las señales espaciales no están disponibles para este origen; el contexto no implica causalidad. Catálogo de estaciones sin vigencia histórica verificada. Pronóstico retrospectivo; no es una corrida futura común.,2.0-phase6-persistence-context
col_2d383baad6155258af666ad388181e00,Ampliacion Granada,2025-01,12,2026-01,21678.0,21678.0,0.0,0.0,NEUTRAL,PERSISTENCE,VALIDATED_WITH_CAUTION,VALIDATED_FORECAST,v2_zero_endpoint_threshold,station_endpoints_per_calendar_month,,,,CONFORMAL_SYMMETRIC_ABS_RESIDUAL,0.8,,0,0,0,,2025-01-01T00:00:00,RETROSPECTIVE_REPLAY,False,INSUFFICIENT_CALIBRATION_HISTORY,2025-02-01T00:00:00,PERSISTENCE,El forecast mantiene el nivel de actividad registrado en su origen: persistencia fue seleccionada por su desempeño retrospectivo. Las señales contextuales no modifican esta predicción.,growth_1,trend_3,NONE,crecimiento reciente: 4.28% (contexto no causal),0.0428131614392919,POSITIVE,tendencia trimestral: -991.50 endpoints/mes (contexto no causal),-991.5,NEGATIVE,SIN_DATO,,UNAVAILABLE,False,,Las señales espaciales no están disponibles para este origen; el contexto no implica causalidad. Catálogo de estaciones sin vigencia histórica verificada. Pronóstico retrospectivo; no es una corrida futura común. Historia insuficiente para un intervalo.,2.0-phase6-persistence-context
col_321ef9a198015257a1d0afd095d56686,Victoria de las Democracias,2026-07,1,2026-08,3769.0,3769.0,0.0,0.0,NEUTRAL,PERSISTENCE,VALIDATED_SHORT_TERM,VALIDATED_FORECAST,v2_zero_endpoint_threshold,station_endpoints_per_calendar_month,2724.0,4814.0,2090.0,CONFORMAL_SYMMETRIC_ABS_RESIDUAL,0.8,0.7463284379172229,749,911,15,2026-06-01,2026-07-01T00:00:00,RETROSPECTIVE_REPLAY,False,CALIBRATED,2026-08-01T00:00:00,PERSISTENCE,El forecast mantiene el nivel de actividad registrado en su origen: persistencia fue seleccionada por su desempeño retrospectivo. Las señales contextuales no modifican esta predicción.,growth_1,trend_3,neighbor_growth_lag1,crecimiento reciente: 0.56% (contexto no causal),0.0056029882604055,POSITIVE,tendencia trimestral: -106.50 endpoints/mes (contexto no causal),-106.5,NEGATIVE,crecimiento vecinal reciente: 2.60% (contexto no causal),0.0260451480182914,POSITIVE,True,1.0,Las señales vecinales son contextuales y no implican causalidad; la geometría y disponibilidad espacial son parciales. Catálogo de estaciones sin vigencia histórica verificada. Pronóstico retrospectivo; no es una corrida futura común.,2.0-phase6-persistence-context
col_321ef9a198015257a1d0afd095d56686,Victoria de las Democracias,2026-05,3,2026-08,3982.0,3982.0,0.0,0.0,NEUTRAL,PERSISTENCE,VALIDATED_WITH_CAUTION,VALIDATED_FORECAST,v2_zero_endpoint_threshold,station_endpoints_per_calendar_month,2704.0,5260.0,2556.0,CONFORMAL_SYMMETRIC_ABS_RESIDUAL,0.8,0.8016359918200409,489,780,13,2026-04-01,2026-05-01T00:00:00,RETROSPECTIVE_REPLAY,False,CALIBRATED,2026-06-01T00:00:00,PERSISTENCE,El forecast mantiene el nivel de actividad registrado en su origen: persistencia fue seleccionada por su desempeño retrospectivo. Las señales contextuales no modifican esta predicción.,growth_1,trend_3,neighbor_growth_lag1,crecimiento reciente: 3.51% (contexto no causal),0.0350922796984663,POSITIVE,tendencia trimestral: -48.00 endpoints/mes (contexto no causal),-48.0,NEGATIVE,crecimiento vecinal reciente: -2.35% (contexto no causal),-0.0234613147347802,NEGATIVE,True,1.0,Las señales vecinales son contextuales y no implican causalidad; la geometría y disponibilidad espacial son parciales. Catálogo de estaciones sin vigencia histórica verificada. Pronóstico retrospectivo; no es una corrida futura común.,2.0-phase6-persistence-context
col_321ef9a198015257a1d0afd095d56686,Victoria de las Democracias,2026-01,6,2026-07,3827.0,3827.0,0.0,0.0,NEUTRAL,PERSISTENCE,VALIDATED_WITH_CAUTION,VALIDATED_FORECAST,v2_zero_endpoint_threshold,station_endpoints_per_calendar_month,2482.0,5172.0,2690.0,CONFORMAL_SYMMETRIC_ABS_RESIDUAL,0.8,0.8070175438596491,57,502,8,2025-12-01,2026-01-01T00:00:00,RETROSPECTIVE_REPLAY,False,CALIBRATED,2026-02-01T00:00:00,PERSISTENCE,El forecast mantiene el nivel de actividad registrado en su origen: persistencia fue seleccionada por su desempeño retrospectivo. Las señales contextuales no modifican esta predicción.,growth_1,trend_3,neighbor_growth_lag1,crecimiento reciente: -2.55% (contexto no causal),-0.0254647313470842,NEGATIVE,tendencia trimestral: 41.50 endpoints/mes (contexto no causal),41.5,POSITIVE,crecimiento vecinal reciente: 6.87% (contexto no causal),0.0686604063652682,POSITIVE,True,1.0,Las señales vecinales son contextuales y no implican causalidad; la geometría y disponibilidad espacial son parciales. Catálogo de estaciones sin vigencia histórica verificada. Pronóstico retrospectivo; no es una corrida futura común.,2.0-phase6-persistence-context
col_321ef9a198015257a1d0afd095d56686,Victoria de las Democracias,2025-08,12,2026-08,3677.0,3677.0,0.0,0.0,NEUTRAL,PERSISTENCE,VALIDATED_WITH_CAUTION,VALIDATED_FORECAST,v2_zero_endpoint_threshold,station_endpoints_per_calendar_month,1396.0,5958.0,4562.0,CONFORMAL_SYMMETRIC_ABS_RESIDUAL,0.8,,0,165,3,2025-07-01,2025-08-01T00:00:00,RETROSPECTIVE_REPLAY,False,CALIBRATED,2025-09-01T00:00:00,PERSISTENCE,El forecast mantiene el nivel de actividad registrado en su origen: persistencia fue seleccionada por su desempeño retrospectivo. Las señales contextuales no modifican esta predicción.,growth_1,trend_3,neighbor_growth_lag1,crecimiento reciente: 9.27% (contexto no causal),0.0927191679049034,POSITIVE,tendencia trimestral: 146.00 endpoints/mes (contexto no causal),146.0,POSITIVE,crecimiento vecinal reciente: -6.02% (contexto no causal),-0.0602302222377106,NEGATIVE,True,1.0,Las señales vecinales son contextuales y no implican causalidad; la geometría y disponibilidad espacial son parciales. Catálogo de estaciones sin vigencia histórica verificada. Pronóstico retrospectivo; no es una corrida futura común.,2.0-phase6-persistence-context
col_333380f5322950cf9a22ac2947f13767,Lomas de Chapultepec Seccion V,2026-07,1,2026-08,4153.0,4153.0,0.0,0.0,NEUTRAL,PERSISTENCE,VALIDATED_SHORT_TERM,VALIDATED_FORECAST,v2_zero_endpoint_threshold,station_endpoints_per_calendar_month,3108.0,5198.0,2090.0,CONFORMAL_SYMMETRIC_ABS_RESIDUAL,0.8,0.7463284379172229,749,911,15,2026-06-01,2026-07-01T00:00:00,RETROSPECTIVE_REPLAY,False,CALIBRATED,2026-08-01T00:00:00,PERSISTENCE,El forecast mantiene el nivel de actividad registrado en su origen: persistencia fue seleccionada por su desempeño retrospectivo. Las señales contextuales no modifican esta predicción.,growth_1,trend_3,NONE,crecimiento reciente: 14.22% (contexto no causal),0.1421892189218921,POSITIVE,tendencia trimestral: 84.00 endpoints/mes (contexto no causal),84.0,POSITIVE,SIN_DATO,,UNAVAILABLE,False,,Las señales espaciales no están disponibles para este origen; el contexto no implica causalidad. Catálogo de estaciones sin vigencia histórica verificada. Pronóstico retrospectivo; no es una corrida futura común.,2.0-phase6-persistence-context
col_333380f5322950cf9a22ac2947f13767,Lomas de Chapultepec Seccion V,2026-05,3,2026-08,3985.0,3985.0,0.0,0.0,NEUTRAL,PERSISTENCE,VALIDATED_WITH_CAUTION,VALIDATED_FORECAST,v2_zero_endpoint_threshold,station_endpoints_per_calendar_month,2707.0,5263.0,2556.0,CONFORMAL_SYMMETRIC_ABS_RESIDUAL,0.8,0.8016359918200409,489,780,13,2026-04-01,2026-05-01T00:00:00,RETROSPECTIVE_REPLAY,False,CALIBRATED,2026-06-01T00:00:00,PERSISTENCE,El forecast mantiene el nivel de actividad registrado en su origen: persistencia fue seleccionada por su desempeño retrospectivo. Las señales contextuales no modifican esta predicción.,growth_1,trend_3,NONE,crecimiento reciente: 4.51% (contexto no causal),0.045108838185156,POSITIVE,tendencia trimestral: -191.00 endpoints/mes (contexto no causal),-191.0,NEGATIVE,SIN_DATO,,UNAVAILABLE,False,,Las señales espaciales no están disponibles para este origen; el contexto no implica causalidad. Catálogo de estaciones sin vigencia histórica verificada. Pronóstico retrospectivo; no es una corrida futura común.,2.0-phase6-persistence-context
col_333380f5322950cf9a22ac2947f13767,Lomas de Chapultepec Seccion V,2026-02,6,2026-08,3969.0,3969.0,0.0,0.0,NEUTRAL,PERSISTENCE,VALIDATED_WITH_CAUTION,VALIDATED_FORECAST,v2_zero_endpoint_threshold,station_endpoints_per_calendar_month,2628.0,5310.0,2682.0,CONFORMAL_SYMMETRIC_ABS_RESIDUAL,0.8,0.8095238095238095,126,571,9,2026-01-01,2026-02-01T00:00:00,RETROSPECTIVE_REPLAY,False,CALIBRATED,2026-03-01T00:00:00,PERSISTENCE,El forecast mantiene el nivel de actividad registrado en su origen: persistencia fue seleccionada por su desempeño retrospectivo. Las señales contextuales no modifican esta predicción.,growth_1,trend_3,NONE,crecimiento reciente: -5.39% (contexto no causal),-0.0538736591179976,NEGATIVE,tendencia trimestral: 136.00 endpoints/mes (contexto no causal),136.0,POSITIVE,SIN_DATO,,UNAVAILABLE,False,,Las señales espaciales no están disponibles para este origen; el contexto no implica causalidad. Catálogo de estaciones sin vigencia histórica verificada. Pronóstico retrospectivo; no es una corrida futura común.,2.0-phase6-persistence-context
col_333380f5322950cf9a22ac2947f13767,Lomas de Chapultepec Seccion V,2025-07,12,2026-07,3321.0,3321.0,0.0,0.0,NEUTRAL,PERSISTENCE,VALIDATED_WITH_CAUTION,VALIDATED_FORECAST,v2_zero_endpoint_threshold,station_endpoints_per_calendar_month,956.0,5686.0,4730.0,CONFORMAL_SYMMETRIC_ABS_RESIDUAL,0.8,,0,100,2,2025-06-01,2025-07-01T00:00:00,RETROSPECTIVE_REPLAY,False,CALIBRATED,2025-08-01T00:00:00,PERSISTENCE,El forecast mantiene el nivel de actividad registrado en su origen: persistencia fue seleccionada por su desempeño retrospectivo. Las señales contextuales no modifican esta predicción.,growth_1,trend_3,NONE,crecimiento reciente: 0.42% (contexto no causal),0.004233444209253,POSITIVE,tendencia trimestral: -473.00 endpoints/mes (contexto no causal),-473.0,NEGATIVE,SIN_DATO,,UNAVAILABLE,False,,Las señales espaciales no están disponibles para este origen; el contexto no implica causalidad. Catálogo de estaciones sin vigencia histórica verificada. Pronóstico retrospectivo; no es una corrida futura común.,2.0-phase6-persistence-context
col_347bf8c118ae5cde8343a717c911525d,Independencia,2026-07,1,2026-08,6597.0,6597.0,0.0,0.0,NEUTRAL,PERSISTENCE,VALIDATED_SHORT_TERM,VALIDATED_FORECAST,v2_zero_endpoint_threshold,station_endpoints_per_calendar_month,5552.0,7642.0,2090.0,CONFORMAL_SYMMETRIC_ABS_RESIDUAL,0.8,0.7463284379172229,749,911,15,2026-06-01,2026-07-01T00:00:00,RETROSPECTIVE_REPLAY,False,CALIBRATED,2026-08-01T00:00:00,PERSISTENCE,El forecast mantiene el nivel de actividad registrado en su origen: persistencia fue seleccionada por su desempeño retrospectivo. Las señales contextuales no modifican esta predicción.,growth_1,trend_3,neighbor_growth_lag1,crecimiento reciente: 8.68% (contexto no causal),0.086820428336079,POSITIVE,tendencia trimestral: -177.50 endpoints/mes (contexto no causal),-177.5,NEGATIVE,crecimiento vecinal reciente: -2.15% (contexto no causal),-0.021484917981485,NEGATIVE,True,1.0,Las señales vecinales son contextuales y no implican causalidad; la geometría y disponibilidad espacial son parciales. Catálogo de estaciones sin vigencia histórica verificada. Pronóstico retrospectivo; no es una corrida futura común.,2.0-phase6-persistence-context
col_347bf8c118ae5cde8343a717c911525d,Independencia,2026-05,3,2026-08,6952.0,6952.0,0.0,0.0,NEUTRAL,PERSISTENCE,VALIDATED_WITH_CAUTION,VALIDATED_FORECAST,v2_zero_endpoint_threshold,station_endpoints_per_calendar_month,5674.0,8230.0,2556.0,CONFORMAL_SYMMETRIC_ABS_RESIDUAL,0.8,0.8016359918200409,489,780,13,2026-04-01,2026-05-01T00:00:00,RETROSPECTIVE_REPLAY,False,CALIBRATED,2026-06-01T00:00:00,PERSISTENCE,El forecast mantiene el nivel de actividad registrado en su origen: persistencia fue seleccionada por su desempeño retrospectivo. Las señales contextuales no modifican esta predicción.,growth_1,trend_3,neighbor_growth_lag1,crecimiento reciente: 8.44% (contexto no causal),0.0843862111995008,POSITIVE,tendencia trimestral: 169.00 endpoints/mes (contexto no causal),169.0,POSITIVE,crecimiento vecinal reciente: 10.20% (contexto no causal),0.1020226302621779,POSITIVE,True,0.6666666666666666,Las señales vecinales son contextuales y no implican causalidad; la geometría y disponibilidad espacial son parciales. Catálogo de estaciones sin vigencia histórica verificada. Pronóstico retrospectivo; no es una corrida futura común.,2.0-phase6-persistence-context
col_347bf8c118ae5cde8343a717c911525d,Independencia,2026-02,6,2026-08,5742.0,5742.0,0.0,0.0,NEUTRAL,PERSISTENCE,VALIDATED_WITH_CAUTION,VALIDATED_FORECAST,v2_zero_endpoint_threshold,station_endpoints_per_calendar_month,4401.0,7083.0,2682.0,CONFORMAL_SYMMETRIC_ABS_RESIDUAL,0.8,0.8095238095238095,126,571,9,2026-01-01,2026-02-01T00:00:00,RETROSPECTIVE_REPLAY,False,CALIBRATED,2026-03-01T00:00:00,PERSISTENCE,El forecast mantiene el nivel de actividad registrado en su origen: persistencia fue seleccionada por su desempeño retrospectivo. Las señales contextuales no modifican esta predicción.,growth_1,trend_3,neighbor_growth_lag1,crecimiento reciente: -4.44% (contexto no causal),-0.0444333499750374,NEGATIVE,tendencia trimestral: 93.00 endpoints/mes (contexto no causal),93.0,POSITIVE,crecimiento vecinal reciente: -1.55% (contexto no causal),-0.0154760419941158,NEGATIVE,True,0.6666666666666666,Las señales vecinales son contextuales y no implican causalidad; la geometría y disponibilidad espacial son parciales. Catálogo de estaciones sin vigencia histórica verificada. Pronóstico retrospectivo; no es una corrida futura común.,2.0-phase6-persistence-context
col_347bf8c118ae5cde8343a717c911525d,Independencia,2025-08,12,2026-08,5768.0,5768.0,0.0,0.0,NEUTRAL,PERSISTENCE,VALIDATED_WITH_CAUTION,VALIDATED_FORECAST,v2_zero_endpoint_threshold,station_endpoints_per_calendar_month,3487.0,8049.0,4562.0,CONFORMAL_SYMMETRIC_ABS_RESIDUAL,0.8,,0,165,3,2025-07-01,2025-08-01T00:00:00,RETROSPECTIVE_REPLAY,False,CALIBRATED,2025-09-01T00:00:00,PERSISTENCE,El forecast mantiene el nivel de actividad registrado en su origen: persistencia fue seleccionada por su desempeño retrospectivo. Las señales contextuales no modifican esta predicción.,growth_1,trend_3,neighbor_growth_lag1,crecimiento reciente: -4.17% (contexto no causal),-0.0417012792822728,NEGATIVE,tendencia trimestral: 177.00 endpoints/mes (contexto no causal),177.0,POSITIVE,crecimiento vecinal reciente: 1.30% (contexto no causal),0.0129944894565152,POSITIVE,True,1.0,Las señales vecinales son contextuales y no implican causalidad; la geometría y disponibilidad espacial son parciales. Catálogo de estaciones sin vigencia histórica verificada. Pronóstico retrospectivo; no es una corrida futura común.,2.0-phase6-persistence-context
col_34ef10debc6452f7a37e4eb02f41010f,Villa Coyoacan,2026-07,1,2026-08,4583.0,4583.0,0.0,0.0,NEUTRAL,PERSISTENCE,VALIDATED_SHORT_TERM,VALIDATED_FORECAST,v2_zero_endpoint_threshold,station_endpoints_per_calendar_month,3538.0,5628.0,2090.0,CONFORMAL_SYMMETRIC_ABS_RESIDUAL,0.8,0.7463284379172229,749,911,15,2026-06-01,2026-07-01T00:00:00,RETROSPECTIVE_REPLAY,False,CALIBRATED,2026-08-01T00:00:00,PERSISTENCE,El forecast mantiene el nivel de actividad registrado en su origen: persistencia fue seleccionada por su desempeño retrospectivo. Las señales contextuales no modifican esta predicción.,growth_1,trend_3,neighbor_growth_lag1,crecimiento reciente: -8.19% (contexto no causal),-0.0819310897435897,NEGATIVE,tendencia trimestral: -521.00 endpoints/mes (contexto no causal),-521.0,NEGATIVE,crecimiento vecinal reciente: -0.79% (contexto no causal),-0.0078895463510848,NEGATIVE,True,0.5,Las señales vecinales son contextuales y no implican causalidad; la geometría y disponibilidad espacial son parciales. Catálogo de estaciones sin vigencia histórica verificada. Pronóstico retrospectivo; no es una corrida futura común.,2.0-phase6-persistence-context
col_34ef10debc6452f7a37e4eb02f41010f,Villa Coyoacan,2026-05,3,2026-08,5625.0,5625.0,0.0,0.0,NEUTRAL,PERSISTENCE,VALIDATED_WITH_CAUTION,VALIDATED_FORECAST,v2_zero_endpoint_threshold,station_endpoints_per_calendar_month,4347.0,6903.0,2556.0,CONFORMAL_SYMMETRIC_ABS_RESIDUAL,0.8,0.8016359918200409,489,780,13,2026-04-01,2026-05-01T00:00:00,RETROSPECTIVE_REPLAY,False,CALIBRATED,2026-06-01T00:00:00,PERSISTENCE,El forecast mantiene el nivel de actividad registrado en su origen: persistencia fue seleccionada por su desempeño retrospectivo. Las señales contextuales no modifican esta predicción.,growth_1,trend_3,NONE,crecimiento reciente: -2.70% (contexto no causal),-0.0269849507005708,NEGATIVE,tendencia trimestral: -247.00 endpoints/mes (contexto no causal),-247.0,NEGATIVE,SIN_DATO,,UNAVAILABLE,False,0.0,Las señales espaciales no están disponibles para este origen; el contexto no implica causalidad. Catálogo de estaciones sin vigencia histórica verificada. Pronóstico retrospectivo; no es una corrida futura común.,2.0-phase6-persistence-context
col_34ef10debc6452f7a37e4eb02f41010f,Villa Coyoacan,2026-02,6,2026-08,5369.0,5369.0,0.0,0.0,NEUTRAL,PERSISTENCE,VALIDATED_WITH_CAUTION,VALIDATED_FORECAST,v2_zero_endpoint_threshold,station_endpoints_per_calendar_month,4028.0,6710.0,2682.0,CONFORMAL_SYMMETRIC_ABS_RESIDUAL,0.8,0.8095238095238095,126,571,9,2026-01-01,2026-02-01T00:00:00,RETROSPECTIVE_REPLAY,False,CALIBRATED,2026-03-01T00:00:00,PERSISTENCE,El forecast mantiene el nivel de actividad registrado en su origen: persistencia fue seleccionada por su desempeño retrospectivo. Las señales contextuales no modifican esta predicción.,growth_1,trend_3,neighbor_growth_lag1,crecimiento reciente: 6.21% (contexto no causal),0.0621167161226508,POSITIVE,tendencia trimestral: 320.50 endpoints/mes (contexto no causal),320.5,POSITIVE,crecimiento vecinal reciente: -1.50% (contexto no causal),-0.0149542848287618,NEGATIVE,True,0.5,Las señales vecinales son contextuales y no implican causalidad; la geometría y disponibilidad espacial son parciales. Catálogo de estaciones sin vigencia histórica verificada. Pronóstico retrospectivo; no es una corrida futura común.,2.0-phase6-persistence-context
col_34ef10debc6452f7a37e4eb02f41010f,Villa Coyoacan,2025-08,12,2026-08,5052.0,5052.0,0.0,0.0,NEUTRAL,PERSISTENCE,VALIDATED_WITH_CAUTION,VALIDATED_FORECAST,v2_zero_endpoint_threshold,station_endpoints_per_calendar_month,2771.0,7333.0,4562.0,CONFORMAL_SYMMETRIC_ABS_RESIDUAL,0.8,,0,165,3,2025-07-01,2025-08-01T00:00:00,RETROSPECTIVE_REPLAY,False,CALIBRATED,2025-09-01T00:00:00,PERSISTENCE,El forecast mantiene el nivel de actividad registrado en su origen: persistencia fue seleccionada por su desempeño retrospectivo. Las señales contextuales no modifican esta predicción.,growth_1,trend_3,NONE,crecimiento reciente: -2.06% (contexto no causal),-0.0205506010081426,NEGATIVE,tendencia trimestral: 186.50 endpoints/mes (contexto no causal),186.5,POSITIVE,SIN_DATO,,UNAVAILABLE,False,0.0,Las señales espaciales no están disponibles para este origen; el contexto no implica causalidad. Catálogo de estaciones sin vigencia histórica verificada. Pronóstico retrospectivo; no es una corrida futura común.,2.0-phase6-persistence-context
col_39b7c034d6a15d22952ae31d1eab536a,Tlaxpana,2026-07,1,2026-08,18314.0,18314.0,0.0,0.0,NEUTRAL,PERSISTENCE,VALIDATED_SHORT_TERM,VALIDATED_FORECAST,v2_zero_endpoint_threshold,station_endpoints_per_calendar_month,17269.0,19359.0,2090.0,CONFORMAL_SYMMETRIC_ABS_RESIDUAL,0.8,0.7463284379172229,749,911,15,2026-06-01,2026-07-01T00:00:00,RETROSPECTIVE_REPLAY,False,CALIBRATED,2026-08-01T00:00:00,PERSISTENCE,El forecast mantiene el nivel de actividad registrado en su origen: persistencia fue seleccionada por su desempeño retrospectivo. Las señales contextuales no modifican esta predicción.,growth_1,trend_3,neighbor_growth_lag1,crecimiento reciente: 4.07% (contexto no causal),0.0407455816332329,POSITIVE,tendencia trimestral: -479.50 endpoints/mes (contexto no causal),-479.5,NEGATIVE,crecimiento vecinal reciente: -12.37% (contexto no causal),-0.1237164249457174,NEGATIVE,True,0.6000000000000001,Las señales vecinales son contextuales y no implican causalidad; la geometría y disponibilidad espacial son parciales. Catálogo de estaciones sin vigencia histórica verificada. Pronóstico retrospectivo; no es una corrida futura común.,2.0-phase6-persistence-context
col_39b7c034d6a15d22952ae31d1eab536a,Tlaxpana,2026-05,3,2026-08,19273.0,19273.0,0.0,0.0,NEUTRAL,PERSISTENCE,VALIDATED_WITH_CAUTION,VALIDATED_FORECAST,v2_zero_endpoint_threshold,station_endpoints_per_calendar_month,17995.0,20551.0,2556.0,CONFORMAL_SYMMETRIC_ABS_RESIDUAL,0.8,0.8016359918200409,489,780,13,2026-04-01,2026-05-01T00:00:00,RETROSPECTIVE_REPLAY,False,CALIBRATED,2026-06-01T00:00:00,PERSISTENCE,El forecast mantiene el nivel de actividad registrado en su origen: persistencia fue seleccionada por su desempeño retrospectivo. Las señales contextuales no modifican esta predicción.,growth_1,trend_3,neighbor_growth_lag1,crecimiento reciente: -0.65% (contexto no causal),-0.0064951801639259,NEGATIVE,tendencia trimestral: -813.50 endpoints/mes (contexto no causal),-813.5,NEGATIVE,crecimiento vecinal reciente: 7.09% (contexto no causal),0.0709206227176628,POSITIVE,True,0.2,Las señales vecinales son contextuales y no implican causalidad; la geometría y disponibilidad espacial son parciales. Catálogo de estaciones sin vigencia histórica verificada. Pronóstico retrospectivo; no es una corrida futura común.,2.0-phase6-persistence-context
col_39b7c034d6a15d22952ae31d1eab536a,Tlaxpana,2026-02,6,2026-08,19406.0,19406.0,0.0,0.0,NEUTRAL,PERSISTENCE,VALIDATED_WITH_CAUTION,VALIDATED_FORECAST,v2_zero_endpoint_threshold,station_endpoints_per_calendar_month,18065.0,20747.0,2682.0,CONFORMAL_SYMMETRIC_ABS_RESIDUAL,0.8,0.8095238095238095,126,571,9,2026-01-01,2026-02-01T00:00:00,RETROSPECTIVE_REPLAY,False,CALIBRATED,2026-03-01T00:00:00,PERSISTENCE,El forecast mantiene el nivel de actividad registrado en su origen: persistencia fue seleccionada por su desempeño retrospectivo. Las señales contextuales no modifican esta predicción.,growth_1,trend_3,neighbor_growth_lag1,crecimiento reciente: -0.02% (contexto no causal),-0.0001545674687,NEGATIVE,tendencia trimestral: 418.50 endpoints/mes (contexto no causal),418.5,POSITIVE,crecimiento vecinal reciente: 13.39% (contexto no causal),0.1338526795494884,POSITIVE,True,0.6000000000000001,Las señales vecinales son contextuales y no implican causalidad; la geometría y disponibilidad espacial son parciales. Catálogo de estaciones sin vigencia histórica verificada. Pronóstico retrospectivo; no es una corrida futura común.,2.0-phase6-persistence-context
col_39b7c034d6a15d22952ae31d1eab536a,Tlaxpana,2025-08,12,2026-08,19379.0,19379.0,0.0,0.0,NEUTRAL,PERSISTENCE,VALIDATED_WITH_CAUTION,VALIDATED_FORECAST,v2_zero_endpoint_threshold,station_endpoints_per_calendar_month,17098.0,21660.0,4562.0,CONFORMAL_SYMMETRIC_ABS_RESIDUAL,0.8,,0,165,3,2025-07-01,2025-08-01T00:00:00,RETROSPECTIVE_REPLAY,False,CALIBRATED,2025-09-01T00:00:00,PERSISTENCE,El forecast mantiene el nivel de actividad registrado en su origen: persistencia fue seleccionada por su desempeño retrospectivo. Las señales contextuales no modifican esta predicción.,growth_1,trend_3,neighbor_growth_lag1,crecimiento reciente: -2.85% (contexto no causal),-0.0285241628233406,NEGATIVE,tendencia trimestral: 131.00 endpoints/mes (contexto no causal),131.0,POSITIVE,crecimiento vecinal reciente: 2.57% (contexto no causal),0.0256624752821549,POSITIVE,True,0.6000000000000001,Las señales vecinales son contextuales y no implican causalidad; la geometría y disponibilidad espacial son parciales. Catálogo de estaciones sin vigencia histórica verificada. Pronóstico retrospectivo; no es una corrida futura común.,2.0-phase6-persistence-context
col_3c107741e9aa5999ac5f00ed40d5deea,San Diego Churubusco,2026-06,1,2026-07,5202.0,5202.0,0.0,0.0,NEUTRAL,PERSISTENCE,VALIDATED_SHORT_TERM,VALIDATED_FORECAST,v2_zero_endpoint_threshold,station_endpoints_per_calendar_month,4131.0,6273.0,2142.0,CONFORMAL_SYMMETRIC_ABS_RESIDUAL,0.8,0.7312775330396476,681,843,14,2026-05-01,2026-06-01T00:00:00,RETROSPECTIVE_REPLAY,False,CALIBRATED,2026-07-01T00:00:00,PERSISTENCE,El forecast mantiene el nivel de actividad registrado en su origen: persistencia fue seleccionada por su desempeño retrospectivo. Las señales contextuales no modifican esta predicción.,growth_1,trend_3,neighbor_growth_lag1,crecimiento reciente: -18.26% (contexto no causal),-0.1825895663104965,NEGATIVE,tendencia trimestral: -639.50 endpoints/mes (contexto no causal),-639.5,NEGATIVE,crecimiento vecinal reciente: -12.90% (contexto no causal),-0.128964237516869,NEGATIVE,True,0.3333333333333333,Las señales vecinales son contextuales y no implican causalidad; la geometría y disponibilidad espacial son parciales. Catálogo de estaciones sin vigencia histórica verificada. Pronóstico retrospectivo; no es una corrida futura común.,2.0-phase6-persistence-context
col_3c107741e9aa5999ac5f00ed40d5deea,San Diego Churubusco,2026-05,3,2026-08,6364.0,6364.0,0.0,0.0,NEUTRAL,PERSISTENCE,VALIDATED_WITH_CAUTION,VALIDATED_FORECAST,v2_zero_endpoint_threshold,station_endpoints_per_calendar_month,5086.0,7642.0,2556.0,CONFORMAL_SYMMETRIC_ABS_RESIDUAL,0.8,0.8016359918200409,489,780,13,2026-04-01,2026-05-01T00:00:00,RETROSPECTIVE_REPLAY,False,CALIBRATED,2026-06-01T00:00:00,PERSISTENCE,El forecast mantiene el nivel de actividad registrado en su origen: persistencia fue seleccionada por su desempeño retrospectivo. Las señales contextuales no modifican esta predicción.,growth_1,trend_3,neighbor_growth_lag1,crecimiento reciente: -1.81% (contexto no causal),-0.0180527696343156,NEGATIVE,tendencia trimestral: -405.00 endpoints/mes (contexto no causal),-405.0,NEGATIVE,crecimiento vecinal reciente: 6.86% (contexto no causal),0.0686046230161817,POSITIVE,True,0.6666666666666666,Las señales vecinales son contextuales y no implican causalidad; la geometría y disponibilidad espacial son parciales. Catálogo de estaciones sin vigencia histórica verificada. Pronóstico retrospectivo; no es una corrida futura común.,2.0-phase6-persistence-context
col_3c107741e9aa5999ac5f00ed40d5deea,San Diego Churubusco,2026-02,6,2026-08,6393.0,6393.0,0.0,0.0,NEUTRAL,PERSISTENCE,VALIDATED_WITH_CAUTION,VALIDATED_FORECAST,v2_zero_endpoint_threshold,station_endpoints_per_calendar_month,5052.0,7734.0,2682.0,CONFORMAL_SYMMETRIC_ABS_RESIDUAL,0.8,0.8095238095238095,126,571,9,2026-01-01,2026-02-01T00:00:00,RETROSPECTIVE_REPLAY,False,CALIBRATED,2026-03-01T00:00:00,PERSISTENCE,El forecast mantiene el nivel de actividad registrado en su origen: persistencia fue seleccionada por su desempeño retrospectivo. Las señales contextuales no modifican esta predicción.,growth_1,trend_3,neighbor_growth_lag1,crecimiento reciente: 6.89% (contexto no causal),0.0688848018725965,POSITIVE,tendencia trimestral: 548.50 endpoints/mes (contexto no causal),548.5,POSITIVE,crecimiento vecinal reciente: 5.24% (contexto no causal),0.0524472537797898,POSITIVE,True,0.3333333333333333,Las señales vecinales son contextuales y no implican causalidad; la geometría y disponibilidad espacial son parciales. Catálogo de estaciones sin vigencia histórica verificada. Pronóstico retrospectivo; no es una corrida futura común.,2.0-phase6-persistence-context
col_3c107741e9aa5999ac5f00ed40d5deea,San Diego Churubusco,2025-08,12,2026-08,5679.0,5679.0,0.0,0.0,NEUTRAL,PERSISTENCE,VALIDATED_WITH_CAUTION,VALIDATED_FORECAST,v2_zero_endpoint_threshold,station_endpoints_per_calendar_month,3398.0,7960.0,4562.0,CONFORMAL_SYMMETRIC_ABS_RESIDUAL,0.8,,0,165,3,2025-07-01,2025-08-01T00:00:00,RETROSPECTIVE_REPLAY,False,CALIBRATED,2025-09-01T00:00:00,PERSISTENCE,El forecast mantiene el nivel de actividad registrado en su origen: persistencia fue seleccionada por su desempeño retrospectivo. Las señales contextuales no modifican esta predicción.,growth_1,trend_3,neighbor_growth_lag1,crecimiento reciente: -4.38% (contexto no causal),-0.0437784138743896,NEGATIVE,tendencia trimestral: -141.00 endpoints/mes (contexto no causal),-141.0,NEGATIVE,crecimiento vecinal reciente: -0.80% (contexto no causal),-0.0079709230504403,NEGATIVE,True,0.6666666666666666,Las señales vecinales son contextuales y no implican causalidad; la geometría y disponibilidad espacial son parciales. Catálogo de estaciones sin vigencia histórica verificada. Pronóstico retrospectivo; no es una corrida futura común.,2.0-phase6-persistence-context
col_3d725e14185a5c38a7d3e1cda93adc73,Anahuac I Seccion,2026-07,1,2026-08,24908.0,24908.0,0.0,0.0,NEUTRAL,PERSISTENCE,VALIDATED_SHORT_TERM,VALIDATED_FORECAST,v2_zero_endpoint_threshold,station_endpoints_per_calendar_month,23863.0,25953.0,2090.0,CONFORMAL_SYMMETRIC_ABS_RESIDUAL,0.8,0.7463284379172229,749,911,15,2026-06-01,2026-07-01T00:00:00,RETROSPECTIVE_REPLAY,False,CALIBRATED,2026-08-01T00:00:00,PERSISTENCE,El forecast mantiene el nivel de actividad registrado en su origen: persistencia fue seleccionada por su desempeño retrospectivo. Las señales contextuales no modifican esta predicción.,growth_1,trend_3,NONE,crecimiento reciente: 0.83% (contexto no causal),0.0083394057161363,POSITIVE,tendencia trimestral: -338.00 endpoints/mes (contexto no causal),-338.0,NEGATIVE,SIN_DATO,,UNAVAILABLE,False,,Las señales espaciales no están disponibles para este origen; el contexto no implica causalidad. Catálogo de estaciones sin vigencia histórica verificada. Pronóstico retrospectivo; no es una corrida futura común.,2.0-phase6-persistence-context
col_3d725e14185a5c38a7d3e1cda93adc73,Anahuac I Seccion,2026-04,3,2026-07,25808.0,25808.0,0.0,0.0,NEUTRAL,PERSISTENCE,VALIDATED_WITH_CAUTION,VALIDATED_FORECAST,v2_zero_endpoint_threshold,station_endpoints_per_calendar_month,24638.0,26978.0,2340.0,CONFORMAL_SYMMETRIC_ABS_RESIDUAL,0.8,0.8567961165048543,412,703,12,2026-03-01,2026-04-01T00:00:00,RETROSPECTIVE_REPLAY,False,CALIBRATED,2026-05-01T00:00:00,PERSISTENCE,El forecast mantiene el nivel de actividad registrado en su origen: persistencia fue seleccionada por su desempeño retrospectivo. Las señales contextuales no modifican esta predicción.,growth_1,trend_3,NONE,crecimiento reciente: -0.80% (contexto no causal),-0.0079569479146646,NEGATIVE,tendencia trimestral: 926.00 endpoints/mes (contexto no causal),926.0,POSITIVE,SIN_DATO,,UNAVAILABLE,False,,Las señales espaciales no están disponibles para este origen; el contexto no implica causalidad. Catálogo de estaciones sin vigencia histórica verificada. Pronóstico retrospectivo; no es una corrida futura común.,2.0-phase6-persistence-context
col_3d725e14185a5c38a7d3e1cda93adc73,Anahuac I Seccion,2026-02,6,2026-08,23956.0,23956.0,0.0,0.0,NEUTRAL,PERSISTENCE,VALIDATED_WITH_CAUTION,VALIDATED_FORECAST,v2_zero_endpoint_threshold,station_endpoints_per_calendar_month,22615.0,25297.0,2682.0,CONFORMAL_SYMMETRIC_ABS_RESIDUAL,0.8,0.8095238095238095,126,571,9,2026-01-01,2026-02-01T00:00:00,RETROSPECTIVE_REPLAY,False,CALIBRATED,2026-03-01T00:00:00,PERSISTENCE,El forecast mantiene el nivel de actividad registrado en su origen: persistencia fue seleccionada por su desempeño retrospectivo. Las señales contextuales no modifican esta predicción.,growth_1,trend_3,NONE,crecimiento reciente: -2.15% (contexto no causal),-0.0214851727800016,NEGATIVE,tendencia trimestral: 93.50 endpoints/mes (contexto no causal),93.5,POSITIVE,SIN_DATO,,UNAVAILABLE,False,,Las señales espaciales no están disponibles para este origen; el contexto no implica causalidad. Catálogo de estaciones sin vigencia histórica verificada. Pronóstico retrospectivo; no es una corrida futura común.,2.0-phase6-persistence-context
col_3d725e14185a5c38a7d3e1cda93adc73,Anahuac I Seccion,2025-08,12,2026-08,27210.0,27210.0,0.0,0.0,NEUTRAL,PERSISTENCE,VALIDATED_WITH_CAUTION,VALIDATED_FORECAST,v2_zero_endpoint_threshold,station_endpoints_per_calendar_month,24929.0,29491.0,4562.0,CONFORMAL_SYMMETRIC_ABS_RESIDUAL,0.8,,0,165,3,2025-07-01,2025-08-01T00:00:00,RETROSPECTIVE_REPLAY,False,CALIBRATED,2025-09-01T00:00:00,PERSISTENCE,El forecast mantiene el nivel de actividad registrado en su origen: persistencia fue seleccionada por su desempeño retrospectivo. Las señales contextuales no modifican esta predicción.,growth_1,trend_3,NONE,crecimiento reciente: -4.82% (contexto no causal),-0.0482353352688096,NEGATIVE,tendencia trimestral: -95.50 endpoints/mes (contexto no causal),-95.5,NEGATIVE,SIN_DATO,,UNAVAILABLE,False,,Las señales espaciales no están disponibles para este origen; el contexto no implica causalidad. Catálogo de estaciones sin vigencia histórica verificada. Pronóstico retrospectivo; no es una corrida futura común.,2.0-phase6-persistence-context
col_43db8a95c872541680d0688e731fe141,Polanco,2024-09,6,2025-03,227903.0,227903.0,0.0,0.0,NEUTRAL,PERSISTENCE,VALIDATED_WITH_CAUTION,VALIDATED_FORECAST,v2_zero_endpoint_threshold,station_endpoints_per_calendar_month,,,,CONFORMAL_SYMMETRIC_ABS_RESIDUAL,0.8,,0,0,0,,2024-09-01T00:00:00,RETROSPECTIVE_REPLAY,False,INSUFFICIENT_CALIBRATION_HISTORY,2024-10-01T00:00:00,PERSISTENCE,El forecast mantiene el nivel de actividad registrado en su origen: persistencia fue seleccionada por su desempeño retrospectivo. Las señales contextuales no modifican esta predicción.,growth_3,NONE,neighbor_growth_lag1,crecimiento trimestral: 0.09% (contexto no causal),0.00088712829544,POSITIVE,SIN_DATO,,UNAVAILABLE,crecimiento vecinal reciente: -2.42% (contexto no causal),-0.024205605614708,NEGATIVE,True,1.0,Las señales vecinales son contextuales y no implican causalidad; la geometría y disponibilidad espacial son parciales. Catálogo de estaciones sin vigencia histórica verificada. Pronóstico retrospectivo; no es una corrida futura común. Historia insuficiente para un intervalo.,2.0-phase6-persistence-context
col_43db8a95c872541680d0688e731fe141,Polanco,2024-09,12,2025-09,227903.0,227903.0,0.0,0.0,NEUTRAL,PERSISTENCE,VALIDATED_WITH_CAUTION,VALIDATED_FORECAST,v2_zero_endpoint_threshold,station_endpoints_per_calendar_month,,,,CONFORMAL_SYMMETRIC_ABS_RESIDUAL,0.8,,0,0,0,,2024-09-01T00:00:00,RETROSPECTIVE_REPLAY,False,INSUFFICIENT_CALIBRATION_HISTORY,2024-10-01T00:00:00,PERSISTENCE,El forecast mantiene el nivel de actividad registrado en su origen: persistencia fue seleccionada por su desempeño retrospectivo. Las señales contextuales no modifican esta predicción.,growth_3,NONE,neighbor_growth_lag1,crecimiento trimestral: 0.09% (contexto no causal),0.00088712829544,POSITIVE,SIN_DATO,,UNAVAILABLE,crecimiento vecinal reciente: -2.42% (contexto no causal),-0.024205605614708,NEGATIVE,True,1.0,Las señales vecinales son contextuales y no implican causalidad; la geometría y disponibilidad espacial son parciales. Catálogo de estaciones sin vigencia histórica verificada. Pronóstico retrospectivo; no es una corrida futura común. Historia insuficiente para un intervalo.,2.0-phase6-persistence-context
col_46ef3d6067b85bc580fd6f574f0e5a26,Claveria,2026-07,1,2026-08,12862.0,12862.0,0.0,0.0,NEUTRAL,PERSISTENCE,VALIDATED_SHORT_TERM,VALIDATED_FORECAST,v2_zero_endpoint_threshold,station_endpoints_per_calendar_month,11817.0,13907.0,2090.0,CONFORMAL_SYMMETRIC_ABS_RESIDUAL,0.8,0.7463284379172229,749,911,15,2026-06-01,2026-07-01T00:00:00,RETROSPECTIVE_REPLAY,False,CALIBRATED,2026-08-01T00:00:00,PERSISTENCE,El forecast mantiene el nivel de actividad registrado en su origen: persistencia fue seleccionada por su desempeño retrospectivo. Las señales contextuales no modifican esta predicción.,growth_1,trend_3,neighbor_growth_lag1,crecimiento reciente: 1.77% (contexto no causal),0.0177243234689033,POSITIVE,tendencia trimestral: -149.50 endpoints/mes (contexto no causal),-149.5,NEGATIVE,crecimiento vecinal reciente: 3.16% (contexto no causal),0.031603138391353,POSITIVE,True,0.8571428571428568,Las señales vecinales son contextuales y no implican causalidad; la geometría y disponibilidad espacial son parciales. Catálogo de estaciones sin vigencia histórica verificada. Pronóstico retrospectivo; no es una corrida futura común.,2.0-phase6-persistence-context
col_46ef3d6067b85bc580fd6f574f0e5a26,Claveria,2026-05,3,2026-08,13161.0,13161.0,0.0,0.0,NEUTRAL,PERSISTENCE,VALIDATED_WITH_CAUTION,VALIDATED_FORECAST,v2_zero_endpoint_threshold,station_endpoints_per_calendar_month,11883.0,14439.0,2556.0,CONFORMAL_SYMMETRIC_ABS_RESIDUAL,0.8,0.8016359918200409,489,780,13,2026-04-01,2026-05-01T00:00:00,RETROSPECTIVE_REPLAY,False,CALIBRATED,2026-06-01T00:00:00,PERSISTENCE,El forecast mantiene el nivel de actividad registrado en su origen: persistencia fue seleccionada por su desempeño retrospectivo. Las señales contextuales no modifican esta predicción.,growth_1,trend_3,neighbor_growth_lag1,crecimiento reciente: -0.15% (contexto no causal),-0.0015173355587588,NEGATIVE,tendencia trimestral: -99.00 endpoints/mes (contexto no causal),-99.0,NEGATIVE,crecimiento vecinal reciente: -3.28% (contexto no causal),-0.0328310330961041,NEGATIVE,True,0.9999999999999996,Las señales vecinales son contextuales y no implican causalidad; la geometría y disponibilidad espacial son parciales. Catálogo de estaciones sin vigencia histórica verificada. Pronóstico retrospectivo; no es una corrida futura común.,2.0-phase6-persistence-context
col_46ef3d6067b85bc580fd6f574f0e5a26,Claveria,2026-01,6,2026-07,12104.0,12104.0,0.0,0.0,NEUTRAL,PERSISTENCE,VALIDATED_WITH_CAUTION,VALIDATED_FORECAST,v2_zero_endpoint_threshold,station_endpoints_per_calendar_month,10759.0,13449.0,2690.0,CONFORMAL_SYMMETRIC_ABS_RESIDUAL,0.8,0.8070175438596491,57,502,8,2025-12-01,2026-01-01T00:00:00,RETROSPECTIVE_REPLAY,False,CALIBRATED,2026-02-01T00:00:00,PERSISTENCE,El forecast mantiene el nivel de actividad registrado en su origen: persistencia fue seleccionada por su desempeño retrospectivo. Las señales contextuales no modifican esta predicción.,growth_1,trend_3,neighbor_growth_lag1,crecimiento reciente: 6.09% (contexto no causal),0.060916820054343,POSITIVE,tendencia trimestral: -274.50 endpoints/mes (contexto no causal),-274.5,NEGATIVE,crecimiento vecinal reciente: 5.25% (contexto no causal),0.0525397206310527,POSITIVE,True,0.8571428571428568,Las señales vecinales son contextuales y no implican causalidad; la geometría y disponibilidad espacial son parciales. Catálogo de estaciones sin vigencia histórica verificada. Pronóstico retrospectivo; no es una corrida futura común.,2.0-phase6-persistence-context
col_46ef3d6067b85bc580fd6f574f0e5a26,Claveria,2025-07,12,2026-07,13567.0,13567.0,0.0,0.0,NEUTRAL,PERSISTENCE,VALIDATED_WITH_CAUTION,VALIDATED_FORECAST,v2_zero_endpoint_threshold,station_endpoints_per_calendar_month,11202.0,15932.0,4730.0,CONFORMAL_SYMMETRIC_ABS_RESIDUAL,0.8,,0,100,2,2025-06-01,2025-07-01T00:00:00,RETROSPECTIVE_REPLAY,False,CALIBRATED,2025-08-01T00:00:00,PERSISTENCE,El forecast mantiene el nivel de actividad registrado en su origen: persistencia fue seleccionada por su desempeño retrospectivo. Las señales contextuales no modifican esta predicción.,growth_1,trend_3,neighbor_growth_lag1,crecimiento reciente: 16.17% (contexto no causal),0.161657676170905,POSITIVE,tendencia trimestral: -485.00 endpoints/mes (contexto no causal),-485.0,NEGATIVE,crecimiento vecinal reciente: 9.47% (contexto no causal),0.0947348660025586,POSITIVE,True,0.8571428571428568,Las señales vecinales son contextuales y no implican causalidad; la geometría y disponibilidad espacial son parciales. Catálogo de estaciones sin vigencia histórica verificada. Pronóstico retrospectivo; no es una corrida futura común.,2.0-phase6-persistence-context
col_47716220585b527aaf095e5cd827326f,San Angel,2026-07,1,2026-08,2985.0,2985.0,0.0,0.0,NEUTRAL,PERSISTENCE,VALIDATED_SHORT_TERM,VALIDATED_FORECAST,v2_zero_endpoint_threshold,station_endpoints_per_calendar_month,1940.0,4030.0,2090.0,CONFORMAL_SYMMETRIC_ABS_RESIDUAL,0.8,0.7463284379172229,749,911,15,2026-06-01,2026-07-01T00:00:00,RETROSPECTIVE_REPLAY,False,CALIBRATED,2026-08-01T00:00:00,PERSISTENCE,El forecast mantiene el nivel de actividad registrado en su origen: persistencia fue seleccionada por su desempeño retrospectivo. Las señales contextuales no modifican esta predicción.,growth_1,trend_3,neighbor_growth_lag1,crecimiento reciente: 5.74% (contexto no causal),0.0573857598299681,POSITIVE,tendencia trimestral: -67.00 endpoints/mes (contexto no causal),-67.0,NEGATIVE,crecimiento vecinal reciente: 10.60% (contexto no causal),0.1059924102021004,POSITIVE,True,1.0,Las señales vecinales son contextuales y no implican causalidad; la geometría y disponibilidad espacial son parciales. Catálogo de estaciones sin vigencia histórica verificada. Pronóstico retrospectivo; no es una corrida futura común.,2.0-phase6-persistence-context
col_47716220585b527aaf095e5cd827326f,San Angel,2026-05,3,2026-08,3119.0,3119.0,0.0,0.0,NEUTRAL,PERSISTENCE,VALIDATED_WITH_CAUTION,VALIDATED_FORECAST,v2_zero_endpoint_threshold,station_endpoints_per_calendar_month,1841.0,4397.0,2556.0,CONFORMAL_SYMMETRIC_ABS_RESIDUAL,0.8,0.8016359918200409,489,780,13,2026-04-01,2026-05-01T00:00:00,RETROSPECTIVE_REPLAY,False,CALIBRATED,2026-06-01T00:00:00,PERSISTENCE,El forecast mantiene el nivel de actividad registrado en su origen: persistencia fue seleccionada por su desempeño retrospectivo. Las señales contextuales no modifican esta predicción.,growth_1,trend_3,neighbor_growth_lag1,crecimiento reciente: 7.96% (contexto no causal),0.0796123226029768,POSITIVE,tendencia trimestral: 18.50 endpoints/mes (contexto no causal),18.5,POSITIVE,crecimiento vecinal reciente: 0.37% (contexto no causal),0.0036756432375665,POSITIVE,True,1.0,Las señales vecinales son contextuales y no implican causalidad; la geometría y disponibilidad espacial son parciales. Catálogo de estaciones sin vigencia histórica verificada. Pronóstico retrospectivo; no es una corrida futura común.,2.0-phase6-persistence-context
col_47716220585b527aaf095e5cd827326f,San Angel,2026-02,6,2026-08,2981.0,2981.0,0.0,0.0,NEUTRAL,PERSISTENCE,VALIDATED_WITH_CAUTION,VALIDATED_FORECAST,v2_zero_endpoint_threshold,station_endpoints_per_calendar_month,1640.0,4322.0,2682.0,CONFORMAL_SYMMETRIC_ABS_RESIDUAL,0.8,0.8095238095238095,126,571,9,2026-01-01,2026-02-01T00:00:00,RETROSPECTIVE_REPLAY,False,CALIBRATED,2026-03-01T00:00:00,PERSISTENCE,El forecast mantiene el nivel de actividad registrado en su origen: persistencia fue seleccionada por su desempeño retrospectivo. Las señales contextuales no modifican esta predicción.,growth_1,trend_3,NONE,crecimiento reciente: -9.75% (contexto no causal),-0.0974871329094762,NEGATIVE,tendencia trimestral: -36.00 endpoints/mes (contexto no causal),-36.0,NEGATIVE,SIN_DATO,,UNAVAILABLE,False,0.0,Las señales espaciales no están disponibles para este origen; el contexto no implica causalidad. Catálogo de estaciones sin vigencia histórica verificada. Pronóstico retrospectivo; no es una corrida futura común.,2.0-phase6-persistence-context
col_47716220585b527aaf095e5cd827326f,San Angel,2025-08,12,2026-08,3039.0,3039.0,0.0,0.0,NEUTRAL,PERSISTENCE,VALIDATED_WITH_CAUTION,VALIDATED_FORECAST,v2_zero_endpoint_threshold,station_endpoints_per_calendar_month,758.0,5320.0,4562.0,CONFORMAL_SYMMETRIC_ABS_RESIDUAL,0.8,,0,165,3,2025-07-01,2025-08-01T00:00:00,RETROSPECTIVE_REPLAY,False,CALIBRATED,2025-09-01T00:00:00,PERSISTENCE,El forecast mantiene el nivel de actividad registrado en su origen: persistencia fue seleccionada por su desempeño retrospectivo. Las señales contextuales no modifican esta predicción.,growth_1,trend_3,neighbor_growth_lag1,crecimiento reciente: -10.01% (contexto no causal),-0.100088836245188,NEGATIVE,tendencia trimestral: -57.00 endpoints/mes (contexto no causal),-57.0,NEGATIVE,crecimiento vecinal reciente: -11.93% (contexto no causal),-0.1192604216415364,NEGATIVE,True,1.0,Las señales vecinales son contextuales y no implican causalidad; la geometría y disponibilidad espacial son parciales. Catálogo de estaciones sin vigencia histórica verificada. Pronóstico retrospectivo; no es una corrida futura común.,2.0-phase6-persistence-context
col_479170cdfd5b53c484ffa7a376547b3a,Alamos,2026-01,1,2026-02,26831.0,26831.0,0.0,0.0,NEUTRAL,PERSISTENCE,VALIDATED_SHORT_TERM,VALIDATED_FORECAST,v2_zero_endpoint_threshold,station_endpoints_per_calendar_month,25841.0,27821.0,1980.0,CONFORMAL_SYMMETRIC_ABS_RESIDUAL,0.8,0.7002652519893899,377,539,9,2025-12-01,2026-01-01T00:00:00,RETROSPECTIVE_REPLAY,False,CALIBRATED,2026-02-01T00:00:00,PERSISTENCE,El forecast mantiene el nivel de actividad registrado en su origen: persistencia fue seleccionada por su desempeño retrospectivo. Las señales contextuales no modifican esta predicción.,growth_1,trend_3,neighbor_growth_lag1,crecimiento reciente: 5.55% (contexto no causal),0.0554659533456591,POSITIVE,tendencia trimestral: -249.50 endpoints/mes (contexto no causal),-249.5,NEGATIVE,crecimiento vecinal reciente: 3.33% (contexto no causal),0.0332557939174636,POSITIVE,True,0.5,Las señales vecinales son contextuales y no implican causalidad; la geometría y disponibilidad espacial son parciales. Catálogo de estaciones sin vigencia histórica verificada. Pronóstico retrospectivo; no es una corrida futura común.,2.0-phase6-persistence-context
col_479170cdfd5b53c484ffa7a376547b3a,Alamos,2026-01,3,2026-04,26831.0,26831.0,0.0,0.0,NEUTRAL,PERSISTENCE,VALIDATED_WITH_CAUTION,VALIDATED_FORECAST,v2_zero_endpoint_threshold,station_endpoints_per_calendar_month,25658.0,28004.0,2346.0,CONFORMAL_SYMMETRIC_ABS_RESIDUAL,0.8,0.8825910931174089,247,538,9,2025-12-01,2026-01-01T00:00:00,RETROSPECTIVE_REPLAY,False,CALIBRATED,2026-02-01T00:00:00,PERSISTENCE,El forecast mantiene el nivel de actividad registrado en su origen: persistencia fue seleccionada por su desempeño retrospectivo. Las señales contextuales no modifican esta predicción.,growth_1,trend_3,neighbor_growth_lag1,crecimiento reciente: 5.55% (contexto no causal),0.0554659533456591,POSITIVE,tendencia trimestral: -249.50 endpoints/mes (contexto no causal),-249.5,NEGATIVE,crecimiento vecinal reciente: 3.33% (contexto no causal),0.0332557939174636,POSITIVE,True,0.5,Las señales vecinales son contextuales y no implican causalidad; la geometría y disponibilidad espacial son parciales. Catálogo de estaciones sin vigencia histórica verificada. Pronóstico retrospectivo; no es una corrida futura común.,2.0-phase6-persistence-context
col_479170cdfd5b53c484ffa7a376547b3a,Alamos,2026-01,6,2026-07,26831.0,26831.0,0.0,0.0,NEUTRAL,PERSISTENCE,VALIDATED_WITH_CAUTION,VALIDATED_FORECAST,v2_zero_endpoint_threshold,station_endpoints_per_calendar_month,25486.0,28176.0,2690.0,CONFORMAL_SYMMETRIC_ABS_RESIDUAL,0.8,0.8070175438596491,57,502,8,2025-12-01,2026-01-01T00:00:00,RETROSPECTIVE_REPLAY,False,CALIBRATED,2026-02-01T00:00:00,PERSISTENCE,El forecast mantiene el nivel de actividad registrado en su origen: persistencia fue seleccionada por su desempeño retrospectivo. Las señales contextuales no modifican esta predicción.,growth_1,trend_3,neighbor_growth_lag1,crecimiento reciente: 5.55% (contexto no causal),0.0554659533456591,POSITIVE,tendencia trimestral: -249.50 endpoints/mes (contexto no causal),-249.5,NEGATIVE,crecimiento vecinal reciente: 3.33% (contexto no causal),0.0332557939174636,POSITIVE,True,0.5,Las señales vecinales son contextuales y no implican causalidad; la geometría y disponibilidad espacial son parciales. Catálogo de estaciones sin vigencia histórica verificada. Pronóstico retrospectivo; no es una corrida futura común.,2.0-phase6-persistence-context
col_479170cdfd5b53c484ffa7a376547b3a,Alamos,2025-05,12,2026-05,29827.0,29827.0,0.0,0.0,NEUTRAL,PERSISTENCE,VALIDATED_WITH_CAUTION,VALIDATED_FORECAST,v2_zero_endpoint_threshold,station_endpoints_per_calendar_month,,,,CONFORMAL_SYMMETRIC_ABS_RESIDUAL,0.8,,0,0,0,,2025-05-01T00:00:00,RETROSPECTIVE_REPLAY,False,INSUFFICIENT_CALIBRATION_HISTORY,2025-06-01T00:00:00,PERSISTENCE,El forecast mantiene el nivel de actividad registrado en su origen: persistencia fue seleccionada por su desempeño retrospectivo. Las señales contextuales no modifican esta predicción.,growth_1,trend_3,neighbor_growth_lag1,crecimiento reciente: 6.31% (contexto no causal),0.0631237524950099,POSITIVE,tendencia trimestral: -44.00 endpoints/mes (contexto no causal),-44.0,NEGATIVE,crecimiento vecinal reciente: 8.83% (contexto no causal),0.0883323939125533,POSITIVE,True,0.5,Las señales vecinales son contextuales y no implican causalidad; la geometría y disponibilidad espacial son parciales. Catálogo de estaciones sin vigencia histórica verificada. Pronóstico retrospectivo; no es una corrida futura común. Historia insuficiente para un intervalo.,2.0-phase6-persistence-context
col_49351caf73a652ba8bcc7655ce37dd18,Anahuac,2026-05,1,2026-06,40307.0,40307.0,0.0,0.0,NEUTRAL,PERSISTENCE,VALIDATED_SHORT_TERM,VALIDATED_FORECAST,v2_zero_endpoint_threshold,station_endpoints_per_calendar_month,39228.0,41386.0,2158.0,CONFORMAL_SYMMETRIC_ABS_RESIDUAL,0.8,0.7199367088607594,632,794,13,2026-04-01,2026-05-01T00:00:00,RETROSPECTIVE_REPLAY,False,CALIBRATED,2026-06-01T00:00:00,PERSISTENCE,El forecast mantiene el nivel de actividad registrado en su origen: persistencia fue seleccionada por su desempeño retrospectivo. Las señales contextuales no modifican esta predicción.,growth_1,trend_3,neighbor_growth_lag1,crecimiento reciente: 1.40% (contexto no causal),0.013961561682431,POSITIVE,tendencia trimestral: -930.00 endpoints/mes (contexto no causal),-930.0,NEGATIVE,crecimiento vecinal reciente: -1.79% (contexto no causal),-0.0178637101328854,NEGATIVE,True,0.75,Las señales vecinales son contextuales y no implican causalidad; la geometría y disponibilidad espacial son parciales. Catálogo de estaciones sin vigencia histórica verificada. Pronóstico retrospectivo; no es una corrida futura común.,2.0-phase6-persistence-context
col_49351caf73a652ba8bcc7655ce37dd18,Anahuac,2026-05,3,2026-08,40307.0,40307.0,0.0,0.0,NEUTRAL,PERSISTENCE,VALIDATED_WITH_CAUTION,VALIDATED_FORECAST,v2_zero_endpoint_threshold,station_endpoints_per_calendar_month,39029.0,41585.0,2556.0,CONFORMAL_SYMMETRIC_ABS_RESIDUAL,0.8,0.8016359918200409,489,780,13,2026-04-01,2026-05-01T00:00:00,RETROSPECTIVE_REPLAY,False,CALIBRATED,2026-06-01T00:00:00,PERSISTENCE,El forecast mantiene el nivel de actividad registrado en su origen: persistencia fue seleccionada por su desempeño retrospectivo. Las señales contextuales no modifican esta predicción.,growth_1,trend_3,neighbor_growth_lag1,crecimiento reciente: 1.40% (contexto no causal),0.013961561682431,POSITIVE,tendencia trimestral: -930.00 endpoints/mes (contexto no causal),-930.0,NEGATIVE,crecimiento vecinal reciente: -1.79% (contexto no causal),-0.0178637101328854,NEGATIVE,True,0.75,Las señales vecinales son contextuales y no implican causalidad; la geometría y disponibilidad espacial son parciales. Catálogo de estaciones sin vigencia histórica verificada. Pronóstico retrospectivo; no es una corrida futura común.,2.0-phase6-persistence-context
col_49351caf73a652ba8bcc7655ce37dd18,Anahuac,2025-11,6,2026-05,39762.0,39762.0,0.0,0.0,NEUTRAL,PERSISTENCE,VALIDATED_WITH_CAUTION,VALIDATED_FORECAST,v2_zero_endpoint_threshold,station_endpoints_per_calendar_month,38421.0,41103.0,2682.0,CONFORMAL_SYMMETRIC_ABS_RESIDUAL,0.8,,0,430,7,2025-10-01,2025-11-01T00:00:00,RETROSPECTIVE_REPLAY,False,CALIBRATED,2025-12-01T00:00:00,PERSISTENCE,El forecast mantiene el nivel de actividad registrado en su origen: persistencia fue seleccionada por su desempeño retrospectivo. Las señales contextuales no modifican esta predicción.,growth_1,trend_3,neighbor_growth_lag1,crecimiento reciente: -8.15% (contexto no causal),-0.0815180984500242,NEGATIVE,tendencia trimestral: -198.00 endpoints/mes (contexto no causal),-198.0,NEGATIVE,crecimiento vecinal reciente: -11.99% (contexto no causal),-0.1199209041140937,NEGATIVE,True,1.0,Las señales vecinales son contextuales y no implican causalidad; la geometría y disponibilidad espacial son parciales. Catálogo de estaciones sin vigencia histórica verificada. Pronóstico retrospectivo; no es una corrida futura común.,2.0-phase6-persistence-context
col_49351caf73a652ba8bcc7655ce37dd18,Anahuac,2025-08,12,2026-08,39168.0,39168.0,0.0,0.0,NEUTRAL,PERSISTENCE,VALIDATED_WITH_CAUTION,VALIDATED_FORECAST,v2_zero_endpoint_threshold,station_endpoints_per_calendar_month,36887.0,41449.0,4562.0,CONFORMAL_SYMMETRIC_ABS_RESIDUAL,0.8,,0,165,3,2025-07-01,2025-08-01T00:00:00,RETROSPECTIVE_REPLAY,False,CALIBRATED,2025-09-01T00:00:00,PERSISTENCE,El forecast mantiene el nivel de actividad registrado en su origen: persistencia fue seleccionada por su desempeño retrospectivo. Las señales contextuales no modifican esta predicción.,growth_1,trend_3,neighbor_growth_lag1,crecimiento reciente: -3.04% (contexto no causal),-0.0304230512166745,NEGATIVE,tendencia trimestral: 259.00 endpoints/mes (contexto no causal),259.0,POSITIVE,crecimiento vecinal reciente: -2.88% (contexto no causal),-0.0287731190173165,NEGATIVE,True,0.75,Las señales vecinales son contextuales y no implican causalidad; la geometría y disponibilidad espacial son parciales. Catálogo de estaciones sin vigencia histórica verificada. Pronóstico retrospectivo; no es una corrida futura común.,2.0-phase6-persistence-context
col_49f6b5a0ab625bda9ca00f7acd601c17,Americas Unidas,2026-06,1,2026-07,12583.0,12583.0,0.0,0.0,NEUTRAL,PERSISTENCE,VALIDATED_SHORT_TERM,VALIDATED_FORECAST,v2_zero_endpoint_threshold,station_endpoints_per_calendar_month,11512.0,13654.0,2142.0,CONFORMAL_SYMMETRIC_ABS_RESIDUAL,0.8,0.7312775330396476,681,843,14,2026-05-01,2026-06-01T00:00:00,RETROSPECTIVE_REPLAY,False,CALIBRATED,2026-07-01T00:00:00,PERSISTENCE,El forecast mantiene el nivel de actividad registrado en su origen: persistencia fue seleccionada por su desempeño retrospectivo. Las señales contextuales no modifican esta predicción.,growth_1,trend_3,NONE,crecimiento reciente: -14.35% (contexto no causal),-0.1435475088483528,NEGATIVE,tendencia trimestral: 155.00 endpoints/mes (contexto no causal),155.0,POSITIVE,SIN_DATO,,UNAVAILABLE,False,,Las señales espaciales no están disponibles para este origen; el contexto no implica causalidad. Catálogo de estaciones sin vigencia histórica verificada. Pronóstico retrospectivo; no es una corrida futura común.,2.0-phase6-persistence-context
col_49f6b5a0ab625bda9ca00f7acd601c17,Americas Unidas,2026-05,3,2026-08,14692.0,14692.0,0.0,0.0,NEUTRAL,PERSISTENCE,VALIDATED_WITH_CAUTION,VALIDATED_FORECAST,v2_zero_endpoint_threshold,station_endpoints_per_calendar_month,13414.0,15970.0,2556.0,CONFORMAL_SYMMETRIC_ABS_RESIDUAL,0.8,0.8016359918200409,489,780,13,2026-04-01,2026-05-01T00:00:00,RETROSPECTIVE_REPLAY,False,CALIBRATED,2026-06-01T00:00:00,PERSISTENCE,El forecast mantiene el nivel de actividad registrado en su origen: persistencia fue seleccionada por su desempeño retrospectivo. Las señales contextuales no modifican esta predicción.,growth_1,trend_3,NONE,crecimiento reciente: 19.71% (contexto no causal),0.1970993237187321,POSITIVE,tendencia trimestral: 1294.50 endpoints/mes (contexto no causal),1294.5,POSITIVE,SIN_DATO,,UNAVAILABLE,False,,Las señales espaciales no están disponibles para este origen; el contexto no implica causalidad. Catálogo de estaciones sin vigencia histórica verificada. Pronóstico retrospectivo; no es una corrida futura común.,2.0-phase6-persistence-context
col_49f6b5a0ab625bda9ca00f7acd601c17,Americas Unidas,2026-01,6,2026-07,11511.0,11511.0,0.0,0.0,NEUTRAL,PERSISTENCE,VALIDATED_WITH_CAUTION,VALIDATED_FORECAST,v2_zero_endpoint_threshold,station_endpoints_per_calendar_month,10166.0,12856.0,2690.0,CONFORMAL_SYMMETRIC_ABS_RESIDUAL,0.8,0.8070175438596491,57,502,8,2025-12-01,2026-01-01T00:00:00,RETROSPECTIVE_REPLAY,False,CALIBRATED,2026-02-01T00:00:00,PERSISTENCE,El forecast mantiene el nivel de actividad registrado en su origen: persistencia fue seleccionada por su desempeño retrospectivo. Las señales contextuales no modifican esta predicción.,growth_1,trend_3,NONE,crecimiento reciente: 9.17% (contexto no causal),0.0917109256449165,POSITIVE,tendencia trimestral: 115.50 endpoints/mes (contexto no causal),115.5,POSITIVE,SIN_DATO,,UNAVAILABLE,False,,Las señales espaciales no están disponibles para este origen; el contexto no implica causalidad. Catálogo de estaciones sin vigencia histórica verificada. Pronóstico retrospectivo; no es una corrida futura común.,2.0-phase6-persistence-context
col_49f6b5a0ab625bda9ca00f7acd601c17,Americas Unidas,2025-08,12,2026-08,11502.0,11502.0,0.0,0.0,NEUTRAL,PERSISTENCE,VALIDATED_WITH_CAUTION,VALIDATED_FORECAST,v2_zero_endpoint_threshold,station_endpoints_per_calendar_month,9221.0,13783.0,4562.0,CONFORMAL_SYMMETRIC_ABS_RESIDUAL,0.8,,0,165,3,2025-07-01,2025-08-01T00:00:00,RETROSPECTIVE_REPLAY,False,CALIBRATED,2025-09-01T00:00:00,PERSISTENCE,El forecast mantiene el nivel de actividad registrado en su origen: persistencia fue seleccionada por su desempeño retrospectivo. Las señales contextuales no modifican esta predicción.,growth_1,trend_3,NONE,crecimiento reciente: -3.11% (contexto no causal),-0.0310841546626232,NEGATIVE,tendencia trimestral: 538.00 endpoints/mes (contexto no causal),538.0,POSITIVE,SIN_DATO,,UNAVAILABLE,False,,Las señales espaciales no están disponibles para este origen; el contexto no implica causalidad. Catálogo de estaciones sin vigencia histórica verificada. Pronóstico retrospectivo; no es una corrida futura común.,2.0-phase6-persistence-context
col_4a6ce89e87ac5037b13cd12239825b31,Residencial Emperadores,2026-07,1,2026-08,1925.0,1925.0,0.0,0.0,NEUTRAL,PERSISTENCE,VALIDATED_SHORT_TERM,VALIDATED_FORECAST,v2_zero_endpoint_threshold,station_endpoints_per_calendar_month,880.0,2970.0,2090.0,CONFORMAL_SYMMETRIC_ABS_RESIDUAL,0.8,0.7463284379172229,749,911,15,2026-06-01,2026-07-01T00:00:00,RETROSPECTIVE_REPLAY,False,CALIBRATED,2026-08-01T00:00:00,PERSISTENCE,El forecast mantiene el nivel de actividad registrado en su origen: persistencia fue seleccionada por su desempeño retrospectivo. Las señales contextuales no modifican esta predicción.,growth_1,trend_3,NONE,crecimiento reciente: -1.94% (contexto no causal),-0.0193581253183902,NEGATIVE,tendencia trimestral: -87.50 endpoints/mes (contexto no causal),-87.5,NEGATIVE,SIN_DATO,,UNAVAILABLE,False,0.0,Las señales espaciales no están disponibles para este origen; el contexto no implica causalidad. Catálogo de estaciones sin vigencia histórica verificada. Pronóstico retrospectivo; no es una corrida futura común.,2.0-phase6-persistence-context
col_4a6ce89e87ac5037b13cd12239825b31,Residencial Emperadores,2026-04,3,2026-07,2061.0,2061.0,0.0,0.0,NEUTRAL,PERSISTENCE,VALIDATED_WITH_CAUTION,VALIDATED_FORECAST,v2_zero_endpoint_threshold,station_endpoints_per_calendar_month,891.0,3231.0,2340.0,CONFORMAL_SYMMETRIC_ABS_RESIDUAL,0.8,0.8567961165048543,412,703,12,2026-03-01,2026-04-01T00:00:00,RETROSPECTIVE_REPLAY,False,CALIBRATED,2026-05-01T00:00:00,PERSISTENCE,El forecast mantiene el nivel de actividad registrado en su origen: persistencia fue seleccionada por su desempeño retrospectivo. Las señales contextuales no modifican esta predicción.,growth_1,trend_3,NONE,crecimiento reciente: -18.25% (contexto no causal),-0.1824672748909163,NEGATIVE,tendencia trimestral: -21.50 endpoints/mes (contexto no causal),-21.5,NEGATIVE,SIN_DATO,,UNAVAILABLE,False,0.0,Las señales espaciales no están disponibles para este origen; el contexto no implica causalidad. Catálogo de estaciones sin vigencia histórica verificada. Pronóstico retrospectivo; no es una corrida futura común.,2.0-phase6-persistence-context
col_4a6ce89e87ac5037b13cd12239825b31,Residencial Emperadores,2026-02,6,2026-08,2104.0,2104.0,0.0,0.0,NEUTRAL,PERSISTENCE,VALIDATED_WITH_CAUTION,VALIDATED_FORECAST,v2_zero_endpoint_threshold,station_endpoints_per_calendar_month,763.0,3445.0,2682.0,CONFORMAL_SYMMETRIC_ABS_RESIDUAL,0.8,0.8095238095238095,126,571,9,2026-01-01,2026-02-01T00:00:00,RETROSPECTIVE_REPLAY,False,CALIBRATED,2026-03-01T00:00:00,PERSISTENCE,El forecast mantiene el nivel de actividad registrado en su origen: persistencia fue seleccionada por su desempeño retrospectivo. Las señales contextuales no modifican esta predicción.,growth_1,trend_3,NONE,crecimiento reciente: -0.94% (contexto no causal),-0.0094161958568738,NEGATIVE,tendencia trimestral: 137.00 endpoints/mes (contexto no causal),137.0,POSITIVE,SIN_DATO,,UNAVAILABLE,False,0.0,Las señales espaciales no están disponibles para este origen; el contexto no implica causalidad. Catálogo de estaciones sin vigencia histórica verificada. Pronóstico retrospectivo; no es una corrida futura común.,2.0-phase6-persistence-context
col_4a6ce89e87ac5037b13cd12239825b31,Residencial Emperadores,2025-08,12,2026-08,1850.0,1850.0,0.0,0.0,NEUTRAL,PERSISTENCE,VALIDATED_WITH_CAUTION,VALIDATED_FORECAST,v2_zero_endpoint_threshold,station_endpoints_per_calendar_month,0.0,4131.0,4131.0,CONFORMAL_SYMMETRIC_ABS_RESIDUAL,0.8,,0,165,3,2025-07-01,2025-08-01T00:00:00,RETROSPECTIVE_REPLAY,True,CALIBRATED,2025-09-01T00:00:00,PERSISTENCE,El forecast mantiene el nivel de actividad registrado en su origen: persistencia fue seleccionada por su desempeño retrospectivo. Las señales contextuales no modifican esta predicción.,growth_1,trend_3,NONE,crecimiento reciente: -20.67% (contexto no causal),-0.2066895368782161,NEGATIVE,tendencia trimestral: -143.00 endpoints/mes (contexto no causal),-143.0,NEGATIVE,SIN_DATO,,UNAVAILABLE,False,0.0,Las señales espaciales no están disponibles para este origen; el contexto no implica causalidad. Catálogo de estaciones sin vigencia histórica verificada. Pronóstico retrospectivo; no es una corrida futura común.,2.0-phase6-persistence-context
col_4b057d99c17f5783822af98b43744780,Santa Catarina,2026-07,1,2026-08,12072.0,12072.0,0.0,0.0,NEUTRAL,PERSISTENCE,VALIDATED_SHORT_TERM,VALIDATED_FORECAST,v2_zero_endpoint_threshold,station_endpoints_per_calendar_month,11027.0,13117.0,2090.0,CONFORMAL_SYMMETRIC_ABS_RESIDUAL,0.8,0.7463284379172229,749,911,15,2026-06-01,2026-07-01T00:00:00,RETROSPECTIVE_REPLAY,False,CALIBRATED,2026-08-01T00:00:00,PERSISTENCE,El forecast mantiene el nivel de actividad registrado en su origen: persistencia fue seleccionada por su desempeño retrospectivo. Las señales contextuales no modifican esta predicción.,growth_1,trend_3,neighbor_growth_lag1,crecimiento reciente: -0.79% (contexto no causal),-0.0078895463510848,NEGATIVE,tendencia trimestral: -886.50 endpoints/mes (contexto no causal),-886.5,NEGATIVE,crecimiento vecinal reciente: -8.19% (contexto no causal),-0.0819310897435897,NEGATIVE,True,0.5,Las señales vecinales son contextuales y no implican causalidad; la geometría y disponibilidad espacial son parciales. Catálogo de estaciones sin vigencia histórica verificada. Pronóstico retrospectivo; no es una corrida futura común.,2.0-phase6-persistence-context
col_4b057d99c17f5783822af98b43744780,Santa Catarina,2026-04,3,2026-07,13504.0,13504.0,0.0,0.0,NEUTRAL,PERSISTENCE,VALIDATED_WITH_CAUTION,VALIDATED_FORECAST,v2_zero_endpoint_threshold,station_endpoints_per_calendar_month,12334.0,14674.0,2340.0,CONFORMAL_SYMMETRIC_ABS_RESIDUAL,0.8,0.8567961165048543,412,703,12,2026-03-01,2026-04-01T00:00:00,RETROSPECTIVE_REPLAY,False,CALIBRATED,2026-05-01T00:00:00,PERSISTENCE,El forecast mantiene el nivel de actividad registrado en su origen: persistencia fue seleccionada por su desempeño retrospectivo. Las señales contextuales no modifican esta predicción.,growth_1,trend_3,NONE,crecimiento reciente: -5.02% (contexto no causal),-0.0501512274038123,NEGATIVE,tendencia trimestral: 395.50 endpoints/mes (contexto no causal),395.5,POSITIVE,SIN_DATO,,UNAVAILABLE,False,0.0,Las señales espaciales no están disponibles para este origen; el contexto no implica causalidad. Catálogo de estaciones sin vigencia histórica verificada. Pronóstico retrospectivo; no es una corrida futura común.,2.0-phase6-persistence-context
col_4b057d99c17f5783822af98b43744780,Santa Catarina,2026-02,6,2026-08,12713.0,12713.0,0.0,0.0,NEUTRAL,PERSISTENCE,VALIDATED_WITH_CAUTION,VALIDATED_FORECAST,v2_zero_endpoint_threshold,station_endpoints_per_calendar_month,11372.0,14054.0,2682.0,CONFORMAL_SYMMETRIC_ABS_RESIDUAL,0.8,0.8095238095238095,126,571,9,2026-01-01,2026-02-01T00:00:00,RETROSPECTIVE_REPLAY,False,CALIBRATED,2026-03-01T00:00:00,PERSISTENCE,El forecast mantiene el nivel de actividad registrado en su origen: persistencia fue seleccionada por su desempeño retrospectivo. Las señales contextuales no modifican esta predicción.,growth_1,trend_3,neighbor_growth_lag1,crecimiento reciente: -1.50% (contexto no causal),-0.0149542848287618,NEGATIVE,tendencia trimestral: 294.50 endpoints/mes (contexto no causal),294.5,POSITIVE,crecimiento vecinal reciente: 6.21% (contexto no causal),0.0621167161226508,POSITIVE,True,0.5,Las señales vecinales son contextuales y no implican causalidad; la geometría y disponibilidad espacial son parciales. Catálogo de estaciones sin vigencia histórica verificada. Pronóstico retrospectivo; no es una corrida futura común.,2.0-phase6-persistence-context
col_4b057d99c17f5783822af98b43744780,Santa Catarina,2025-07,12,2026-07,13782.0,13782.0,0.0,0.0,NEUTRAL,PERSISTENCE,VALIDATED_WITH_CAUTION,VALIDATED_FORECAST,v2_zero_endpoint_threshold,station_endpoints_per_calendar_month,11417.0,16147.0,4730.0,CONFORMAL_SYMMETRIC_ABS_RESIDUAL,0.8,,0,100,2,2025-06-01,2025-07-01T00:00:00,RETROSPECTIVE_REPLAY,False,CALIBRATED,2025-08-01T00:00:00,PERSISTENCE,El forecast mantiene el nivel de actividad registrado en su origen: persistencia fue seleccionada por su desempeño retrospectivo. Las señales contextuales no modifican esta predicción.,growth_1,trend_3,neighbor_growth_lag1,crecimiento reciente: 3.82% (contexto no causal),0.0381920903954802,POSITIVE,tendencia trimestral: -631.00 endpoints/mes (contexto no causal),-631.0,NEGATIVE,crecimiento vecinal reciente: 6.57% (contexto no causal),0.0657035135915462,POSITIVE,True,1.0,Las señales vecinales son contextuales y no implican causalidad; la geometría y disponibilidad espacial son parciales. Catálogo de estaciones sin vigencia histórica verificada. Pronóstico retrospectivo; no es una corrida futura común.,2.0-phase6-persistence-context
col_4d16bf4016d1531fac1806d04420e1fc,Acacias,2026-07,1,2026-08,9956.0,9956.0,0.0,0.0,NEUTRAL,PERSISTENCE,VALIDATED_SHORT_TERM,VALIDATED_FORECAST,v2_zero_endpoint_threshold,station_endpoints_per_calendar_month,8911.0,11001.0,2090.0,CONFORMAL_SYMMETRIC_ABS_RESIDUAL,0.8,0.7463284379172229,749,911,15,2026-06-01,2026-07-01T00:00:00,RETROSPECTIVE_REPLAY,False,CALIBRATED,2026-08-01T00:00:00,PERSISTENCE,El forecast mantiene el nivel de actividad registrado en su origen: persistencia fue seleccionada por su desempeño retrospectivo. Las señales contextuales no modifican esta predicción.,growth_1,trend_3,neighbor_growth_lag1,crecimiento reciente: 5.82% (contexto no causal),0.0582482993197278,POSITIVE,tendencia trimestral: -501.50 endpoints/mes (contexto no causal),-501.5,NEGATIVE,crecimiento vecinal reciente: 12.51% (contexto no causal),0.1251380819453311,POSITIVE,True,0.5,Las señales vecinales son contextuales y no implican causalidad; la geometría y disponibilidad espacial son parciales. Catálogo de estaciones sin vigencia histórica verificada. Pronóstico retrospectivo; no es una corrida futura común.,2.0-phase6-persistence-context
col_4d16bf4016d1531fac1806d04420e1fc,Acacias,2026-03,3,2026-06,11589.0,11589.0,0.0,0.0,NEUTRAL,PERSISTENCE,VALIDATED_WITH_CAUTION,VALIDATED_FORECAST,v2_zero_endpoint_threshold,station_endpoints_per_calendar_month,10426.0,12752.0,2326.0,CONFORMAL_SYMMETRIC_ABS_RESIDUAL,0.8,0.8668555240793201,353,644,11,2026-02-01,2026-03-01T00:00:00,RETROSPECTIVE_REPLAY,False,CALIBRATED,2026-04-01T00:00:00,PERSISTENCE,El forecast mantiene el nivel de actividad registrado en su origen: persistencia fue seleccionada por su desempeño retrospectivo. Las señales contextuales no modifican esta predicción.,growth_1,trend_3,neighbor_growth_lag1,crecimiento reciente: 8.64% (contexto no causal),0.0864347989125339,POSITIVE,tendencia trimestral: 229.50 endpoints/mes (contexto no causal),229.5,POSITIVE,crecimiento vecinal reciente: 11.74% (contexto no causal),0.1174472331928525,POSITIVE,True,1.0,Las señales vecinales son contextuales y no implican causalidad; la geometría y disponibilidad espacial son parciales. Catálogo de estaciones sin vigencia histórica verificada. Pronóstico retrospectivo; no es una corrida futura común.,2.0-phase6-persistence-context
col_4d16bf4016d1531fac1806d04420e1fc,Acacias,2026-02,6,2026-08,10667.0,10667.0,0.0,0.0,NEUTRAL,PERSISTENCE,VALIDATED_WITH_CAUTION,VALIDATED_FORECAST,v2_zero_endpoint_threshold,station_endpoints_per_calendar_month,9326.0,12008.0,2682.0,CONFORMAL_SYMMETRIC_ABS_RESIDUAL,0.8,0.8095238095238095,126,571,9,2026-01-01,2026-02-01T00:00:00,RETROSPECTIVE_REPLAY,False,CALIBRATED,2026-03-01T00:00:00,PERSISTENCE,El forecast mantiene el nivel de actividad registrado en su origen: persistencia fue seleccionada por su desempeño retrospectivo. Las señales contextuales no modifican esta predicción.,growth_1,trend_3,neighbor_growth_lag1,crecimiento reciente: -4.16% (contexto no causal),-0.0415992812219227,NEGATIVE,tendencia trimestral: 168.00 endpoints/mes (contexto no causal),168.0,POSITIVE,crecimiento vecinal reciente: -6.18% (contexto no causal),-0.061809027534561,NEGATIVE,True,0.75,Las señales vecinales son contextuales y no implican causalidad; la geometría y disponibilidad espacial son parciales. Catálogo de estaciones sin vigencia histórica verificada. Pronóstico retrospectivo; no es una corrida futura común.,2.0-phase6-persistence-context
col_4d16bf4016d1531fac1806d04420e1fc,Acacias,2025-08,12,2026-08,10673.0,10673.0,0.0,0.0,NEUTRAL,PERSISTENCE,VALIDATED_WITH_CAUTION,VALIDATED_FORECAST,v2_zero_endpoint_threshold,station_endpoints_per_calendar_month,8392.0,12954.0,4562.0,CONFORMAL_SYMMETRIC_ABS_RESIDUAL,0.8,,0,165,3,2025-07-01,2025-08-01T00:00:00,RETROSPECTIVE_REPLAY,False,CALIBRATED,2025-09-01T00:00:00,PERSISTENCE,El forecast mantiene el nivel de actividad registrado en su origen: persistencia fue seleccionada por su desempeño retrospectivo. Las señales contextuales no modifican esta predicción.,growth_1,trend_3,neighbor_growth_lag1,crecimiento reciente: -10.30% (contexto no causal),-0.1030338683923018,NEGATIVE,tendencia trimestral: -280.50 endpoints/mes (contexto no causal),-280.5,NEGATIVE,crecimiento vecinal reciente: -10.94% (contexto no causal),-0.1093677377166022,NEGATIVE,True,0.75,Las señales vecinales son contextuales y no implican causalidad; la geometría y disponibilidad espacial son parciales. Catálogo de estaciones sin vigencia histórica verificada. Pronóstico retrospectivo; no es una corrida futura común.,2.0-phase6-persistence-context
col_506a1cf0beec53eb97a74f9abc9cfe66,San Jose Insurgentes,2026-07,1,2026-08,19218.0,19218.0,0.0,0.0,NEUTRAL,PERSISTENCE,VALIDATED_SHORT_TERM,VALIDATED_FORECAST,v2_zero_endpoint_threshold,station_endpoints_per_calendar_month,18173.0,20263.0,2090.0,CONFORMAL_SYMMETRIC_ABS_RESIDUAL,0.8,0.7463284379172229,749,911,15,2026-06-01,2026-07-01T00:00:00,RETROSPECTIVE_REPLAY,False,CALIBRATED,2026-08-01T00:00:00,PERSISTENCE,El forecast mantiene el nivel de actividad registrado en su origen: persistencia fue seleccionada por su desempeño retrospectivo. Las señales contextuales no modifican esta predicción.,growth_1,trend_3,neighbor_growth_lag1,crecimiento reciente: 13.80% (contexto no causal),0.1380351749866761,POSITIVE,tendencia trimestral: -228.00 endpoints/mes (contexto no causal),-228.0,NEGATIVE,crecimiento vecinal reciente: 10.22% (contexto no causal),0.1021867115222876,POSITIVE,True,0.3333333333333333,Las señales vecinales son contextuales y no implican causalidad; la geometría y disponibilidad espacial son parciales. Catálogo de estaciones sin vigencia histórica verificada. Pronóstico retrospectivo; no es una corrida futura común.,2.0-phase6-persistence-context
col_506a1cf0beec53eb97a74f9abc9cfe66,San Jose Insurgentes,2026-05,3,2026-08,19674.0,19674.0,0.0,0.0,NEUTRAL,PERSISTENCE,VALIDATED_WITH_CAUTION,VALIDATED_FORECAST,v2_zero_endpoint_threshold,station_endpoints_per_calendar_month,18396.0,20952.0,2556.0,CONFORMAL_SYMMETRIC_ABS_RESIDUAL,0.8,0.8016359918200409,489,780,13,2026-04-01,2026-05-01T00:00:00,RETROSPECTIVE_REPLAY,False,CALIBRATED,2026-06-01T00:00:00,PERSISTENCE,El forecast mantiene el nivel de actividad registrado en su origen: persistencia fue seleccionada por su desempeño retrospectivo. Las señales contextuales no modifican esta predicción.,growth_1,trend_3,neighbor_growth_lag1,crecimiento reciente: 3.36% (contexto no causal),0.0336240411894504,POSITIVE,tendencia trimestral: 35.50 endpoints/mes (contexto no causal),35.5,POSITIVE,crecimiento vecinal reciente: 3.82% (contexto no causal),0.0381679389312977,POSITIVE,True,0.3333333333333333,Las señales vecinales son contextuales y no implican causalidad; la geometría y disponibilidad espacial son parciales. Catálogo de estaciones sin vigencia histórica verificada. Pronóstico retrospectivo; no es una corrida futura común.,2.0-phase6-persistence-context
col_506a1cf0beec53eb97a74f9abc9cfe66,San Jose Insurgentes,2026-01,6,2026-07,19905.0,19905.0,0.0,0.0,NEUTRAL,PERSISTENCE,VALIDATED_WITH_CAUTION,VALIDATED_FORECAST,v2_zero_endpoint_threshold,station_endpoints_per_calendar_month,18560.0,21250.0,2690.0,CONFORMAL_SYMMETRIC_ABS_RESIDUAL,0.8,0.8070175438596491,57,502,8,2025-12-01,2026-01-01T00:00:00,RETROSPECTIVE_REPLAY,False,CALIBRATED,2026-02-01T00:00:00,PERSISTENCE,El forecast mantiene el nivel de actividad registrado en su origen: persistencia fue seleccionada por su desempeño retrospectivo. Las señales contextuales no modifican esta predicción.,growth_1,trend_3,neighbor_growth_lag1,crecimiento reciente: 9.22% (contexto no causal),0.0921810699588477,POSITIVE,tendencia trimestral: -91.00 endpoints/mes (contexto no causal),-91.0,NEGATIVE,crecimiento vecinal reciente: 9.88% (contexto no causal),0.0987654320987654,POSITIVE,True,0.3333333333333333,Las señales vecinales son contextuales y no implican causalidad; la geometría y disponibilidad espacial son parciales. Catálogo de estaciones sin vigencia histórica verificada. Pronóstico retrospectivo; no es una corrida futura común.,2.0-phase6-persistence-context
col_506a1cf0beec53eb97a74f9abc9cfe66,San Jose Insurgentes,2025-08,12,2026-08,19225.0,19225.0,0.0,0.0,NEUTRAL,PERSISTENCE,VALIDATED_WITH_CAUTION,VALIDATED_FORECAST,v2_zero_endpoint_threshold,station_endpoints_per_calendar_month,16944.0,21506.0,4562.0,CONFORMAL_SYMMETRIC_ABS_RESIDUAL,0.8,,0,165,3,2025-07-01,2025-08-01T00:00:00,RETROSPECTIVE_REPLAY,False,CALIBRATED,2025-09-01T00:00:00,PERSISTENCE,El forecast mantiene el nivel de actividad registrado en su origen: persistencia fue seleccionada por su desempeño retrospectivo. Las señales contextuales no modifican esta predicción.,growth_1,trend_3,neighbor_growth_lag1,crecimiento reciente: -11.73% (contexto no causal),-0.117268928784609,NEGATIVE,tendencia trimestral: -718.00 endpoints/mes (contexto no causal),-718.0,NEGATIVE,crecimiento vecinal reciente: -11.80% (contexto no causal),-0.1179815676643974,NEGATIVE,True,0.6666666666666666,Las señales vecinales son contextuales y no implican causalidad; la geometría y disponibilidad espacial son parciales. Catálogo de estaciones sin vigencia histórica verificada. Pronóstico retrospectivo; no es una corrida futura común.,2.0-phase6-persistence-context
col_5176ae04e5c95d57b5192bbca17b2436,Condesa,2024-09,6,2025-03,103862.0,103862.0,0.0,0.0,NEUTRAL,PERSISTENCE,VALIDATED_WITH_CAUTION,VALIDATED_FORECAST,v2_zero_endpoint_threshold,station_endpoints_per_calendar_month,,,,CONFORMAL_SYMMETRIC_ABS_RESIDUAL,0.8,,0,0,0,,2024-09-01T00:00:00,RETROSPECTIVE_REPLAY,False,INSUFFICIENT_CALIBRATION_HISTORY,2024-10-01T00:00:00,PERSISTENCE,El forecast mantiene el nivel de actividad registrado en su origen: persistencia fue seleccionada por su desempeño retrospectivo. Las señales contextuales no modifican esta predicción.,growth_1,trend_3,neighbor_trips_lag1,crecimiento reciente: -3.53% (contexto no causal),-0.0352598041947649,NEGATIVE,tendencia trimestral: -557.50 endpoints/mes (contexto no causal),-557.5,NEGATIVE,actividad vecinal reciente: 234593.00 endpoints (contexto no causal),234593.0,LEVEL,True,0.5,Las señales vecinales son contextuales y no implican causalidad; la geometría y disponibilidad espacial son parciales. Catálogo de estaciones sin vigencia histórica verificada. Pronóstico retrospectivo; no es una corrida futura común. Historia insuficiente para un intervalo.,2.0-phase6-persistence-context
col_5176ae04e5c95d57b5192bbca17b2436,Condesa,2024-09,12,2025-09,103862.0,103862.0,0.0,0.0,NEUTRAL,PERSISTENCE,VALIDATED_WITH_CAUTION,VALIDATED_FORECAST,v2_zero_endpoint_threshold,station_endpoints_per_calendar_month,,,,CONFORMAL_SYMMETRIC_ABS_RESIDUAL,0.8,,0,0,0,,2024-09-01T00:00:00,RETROSPECTIVE_REPLAY,False,INSUFFICIENT_CALIBRATION_HISTORY,2024-10-01T00:00:00,PERSISTENCE,El forecast mantiene el nivel de actividad registrado en su origen: persistencia fue seleccionada por su desempeño retrospectivo. Las señales contextuales no modifican esta predicción.,growth_1,trend_3,neighbor_trips_lag1,crecimiento reciente: -3.53% (contexto no causal),-0.0352598041947649,NEGATIVE,tendencia trimestral: -557.50 endpoints/mes (contexto no causal),-557.5,NEGATIVE,actividad vecinal reciente: 234593.00 endpoints (contexto no causal),234593.0,LEVEL,True,0.5,Las señales vecinales son contextuales y no implican causalidad; la geometría y disponibilidad espacial son parciales. Catálogo de estaciones sin vigencia histórica verificada. Pronóstico retrospectivo; no es una corrida futura común. Historia insuficiente para un intervalo.,2.0-phase6-persistence-context
col_543d04998daf5e4ab3306049617a67b4,Florida,2026-07,1,2026-08,6113.0,6113.0,0.0,0.0,NEUTRAL,PERSISTENCE,VALIDATED_SHORT_TERM,VALIDATED_FORECAST,v2_zero_endpoint_threshold,station_endpoints_per_calendar_month,5068.0,7158.0,2090.0,CONFORMAL_SYMMETRIC_ABS_RESIDUAL,0.8,0.7463284379172229,749,911,15,2026-06-01,2026-07-01T00:00:00,RETROSPECTIVE_REPLAY,False,CALIBRATED,2026-08-01T00:00:00,PERSISTENCE,El forecast mantiene el nivel de actividad registrado en su origen: persistencia fue seleccionada por su desempeño retrospectivo. Las señales contextuales no modifican esta predicción.,growth_1,trend_3,neighbor_growth_lag1,crecimiento reciente: 11.65% (contexto no causal),0.1165296803652968,POSITIVE,tendencia trimestral: -22.50 endpoints/mes (contexto no causal),-22.5,NEGATIVE,crecimiento vecinal reciente: 16.15% (contexto no causal),0.1615434924787442,POSITIVE,True,1.0,Las señales vecinales son contextuales y no implican causalidad; la geometría y disponibilidad espacial son parciales. Catálogo de estaciones sin vigencia histórica verificada. Pronóstico retrospectivo; no es una corrida futura común.,2.0-phase6-persistence-context
col_543d04998daf5e4ab3306049617a67b4,Florida,2026-05,3,2026-08,6158.0,6158.0,0.0,0.0,NEUTRAL,PERSISTENCE,VALIDATED_WITH_CAUTION,VALIDATED_FORECAST,v2_zero_endpoint_threshold,station_endpoints_per_calendar_month,4880.0,7436.0,2556.0,CONFORMAL_SYMMETRIC_ABS_RESIDUAL,0.8,0.8016359918200409,489,780,13,2026-04-01,2026-05-01T00:00:00,RETROSPECTIVE_REPLAY,False,CALIBRATED,2026-06-01T00:00:00,PERSISTENCE,El forecast mantiene el nivel de actividad registrado en su origen: persistencia fue seleccionada por su desempeño retrospectivo. Las señales contextuales no modifican esta predicción.,growth_1,trend_3,neighbor_growth_lag1,crecimiento reciente: 0.52% (contexto no causal),0.0052236369572314,POSITIVE,tendencia trimestral: -323.00 endpoints/mes (contexto no causal),-323.0,NEGATIVE,crecimiento vecinal reciente: -1.00% (contexto no causal),-0.010043431053203,NEGATIVE,True,1.0,Las señales vecinales son contextuales y no implican causalidad; la geometría y disponibilidad espacial son parciales. Catálogo de estaciones sin vigencia histórica verificada. Pronóstico retrospectivo; no es una corrida futura común.,2.0-phase6-persistence-context
col_543d04998daf5e4ab3306049617a67b4,Florida,2026-02,6,2026-08,6221.0,6221.0,0.0,0.0,NEUTRAL,PERSISTENCE,VALIDATED_WITH_CAUTION,VALIDATED_FORECAST,v2_zero_endpoint_threshold,station_endpoints_per_calendar_month,4880.0,7562.0,2682.0,CONFORMAL_SYMMETRIC_ABS_RESIDUAL,0.8,0.8095238095238095,126,571,9,2026-01-01,2026-02-01T00:00:00,RETROSPECTIVE_REPLAY,False,CALIBRATED,2026-03-01T00:00:00,PERSISTENCE,El forecast mantiene el nivel de actividad registrado en su origen: persistencia fue seleccionada por su desempeño retrospectivo. Las señales contextuales no modifican esta predicción.,growth_1,trend_3,neighbor_growth_lag1,crecimiento reciente: -8.07% (contexto no causal),-0.0806856805083493,NEGATIVE,tendencia trimestral: -1.00 endpoints/mes (contexto no causal),-1.0,NEGATIVE,crecimiento vecinal reciente: -1.86% (contexto no causal),-0.0185789605824755,NEGATIVE,True,1.0,Las señales vecinales son contextuales y no implican causalidad; la geometría y disponibilidad espacial son parciales. Catálogo de estaciones sin vigencia histórica verificada. Pronóstico retrospectivo; no es una corrida futura común.,2.0-phase6-persistence-context
col_543d04998daf5e4ab3306049617a67b4,Florida,2025-08,12,2026-08,6244.0,6244.0,0.0,0.0,NEUTRAL,PERSISTENCE,VALIDATED_WITH_CAUTION,VALIDATED_FORECAST,v2_zero_endpoint_threshold,station_endpoints_per_calendar_month,3963.0,8525.0,4562.0,CONFORMAL_SYMMETRIC_ABS_RESIDUAL,0.8,,0,165,3,2025-07-01,2025-08-01T00:00:00,RETROSPECTIVE_REPLAY,False,CALIBRATED,2025-09-01T00:00:00,PERSISTENCE,El forecast mantiene el nivel de actividad registrado en su origen: persistencia fue seleccionada por su desempeño retrospectivo. Las señales contextuales no modifican esta predicción.,growth_1,trend_3,neighbor_growth_lag1,crecimiento reciente: -14.23% (contexto no causal),-0.1423076923076923,NEGATIVE,tendencia trimestral: -145.00 endpoints/mes (contexto no causal),-145.0,NEGATIVE,crecimiento vecinal reciente: -5.37% (contexto no causal),-0.0537438038090268,NEGATIVE,True,1.0,Las señales vecinales son contextuales y no implican causalidad; la geometría y disponibilidad espacial son parciales. Catálogo de estaciones sin vigencia histórica verificada. Pronóstico retrospectivo; no es una corrida futura común.,2.0-phase6-persistence-context
col_5481a24d7414578eb3d8dcf5c715fb23,Niños Heroes de Chapultepec,2026-07,1,2026-08,6066.0,6066.0,0.0,0.0,NEUTRAL,PERSISTENCE,VALIDATED_SHORT_TERM,VALIDATED_FORECAST,v2_zero_endpoint_threshold,station_endpoints_per_calendar_month,5021.0,7111.0,2090.0,CONFORMAL_SYMMETRIC_ABS_RESIDUAL,0.8,0.7463284379172229,749,911,15,2026-06-01,2026-07-01T00:00:00,RETROSPECTIVE_REPLAY,False,CALIBRATED,2026-08-01T00:00:00,PERSISTENCE,El forecast mantiene el nivel de actividad registrado en su origen: persistencia fue seleccionada por su desempeño retrospectivo. Las señales contextuales no modifican esta predicción.,growth_1,trend_3,neighbor_growth_lag1,crecimiento reciente: 1.90% (contexto no causal),0.0189820258693095,POSITIVE,tendencia trimestral: -373.50 endpoints/mes (contexto no causal),-373.5,NEGATIVE,crecimiento vecinal reciente: -10.02% (contexto no causal),-0.1001636661211129,NEGATIVE,True,0.3333333333333333,Las señales vecinales son contextuales y no implican causalidad; la geometría y disponibilidad espacial son parciales. Catálogo de estaciones sin vigencia histórica verificada. Pronóstico retrospectivo; no es una corrida futura común.,2.0-phase6-persistence-context
col_5481a24d7414578eb3d8dcf5c715fb23,Niños Heroes de Chapultepec,2026-05,3,2026-08,6813.0,6813.0,0.0,0.0,NEUTRAL,PERSISTENCE,VALIDATED_WITH_CAUTION,VALIDATED_FORECAST,v2_zero_endpoint_threshold,station_endpoints_per_calendar_month,5535.0,8091.0,2556.0,CONFORMAL_SYMMETRIC_ABS_RESIDUAL,0.8,0.8016359918200409,489,780,13,2026-04-01,2026-05-01T00:00:00,RETROSPECTIVE_REPLAY,False,CALIBRATED,2026-06-01T00:00:00,PERSISTENCE,El forecast mantiene el nivel de actividad registrado en su origen: persistencia fue seleccionada por su desempeño retrospectivo. Las señales contextuales no modifican esta predicción.,growth_1,trend_3,neighbor_growth_lag1,crecimiento reciente: 2.51% (contexto no causal),0.0251278964790851,POSITIVE,tendencia trimestral: -139.00 endpoints/mes (contexto no causal),-139.0,NEGATIVE,crecimiento vecinal reciente: 3.91% (contexto no causal),0.0391454755113188,POSITIVE,True,0.3333333333333333,Las señales vecinales son contextuales y no implican causalidad; la geometría y disponibilidad espacial son parciales. Catálogo de estaciones sin vigencia histórica verificada. Pronóstico retrospectivo; no es una corrida futura común.,2.0-phase6-persistence-context
col_5481a24d7414578eb3d8dcf5c715fb23,Niños Heroes de Chapultepec,2026-02,6,2026-08,5918.0,5918.0,0.0,0.0,NEUTRAL,PERSISTENCE,VALIDATED_WITH_CAUTION,VALIDATED_FORECAST,v2_zero_endpoint_threshold,station_endpoints_per_calendar_month,4577.0,7259.0,2682.0,CONFORMAL_SYMMETRIC_ABS_RESIDUAL,0.8,0.8095238095238095,126,571,9,2026-01-01,2026-02-01T00:00:00,RETROSPECTIVE_REPLAY,False,CALIBRATED,2026-03-01T00:00:00,PERSISTENCE,El forecast mantiene el nivel de actividad registrado en su origen: persistencia fue seleccionada por su desempeño retrospectivo. Las señales contextuales no modifican esta predicción.,growth_1,trend_3,neighbor_growth_lag1,crecimiento reciente: -9.77% (contexto no causal),-0.0977283122427199,NEGATIVE,tendencia trimestral: -257.50 endpoints/mes (contexto no causal),-257.5,NEGATIVE,crecimiento vecinal reciente: 1.50% (contexto no causal),0.0150012010929946,POSITIVE,True,0.6666666666666666,Las señales vecinales son contextuales y no implican causalidad; la geometría y disponibilidad espacial son parciales. Catálogo de estaciones sin vigencia histórica verificada. Pronóstico retrospectivo; no es una corrida futura común.,2.0-phase6-persistence-context
col_5481a24d7414578eb3d8dcf5c715fb23,Niños Heroes de Chapultepec,2025-07,12,2026-07,6814.0,6814.0,0.0,0.0,NEUTRAL,PERSISTENCE,VALIDATED_WITH_CAUTION,VALIDATED_FORECAST,v2_zero_endpoint_threshold,station_endpoints_per_calendar_month,4449.0,9179.0,4730.0,CONFORMAL_SYMMETRIC_ABS_RESIDUAL,0.8,,0,100,2,2025-06-01,2025-07-01T00:00:00,RETROSPECTIVE_REPLAY,False,CALIBRATED,2025-08-01T00:00:00,PERSISTENCE,El forecast mantiene el nivel de actividad registrado en su origen: persistencia fue seleccionada por su desempeño retrospectivo. Las señales contextuales no modifican esta predicción.,growth_1,trend_3,neighbor_growth_lag1,crecimiento reciente: 8.64% (contexto no causal),0.0864158163265306,POSITIVE,tendencia trimestral: 14.50 endpoints/mes (contexto no causal),14.5,POSITIVE,crecimiento vecinal reciente: 13.26% (contexto no causal),0.132578156305709,POSITIVE,True,1.0,Las señales vecinales son contextuales y no implican causalidad; la geometría y disponibilidad espacial son parciales. Catálogo de estaciones sin vigencia histórica verificada. Pronóstico retrospectivo; no es una corrida futura común.,2.0-phase6-persistence-context
col_588e4e85b75a566e85b1e464fdd27b30,Portales Norte,2026-05,1,2026-06,10930.0,10930.0,0.0,0.0,NEUTRAL,PERSISTENCE,VALIDATED_SHORT_TERM,VALIDATED_FORECAST,v2_zero_endpoint_threshold,station_endpoints_per_calendar_month,9851.0,12009.0,2158.0,CONFORMAL_SYMMETRIC_ABS_RESIDUAL,0.8,0.7199367088607594,632,794,13,2026-04-01,2026-05-01T00:00:00,RETROSPECTIVE_REPLAY,False,CALIBRATED,2026-06-01T00:00:00,PERSISTENCE,El forecast mantiene el nivel de actividad registrado en su origen: persistencia fue seleccionada por su desempeño retrospectivo. Las señales contextuales no modifican esta predicción.,growth_1,trend_3,NONE,crecimiento reciente: -4.77% (contexto no causal),-0.0476605384682408,NEGATIVE,tendencia trimestral: -1097.50 endpoints/mes (contexto no causal),-1097.5,NEGATIVE,SIN_DATO,,UNAVAILABLE,False,,Las señales espaciales no están disponibles para este origen; el contexto no implica causalidad. Catálogo de estaciones sin vigencia histórica verificada. Pronóstico retrospectivo; no es una corrida futura común.,2.0-phase6-persistence-context
col_588e4e85b75a566e85b1e464fdd27b30,Portales Norte,2026-05,3,2026-08,10930.0,10930.0,0.0,0.0,NEUTRAL,PERSISTENCE,VALIDATED_WITH_CAUTION,VALIDATED_FORECAST,v2_zero_endpoint_threshold,station_endpoints_per_calendar_month,9652.0,12208.0,2556.0,CONFORMAL_SYMMETRIC_ABS_RESIDUAL,0.8,0.8016359918200409,489,780,13,2026-04-01,2026-05-01T00:00:00,RETROSPECTIVE_REPLAY,False,CALIBRATED,2026-06-01T00:00:00,PERSISTENCE,El forecast mantiene el nivel de actividad registrado en su origen: persistencia fue seleccionada por su desempeño retrospectivo. Las señales contextuales no modifican esta predicción.,growth_1,trend_3,NONE,crecimiento reciente: -4.77% (contexto no causal),-0.0476605384682408,NEGATIVE,tendencia trimestral: -1097.50 endpoints/mes (contexto no causal),-1097.5,NEGATIVE,SIN_DATO,,UNAVAILABLE,False,,Las señales espaciales no están disponibles para este origen; el contexto no implica causalidad. Catálogo de estaciones sin vigencia histórica verificada. Pronóstico retrospectivo; no es una corrida futura común.,2.0-phase6-persistence-context
col_588e4e85b75a566e85b1e464fdd27b30,Portales Norte,2026-01,6,2026-07,12591.0,12591.0,0.0,0.0,NEUTRAL,PERSISTENCE,VALIDATED_WITH_CAUTION,VALIDATED_FORECAST,v2_zero_endpoint_threshold,station_endpoints_per_calendar_month,11246.0,13936.0,2690.0,CONFORMAL_SYMMETRIC_ABS_RESIDUAL,0.8,0.8070175438596491,57,502,8,2025-12-01,2026-01-01T00:00:00,RETROSPECTIVE_REPLAY,False,CALIBRATED,2026-02-01T00:00:00,PERSISTENCE,El forecast mantiene el nivel de actividad registrado en su origen: persistencia fue seleccionada por su desempeño retrospectivo. Las señales contextuales no modifican esta predicción.,growth_1,trend_3,NONE,crecimiento reciente: 10.41% (contexto no causal),0.1040862855138547,POSITIVE,tendencia trimestral: 713.00 endpoints/mes (contexto no causal),713.0,POSITIVE,SIN_DATO,,UNAVAILABLE,False,,Las señales espaciales no están disponibles para este origen; el contexto no implica causalidad. Catálogo de estaciones sin vigencia histórica verificada. Pronóstico retrospectivo; no es una corrida futura común.,2.0-phase6-persistence-context
col_588e4e85b75a566e85b1e464fdd27b30,Portales Norte,2025-08,12,2026-08,9307.0,9307.0,0.0,0.0,NEUTRAL,PERSISTENCE,VALIDATED_WITH_CAUTION,VALIDATED_FORECAST,v2_zero_endpoint_threshold,station_endpoints_per_calendar_month,7026.0,11588.0,4562.0,CONFORMAL_SYMMETRIC_ABS_RESIDUAL,0.8,,0,165,3,2025-07-01,2025-08-01T00:00:00,RETROSPECTIVE_REPLAY,False,CALIBRATED,2025-09-01T00:00:00,PERSISTENCE,El forecast mantiene el nivel de actividad registrado en su origen: persistencia fue seleccionada por su desempeño retrospectivo. Las señales contextuales no modifican esta predicción.,growth_1,trend_3,NONE,crecimiento reciente: -10.15% (contexto no causal),-0.1014674647615369,NEGATIVE,tendencia trimestral: -89.00 endpoints/mes (contexto no causal),-89.0,NEGATIVE,SIN_DATO,,UNAVAILABLE,False,,Las señales espaciales no están disponibles para este origen; el contexto no implica causalidad. Catálogo de estaciones sin vigencia histórica verificada. Pronóstico retrospectivo; no es una corrida futura común.,2.0-phase6-persistence-context
col_62bb8f5cf8d25a898a34208ad6dee465,San Miguel Chapultepec,2026-07,1,2026-08,45294.0,45294.0,0.0,0.0,NEUTRAL,PERSISTENCE,VALIDATED_SHORT_TERM,VALIDATED_FORECAST,v2_zero_endpoint_threshold,station_endpoints_per_calendar_month,44249.0,46339.0,2090.0,CONFORMAL_SYMMETRIC_ABS_RESIDUAL,0.8,0.7463284379172229,749,911,15,2026-06-01,2026-07-01T00:00:00,RETROSPECTIVE_REPLAY,False,CALIBRATED,2026-08-01T00:00:00,PERSISTENCE,El forecast mantiene el nivel de actividad registrado en su origen: persistencia fue seleccionada por su desempeño retrospectivo. Las señales contextuales no modifican esta predicción.,growth_1,trend_3,NONE,crecimiento reciente: 6.53% (contexto no causal),0.0652899948257208,POSITIVE,tendencia trimestral: -2815.50 endpoints/mes (contexto no causal),-2815.5,NEGATIVE,SIN_DATO,,UNAVAILABLE,False,0.0,Las señales espaciales no están disponibles para este origen; el contexto no implica causalidad. Catálogo de estaciones sin vigencia histórica verificada. Pronóstico retrospectivo; no es una corrida futura común.,2.0-phase6-persistence-context
col_62bb8f5cf8d25a898a34208ad6dee465,San Miguel Chapultepec,2026-04,3,2026-07,52402.0,52402.0,0.0,0.0,NEUTRAL,PERSISTENCE,VALIDATED_WITH_CAUTION,VALIDATED_FORECAST,v2_zero_endpoint_threshold,station_endpoints_per_calendar_month,51232.0,53572.0,2340.0,CONFORMAL_SYMMETRIC_ABS_RESIDUAL,0.8,0.8567961165048543,412,703,12,2026-03-01,2026-04-01T00:00:00,RETROSPECTIVE_REPLAY,False,CALIBRATED,2026-05-01T00:00:00,PERSISTENCE,El forecast mantiene el nivel de actividad registrado en su origen: persistencia fue seleccionada por su desempeño retrospectivo. Las señales contextuales no modifican esta predicción.,growth_1,trend_3,NONE,crecimiento reciente: -2.47% (contexto no causal),-0.0247343246915188,NEGATIVE,tendencia trimestral: 1498.50 endpoints/mes (contexto no causal),1498.5,POSITIVE,SIN_DATO,,UNAVAILABLE,False,0.0,Las señales espaciales no están disponibles para este origen; el contexto no implica causalidad. Catálogo de estaciones sin vigencia histórica verificada. Pronóstico retrospectivo; no es una corrida futura común.,2.0-phase6-persistence-context
col_62bb8f5cf8d25a898a34208ad6dee465,San Miguel Chapultepec,2025-10,6,2026-04,53828.0,53828.0,0.0,0.0,NEUTRAL,PERSISTENCE,VALIDATED_WITH_CAUTION,VALIDATED_FORECAST,v2_zero_endpoint_threshold,station_endpoints_per_calendar_month,52545.0,55111.0,2566.0,CONFORMAL_SYMMETRIC_ABS_RESIDUAL,0.8,,0,378,6,2025-09-01,2025-10-01T00:00:00,RETROSPECTIVE_REPLAY,False,CALIBRATED,2025-11-01T00:00:00,PERSISTENCE,El forecast mantiene el nivel de actividad registrado en su origen: persistencia fue seleccionada por su desempeño retrospectivo. Las señales contextuales no modifican esta predicción.,growth_1,trend_3,neighbor_growth_lag1,crecimiento reciente: 12.98% (contexto no causal),0.1297959869028629,POSITIVE,tendencia trimestral: 2918.50 endpoints/mes (contexto no causal),2918.5,POSITIVE,crecimiento vecinal reciente: 9.68% (contexto no causal),0.0967514124293785,POSITIVE,True,0.3333333333333333,Las señales vecinales son contextuales y no implican causalidad; la geometría y disponibilidad espacial son parciales. Catálogo de estaciones sin vigencia histórica verificada. Pronóstico retrospectivo; no es una corrida futura común.,2.0-phase6-persistence-context
col_62bb8f5cf8d25a898a34208ad6dee465,San Miguel Chapultepec,2025-07,12,2026-07,50981.0,50981.0,0.0,0.0,NEUTRAL,PERSISTENCE,VALIDATED_WITH_CAUTION,VALIDATED_FORECAST,v2_zero_endpoint_threshold,station_endpoints_per_calendar_month,48616.0,53346.0,4730.0,CONFORMAL_SYMMETRIC_ABS_RESIDUAL,0.8,,0,100,2,2025-06-01,2025-07-01T00:00:00,RETROSPECTIVE_REPLAY,False,CALIBRATED,2025-08-01T00:00:00,PERSISTENCE,El forecast mantiene el nivel de actividad registrado en su origen: persistencia fue seleccionada por su desempeño retrospectivo. Las señales contextuales no modifican esta predicción.,growth_1,trend_3,neighbor_growth_lag1,crecimiento reciente: 5.04% (contexto no causal),0.0503966209951581,POSITIVE,tendencia trimestral: -1297.00 endpoints/mes (contexto no causal),-1297.0,NEGATIVE,crecimiento vecinal reciente: 8.82% (contexto no causal),0.088197681027623,POSITIVE,True,0.3333333333333333,Las señales vecinales son contextuales y no implican causalidad; la geometría y disponibilidad espacial son parciales. Catálogo de estaciones sin vigencia histórica verificada. Pronóstico retrospectivo; no es una corrida futura común.,2.0-phase6-persistence-context
col_64a29c6aaaf85a42bb0e87a40667ac42,Insurgentes San Borja,2026-06,1,2026-07,4279.0,4279.0,0.0,0.0,NEUTRAL,PERSISTENCE,VALIDATED_SHORT_TERM,VALIDATED_FORECAST,v2_zero_endpoint_threshold,station_endpoints_per_calendar_month,3208.0,5350.0,2142.0,CONFORMAL_SYMMETRIC_ABS_RESIDUAL,0.8,0.7312775330396476,681,843,14,2026-05-01,2026-06-01T00:00:00,RETROSPECTIVE_REPLAY,False,CALIBRATED,2026-07-01T00:00:00,PERSISTENCE,El forecast mantiene el nivel de actividad registrado en su origen: persistencia fue seleccionada por su desempeño retrospectivo. Las señales contextuales no modifican esta predicción.,growth_1,trend_3,neighbor_growth_lag1,crecimiento reciente: -16.86% (contexto no causal),-0.1686419273363124,NEGATIVE,tendencia trimestral: -316.00 endpoints/mes (contexto no causal),-316.0,NEGATIVE,crecimiento vecinal reciente: -13.33% (contexto no causal),-0.1333333333333333,NEGATIVE,True,0.2,Las señales vecinales son contextuales y no implican causalidad; la geometría y disponibilidad espacial son parciales. Catálogo de estaciones sin vigencia histórica verificada. Pronóstico retrospectivo; no es una corrida futura común.,2.0-phase6-persistence-context
col_64a29c6aaaf85a42bb0e87a40667ac42,Insurgentes San Borja,2026-05,3,2026-08,5147.0,5147.0,0.0,0.0,NEUTRAL,PERSISTENCE,VALIDATED_WITH_CAUTION,VALIDATED_FORECAST,v2_zero_endpoint_threshold,station_endpoints_per_calendar_month,3869.0,6425.0,2556.0,CONFORMAL_SYMMETRIC_ABS_RESIDUAL,0.8,0.8016359918200409,489,780,13,2026-04-01,2026-05-01T00:00:00,RETROSPECTIVE_REPLAY,False,CALIBRATED,2026-06-01T00:00:00,PERSISTENCE,El forecast mantiene el nivel de actividad registrado en su origen: persistencia fue seleccionada por su desempeño retrospectivo. Las señales contextuales no modifican esta predicción.,growth_1,trend_3,neighbor_growth_lag1,crecimiento reciente: 4.81% (contexto no causal),0.0480553858684585,POSITIVE,tendencia trimestral: -196.50 endpoints/mes (contexto no causal),-196.5,NEGATIVE,crecimiento vecinal reciente: -0.02% (contexto no causal),-0.0001601695532268,NEGATIVE,True,0.8,Las señales vecinales son contextuales y no implican causalidad; la geometría y disponibilidad espacial son parciales. Catálogo de estaciones sin vigencia histórica verificada. Pronóstico retrospectivo; no es una corrida futura común.,2.0-phase6-persistence-context
col_64a29c6aaaf85a42bb0e87a40667ac42,Insurgentes San Borja,2025-12,6,2026-06,4942.0,4942.0,0.0,0.0,NEUTRAL,PERSISTENCE,VALIDATED_WITH_CAUTION,VALIDATED_FORECAST,v2_zero_endpoint_threshold,station_endpoints_per_calendar_month,3596.0,6288.0,2692.0,CONFORMAL_SYMMETRIC_ABS_RESIDUAL,0.8,,0,442,7,2025-11-01,2025-12-01T00:00:00,RETROSPECTIVE_REPLAY,False,CALIBRATED,2026-01-01T00:00:00,PERSISTENCE,El forecast mantiene el nivel de actividad registrado en su origen: persistencia fue seleccionada por su desempeño retrospectivo. Las señales contextuales no modifican esta predicción.,growth_1,trend_3,neighbor_growth_lag1,crecimiento reciente: -13.50% (contexto no causal),-0.1349553649571153,NEGATIVE,tendencia trimestral: -756.50 endpoints/mes (contexto no causal),-756.5,NEGATIVE,crecimiento vecinal reciente: -12.33% (contexto no causal),-0.1233062330623306,NEGATIVE,True,0.2,Las señales vecinales son contextuales y no implican causalidad; la geometría y disponibilidad espacial son parciales. Catálogo de estaciones sin vigencia histórica verificada. Pronóstico retrospectivo; no es una corrida futura común.,2.0-phase6-persistence-context
col_64a29c6aaaf85a42bb0e87a40667ac42,Insurgentes San Borja,2025-08,12,2026-08,5694.0,5694.0,0.0,0.0,NEUTRAL,PERSISTENCE,VALIDATED_WITH_CAUTION,VALIDATED_FORECAST,v2_zero_endpoint_threshold,station_endpoints_per_calendar_month,3413.0,7975.0,4562.0,CONFORMAL_SYMMETRIC_ABS_RESIDUAL,0.8,,0,165,3,2025-07-01,2025-08-01T00:00:00,RETROSPECTIVE_REPLAY,False,CALIBRATED,2025-09-01T00:00:00,PERSISTENCE,El forecast mantiene el nivel de actividad registrado en su origen: persistencia fue seleccionada por su desempeño retrospectivo. Las señales contextuales no modifican esta predicción.,growth_1,trend_3,neighbor_growth_lag1,crecimiento reciente: -7.86% (contexto no causal),-0.0786407766990291,NEGATIVE,tendencia trimestral: -11.00 endpoints/mes (contexto no causal),-11.0,NEGATIVE,crecimiento vecinal reciente: -1.05% (contexto no causal),-0.0104801123038254,NEGATIVE,True,0.6000000000000001,Las señales vecinales son contextuales y no implican causalidad; la geometría y disponibilidad espacial son parciales. Catálogo de estaciones sin vigencia histórica verificada. Pronóstico retrospectivo; no es una corrida futura común.,2.0-phase6-persistence-context
col_6573c9286c5a50288130ecf1765ab3b5,Del Carmen,2026-06,1,2026-07,30981.0,30981.0,0.0,0.0,NEUTRAL,PERSISTENCE,VALIDATED_SHORT_TERM,VALIDATED_FORECAST,v2_zero_endpoint_threshold,station_endpoints_per_calendar_month,29910.0,32052.0,2142.0,CONFORMAL_SYMMETRIC_ABS_RESIDUAL,0.8,0.7312775330396476,681,843,14,2026-05-01,2026-06-01T00:00:00,RETROSPECTIVE_REPLAY,False,CALIBRATED,2026-07-01T00:00:00,PERSISTENCE,El forecast mantiene el nivel de actividad registrado en su origen: persistencia fue seleccionada por su desempeño retrospectivo. Las señales contextuales no modifican esta predicción.,growth_1,trend_3,neighbor_growth_lag1,crecimiento reciente: -12.90% (contexto no causal),-0.128964237516869,NEGATIVE,tendencia trimestral: -1713.50 endpoints/mes (contexto no causal),-1713.5,NEGATIVE,crecimiento vecinal reciente: -16.21% (contexto no causal),-0.1620585389723849,NEGATIVE,True,0.4,Las señales vecinales son contextuales y no implican causalidad; la geometría y disponibilidad espacial son parciales. Catálogo de estaciones sin vigencia histórica verificada. Pronóstico retrospectivo; no es una corrida futura común.,2.0-phase6-persistence-context
col_6573c9286c5a50288130ecf1765ab3b5,Del Carmen,2026-03,3,2026-06,37229.0,37229.0,0.0,0.0,NEUTRAL,PERSISTENCE,VALIDATED_WITH_CAUTION,VALIDATED_FORECAST,v2_zero_endpoint_threshold,station_endpoints_per_calendar_month,36066.0,38392.0,2326.0,CONFORMAL_SYMMETRIC_ABS_RESIDUAL,0.8,0.8668555240793201,353,644,11,2026-02-01,2026-03-01T00:00:00,RETROSPECTIVE_REPLAY,False,CALIBRATED,2026-04-01T00:00:00,PERSISTENCE,El forecast mantiene el nivel de actividad registrado en su origen: persistencia fue seleccionada por su desempeño retrospectivo. Las señales contextuales no modifican esta predicción.,growth_1,trend_3,neighbor_growth_lag1,crecimiento reciente: 10.44% (contexto no causal),0.1043576280739224,POSITIVE,tendencia trimestral: 2303.50 endpoints/mes (contexto no causal),2303.5,POSITIVE,crecimiento vecinal reciente: 10.40% (contexto no causal),0.1039949488315475,POSITIVE,True,0.8,Las señales vecinales son contextuales y no implican causalidad; la geometría y disponibilidad espacial son parciales. Catálogo de estaciones sin vigencia histórica verificada. Pronóstico retrospectivo; no es una corrida futura común.,2.0-phase6-persistence-context
col_6573c9286c5a50288130ecf1765ab3b5,Del Carmen,2025-12,6,2026-06,30580.0,30580.0,0.0,0.0,NEUTRAL,PERSISTENCE,VALIDATED_WITH_CAUTION,VALIDATED_FORECAST,v2_zero_endpoint_threshold,station_endpoints_per_calendar_month,29234.0,31926.0,2692.0,CONFORMAL_SYMMETRIC_ABS_RESIDUAL,0.8,,0,442,7,2025-11-01,2025-12-01T00:00:00,RETROSPECTIVE_REPLAY,False,CALIBRATED,2026-01-01T00:00:00,PERSISTENCE,El forecast mantiene el nivel de actividad registrado en su origen: persistencia fue seleccionada por su desempeño retrospectivo. Las señales contextuales no modifican esta predicción.,growth_1,trend_3,neighbor_growth_lag1,crecimiento reciente: -15.57% (contexto no causal),-0.1556917639912753,NEGATIVE,tendencia trimestral: -3805.50 endpoints/mes (contexto no causal),-3805.5,NEGATIVE,crecimiento vecinal reciente: -14.12% (contexto no causal),-0.1412240639914059,NEGATIVE,True,1.0,Las señales vecinales son contextuales y no implican causalidad; la geometría y disponibilidad espacial son parciales. Catálogo de estaciones sin vigencia histórica verificada. Pronóstico retrospectivo; no es una corrida futura común.,2.0-phase6-persistence-context
col_6573c9286c5a50288130ecf1765ab3b5,Del Carmen,2025-07,12,2026-07,33634.0,33634.0,0.0,0.0,NEUTRAL,PERSISTENCE,VALIDATED_WITH_CAUTION,VALIDATED_FORECAST,v2_zero_endpoint_threshold,station_endpoints_per_calendar_month,31269.0,35999.0,4730.0,CONFORMAL_SYMMETRIC_ABS_RESIDUAL,0.8,,0,100,2,2025-06-01,2025-07-01T00:00:00,RETROSPECTIVE_REPLAY,False,CALIBRATED,2025-08-01T00:00:00,PERSISTENCE,El forecast mantiene el nivel de actividad registrado en su origen: persistencia fue seleccionada por su desempeño retrospectivo. Las señales contextuales no modifican esta predicción.,growth_1,trend_3,neighbor_growth_lag1,crecimiento reciente: 2.90% (contexto no causal),0.0290347254092091,POSITIVE,tendencia trimestral: -3095.00 endpoints/mes (contexto no causal),-3095.0,NEGATIVE,crecimiento vecinal reciente: 4.90% (contexto no causal),0.0490172590553368,POSITIVE,True,0.8,Las señales vecinales son contextuales y no implican causalidad; la geometría y disponibilidad espacial son parciales. Catálogo de estaciones sin vigencia histórica verificada. Pronóstico retrospectivo; no es una corrida futura común.,2.0-phase6-persistence-context
col_6954f4d5482a5e07b5721c81d464cd43,Algarin,2026-07,1,2026-08,12162.0,12162.0,0.0,0.0,NEUTRAL,PERSISTENCE,VALIDATED_SHORT_TERM,VALIDATED_FORECAST,v2_zero_endpoint_threshold,station_endpoints_per_calendar_month,11117.0,13207.0,2090.0,CONFORMAL_SYMMETRIC_ABS_RESIDUAL,0.8,0.7463284379172229,749,911,15,2026-06-01,2026-07-01T00:00:00,RETROSPECTIVE_REPLAY,False,CALIBRATED,2026-08-01T00:00:00,PERSISTENCE,El forecast mantiene el nivel de actividad registrado en su origen: persistencia fue seleccionada por su desempeño retrospectivo. Las señales contextuales no modifican esta predicción.,growth_1,trend_3,NONE,crecimiento reciente: -13.19% (contexto no causal),-0.1319057815845824,NEGATIVE,tendencia trimestral: -885.00 endpoints/mes (contexto no causal),-885.0,NEGATIVE,SIN_DATO,,UNAVAILABLE,False,0.0,Las señales espaciales no están disponibles para este origen; el contexto no implica causalidad. Catálogo de estaciones sin vigencia histórica verificada. Pronóstico retrospectivo; no es una corrida futura común.,2.0-phase6-persistence-context
col_6954f4d5482a5e07b5721c81d464cd43,Algarin,2026-05,3,2026-08,13932.0,13932.0,0.0,0.0,NEUTRAL,PERSISTENCE,VALIDATED_WITH_CAUTION,VALIDATED_FORECAST,v2_zero_endpoint_threshold,station_endpoints_per_calendar_month,12654.0,15210.0,2556.0,CONFORMAL_SYMMETRIC_ABS_RESIDUAL,0.8,0.8016359918200409,489,780,13,2026-04-01,2026-05-01T00:00:00,RETROSPECTIVE_REPLAY,False,CALIBRATED,2026-06-01T00:00:00,PERSISTENCE,El forecast mantiene el nivel de actividad registrado en su origen: persistencia fue seleccionada por su desempeño retrospectivo. Las señales contextuales no modifican esta predicción.,growth_1,trend_3,NONE,crecimiento reciente: 2.31% (contexto no causal),0.0230577177265384,POSITIVE,tendencia trimestral: 138.50 endpoints/mes (contexto no causal),138.5,POSITIVE,SIN_DATO,,UNAVAILABLE,False,0.0,Las señales espaciales no están disponibles para este origen; el contexto no implica causalidad. Catálogo de estaciones sin vigencia histórica verificada. Pronóstico retrospectivo; no es una corrida futura común.,2.0-phase6-persistence-context
col_6954f4d5482a5e07b5721c81d464cd43,Algarin,2026-01,6,2026-07,11993.0,11993.0,0.0,0.0,NEUTRAL,PERSISTENCE,VALIDATED_WITH_CAUTION,VALIDATED_FORECAST,v2_zero_endpoint_threshold,station_endpoints_per_calendar_month,10648.0,13338.0,2690.0,CONFORMAL_SYMMETRIC_ABS_RESIDUAL,0.8,0.8070175438596491,57,502,8,2025-12-01,2026-01-01T00:00:00,RETROSPECTIVE_REPLAY,False,CALIBRATED,2026-02-01T00:00:00,PERSISTENCE,El forecast mantiene el nivel de actividad registrado en su origen: persistencia fue seleccionada por su desempeño retrospectivo. Las señales contextuales no modifican esta predicción.,growth_1,trend_3,neighbor_growth_lag1,crecimiento reciente: 3.33% (contexto no causal),0.0332557939174636,POSITIVE,tendencia trimestral: -185.00 endpoints/mes (contexto no causal),-185.0,NEGATIVE,crecimiento vecinal reciente: 3.52% (contexto no causal),0.0351765989420332,POSITIVE,True,1.0,Las señales vecinales son contextuales y no implican causalidad; la geometría y disponibilidad espacial son parciales. Catálogo de estaciones sin vigencia histórica verificada. Pronóstico retrospectivo; no es una corrida futura común.,2.0-phase6-persistence-context
col_6954f4d5482a5e07b5721c81d464cd43,Algarin,2025-08,12,2026-08,13636.0,13636.0,0.0,0.0,NEUTRAL,PERSISTENCE,VALIDATED_WITH_CAUTION,VALIDATED_FORECAST,v2_zero_endpoint_threshold,station_endpoints_per_calendar_month,11355.0,15917.0,4562.0,CONFORMAL_SYMMETRIC_ABS_RESIDUAL,0.8,,0,165,3,2025-07-01,2025-08-01T00:00:00,RETROSPECTIVE_REPLAY,False,CALIBRATED,2025-09-01T00:00:00,PERSISTENCE,El forecast mantiene el nivel de actividad registrado en su origen: persistencia fue seleccionada por su desempeño retrospectivo. Las señales contextuales no modifican esta predicción.,growth_1,trend_3,NONE,crecimiento reciente: 0.70% (contexto no causal),0.0070157300051694,POSITIVE,tendencia trimestral: 789.00 endpoints/mes (contexto no causal),789.0,POSITIVE,SIN_DATO,,UNAVAILABLE,False,0.0,Las señales espaciales no están disponibles para este origen; el contexto no implica causalidad. Catálogo de estaciones sin vigencia histórica verificada. Pronóstico retrospectivo; no es una corrida futura común.,2.0-phase6-persistence-context
col_6bf10fd8943e5967b7603760fb6cd344,Napoles,2026-07,1,2026-08,46458.0,46458.0,0.0,0.0,NEUTRAL,PERSISTENCE,VALIDATED_SHORT_TERM,VALIDATED_FORECAST,v2_zero_endpoint_threshold,station_endpoints_per_calendar_month,45413.0,47503.0,2090.0,CONFORMAL_SYMMETRIC_ABS_RESIDUAL,0.8,0.7463284379172229,749,911,15,2026-06-01,2026-07-01T00:00:00,RETROSPECTIVE_REPLAY,False,CALIBRATED,2026-08-01T00:00:00,PERSISTENCE,El forecast mantiene el nivel de actividad registrado en su origen: persistencia fue seleccionada por su desempeño retrospectivo. Las señales contextuales no modifican esta predicción.,growth_1,trend_3,neighbor_growth_lag1,crecimiento reciente: 9.64% (contexto no causal),0.0963798555718129,POSITIVE,tendencia trimestral: -875.50 endpoints/mes (contexto no causal),-875.5,NEGATIVE,crecimiento vecinal reciente: 14.59% (contexto no causal),0.1458895089373682,POSITIVE,True,0.5,Las señales vecinales son contextuales y no implican causalidad; la geometría y disponibilidad espacial son parciales. Catálogo de estaciones sin vigencia histórica verificada. Pronóstico retrospectivo; no es una corrida futura común.,2.0-phase6-persistence-context
col_6bf10fd8943e5967b7603760fb6cd344,Napoles,2026-05,3,2026-08,48209.0,48209.0,0.0,0.0,NEUTRAL,PERSISTENCE,VALIDATED_WITH_CAUTION,VALIDATED_FORECAST,v2_zero_endpoint_threshold,station_endpoints_per_calendar_month,46931.0,49487.0,2556.0,CONFORMAL_SYMMETRIC_ABS_RESIDUAL,0.8,0.8016359918200409,489,780,13,2026-04-01,2026-05-01T00:00:00,RETROSPECTIVE_REPLAY,False,CALIBRATED,2026-06-01T00:00:00,PERSISTENCE,El forecast mantiene el nivel de actividad registrado en su origen: persistencia fue seleccionada por su desempeño retrospectivo. Las señales contextuales no modifican esta predicción.,growth_1,trend_3,neighbor_growth_lag1,crecimiento reciente: 0.71% (contexto no causal),0.0071447970418033,POSITIVE,tendencia trimestral: -356.50 endpoints/mes (contexto no causal),-356.5,NEGATIVE,crecimiento vecinal reciente: 2.28% (contexto no causal),0.0228112618942308,POSITIVE,True,0.75,Las señales vecinales son contextuales y no implican causalidad; la geometría y disponibilidad espacial son parciales. Catálogo de estaciones sin vigencia histórica verificada. Pronóstico retrospectivo; no es una corrida futura común.,2.0-phase6-persistence-context
col_6bf10fd8943e5967b7603760fb6cd344,Napoles,2025-07,6,2026-01,48914.0,48914.0,0.0,0.0,NEUTRAL,PERSISTENCE,VALIDATED_WITH_CAUTION,VALIDATED_FORECAST,v2_zero_endpoint_threshold,station_endpoints_per_calendar_month,47481.0,50347.0,2866.0,CONFORMAL_SYMMETRIC_ABS_RESIDUAL,0.8,,0,202,3,2025-06-01,2025-07-01T00:00:00,RETROSPECTIVE_REPLAY,False,CALIBRATED,2025-08-01T00:00:00,PERSISTENCE,El forecast mantiene el nivel de actividad registrado en su origen: persistencia fue seleccionada por su desempeño retrospectivo. Las señales contextuales no modifican esta predicción.,growth_1,trend_3,neighbor_growth_lag1,crecimiento reciente: 8.57% (contexto no causal),0.0856508711574742,POSITIVE,tendencia trimestral: -2305.00 endpoints/mes (contexto no causal),-2305.0,NEGATIVE,crecimiento vecinal reciente: 7.91% (contexto no causal),0.0790712800286528,POSITIVE,True,1.0,Las señales vecinales son contextuales y no implican causalidad; la geometría y disponibilidad espacial son parciales. Catálogo de estaciones sin vigencia histórica verificada. Pronóstico retrospectivo; no es una corrida futura común.,2.0-phase6-persistence-context
col_6bf10fd8943e5967b7603760fb6cd344,Napoles,2025-07,12,2026-07,48914.0,48914.0,0.0,0.0,NEUTRAL,PERSISTENCE,VALIDATED_WITH_CAUTION,VALIDATED_FORECAST,v2_zero_endpoint_threshold,station_endpoints_per_calendar_month,46549.0,51279.0,4730.0,CONFORMAL_SYMMETRIC_ABS_RESIDUAL,0.8,,0,100,2,2025-06-01,2025-07-01T00:00:00,RETROSPECTIVE_REPLAY,False,CALIBRATED,2025-08-01T00:00:00,PERSISTENCE,El forecast mantiene el nivel de actividad registrado en su origen: persistencia fue seleccionada por su desempeño retrospectivo. Las señales contextuales no modifican esta predicción.,growth_1,trend_3,neighbor_growth_lag1,crecimiento reciente: 8.57% (contexto no causal),0.0856508711574742,POSITIVE,tendencia trimestral: -2305.00 endpoints/mes (contexto no causal),-2305.0,NEGATIVE,crecimiento vecinal reciente: 7.91% (contexto no causal),0.0790712800286528,POSITIVE,True,1.0,Las señales vecinales son contextuales y no implican causalidad; la geometría y disponibilidad espacial son parciales. Catálogo de estaciones sin vigencia histórica verificada. Pronóstico retrospectivo; no es una corrida futura común.,2.0-phase6-persistence-context
col_6e124db5b88b5695a72b6c82db5754cd,Santa Cruz Atoyac,2026-07,1,2026-08,23536.0,23536.0,0.0,0.0,NEUTRAL,PERSISTENCE,VALIDATED_SHORT_TERM,VALIDATED_FORECAST,v2_zero_endpoint_threshold,station_endpoints_per_calendar_month,22491.0,24581.0,2090.0,CONFORMAL_SYMMETRIC_ABS_RESIDUAL,0.8,0.7463284379172229,749,911,15,2026-06-01,2026-07-01T00:00:00,RETROSPECTIVE_REPLAY,False,CALIBRATED,2026-08-01T00:00:00,PERSISTENCE,El forecast mantiene el nivel de actividad registrado en su origen: persistencia fue seleccionada por su desempeño retrospectivo. Las señales contextuales no modifican esta predicción.,growth_1,trend_3,NONE,crecimiento reciente: 5.89% (contexto no causal),0.0588923381472983,POSITIVE,tendencia trimestral: 247.50 endpoints/mes (contexto no causal),247.5,POSITIVE,SIN_DATO,,UNAVAILABLE,False,,Las señales espaciales no están disponibles para este origen; el contexto no implica causalidad. Catálogo de estaciones sin vigencia histórica verificada. Pronóstico retrospectivo; no es una corrida futura común.,2.0-phase6-persistence-context
col_6e124db5b88b5695a72b6c82db5754cd,Santa Cruz Atoyac,2026-01,3,2026-04,20386.0,20386.0,0.0,0.0,NEUTRAL,PERSISTENCE,VALIDATED_WITH_CAUTION,VALIDATED_FORECAST,v2_zero_endpoint_threshold,station_endpoints_per_calendar_month,19213.0,21559.0,2346.0,CONFORMAL_SYMMETRIC_ABS_RESIDUAL,0.8,0.8825910931174089,247,538,9,2025-12-01,2026-01-01T00:00:00,RETROSPECTIVE_REPLAY,False,CALIBRATED,2026-02-01T00:00:00,PERSISTENCE,El forecast mantiene el nivel de actividad registrado en su origen: persistencia fue seleccionada por su desempeño retrospectivo. Las señales contextuales no modifican esta predicción.,growth_1,trend_3,NONE,crecimiento reciente: 4.33% (contexto no causal),0.0433491990378217,POSITIVE,tendencia trimestral: -1609.00 endpoints/mes (contexto no causal),-1609.0,NEGATIVE,SIN_DATO,,UNAVAILABLE,False,,Las señales espaciales no están disponibles para este origen; el contexto no implica causalidad. Catálogo de estaciones sin vigencia histórica verificada. Pronóstico retrospectivo; no es una corrida futura común.,2.0-phase6-persistence-context
col_6e124db5b88b5695a72b6c82db5754cd,Santa Cruz Atoyac,2026-01,6,2026-07,20386.0,20386.0,0.0,0.0,NEUTRAL,PERSISTENCE,VALIDATED_WITH_CAUTION,VALIDATED_FORECAST,v2_zero_endpoint_threshold,station_endpoints_per_calendar_month,19041.0,21731.0,2690.0,CONFORMAL_SYMMETRIC_ABS_RESIDUAL,0.8,0.8070175438596491,57,502,8,2025-12-01,2026-01-01T00:00:00,RETROSPECTIVE_REPLAY,False,CALIBRATED,2026-02-01T00:00:00,PERSISTENCE,El forecast mantiene el nivel de actividad registrado en su origen: persistencia fue seleccionada por su desempeño retrospectivo. Las señales contextuales no modifican esta predicción.,growth_1,trend_3,NONE,crecimiento reciente: 4.33% (contexto no causal),0.0433491990378217,POSITIVE,tendencia trimestral: -1609.00 endpoints/mes (contexto no causal),-1609.0,NEGATIVE,SIN_DATO,,UNAVAILABLE,False,,Las señales espaciales no están disponibles para este origen; el contexto no implica causalidad. Catálogo de estaciones sin vigencia histórica verificada. Pronóstico retrospectivo; no es una corrida futura común.,2.0-phase6-persistence-context
col_6e124db5b88b5695a72b6c82db5754cd,Santa Cruz Atoyac,2025-06,12,2026-06,27277.0,27277.0,0.0,0.0,NEUTRAL,PERSISTENCE,VALIDATED_WITH_CAUTION,VALIDATED_FORECAST,v2_zero_endpoint_threshold,station_endpoints_per_calendar_month,25745.0,28809.0,3064.0,CONFORMAL_SYMMETRIC_ABS_RESIDUAL,0.8,,0,44,1,2025-05-01,2025-06-01T00:00:00,RETROSPECTIVE_REPLAY,False,CALIBRATED,2025-07-01T00:00:00,PERSISTENCE,El forecast mantiene el nivel de actividad registrado en su origen: persistencia fue seleccionada por su desempeño retrospectivo. Las señales contextuales no modifican esta predicción.,growth_1,trend_3,NONE,crecimiento reciente: -13.35% (contexto no causal),-0.1334858159407859,NEGATIVE,tendencia trimestral: -1007.50 endpoints/mes (contexto no causal),-1007.5,NEGATIVE,SIN_DATO,,UNAVAILABLE,False,,Las señales espaciales no están disponibles para este origen; el contexto no implica causalidad. Catálogo de estaciones sin vigencia histórica verificada. Pronóstico retrospectivo; no es una corrida futura común.,2.0-phase6-persistence-context
col_6e932760ad7e5318b2922fea188ea3f8,Cuauhtemoc Pensil,2026-07,1,2026-08,7638.0,7638.0,0.0,0.0,NEUTRAL,PERSISTENCE,VALIDATED_SHORT_TERM,VALIDATED_FORECAST,v2_zero_endpoint_threshold,station_endpoints_per_calendar_month,6593.0,8683.0,2090.0,CONFORMAL_SYMMETRIC_ABS_RESIDUAL,0.8,0.7463284379172229,749,911,15,2026-06-01,2026-07-01T00:00:00,RETROSPECTIVE_REPLAY,False,CALIBRATED,2026-08-01T00:00:00,PERSISTENCE,El forecast mantiene el nivel de actividad registrado en su origen: persistencia fue seleccionada por su desempeño retrospectivo. Las señales contextuales no modifican esta predicción.,growth_1,trend_3,neighbor_growth_lag1,crecimiento reciente: -2.20% (contexto no causal),-0.02202304737516,NEGATIVE,tendencia trimestral: -86.50 endpoints/mes (contexto no causal),-86.5,NEGATIVE,crecimiento vecinal reciente: 2.41% (contexto no causal),0.0241379252614063,POSITIVE,True,1.0,Las señales vecinales son contextuales y no implican causalidad; la geometría y disponibilidad espacial son parciales. Catálogo de estaciones sin vigencia histórica verificada. Pronóstico retrospectivo; no es una corrida futura común.,2.0-phase6-persistence-context
col_6e932760ad7e5318b2922fea188ea3f8,Cuauhtemoc Pensil,2026-05,3,2026-08,7811.0,7811.0,0.0,0.0,NEUTRAL,PERSISTENCE,VALIDATED_WITH_CAUTION,VALIDATED_FORECAST,v2_zero_endpoint_threshold,station_endpoints_per_calendar_month,6533.0,9089.0,2556.0,CONFORMAL_SYMMETRIC_ABS_RESIDUAL,0.8,0.8016359918200409,489,780,13,2026-04-01,2026-05-01T00:00:00,RETROSPECTIVE_REPLAY,False,CALIBRATED,2026-06-01T00:00:00,PERSISTENCE,El forecast mantiene el nivel de actividad registrado en su origen: persistencia fue seleccionada por su desempeño retrospectivo. Las señales contextuales no modifican esta predicción.,growth_1,trend_3,neighbor_growth_lag1,crecimiento reciente: 8.74% (contexto no causal),0.087428650981484,POSITIVE,tendencia trimestral: -124.00 endpoints/mes (contexto no causal),-124.0,NEGATIVE,crecimiento vecinal reciente: 4.68% (contexto no causal),0.0468064002931461,POSITIVE,True,1.0,Las señales vecinales son contextuales y no implican causalidad; la geometría y disponibilidad espacial son parciales. Catálogo de estaciones sin vigencia histórica verificada. Pronóstico retrospectivo; no es una corrida futura común.,2.0-phase6-persistence-context
col_6e932760ad7e5318b2922fea188ea3f8,Cuauhtemoc Pensil,2026-02,6,2026-08,7153.0,7153.0,0.0,0.0,NEUTRAL,PERSISTENCE,VALIDATED_WITH_CAUTION,VALIDATED_FORECAST,v2_zero_endpoint_threshold,station_endpoints_per_calendar_month,5812.0,8494.0,2682.0,CONFORMAL_SYMMETRIC_ABS_RESIDUAL,0.8,0.8095238095238095,126,571,9,2026-01-01,2026-02-01T00:00:00,RETROSPECTIVE_REPLAY,False,CALIBRATED,2026-03-01T00:00:00,PERSISTENCE,El forecast mantiene el nivel de actividad registrado en su origen: persistencia fue seleccionada por su desempeño retrospectivo. Las señales contextuales no modifican esta predicción.,growth_1,trend_3,neighbor_growth_lag1,crecimiento reciente: -2.92% (contexto no causal),-0.0291802388707926,NEGATIVE,tendencia trimestral: 261.50 endpoints/mes (contexto no causal),261.5,POSITIVE,crecimiento vecinal reciente: -3.44% (contexto no causal),-0.0343601510514095,NEGATIVE,True,1.0,Las señales vecinales son contextuales y no implican causalidad; la geometría y disponibilidad espacial son parciales. Catálogo de estaciones sin vigencia histórica verificada. Pronóstico retrospectivo; no es una corrida futura común.,2.0-phase6-persistence-context
col_6e932760ad7e5318b2922fea188ea3f8,Cuauhtemoc Pensil,2025-08,12,2026-08,7191.0,7191.0,0.0,0.0,NEUTRAL,PERSISTENCE,VALIDATED_WITH_CAUTION,VALIDATED_FORECAST,v2_zero_endpoint_threshold,station_endpoints_per_calendar_month,4910.0,9472.0,4562.0,CONFORMAL_SYMMETRIC_ABS_RESIDUAL,0.8,,0,165,3,2025-07-01,2025-08-01T00:00:00,RETROSPECTIVE_REPLAY,False,CALIBRATED,2025-09-01T00:00:00,PERSISTENCE,El forecast mantiene el nivel de actividad registrado en su origen: persistencia fue seleccionada por su desempeño retrospectivo. Las señales contextuales no modifican esta predicción.,growth_1,trend_3,neighbor_growth_lag1,crecimiento reciente: -7.70% (contexto no causal),-0.0770119368502117,NEGATIVE,tendencia trimestral: -69.50 endpoints/mes (contexto no causal),-69.5,NEGATIVE,crecimiento vecinal reciente: -7.92% (contexto no causal),-0.0791932918854048,NEGATIVE,True,1.0,Las señales vecinales son contextuales y no implican causalidad; la geometría y disponibilidad espacial son parciales. Catálogo de estaciones sin vigencia histórica verificada. Pronóstico retrospectivo; no es una corrida futura común.,2.0-phase6-persistence-context
col_6f85f8cb1357503bae86559c4ab47194,Veronica Anzures,2026-07,1,2026-08,14427.0,14427.0,0.0,0.0,NEUTRAL,PERSISTENCE,VALIDATED_SHORT_TERM,VALIDATED_FORECAST,v2_zero_endpoint_threshold,station_endpoints_per_calendar_month,13382.0,15472.0,2090.0,CONFORMAL_SYMMETRIC_ABS_RESIDUAL,0.8,0.7463284379172229,749,911,15,2026-06-01,2026-07-01T00:00:00,RETROSPECTIVE_REPLAY,False,CALIBRATED,2026-08-01T00:00:00,PERSISTENCE,El forecast mantiene el nivel de actividad registrado en su origen: persistencia fue seleccionada por su desempeño retrospectivo. Las señales contextuales no modifican esta predicción.,growth_1,trend_3,neighbor_growth_lag1,crecimiento reciente: 5.10% (contexto no causal),0.0509943906170321,POSITIVE,tendencia trimestral: 270.50 endpoints/mes (contexto no causal),270.5,POSITIVE,crecimiento vecinal reciente: 4.07% (contexto no causal),0.0407455816332329,POSITIVE,True,0.25,Las señales vecinales son contextuales y no implican causalidad; la geometría y disponibilidad espacial son parciales. Catálogo de estaciones sin vigencia histórica verificada. Pronóstico retrospectivo; no es una corrida futura común.,2.0-phase6-persistence-context
col_6f85f8cb1357503bae86559c4ab47194,Veronica Anzures,2026-03,3,2026-06,14939.0,14939.0,0.0,0.0,NEUTRAL,PERSISTENCE,VALIDATED_WITH_CAUTION,VALIDATED_FORECAST,v2_zero_endpoint_threshold,station_endpoints_per_calendar_month,13776.0,16102.0,2326.0,CONFORMAL_SYMMETRIC_ABS_RESIDUAL,0.8,0.8668555240793201,353,644,11,2026-02-01,2026-03-01T00:00:00,RETROSPECTIVE_REPLAY,False,CALIBRATED,2026-04-01T00:00:00,PERSISTENCE,El forecast mantiene el nivel de actividad registrado en su origen: persistencia fue seleccionada por su desempeño retrospectivo. Las señales contextuales no modifican esta predicción.,growth_1,trend_3,neighbor_growth_lag1,crecimiento reciente: 12.04% (contexto no causal),0.1203689815509224,POSITIVE,tendencia trimestral: 869.50 endpoints/mes (contexto no causal),869.5,POSITIVE,crecimiento vecinal reciente: 7.70% (contexto no causal),0.0769864990209213,POSITIVE,True,0.25,Las señales vecinales son contextuales y no implican causalidad; la geometría y disponibilidad espacial son parciales. Catálogo de estaciones sin vigencia histórica verificada. Pronóstico retrospectivo; no es una corrida futura común.,2.0-phase6-persistence-context
col_6f85f8cb1357503bae86559c4ab47194,Veronica Anzures,2026-02,6,2026-08,13334.0,13334.0,0.0,0.0,NEUTRAL,PERSISTENCE,VALIDATED_WITH_CAUTION,VALIDATED_FORECAST,v2_zero_endpoint_threshold,station_endpoints_per_calendar_month,11993.0,14675.0,2682.0,CONFORMAL_SYMMETRIC_ABS_RESIDUAL,0.8,0.8095238095238095,126,571,9,2026-01-01,2026-02-01T00:00:00,RETROSPECTIVE_REPLAY,False,CALIBRATED,2026-03-01T00:00:00,PERSISTENCE,El forecast mantiene el nivel de actividad registrado en su origen: persistencia fue seleccionada por su desempeño retrospectivo. Las señales contextuales no modifican esta predicción.,growth_1,trend_3,neighbor_growth_lag1,crecimiento reciente: 1.02% (contexto no causal),0.0101515151515151,POSITIVE,tendencia trimestral: 393.50 endpoints/mes (contexto no causal),393.5,POSITIVE,crecimiento vecinal reciente: -0.83% (contexto no causal),-0.0082639456117446,NEGATIVE,True,0.5,Las señales vecinales son contextuales y no implican causalidad; la geometría y disponibilidad espacial son parciales. Catálogo de estaciones sin vigencia histórica verificada. Pronóstico retrospectivo; no es una corrida futura común.,2.0-phase6-persistence-context
col_6f85f8cb1357503bae86559c4ab47194,Veronica Anzures,2025-08,12,2026-08,13669.0,13669.0,0.0,0.0,NEUTRAL,PERSISTENCE,VALIDATED_WITH_CAUTION,VALIDATED_FORECAST,v2_zero_endpoint_threshold,station_endpoints_per_calendar_month,11388.0,15950.0,4562.0,CONFORMAL_SYMMETRIC_ABS_RESIDUAL,0.8,,0,165,3,2025-07-01,2025-08-01T00:00:00,RETROSPECTIVE_REPLAY,False,CALIBRATED,2025-09-01T00:00:00,PERSISTENCE,El forecast mantiene el nivel de actividad registrado en su origen: persistencia fue seleccionada por su desempeño retrospectivo. Las señales contextuales no modifican esta predicción.,growth_1,trend_3,neighbor_growth_lag1,crecimiento reciente: -7.28% (contexto no causal),-0.0727852394519061,NEGATIVE,tendencia trimestral: -915.50 endpoints/mes (contexto no causal),-915.5,NEGATIVE,crecimiento vecinal reciente: -2.85% (contexto no causal),-0.0285241628233406,NEGATIVE,True,0.25,Las señales vecinales son contextuales y no implican causalidad; la geometría y disponibilidad espacial son parciales. Catálogo de estaciones sin vigencia histórica verificada. Pronóstico retrospectivo; no es una corrida futura común.,2.0-phase6-persistence-context
col_76cd2cc2efb657e1a3779dc11ff63e1d,Cuauhtemoc,2024-09,6,2025-03,203267.0,203267.0,0.0,0.0,NEUTRAL,PERSISTENCE,VALIDATED_WITH_CAUTION,VALIDATED_FORECAST,v2_zero_endpoint_threshold,station_endpoints_per_calendar_month,,,,CONFORMAL_SYMMETRIC_ABS_RESIDUAL,0.8,,0,0,0,,2024-09-01T00:00:00,RETROSPECTIVE_REPLAY,False,INSUFFICIENT_CALIBRATION_HISTORY,2024-10-01T00:00:00,PERSISTENCE,El forecast mantiene el nivel de actividad registrado en su origen: persistencia fue seleccionada por su desempeño retrospectivo. Las señales contextuales no modifican esta predicción.,growth_1,NONE,neighbor_growth_lag1,crecimiento reciente: -0.31% (contexto no causal),-0.0030506795364144,NEGATIVE,SIN_DATO,,UNAVAILABLE,crecimiento vecinal reciente: -3.29% (contexto no causal),-0.0328626134710549,NEGATIVE,True,1.0,Las señales vecinales son contextuales y no implican causalidad; la geometría y disponibilidad espacial son parciales. Catálogo de estaciones sin vigencia histórica verificada. Pronóstico retrospectivo; no es una corrida futura común. Historia insuficiente para un intervalo.,2.0-phase6-persistence-context
col_76cd2cc2efb657e1a3779dc11ff63e1d,Cuauhtemoc,2024-09,12,2025-09,203267.0,203267.0,0.0,0.0,NEUTRAL,PERSISTENCE,VALIDATED_WITH_CAUTION,VALIDATED_FORECAST,v2_zero_endpoint_threshold,station_endpoints_per_calendar_month,,,,CONFORMAL_SYMMETRIC_ABS_RESIDUAL,0.8,,0,0,0,,2024-09-01T00:00:00,RETROSPECTIVE_REPLAY,False,INSUFFICIENT_CALIBRATION_HISTORY,2024-10-01T00:00:00,PERSISTENCE,El forecast mantiene el nivel de actividad registrado en su origen: persistencia fue seleccionada por su desempeño retrospectivo. Las señales contextuales no modifican esta predicción.,growth_1,NONE,neighbor_growth_lag1,crecimiento reciente: -0.31% (contexto no causal),-0.0030506795364144,NEGATIVE,SIN_DATO,,UNAVAILABLE,crecimiento vecinal reciente: -3.29% (contexto no causal),-0.0328626134710549,NEGATIVE,True,1.0,Las señales vecinales son contextuales y no implican causalidad; la geometría y disponibilidad espacial son parciales. Catálogo de estaciones sin vigencia histórica verificada. Pronóstico retrospectivo; no es una corrida futura común. Historia insuficiente para un intervalo.,2.0-phase6-persistence-context
col_76d47b3676925748aa9d3dee653c6562,Modelo Pensil,2026-07,1,2026-08,5011.0,5011.0,0.0,0.0,NEUTRAL,PERSISTENCE,VALIDATED_SHORT_TERM,VALIDATED_FORECAST,v2_zero_endpoint_threshold,station_endpoints_per_calendar_month,3966.0,6056.0,2090.0,CONFORMAL_SYMMETRIC_ABS_RESIDUAL,0.8,0.7463284379172229,749,911,15,2026-06-01,2026-07-01T00:00:00,RETROSPECTIVE_REPLAY,False,CALIBRATED,2026-08-01T00:00:00,PERSISTENCE,El forecast mantiene el nivel de actividad registrado en su origen: persistencia fue seleccionada por su desempeño retrospectivo. Las señales contextuales no modifican esta predicción.,growth_1,trend_3,neighbor_growth_lag1,crecimiento reciente: 1.05% (contexto no causal),0.0104859850776366,POSITIVE,tendencia trimestral: -133.00 endpoints/mes (contexto no causal),-133.0,NEGATIVE,crecimiento vecinal reciente: -2.20% (contexto no causal),-0.02202304737516,NEGATIVE,True,1.0,Las señales vecinales son contextuales y no implican causalidad; la geometría y disponibilidad espacial son parciales. Catálogo de estaciones sin vigencia histórica verificada. Pronóstico retrospectivo; no es una corrida futura común.,2.0-phase6-persistence-context
col_76d47b3676925748aa9d3dee653c6562,Modelo Pensil,2026-05,3,2026-08,5277.0,5277.0,0.0,0.0,NEUTRAL,PERSISTENCE,VALIDATED_WITH_CAUTION,VALIDATED_FORECAST,v2_zero_endpoint_threshold,station_endpoints_per_calendar_month,3999.0,6555.0,2556.0,CONFORMAL_SYMMETRIC_ABS_RESIDUAL,0.8,0.8016359918200409,489,780,13,2026-04-01,2026-05-01T00:00:00,RETROSPECTIVE_REPLAY,False,CALIBRATED,2026-06-01T00:00:00,PERSISTENCE,El forecast mantiene el nivel de actividad registrado en su origen: persistencia fue seleccionada por su desempeño retrospectivo. Las señales contextuales no modifican esta predicción.,growth_1,trend_3,neighbor_growth_lag1,crecimiento reciente: 7.06% (contexto no causal),0.0706025562994522,POSITIVE,tendencia trimestral: -22.00 endpoints/mes (contexto no causal),-22.0,NEGATIVE,crecimiento vecinal reciente: 8.74% (contexto no causal),0.087428650981484,POSITIVE,True,1.0,Las señales vecinales son contextuales y no implican causalidad; la geometría y disponibilidad espacial son parciales. Catálogo de estaciones sin vigencia histórica verificada. Pronóstico retrospectivo; no es una corrida futura común.,2.0-phase6-persistence-context
col_76d47b3676925748aa9d3dee653c6562,Modelo Pensil,2026-02,6,2026-08,4996.0,4996.0,0.0,0.0,NEUTRAL,PERSISTENCE,VALIDATED_WITH_CAUTION,VALIDATED_FORECAST,v2_zero_endpoint_threshold,station_endpoints_per_calendar_month,3655.0,6337.0,2682.0,CONFORMAL_SYMMETRIC_ABS_RESIDUAL,0.8,0.8095238095238095,126,571,9,2026-01-01,2026-02-01T00:00:00,RETROSPECTIVE_REPLAY,False,CALIBRATED,2026-03-01T00:00:00,PERSISTENCE,El forecast mantiene el nivel de actividad registrado en su origen: persistencia fue seleccionada por su desempeño retrospectivo. Las señales contextuales no modifican esta predicción.,growth_1,trend_3,neighbor_growth_lag1,crecimiento reciente: -8.33% (contexto no causal),-0.0833027522935779,NEGATIVE,tendencia trimestral: -161.00 endpoints/mes (contexto no causal),-161.0,NEGATIVE,crecimiento vecinal reciente: -2.92% (contexto no causal),-0.0291802388707926,NEGATIVE,True,1.0,Las señales vecinales son contextuales y no implican causalidad; la geometría y disponibilidad espacial son parciales. Catálogo de estaciones sin vigencia histórica verificada. Pronóstico retrospectivo; no es una corrida futura común.,2.0-phase6-persistence-context
col_76d47b3676925748aa9d3dee653c6562,Modelo Pensil,2025-08,12,2026-08,5056.0,5056.0,0.0,0.0,NEUTRAL,PERSISTENCE,VALIDATED_WITH_CAUTION,VALIDATED_FORECAST,v2_zero_endpoint_threshold,station_endpoints_per_calendar_month,2775.0,7337.0,4562.0,CONFORMAL_SYMMETRIC_ABS_RESIDUAL,0.8,,0,165,3,2025-07-01,2025-08-01T00:00:00,RETROSPECTIVE_REPLAY,False,CALIBRATED,2025-09-01T00:00:00,PERSISTENCE,El forecast mantiene el nivel de actividad registrado en su origen: persistencia fue seleccionada por su desempeño retrospectivo. Las señales contextuales no modifican esta predicción.,growth_1,trend_3,neighbor_growth_lag1,crecimiento reciente: -6.84% (contexto no causal),-0.0683618942325409,NEGATIVE,tendencia trimestral: -24.00 endpoints/mes (contexto no causal),-24.0,NEGATIVE,crecimiento vecinal reciente: -7.70% (contexto no causal),-0.0770119368502117,NEGATIVE,True,1.0,Las señales vecinales son contextuales y no implican causalidad; la geometría y disponibilidad espacial son parciales. Catálogo de estaciones sin vigencia histórica verificada. Pronóstico retrospectivo; no es una corrida futura común.,2.0-phase6-persistence-context
col_77126fcee0bf5162978113f718dc8420,Hipodromo Condesa,2026-07,1,2026-08,25083.0,25083.0,0.0,0.0,NEUTRAL,PERSISTENCE,VALIDATED_SHORT_TERM,VALIDATED_FORECAST,v2_zero_endpoint_threshold,station_endpoints_per_calendar_month,24038.0,26128.0,2090.0,CONFORMAL_SYMMETRIC_ABS_RESIDUAL,0.8,0.7463284379172229,749,911,15,2026-06-01,2026-07-01T00:00:00,RETROSPECTIVE_REPLAY,False,CALIBRATED,2026-08-01T00:00:00,PERSISTENCE,El forecast mantiene el nivel de actividad registrado en su origen: persistencia fue seleccionada por su desempeño retrospectivo. Las señales contextuales no modifican esta predicción.,growth_1,trend_3,NONE,crecimiento reciente: -0.68% (contexto no causal),-0.0068105325678083,NEGATIVE,tendencia trimestral: -2313.50 endpoints/mes (contexto no causal),-2313.5,NEGATIVE,SIN_DATO,,UNAVAILABLE,False,0.0,Las señales espaciales no están disponibles para este origen; el contexto no implica causalidad. Catálogo de estaciones sin vigencia histórica verificada. Pronóstico retrospectivo; no es una corrida futura común.,2.0-phase6-persistence-context
col_77126fcee0bf5162978113f718dc8420,Hipodromo Condesa,2026-05,3,2026-08,29710.0,29710.0,0.0,0.0,NEUTRAL,PERSISTENCE,VALIDATED_WITH_CAUTION,VALIDATED_FORECAST,v2_zero_endpoint_threshold,station_endpoints_per_calendar_month,28432.0,30988.0,2556.0,CONFORMAL_SYMMETRIC_ABS_RESIDUAL,0.8,0.8016359918200409,489,780,13,2026-04-01,2026-05-01T00:00:00,RETROSPECTIVE_REPLAY,False,CALIBRATED,2026-06-01T00:00:00,PERSISTENCE,El forecast mantiene el nivel de actividad registrado en su origen: persistencia fue seleccionada por su desempeño retrospectivo. Las señales contextuales no modifican esta predicción.,growth_1,trend_3,NONE,crecimiento reciente: 4.94% (contexto no causal),0.0493783554676462,POSITIVE,tendencia trimestral: -636.50 endpoints/mes (contexto no causal),-636.5,NEGATIVE,SIN_DATO,,UNAVAILABLE,False,0.0,Las señales espaciales no están disponibles para este origen; el contexto no implica causalidad. Catálogo de estaciones sin vigencia histórica verificada. Pronóstico retrospectivo; no es una corrida futura común.,2.0-phase6-persistence-context
col_77126fcee0bf5162978113f718dc8420,Hipodromo Condesa,2025-12,6,2026-06,25364.0,25364.0,0.0,0.0,NEUTRAL,PERSISTENCE,VALIDATED_WITH_CAUTION,VALIDATED_FORECAST,v2_zero_endpoint_threshold,station_endpoints_per_calendar_month,24018.0,26710.0,2692.0,CONFORMAL_SYMMETRIC_ABS_RESIDUAL,0.8,,0,442,7,2025-11-01,2025-12-01T00:00:00,RETROSPECTIVE_REPLAY,False,CALIBRATED,2026-01-01T00:00:00,PERSISTENCE,El forecast mantiene el nivel de actividad registrado en su origen: persistencia fue seleccionada por su desempeño retrospectivo. Las señales contextuales no modifican esta predicción.,growth_1,trend_3,NONE,crecimiento reciente: -18.82% (contexto no causal),-0.1882221155384861,NEGATIVE,tendencia trimestral: -4208.00 endpoints/mes (contexto no causal),-4208.0,NEGATIVE,SIN_DATO,,UNAVAILABLE,False,0.0,Las señales espaciales no están disponibles para este origen; el contexto no implica causalidad. Catálogo de estaciones sin vigencia histórica verificada. Pronóstico retrospectivo; no es una corrida futura común.,2.0-phase6-persistence-context
col_77126fcee0bf5162978113f718dc8420,Hipodromo Condesa,2025-05,12,2026-05,33762.0,33762.0,0.0,0.0,NEUTRAL,PERSISTENCE,VALIDATED_WITH_CAUTION,VALIDATED_FORECAST,v2_zero_endpoint_threshold,station_endpoints_per_calendar_month,,,,CONFORMAL_SYMMETRIC_ABS_RESIDUAL,0.8,,0,0,0,,2025-05-01T00:00:00,RETROSPECTIVE_REPLAY,False,INSUFFICIENT_CALIBRATION_HISTORY,2025-06-01T00:00:00,PERSISTENCE,El forecast mantiene el nivel de actividad registrado en su origen: persistencia fue seleccionada por su desempeño retrospectivo. Las señales contextuales no modifican esta predicción.,growth_1,trend_3,NONE,crecimiento reciente: 7.55% (contexto no causal),0.0754626827636734,POSITIVE,tendencia trimestral: -195.00 endpoints/mes (contexto no causal),-195.0,NEGATIVE,SIN_DATO,,UNAVAILABLE,False,0.0,Las señales espaciales no están disponibles para este origen; el contexto no implica causalidad. Catálogo de estaciones sin vigencia histórica verificada. Pronóstico retrospectivo; no es una corrida futura común. Historia insuficiente para un intervalo.,2.0-phase6-persistence-context
col_7d88ca5b0c8d519c962986381a6c0a11,San Pedro de los Pinos,2025-11,1,2025-12,33772.0,33772.0,0.0,0.0,NEUTRAL,PERSISTENCE,VALIDATED_SHORT_TERM,VALIDATED_FORECAST,v2_zero_endpoint_threshold,station_endpoints_per_calendar_month,32785.0,34759.0,1974.0,CONFORMAL_SYMMETRIC_ABS_RESIDUAL,0.8,0.680921052631579,304,466,8,2025-10-01,2025-11-01T00:00:00,RETROSPECTIVE_REPLAY,False,CALIBRATED,2025-12-01T00:00:00,PERSISTENCE,El forecast mantiene el nivel de actividad registrado en su origen: persistencia fue seleccionada por su desempeño retrospectivo. Las señales contextuales no modifican esta predicción.,growth_1,trend_3,NONE,crecimiento reciente: -7.10% (contexto no causal),-0.0709727112676056,NEGATIVE,tendencia trimestral: -6.50 endpoints/mes (contexto no causal),-6.5,NEGATIVE,SIN_DATO,,UNAVAILABLE,False,0.0,Las señales espaciales no están disponibles para este origen; el contexto no implica causalidad. Catálogo de estaciones sin vigencia histórica verificada. Pronóstico retrospectivo; no es una corrida futura común.,2.0-phase6-persistence-context
col_7d88ca5b0c8d519c962986381a6c0a11,San Pedro de los Pinos,2025-11,3,2026-02,33772.0,33772.0,0.0,0.0,NEUTRAL,PERSISTENCE,VALIDATED_WITH_CAUTION,VALIDATED_FORECAST,v2_zero_endpoint_threshold,station_endpoints_per_calendar_month,32568.0,34976.0,2408.0,CONFORMAL_SYMMETRIC_ABS_RESIDUAL,0.8,0.8647058823529412,170,461,8,2025-10-01,2025-11-01T00:00:00,RETROSPECTIVE_REPLAY,False,CALIBRATED,2025-12-01T00:00:00,PERSISTENCE,El forecast mantiene el nivel de actividad registrado en su origen: persistencia fue seleccionada por su desempeño retrospectivo. Las señales contextuales no modifican esta predicción.,growth_1,trend_3,NONE,crecimiento reciente: -7.10% (contexto no causal),-0.0709727112676056,NEGATIVE,tendencia trimestral: -6.50 endpoints/mes (contexto no causal),-6.5,NEGATIVE,SIN_DATO,,UNAVAILABLE,False,0.0,Las señales espaciales no están disponibles para este origen; el contexto no implica causalidad. Catálogo de estaciones sin vigencia histórica verificada. Pronóstico retrospectivo; no es una corrida futura común.,2.0-phase6-persistence-context
col_7d88ca5b0c8d519c962986381a6c0a11,San Pedro de los Pinos,2025-11,6,2026-05,33772.0,33772.0,0.0,0.0,NEUTRAL,PERSISTENCE,VALIDATED_WITH_CAUTION,VALIDATED_FORECAST,v2_zero_endpoint_threshold,station_endpoints_per_calendar_month,32431.0,35113.0,2682.0,CONFORMAL_SYMMETRIC_ABS_RESIDUAL,0.8,,0,430,7,2025-10-01,2025-11-01T00:00:00,RETROSPECTIVE_REPLAY,False,CALIBRATED,2025-12-01T00:00:00,PERSISTENCE,El forecast mantiene el nivel de actividad registrado en su origen: persistencia fue seleccionada por su desempeño retrospectivo. Las señales contextuales no modifican esta predicción.,growth_1,trend_3,NONE,crecimiento reciente: -7.10% (contexto no causal),-0.0709727112676056,NEGATIVE,tendencia trimestral: -6.50 endpoints/mes (contexto no causal),-6.5,NEGATIVE,SIN_DATO,,UNAVAILABLE,False,0.0,Las señales espaciales no están disponibles para este origen; el contexto no implica causalidad. Catálogo de estaciones sin vigencia histórica verificada. Pronóstico retrospectivo; no es una corrida futura común.,2.0-phase6-persistence-context
col_7d88ca5b0c8d519c962986381a6c0a11,San Pedro de los Pinos,2025-08,12,2026-08,33686.0,33686.0,0.0,0.0,NEUTRAL,PERSISTENCE,VALIDATED_WITH_CAUTION,VALIDATED_FORECAST,v2_zero_endpoint_threshold,station_endpoints_per_calendar_month,31405.0,35967.0,4562.0,CONFORMAL_SYMMETRIC_ABS_RESIDUAL,0.8,,0,165,3,2025-07-01,2025-08-01T00:00:00,RETROSPECTIVE_REPLAY,False,CALIBRATED,2025-09-01T00:00:00,PERSISTENCE,El forecast mantiene el nivel de actividad registrado en su origen: persistencia fue seleccionada por su desempeño retrospectivo. Las señales contextuales no modifican esta predicción.,growth_1,trend_3,neighbor_growth_lag1,crecimiento reciente: 2.04% (contexto no causal),0.0204477295446972,POSITIVE,tendencia trimestral: 1958.50 endpoints/mes (contexto no causal),1958.5,POSITIVE,crecimiento vecinal reciente: -3.42% (contexto no causal),-0.0341560868291596,NEGATIVE,True,0.6666666666666666,Las señales vecinales son contextuales y no implican causalidad; la geometría y disponibilidad espacial son parciales. Catálogo de estaciones sin vigencia histórica verificada. Pronóstico retrospectivo; no es una corrida futura común.,2.0-phase6-persistence-context
col_7f4389bc274355ffaf821a5f6d5a33f1,Mariano Escobedo,2026-07,1,2026-08,8260.0,8260.0,0.0,0.0,NEUTRAL,PERSISTENCE,VALIDATED_SHORT_TERM,VALIDATED_FORECAST,v2_zero_endpoint_threshold,station_endpoints_per_calendar_month,7215.0,9305.0,2090.0,CONFORMAL_SYMMETRIC_ABS_RESIDUAL,0.8,0.7463284379172229,749,911,15,2026-06-01,2026-07-01T00:00:00,RETROSPECTIVE_REPLAY,False,CALIBRATED,2026-08-01T00:00:00,PERSISTENCE,El forecast mantiene el nivel de actividad registrado en su origen: persistencia fue seleccionada por su desempeño retrospectivo. Las señales contextuales no modifican esta predicción.,growth_1,trend_3,NONE,crecimiento reciente: 6.22% (contexto no causal),0.0622427983539094,POSITIVE,tendencia trimestral: 109.00 endpoints/mes (contexto no causal),109.0,POSITIVE,SIN_DATO,,UNAVAILABLE,False,,Las señales espaciales no están disponibles para este origen; el contexto no implica causalidad. Catálogo de estaciones sin vigencia histórica verificada. Pronóstico retrospectivo; no es una corrida futura común.,2.0-phase6-persistence-context
col_7f4389bc274355ffaf821a5f6d5a33f1,Mariano Escobedo,2026-05,3,2026-08,8042.0,8042.0,0.0,0.0,NEUTRAL,PERSISTENCE,VALIDATED_WITH_CAUTION,VALIDATED_FORECAST,v2_zero_endpoint_threshold,station_endpoints_per_calendar_month,6764.0,9320.0,2556.0,CONFORMAL_SYMMETRIC_ABS_RESIDUAL,0.8,0.8016359918200409,489,780,13,2026-04-01,2026-05-01T00:00:00,RETROSPECTIVE_REPLAY,False,CALIBRATED,2026-06-01T00:00:00,PERSISTENCE,El forecast mantiene el nivel de actividad registrado en su origen: persistencia fue seleccionada por su desempeño retrospectivo. Las señales contextuales no modifican esta predicción.,growth_1,trend_3,NONE,crecimiento reciente: -2.18% (contexto no causal),-0.0217735068726432,NEGATIVE,tendencia trimestral: -402.50 endpoints/mes (contexto no causal),-402.5,NEGATIVE,SIN_DATO,,UNAVAILABLE,False,,Las señales espaciales no están disponibles para este origen; el contexto no implica causalidad. Catálogo de estaciones sin vigencia histórica verificada. Pronóstico retrospectivo; no es una corrida futura común.,2.0-phase6-persistence-context
col_7f4389bc274355ffaf821a5f6d5a33f1,Mariano Escobedo,2026-02,6,2026-08,8307.0,8307.0,0.0,0.0,NEUTRAL,PERSISTENCE,VALIDATED_WITH_CAUTION,VALIDATED_FORECAST,v2_zero_endpoint_threshold,station_endpoints_per_calendar_month,6966.0,9648.0,2682.0,CONFORMAL_SYMMETRIC_ABS_RESIDUAL,0.8,0.8095238095238095,126,571,9,2026-01-01,2026-02-01T00:00:00,RETROSPECTIVE_REPLAY,False,CALIBRATED,2026-03-01T00:00:00,PERSISTENCE,El forecast mantiene el nivel de actividad registrado en su origen: persistencia fue seleccionada por su desempeño retrospectivo. Las señales contextuales no modifican esta predicción.,growth_1,trend_3,NONE,crecimiento reciente: 4.08% (contexto no causal),0.0408470116526751,POSITIVE,tendencia trimestral: 191.00 endpoints/mes (contexto no causal),191.0,POSITIVE,SIN_DATO,,UNAVAILABLE,False,,Las señales espaciales no están disponibles para este origen; el contexto no implica causalidad. Catálogo de estaciones sin vigencia histórica verificada. Pronóstico retrospectivo; no es una corrida futura común.,2.0-phase6-persistence-context
col_7f4389bc274355ffaf821a5f6d5a33f1,Mariano Escobedo,2025-08,12,2026-08,8571.0,8571.0,0.0,0.0,NEUTRAL,PERSISTENCE,VALIDATED_WITH_CAUTION,VALIDATED_FORECAST,v2_zero_endpoint_threshold,station_endpoints_per_calendar_month,6290.0,10852.0,4562.0,CONFORMAL_SYMMETRIC_ABS_RESIDUAL,0.8,,0,165,3,2025-07-01,2025-08-01T00:00:00,RETROSPECTIVE_REPLAY,False,CALIBRATED,2025-09-01T00:00:00,PERSISTENCE,El forecast mantiene el nivel de actividad registrado en su origen: persistencia fue seleccionada por su desempeño retrospectivo. Las señales contextuales no modifican esta predicción.,growth_1,trend_3,NONE,crecimiento reciente: -1.32% (contexto no causal),-0.0132396960626295,NEGATIVE,tendencia trimestral: 183.50 endpoints/mes (contexto no causal),183.5,POSITIVE,SIN_DATO,,UNAVAILABLE,False,,Las señales espaciales no están disponibles para este origen; el contexto no implica causalidad. Catálogo de estaciones sin vigencia histórica verificada. Pronóstico retrospectivo; no es una corrida futura común.,2.0-phase6-persistence-context
col_81496637921a5e749f117e8ef4f2ee99,Credito Constructor,2026-06,1,2026-07,2041.0,2041.0,0.0,0.0,NEUTRAL,PERSISTENCE,VALIDATED_SHORT_TERM,VALIDATED_FORECAST,v2_zero_endpoint_threshold,station_endpoints_per_calendar_month,970.0,3112.0,2142.0,CONFORMAL_SYMMETRIC_ABS_RESIDUAL,0.8,0.7312775330396476,681,843,14,2026-05-01,2026-06-01T00:00:00,RETROSPECTIVE_REPLAY,False,CALIBRATED,2026-07-01T00:00:00,PERSISTENCE,El forecast mantiene el nivel de actividad registrado en su origen: persistencia fue seleccionada por su desempeño retrospectivo. Las señales contextuales no modifican esta predicción.,growth_1,trend_3,neighbor_growth_lag1,crecimiento reciente: -11.72% (contexto no causal),-0.1172145328719723,NEGATIVE,tendencia trimestral: -93.00 endpoints/mes (contexto no causal),-93.0,NEGATIVE,crecimiento vecinal reciente: -14.15% (contexto no causal),-0.1415275116342732,NEGATIVE,True,0.25,Las señales vecinales son contextuales y no implican causalidad; la geometría y disponibilidad espacial son parciales. Catálogo de estaciones sin vigencia histórica verificada. Pronóstico retrospectivo; no es una corrida futura común.,2.0-phase6-persistence-context
col_81496637921a5e749f117e8ef4f2ee99,Credito Constructor,2026-05,3,2026-08,2312.0,2312.0,0.0,0.0,NEUTRAL,PERSISTENCE,VALIDATED_WITH_CAUTION,VALIDATED_FORECAST,v2_zero_endpoint_threshold,station_endpoints_per_calendar_month,1034.0,3590.0,2556.0,CONFORMAL_SYMMETRIC_ABS_RESIDUAL,0.8,0.8016359918200409,489,780,13,2026-04-01,2026-05-01T00:00:00,RETROSPECTIVE_REPLAY,False,CALIBRATED,2026-06-01T00:00:00,PERSISTENCE,El forecast mantiene el nivel de actividad registrado en su origen: persistencia fue seleccionada por su desempeño retrospectivo. Las señales contextuales no modifican esta predicción.,growth_1,trend_3,neighbor_growth_lag1,crecimiento reciente: 3.82% (contexto no causal),0.0381679389312977,POSITIVE,tendencia trimestral: -77.50 endpoints/mes (contexto no causal),-77.5,NEGATIVE,crecimiento vecinal reciente: 3.36% (contexto no causal),0.0336240411894504,POSITIVE,True,0.25,Las señales vecinales son contextuales y no implican causalidad; la geometría y disponibilidad espacial son parciales. Catálogo de estaciones sin vigencia histórica verificada. Pronóstico retrospectivo; no es una corrida futura común.,2.0-phase6-persistence-context
col_81496637921a5e749f117e8ef4f2ee99,Credito Constructor,2026-02,6,2026-08,2201.0,2201.0,0.0,0.0,NEUTRAL,PERSISTENCE,VALIDATED_WITH_CAUTION,VALIDATED_FORECAST,v2_zero_endpoint_threshold,station_endpoints_per_calendar_month,860.0,3542.0,2682.0,CONFORMAL_SYMMETRIC_ABS_RESIDUAL,0.8,0.8095238095238095,126,571,9,2026-01-01,2026-02-01T00:00:00,RETROSPECTIVE_REPLAY,False,CALIBRATED,2026-03-01T00:00:00,PERSISTENCE,El forecast mantiene el nivel de actividad registrado en su origen: persistencia fue seleccionada por su desempeño retrospectivo. Las señales contextuales no modifican esta predicción.,growth_1,trend_3,neighbor_growth_lag1,crecimiento reciente: -1.08% (contexto no causal),-0.0107865168539325,NEGATIVE,tendencia trimestral: 88.00 endpoints/mes (contexto no causal),88.0,POSITIVE,crecimiento vecinal reciente: -7.72% (contexto no causal),-0.0772059449912129,NEGATIVE,True,0.5,Las señales vecinales son contextuales y no implican causalidad; la geometría y disponibilidad espacial son parciales. Catálogo de estaciones sin vigencia histórica verificada. Pronóstico retrospectivo; no es una corrida futura común.,2.0-phase6-persistence-context
col_81496637921a5e749f117e8ef4f2ee99,Credito Constructor,2025-08,12,2026-08,2353.0,2353.0,0.0,0.0,NEUTRAL,PERSISTENCE,VALIDATED_WITH_CAUTION,VALIDATED_FORECAST,v2_zero_endpoint_threshold,station_endpoints_per_calendar_month,72.0,4634.0,4562.0,CONFORMAL_SYMMETRIC_ABS_RESIDUAL,0.8,,0,165,3,2025-07-01,2025-08-01T00:00:00,RETROSPECTIVE_REPLAY,False,CALIBRATED,2025-09-01T00:00:00,PERSISTENCE,El forecast mantiene el nivel de actividad registrado en su origen: persistencia fue seleccionada por su desempeño retrospectivo. Las señales contextuales no modifican esta predicción.,growth_1,trend_3,neighbor_growth_lag1,crecimiento reciente: -14.47% (contexto no causal),-0.1446746637586332,NEGATIVE,tendencia trimestral: 45.50 endpoints/mes (contexto no causal),45.5,POSITIVE,crecimiento vecinal reciente: -10.39% (contexto no causal),-0.1038637562490242,NEGATIVE,True,0.75,Las señales vecinales son contextuales y no implican causalidad; la geometría y disponibilidad espacial son parciales. Catálogo de estaciones sin vigencia histórica verificada. Pronóstico retrospectivo; no es una corrida futura común.,2.0-phase6-persistence-context
col_81ad18034e5855e38b63dfffe608d3d3,Letran Valle,2026-07,1,2026-08,13481.0,13481.0,0.0,0.0,NEUTRAL,PERSISTENCE,VALIDATED_SHORT_TERM,VALIDATED_FORECAST,v2_zero_endpoint_threshold,station_endpoints_per_calendar_month,12436.0,14526.0,2090.0,CONFORMAL_SYMMETRIC_ABS_RESIDUAL,0.8,0.7463284379172229,749,911,15,2026-06-01,2026-07-01T00:00:00,RETROSPECTIVE_REPLAY,False,CALIBRATED,2026-08-01T00:00:00,PERSISTENCE,El forecast mantiene el nivel de actividad registrado en su origen: persistencia fue seleccionada por su desempeño retrospectivo. Las señales contextuales no modifican esta predicción.,growth_1,trend_3,neighbor_growth_lag1,crecimiento reciente: -4.87% (contexto no causal),-0.0486909886387693,NEGATIVE,tendencia trimestral: -1302.00 endpoints/mes (contexto no causal),-1302.0,NEGATIVE,crecimiento vecinal reciente: 2.37% (contexto no causal),0.0236855543434644,POSITIVE,True,0.6000000000000001,Las señales vecinales son contextuales y no implican causalidad; la geometría y disponibilidad espacial son parciales. Catálogo de estaciones sin vigencia histórica verificada. Pronóstico retrospectivo; no es una corrida futura común.,2.0-phase6-persistence-context
col_81ad18034e5855e38b63dfffe608d3d3,Letran Valle,2026-05,3,2026-08,16085.0,16085.0,0.0,0.0,NEUTRAL,PERSISTENCE,VALIDATED_WITH_CAUTION,VALIDATED_FORECAST,v2_zero_endpoint_threshold,station_endpoints_per_calendar_month,14807.0,17363.0,2556.0,CONFORMAL_SYMMETRIC_ABS_RESIDUAL,0.8,0.8016359918200409,489,780,13,2026-04-01,2026-05-01T00:00:00,RETROSPECTIVE_REPLAY,False,CALIBRATED,2026-06-01T00:00:00,PERSISTENCE,El forecast mantiene el nivel de actividad registrado en su origen: persistencia fue seleccionada por su desempeño retrospectivo. Las señales contextuales no modifican esta predicción.,growth_1,trend_3,neighbor_growth_lag1,crecimiento reciente: 5.33% (contexto no causal),0.0533036474363172,POSITIVE,tendencia trimestral: 332.50 endpoints/mes (contexto no causal),332.5,POSITIVE,crecimiento vecinal reciente: 9.14% (contexto no causal),0.0914244332662861,POSITIVE,True,0.6000000000000001,Las señales vecinales son contextuales y no implican causalidad; la geometría y disponibilidad espacial son parciales. Catálogo de estaciones sin vigencia histórica verificada. Pronóstico retrospectivo; no es una corrida futura común.,2.0-phase6-persistence-context
col_81ad18034e5855e38b63dfffe608d3d3,Letran Valle,2026-02,6,2026-08,13998.0,13998.0,0.0,0.0,NEUTRAL,PERSISTENCE,VALIDATED_WITH_CAUTION,VALIDATED_FORECAST,v2_zero_endpoint_threshold,station_endpoints_per_calendar_month,12657.0,15339.0,2682.0,CONFORMAL_SYMMETRIC_ABS_RESIDUAL,0.8,0.8095238095238095,126,571,9,2026-01-01,2026-02-01T00:00:00,RETROSPECTIVE_REPLAY,False,CALIBRATED,2026-03-01T00:00:00,PERSISTENCE,El forecast mantiene el nivel de actividad registrado en su origen: persistencia fue seleccionada por su desempeño retrospectivo. Las señales contextuales no modifican esta predicción.,growth_1,NONE,neighbor_growth_lag1,crecimiento reciente: 1.00% (contexto no causal),0.010029583664045,POSITIVE,SIN_DATO,,UNAVAILABLE,crecimiento vecinal reciente: -4.27% (contexto no causal),-0.0427075088136571,NEGATIVE,True,0.4,Las señales vecinales son contextuales y no implican causalidad; la geometría y disponibilidad espacial son parciales. Catálogo de estaciones sin vigencia histórica verificada. Pronóstico retrospectivo; no es una corrida futura común.,2.0-phase6-persistence-context
col_81ad18034e5855e38b63dfffe608d3d3,Letran Valle,2025-08,12,2026-08,15254.0,15254.0,0.0,0.0,NEUTRAL,PERSISTENCE,VALIDATED_WITH_CAUTION,VALIDATED_FORECAST,v2_zero_endpoint_threshold,station_endpoints_per_calendar_month,12973.0,17535.0,4562.0,CONFORMAL_SYMMETRIC_ABS_RESIDUAL,0.8,,0,165,3,2025-07-01,2025-08-01T00:00:00,RETROSPECTIVE_REPLAY,False,CALIBRATED,2025-09-01T00:00:00,PERSISTENCE,El forecast mantiene el nivel de actividad registrado en su origen: persistencia fue seleccionada por su desempeño retrospectivo. Las señales contextuales no modifican esta predicción.,growth_1,trend_3,neighbor_growth_lag1,crecimiento reciente: 2.01% (contexto no causal),0.0201297398515348,POSITIVE,tendencia trimestral: 422.50 endpoints/mes (contexto no causal),422.5,POSITIVE,crecimiento vecinal reciente: -0.76% (contexto no causal),-0.0076158502547539,NEGATIVE,True,0.6000000000000001,Las señales vecinales son contextuales y no implican causalidad; la geometría y disponibilidad espacial son parciales. Catálogo de estaciones sin vigencia histórica verificada. Pronóstico retrospectivo; no es una corrida futura común.,2.0-phase6-persistence-context
col_84c2fef5059c546e9a59e6816fb7e72b,Extremadura Insurgentes,2026-07,1,2026-08,9438.0,9438.0,0.0,0.0,NEUTRAL,PERSISTENCE,VALIDATED_SHORT_TERM,VALIDATED_FORECAST,v2_zero_endpoint_threshold,station_endpoints_per_calendar_month,8393.0,10483.0,2090.0,CONFORMAL_SYMMETRIC_ABS_RESIDUAL,0.8,0.7463284379172229,749,911,15,2026-06-01,2026-07-01T00:00:00,RETROSPECTIVE_REPLAY,False,CALIBRATED,2026-08-01T00:00:00,PERSISTENCE,El forecast mantiene el nivel de actividad registrado en su origen: persistencia fue seleccionada por su desempeño retrospectivo. Las señales contextuales no modifican esta predicción.,growth_1,trend_3,neighbor_growth_lag1,crecimiento reciente: 22.13% (contexto no causal),0.2212732919254658,POSITIVE,tendencia trimestral: -10.50 endpoints/mes (contexto no causal),-10.5,NEGATIVE,crecimiento vecinal reciente: 10.43% (contexto no causal),0.1042920853437209,POSITIVE,True,0.4,Las señales vecinales son contextuales y no implican causalidad; la geometría y disponibilidad espacial son parciales. Catálogo de estaciones sin vigencia histórica verificada. Pronóstico retrospectivo; no es una corrida futura común.,2.0-phase6-persistence-context
col_84c2fef5059c546e9a59e6816fb7e72b,Extremadura Insurgentes,2026-05,3,2026-08,9459.0,9459.0,0.0,0.0,NEUTRAL,PERSISTENCE,VALIDATED_WITH_CAUTION,VALIDATED_FORECAST,v2_zero_endpoint_threshold,station_endpoints_per_calendar_month,8181.0,10737.0,2556.0,CONFORMAL_SYMMETRIC_ABS_RESIDUAL,0.8,0.8016359918200409,489,780,13,2026-04-01,2026-05-01T00:00:00,RETROSPECTIVE_REPLAY,False,CALIBRATED,2026-06-01T00:00:00,PERSISTENCE,El forecast mantiene el nivel de actividad registrado en su origen: persistencia fue seleccionada por su desempeño retrospectivo. Las señales contextuales no modifican esta predicción.,growth_1,trend_3,neighbor_growth_lag1,crecimiento reciente: -0.46% (contexto no causal),-0.0046301168052194,NEGATIVE,tendencia trimestral: -198.50 endpoints/mes (contexto no causal),-198.5,NEGATIVE,crecimiento vecinal reciente: 0.81% (contexto no causal),0.0080882627688576,POSITIVE,True,0.4,Las señales vecinales son contextuales y no implican causalidad; la geometría y disponibilidad espacial son parciales. Catálogo de estaciones sin vigencia histórica verificada. Pronóstico retrospectivo; no es una corrida futura común.,2.0-phase6-persistence-context
col_84c2fef5059c546e9a59e6816fb7e72b,Extremadura Insurgentes,2026-02,6,2026-08,9244.0,9244.0,0.0,0.0,NEUTRAL,PERSISTENCE,VALIDATED_WITH_CAUTION,VALIDATED_FORECAST,v2_zero_endpoint_threshold,station_endpoints_per_calendar_month,7903.0,10585.0,2682.0,CONFORMAL_SYMMETRIC_ABS_RESIDUAL,0.8,0.8095238095238095,126,571,9,2026-01-01,2026-02-01T00:00:00,RETROSPECTIVE_REPLAY,False,CALIBRATED,2026-03-01T00:00:00,PERSISTENCE,El forecast mantiene el nivel de actividad registrado en su origen: persistencia fue seleccionada por su desempeño retrospectivo. Las señales contextuales no modifican esta predicción.,growth_1,trend_3,neighbor_growth_lag1,crecimiento reciente: -5.13% (contexto no causal),-0.0513136288998357,NEGATIVE,tendencia trimestral: 369.00 endpoints/mes (contexto no causal),369.0,POSITIVE,crecimiento vecinal reciente: -7.12% (contexto no causal),-0.0712329082331619,NEGATIVE,True,0.6000000000000001,Las señales vecinales son contextuales y no implican causalidad; la geometría y disponibilidad espacial son parciales. Catálogo de estaciones sin vigencia histórica verificada. Pronóstico retrospectivo; no es una corrida futura común.,2.0-phase6-persistence-context
col_84c2fef5059c546e9a59e6816fb7e72b,Extremadura Insurgentes,2025-08,12,2026-08,9910.0,9910.0,0.0,0.0,NEUTRAL,PERSISTENCE,VALIDATED_WITH_CAUTION,VALIDATED_FORECAST,v2_zero_endpoint_threshold,station_endpoints_per_calendar_month,7629.0,12191.0,4562.0,CONFORMAL_SYMMETRIC_ABS_RESIDUAL,0.8,,0,165,3,2025-07-01,2025-08-01T00:00:00,RETROSPECTIVE_REPLAY,False,CALIBRATED,2025-09-01T00:00:00,PERSISTENCE,El forecast mantiene el nivel de actividad registrado en su origen: persistencia fue seleccionada por su desempeño retrospectivo. Las señales contextuales no modifican esta predicción.,growth_1,trend_3,neighbor_growth_lag1,crecimiento reciente: 0.74% (contexto no causal),0.0074209616753075,POSITIVE,tendencia trimestral: 388.00 endpoints/mes (contexto no causal),388.0,POSITIVE,crecimiento vecinal reciente: -5.41% (contexto no causal),-0.0541132911313386,NEGATIVE,True,0.6000000000000001,Las señales vecinales son contextuales y no implican causalidad; la geometría y disponibilidad espacial son parciales. Catálogo de estaciones sin vigencia histórica verificada. Pronóstico retrospectivo; no es una corrida futura común.,2.0-phase6-persistence-context
col_8694171d7ed551d78020504424e7148c,Xoco,2026-07,1,2026-08,6520.0,6520.0,0.0,0.0,NEUTRAL,PERSISTENCE,VALIDATED_SHORT_TERM,VALIDATED_FORECAST,v2_zero_endpoint_threshold,station_endpoints_per_calendar_month,5475.0,7565.0,2090.0,CONFORMAL_SYMMETRIC_ABS_RESIDUAL,0.8,0.7463284379172229,749,911,15,2026-06-01,2026-07-01T00:00:00,RETROSPECTIVE_REPLAY,False,CALIBRATED,2026-08-01T00:00:00,PERSISTENCE,El forecast mantiene el nivel de actividad registrado en su origen: persistencia fue seleccionada por su desempeño retrospectivo. Las señales contextuales no modifican esta predicción.,growth_1,trend_3,neighbor_growth_lag1,crecimiento reciente: 14.81% (contexto no causal),0.1480894523683747,POSITIVE,tendencia trimestral: -51.00 endpoints/mes (contexto no causal),-51.0,NEGATIVE,crecimiento vecinal reciente: 8.06% (contexto no causal),0.080641537354726,POSITIVE,True,1.0,Las señales vecinales son contextuales y no implican causalidad; la geometría y disponibilidad espacial son parciales. Catálogo de estaciones sin vigencia histórica verificada. Pronóstico retrospectivo; no es una corrida futura común.,2.0-phase6-persistence-context
col_8694171d7ed551d78020504424e7148c,Xoco,2026-05,3,2026-08,6622.0,6622.0,0.0,0.0,NEUTRAL,PERSISTENCE,VALIDATED_WITH_CAUTION,VALIDATED_FORECAST,v2_zero_endpoint_threshold,station_endpoints_per_calendar_month,5344.0,7900.0,2556.0,CONFORMAL_SYMMETRIC_ABS_RESIDUAL,0.8,0.8016359918200409,489,780,13,2026-04-01,2026-05-01T00:00:00,RETROSPECTIVE_REPLAY,False,CALIBRATED,2026-06-01T00:00:00,PERSISTENCE,El forecast mantiene el nivel de actividad registrado en su origen: persistencia fue seleccionada por su desempeño retrospectivo. Las señales contextuales no modifican esta predicción.,growth_1,trend_3,neighbor_growth_lag1,crecimiento reciente: -0.12% (contexto no causal),-0.0012066365007541,NEGATIVE,tendencia trimestral: -66.50 endpoints/mes (contexto no causal),-66.5,NEGATIVE,crecimiento vecinal reciente: 0.33% (contexto no causal),0.0033452807646356,POSITIVE,True,0.5,Las señales vecinales son contextuales y no implican causalidad; la geometría y disponibilidad espacial son parciales. Catálogo de estaciones sin vigencia histórica verificada. Pronóstico retrospectivo; no es una corrida futura común.,2.0-phase6-persistence-context
col_8694171d7ed551d78020504424e7148c,Xoco,2026-02,6,2026-08,5933.0,5933.0,0.0,0.0,NEUTRAL,PERSISTENCE,VALIDATED_WITH_CAUTION,VALIDATED_FORECAST,v2_zero_endpoint_threshold,station_endpoints_per_calendar_month,4592.0,7274.0,2682.0,CONFORMAL_SYMMETRIC_ABS_RESIDUAL,0.8,0.8095238095238095,126,571,9,2026-01-01,2026-02-01T00:00:00,RETROSPECTIVE_REPLAY,False,CALIBRATED,2026-03-01T00:00:00,PERSISTENCE,El forecast mantiene el nivel de actividad registrado en su origen: persistencia fue seleccionada por su desempeño retrospectivo. Las señales contextuales no modifican esta predicción.,growth_1,trend_3,neighbor_growth_lag1,crecimiento reciente: -6.18% (contexto no causal),-0.0618279569892473,NEGATIVE,tendencia trimestral: -225.50 endpoints/mes (contexto no causal),-225.5,NEGATIVE,crecimiento vecinal reciente: 0.54% (contexto no causal),0.0054239862789335,POSITIVE,True,1.0,Las señales vecinales son contextuales y no implican causalidad; la geometría y disponibilidad espacial son parciales. Catálogo de estaciones sin vigencia histórica verificada. Pronóstico retrospectivo; no es una corrida futura común.,2.0-phase6-persistence-context
col_8694171d7ed551d78020504424e7148c,Xoco,2025-08,12,2026-08,5833.0,5833.0,0.0,0.0,NEUTRAL,PERSISTENCE,VALIDATED_WITH_CAUTION,VALIDATED_FORECAST,v2_zero_endpoint_threshold,station_endpoints_per_calendar_month,3552.0,8114.0,4562.0,CONFORMAL_SYMMETRIC_ABS_RESIDUAL,0.8,,0,165,3,2025-07-01,2025-08-01T00:00:00,RETROSPECTIVE_REPLAY,False,CALIBRATED,2025-09-01T00:00:00,PERSISTENCE,El forecast mantiene el nivel de actividad registrado en su origen: persistencia fue seleccionada por su desempeño retrospectivo. Las señales contextuales no modifican esta predicción.,growth_1,trend_3,neighbor_growth_lag1,crecimiento reciente: -9.21% (contexto no causal),-0.0921400778210116,NEGATIVE,tendencia trimestral: -41.00 endpoints/mes (contexto no causal),-41.0,NEGATIVE,crecimiento vecinal reciente: -6.24% (contexto no causal),-0.0623516947888979,NEGATIVE,True,1.0,Las señales vecinales son contextuales y no implican causalidad; la geometría y disponibilidad espacial son parciales. Catálogo de estaciones sin vigencia histórica verificada. Pronóstico retrospectivo; no es una corrida futura común.,2.0-phase6-persistence-context
col_8dd63c1e84435db49a927bcd4b149776,Atlampa,2026-07,1,2026-08,8199.0,8199.0,0.0,0.0,NEUTRAL,PERSISTENCE,VALIDATED_SHORT_TERM,VALIDATED_FORECAST,v2_zero_endpoint_threshold,station_endpoints_per_calendar_month,7154.0,9244.0,2090.0,CONFORMAL_SYMMETRIC_ABS_RESIDUAL,0.8,0.7463284379172229,749,911,15,2026-06-01,2026-07-01T00:00:00,RETROSPECTIVE_REPLAY,False,CALIBRATED,2026-08-01T00:00:00,PERSISTENCE,El forecast mantiene el nivel de actividad registrado en su origen: persistencia fue seleccionada por su desempeño retrospectivo. Las señales contextuales no modifican esta predicción.,growth_1,trend_3,neighbor_growth_lag1,crecimiento reciente: 1.47% (contexto no causal),0.0147277227722772,POSITIVE,tendencia trimestral: -95.50 endpoints/mes (contexto no causal),-95.5,NEGATIVE,crecimiento vecinal reciente: -20.55% (contexto no causal),-0.2054821795977965,NEGATIVE,True,0.3333333333333333,Las señales vecinales son contextuales y no implican causalidad; la geometría y disponibilidad espacial son parciales. Catálogo de estaciones sin vigencia histórica verificada. Pronóstico retrospectivo; no es una corrida futura común.,2.0-phase6-persistence-context
col_8dd63c1e84435db49a927bcd4b149776,Atlampa,2026-05,3,2026-08,8390.0,8390.0,0.0,0.0,NEUTRAL,PERSISTENCE,VALIDATED_WITH_CAUTION,VALIDATED_FORECAST,v2_zero_endpoint_threshold,station_endpoints_per_calendar_month,7112.0,9668.0,2556.0,CONFORMAL_SYMMETRIC_ABS_RESIDUAL,0.8,0.8016359918200409,489,780,13,2026-04-01,2026-05-01T00:00:00,RETROSPECTIVE_REPLAY,False,CALIBRATED,2026-06-01T00:00:00,PERSISTENCE,El forecast mantiene el nivel de actividad registrado en su origen: persistencia fue seleccionada por su desempeño retrospectivo. Las señales contextuales no modifican esta predicción.,growth_1,trend_3,neighbor_growth_lag1,crecimiento reciente: 2.35% (contexto no causal),0.0235451994632182,POSITIVE,tendencia trimestral: -38.50 endpoints/mes (contexto no causal),-38.5,NEGATIVE,crecimiento vecinal reciente: 6.18% (contexto no causal),0.0618041517730236,POSITIVE,True,0.6666666666666666,Las señales vecinales son contextuales y no implican causalidad; la geometría y disponibilidad espacial son parciales. Catálogo de estaciones sin vigencia histórica verificada. Pronóstico retrospectivo; no es una corrida futura común.,2.0-phase6-persistence-context
col_8dd63c1e84435db49a927bcd4b149776,Atlampa,2026-02,6,2026-08,8497.0,8497.0,0.0,0.0,NEUTRAL,PERSISTENCE,VALIDATED_WITH_CAUTION,VALIDATED_FORECAST,v2_zero_endpoint_threshold,station_endpoints_per_calendar_month,7156.0,9838.0,2682.0,CONFORMAL_SYMMETRIC_ABS_RESIDUAL,0.8,0.8095238095238095,126,571,9,2026-01-01,2026-02-01T00:00:00,RETROSPECTIVE_REPLAY,False,CALIBRATED,2026-03-01T00:00:00,PERSISTENCE,El forecast mantiene el nivel de actividad registrado en su origen: persistencia fue seleccionada por su desempeño retrospectivo. Las señales contextuales no modifican esta predicción.,growth_1,trend_3,neighbor_growth_lag1,crecimiento reciente: 7.04% (contexto no causal),0.0704207608969513,POSITIVE,tendencia trimestral: 311.50 endpoints/mes (contexto no causal),311.5,POSITIVE,crecimiento vecinal reciente: 8.34% (contexto no causal),0.0833963684996322,POSITIVE,True,0.6666666666666666,Las señales vecinales son contextuales y no implican causalidad; la geometría y disponibilidad espacial son parciales. Catálogo de estaciones sin vigencia histórica verificada. Pronóstico retrospectivo; no es una corrida futura común.,2.0-phase6-persistence-context
col_8dd63c1e84435db49a927bcd4b149776,Atlampa,2025-08,12,2026-08,8708.0,8708.0,0.0,0.0,NEUTRAL,PERSISTENCE,VALIDATED_WITH_CAUTION,VALIDATED_FORECAST,v2_zero_endpoint_threshold,station_endpoints_per_calendar_month,6427.0,10989.0,4562.0,CONFORMAL_SYMMETRIC_ABS_RESIDUAL,0.8,,0,165,3,2025-07-01,2025-08-01T00:00:00,RETROSPECTIVE_REPLAY,False,CALIBRATED,2025-09-01T00:00:00,PERSISTENCE,El forecast mantiene el nivel de actividad registrado en su origen: persistencia fue seleccionada por su desempeño retrospectivo. Las señales contextuales no modifican esta predicción.,growth_1,trend_3,neighbor_growth_lag1,crecimiento reciente: -3.19% (contexto no causal),-0.0319066147859922,NEGATIVE,tendencia trimestral: 507.00 endpoints/mes (contexto no causal),507.0,POSITIVE,crecimiento vecinal reciente: 4.52% (contexto no causal),0.0452047972368497,POSITIVE,True,0.6666666666666666,Las señales vecinales son contextuales y no implican causalidad; la geometría y disponibilidad espacial son parciales. Catálogo de estaciones sin vigencia histórica verificada. Pronóstico retrospectivo; no es una corrida futura común.,2.0-phase6-persistence-context
col_8e89f7e8963258c3b4c0ec85deb35ae9,Tlacoquemecatl del Valle,2026-06,1,2026-07,17823.0,17823.0,0.0,0.0,NEUTRAL,PERSISTENCE,VALIDATED_SHORT_TERM,VALIDATED_FORECAST,v2_zero_endpoint_threshold,station_endpoints_per_calendar_month,16752.0,18894.0,2142.0,CONFORMAL_SYMMETRIC_ABS_RESIDUAL,0.8,0.7312775330396476,681,843,14,2026-05-01,2026-06-01T00:00:00,RETROSPECTIVE_REPLAY,False,CALIBRATED,2026-07-01T00:00:00,PERSISTENCE,El forecast mantiene el nivel de actividad registrado en su origen: persistencia fue seleccionada por su desempeño retrospectivo. Las señales contextuales no modifican esta predicción.,growth_1,trend_3,neighbor_growth_lag1,crecimiento reciente: -13.33% (contexto no causal),-0.1333333333333333,NEGATIVE,tendencia trimestral: -1737.00 endpoints/mes (contexto no causal),-1737.0,NEGATIVE,crecimiento vecinal reciente: -16.86% (contexto no causal),-0.1686419273363124,NEGATIVE,True,0.2,Las señales vecinales son contextuales y no implican causalidad; la geometría y disponibilidad espacial son parciales. Catálogo de estaciones sin vigencia histórica verificada. Pronóstico retrospectivo; no es una corrida futura común.,2.0-phase6-persistence-context
col_8e89f7e8963258c3b4c0ec85deb35ae9,Tlacoquemecatl del Valle,2026-03,3,2026-06,21267.0,21267.0,0.0,0.0,NEUTRAL,PERSISTENCE,VALIDATED_WITH_CAUTION,VALIDATED_FORECAST,v2_zero_endpoint_threshold,station_endpoints_per_calendar_month,20104.0,22430.0,2326.0,CONFORMAL_SYMMETRIC_ABS_RESIDUAL,0.8,0.8668555240793201,353,644,11,2026-02-01,2026-03-01T00:00:00,RETROSPECTIVE_REPLAY,False,CALIBRATED,2026-04-01T00:00:00,PERSISTENCE,El forecast mantiene el nivel de actividad registrado en su origen: persistencia fue seleccionada por su desempeño retrospectivo. Las señales contextuales no modifican esta predicción.,growth_1,trend_3,neighbor_growth_lag1,crecimiento reciente: 5.16% (contexto no causal),0.0515723892405063,POSITIVE,tendencia trimestral: -41.00 endpoints/mes (contexto no causal),-41.0,NEGATIVE,crecimiento vecinal reciente: 9.70% (contexto no causal),0.0970050942730924,POSITIVE,True,0.6000000000000001,Las señales vecinales son contextuales y no implican causalidad; la geometría y disponibilidad espacial son parciales. Catálogo de estaciones sin vigencia histórica verificada. Pronóstico retrospectivo; no es una corrida futura común.,2.0-phase6-persistence-context
col_8e89f7e8963258c3b4c0ec85deb35ae9,Tlacoquemecatl del Valle,2026-02,6,2026-08,20224.0,20224.0,0.0,0.0,NEUTRAL,PERSISTENCE,VALIDATED_WITH_CAUTION,VALIDATED_FORECAST,v2_zero_endpoint_threshold,station_endpoints_per_calendar_month,18883.0,21565.0,2682.0,CONFORMAL_SYMMETRIC_ABS_RESIDUAL,0.8,0.8095238095238095,126,571,9,2026-01-01,2026-02-01T00:00:00,RETROSPECTIVE_REPLAY,False,CALIBRATED,2026-03-01T00:00:00,PERSISTENCE,El forecast mantiene el nivel de actividad registrado en su origen: persistencia fue seleccionada por su desempeño retrospectivo. Las señales contextuales no modifican esta predicción.,growth_1,trend_3,neighbor_growth_lag1,crecimiento reciente: -5.27% (contexto no causal),-0.0526956766124877,NEGATIVE,tendencia trimestral: 420.00 endpoints/mes (contexto no causal),420.0,POSITIVE,crecimiento vecinal reciente: -7.08% (contexto no causal),-0.070772225662278,NEGATIVE,True,0.6000000000000001,Las señales vecinales son contextuales y no implican causalidad; la geometría y disponibilidad espacial son parciales. Catálogo de estaciones sin vigencia histórica verificada. Pronóstico retrospectivo; no es una corrida futura común.,2.0-phase6-persistence-context
col_8e89f7e8963258c3b4c0ec85deb35ae9,Tlacoquemecatl del Valle,2025-07,12,2026-07,23226.0,23226.0,0.0,0.0,NEUTRAL,PERSISTENCE,VALIDATED_WITH_CAUTION,VALIDATED_FORECAST,v2_zero_endpoint_threshold,station_endpoints_per_calendar_month,20861.0,25591.0,4730.0,CONFORMAL_SYMMETRIC_ABS_RESIDUAL,0.8,,0,100,2,2025-06-01,2025-07-01T00:00:00,RETROSPECTIVE_REPLAY,False,CALIBRATED,2025-08-01T00:00:00,PERSISTENCE,El forecast mantiene el nivel de actividad registrado en su origen: persistencia fue seleccionada por su desempeño retrospectivo. Las señales contextuales no modifican esta predicción.,growth_1,trend_3,neighbor_growth_lag1,crecimiento reciente: 5.16% (contexto no causal),0.051568796124417,POSITIVE,tendencia trimestral: -547.50 endpoints/mes (contexto no causal),-547.5,NEGATIVE,crecimiento vecinal reciente: 8.62% (contexto no causal),0.0862190233806375,POSITIVE,True,0.8,Las señales vecinales son contextuales y no implican causalidad; la geometría y disponibilidad espacial son parciales. Catálogo de estaciones sin vigencia histórica verificada. Pronóstico retrospectivo; no es una corrida futura común.,2.0-phase6-persistence-context
col_926ff32000a751399a54daad7479254d,Anzures,2026-05,1,2026-06,35018.0,35018.0,0.0,0.0,NEUTRAL,PERSISTENCE,VALIDATED_SHORT_TERM,VALIDATED_FORECAST,v2_zero_endpoint_threshold,station_endpoints_per_calendar_month,33939.0,36097.0,2158.0,CONFORMAL_SYMMETRIC_ABS_RESIDUAL,0.8,0.7199367088607594,632,794,13,2026-04-01,2026-05-01T00:00:00,RETROSPECTIVE_REPLAY,False,CALIBRATED,2026-06-01T00:00:00,PERSISTENCE,El forecast mantiene el nivel de actividad registrado en su origen: persistencia fue seleccionada por su desempeño retrospectivo. Las señales contextuales no modifican esta predicción.,growth_1,trend_3,neighbor_growth_lag1,crecimiento reciente: -0.80% (contexto no causal),-0.008044869979038,NEGATIVE,tendencia trimestral: -723.50 endpoints/mes (contexto no causal),-723.5,NEGATIVE,crecimiento vecinal reciente: 1.85% (contexto no causal),0.0184859029846355,POSITIVE,True,0.5,Las señales vecinales son contextuales y no implican causalidad; la geometría y disponibilidad espacial son parciales. Catálogo de estaciones sin vigencia histórica verificada. Pronóstico retrospectivo; no es una corrida futura común.,2.0-phase6-persistence-context
col_926ff32000a751399a54daad7479254d,Anzures,2026-05,3,2026-08,35018.0,35018.0,0.0,0.0,NEUTRAL,PERSISTENCE,VALIDATED_WITH_CAUTION,VALIDATED_FORECAST,v2_zero_endpoint_threshold,station_endpoints_per_calendar_month,33740.0,36296.0,2556.0,CONFORMAL_SYMMETRIC_ABS_RESIDUAL,0.8,0.8016359918200409,489,780,13,2026-04-01,2026-05-01T00:00:00,RETROSPECTIVE_REPLAY,False,CALIBRATED,2026-06-01T00:00:00,PERSISTENCE,El forecast mantiene el nivel de actividad registrado en su origen: persistencia fue seleccionada por su desempeño retrospectivo. Las señales contextuales no modifican esta predicción.,growth_1,trend_3,neighbor_growth_lag1,crecimiento reciente: -0.80% (contexto no causal),-0.008044869979038,NEGATIVE,tendencia trimestral: -723.50 endpoints/mes (contexto no causal),-723.5,NEGATIVE,crecimiento vecinal reciente: 1.85% (contexto no causal),0.0184859029846355,POSITIVE,True,0.5,Las señales vecinales son contextuales y no implican causalidad; la geometría y disponibilidad espacial son parciales. Catálogo de estaciones sin vigencia histórica verificada. Pronóstico retrospectivo; no es una corrida futura común.,2.0-phase6-persistence-context
col_926ff32000a751399a54daad7479254d,Anzures,2026-02,6,2026-08,32861.0,32861.0,0.0,0.0,NEUTRAL,PERSISTENCE,VALIDATED_WITH_CAUTION,VALIDATED_FORECAST,v2_zero_endpoint_threshold,station_endpoints_per_calendar_month,31520.0,34202.0,2682.0,CONFORMAL_SYMMETRIC_ABS_RESIDUAL,0.8,0.8095238095238095,126,571,9,2026-01-01,2026-02-01T00:00:00,RETROSPECTIVE_REPLAY,False,CALIBRATED,2026-03-01T00:00:00,PERSISTENCE,El forecast mantiene el nivel de actividad registrado en su origen: persistencia fue seleccionada por su desempeño retrospectivo. Las señales contextuales no modifican esta predicción.,growth_1,trend_3,neighbor_growth_lag1,crecimiento reciente: -1.64% (contexto no causal),-0.0163733237547892,NEGATIVE,tendencia trimestral: 92.00 endpoints/mes (contexto no causal),92.0,POSITIVE,crecimiento vecinal reciente: 1.24% (contexto no causal),0.0123669826711369,POSITIVE,True,0.5,Las señales vecinales son contextuales y no implican causalidad; la geometría y disponibilidad espacial son parciales. Catálogo de estaciones sin vigencia histórica verificada. Pronóstico retrospectivo; no es una corrida futura común.,2.0-phase6-persistence-context
col_926ff32000a751399a54daad7479254d,Anzures,2025-07,12,2026-07,39718.0,39718.0,0.0,0.0,NEUTRAL,PERSISTENCE,VALIDATED_WITH_CAUTION,VALIDATED_FORECAST,v2_zero_endpoint_threshold,station_endpoints_per_calendar_month,37353.0,42083.0,4730.0,CONFORMAL_SYMMETRIC_ABS_RESIDUAL,0.8,,0,100,2,2025-06-01,2025-07-01T00:00:00,RETROSPECTIVE_REPLAY,False,CALIBRATED,2025-08-01T00:00:00,PERSISTENCE,El forecast mantiene el nivel de actividad registrado en su origen: persistencia fue seleccionada por su desempeño retrospectivo. Las señales contextuales no modifican esta predicción.,growth_1,trend_3,neighbor_growth_lag1,crecimiento reciente: 10.36% (contexto no causal),0.1035843289802723,POSITIVE,tendencia trimestral: 449.00 endpoints/mes (contexto no causal),449.0,POSITIVE,crecimiento vecinal reciente: 1.65% (contexto no causal),0.0164924527986439,POSITIVE,True,0.5,Las señales vecinales son contextuales y no implican causalidad; la geometría y disponibilidad espacial son parciales. Catálogo de estaciones sin vigencia histórica verificada. Pronóstico retrospectivo; no es una corrida futura común.,2.0-phase6-persistence-context
col_92cd6e3f23155eedb10936246b2da76c,Popotla,2026-07,1,2026-08,15884.0,15884.0,0.0,0.0,NEUTRAL,PERSISTENCE,VALIDATED_SHORT_TERM,VALIDATED_FORECAST,v2_zero_endpoint_threshold,station_endpoints_per_calendar_month,14839.0,16929.0,2090.0,CONFORMAL_SYMMETRIC_ABS_RESIDUAL,0.8,0.7463284379172229,749,911,15,2026-06-01,2026-07-01T00:00:00,RETROSPECTIVE_REPLAY,False,CALIBRATED,2026-08-01T00:00:00,PERSISTENCE,El forecast mantiene el nivel de actividad registrado en su origen: persistencia fue seleccionada por su desempeño retrospectivo. Las señales contextuales no modifican esta predicción.,growth_1,trend_3,neighbor_growth_lag1,crecimiento reciente: 6.42% (contexto no causal),0.0641833043012193,POSITIVE,tendencia trimestral: -617.50 endpoints/mes (contexto no causal),-617.5,NEGATIVE,crecimiento vecinal reciente: -4.62% (contexto no causal),-0.0461720151707646,NEGATIVE,True,0.6000000000000001,Las señales vecinales son contextuales y no implican causalidad; la geometría y disponibilidad espacial son parciales. Catálogo de estaciones sin vigencia histórica verificada. Pronóstico retrospectivo; no es una corrida futura común.,2.0-phase6-persistence-context
col_92cd6e3f23155eedb10936246b2da76c,Popotla,2026-05,3,2026-08,17119.0,17119.0,0.0,0.0,NEUTRAL,PERSISTENCE,VALIDATED_WITH_CAUTION,VALIDATED_FORECAST,v2_zero_endpoint_threshold,station_endpoints_per_calendar_month,15841.0,18397.0,2556.0,CONFORMAL_SYMMETRIC_ABS_RESIDUAL,0.8,0.8016359918200409,489,780,13,2026-04-01,2026-05-01T00:00:00,RETROSPECTIVE_REPLAY,False,CALIBRATED,2026-06-01T00:00:00,PERSISTENCE,El forecast mantiene el nivel de actividad registrado en su origen: persistencia fue seleccionada por su desempeño retrospectivo. Las señales contextuales no modifican esta predicción.,growth_1,trend_3,neighbor_growth_lag1,crecimiento reciente: -6.86% (contexto no causal),-0.0685565047064584,NEGATIVE,tendencia trimestral: -1074.00 endpoints/mes (contexto no causal),-1074.0,NEGATIVE,crecimiento vecinal reciente: -0.50% (contexto no causal),-0.0050201076341716,NEGATIVE,True,0.8,Las señales vecinales son contextuales y no implican causalidad; la geometría y disponibilidad espacial son parciales. Catálogo de estaciones sin vigencia histórica verificada. Pronóstico retrospectivo; no es una corrida futura común.,2.0-phase6-persistence-context
col_92cd6e3f23155eedb10936246b2da76c,Popotla,2026-01,6,2026-07,17453.0,17453.0,0.0,0.0,NEUTRAL,PERSISTENCE,VALIDATED_WITH_CAUTION,VALIDATED_FORECAST,v2_zero_endpoint_threshold,station_endpoints_per_calendar_month,16108.0,18798.0,2690.0,CONFORMAL_SYMMETRIC_ABS_RESIDUAL,0.8,0.8070175438596491,57,502,8,2025-12-01,2026-01-01T00:00:00,RETROSPECTIVE_REPLAY,False,CALIBRATED,2026-02-01T00:00:00,PERSISTENCE,El forecast mantiene el nivel de actividad registrado en su origen: persistencia fue seleccionada por su desempeño retrospectivo. Las señales contextuales no modifican esta predicción.,growth_1,trend_3,neighbor_growth_lag1,crecimiento reciente: 3.35% (contexto no causal),0.0335169064961212,POSITIVE,tendencia trimestral: -356.50 endpoints/mes (contexto no causal),-356.5,NEGATIVE,crecimiento vecinal reciente: 5.35% (contexto no causal),0.0535080724368654,POSITIVE,True,0.6000000000000001,Las señales vecinales son contextuales y no implican causalidad; la geometría y disponibilidad espacial son parciales. Catálogo de estaciones sin vigencia histórica verificada. Pronóstico retrospectivo; no es una corrida futura común.,2.0-phase6-persistence-context
col_92cd6e3f23155eedb10936246b2da76c,Popotla,2025-08,12,2026-08,17379.0,17379.0,0.0,0.0,NEUTRAL,PERSISTENCE,VALIDATED_WITH_CAUTION,VALIDATED_FORECAST,v2_zero_endpoint_threshold,station_endpoints_per_calendar_month,15098.0,19660.0,4562.0,CONFORMAL_SYMMETRIC_ABS_RESIDUAL,0.8,,0,165,3,2025-07-01,2025-08-01T00:00:00,RETROSPECTIVE_REPLAY,False,CALIBRATED,2025-09-01T00:00:00,PERSISTENCE,El forecast mantiene el nivel de actividad registrado en su origen: persistencia fue seleccionada por su desempeño retrospectivo. Las señales contextuales no modifican esta predicción.,growth_1,trend_3,neighbor_growth_lag1,crecimiento reciente: -3.63% (contexto no causal),-0.0363202839081734,NEGATIVE,tendencia trimestral: 205.00 endpoints/mes (contexto no causal),205.0,POSITIVE,crecimiento vecinal reciente: -0.32% (contexto no causal),-0.0031710565141993,NEGATIVE,True,0.6000000000000001,Las señales vecinales son contextuales y no implican causalidad; la geometría y disponibilidad espacial son parciales. Catálogo de estaciones sin vigencia histórica verificada. Pronóstico retrospectivo; no es una corrida futura común.,2.0-phase6-persistence-context
col_96af67dbdc945131a7e1fb18aab974fa,Parque San Andres,2026-07,1,2026-08,10147.0,10147.0,0.0,0.0,NEUTRAL,PERSISTENCE,VALIDATED_SHORT_TERM,VALIDATED_FORECAST,v2_zero_endpoint_threshold,station_endpoints_per_calendar_month,9102.0,11192.0,2090.0,CONFORMAL_SYMMETRIC_ABS_RESIDUAL,0.8,0.7463284379172229,749,911,15,2026-06-01,2026-07-01T00:00:00,RETROSPECTIVE_REPLAY,False,CALIBRATED,2026-08-01T00:00:00,PERSISTENCE,El forecast mantiene el nivel de actividad registrado en su origen: persistencia fue seleccionada por su desempeño retrospectivo. Las señales contextuales no modifican esta predicción.,growth_1,trend_3,NONE,crecimiento reciente: 0.91% (contexto no causal),0.0091496767777225,POSITIVE,tendencia trimestral: -164.00 endpoints/mes (contexto no causal),-164.0,NEGATIVE,SIN_DATO,,UNAVAILABLE,False,,Las señales espaciales no están disponibles para este origen; el contexto no implica causalidad. Catálogo de estaciones sin vigencia histórica verificada. Pronóstico retrospectivo; no es una corrida futura común.,2.0-phase6-persistence-context
col_96af67dbdc945131a7e1fb18aab974fa,Parque San Andres,2026-03,3,2026-06,11403.0,11403.0,0.0,0.0,NEUTRAL,PERSISTENCE,VALIDATED_WITH_CAUTION,VALIDATED_FORECAST,v2_zero_endpoint_threshold,station_endpoints_per_calendar_month,10240.0,12566.0,2326.0,CONFORMAL_SYMMETRIC_ABS_RESIDUAL,0.8,0.8668555240793201,353,644,11,2026-02-01,2026-03-01T00:00:00,RETROSPECTIVE_REPLAY,False,CALIBRATED,2026-04-01T00:00:00,PERSISTENCE,El forecast mantiene el nivel de actividad registrado en su origen: persistencia fue seleccionada por su desempeño retrospectivo. Las señales contextuales no modifican esta predicción.,growth_1,trend_3,NONE,crecimiento reciente: 12.72% (contexto no causal),0.1272241992882562,POSITIVE,tendencia trimestral: 775.00 endpoints/mes (contexto no causal),775.0,POSITIVE,SIN_DATO,,UNAVAILABLE,False,,Las señales espaciales no están disponibles para este origen; el contexto no implica causalidad. Catálogo de estaciones sin vigencia histórica verificada. Pronóstico retrospectivo; no es una corrida futura común.,2.0-phase6-persistence-context
col_96af67dbdc945131a7e1fb18aab974fa,Parque San Andres,2026-02,6,2026-08,10116.0,10116.0,0.0,0.0,NEUTRAL,PERSISTENCE,VALIDATED_WITH_CAUTION,VALIDATED_FORECAST,v2_zero_endpoint_threshold,station_endpoints_per_calendar_month,8775.0,11457.0,2682.0,CONFORMAL_SYMMETRIC_ABS_RESIDUAL,0.8,0.8095238095238095,126,571,9,2026-01-01,2026-02-01T00:00:00,RETROSPECTIVE_REPLAY,False,CALIBRATED,2026-03-01T00:00:00,PERSISTENCE,El forecast mantiene el nivel de actividad registrado en su origen: persistencia fue seleccionada por su desempeño retrospectivo. Las señales contextuales no modifican esta predicción.,growth_1,trend_3,NONE,crecimiento reciente: 2.67% (contexto no causal),0.0266923779559525,POSITIVE,tendencia trimestral: 547.00 endpoints/mes (contexto no causal),547.0,POSITIVE,SIN_DATO,,UNAVAILABLE,False,,Las señales espaciales no están disponibles para este origen; el contexto no implica causalidad. Catálogo de estaciones sin vigencia histórica verificada. Pronóstico retrospectivo; no es una corrida futura común.,2.0-phase6-persistence-context
col_96af67dbdc945131a7e1fb18aab974fa,Parque San Andres,2025-08,12,2026-08,9766.0,9766.0,0.0,0.0,NEUTRAL,PERSISTENCE,VALIDATED_WITH_CAUTION,VALIDATED_FORECAST,v2_zero_endpoint_threshold,station_endpoints_per_calendar_month,7485.0,12047.0,4562.0,CONFORMAL_SYMMETRIC_ABS_RESIDUAL,0.8,,0,165,3,2025-07-01,2025-08-01T00:00:00,RETROSPECTIVE_REPLAY,False,CALIBRATED,2025-09-01T00:00:00,PERSISTENCE,El forecast mantiene el nivel de actividad registrado en su origen: persistencia fue seleccionada por su desempeño retrospectivo. Las señales contextuales no modifican esta predicción.,growth_1,trend_3,NONE,crecimiento reciente: 3.31% (contexto no causal),0.0331111816354596,POSITIVE,tendencia trimestral: 397.00 endpoints/mes (contexto no causal),397.0,POSITIVE,SIN_DATO,,UNAVAILABLE,False,,Las señales espaciales no están disponibles para este origen; el contexto no implica causalidad. Catálogo de estaciones sin vigencia histórica verificada. Pronóstico retrospectivo; no es una corrida futura común.,2.0-phase6-persistence-context
col_99820d9ec1005837855fcf0d7f8dcaf0,Narvarte Poniente,2025-05,1,2025-06,64172.0,64172.0,0.0,0.0,NEUTRAL,PERSISTENCE,VALIDATED_SHORT_TERM,VALIDATED_FORECAST,v2_zero_endpoint_threshold,station_endpoints_per_calendar_month,63540.0,64804.0,1264.0,CONFORMAL_SYMMETRIC_ABS_RESIDUAL,0.8,,0,85,2,2025-04-01,2025-05-01T00:00:00,RETROSPECTIVE_REPLAY,False,CALIBRATED,2025-06-01T00:00:00,PERSISTENCE,El forecast mantiene el nivel de actividad registrado en su origen: persistencia fue seleccionada por su desempeño retrospectivo. Las señales contextuales no modifican esta predicción.,growth_1,trend_3,NONE,crecimiento reciente: 3.04% (contexto no causal),0.0303623898139079,POSITIVE,tendencia trimestral: -1156.00 endpoints/mes (contexto no causal),-1156.0,NEGATIVE,SIN_DATO,,UNAVAILABLE,False,,Las señales espaciales no están disponibles para este origen; el contexto no implica causalidad. Catálogo de estaciones sin vigencia histórica verificada. Pronóstico retrospectivo; no es una corrida futura común.,2.0-phase6-persistence-context
col_99820d9ec1005837855fcf0d7f8dcaf0,Narvarte Poniente,2025-05,3,2025-08,64172.0,64172.0,0.0,0.0,NEUTRAL,PERSISTENCE,VALIDATED_WITH_CAUTION,VALIDATED_FORECAST,v2_zero_endpoint_threshold,station_endpoints_per_calendar_month,62788.0,65556.0,2768.0,CONFORMAL_SYMMETRIC_ABS_RESIDUAL,0.8,,0,103,2,2025-04-01,2025-05-01T00:00:00,RETROSPECTIVE_REPLAY,False,CALIBRATED,2025-06-01T00:00:00,PERSISTENCE,El forecast mantiene el nivel de actividad registrado en su origen: persistencia fue seleccionada por su desempeño retrospectivo. Las señales contextuales no modifican esta predicción.,growth_1,trend_3,NONE,crecimiento reciente: 3.04% (contexto no causal),0.0303623898139079,POSITIVE,tendencia trimestral: -1156.00 endpoints/mes (contexto no causal),-1156.0,NEGATIVE,SIN_DATO,,UNAVAILABLE,False,,Las señales espaciales no están disponibles para este origen; el contexto no implica causalidad. Catálogo de estaciones sin vigencia histórica verificada. Pronóstico retrospectivo; no es una corrida futura común.,2.0-phase6-persistence-context
col_99820d9ec1005837855fcf0d7f8dcaf0,Narvarte Poniente,2025-05,6,2025-11,64172.0,64172.0,0.0,0.0,NEUTRAL,PERSISTENCE,VALIDATED_WITH_CAUTION,VALIDATED_FORECAST,v2_zero_endpoint_threshold,station_endpoints_per_calendar_month,63099.0,65245.0,2146.0,CONFORMAL_SYMMETRIC_ABS_RESIDUAL,0.8,,0,109,2,2025-04-01,2025-05-01T00:00:00,RETROSPECTIVE_REPLAY,False,CALIBRATED,2025-06-01T00:00:00,PERSISTENCE,El forecast mantiene el nivel de actividad registrado en su origen: persistencia fue seleccionada por su desempeño retrospectivo. Las señales contextuales no modifican esta predicción.,growth_1,trend_3,NONE,crecimiento reciente: 3.04% (contexto no causal),0.0303623898139079,POSITIVE,tendencia trimestral: -1156.00 endpoints/mes (contexto no causal),-1156.0,NEGATIVE,SIN_DATO,,UNAVAILABLE,False,,Las señales espaciales no están disponibles para este origen; el contexto no implica causalidad. Catálogo de estaciones sin vigencia histórica verificada. Pronóstico retrospectivo; no es una corrida futura común.,2.0-phase6-persistence-context
col_99820d9ec1005837855fcf0d7f8dcaf0,Narvarte Poniente,2025-05,12,2026-05,64172.0,64172.0,0.0,0.0,NEUTRAL,PERSISTENCE,VALIDATED_WITH_CAUTION,VALIDATED_FORECAST,v2_zero_endpoint_threshold,station_endpoints_per_calendar_month,,,,CONFORMAL_SYMMETRIC_ABS_RESIDUAL,0.8,,0,0,0,,2025-05-01T00:00:00,RETROSPECTIVE_REPLAY,False,INSUFFICIENT_CALIBRATION_HISTORY,2025-06-01T00:00:00,PERSISTENCE,El forecast mantiene el nivel de actividad registrado en su origen: persistencia fue seleccionada por su desempeño retrospectivo. Las señales contextuales no modifican esta predicción.,growth_1,trend_3,NONE,crecimiento reciente: 3.04% (contexto no causal),0.0303623898139079,POSITIVE,tendencia trimestral: -1156.00 endpoints/mes (contexto no causal),-1156.0,NEGATIVE,SIN_DATO,,UNAVAILABLE,False,,Las señales espaciales no están disponibles para este origen; el contexto no implica causalidad. Catálogo de estaciones sin vigencia histórica verificada. Pronóstico retrospectivo; no es una corrida futura común. Historia insuficiente para un intervalo.,2.0-phase6-persistence-context
col_9b8d9872383b59f7a23d22ab97fc79d8,Roma Norte,2024-09,6,2025-03,331749.0,331749.0,0.0,0.0,NEUTRAL,PERSISTENCE,VALIDATED_WITH_CAUTION,VALIDATED_FORECAST,v2_zero_endpoint_threshold,station_endpoints_per_calendar_month,,,,CONFORMAL_SYMMETRIC_ABS_RESIDUAL,0.8,,0,0,0,,2024-09-01T00:00:00,RETROSPECTIVE_REPLAY,False,INSUFFICIENT_CALIBRATION_HISTORY,2024-10-01T00:00:00,PERSISTENCE,El forecast mantiene el nivel de actividad registrado en su origen: persistencia fue seleccionada por su desempeño retrospectivo. Las señales contextuales no modifican esta predicción.,growth_1,NONE,neighbor_growth_lag1,crecimiento reciente: -2.17% (contexto no causal),-0.0216635456140609,NEGATIVE,SIN_DATO,,UNAVAILABLE,crecimiento vecinal reciente: -2.08% (contexto no causal),-0.0208091367391516,NEGATIVE,True,0.75,Las señales vecinales son contextuales y no implican causalidad; la geometría y disponibilidad espacial son parciales. Catálogo de estaciones sin vigencia histórica verificada. Pronóstico retrospectivo; no es una corrida futura común. Historia insuficiente para un intervalo.,2.0-phase6-persistence-context
col_9b8d9872383b59f7a23d22ab97fc79d8,Roma Norte,2024-09,12,2025-09,331749.0,331749.0,0.0,0.0,NEUTRAL,PERSISTENCE,VALIDATED_WITH_CAUTION,VALIDATED_FORECAST,v2_zero_endpoint_threshold,station_endpoints_per_calendar_month,,,,CONFORMAL_SYMMETRIC_ABS_RESIDUAL,0.8,,0,0,0,,2024-09-01T00:00:00,RETROSPECTIVE_REPLAY,False,INSUFFICIENT_CALIBRATION_HISTORY,2024-10-01T00:00:00,PERSISTENCE,El forecast mantiene el nivel de actividad registrado en su origen: persistencia fue seleccionada por su desempeño retrospectivo. Las señales contextuales no modifican esta predicción.,growth_1,NONE,neighbor_growth_lag1,crecimiento reciente: -2.17% (contexto no causal),-0.0216635456140609,NEGATIVE,SIN_DATO,,UNAVAILABLE,crecimiento vecinal reciente: -2.08% (contexto no causal),-0.0208091367391516,NEGATIVE,True,0.75,Las señales vecinales son contextuales y no implican causalidad; la geometría y disponibilidad espacial son parciales. Catálogo de estaciones sin vigencia histórica verificada. Pronóstico retrospectivo; no es una corrida futura común. Historia insuficiente para un intervalo.,2.0-phase6-persistence-context
col_9bbea60acc995fa7b9c482efc14ebb94,Ciudad de los Deportes,2026-07,1,2026-08,10943.0,10943.0,0.0,0.0,NEUTRAL,PERSISTENCE,VALIDATED_SHORT_TERM,VALIDATED_FORECAST,v2_zero_endpoint_threshold,station_endpoints_per_calendar_month,9898.0,11988.0,2090.0,CONFORMAL_SYMMETRIC_ABS_RESIDUAL,0.8,0.7463284379172229,749,911,15,2026-06-01,2026-07-01T00:00:00,RETROSPECTIVE_REPLAY,False,CALIBRATED,2026-08-01T00:00:00,PERSISTENCE,El forecast mantiene el nivel de actividad registrado en su origen: persistencia fue seleccionada por su desempeño retrospectivo. Las señales contextuales no modifican esta predicción.,growth_1,trend_3,neighbor_growth_lag1,crecimiento reciente: 13.72% (contexto no causal),0.1371713602826561,POSITIVE,tendencia trimestral: -133.50 endpoints/mes (contexto no causal),-133.5,NEGATIVE,crecimiento vecinal reciente: 11.91% (contexto no causal),0.1191283241096825,POSITIVE,True,0.6000000000000001,Las señales vecinales son contextuales y no implican causalidad; la geometría y disponibilidad espacial son parciales. Catálogo de estaciones sin vigencia histórica verificada. Pronóstico retrospectivo; no es una corrida futura común.,2.0-phase6-persistence-context
col_9bbea60acc995fa7b9c482efc14ebb94,Ciudad de los Deportes,2026-05,3,2026-08,11210.0,11210.0,0.0,0.0,NEUTRAL,PERSISTENCE,VALIDATED_WITH_CAUTION,VALIDATED_FORECAST,v2_zero_endpoint_threshold,station_endpoints_per_calendar_month,9932.0,12488.0,2556.0,CONFORMAL_SYMMETRIC_ABS_RESIDUAL,0.8,0.8016359918200409,489,780,13,2026-04-01,2026-05-01T00:00:00,RETROSPECTIVE_REPLAY,False,CALIBRATED,2026-06-01T00:00:00,PERSISTENCE,El forecast mantiene el nivel de actividad registrado en su origen: persistencia fue seleccionada por su desempeño retrospectivo. Las señales contextuales no modifican esta predicción.,growth_1,trend_3,neighbor_growth_lag1,crecimiento reciente: 2.87% (contexto no causal),0.0287235018812517,POSITIVE,tendencia trimestral: -486.50 endpoints/mes (contexto no causal),-486.5,NEGATIVE,crecimiento vecinal reciente: 0.37% (contexto no causal),0.0037440551281252,POSITIVE,True,0.8,Las señales vecinales son contextuales y no implican causalidad; la geometría y disponibilidad espacial son parciales. Catálogo de estaciones sin vigencia histórica verificada. Pronóstico retrospectivo; no es una corrida futura común.,2.0-phase6-persistence-context
col_9bbea60acc995fa7b9c482efc14ebb94,Ciudad de los Deportes,2025-12,6,2026-06,11646.0,11646.0,0.0,0.0,NEUTRAL,PERSISTENCE,VALIDATED_WITH_CAUTION,VALIDATED_FORECAST,v2_zero_endpoint_threshold,station_endpoints_per_calendar_month,10300.0,12992.0,2692.0,CONFORMAL_SYMMETRIC_ABS_RESIDUAL,0.8,,0,442,7,2025-11-01,2025-12-01T00:00:00,RETROSPECTIVE_REPLAY,False,CALIBRATED,2026-01-01T00:00:00,PERSISTENCE,El forecast mantiene el nivel de actividad registrado en su origen: persistencia fue seleccionada por su desempeño retrospectivo. Las señales contextuales no modifican esta predicción.,growth_1,trend_3,neighbor_growth_lag1,crecimiento reciente: -12.33% (contexto no causal),-0.1233062330623306,NEGATIVE,tendencia trimestral: -1766.50 endpoints/mes (contexto no causal),-1766.5,NEGATIVE,crecimiento vecinal reciente: -10.16% (contexto no causal),-0.1015869397444349,NEGATIVE,True,0.4,Las señales vecinales son contextuales y no implican causalidad; la geometría y disponibilidad espacial son parciales. Catálogo de estaciones sin vigencia histórica verificada. Pronóstico retrospectivo; no es una corrida futura común.,2.0-phase6-persistence-context
col_9bbea60acc995fa7b9c482efc14ebb94,Ciudad de los Deportes,2025-08,12,2026-08,13097.0,13097.0,0.0,0.0,NEUTRAL,PERSISTENCE,VALIDATED_WITH_CAUTION,VALIDATED_FORECAST,v2_zero_endpoint_threshold,station_endpoints_per_calendar_month,10816.0,15378.0,4562.0,CONFORMAL_SYMMETRIC_ABS_RESIDUAL,0.8,,0,165,3,2025-07-01,2025-08-01T00:00:00,RETROSPECTIVE_REPLAY,False,CALIBRATED,2025-09-01T00:00:00,PERSISTENCE,El forecast mantiene el nivel de actividad registrado en su origen: persistencia fue seleccionada por su desempeño retrospectivo. Las señales contextuales no modifican esta predicción.,growth_1,trend_3,neighbor_growth_lag1,crecimiento reciente: -4.65% (contexto no causal),-0.0464506734619585,NEGATIVE,tendencia trimestral: 427.00 endpoints/mes (contexto no causal),427.0,POSITIVE,crecimiento vecinal reciente: -1.81% (contexto no causal),-0.0181162931188794,NEGATIVE,True,0.8,Las señales vecinales son contextuales y no implican causalidad; la geometría y disponibilidad espacial son parciales. Catálogo de estaciones sin vigencia histórica verificada. Pronóstico retrospectivo; no es una corrida futura común.,2.0-phase6-persistence-context
col_9f7b23fc019150a58f8d3fa8ecb0545b,Actipan,2026-07,1,2026-08,18347.0,18347.0,0.0,0.0,NEUTRAL,PERSISTENCE,VALIDATED_SHORT_TERM,VALIDATED_FORECAST,v2_zero_endpoint_threshold,station_endpoints_per_calendar_month,17302.0,19392.0,2090.0,CONFORMAL_SYMMETRIC_ABS_RESIDUAL,0.8,0.7463284379172229,749,911,15,2026-06-01,2026-07-01T00:00:00,RETROSPECTIVE_REPLAY,False,CALIBRATED,2026-08-01T00:00:00,PERSISTENCE,El forecast mantiene el nivel de actividad registrado en su origen: persistencia fue seleccionada por su desempeño retrospectivo. Las señales contextuales no modifican esta predicción.,growth_1,trend_3,neighbor_growth_lag1,crecimiento reciente: 10.22% (contexto no causal),0.1021867115222876,POSITIVE,tendencia trimestral: -90.50 endpoints/mes (contexto no causal),-90.5,NEGATIVE,crecimiento vecinal reciente: 13.92% (contexto no causal),0.1391855887439566,POSITIVE,True,0.4999999999999998,Las señales vecinales son contextuales y no implican causalidad; la geometría y disponibilidad espacial son parciales. Catálogo de estaciones sin vigencia histórica verificada. Pronóstico retrospectivo; no es una corrida futura común.,2.0-phase6-persistence-context
col_9f7b23fc019150a58f8d3fa8ecb0545b,Actipan,2026-03,3,2026-06,19736.0,19736.0,0.0,0.0,NEUTRAL,PERSISTENCE,VALIDATED_WITH_CAUTION,VALIDATED_FORECAST,v2_zero_endpoint_threshold,station_endpoints_per_calendar_month,18573.0,20899.0,2326.0,CONFORMAL_SYMMETRIC_ABS_RESIDUAL,0.8,0.8668555240793201,353,644,11,2026-02-01,2026-03-01T00:00:00,RETROSPECTIVE_REPLAY,False,CALIBRATED,2026-04-01T00:00:00,PERSISTENCE,El forecast mantiene el nivel de actividad registrado en su origen: persistencia fue seleccionada por su desempeño retrospectivo. Las señales contextuales no modifican esta predicción.,growth_1,trend_3,neighbor_growth_lag1,crecimiento reciente: 10.60% (contexto no causal),0.1060300381080475,POSITIVE,tendencia trimestral: -188.50 endpoints/mes (contexto no causal),-188.5,NEGATIVE,crecimiento vecinal reciente: 7.86% (contexto no causal),0.0786079646300002,POSITIVE,True,0.6666666666666664,Las señales vecinales son contextuales y no implican causalidad; la geometría y disponibilidad espacial son parciales. Catálogo de estaciones sin vigencia histórica verificada. Pronóstico retrospectivo; no es una corrida futura común.,2.0-phase6-persistence-context
col_9f7b23fc019150a58f8d3fa8ecb0545b,Actipan,2026-02,6,2026-08,17844.0,17844.0,0.0,0.0,NEUTRAL,PERSISTENCE,VALIDATED_WITH_CAUTION,VALIDATED_FORECAST,v2_zero_endpoint_threshold,station_endpoints_per_calendar_month,16503.0,19185.0,2682.0,CONFORMAL_SYMMETRIC_ABS_RESIDUAL,0.8,0.8095238095238095,126,571,9,2026-01-01,2026-02-01T00:00:00,RETROSPECTIVE_REPLAY,False,CALIBRATED,2026-03-01T00:00:00,PERSISTENCE,El forecast mantiene el nivel de actividad registrado en su origen: persistencia fue seleccionada por su desempeño retrospectivo. Las señales contextuales no modifican esta predicción.,growth_1,trend_3,neighbor_growth_lag1,crecimiento reciente: -11.28% (contexto no causal),-0.1128126087605031,NEGATIVE,tendencia trimestral: -784.50 endpoints/mes (contexto no causal),-784.5,NEGATIVE,crecimiento vecinal reciente: -3.91% (contexto no causal),-0.0390987758970447,NEGATIVE,True,0.6666666666666664,Las señales vecinales son contextuales y no implican causalidad; la geometría y disponibilidad espacial son parciales. Catálogo de estaciones sin vigencia histórica verificada. Pronóstico retrospectivo; no es una corrida futura común.,2.0-phase6-persistence-context
col_9f7b23fc019150a58f8d3fa8ecb0545b,Actipan,2025-08,12,2026-08,19162.0,19162.0,0.0,0.0,NEUTRAL,PERSISTENCE,VALIDATED_WITH_CAUTION,VALIDATED_FORECAST,v2_zero_endpoint_threshold,station_endpoints_per_calendar_month,16881.0,21443.0,4562.0,CONFORMAL_SYMMETRIC_ABS_RESIDUAL,0.8,,0,165,3,2025-07-01,2025-08-01T00:00:00,RETROSPECTIVE_REPLAY,False,CALIBRATED,2025-09-01T00:00:00,PERSISTENCE,El forecast mantiene el nivel de actividad registrado en su origen: persistencia fue seleccionada por su desempeño retrospectivo. Las señales contextuales no modifican esta predicción.,growth_1,trend_3,neighbor_growth_lag1,crecimiento reciente: -9.13% (contexto no causal),-0.0912884715701617,NEGATIVE,tendencia trimestral: -27.50 endpoints/mes (contexto no causal),-27.5,NEGATIVE,crecimiento vecinal reciente: -8.94% (contexto no causal),-0.0893891248150591,NEGATIVE,True,0.6666666666666664,Las señales vecinales son contextuales y no implican causalidad; la geometría y disponibilidad espacial son parciales. Catálogo de estaciones sin vigencia histórica verificada. Pronóstico retrospectivo; no es una corrida futura común.,2.0-phase6-persistence-context
col_a069943804255517b1a44551a37b7d8e,Insurgentes Mixcoac,2025-12,1,2026-01,26996.0,26996.0,0.0,0.0,NEUTRAL,PERSISTENCE,VALIDATED_SHORT_TERM,VALIDATED_FORECAST,v2_zero_endpoint_threshold,station_endpoints_per_calendar_month,26014.0,27978.0,1964.0,CONFORMAL_SYMMETRIC_ABS_RESIDUAL,0.8,0.6925465838509317,322,484,8,2025-11-01,2025-12-01T00:00:00,RETROSPECTIVE_REPLAY,False,CALIBRATED,2026-01-01T00:00:00,PERSISTENCE,El forecast mantiene el nivel de actividad registrado en su origen: persistencia fue seleccionada por su desempeño retrospectivo. Las señales contextuales no modifican esta predicción.,growth_1,trend_3,neighbor_growth_lag1,crecimiento reciente: -12.93% (contexto no causal),-0.1293017255281406,NEGATIVE,tendencia trimestral: -3564.50 endpoints/mes (contexto no causal),-3564.5,NEGATIVE,crecimiento vecinal reciente: -8.33% (contexto no causal),-0.0833280364990994,NEGATIVE,True,0.4999999999999998,Las señales vecinales son contextuales y no implican causalidad; la geometría y disponibilidad espacial son parciales. Catálogo de estaciones sin vigencia histórica verificada. Pronóstico retrospectivo; no es una corrida futura común.,2.0-phase6-persistence-context
col_a069943804255517b1a44551a37b7d8e,Insurgentes Mixcoac,2025-12,3,2026-03,26996.0,26996.0,0.0,0.0,NEUTRAL,PERSISTENCE,VALIDATED_WITH_CAUTION,VALIDATED_FORECAST,v2_zero_endpoint_threshold,station_endpoints_per_calendar_month,25794.0,28198.0,2404.0,CONFORMAL_SYMMETRIC_ABS_RESIDUAL,0.8,0.8770053475935828,187,478,8,2025-11-01,2025-12-01T00:00:00,RETROSPECTIVE_REPLAY,False,CALIBRATED,2026-01-01T00:00:00,PERSISTENCE,El forecast mantiene el nivel de actividad registrado en su origen: persistencia fue seleccionada por su desempeño retrospectivo. Las señales contextuales no modifican esta predicción.,growth_1,trend_3,neighbor_growth_lag1,crecimiento reciente: -12.93% (contexto no causal),-0.1293017255281406,NEGATIVE,tendencia trimestral: -3564.50 endpoints/mes (contexto no causal),-3564.5,NEGATIVE,crecimiento vecinal reciente: -8.33% (contexto no causal),-0.0833280364990994,NEGATIVE,True,0.4999999999999998,Las señales vecinales son contextuales y no implican causalidad; la geometría y disponibilidad espacial son parciales. Catálogo de estaciones sin vigencia histórica verificada. Pronóstico retrospectivo; no es una corrida futura común.,2.0-phase6-persistence-context
col_a069943804255517b1a44551a37b7d8e,Insurgentes Mixcoac,2025-12,6,2026-06,26996.0,26996.0,0.0,0.0,NEUTRAL,PERSISTENCE,VALIDATED_WITH_CAUTION,VALIDATED_FORECAST,v2_zero_endpoint_threshold,station_endpoints_per_calendar_month,25650.0,28342.0,2692.0,CONFORMAL_SYMMETRIC_ABS_RESIDUAL,0.8,,0,442,7,2025-11-01,2025-12-01T00:00:00,RETROSPECTIVE_REPLAY,False,CALIBRATED,2026-01-01T00:00:00,PERSISTENCE,El forecast mantiene el nivel de actividad registrado en su origen: persistencia fue seleccionada por su desempeño retrospectivo. Las señales contextuales no modifican esta predicción.,growth_1,trend_3,neighbor_growth_lag1,crecimiento reciente: -12.93% (contexto no causal),-0.1293017255281406,NEGATIVE,tendencia trimestral: -3564.50 endpoints/mes (contexto no causal),-3564.5,NEGATIVE,crecimiento vecinal reciente: -8.33% (contexto no causal),-0.0833280364990994,NEGATIVE,True,0.4999999999999998,Las señales vecinales son contextuales y no implican causalidad; la geometría y disponibilidad espacial son parciales. Catálogo de estaciones sin vigencia histórica verificada. Pronóstico retrospectivo; no es una corrida futura común.,2.0-phase6-persistence-context
col_a069943804255517b1a44551a37b7d8e,Insurgentes Mixcoac,2025-05,12,2026-05,37198.0,37198.0,0.0,0.0,NEUTRAL,PERSISTENCE,VALIDATED_WITH_CAUTION,VALIDATED_FORECAST,v2_zero_endpoint_threshold,station_endpoints_per_calendar_month,,,,CONFORMAL_SYMMETRIC_ABS_RESIDUAL,0.8,,0,0,0,,2025-05-01T00:00:00,RETROSPECTIVE_REPLAY,False,INSUFFICIENT_CALIBRATION_HISTORY,2025-06-01T00:00:00,PERSISTENCE,El forecast mantiene el nivel de actividad registrado en su origen: persistencia fue seleccionada por su desempeño retrospectivo. Las señales contextuales no modifican esta predicción.,growth_1,trend_3,neighbor_growth_lag1,crecimiento reciente: 8.38% (contexto no causal),0.08376307432334,POSITIVE,tendencia trimestral: 197.00 endpoints/mes (contexto no causal),197.0,POSITIVE,crecimiento vecinal reciente: 6.95% (contexto no causal),0.0695491127114237,POSITIVE,True,0.4999999999999998,Las señales vecinales son contextuales y no implican causalidad; la geometría y disponibilidad espacial son parciales. Catálogo de estaciones sin vigencia histórica verificada. Pronóstico retrospectivo; no es una corrida futura común. Historia insuficiente para un intervalo.,2.0-phase6-persistence-context
col_a11503ab8f7b52ecba6e146f1cd2bcae,Noche Buena,2026-07,1,2026-08,4877.0,4877.0,0.0,0.0,NEUTRAL,PERSISTENCE,VALIDATED_SHORT_TERM,VALIDATED_FORECAST,v2_zero_endpoint_threshold,station_endpoints_per_calendar_month,3832.0,5922.0,2090.0,CONFORMAL_SYMMETRIC_ABS_RESIDUAL,0.8,0.7463284379172229,749,911,15,2026-06-01,2026-07-01T00:00:00,RETROSPECTIVE_REPLAY,False,CALIBRATED,2026-08-01T00:00:00,PERSISTENCE,El forecast mantiene el nivel de actividad registrado en su origen: persistencia fue seleccionada por su desempeño retrospectivo. Las señales contextuales no modifican esta predicción.,growth_1,trend_3,neighbor_growth_lag1,crecimiento reciente: 10.64% (contexto no causal),0.1063974591651542,POSITIVE,tendencia trimestral: 9.00 endpoints/mes (contexto no causal),9.0,POSITIVE,crecimiento vecinal reciente: 17.92% (contexto no causal),0.1792223261040609,POSITIVE,True,0.5,Las señales vecinales son contextuales y no implican causalidad; la geometría y disponibilidad espacial son parciales. Catálogo de estaciones sin vigencia histórica verificada. Pronóstico retrospectivo; no es una corrida futura común.,2.0-phase6-persistence-context
col_a11503ab8f7b52ecba6e146f1cd2bcae,Noche Buena,2026-05,3,2026-08,4859.0,4859.0,0.0,0.0,NEUTRAL,PERSISTENCE,VALIDATED_WITH_CAUTION,VALIDATED_FORECAST,v2_zero_endpoint_threshold,station_endpoints_per_calendar_month,3581.0,6137.0,2556.0,CONFORMAL_SYMMETRIC_ABS_RESIDUAL,0.8,0.8016359918200409,489,780,13,2026-04-01,2026-05-01T00:00:00,RETROSPECTIVE_REPLAY,False,CALIBRATED,2026-06-01T00:00:00,PERSISTENCE,El forecast mantiene el nivel de actividad registrado en su origen: persistencia fue seleccionada por su desempeño retrospectivo. Las señales contextuales no modifican esta predicción.,growth_1,trend_3,neighbor_growth_lag1,crecimiento reciente: -3.19% (contexto no causal),-0.0318788603307431,NEGATIVE,tendencia trimestral: -278.50 endpoints/mes (contexto no causal),-278.5,NEGATIVE,crecimiento vecinal reciente: 2.40% (contexto no causal),0.0240495903148302,POSITIVE,True,0.75,Las señales vecinales son contextuales y no implican causalidad; la geometría y disponibilidad espacial son parciales. Catálogo de estaciones sin vigencia histórica verificada. Pronóstico retrospectivo; no es una corrida futura común.,2.0-phase6-persistence-context
col_a11503ab8f7b52ecba6e146f1cd2bcae,Noche Buena,2026-02,6,2026-08,4918.0,4918.0,0.0,0.0,NEUTRAL,PERSISTENCE,VALIDATED_WITH_CAUTION,VALIDATED_FORECAST,v2_zero_endpoint_threshold,station_endpoints_per_calendar_month,3577.0,6259.0,2682.0,CONFORMAL_SYMMETRIC_ABS_RESIDUAL,0.8,0.8095238095238095,126,571,9,2026-01-01,2026-02-01T00:00:00,RETROSPECTIVE_REPLAY,False,CALIBRATED,2026-03-01T00:00:00,PERSISTENCE,El forecast mantiene el nivel de actividad registrado en su origen: persistencia fue seleccionada por su desempeño retrospectivo. Las señales contextuales no modifican esta predicción.,growth_1,trend_3,neighbor_growth_lag1,crecimiento reciente: -4.82% (contexto no causal),-0.048190439326495,NEGATIVE,tendencia trimestral: 75.50 endpoints/mes (contexto no causal),75.5,POSITIVE,crecimiento vecinal reciente: -5.20% (contexto no causal),-0.0520046527561617,NEGATIVE,True,0.5,Las señales vecinales son contextuales y no implican causalidad; la geometría y disponibilidad espacial son parciales. Catálogo de estaciones sin vigencia histórica verificada. Pronóstico retrospectivo; no es una corrida futura común.,2.0-phase6-persistence-context
col_a11503ab8f7b52ecba6e146f1cd2bcae,Noche Buena,2025-08,12,2026-08,5045.0,5045.0,0.0,0.0,NEUTRAL,PERSISTENCE,VALIDATED_WITH_CAUTION,VALIDATED_FORECAST,v2_zero_endpoint_threshold,station_endpoints_per_calendar_month,2764.0,7326.0,4562.0,CONFORMAL_SYMMETRIC_ABS_RESIDUAL,0.8,,0,165,3,2025-07-01,2025-08-01T00:00:00,RETROSPECTIVE_REPLAY,False,CALIBRATED,2025-09-01T00:00:00,PERSISTENCE,El forecast mantiene el nivel de actividad registrado en su origen: persistencia fue seleccionada por su desempeño retrospectivo. Las señales contextuales no modifican esta predicción.,growth_1,trend_3,neighbor_growth_lag1,crecimiento reciente: 0.76% (contexto no causal),0.0075893748751747,POSITIVE,tendencia trimestral: 224.50 endpoints/mes (contexto no causal),224.5,POSITIVE,crecimiento vecinal reciente: -3.92% (contexto no causal),-0.0392234961618933,NEGATIVE,True,0.75,Las señales vecinales son contextuales y no implican causalidad; la geometría y disponibilidad espacial son parciales. Catálogo de estaciones sin vigencia histórica verificada. Pronóstico retrospectivo; no es una corrida futura común.,2.0-phase6-persistence-context
col_a20da3b32dc95373bfc155a68e4197fa,Roma Sur,2025-05,1,2025-06,114251.0,114251.0,0.0,0.0,NEUTRAL,PERSISTENCE,VALIDATED_SHORT_TERM,VALIDATED_FORECAST,v2_zero_endpoint_threshold,station_endpoints_per_calendar_month,113619.0,114883.0,1264.0,CONFORMAL_SYMMETRIC_ABS_RESIDUAL,0.8,,0,85,2,2025-04-01,2025-05-01T00:00:00,RETROSPECTIVE_REPLAY,False,CALIBRATED,2025-06-01T00:00:00,PERSISTENCE,El forecast mantiene el nivel de actividad registrado en su origen: persistencia fue seleccionada por su desempeño retrospectivo. Las señales contextuales no modifican esta predicción.,growth_1,trend_3,NONE,crecimiento reciente: 3.46% (contexto no causal),0.0346385814934888,POSITIVE,tendencia trimestral: -626.50 endpoints/mes (contexto no causal),-626.5,NEGATIVE,SIN_DATO,,UNAVAILABLE,False,0.0,Las señales espaciales no están disponibles para este origen; el contexto no implica causalidad. Catálogo de estaciones sin vigencia histórica verificada. Pronóstico retrospectivo; no es una corrida futura común.,2.0-phase6-persistence-context
col_a20da3b32dc95373bfc155a68e4197fa,Roma Sur,2025-05,3,2025-08,114251.0,114251.0,0.0,0.0,NEUTRAL,PERSISTENCE,VALIDATED_WITH_CAUTION,VALIDATED_FORECAST,v2_zero_endpoint_threshold,station_endpoints_per_calendar_month,112867.0,115635.0,2768.0,CONFORMAL_SYMMETRIC_ABS_RESIDUAL,0.8,,0,103,2,2025-04-01,2025-05-01T00:00:00,RETROSPECTIVE_REPLAY,False,CALIBRATED,2025-06-01T00:00:00,PERSISTENCE,El forecast mantiene el nivel de actividad registrado en su origen: persistencia fue seleccionada por su desempeño retrospectivo. Las señales contextuales no modifican esta predicción.,growth_1,trend_3,NONE,crecimiento reciente: 3.46% (contexto no causal),0.0346385814934888,POSITIVE,tendencia trimestral: -626.50 endpoints/mes (contexto no causal),-626.5,NEGATIVE,SIN_DATO,,UNAVAILABLE,False,0.0,Las señales espaciales no están disponibles para este origen; el contexto no implica causalidad. Catálogo de estaciones sin vigencia histórica verificada. Pronóstico retrospectivo; no es una corrida futura común.,2.0-phase6-persistence-context
col_a20da3b32dc95373bfc155a68e4197fa,Roma Sur,2025-05,6,2025-11,114251.0,114251.0,0.0,0.0,NEUTRAL,PERSISTENCE,VALIDATED_WITH_CAUTION,VALIDATED_FORECAST,v2_zero_endpoint_threshold,station_endpoints_per_calendar_month,113178.0,115324.0,2146.0,CONFORMAL_SYMMETRIC_ABS_RESIDUAL,0.8,,0,109,2,2025-04-01,2025-05-01T00:00:00,RETROSPECTIVE_REPLAY,False,CALIBRATED,2025-06-01T00:00:00,PERSISTENCE,El forecast mantiene el nivel de actividad registrado en su origen: persistencia fue seleccionada por su desempeño retrospectivo. Las señales contextuales no modifican esta predicción.,growth_1,trend_3,NONE,crecimiento reciente: 3.46% (contexto no causal),0.0346385814934888,POSITIVE,tendencia trimestral: -626.50 endpoints/mes (contexto no causal),-626.5,NEGATIVE,SIN_DATO,,UNAVAILABLE,False,0.0,Las señales espaciales no están disponibles para este origen; el contexto no implica causalidad. Catálogo de estaciones sin vigencia histórica verificada. Pronóstico retrospectivo; no es una corrida futura común.,2.0-phase6-persistence-context
col_a20da3b32dc95373bfc155a68e4197fa,Roma Sur,2025-05,12,2026-05,114251.0,114251.0,0.0,0.0,NEUTRAL,PERSISTENCE,VALIDATED_WITH_CAUTION,VALIDATED_FORECAST,v2_zero_endpoint_threshold,station_endpoints_per_calendar_month,,,,CONFORMAL_SYMMETRIC_ABS_RESIDUAL,0.8,,0,0,0,,2025-05-01T00:00:00,RETROSPECTIVE_REPLAY,False,INSUFFICIENT_CALIBRATION_HISTORY,2025-06-01T00:00:00,PERSISTENCE,El forecast mantiene el nivel de actividad registrado en su origen: persistencia fue seleccionada por su desempeño retrospectivo. Las señales contextuales no modifican esta predicción.,growth_1,trend_3,NONE,crecimiento reciente: 3.46% (contexto no causal),0.0346385814934888,POSITIVE,tendencia trimestral: -626.50 endpoints/mes (contexto no causal),-626.5,NEGATIVE,SIN_DATO,,UNAVAILABLE,False,0.0,Las señales espaciales no están disponibles para este origen; el contexto no implica causalidad. Catálogo de estaciones sin vigencia histórica verificada. Pronóstico retrospectivo; no es una corrida futura común. Historia insuficiente para un intervalo.,2.0-phase6-persistence-context
col_a21a9068f97957a2a0828f64e9102bde,Nueva Santa Maria,2026-07,1,2026-08,11470.0,11470.0,0.0,0.0,NEUTRAL,PERSISTENCE,VALIDATED_SHORT_TERM,VALIDATED_FORECAST,v2_zero_endpoint_threshold,station_endpoints_per_calendar_month,10425.0,12515.0,2090.0,CONFORMAL_SYMMETRIC_ABS_RESIDUAL,0.8,0.7463284379172229,749,911,15,2026-06-01,2026-07-01T00:00:00,RETROSPECTIVE_REPLAY,False,CALIBRATED,2026-08-01T00:00:00,PERSISTENCE,El forecast mantiene el nivel de actividad registrado en su origen: persistencia fue seleccionada por su desempeño retrospectivo. Las señales contextuales no modifican esta predicción.,growth_1,trend_3,neighbor_growth_lag1,crecimiento reciente: 3.25% (contexto no causal),0.0324961742731118,POSITIVE,tendencia trimestral: -390.00 endpoints/mes (contexto no causal),-390.0,NEGATIVE,crecimiento vecinal reciente: -9.99% (contexto no causal),-0.0999395956686954,NEGATIVE,True,0.6666666666666666,Las señales vecinales son contextuales y no implican causalidad; la geometría y disponibilidad espacial son parciales. Catálogo de estaciones sin vigencia histórica verificada. Pronóstico retrospectivo; no es una corrida futura común.,2.0-phase6-persistence-context
col_a21a9068f97957a2a0828f64e9102bde,Nueva Santa Maria,2026-05,3,2026-08,12250.0,12250.0,0.0,0.0,NEUTRAL,PERSISTENCE,VALIDATED_WITH_CAUTION,VALIDATED_FORECAST,v2_zero_endpoint_threshold,station_endpoints_per_calendar_month,10972.0,13528.0,2556.0,CONFORMAL_SYMMETRIC_ABS_RESIDUAL,0.8,0.8016359918200409,489,780,13,2026-04-01,2026-05-01T00:00:00,RETROSPECTIVE_REPLAY,False,CALIBRATED,2026-06-01T00:00:00,PERSISTENCE,El forecast mantiene el nivel de actividad registrado en su origen: persistencia fue seleccionada por su desempeño retrospectivo. Las señales contextuales no modifican esta predicción.,growth_1,trend_3,neighbor_growth_lag1,crecimiento reciente: 1.72% (contexto no causal),0.0171884082039358,POSITIVE,tendencia trimestral: -322.00 endpoints/mes (contexto no causal),-322.0,NEGATIVE,crecimiento vecinal reciente: 5.29% (contexto no causal),0.0529001944148378,POSITIVE,True,1.0,Las señales vecinales son contextuales y no implican causalidad; la geometría y disponibilidad espacial son parciales. Catálogo de estaciones sin vigencia histórica verificada. Pronóstico retrospectivo; no es una corrida futura común.,2.0-phase6-persistence-context
col_a21a9068f97957a2a0828f64e9102bde,Nueva Santa Maria,2026-02,6,2026-08,11626.0,11626.0,0.0,0.0,NEUTRAL,PERSISTENCE,VALIDATED_WITH_CAUTION,VALIDATED_FORECAST,v2_zero_endpoint_threshold,station_endpoints_per_calendar_month,10285.0,12967.0,2682.0,CONFORMAL_SYMMETRIC_ABS_RESIDUAL,0.8,0.8095238095238095,126,571,9,2026-01-01,2026-02-01T00:00:00,RETROSPECTIVE_REPLAY,False,CALIBRATED,2026-03-01T00:00:00,PERSISTENCE,El forecast mantiene el nivel de actividad registrado en su origen: persistencia fue seleccionada por su desempeño retrospectivo. Las señales contextuales no modifican esta predicción.,growth_1,trend_3,neighbor_growth_lag1,crecimiento reciente: 3.30% (contexto no causal),0.0329631274988893,POSITIVE,tendencia trimestral: 319.50 endpoints/mes (contexto no causal),319.5,POSITIVE,crecimiento vecinal reciente: 8.34% (contexto no causal),0.0833963684996322,POSITIVE,True,0.6666666666666666,Las señales vecinales son contextuales y no implican causalidad; la geometría y disponibilidad espacial son parciales. Catálogo de estaciones sin vigencia histórica verificada. Pronóstico retrospectivo; no es una corrida futura común.,2.0-phase6-persistence-context
col_a21a9068f97957a2a0828f64e9102bde,Nueva Santa Maria,2025-08,12,2026-08,11712.0,11712.0,0.0,0.0,NEUTRAL,PERSISTENCE,VALIDATED_WITH_CAUTION,VALIDATED_FORECAST,v2_zero_endpoint_threshold,station_endpoints_per_calendar_month,9431.0,13993.0,4562.0,CONFORMAL_SYMMETRIC_ABS_RESIDUAL,0.8,,0,165,3,2025-07-01,2025-08-01T00:00:00,RETROSPECTIVE_REPLAY,False,CALIBRATED,2025-09-01T00:00:00,PERSISTENCE,El forecast mantiene el nivel de actividad registrado en su origen: persistencia fue seleccionada por su desempeño retrospectivo. Las señales contextuales no modifican esta predicción.,growth_1,trend_3,neighbor_growth_lag1,crecimiento reciente: 0.44% (contexto no causal),0.0043735528685361,POSITIVE,tendencia trimestral: 445.00 endpoints/mes (contexto no causal),445.0,POSITIVE,crecimiento vecinal reciente: 6.10% (contexto no causal),0.0610429207928676,POSITIVE,True,1.0,Las señales vecinales son contextuales y no implican causalidad; la geometría y disponibilidad espacial son parciales. Catálogo de estaciones sin vigencia histórica verificada. Pronóstico retrospectivo; no es una corrida futura común.,2.0-phase6-persistence-context
col_a4784e1d94d556b3b35e2f91d799fbf4,Bosque de Chapultepec,2026-04,1,2026-05,31308.0,31308.0,0.0,0.0,NEUTRAL,PERSISTENCE,VALIDATED_SHORT_TERM,VALIDATED_FORECAST,v2_zero_endpoint_threshold,station_endpoints_per_calendar_month,30229.0,32387.0,2158.0,CONFORMAL_SYMMETRIC_ABS_RESIDUAL,0.8,0.7152899824253075,569,731,12,2026-03-01,2026-04-01T00:00:00,RETROSPECTIVE_REPLAY,False,CALIBRATED,2026-05-01T00:00:00,PERSISTENCE,El forecast mantiene el nivel de actividad registrado en su origen: persistencia fue seleccionada por su desempeño retrospectivo. Las señales contextuales no modifican esta predicción.,growth_1,trend_3,NONE,crecimiento reciente: -7.10% (contexto no causal),-0.0709792284866468,NEGATIVE,tendencia trimestral: 635.50 endpoints/mes (contexto no causal),635.5,POSITIVE,SIN_DATO,,UNAVAILABLE,False,,Las señales espaciales no están disponibles para este origen; el contexto no implica causalidad. Catálogo de estaciones sin vigencia histórica verificada. Pronóstico retrospectivo; no es una corrida futura común.,2.0-phase6-persistence-context
col_a4784e1d94d556b3b35e2f91d799fbf4,Bosque de Chapultepec,2026-04,3,2026-07,31308.0,31308.0,0.0,0.0,NEUTRAL,PERSISTENCE,VALIDATED_WITH_CAUTION,VALIDATED_FORECAST,v2_zero_endpoint_threshold,station_endpoints_per_calendar_month,30138.0,32478.0,2340.0,CONFORMAL_SYMMETRIC_ABS_RESIDUAL,0.8,0.8567961165048543,412,703,12,2026-03-01,2026-04-01T00:00:00,RETROSPECTIVE_REPLAY,False,CALIBRATED,2026-05-01T00:00:00,PERSISTENCE,El forecast mantiene el nivel de actividad registrado en su origen: persistencia fue seleccionada por su desempeño retrospectivo. Las señales contextuales no modifican esta predicción.,growth_1,trend_3,NONE,crecimiento reciente: -7.10% (contexto no causal),-0.0709792284866468,NEGATIVE,tendencia trimestral: 635.50 endpoints/mes (contexto no causal),635.5,POSITIVE,SIN_DATO,,UNAVAILABLE,False,,Las señales espaciales no están disponibles para este origen; el contexto no implica causalidad. Catálogo de estaciones sin vigencia histórica verificada. Pronóstico retrospectivo; no es una corrida futura común.,2.0-phase6-persistence-context
col_a4784e1d94d556b3b35e2f91d799fbf4,Bosque de Chapultepec,2026-01,6,2026-07,28355.0,28355.0,0.0,0.0,NEUTRAL,PERSISTENCE,VALIDATED_WITH_CAUTION,VALIDATED_FORECAST,v2_zero_endpoint_threshold,station_endpoints_per_calendar_month,27010.0,29700.0,2690.0,CONFORMAL_SYMMETRIC_ABS_RESIDUAL,0.8,0.8070175438596491,57,502,8,2025-12-01,2026-01-01T00:00:00,RETROSPECTIVE_REPLAY,False,CALIBRATED,2026-02-01T00:00:00,PERSISTENCE,El forecast mantiene el nivel de actividad registrado en su origen: persistencia fue seleccionada por su desempeño retrospectivo. Las señales contextuales no modifican esta predicción.,growth_1,trend_3,NONE,crecimiento reciente: -4.83% (contexto no causal),-0.048330256754489,NEGATIVE,tendencia trimestral: -3077.00 endpoints/mes (contexto no causal),-3077.0,NEGATIVE,SIN_DATO,,UNAVAILABLE,False,,Las señales espaciales no están disponibles para este origen; el contexto no implica causalidad. Catálogo de estaciones sin vigencia histórica verificada. Pronóstico retrospectivo; no es una corrida futura común.,2.0-phase6-persistence-context
col_a4784e1d94d556b3b35e2f91d799fbf4,Bosque de Chapultepec,2025-06,12,2026-06,31352.0,31352.0,0.0,0.0,NEUTRAL,PERSISTENCE,VALIDATED_WITH_CAUTION,VALIDATED_FORECAST,v2_zero_endpoint_threshold,station_endpoints_per_calendar_month,29820.0,32884.0,3064.0,CONFORMAL_SYMMETRIC_ABS_RESIDUAL,0.8,,0,44,1,2025-05-01,2025-06-01T00:00:00,RETROSPECTIVE_REPLAY,False,CALIBRATED,2025-07-01T00:00:00,PERSISTENCE,El forecast mantiene el nivel de actividad registrado en su origen: persistencia fue seleccionada por su desempeño retrospectivo. Las señales contextuales no modifican esta predicción.,growth_1,trend_3,NONE,crecimiento reciente: -12.78% (contexto no causal),-0.127754284442466,NEGATIVE,tendencia trimestral: -4384.50 endpoints/mes (contexto no causal),-4384.5,NEGATIVE,SIN_DATO,,UNAVAILABLE,False,,Las señales espaciales no están disponibles para este origen; el contexto no implica causalidad. Catálogo de estaciones sin vigencia histórica verificada. Pronóstico retrospectivo; no es una corrida futura común.,2.0-phase6-persistence-context
col_a8d3b136a1115b0380f6f041ad7b12a8,Sector Naval,2026-07,1,2026-08,3849.0,3849.0,0.0,0.0,NEUTRAL,PERSISTENCE,VALIDATED_SHORT_TERM,VALIDATED_FORECAST,v2_zero_endpoint_threshold,station_endpoints_per_calendar_month,2804.0,4894.0,2090.0,CONFORMAL_SYMMETRIC_ABS_RESIDUAL,0.8,0.7463284379172229,749,911,15,2026-06-01,2026-07-01T00:00:00,RETROSPECTIVE_REPLAY,False,CALIBRATED,2026-08-01T00:00:00,PERSISTENCE,El forecast mantiene el nivel de actividad registrado en su origen: persistencia fue seleccionada por su desempeño retrospectivo. Las señales contextuales no modifican esta predicción.,growth_1,trend_3,neighbor_growth_lag1,crecimiento reciente: 0.92% (contexto no causal),0.0091767173571054,POSITIVE,tendencia trimestral: -182.00 endpoints/mes (contexto no causal),-182.0,NEGATIVE,crecimiento vecinal reciente: -3.21% (contexto no causal),-0.0321350681824458,NEGATIVE,True,0.6666666666666666,Las señales vecinales son contextuales y no implican causalidad; la geometría y disponibilidad espacial son parciales. Catálogo de estaciones sin vigencia histórica verificada. Pronóstico retrospectivo; no es una corrida futura común.,2.0-phase6-persistence-context
col_a8d3b136a1115b0380f6f041ad7b12a8,Sector Naval,2026-05,3,2026-08,4213.0,4213.0,0.0,0.0,NEUTRAL,PERSISTENCE,VALIDATED_WITH_CAUTION,VALIDATED_FORECAST,v2_zero_endpoint_threshold,station_endpoints_per_calendar_month,2935.0,5491.0,2556.0,CONFORMAL_SYMMETRIC_ABS_RESIDUAL,0.8,0.8016359918200409,489,780,13,2026-04-01,2026-05-01T00:00:00,RETROSPECTIVE_REPLAY,False,CALIBRATED,2026-06-01T00:00:00,PERSISTENCE,El forecast mantiene el nivel de actividad registrado en su origen: persistencia fue seleccionada por su desempeño retrospectivo. Las señales contextuales no modifican esta predicción.,growth_1,trend_3,neighbor_growth_lag1,crecimiento reciente: 8.33% (contexto no causal),0.0833119053741321,POSITIVE,tendencia trimestral: -122.00 endpoints/mes (contexto no causal),-122.0,NEGATIVE,crecimiento vecinal reciente: -3.08% (contexto no causal),-0.0307972342627995,NEGATIVE,True,1.0,Las señales vecinales son contextuales y no implican causalidad; la geometría y disponibilidad espacial son parciales. Catálogo de estaciones sin vigencia histórica verificada. Pronóstico retrospectivo; no es una corrida futura común.,2.0-phase6-persistence-context
col_a8d3b136a1115b0380f6f041ad7b12a8,Sector Naval,2026-02,6,2026-08,3677.0,3677.0,0.0,0.0,NEUTRAL,PERSISTENCE,VALIDATED_WITH_CAUTION,VALIDATED_FORECAST,v2_zero_endpoint_threshold,station_endpoints_per_calendar_month,2336.0,5018.0,2682.0,CONFORMAL_SYMMETRIC_ABS_RESIDUAL,0.8,0.8095238095238095,126,571,9,2026-01-01,2026-02-01T00:00:00,RETROSPECTIVE_REPLAY,False,CALIBRATED,2026-03-01T00:00:00,PERSISTENCE,El forecast mantiene el nivel de actividad registrado en su origen: persistencia fue seleccionada por su desempeño retrospectivo. Las señales contextuales no modifican esta predicción.,growth_1,trend_3,neighbor_growth_lag1,crecimiento reciente: -3.03% (contexto no causal),-0.0303270042194092,NEGATIVE,tendencia trimestral: -3.00 endpoints/mes (contexto no causal),-3.0,NEGATIVE,crecimiento vecinal reciente: 8.05% (contexto no causal),0.0805084745762711,POSITIVE,True,0.3333333333333333,Las señales vecinales son contextuales y no implican causalidad; la geometría y disponibilidad espacial son parciales. Catálogo de estaciones sin vigencia histórica verificada. Pronóstico retrospectivo; no es una corrida futura común.,2.0-phase6-persistence-context
col_a8d3b136a1115b0380f6f041ad7b12a8,Sector Naval,2025-08,12,2026-08,3842.0,3842.0,0.0,0.0,NEUTRAL,PERSISTENCE,VALIDATED_WITH_CAUTION,VALIDATED_FORECAST,v2_zero_endpoint_threshold,station_endpoints_per_calendar_month,1561.0,6123.0,4562.0,CONFORMAL_SYMMETRIC_ABS_RESIDUAL,0.8,,0,165,3,2025-07-01,2025-08-01T00:00:00,RETROSPECTIVE_REPLAY,False,CALIBRATED,2025-09-01T00:00:00,PERSISTENCE,El forecast mantiene el nivel de actividad registrado en su origen: persistencia fue seleccionada por su desempeño retrospectivo. Las señales contextuales no modifican esta predicción.,growth_1,trend_3,neighbor_growth_lag1,crecimiento reciente: -4.09% (contexto no causal),-0.0409385921118322,NEGATIVE,tendencia trimestral: 55.00 endpoints/mes (contexto no causal),55.0,POSITIVE,crecimiento vecinal reciente: -1.07% (contexto no causal),-0.0107014636444879,NEGATIVE,True,0.6666666666666666,Las señales vecinales son contextuales y no implican causalidad; la geometría y disponibilidad espacial son parciales. Catálogo de estaciones sin vigencia histórica verificada. Pronóstico retrospectivo; no es una corrida futura común.,2.0-phase6-persistence-context
col_aaef3bfb4fb259e8ab32bf1eb9404368,San Mateo,2026-07,1,2026-08,4436.0,4436.0,0.0,0.0,NEUTRAL,PERSISTENCE,VALIDATED_SHORT_TERM,VALIDATED_FORECAST,v2_zero_endpoint_threshold,station_endpoints_per_calendar_month,3391.0,5481.0,2090.0,CONFORMAL_SYMMETRIC_ABS_RESIDUAL,0.8,0.7463284379172229,749,911,15,2026-06-01,2026-07-01T00:00:00,RETROSPECTIVE_REPLAY,False,CALIBRATED,2026-08-01T00:00:00,PERSISTENCE,El forecast mantiene el nivel de actividad registrado en su origen: persistencia fue seleccionada por su desempeño retrospectivo. Las señales contextuales no modifican esta predicción.,growth_1,trend_3,NONE,crecimiento reciente: -0.92% (contexto no causal),-0.0091579182488273,NEGATIVE,tendencia trimestral: -132.50 endpoints/mes (contexto no causal),-132.5,NEGATIVE,SIN_DATO,,UNAVAILABLE,False,0.0,Las señales espaciales no están disponibles para este origen; el contexto no implica causalidad. Catálogo de estaciones sin vigencia histórica verificada. Pronóstico retrospectivo; no es una corrida futura común.,2.0-phase6-persistence-context
col_aaef3bfb4fb259e8ab32bf1eb9404368,San Mateo,2026-05,3,2026-08,4701.0,4701.0,0.0,0.0,NEUTRAL,PERSISTENCE,VALIDATED_WITH_CAUTION,VALIDATED_FORECAST,v2_zero_endpoint_threshold,station_endpoints_per_calendar_month,3423.0,5979.0,2556.0,CONFORMAL_SYMMETRIC_ABS_RESIDUAL,0.8,0.8016359918200409,489,780,13,2026-04-01,2026-05-01T00:00:00,RETROSPECTIVE_REPLAY,False,CALIBRATED,2026-06-01T00:00:00,PERSISTENCE,El forecast mantiene el nivel de actividad registrado en su origen: persistencia fue seleccionada por su desempeño retrospectivo. Las señales contextuales no modifican esta predicción.,growth_1,trend_3,neighbor_growth_lag1,crecimiento reciente: 13.39% (contexto no causal),0.1338639652677279,POSITIVE,tendencia trimestral: -27.50 endpoints/mes (contexto no causal),-27.5,NEGATIVE,crecimiento vecinal reciente: -1.81% (contexto no causal),-0.0180527696343156,NEGATIVE,True,1.0,Las señales vecinales son contextuales y no implican causalidad; la geometría y disponibilidad espacial son parciales. Catálogo de estaciones sin vigencia histórica verificada. Pronóstico retrospectivo; no es una corrida futura común.,2.0-phase6-persistence-context
col_aaef3bfb4fb259e8ab32bf1eb9404368,San Mateo,2026-01,6,2026-07,4319.0,4319.0,0.0,0.0,NEUTRAL,PERSISTENCE,VALIDATED_WITH_CAUTION,VALIDATED_FORECAST,v2_zero_endpoint_threshold,station_endpoints_per_calendar_month,2974.0,5664.0,2690.0,CONFORMAL_SYMMETRIC_ABS_RESIDUAL,0.8,0.8070175438596491,57,502,8,2025-12-01,2026-01-01T00:00:00,RETROSPECTIVE_REPLAY,False,CALIBRATED,2026-02-01T00:00:00,PERSISTENCE,El forecast mantiene el nivel de actividad registrado en su origen: persistencia fue seleccionada por su desempeño retrospectivo. Las señales contextuales no modifican esta predicción.,growth_1,trend_3,neighbor_growth_lag1,crecimiento reciente: 7.49% (contexto no causal),0.0749128919860627,POSITIVE,tendencia trimestral: 101.00 endpoints/mes (contexto no causal),101.0,POSITIVE,crecimiento vecinal reciente: 12.93% (contexto no causal),0.1293429003021148,POSITIVE,True,1.0,Las señales vecinales son contextuales y no implican causalidad; la geometría y disponibilidad espacial son parciales. Catálogo de estaciones sin vigencia histórica verificada. Pronóstico retrospectivo; no es una corrida futura común.,2.0-phase6-persistence-context
col_aaef3bfb4fb259e8ab32bf1eb9404368,San Mateo,2025-08,12,2026-08,3863.0,3863.0,0.0,0.0,NEUTRAL,PERSISTENCE,VALIDATED_WITH_CAUTION,VALIDATED_FORECAST,v2_zero_endpoint_threshold,station_endpoints_per_calendar_month,1582.0,6144.0,4562.0,CONFORMAL_SYMMETRIC_ABS_RESIDUAL,0.8,,0,165,3,2025-07-01,2025-08-01T00:00:00,RETROSPECTIVE_REPLAY,False,CALIBRATED,2025-09-01T00:00:00,PERSISTENCE,El forecast mantiene el nivel de actividad registrado en su origen: persistencia fue seleccionada por su desempeño retrospectivo. Las señales contextuales no modifican esta predicción.,growth_1,trend_3,neighbor_growth_lag1,crecimiento reciente: 0.57% (contexto no causal),0.0057276750846133,POSITIVE,tendencia trimestral: 69.50 endpoints/mes (contexto no causal),69.5,POSITIVE,crecimiento vecinal reciente: -4.38% (contexto no causal),-0.0437784138743896,NEGATIVE,True,1.0,Las señales vecinales son contextuales y no implican causalidad; la geometría y disponibilidad espacial son parciales. Catálogo de estaciones sin vigencia histórica verificada. Pronóstico retrospectivo; no es una corrida futura común.,2.0-phase6-persistence-context
col_abad05146e545e0cb59abdc228f8373c,San Simon Ticumac,2026-07,1,2026-08,14298.0,14298.0,0.0,0.0,NEUTRAL,PERSISTENCE,VALIDATED_SHORT_TERM,VALIDATED_FORECAST,v2_zero_endpoint_threshold,station_endpoints_per_calendar_month,13253.0,15343.0,2090.0,CONFORMAL_SYMMETRIC_ABS_RESIDUAL,0.8,0.7463284379172229,749,911,15,2026-06-01,2026-07-01T00:00:00,RETROSPECTIVE_REPLAY,False,CALIBRATED,2026-08-01T00:00:00,PERSISTENCE,El forecast mantiene el nivel de actividad registrado en su origen: persistencia fue seleccionada por su desempeño retrospectivo. Las señales contextuales no modifican esta predicción.,growth_1,trend_3,neighbor_growth_lag1,crecimiento reciente: -3.48% (contexto no causal),-0.0347667589279686,NEGATIVE,tendencia trimestral: -1889.50 endpoints/mes (contexto no causal),-1889.5,NEGATIVE,crecimiento vecinal reciente: 1.91% (contexto no causal),0.0190647198486548,POSITIVE,True,0.6666666666666666,Las señales vecinales son contextuales y no implican causalidad; la geometría y disponibilidad espacial son parciales. Catálogo de estaciones sin vigencia histórica verificada. Pronóstico retrospectivo; no es una corrida futura común.,2.0-phase6-persistence-context
col_abad05146e545e0cb59abdc228f8373c,San Simon Ticumac,2026-05,3,2026-08,18077.0,18077.0,0.0,0.0,NEUTRAL,PERSISTENCE,VALIDATED_WITH_CAUTION,VALIDATED_FORECAST,v2_zero_endpoint_threshold,station_endpoints_per_calendar_month,16799.0,19355.0,2556.0,CONFORMAL_SYMMETRIC_ABS_RESIDUAL,0.8,0.8016359918200409,489,780,13,2026-04-01,2026-05-01T00:00:00,RETROSPECTIVE_REPLAY,False,CALIBRATED,2026-06-01T00:00:00,PERSISTENCE,El forecast mantiene el nivel de actividad registrado en su origen: persistencia fue seleccionada por su desempeño retrospectivo. Las señales contextuales no modifican esta predicción.,growth_1,trend_3,neighbor_growth_lag1,crecimiento reciente: 15.07% (contexto no causal),0.1507416130880387,POSITIVE,tendencia trimestral: 1303.00 endpoints/mes (contexto no causal),1303.0,POSITIVE,crecimiento vecinal reciente: 6.88% (contexto no causal),0.068844929317909,POSITIVE,True,0.6666666666666666,Las señales vecinales son contextuales y no implican causalidad; la geometría y disponibilidad espacial son parciales. Catálogo de estaciones sin vigencia histórica verificada. Pronóstico retrospectivo; no es una corrida futura común.,2.0-phase6-persistence-context
col_abad05146e545e0cb59abdc228f8373c,San Simon Ticumac,2026-01,6,2026-07,13799.0,13799.0,0.0,0.0,NEUTRAL,PERSISTENCE,VALIDATED_WITH_CAUTION,VALIDATED_FORECAST,v2_zero_endpoint_threshold,station_endpoints_per_calendar_month,12454.0,15144.0,2690.0,CONFORMAL_SYMMETRIC_ABS_RESIDUAL,0.8,0.8070175438596491,57,502,8,2025-12-01,2026-01-01T00:00:00,RETROSPECTIVE_REPLAY,False,CALIBRATED,2026-02-01T00:00:00,PERSISTENCE,El forecast mantiene el nivel de actividad registrado en su origen: persistencia fue seleccionada por su desempeño retrospectivo. Las señales contextuales no modifican esta predicción.,growth_1,trend_3,neighbor_trips_lag1,crecimiento reciente: 16.11% (contexto no causal),0.1611410299562437,POSITIVE,tendencia trimestral: 472.50 endpoints/mes (contexto no causal),472.5,POSITIVE,actividad vecinal reciente: 13859.00 endpoints (contexto no causal),13858.999999999998,LEVEL,True,0.3333333333333333,Las señales vecinales son contextuales y no implican causalidad; la geometría y disponibilidad espacial son parciales. Catálogo de estaciones sin vigencia histórica verificada. Pronóstico retrospectivo; no es una corrida futura común.,2.0-phase6-persistence-context
col_abad05146e545e0cb59abdc228f8373c,San Simon Ticumac,2025-08,12,2026-08,14478.0,14478.0,0.0,0.0,NEUTRAL,PERSISTENCE,VALIDATED_WITH_CAUTION,VALIDATED_FORECAST,v2_zero_endpoint_threshold,station_endpoints_per_calendar_month,12197.0,16759.0,4562.0,CONFORMAL_SYMMETRIC_ABS_RESIDUAL,0.8,,0,165,3,2025-07-01,2025-08-01T00:00:00,RETROSPECTIVE_REPLAY,False,CALIBRATED,2025-09-01T00:00:00,PERSISTENCE,El forecast mantiene el nivel de actividad registrado en su origen: persistencia fue seleccionada por su desempeño retrospectivo. Las señales contextuales no modifican esta predicción.,growth_1,trend_3,neighbor_growth_lag1,crecimiento reciente: 0.52% (contexto no causal),0.0052072484898979,POSITIVE,tendencia trimestral: 365.50 endpoints/mes (contexto no causal),365.5,POSITIVE,crecimiento vecinal reciente: -1.08% (contexto no causal),-0.0107857697153689,NEGATIVE,True,0.6666666666666666,Las señales vecinales son contextuales y no implican causalidad; la geometría y disponibilidad espacial son parciales. Catálogo de estaciones sin vigencia histórica verificada. Pronóstico retrospectivo; no es una corrida futura común.,2.0-phase6-persistence-context
col_aeb67b70520e58b895caf170c4cc2b7b,Postal,2026-06,1,2026-07,7369.0,7369.0,0.0,0.0,NEUTRAL,PERSISTENCE,VALIDATED_SHORT_TERM,VALIDATED_FORECAST,v2_zero_endpoint_threshold,station_endpoints_per_calendar_month,6298.0,8440.0,2142.0,CONFORMAL_SYMMETRIC_ABS_RESIDUAL,0.8,0.7312775330396476,681,843,14,2026-05-01,2026-06-01T00:00:00,RETROSPECTIVE_REPLAY,False,CALIBRATED,2026-07-01T00:00:00,PERSISTENCE,El forecast mantiene el nivel de actividad registrado en su origen: persistencia fue seleccionada por su desempeño retrospectivo. Las señales contextuales no modifican esta predicción.,growth_1,trend_3,neighbor_growth_lag1,crecimiento reciente: -11.29% (contexto no causal),-0.1129168171421692,NEGATIVE,tendencia trimestral: -372.50 endpoints/mes (contexto no causal),-372.5,NEGATIVE,crecimiento vecinal reciente: -35.29% (contexto no causal),-0.3528913365812328,NEGATIVE,True,0.3333333333333333,Las señales vecinales son contextuales y no implican causalidad; la geometría y disponibilidad espacial son parciales. Catálogo de estaciones sin vigencia histórica verificada. Pronóstico retrospectivo; no es una corrida futura común.,2.0-phase6-persistence-context
col_aeb67b70520e58b895caf170c4cc2b7b,Postal,2026-04,3,2026-07,8114.0,8114.0,0.0,0.0,NEUTRAL,PERSISTENCE,VALIDATED_WITH_CAUTION,VALIDATED_FORECAST,v2_zero_endpoint_threshold,station_endpoints_per_calendar_month,6944.0,9284.0,2340.0,CONFORMAL_SYMMETRIC_ABS_RESIDUAL,0.8,0.8567961165048543,412,703,12,2026-03-01,2026-04-01T00:00:00,RETROSPECTIVE_REPLAY,False,CALIBRATED,2026-05-01T00:00:00,PERSISTENCE,El forecast mantiene el nivel de actividad registrado en su origen: persistencia fue seleccionada por su desempeño retrospectivo. Las señales contextuales no modifican esta predicción.,growth_1,trend_3,neighbor_growth_lag1,crecimiento reciente: -2.58% (contexto no causal),-0.0258134229799495,NEGATIVE,tendencia trimestral: 350.00 endpoints/mes (contexto no causal),350.0,POSITIVE,crecimiento vecinal reciente: -4.73% (contexto no causal),-0.0472940159445085,NEGATIVE,True,0.6666666666666666,Las señales vecinales son contextuales y no implican causalidad; la geometría y disponibilidad espacial son parciales. Catálogo de estaciones sin vigencia histórica verificada. Pronóstico retrospectivo; no es una corrida futura común.,2.0-phase6-persistence-context
col_aeb67b70520e58b895caf170c4cc2b7b,Postal,2026-02,6,2026-08,7414.0,7414.0,0.0,0.0,NEUTRAL,PERSISTENCE,VALIDATED_WITH_CAUTION,VALIDATED_FORECAST,v2_zero_endpoint_threshold,station_endpoints_per_calendar_month,6073.0,8755.0,2682.0,CONFORMAL_SYMMETRIC_ABS_RESIDUAL,0.8,0.8095238095238095,126,571,9,2026-01-01,2026-02-01T00:00:00,RETROSPECTIVE_REPLAY,False,CALIBRATED,2026-03-01T00:00:00,PERSISTENCE,El forecast mantiene el nivel de actividad registrado en su origen: persistencia fue seleccionada por su desempeño retrospectivo. Las señales contextuales no modifican esta predicción.,growth_1,trend_3,neighbor_growth_lag1,crecimiento reciente: 3.22% (contexto no causal),0.0321592649310872,POSITIVE,tendencia trimestral: 407.50 endpoints/mes (contexto no causal),407.5,POSITIVE,crecimiento vecinal reciente: -4.99% (contexto no causal),-0.0499425874939089,NEGATIVE,True,0.6666666666666666,Las señales vecinales son contextuales y no implican causalidad; la geometría y disponibilidad espacial son parciales. Catálogo de estaciones sin vigencia histórica verificada. Pronóstico retrospectivo; no es una corrida futura común.,2.0-phase6-persistence-context
col_aeb67b70520e58b895caf170c4cc2b7b,Postal,2025-08,12,2026-08,7249.0,7249.0,0.0,0.0,NEUTRAL,PERSISTENCE,VALIDATED_WITH_CAUTION,VALIDATED_FORECAST,v2_zero_endpoint_threshold,station_endpoints_per_calendar_month,4968.0,9530.0,4562.0,CONFORMAL_SYMMETRIC_ABS_RESIDUAL,0.8,,0,165,3,2025-07-01,2025-08-01T00:00:00,RETROSPECTIVE_REPLAY,False,CALIBRATED,2025-09-01T00:00:00,PERSISTENCE,El forecast mantiene el nivel de actividad registrado en su origen: persistencia fue seleccionada por su desempeño retrospectivo. Las señales contextuales no modifican esta predicción.,growth_1,trend_3,neighbor_growth_lag1,crecimiento reciente: -5.76% (contexto no causal),-0.0575923036921476,NEGATIVE,tendencia trimestral: 255.00 endpoints/mes (contexto no causal),255.0,POSITIVE,crecimiento vecinal reciente: -3.28% (contexto no causal),-0.0327627461807472,NEGATIVE,True,0.3333333333333333,Las señales vecinales son contextuales y no implican causalidad; la geometría y disponibilidad espacial son parciales. Catálogo de estaciones sin vigencia histórica verificada. Pronóstico retrospectivo; no es una corrida futura común.,2.0-phase6-persistence-context
col_af634a3d6a0956f8930194b36da1dbde,Buenavista,2026-03,1,2026-04,67657.0,67657.0,0.0,0.0,NEUTRAL,PERSISTENCE,VALIDATED_SHORT_TERM,VALIDATED_FORECAST,v2_zero_endpoint_threshold,station_endpoints_per_calendar_month,66567.0,68747.0,2180.0,CONFORMAL_SYMMETRIC_ABS_RESIDUAL,0.8,0.7,510,672,11,2026-02-01,2026-03-01T00:00:00,RETROSPECTIVE_REPLAY,False,CALIBRATED,2026-04-01T00:00:00,PERSISTENCE,El forecast mantiene el nivel de actividad registrado en su origen: persistencia fue seleccionada por su desempeño retrospectivo. Las señales contextuales no modifican esta predicción.,growth_1,trend_3,NONE,crecimiento reciente: 8.41% (contexto no causal),0.084073065213908,POSITIVE,tendencia trimestral: 10042.50 endpoints/mes (contexto no causal),10042.5,POSITIVE,SIN_DATO,,UNAVAILABLE,False,0.0,Las señales espaciales no están disponibles para este origen; el contexto no implica causalidad. Catálogo de estaciones sin vigencia histórica verificada. Pronóstico retrospectivo; no es una corrida futura común.,2.0-phase6-persistence-context
col_af634a3d6a0956f8930194b36da1dbde,Buenavista,2026-03,3,2026-06,67657.0,67657.0,0.0,0.0,NEUTRAL,PERSISTENCE,VALIDATED_WITH_CAUTION,VALIDATED_FORECAST,v2_zero_endpoint_threshold,station_endpoints_per_calendar_month,66494.0,68820.0,2326.0,CONFORMAL_SYMMETRIC_ABS_RESIDUAL,0.8,0.8668555240793201,353,644,11,2026-02-01,2026-03-01T00:00:00,RETROSPECTIVE_REPLAY,False,CALIBRATED,2026-04-01T00:00:00,PERSISTENCE,El forecast mantiene el nivel de actividad registrado en su origen: persistencia fue seleccionada por su desempeño retrospectivo. Las señales contextuales no modifican esta predicción.,growth_1,trend_3,NONE,crecimiento reciente: 8.41% (contexto no causal),0.084073065213908,POSITIVE,tendencia trimestral: 10042.50 endpoints/mes (contexto no causal),10042.5,POSITIVE,SIN_DATO,,UNAVAILABLE,False,0.0,Las señales espaciales no están disponibles para este origen; el contexto no implica causalidad. Catálogo de estaciones sin vigencia histórica verificada. Pronóstico retrospectivo; no es una corrida futura común.,2.0-phase6-persistence-context
col_af634a3d6a0956f8930194b36da1dbde,Buenavista,2025-09,6,2026-03,65766.0,65766.0,0.0,0.0,NEUTRAL,PERSISTENCE,VALIDATED_WITH_CAUTION,VALIDATED_FORECAST,v2_zero_endpoint_threshold,station_endpoints_per_calendar_month,64420.0,67112.0,2692.0,CONFORMAL_SYMMETRIC_ABS_RESIDUAL,0.8,,0,324,5,2025-08-01,2025-09-01T00:00:00,RETROSPECTIVE_REPLAY,False,CALIBRATED,2025-10-01T00:00:00,PERSISTENCE,El forecast mantiene el nivel de actividad registrado en su origen: persistencia fue seleccionada por su desempeño retrospectivo. Las señales contextuales no modifican esta predicción.,growth_1,trend_3,NONE,crecimiento reciente: -4.15% (contexto no causal),-0.0414516834280717,NEGATIVE,tendencia trimestral: -5361.00 endpoints/mes (contexto no causal),-5361.0,NEGATIVE,SIN_DATO,,UNAVAILABLE,False,0.0,Las señales espaciales no están disponibles para este origen; el contexto no implica causalidad. Catálogo de estaciones sin vigencia histórica verificada. Pronóstico retrospectivo; no es una corrida futura común.,2.0-phase6-persistence-context
col_af634a3d6a0956f8930194b36da1dbde,Buenavista,2025-07,12,2026-07,76488.0,76488.0,0.0,0.0,NEUTRAL,PERSISTENCE,VALIDATED_WITH_CAUTION,VALIDATED_FORECAST,v2_zero_endpoint_threshold,station_endpoints_per_calendar_month,74123.0,78853.0,4730.0,CONFORMAL_SYMMETRIC_ABS_RESIDUAL,0.8,,0,100,2,2025-06-01,2025-07-01T00:00:00,RETROSPECTIVE_REPLAY,False,CALIBRATED,2025-08-01T00:00:00,PERSISTENCE,El forecast mantiene el nivel de actividad registrado en su origen: persistencia fue seleccionada por su desempeño retrospectivo. Las señales contextuales no modifican esta predicción.,growth_1,trend_3,NONE,crecimiento reciente: 10.00% (contexto no causal),0.0999928093765729,POSITIVE,tendencia trimestral: -769.00 endpoints/mes (contexto no causal),-769.0,NEGATIVE,SIN_DATO,,UNAVAILABLE,False,0.0,Las señales espaciales no están disponibles para este origen; el contexto no implica causalidad. Catálogo de estaciones sin vigencia histórica verificada. Pronóstico retrospectivo; no es una corrida futura común.,2.0-phase6-persistence-context
col_b0071da2a8ad5c38b1d137c8dd21a966,Unidad Habitacional Cuitláhuac,2026-06,1,2026-07,2839.0,2839.0,0.0,0.0,NEUTRAL,PERSISTENCE,VALIDATED_SHORT_TERM,VALIDATED_FORECAST,v2_zero_endpoint_threshold,station_endpoints_per_calendar_month,1768.0,3910.0,2142.0,CONFORMAL_SYMMETRIC_ABS_RESIDUAL,0.8,0.7312775330396476,681,843,14,2026-05-01,2026-06-01T00:00:00,RETROSPECTIVE_REPLAY,False,CALIBRATED,2026-07-01T00:00:00,PERSISTENCE,El forecast mantiene el nivel de actividad registrado en su origen: persistencia fue seleccionada por su desempeño retrospectivo. Las señales contextuales no modifican esta predicción.,growth_1,trend_3,NONE,crecimiento reciente: -8.68% (contexto no causal),-0.0868446445802508,NEGATIVE,tendencia trimestral: -109.50 endpoints/mes (contexto no causal),-109.5,NEGATIVE,SIN_DATO,,UNAVAILABLE,False,,Las señales espaciales no están disponibles para este origen; el contexto no implica causalidad. Catálogo de estaciones sin vigencia histórica verificada. Pronóstico retrospectivo; no es una corrida futura común.,2.0-phase6-persistence-context
col_b0071da2a8ad5c38b1d137c8dd21a966,Unidad Habitacional Cuitláhuac,2026-05,3,2026-08,3109.0,3109.0,0.0,0.0,NEUTRAL,PERSISTENCE,VALIDATED_WITH_CAUTION,VALIDATED_FORECAST,v2_zero_endpoint_threshold,station_endpoints_per_calendar_month,1831.0,4387.0,2556.0,CONFORMAL_SYMMETRIC_ABS_RESIDUAL,0.8,0.8016359918200409,489,780,13,2026-04-01,2026-05-01T00:00:00,RETROSPECTIVE_REPLAY,False,CALIBRATED,2026-06-01T00:00:00,PERSISTENCE,El forecast mantiene el nivel de actividad registrado en su origen: persistencia fue seleccionada por su desempeño retrospectivo. Las señales contextuales no modifican esta predicción.,growth_1,trend_3,NONE,crecimiento reciente: 1.67% (contexto no causal),0.0166775670372792,POSITIVE,tendencia trimestral: -85.00 endpoints/mes (contexto no causal),-85.0,NEGATIVE,SIN_DATO,,UNAVAILABLE,False,,Las señales espaciales no están disponibles para este origen; el contexto no implica causalidad. Catálogo de estaciones sin vigencia histórica verificada. Pronóstico retrospectivo; no es una corrida futura común.,2.0-phase6-persistence-context
col_b0071da2a8ad5c38b1d137c8dd21a966,Unidad Habitacional Cuitláhuac,2026-01,6,2026-07,2780.0,2780.0,0.0,0.0,NEUTRAL,PERSISTENCE,VALIDATED_WITH_CAUTION,VALIDATED_FORECAST,v2_zero_endpoint_threshold,station_endpoints_per_calendar_month,1435.0,4125.0,2690.0,CONFORMAL_SYMMETRIC_ABS_RESIDUAL,0.8,0.8070175438596491,57,502,8,2025-12-01,2026-01-01T00:00:00,RETROSPECTIVE_REPLAY,False,CALIBRATED,2026-02-01T00:00:00,PERSISTENCE,El forecast mantiene el nivel de actividad registrado en su origen: persistencia fue seleccionada por su desempeño retrospectivo. Las señales contextuales no modifican esta predicción.,growth_1,trend_3,NONE,crecimiento reciente: -5.38% (contexto no causal),-0.0537780803267528,NEGATIVE,tendencia trimestral: -95.00 endpoints/mes (contexto no causal),-95.0,NEGATIVE,SIN_DATO,,UNAVAILABLE,False,,Las señales espaciales no están disponibles para este origen; el contexto no implica causalidad. Catálogo de estaciones sin vigencia histórica verificada. Pronóstico retrospectivo; no es una corrida futura común.,2.0-phase6-persistence-context
col_b0071da2a8ad5c38b1d137c8dd21a966,Unidad Habitacional Cuitláhuac,2025-07,12,2026-07,2833.0,2833.0,0.0,0.0,NEUTRAL,PERSISTENCE,VALIDATED_WITH_CAUTION,VALIDATED_FORECAST,v2_zero_endpoint_threshold,station_endpoints_per_calendar_month,468.0,5198.0,4730.0,CONFORMAL_SYMMETRIC_ABS_RESIDUAL,0.8,,0,100,2,2025-06-01,2025-07-01T00:00:00,RETROSPECTIVE_REPLAY,False,CALIBRATED,2025-08-01T00:00:00,PERSISTENCE,El forecast mantiene el nivel de actividad registrado en su origen: persistencia fue seleccionada por su desempeño retrospectivo. Las señales contextuales no modifican esta predicción.,growth_1,trend_3,NONE,crecimiento reciente: 6.74% (contexto no causal),0.0674453654860587,POSITIVE,tendencia trimestral: -27.50 endpoints/mes (contexto no causal),-27.5,NEGATIVE,SIN_DATO,,UNAVAILABLE,False,,Las señales espaciales no están disponibles para este origen; el contexto no implica causalidad. Catálogo de estaciones sin vigencia histórica verificada. Pronóstico retrospectivo; no es una corrida futura común.,2.0-phase6-persistence-context
col_b0d667d100335a2cbd38dd885b4a49ae,Granada,2026-07,1,2026-08,25375.0,25375.0,0.0,0.0,NEUTRAL,PERSISTENCE,VALIDATED_SHORT_TERM,VALIDATED_FORECAST,v2_zero_endpoint_threshold,station_endpoints_per_calendar_month,24330.0,26420.0,2090.0,CONFORMAL_SYMMETRIC_ABS_RESIDUAL,0.8,0.7463284379172229,749,911,15,2026-06-01,2026-07-01T00:00:00,RETROSPECTIVE_REPLAY,False,CALIBRATED,2026-08-01T00:00:00,PERSISTENCE,El forecast mantiene el nivel de actividad registrado en su origen: persistencia fue seleccionada por su desempeño retrospectivo. Las señales contextuales no modifican esta predicción.,growth_1,trend_3,neighbor_growth_lag1,crecimiento reciente: 3.78% (contexto no causal),0.037789865445176,POSITIVE,tendencia trimestral: -294.50 endpoints/mes (contexto no causal),-294.5,NEGATIVE,crecimiento vecinal reciente: -2.20% (contexto no causal),-0.02202304737516,NEGATIVE,True,0.25,Las señales vecinales son contextuales y no implican causalidad; la geometría y disponibilidad espacial son parciales. Catálogo de estaciones sin vigencia histórica verificada. Pronóstico retrospectivo; no es una corrida futura común.,2.0-phase6-persistence-context
col_b0d667d100335a2cbd38dd885b4a49ae,Granada,2026-05,3,2026-08,25964.0,25964.0,0.0,0.0,NEUTRAL,PERSISTENCE,VALIDATED_WITH_CAUTION,VALIDATED_FORECAST,v2_zero_endpoint_threshold,station_endpoints_per_calendar_month,24686.0,27242.0,2556.0,CONFORMAL_SYMMETRIC_ABS_RESIDUAL,0.8,0.8016359918200409,489,780,13,2026-04-01,2026-05-01T00:00:00,RETROSPECTIVE_REPLAY,False,CALIBRATED,2026-06-01T00:00:00,PERSISTENCE,El forecast mantiene el nivel de actividad registrado en su origen: persistencia fue seleccionada por su desempeño retrospectivo. Las señales contextuales no modifican esta predicción.,growth_1,trend_3,neighbor_growth_lag1,crecimiento reciente: 2.30% (contexto no causal),0.02301024428684,POSITIVE,tendencia trimestral: -49.50 endpoints/mes (contexto no causal),-49.5,NEGATIVE,crecimiento vecinal reciente: 3.11% (contexto no causal),0.0311151142282923,POSITIVE,True,0.75,Las señales vecinales son contextuales y no implican causalidad; la geometría y disponibilidad espacial son parciales. Catálogo de estaciones sin vigencia histórica verificada. Pronóstico retrospectivo; no es una corrida futura común.,2.0-phase6-persistence-context
col_b0d667d100335a2cbd38dd885b4a49ae,Granada,2026-02,6,2026-08,23934.0,23934.0,0.0,0.0,NEUTRAL,PERSISTENCE,VALIDATED_WITH_CAUTION,VALIDATED_FORECAST,v2_zero_endpoint_threshold,station_endpoints_per_calendar_month,22593.0,25275.0,2682.0,CONFORMAL_SYMMETRIC_ABS_RESIDUAL,0.8,0.8095238095238095,126,571,9,2026-01-01,2026-02-01T00:00:00,RETROSPECTIVE_REPLAY,False,CALIBRATED,2026-03-01T00:00:00,PERSISTENCE,El forecast mantiene el nivel de actividad registrado en su origen: persistencia fue seleccionada por su desempeño retrospectivo. Las señales contextuales no modifican esta predicción.,growth_1,trend_3,neighbor_growth_lag1,crecimiento reciente: 1.46% (contexto no causal),0.0145824501907587,POSITIVE,tendencia trimestral: 1160.00 endpoints/mes (contexto no causal),1160.0,POSITIVE,crecimiento vecinal reciente: -2.28% (contexto no causal),-0.0227767813127909,NEGATIVE,True,0.5,Las señales vecinales son contextuales y no implican causalidad; la geometría y disponibilidad espacial son parciales. Catálogo de estaciones sin vigencia histórica verificada. Pronóstico retrospectivo; no es una corrida futura común.,2.0-phase6-persistence-context
col_b0d667d100335a2cbd38dd885b4a49ae,Granada,2025-08,12,2026-08,24694.0,24694.0,0.0,0.0,NEUTRAL,PERSISTENCE,VALIDATED_WITH_CAUTION,VALIDATED_FORECAST,v2_zero_endpoint_threshold,station_endpoints_per_calendar_month,22413.0,26975.0,4562.0,CONFORMAL_SYMMETRIC_ABS_RESIDUAL,0.8,,0,165,3,2025-07-01,2025-08-01T00:00:00,RETROSPECTIVE_REPLAY,False,CALIBRATED,2025-09-01T00:00:00,PERSISTENCE,El forecast mantiene el nivel de actividad registrado en su origen: persistencia fue seleccionada por su desempeño retrospectivo. Las señales contextuales no modifican esta predicción.,growth_1,trend_3,neighbor_growth_lag1,crecimiento reciente: -9.00% (contexto no causal),-0.0900246895382687,NEGATIVE,tendencia trimestral: -194.50 endpoints/mes (contexto no causal),-194.5,NEGATIVE,crecimiento vecinal reciente: -5.37% (contexto no causal),-0.0537174940334431,NEGATIVE,True,0.5,Las señales vecinales son contextuales y no implican causalidad; la geometría y disponibilidad espacial son parciales. Catálogo de estaciones sin vigencia histórica verificada. Pronóstico retrospectivo; no es una corrida futura común.,2.0-phase6-persistence-context
col_b311567e717b53408adc7485d395fbd0,Del Valle Sur,2026-02,1,2026-03,54037.0,54037.0,0.0,0.0,NEUTRAL,PERSISTENCE,VALIDATED_SHORT_TERM,VALIDATED_FORECAST,v2_zero_endpoint_threshold,station_endpoints_per_calendar_month,52964.0,55110.0,2146.0,CONFORMAL_SYMMETRIC_ABS_RESIDUAL,0.8,0.6981981981981982,444,606,10,2026-01-01,2026-02-01T00:00:00,RETROSPECTIVE_REPLAY,False,CALIBRATED,2026-03-01T00:00:00,PERSISTENCE,El forecast mantiene el nivel de actividad registrado en su origen: persistencia fue seleccionada por su desempeño retrospectivo. Las señales contextuales no modifican esta predicción.,growth_1,trend_3,NONE,crecimiento reciente: -2.94% (contexto no causal),-0.0293858782533723,NEGATIVE,tendencia trimestral: 899.50 endpoints/mes (contexto no causal),899.5,POSITIVE,SIN_DATO,,UNAVAILABLE,False,,Las señales espaciales no están disponibles para este origen; el contexto no implica causalidad. Catálogo de estaciones sin vigencia histórica verificada. Pronóstico retrospectivo; no es una corrida futura común.,2.0-phase6-persistence-context
col_b311567e717b53408adc7485d395fbd0,Del Valle Sur,2026-02,3,2026-05,54037.0,54037.0,0.0,0.0,NEUTRAL,PERSISTENCE,VALIDATED_WITH_CAUTION,VALIDATED_FORECAST,v2_zero_endpoint_threshold,station_endpoints_per_calendar_month,52874.0,55200.0,2326.0,CONFORMAL_SYMMETRIC_ABS_RESIDUAL,0.8,0.8762214983713354,307,598,10,2026-01-01,2026-02-01T00:00:00,RETROSPECTIVE_REPLAY,False,CALIBRATED,2026-03-01T00:00:00,PERSISTENCE,El forecast mantiene el nivel de actividad registrado en su origen: persistencia fue seleccionada por su desempeño retrospectivo. Las señales contextuales no modifican esta predicción.,growth_1,trend_3,NONE,crecimiento reciente: -2.94% (contexto no causal),-0.0293858782533723,NEGATIVE,tendencia trimestral: 899.50 endpoints/mes (contexto no causal),899.5,POSITIVE,SIN_DATO,,UNAVAILABLE,False,,Las señales espaciales no están disponibles para este origen; el contexto no implica causalidad. Catálogo de estaciones sin vigencia histórica verificada. Pronóstico retrospectivo; no es una corrida futura común.,2.0-phase6-persistence-context
col_b311567e717b53408adc7485d395fbd0,Del Valle Sur,2026-02,6,2026-08,54037.0,54037.0,0.0,0.0,NEUTRAL,PERSISTENCE,VALIDATED_WITH_CAUTION,VALIDATED_FORECAST,v2_zero_endpoint_threshold,station_endpoints_per_calendar_month,52696.0,55378.0,2682.0,CONFORMAL_SYMMETRIC_ABS_RESIDUAL,0.8,0.8095238095238095,126,571,9,2026-01-01,2026-02-01T00:00:00,RETROSPECTIVE_REPLAY,False,CALIBRATED,2026-03-01T00:00:00,PERSISTENCE,El forecast mantiene el nivel de actividad registrado en su origen: persistencia fue seleccionada por su desempeño retrospectivo. Las señales contextuales no modifican esta predicción.,growth_1,trend_3,NONE,crecimiento reciente: -2.94% (contexto no causal),-0.0293858782533723,NEGATIVE,tendencia trimestral: 899.50 endpoints/mes (contexto no causal),899.5,POSITIVE,SIN_DATO,,UNAVAILABLE,False,,Las señales espaciales no están disponibles para este origen; el contexto no implica causalidad. Catálogo de estaciones sin vigencia histórica verificada. Pronóstico retrospectivo; no es una corrida futura común.,2.0-phase6-persistence-context
col_b311567e717b53408adc7485d395fbd0,Del Valle Sur,2025-05,12,2026-05,63266.0,63266.0,0.0,0.0,NEUTRAL,PERSISTENCE,VALIDATED_WITH_CAUTION,VALIDATED_FORECAST,v2_zero_endpoint_threshold,station_endpoints_per_calendar_month,,,,CONFORMAL_SYMMETRIC_ABS_RESIDUAL,0.8,,0,0,0,,2025-05-01T00:00:00,RETROSPECTIVE_REPLAY,False,INSUFFICIENT_CALIBRATION_HISTORY,2025-06-01T00:00:00,PERSISTENCE,El forecast mantiene el nivel de actividad registrado en su origen: persistencia fue seleccionada por su desempeño retrospectivo. Las señales contextuales no modifican esta predicción.,growth_1,trend_3,NONE,crecimiento reciente: 5.47% (contexto no causal),0.0546618433994032,POSITIVE,tendencia trimestral: -931.50 endpoints/mes (contexto no causal),-931.5,NEGATIVE,SIN_DATO,,UNAVAILABLE,False,,Las señales espaciales no están disponibles para este origen; el contexto no implica causalidad. Catálogo de estaciones sin vigencia histórica verificada. Pronóstico retrospectivo; no es una corrida futura común. Historia insuficiente para un intervalo.,2.0-phase6-persistence-context
col_b9647cb13b4b5ebebd069fd56e70a36f,Juarez,2024-09,6,2025-03,234593.0,234593.0,0.0,0.0,NEUTRAL,PERSISTENCE,VALIDATED_WITH_CAUTION,VALIDATED_FORECAST,v2_zero_endpoint_threshold,station_endpoints_per_calendar_month,,,,CONFORMAL_SYMMETRIC_ABS_RESIDUAL,0.8,,0,0,0,,2024-09-01T00:00:00,RETROSPECTIVE_REPLAY,False,INSUFFICIENT_CALIBRATION_HISTORY,2024-10-01T00:00:00,PERSISTENCE,El forecast mantiene el nivel de actividad registrado en su origen: persistencia fue seleccionada por su desempeño retrospectivo. Las señales contextuales no modifican esta predicción.,NONE,NONE,neighbor_growth_lag1,SIN_DATO,,UNAVAILABLE,SIN_DATO,,UNAVAILABLE,crecimiento vecinal reciente: -2.39% (contexto no causal),-0.0238907693095564,NEGATIVE,True,1.0,Las señales vecinales son contextuales y no implican causalidad; la geometría y disponibilidad espacial son parciales. Catálogo de estaciones sin vigencia histórica verificada. Pronóstico retrospectivo; no es una corrida futura común. Historia insuficiente para un intervalo.,2.0-phase6-persistence-context
col_b9647cb13b4b5ebebd069fd56e70a36f,Juarez,2024-09,12,2025-09,234593.0,234593.0,0.0,0.0,NEUTRAL,PERSISTENCE,VALIDATED_WITH_CAUTION,VALIDATED_FORECAST,v2_zero_endpoint_threshold,station_endpoints_per_calendar_month,,,,CONFORMAL_SYMMETRIC_ABS_RESIDUAL,0.8,,0,0,0,,2024-09-01T00:00:00,RETROSPECTIVE_REPLAY,False,INSUFFICIENT_CALIBRATION_HISTORY,2024-10-01T00:00:00,PERSISTENCE,El forecast mantiene el nivel de actividad registrado en su origen: persistencia fue seleccionada por su desempeño retrospectivo. Las señales contextuales no modifican esta predicción.,NONE,NONE,neighbor_growth_lag1,SIN_DATO,,UNAVAILABLE,SIN_DATO,,UNAVAILABLE,crecimiento vecinal reciente: -2.39% (contexto no causal),-0.0238907693095564,NEGATIVE,True,1.0,Las señales vecinales son contextuales y no implican causalidad; la geometría y disponibilidad espacial son parciales. Catálogo de estaciones sin vigencia histórica verificada. Pronóstico retrospectivo; no es una corrida futura común. Historia insuficiente para un intervalo.,2.0-phase6-persistence-context
col_ba378e9f675c57f6b84cd80ba4906921,San Salvador Xochimanca,2026-07,1,2026-08,4582.0,4582.0,0.0,0.0,NEUTRAL,PERSISTENCE,VALIDATED_SHORT_TERM,VALIDATED_FORECAST,v2_zero_endpoint_threshold,station_endpoints_per_calendar_month,3537.0,5627.0,2090.0,CONFORMAL_SYMMETRIC_ABS_RESIDUAL,0.8,0.7463284379172229,749,911,15,2026-06-01,2026-07-01T00:00:00,RETROSPECTIVE_REPLAY,False,CALIBRATED,2026-08-01T00:00:00,PERSISTENCE,El forecast mantiene el nivel de actividad registrado en su origen: persistencia fue seleccionada por su desempeño retrospectivo. Las señales contextuales no modifican esta predicción.,growth_1,trend_3,neighbor_growth_lag1,crecimiento reciente: 6.04% (contexto no causal),0.0604026845637583,POSITIVE,tendencia trimestral: 323.50 endpoints/mes (contexto no causal),323.5,POSITIVE,crecimiento vecinal reciente: -3.21% (contexto no causal),-0.0321350681824458,NEGATIVE,True,1.0,Las señales vecinales son contextuales y no implican causalidad; la geometría y disponibilidad espacial son parciales. Catálogo de estaciones sin vigencia histórica verificada. Pronóstico retrospectivo; no es una corrida futura común.,2.0-phase6-persistence-context
col_ba378e9f675c57f6b84cd80ba4906921,San Salvador Xochimanca,2026-05,3,2026-08,3935.0,3935.0,0.0,0.0,NEUTRAL,PERSISTENCE,VALIDATED_WITH_CAUTION,VALIDATED_FORECAST,v2_zero_endpoint_threshold,station_endpoints_per_calendar_month,2657.0,5213.0,2556.0,CONFORMAL_SYMMETRIC_ABS_RESIDUAL,0.8,0.8016359918200409,489,780,13,2026-04-01,2026-05-01T00:00:00,RETROSPECTIVE_REPLAY,False,CALIBRATED,2026-06-01T00:00:00,PERSISTENCE,El forecast mantiene el nivel de actividad registrado en su origen: persistencia fue seleccionada por su desempeño retrospectivo. Las señales contextuales no modifican esta predicción.,growth_1,trend_3,neighbor_growth_lag1,crecimiento reciente: -13.61% (contexto no causal),-0.1361141602634467,NEGATIVE,tendencia trimestral: -567.00 endpoints/mes (contexto no causal),-567.0,NEGATIVE,crecimiento vecinal reciente: -1.02% (contexto no causal),-0.0102431035770447,NEGATIVE,True,1.0,Las señales vecinales son contextuales y no implican causalidad; la geometría y disponibilidad espacial son parciales. Catálogo de estaciones sin vigencia histórica verificada. Pronóstico retrospectivo; no es una corrida futura común.,2.0-phase6-persistence-context
col_ba378e9f675c57f6b84cd80ba4906921,San Salvador Xochimanca,2026-02,6,2026-08,4730.0,4730.0,0.0,0.0,NEUTRAL,PERSISTENCE,VALIDATED_WITH_CAUTION,VALIDATED_FORECAST,v2_zero_endpoint_threshold,station_endpoints_per_calendar_month,3389.0,6071.0,2682.0,CONFORMAL_SYMMETRIC_ABS_RESIDUAL,0.8,0.8095238095238095,126,571,9,2026-01-01,2026-02-01T00:00:00,RETROSPECTIVE_REPLAY,False,CALIBRATED,2026-03-01T00:00:00,PERSISTENCE,El forecast mantiene el nivel de actividad registrado en su origen: persistencia fue seleccionada por su desempeño retrospectivo. Las señales contextuales no modifican esta predicción.,growth_1,trend_3,NONE,crecimiento reciente: 16.07% (contexto no causal),0.1607361963190184,POSITIVE,tendencia trimestral: 310.50 endpoints/mes (contexto no causal),310.5,POSITIVE,SIN_DATO,,UNAVAILABLE,False,0.0,Las señales espaciales no están disponibles para este origen; el contexto no implica causalidad. Catálogo de estaciones sin vigencia histórica verificada. Pronóstico retrospectivo; no es una corrida futura común.,2.0-phase6-persistence-context
col_ba378e9f675c57f6b84cd80ba4906921,San Salvador Xochimanca,2025-08,12,2026-08,4355.0,4355.0,0.0,0.0,NEUTRAL,PERSISTENCE,VALIDATED_WITH_CAUTION,VALIDATED_FORECAST,v2_zero_endpoint_threshold,station_endpoints_per_calendar_month,2074.0,6636.0,4562.0,CONFORMAL_SYMMETRIC_ABS_RESIDUAL,0.8,,0,165,3,2025-07-01,2025-08-01T00:00:00,RETROSPECTIVE_REPLAY,False,CALIBRATED,2025-09-01T00:00:00,PERSISTENCE,El forecast mantiene el nivel de actividad registrado en su origen: persistencia fue seleccionada por su desempeño retrospectivo. Las señales contextuales no modifican esta predicción.,growth_1,trend_3,neighbor_growth_lag1,crecimiento reciente: -11.10% (contexto no causal),-0.1110430700142886,NEGATIVE,tendencia trimestral: -194.00 endpoints/mes (contexto no causal),-194.0,NEGATIVE,crecimiento vecinal reciente: -2.02% (contexto no causal),-0.0202117420596727,NEGATIVE,True,0.5,Las señales vecinales son contextuales y no implican causalidad; la geometría y disponibilidad espacial son parciales. Catálogo de estaciones sin vigencia histórica verificada. Pronóstico retrospectivo; no es una corrida futura común.,2.0-phase6-persistence-context
col_bbdf83c90b8d5945967637dfe673bde4,Lomas de Chapultepec Seccion IV/Lomas Virreyes,2026-07,1,2026-08,4592.0,4592.0,0.0,0.0,NEUTRAL,PERSISTENCE,VALIDATED_SHORT_TERM,VALIDATED_FORECAST,v2_zero_endpoint_threshold,station_endpoints_per_calendar_month,3547.0,5637.0,2090.0,CONFORMAL_SYMMETRIC_ABS_RESIDUAL,0.8,0.7463284379172229,749,911,15,2026-06-01,2026-07-01T00:00:00,RETROSPECTIVE_REPLAY,False,CALIBRATED,2026-08-01T00:00:00,PERSISTENCE,El forecast mantiene el nivel de actividad registrado en su origen: persistencia fue seleccionada por su desempeño retrospectivo. Las señales contextuales no modifican esta predicción.,growth_1,trend_3,NONE,crecimiento reciente: 1.71% (contexto no causal),0.0170542635658914,POSITIVE,tendencia trimestral: -384.00 endpoints/mes (contexto no causal),-384.0,NEGATIVE,SIN_DATO,,UNAVAILABLE,False,,Las señales espaciales no están disponibles para este origen; el contexto no implica causalidad. Catálogo de estaciones sin vigencia histórica verificada. Pronóstico retrospectivo; no es una corrida futura común.,2.0-phase6-persistence-context
col_bbdf83c90b8d5945967637dfe673bde4,Lomas de Chapultepec Seccion IV/Lomas Virreyes,2026-05,3,2026-08,5360.0,5360.0,0.0,0.0,NEUTRAL,PERSISTENCE,VALIDATED_WITH_CAUTION,VALIDATED_FORECAST,v2_zero_endpoint_threshold,station_endpoints_per_calendar_month,4082.0,6638.0,2556.0,CONFORMAL_SYMMETRIC_ABS_RESIDUAL,0.8,0.8016359918200409,489,780,13,2026-04-01,2026-05-01T00:00:00,RETROSPECTIVE_REPLAY,False,CALIBRATED,2026-06-01T00:00:00,PERSISTENCE,El forecast mantiene el nivel de actividad registrado en su origen: persistencia fue seleccionada por su desempeño retrospectivo. Las señales contextuales no modifican esta predicción.,growth_1,trend_3,NONE,crecimiento reciente: 0.21% (contexto no causal),0.0020564591512432,POSITIVE,tendencia trimestral: -351.50 endpoints/mes (contexto no causal),-351.5,NEGATIVE,SIN_DATO,,UNAVAILABLE,False,,Las señales espaciales no están disponibles para este origen; el contexto no implica causalidad. Catálogo de estaciones sin vigencia histórica verificada. Pronóstico retrospectivo; no es una corrida futura común.,2.0-phase6-persistence-context
col_bbdf83c90b8d5945967637dfe673bde4,Lomas de Chapultepec Seccion IV/Lomas Virreyes,2026-02,6,2026-08,5522.0,5522.0,0.0,0.0,NEUTRAL,PERSISTENCE,VALIDATED_WITH_CAUTION,VALIDATED_FORECAST,v2_zero_endpoint_threshold,station_endpoints_per_calendar_month,4181.0,6863.0,2682.0,CONFORMAL_SYMMETRIC_ABS_RESIDUAL,0.8,0.8095238095238095,126,571,9,2026-01-01,2026-02-01T00:00:00,RETROSPECTIVE_REPLAY,False,CALIBRATED,2026-03-01T00:00:00,PERSISTENCE,El forecast mantiene el nivel de actividad registrado en su origen: persistencia fue seleccionada por su desempeño retrospectivo. Las señales contextuales no modifican esta predicción.,growth_1,trend_3,NONE,crecimiento reciente: 7.06% (contexto no causal),0.0705699883675843,POSITIVE,tendencia trimestral: 808.50 endpoints/mes (contexto no causal),808.5,POSITIVE,SIN_DATO,,UNAVAILABLE,False,,Las señales espaciales no están disponibles para este origen; el contexto no implica causalidad. Catálogo de estaciones sin vigencia histórica verificada. Pronóstico retrospectivo; no es una corrida futura común.,2.0-phase6-persistence-context
col_bbdf83c90b8d5945967637dfe673bde4,Lomas de Chapultepec Seccion IV/Lomas Virreyes,2025-08,12,2026-08,4372.0,4372.0,0.0,0.0,NEUTRAL,PERSISTENCE,VALIDATED_WITH_CAUTION,VALIDATED_FORECAST,v2_zero_endpoint_threshold,station_endpoints_per_calendar_month,2091.0,6653.0,4562.0,CONFORMAL_SYMMETRIC_ABS_RESIDUAL,0.8,,0,165,3,2025-07-01,2025-08-01T00:00:00,RETROSPECTIVE_REPLAY,False,CALIBRATED,2025-09-01T00:00:00,PERSISTENCE,El forecast mantiene el nivel de actividad registrado en su origen: persistencia fue seleccionada por su desempeño retrospectivo. Las señales contextuales no modifican esta predicción.,growth_1,trend_3,NONE,crecimiento reciente: -12.21% (contexto no causal),-0.1220883534136546,NEGATIVE,tendencia trimestral: -154.50 endpoints/mes (contexto no causal),-154.5,NEGATIVE,SIN_DATO,,UNAVAILABLE,False,,Las señales espaciales no están disponibles para este origen; el contexto no implica causalidad. Catálogo de estaciones sin vigencia histórica verificada. Pronóstico retrospectivo; no es una corrida futura común.,2.0-phase6-persistence-context
col_bd478b6a570f533f803bd0118bf3f055,Santa Maria la Ribera,2024-09,6,2025-03,123184.0,123184.0,0.0,0.0,NEUTRAL,PERSISTENCE,VALIDATED_WITH_CAUTION,VALIDATED_FORECAST,v2_zero_endpoint_threshold,station_endpoints_per_calendar_month,,,,CONFORMAL_SYMMETRIC_ABS_RESIDUAL,0.8,,0,0,0,,2024-09-01T00:00:00,RETROSPECTIVE_REPLAY,False,INSUFFICIENT_CALIBRATION_HISTORY,2024-10-01T00:00:00,PERSISTENCE,El forecast mantiene el nivel de actividad registrado en su origen: persistencia fue seleccionada por su desempeño retrospectivo. Las señales contextuales no modifican esta predicción.,growth_1,trend_3,neighbor_growth_lag1,crecimiento reciente: 5.13% (contexto no causal),0.0512732982863384,POSITIVE,tendencia trimestral: 4234.00 endpoints/mes (contexto no causal),4234.0,POSITIVE,crecimiento vecinal reciente: -1.47% (contexto no causal),-0.0146813757411144,NEGATIVE,True,1.0,Las señales vecinales son contextuales y no implican causalidad; la geometría y disponibilidad espacial son parciales. Catálogo de estaciones sin vigencia histórica verificada. Pronóstico retrospectivo; no es una corrida futura común. Historia insuficiente para un intervalo.,2.0-phase6-persistence-context
col_bd478b6a570f533f803bd0118bf3f055,Santa Maria la Ribera,2024-09,12,2025-09,123184.0,123184.0,0.0,0.0,NEUTRAL,PERSISTENCE,VALIDATED_WITH_CAUTION,VALIDATED_FORECAST,v2_zero_endpoint_threshold,station_endpoints_per_calendar_month,,,,CONFORMAL_SYMMETRIC_ABS_RESIDUAL,0.8,,0,0,0,,2024-09-01T00:00:00,RETROSPECTIVE_REPLAY,False,INSUFFICIENT_CALIBRATION_HISTORY,2024-10-01T00:00:00,PERSISTENCE,El forecast mantiene el nivel de actividad registrado en su origen: persistencia fue seleccionada por su desempeño retrospectivo. Las señales contextuales no modifican esta predicción.,growth_1,trend_3,neighbor_growth_lag1,crecimiento reciente: 5.13% (contexto no causal),0.0512732982863384,POSITIVE,tendencia trimestral: 4234.00 endpoints/mes (contexto no causal),4234.0,POSITIVE,crecimiento vecinal reciente: -1.47% (contexto no causal),-0.0146813757411144,NEGATIVE,True,1.0,Las señales vecinales son contextuales y no implican causalidad; la geometría y disponibilidad espacial son parciales. Catálogo de estaciones sin vigencia histórica verificada. Pronóstico retrospectivo; no es una corrida futura común. Historia insuficiente para un intervalo.,2.0-phase6-persistence-context
col_bed54b5fa7b155169b5367f26e64ee77,Barrio la Concepcion,2026-07,1,2026-08,3161.0,3161.0,0.0,0.0,NEUTRAL,PERSISTENCE,VALIDATED_SHORT_TERM,VALIDATED_FORECAST,v2_zero_endpoint_threshold,station_endpoints_per_calendar_month,2116.0,4206.0,2090.0,CONFORMAL_SYMMETRIC_ABS_RESIDUAL,0.8,0.7463284379172229,749,911,15,2026-06-01,2026-07-01T00:00:00,RETROSPECTIVE_REPLAY,False,CALIBRATED,2026-08-01T00:00:00,PERSISTENCE,El forecast mantiene el nivel de actividad registrado en su origen: persistencia fue seleccionada por su desempeño retrospectivo. Las señales contextuales no modifican esta predicción.,growth_1,trend_3,NONE,crecimiento reciente: 4.19% (contexto no causal),0.0418589321028345,POSITIVE,tendencia trimestral: -158.50 endpoints/mes (contexto no causal),-158.5,NEGATIVE,SIN_DATO,,UNAVAILABLE,False,,Las señales espaciales no están disponibles para este origen; el contexto no implica causalidad. Catálogo de estaciones sin vigencia histórica verificada. Pronóstico retrospectivo; no es una corrida futura común.,2.0-phase6-persistence-context
col_bed54b5fa7b155169b5367f26e64ee77,Barrio la Concepcion,2026-04,3,2026-07,3390.0,3390.0,0.0,0.0,NEUTRAL,PERSISTENCE,VALIDATED_WITH_CAUTION,VALIDATED_FORECAST,v2_zero_endpoint_threshold,station_endpoints_per_calendar_month,2220.0,4560.0,2340.0,CONFORMAL_SYMMETRIC_ABS_RESIDUAL,0.8,0.8567961165048543,412,703,12,2026-03-01,2026-04-01T00:00:00,RETROSPECTIVE_REPLAY,False,CALIBRATED,2026-05-01T00:00:00,PERSISTENCE,El forecast mantiene el nivel de actividad registrado en su origen: persistencia fue seleccionada por su desempeño retrospectivo. Las señales contextuales no modifican esta predicción.,growth_1,trend_3,NONE,crecimiento reciente: -5.36% (contexto no causal),-0.0536013400335008,NEGATIVE,tendencia trimestral: 131.00 endpoints/mes (contexto no causal),131.0,POSITIVE,SIN_DATO,,UNAVAILABLE,False,,Las señales espaciales no están disponibles para este origen; el contexto no implica causalidad. Catálogo de estaciones sin vigencia histórica verificada. Pronóstico retrospectivo; no es una corrida futura común.,2.0-phase6-persistence-context
col_bed54b5fa7b155169b5367f26e64ee77,Barrio la Concepcion,2026-02,6,2026-08,3128.0,3128.0,0.0,0.0,NEUTRAL,PERSISTENCE,VALIDATED_WITH_CAUTION,VALIDATED_FORECAST,v2_zero_endpoint_threshold,station_endpoints_per_calendar_month,1787.0,4469.0,2682.0,CONFORMAL_SYMMETRIC_ABS_RESIDUAL,0.8,0.8095238095238095,126,571,9,2026-01-01,2026-02-01T00:00:00,RETROSPECTIVE_REPLAY,False,CALIBRATED,2026-03-01T00:00:00,PERSISTENCE,El forecast mantiene el nivel de actividad registrado en su origen: persistencia fue seleccionada por su desempeño retrospectivo. Las señales contextuales no modifican esta predicción.,growth_1,trend_3,NONE,crecimiento reciente: 1.13% (contexto no causal),0.0113158745554477,POSITIVE,tendencia trimestral: 287.50 endpoints/mes (contexto no causal),287.5,POSITIVE,SIN_DATO,,UNAVAILABLE,False,,Las señales espaciales no están disponibles para este origen; el contexto no implica causalidad. Catálogo de estaciones sin vigencia histórica verificada. Pronóstico retrospectivo; no es una corrida futura común.,2.0-phase6-persistence-context
col_bed54b5fa7b155169b5367f26e64ee77,Barrio la Concepcion,2025-08,12,2026-08,2663.0,2663.0,0.0,0.0,NEUTRAL,PERSISTENCE,VALIDATED_WITH_CAUTION,VALIDATED_FORECAST,v2_zero_endpoint_threshold,station_endpoints_per_calendar_month,382.0,4944.0,4562.0,CONFORMAL_SYMMETRIC_ABS_RESIDUAL,0.8,,0,165,3,2025-07-01,2025-08-01T00:00:00,RETROSPECTIVE_REPLAY,False,CALIBRATED,2025-09-01T00:00:00,PERSISTENCE,El forecast mantiene el nivel de actividad registrado en su origen: persistencia fue seleccionada por su desempeño retrospectivo. Las señales contextuales no modifican esta predicción.,growth_1,trend_3,NONE,crecimiento reciente: -1.66% (contexto no causal),-0.0166174298375184,NEGATIVE,tendencia trimestral: -113.00 endpoints/mes (contexto no causal),-113.0,NEGATIVE,SIN_DATO,,UNAVAILABLE,False,,Las señales espaciales no están disponibles para este origen; el contexto no implica causalidad. Catálogo de estaciones sin vigencia histórica verificada. Pronóstico retrospectivo; no es una corrida futura común.,2.0-phase6-persistence-context
col_c00d00bb38f656119c21216810bac6c9,Barrio San Lucas,2026-07,1,2026-08,1938.0,1938.0,0.0,0.0,NEUTRAL,PERSISTENCE,VALIDATED_SHORT_TERM,VALIDATED_FORECAST,v2_zero_endpoint_threshold,station_endpoints_per_calendar_month,893.0,2983.0,2090.0,CONFORMAL_SYMMETRIC_ABS_RESIDUAL,0.8,0.7463284379172229,749,911,15,2026-06-01,2026-07-01T00:00:00,RETROSPECTIVE_REPLAY,False,CALIBRATED,2026-08-01T00:00:00,PERSISTENCE,El forecast mantiene el nivel de actividad registrado en su origen: persistencia fue seleccionada por su desempeño retrospectivo. Las señales contextuales no modifican esta predicción.,growth_1,trend_3,NONE,crecimiento reciente: 20.07% (contexto no causal),0.2007434944237918,POSITIVE,tendencia trimestral: -127.00 endpoints/mes (contexto no causal),-127.0,NEGATIVE,SIN_DATO,,UNAVAILABLE,False,,Las señales espaciales no están disponibles para este origen; el contexto no implica causalidad. Catálogo de estaciones sin vigencia histórica verificada. Pronóstico retrospectivo; no es una corrida futura común.,2.0-phase6-persistence-context
col_c00d00bb38f656119c21216810bac6c9,Barrio San Lucas,2026-05,3,2026-08,2192.0,2192.0,0.0,0.0,NEUTRAL,PERSISTENCE,VALIDATED_WITH_CAUTION,VALIDATED_FORECAST,v2_zero_endpoint_threshold,station_endpoints_per_calendar_month,914.0,3470.0,2556.0,CONFORMAL_SYMMETRIC_ABS_RESIDUAL,0.8,0.8016359918200409,489,780,13,2026-04-01,2026-05-01T00:00:00,RETROSPECTIVE_REPLAY,False,CALIBRATED,2026-06-01T00:00:00,PERSISTENCE,El forecast mantiene el nivel de actividad registrado en su origen: persistencia fue seleccionada por su desempeño retrospectivo. Las señales contextuales no modifican esta predicción.,growth_1,trend_3,NONE,crecimiento reciente: 22.25% (contexto no causal),0.222532069157836,POSITIVE,tendencia trimestral: 164.50 endpoints/mes (contexto no causal),164.5,POSITIVE,SIN_DATO,,UNAVAILABLE,False,,Las señales espaciales no están disponibles para este origen; el contexto no implica causalidad. Catálogo de estaciones sin vigencia histórica verificada. Pronóstico retrospectivo; no es una corrida futura común.,2.0-phase6-persistence-context
col_c00d00bb38f656119c21216810bac6c9,Barrio San Lucas,2026-02,6,2026-08,1628.0,1628.0,0.0,0.0,NEUTRAL,PERSISTENCE,VALIDATED_WITH_CAUTION,VALIDATED_FORECAST,v2_zero_endpoint_threshold,station_endpoints_per_calendar_month,287.0,2969.0,2682.0,CONFORMAL_SYMMETRIC_ABS_RESIDUAL,0.8,0.8095238095238095,126,571,9,2026-01-01,2026-02-01T00:00:00,RETROSPECTIVE_REPLAY,False,CALIBRATED,2026-03-01T00:00:00,PERSISTENCE,El forecast mantiene el nivel de actividad registrado en su origen: persistencia fue seleccionada por su desempeño retrospectivo. Las señales contextuales no modifican esta predicción.,growth_1,trend_3,NONE,crecimiento reciente: 5.30% (contexto no causal),0.0530401034928848,POSITIVE,tendencia trimestral: 93.00 endpoints/mes (contexto no causal),93.0,POSITIVE,SIN_DATO,,UNAVAILABLE,False,,Las señales espaciales no están disponibles para este origen; el contexto no implica causalidad. Catálogo de estaciones sin vigencia histórica verificada. Pronóstico retrospectivo; no es una corrida futura común.,2.0-phase6-persistence-context
col_c00d00bb38f656119c21216810bac6c9,Barrio San Lucas,2025-08,12,2026-08,1603.0,1603.0,0.0,0.0,NEUTRAL,PERSISTENCE,VALIDATED_WITH_CAUTION,VALIDATED_FORECAST,v2_zero_endpoint_threshold,station_endpoints_per_calendar_month,0.0,3884.0,3884.0,CONFORMAL_SYMMETRIC_ABS_RESIDUAL,0.8,,0,165,3,2025-07-01,2025-08-01T00:00:00,RETROSPECTIVE_REPLAY,True,CALIBRATED,2025-09-01T00:00:00,PERSISTENCE,El forecast mantiene el nivel de actividad registrado en su origen: persistencia fue seleccionada por su desempeño retrospectivo. Las señales contextuales no modifican esta predicción.,growth_1,trend_3,NONE,crecimiento reciente: -2.49% (contexto no causal),-0.0249391727493917,NEGATIVE,tendencia trimestral: 47.00 endpoints/mes (contexto no causal),47.0,POSITIVE,SIN_DATO,,UNAVAILABLE,False,,Las señales espaciales no están disponibles para este origen; el contexto no implica causalidad. Catálogo de estaciones sin vigencia histórica verificada. Pronóstico retrospectivo; no es una corrida futura común.,2.0-phase6-persistence-context
col_c4ce45851ad35a61b8fb1e683c4b52a5,Vertiz Narvarte,2026-07,1,2026-08,15658.0,15658.0,0.0,0.0,NEUTRAL,PERSISTENCE,VALIDATED_SHORT_TERM,VALIDATED_FORECAST,v2_zero_endpoint_threshold,station_endpoints_per_calendar_month,14613.0,16703.0,2090.0,CONFORMAL_SYMMETRIC_ABS_RESIDUAL,0.8,0.7463284379172229,749,911,15,2026-06-01,2026-07-01T00:00:00,RETROSPECTIVE_REPLAY,False,CALIBRATED,2026-08-01T00:00:00,PERSISTENCE,El forecast mantiene el nivel de actividad registrado en su origen: persistencia fue seleccionada por su desempeño retrospectivo. Las señales contextuales no modifican esta predicción.,growth_1,trend_3,neighbor_growth_lag1,crecimiento reciente: 1.90% (contexto no causal),0.0190029936222829,POSITIVE,tendencia trimestral: -527.00 endpoints/mes (contexto no causal),-527.0,NEGATIVE,crecimiento vecinal reciente: 1.91% (contexto no causal),0.0190647198486548,POSITIVE,True,1.0,Las señales vecinales son contextuales y no implican causalidad; la geometría y disponibilidad espacial son parciales. Catálogo de estaciones sin vigencia histórica verificada. Pronóstico retrospectivo; no es una corrida futura común.,2.0-phase6-persistence-context
col_c4ce45851ad35a61b8fb1e683c4b52a5,Vertiz Narvarte,2026-04,3,2026-07,16483.0,16483.0,0.0,0.0,NEUTRAL,PERSISTENCE,VALIDATED_WITH_CAUTION,VALIDATED_FORECAST,v2_zero_endpoint_threshold,station_endpoints_per_calendar_month,15313.0,17653.0,2340.0,CONFORMAL_SYMMETRIC_ABS_RESIDUAL,0.8,0.8567961165048543,412,703,12,2026-03-01,2026-04-01T00:00:00,RETROSPECTIVE_REPLAY,False,CALIBRATED,2026-05-01T00:00:00,PERSISTENCE,El forecast mantiene el nivel de actividad registrado en su origen: persistencia fue seleccionada por su desempeño retrospectivo. Las señales contextuales no modifican esta predicción.,growth_1,trend_3,NONE,crecimiento reciente: -2.33% (contexto no causal),-0.0233453812881436,NEGATIVE,tendencia trimestral: 133.00 endpoints/mes (contexto no causal),133.0,POSITIVE,SIN_DATO,,UNAVAILABLE,False,0.0,Las señales espaciales no están disponibles para este origen; el contexto no implica causalidad. Catálogo de estaciones sin vigencia histórica verificada. Pronóstico retrospectivo; no es una corrida futura común.,2.0-phase6-persistence-context
col_c4ce45851ad35a61b8fb1e683c4b52a5,Vertiz Narvarte,2026-02,6,2026-08,16217.0,16217.0,0.0,0.0,NEUTRAL,PERSISTENCE,VALIDATED_WITH_CAUTION,VALIDATED_FORECAST,v2_zero_endpoint_threshold,station_endpoints_per_calendar_month,14876.0,17558.0,2682.0,CONFORMAL_SYMMETRIC_ABS_RESIDUAL,0.8,0.8095238095238095,126,571,9,2026-01-01,2026-02-01T00:00:00,RETROSPECTIVE_REPLAY,False,CALIBRATED,2026-03-01T00:00:00,PERSISTENCE,El forecast mantiene el nivel de actividad registrado en su origen: persistencia fue seleccionada por su desempeño retrospectivo. Las señales contextuales no modifican esta predicción.,growth_1,trend_3,neighbor_growth_lag1,crecimiento reciente: -4.10% (contexto no causal),-0.0409816676522767,NEGATIVE,tendencia trimestral: 554.00 endpoints/mes (contexto no causal),554.0,POSITIVE,crecimiento vecinal reciente: -1.72% (contexto no causal),-0.0172018831554962,NEGATIVE,True,1.0,Las señales vecinales son contextuales y no implican causalidad; la geometría y disponibilidad espacial son parciales. Catálogo de estaciones sin vigencia histórica verificada. Pronóstico retrospectivo; no es una corrida futura común.,2.0-phase6-persistence-context
col_c4ce45851ad35a61b8fb1e683c4b52a5,Vertiz Narvarte,2025-08,12,2026-08,17307.0,17307.0,0.0,0.0,NEUTRAL,PERSISTENCE,VALIDATED_WITH_CAUTION,VALIDATED_FORECAST,v2_zero_endpoint_threshold,station_endpoints_per_calendar_month,15026.0,19588.0,4562.0,CONFORMAL_SYMMETRIC_ABS_RESIDUAL,0.8,,0,165,3,2025-07-01,2025-08-01T00:00:00,RETROSPECTIVE_REPLAY,False,CALIBRATED,2025-09-01T00:00:00,PERSISTENCE,El forecast mantiene el nivel de actividad registrado en su origen: persistencia fue seleccionada por su desempeño retrospectivo. Las señales contextuales no modifican esta predicción.,growth_1,trend_3,neighbor_growth_lag1,crecimiento reciente: 1.36% (contexto no causal),0.0136464800281129,POSITIVE,tendencia trimestral: 306.50 endpoints/mes (contexto no causal),306.5,POSITIVE,crecimiento vecinal reciente: -1.08% (contexto no causal),-0.0107857697153689,NEGATIVE,True,1.0,Las señales vecinales son contextuales y no implican causalidad; la geometría y disponibilidad espacial son parciales. Catálogo de estaciones sin vigencia histórica verificada. Pronóstico retrospectivo; no es una corrida futura común.,2.0-phase6-persistence-context
col_c84c8cba11e05de082c7496795578d88,Santo Tomas,2026-07,1,2026-08,1184.0,1184.0,0.0,0.0,NEUTRAL,PERSISTENCE,VALIDATED_SHORT_TERM,VALIDATED_FORECAST,v2_zero_endpoint_threshold,station_endpoints_per_calendar_month,139.0,2229.0,2090.0,CONFORMAL_SYMMETRIC_ABS_RESIDUAL,0.8,0.7463284379172229,749,911,15,2026-06-01,2026-07-01T00:00:00,RETROSPECTIVE_REPLAY,False,CALIBRATED,2026-08-01T00:00:00,PERSISTENCE,El forecast mantiene el nivel de actividad registrado en su origen: persistencia fue seleccionada por su desempeño retrospectivo. Las señales contextuales no modifican esta predicción.,growth_1,trend_3,neighbor_growth_lag1,crecimiento reciente: -30.64% (contexto no causal),-0.3063854715875805,NEGATIVE,tendencia trimestral: -896.50 endpoints/mes (contexto no causal),-896.5,NEGATIVE,crecimiento vecinal reciente: -27.84% (contexto no causal),-0.2784057347030395,NEGATIVE,True,1.0,Las señales vecinales son contextuales y no implican causalidad; la geometría y disponibilidad espacial son parciales. Catálogo de estaciones sin vigencia histórica verificada. Pronóstico retrospectivo; no es una corrida futura común.,2.0-phase6-persistence-context
col_c84c8cba11e05de082c7496795578d88,Santo Tomas,2026-05,3,2026-08,2977.0,2977.0,0.0,0.0,NEUTRAL,PERSISTENCE,VALIDATED_WITH_CAUTION,VALIDATED_FORECAST,v2_zero_endpoint_threshold,station_endpoints_per_calendar_month,1699.0,4255.0,2556.0,CONFORMAL_SYMMETRIC_ABS_RESIDUAL,0.8,0.8016359918200409,489,780,13,2026-04-01,2026-05-01T00:00:00,RETROSPECTIVE_REPLAY,False,CALIBRATED,2026-06-01T00:00:00,PERSISTENCE,El forecast mantiene el nivel de actividad registrado en su origen: persistencia fue seleccionada por su desempeño retrospectivo. Las señales contextuales no modifican esta predicción.,growth_1,trend_3,neighbor_growth_lag1,crecimiento reciente: -13.64% (contexto no causal),-0.1363504496663765,NEGATIVE,tendencia trimestral: -494.50 endpoints/mes (contexto no causal),-494.5,NEGATIVE,crecimiento vecinal reciente: -0.97% (contexto no causal),-0.0096540782071296,NEGATIVE,True,0.6666666666666666,Las señales vecinales son contextuales y no implican causalidad; la geometría y disponibilidad espacial son parciales. Catálogo de estaciones sin vigencia histórica verificada. Pronóstico retrospectivo; no es una corrida futura común.,2.0-phase6-persistence-context
col_c84c8cba11e05de082c7496795578d88,Santo Tomas,2026-02,6,2026-08,3665.0,3665.0,0.0,0.0,NEUTRAL,PERSISTENCE,VALIDATED_WITH_CAUTION,VALIDATED_FORECAST,v2_zero_endpoint_threshold,station_endpoints_per_calendar_month,2324.0,5006.0,2682.0,CONFORMAL_SYMMETRIC_ABS_RESIDUAL,0.8,0.8095238095238095,126,571,9,2026-01-01,2026-02-01T00:00:00,RETROSPECTIVE_REPLAY,False,CALIBRATED,2026-03-01T00:00:00,PERSISTENCE,El forecast mantiene el nivel de actividad registrado en su origen: persistencia fue seleccionada por su desempeño retrospectivo. Las señales contextuales no modifican esta predicción.,growth_1,trend_3,neighbor_growth_lag1,crecimiento reciente: 49.90% (contexto no causal),0.4989775051124744,POSITIVE,tendencia trimestral: 407.50 endpoints/mes (contexto no causal),407.5,POSITIVE,crecimiento vecinal reciente: 35.82% (contexto no causal),0.3582163768431548,POSITIVE,True,1.0,Las señales vecinales son contextuales y no implican causalidad; la geometría y disponibilidad espacial son parciales. Catálogo de estaciones sin vigencia histórica verificada. Pronóstico retrospectivo; no es una corrida futura común.,2.0-phase6-persistence-context
col_c84c8cba11e05de082c7496795578d88,Santo Tomas,2025-08,12,2026-08,2630.0,2630.0,0.0,0.0,NEUTRAL,PERSISTENCE,VALIDATED_WITH_CAUTION,VALIDATED_FORECAST,v2_zero_endpoint_threshold,station_endpoints_per_calendar_month,349.0,4911.0,4562.0,CONFORMAL_SYMMETRIC_ABS_RESIDUAL,0.8,,0,165,3,2025-07-01,2025-08-01T00:00:00,RETROSPECTIVE_REPLAY,False,CALIBRATED,2025-09-01T00:00:00,PERSISTENCE,El forecast mantiene el nivel de actividad registrado en su origen: persistencia fue seleccionada por su desempeño retrospectivo. Las señales contextuales no modifican esta predicción.,growth_1,trend_3,neighbor_growth_lag1,crecimiento reciente: -6.10% (contexto no causal),-0.0610496251338807,NEGATIVE,tendencia trimestral: -747.00 endpoints/mes (contexto no causal),-747.0,NEGATIVE,crecimiento vecinal reciente: 4.48% (contexto no causal),0.0447566597297972,POSITIVE,True,1.0,Las señales vecinales son contextuales y no implican causalidad; la geometría y disponibilidad espacial son parciales. Catálogo de estaciones sin vigencia histórica verificada. Pronóstico retrospectivo; no es una corrida futura común.,2.0-phase6-persistence-context
col_cbe1b970a3525757af7647d6463839ff,Del Valle Norte,2025-07,1,2025-08,75161.0,75161.0,0.0,0.0,NEUTRAL,PERSISTENCE,VALIDATED_SHORT_TERM,VALIDATED_FORECAST,v2_zero_endpoint_threshold,station_endpoints_per_calendar_month,74373.0,75949.0,1576.0,CONFORMAL_SYMMETRIC_ABS_RESIDUAL,0.8,0.7346938775510204,49,210,4,2025-06-01,2025-07-01T00:00:00,RETROSPECTIVE_REPLAY,False,CALIBRATED,2025-08-01T00:00:00,PERSISTENCE,El forecast mantiene el nivel de actividad registrado en su origen: persistencia fue seleccionada por su desempeño retrospectivo. Las señales contextuales no modifican esta predicción.,growth_1,trend_3,NONE,crecimiento reciente: 7.77% (contexto no causal),0.0777006681769952,POSITIVE,tendencia trimestral: -3034.00 endpoints/mes (contexto no causal),-3034.0,NEGATIVE,SIN_DATO,,UNAVAILABLE,False,,Las señales espaciales no están disponibles para este origen; el contexto no implica causalidad. Catálogo de estaciones sin vigencia histórica verificada. Pronóstico retrospectivo; no es una corrida futura común.,2.0-phase6-persistence-context
col_cbe1b970a3525757af7647d6463839ff,Del Valle Norte,2025-07,6,2026-01,75161.0,75161.0,0.0,0.0,NEUTRAL,PERSISTENCE,VALIDATED_WITH_CAUTION,VALIDATED_FORECAST,v2_zero_endpoint_threshold,station_endpoints_per_calendar_month,73728.0,76594.0,2866.0,CONFORMAL_SYMMETRIC_ABS_RESIDUAL,0.8,,0,202,3,2025-06-01,2025-07-01T00:00:00,RETROSPECTIVE_REPLAY,False,CALIBRATED,2025-08-01T00:00:00,PERSISTENCE,El forecast mantiene el nivel de actividad registrado en su origen: persistencia fue seleccionada por su desempeño retrospectivo. Las señales contextuales no modifican esta predicción.,growth_1,trend_3,NONE,crecimiento reciente: 7.77% (contexto no causal),0.0777006681769952,POSITIVE,tendencia trimestral: -3034.00 endpoints/mes (contexto no causal),-3034.0,NEGATIVE,SIN_DATO,,UNAVAILABLE,False,,Las señales espaciales no están disponibles para este origen; el contexto no implica causalidad. Catálogo de estaciones sin vigencia histórica verificada. Pronóstico retrospectivo; no es una corrida futura común.,2.0-phase6-persistence-context
col_cbe1b970a3525757af7647d6463839ff,Del Valle Norte,2025-07,12,2026-07,75161.0,75161.0,0.0,0.0,NEUTRAL,PERSISTENCE,VALIDATED_WITH_CAUTION,VALIDATED_FORECAST,v2_zero_endpoint_threshold,station_endpoints_per_calendar_month,72796.0,77526.0,4730.0,CONFORMAL_SYMMETRIC_ABS_RESIDUAL,0.8,,0,100,2,2025-06-01,2025-07-01T00:00:00,RETROSPECTIVE_REPLAY,False,CALIBRATED,2025-08-01T00:00:00,PERSISTENCE,El forecast mantiene el nivel de actividad registrado en su origen: persistencia fue seleccionada por su desempeño retrospectivo. Las señales contextuales no modifican esta predicción.,growth_1,trend_3,NONE,crecimiento reciente: 7.77% (contexto no causal),0.0777006681769952,POSITIVE,tendencia trimestral: -3034.00 endpoints/mes (contexto no causal),-3034.0,NEGATIVE,SIN_DATO,,UNAVAILABLE,False,,Las señales espaciales no están disponibles para este origen; el contexto no implica causalidad. Catálogo de estaciones sin vigencia histórica verificada. Pronóstico retrospectivo; no es una corrida futura común.,2.0-phase6-persistence-context
col_cbef3a463b0b5bc2ac31e747b6721178,Guadalupe Inn,2026-07,1,2026-08,12532.0,12532.0,0.0,0.0,NEUTRAL,PERSISTENCE,VALIDATED_SHORT_TERM,VALIDATED_FORECAST,v2_zero_endpoint_threshold,station_endpoints_per_calendar_month,11487.0,13577.0,2090.0,CONFORMAL_SYMMETRIC_ABS_RESIDUAL,0.8,0.7463284379172229,749,911,15,2026-06-01,2026-07-01T00:00:00,RETROSPECTIVE_REPLAY,False,CALIBRATED,2026-08-01T00:00:00,PERSISTENCE,El forecast mantiene el nivel de actividad registrado en su origen: persistencia fue seleccionada por su desempeño retrospectivo. Las señales contextuales no modifican esta predicción.,growth_1,trend_3,neighbor_growth_lag1,crecimiento reciente: 10.60% (contexto no causal),0.1059924102021004,POSITIVE,tendencia trimestral: -424.00 endpoints/mes (contexto no causal),-424.0,NEGATIVE,crecimiento vecinal reciente: 5.74% (contexto no causal),0.0573857598299681,POSITIVE,True,1.0,Las señales vecinales son contextuales y no implican causalidad; la geometría y disponibilidad espacial son parciales. Catálogo de estaciones sin vigencia histórica verificada. Pronóstico retrospectivo; no es una corrida futura común.,2.0-phase6-persistence-context
col_cbef3a463b0b5bc2ac31e747b6721178,Guadalupe Inn,2026-05,3,2026-08,13380.0,13380.0,0.0,0.0,NEUTRAL,PERSISTENCE,VALIDATED_WITH_CAUTION,VALIDATED_FORECAST,v2_zero_endpoint_threshold,station_endpoints_per_calendar_month,12102.0,14658.0,2556.0,CONFORMAL_SYMMETRIC_ABS_RESIDUAL,0.8,0.8016359918200409,489,780,13,2026-04-01,2026-05-01T00:00:00,RETROSPECTIVE_REPLAY,False,CALIBRATED,2026-06-01T00:00:00,PERSISTENCE,El forecast mantiene el nivel de actividad registrado en su origen: persistencia fue seleccionada por su desempeño retrospectivo. Las señales contextuales no modifican esta predicción.,growth_1,trend_3,neighbor_growth_lag1,crecimiento reciente: 0.37% (contexto no causal),0.0036756432375665,POSITIVE,tendencia trimestral: -199.00 endpoints/mes (contexto no causal),-199.0,NEGATIVE,crecimiento vecinal reciente: 7.96% (contexto no causal),0.0796123226029768,POSITIVE,True,1.0,Las señales vecinales son contextuales y no implican causalidad; la geometría y disponibilidad espacial son parciales. Catálogo de estaciones sin vigencia histórica verificada. Pronóstico retrospectivo; no es una corrida futura común.,2.0-phase6-persistence-context
col_cbef3a463b0b5bc2ac31e747b6721178,Guadalupe Inn,2026-01,6,2026-07,13855.0,13855.0,0.0,0.0,NEUTRAL,PERSISTENCE,VALIDATED_WITH_CAUTION,VALIDATED_FORECAST,v2_zero_endpoint_threshold,station_endpoints_per_calendar_month,12510.0,15200.0,2690.0,CONFORMAL_SYMMETRIC_ABS_RESIDUAL,0.8,0.8070175438596491,57,502,8,2025-12-01,2026-01-01T00:00:00,RETROSPECTIVE_REPLAY,False,CALIBRATED,2026-02-01T00:00:00,PERSISTENCE,El forecast mantiene el nivel de actividad registrado en su origen: persistencia fue seleccionada por su desempeño retrospectivo. Las señales contextuales no modifican esta predicción.,growth_1,trend_3,neighbor_growth_lag1,crecimiento reciente: 9.38% (contexto no causal),0.0937870056051156,POSITIVE,tendencia trimestral: -75.50 endpoints/mes (contexto no causal),-75.5,NEGATIVE,crecimiento vecinal reciente: 8.19% (contexto no causal),0.0818866688503111,POSITIVE,True,1.0,Las señales vecinales son contextuales y no implican causalidad; la geometría y disponibilidad espacial son parciales. Catálogo de estaciones sin vigencia histórica verificada. Pronóstico retrospectivo; no es una corrida futura común.,2.0-phase6-persistence-context
col_cbef3a463b0b5bc2ac31e747b6721178,Guadalupe Inn,2025-08,12,2026-08,12909.0,12909.0,0.0,0.0,NEUTRAL,PERSISTENCE,VALIDATED_WITH_CAUTION,VALIDATED_FORECAST,v2_zero_endpoint_threshold,station_endpoints_per_calendar_month,10628.0,15190.0,4562.0,CONFORMAL_SYMMETRIC_ABS_RESIDUAL,0.8,,0,165,3,2025-07-01,2025-08-01T00:00:00,RETROSPECTIVE_REPLAY,False,CALIBRATED,2025-09-01T00:00:00,PERSISTENCE,El forecast mantiene el nivel de actividad registrado en su origen: persistencia fue seleccionada por su desempeño retrospectivo. Las señales contextuales no modifican esta predicción.,growth_1,trend_3,neighbor_growth_lag1,crecimiento reciente: -11.93% (contexto no causal),-0.1192604216415364,NEGATIVE,tendencia trimestral: -520.00 endpoints/mes (contexto no causal),-520.0,NEGATIVE,crecimiento vecinal reciente: -10.01% (contexto no causal),-0.100088836245188,NEGATIVE,True,1.0,Las señales vecinales son contextuales y no implican causalidad; la geometría y disponibilidad espacial son parciales. Catálogo de estaciones sin vigencia histórica verificada. Pronóstico retrospectivo; no es una corrida futura común.,2.0-phase6-persistence-context
col_cda58c28c9e35bd7b4c277287cc632da,Polanco Seccion I/ Los Morales,2026-07,1,2026-08,4294.0,4294.0,0.0,0.0,NEUTRAL,PERSISTENCE,VALIDATED_SHORT_TERM,VALIDATED_FORECAST,v2_zero_endpoint_threshold,station_endpoints_per_calendar_month,3249.0,5339.0,2090.0,CONFORMAL_SYMMETRIC_ABS_RESIDUAL,0.8,0.7463284379172229,749,911,15,2026-06-01,2026-07-01T00:00:00,RETROSPECTIVE_REPLAY,False,CALIBRATED,2026-08-01T00:00:00,PERSISTENCE,El forecast mantiene el nivel de actividad registrado en su origen: persistencia fue seleccionada por su desempeño retrospectivo. Las señales contextuales no modifican esta predicción.,growth_1,trend_3,NONE,crecimiento reciente: -1.20% (contexto no causal),-0.0119650253106304,NEGATIVE,tendencia trimestral: 101.00 endpoints/mes (contexto no causal),101.0,POSITIVE,SIN_DATO,,UNAVAILABLE,False,,Las señales espaciales no están disponibles para este origen; el contexto no implica causalidad. Catálogo de estaciones sin vigencia histórica verificada. Pronóstico retrospectivo; no es una corrida futura común.,2.0-phase6-persistence-context
col_cda58c28c9e35bd7b4c277287cc632da,Polanco Seccion I/ Los Morales,2026-05,3,2026-08,4092.0,4092.0,0.0,0.0,NEUTRAL,PERSISTENCE,VALIDATED_WITH_CAUTION,VALIDATED_FORECAST,v2_zero_endpoint_threshold,station_endpoints_per_calendar_month,2814.0,5370.0,2556.0,CONFORMAL_SYMMETRIC_ABS_RESIDUAL,0.8,0.8016359918200409,489,780,13,2026-04-01,2026-05-01T00:00:00,RETROSPECTIVE_REPLAY,False,CALIBRATED,2026-06-01T00:00:00,PERSISTENCE,El forecast mantiene el nivel de actividad registrado en su origen: persistencia fue seleccionada por su desempeño retrospectivo. Las señales contextuales no modifican esta predicción.,growth_1,trend_3,NONE,crecimiento reciente: -1.06% (contexto no causal),-0.0106382978723404,NEGATIVE,tendencia trimestral: -330.50 endpoints/mes (contexto no causal),-330.5,NEGATIVE,SIN_DATO,,UNAVAILABLE,False,,Las señales espaciales no están disponibles para este origen; el contexto no implica causalidad. Catálogo de estaciones sin vigencia histórica verificada. Pronóstico retrospectivo; no es una corrida futura común.,2.0-phase6-persistence-context
col_cda58c28c9e35bd7b4c277287cc632da,Polanco Seccion I/ Los Morales,2026-02,6,2026-08,4199.0,4199.0,0.0,0.0,NEUTRAL,PERSISTENCE,VALIDATED_WITH_CAUTION,VALIDATED_FORECAST,v2_zero_endpoint_threshold,station_endpoints_per_calendar_month,2858.0,5540.0,2682.0,CONFORMAL_SYMMETRIC_ABS_RESIDUAL,0.8,0.8095238095238095,126,571,9,2026-01-01,2026-02-01T00:00:00,RETROSPECTIVE_REPLAY,False,CALIBRATED,2026-03-01T00:00:00,PERSISTENCE,El forecast mantiene el nivel de actividad registrado en su origen: persistencia fue seleccionada por su desempeño retrospectivo. Las señales contextuales no modifican esta predicción.,growth_1,trend_3,NONE,crecimiento reciente: 9.72% (contexto no causal),0.0972040762999738,POSITIVE,tendencia trimestral: 212.50 endpoints/mes (contexto no causal),212.5,POSITIVE,SIN_DATO,,UNAVAILABLE,False,,Las señales espaciales no están disponibles para este origen; el contexto no implica causalidad. Catálogo de estaciones sin vigencia histórica verificada. Pronóstico retrospectivo; no es una corrida futura común.,2.0-phase6-persistence-context
col_cda58c28c9e35bd7b4c277287cc632da,Polanco Seccion I/ Los Morales,2025-08,12,2026-08,4270.0,4270.0,0.0,0.0,NEUTRAL,PERSISTENCE,VALIDATED_WITH_CAUTION,VALIDATED_FORECAST,v2_zero_endpoint_threshold,station_endpoints_per_calendar_month,1989.0,6551.0,4562.0,CONFORMAL_SYMMETRIC_ABS_RESIDUAL,0.8,,0,165,3,2025-07-01,2025-08-01T00:00:00,RETROSPECTIVE_REPLAY,False,CALIBRATED,2025-09-01T00:00:00,PERSISTENCE,El forecast mantiene el nivel de actividad registrado en su origen: persistencia fue seleccionada por su desempeño retrospectivo. Las señales contextuales no modifican esta predicción.,growth_1,trend_3,NONE,crecimiento reciente: -14.97% (contexto no causal),-0.1497411389884508,NEGATIVE,tendencia trimestral: -2.50 endpoints/mes (contexto no causal),-2.5,NEGATIVE,SIN_DATO,,UNAVAILABLE,False,,Las señales espaciales no están disponibles para este origen; el contexto no implica causalidad. Catálogo de estaciones sin vigencia histórica verificada. Pronóstico retrospectivo; no es una corrida futura común.,2.0-phase6-persistence-context
col_d230756d48c258b4b050767d29182a80,Irrigacion,2026-05,1,2026-06,8090.0,8090.0,0.0,0.0,NEUTRAL,PERSISTENCE,VALIDATED_SHORT_TERM,VALIDATED_FORECAST,v2_zero_endpoint_threshold,station_endpoints_per_calendar_month,7011.0,9169.0,2158.0,CONFORMAL_SYMMETRIC_ABS_RESIDUAL,0.8,0.7199367088607594,632,794,13,2026-04-01,2026-05-01T00:00:00,RETROSPECTIVE_REPLAY,False,CALIBRATED,2026-06-01T00:00:00,PERSISTENCE,El forecast mantiene el nivel de actividad registrado en su origen: persistencia fue seleccionada por su desempeño retrospectivo. Las señales contextuales no modifican esta predicción.,growth_1,trend_3,NONE,crecimiento reciente: -7.67% (contexto no causal),-0.0766948185345811,NEGATIVE,tendencia trimestral: -521.50 endpoints/mes (contexto no causal),-521.5,NEGATIVE,SIN_DATO,,UNAVAILABLE,False,,Las señales espaciales no están disponibles para este origen; el contexto no implica causalidad. Catálogo de estaciones sin vigencia histórica verificada. Pronóstico retrospectivo; no es una corrida futura común.,2.0-phase6-persistence-context
col_d230756d48c258b4b050767d29182a80,Irrigacion,2026-05,3,2026-08,8090.0,8090.0,0.0,0.0,NEUTRAL,PERSISTENCE,VALIDATED_WITH_CAUTION,VALIDATED_FORECAST,v2_zero_endpoint_threshold,station_endpoints_per_calendar_month,6812.0,9368.0,2556.0,CONFORMAL_SYMMETRIC_ABS_RESIDUAL,0.8,0.8016359918200409,489,780,13,2026-04-01,2026-05-01T00:00:00,RETROSPECTIVE_REPLAY,False,CALIBRATED,2026-06-01T00:00:00,PERSISTENCE,El forecast mantiene el nivel de actividad registrado en su origen: persistencia fue seleccionada por su desempeño retrospectivo. Las señales contextuales no modifican esta predicción.,growth_1,trend_3,NONE,crecimiento reciente: -7.67% (contexto no causal),-0.0766948185345811,NEGATIVE,tendencia trimestral: -521.50 endpoints/mes (contexto no causal),-521.5,NEGATIVE,SIN_DATO,,UNAVAILABLE,False,,Las señales espaciales no están disponibles para este origen; el contexto no implica causalidad. Catálogo de estaciones sin vigencia histórica verificada. Pronóstico retrospectivo; no es una corrida futura común.,2.0-phase6-persistence-context
col_d230756d48c258b4b050767d29182a80,Irrigacion,2026-02,6,2026-08,8081.0,8081.0,0.0,0.0,NEUTRAL,PERSISTENCE,VALIDATED_WITH_CAUTION,VALIDATED_FORECAST,v2_zero_endpoint_threshold,station_endpoints_per_calendar_month,6740.0,9422.0,2682.0,CONFORMAL_SYMMETRIC_ABS_RESIDUAL,0.8,0.8095238095238095,126,571,9,2026-01-01,2026-02-01T00:00:00,RETROSPECTIVE_REPLAY,False,CALIBRATED,2026-03-01T00:00:00,PERSISTENCE,El forecast mantiene el nivel de actividad registrado en su origen: persistencia fue seleccionada por su desempeño retrospectivo. Las señales contextuales no modifican esta predicción.,growth_1,trend_3,NONE,crecimiento reciente: -0.23% (contexto no causal),-0.0023456790123456,NEGATIVE,tendencia trimestral: 493.00 endpoints/mes (contexto no causal),493.0,POSITIVE,SIN_DATO,,UNAVAILABLE,False,,Las señales espaciales no están disponibles para este origen; el contexto no implica causalidad. Catálogo de estaciones sin vigencia histórica verificada. Pronóstico retrospectivo; no es una corrida futura común.,2.0-phase6-persistence-context
col_d230756d48c258b4b050767d29182a80,Irrigacion,2025-08,12,2026-08,7294.0,7294.0,0.0,0.0,NEUTRAL,PERSISTENCE,VALIDATED_WITH_CAUTION,VALIDATED_FORECAST,v2_zero_endpoint_threshold,station_endpoints_per_calendar_month,5013.0,9575.0,4562.0,CONFORMAL_SYMMETRIC_ABS_RESIDUAL,0.8,,0,165,3,2025-07-01,2025-08-01T00:00:00,RETROSPECTIVE_REPLAY,False,CALIBRATED,2025-09-01T00:00:00,PERSISTENCE,El forecast mantiene el nivel de actividad registrado en su origen: persistencia fue seleccionada por su desempeño retrospectivo. Las señales contextuales no modifican esta predicción.,growth_1,trend_3,NONE,crecimiento reciente: -3.06% (contexto no causal),-0.03056884635832,NEGATIVE,tendencia trimestral: 189.50 endpoints/mes (contexto no causal),189.5,POSITIVE,SIN_DATO,,UNAVAILABLE,False,,Las señales espaciales no están disponibles para este origen; el contexto no implica causalidad. Catálogo de estaciones sin vigencia histórica verificada. Pronóstico retrospectivo; no es una corrida futura común.,2.0-phase6-persistence-context
col_d24f94824377561c8616923a56c96081,Ignacio Allende,2026-07,1,2026-08,1457.0,1457.0,0.0,0.0,NEUTRAL,PERSISTENCE,VALIDATED_SHORT_TERM,VALIDATED_FORECAST,v2_zero_endpoint_threshold,station_endpoints_per_calendar_month,412.0,2502.0,2090.0,CONFORMAL_SYMMETRIC_ABS_RESIDUAL,0.8,0.7463284379172229,749,911,15,2026-06-01,2026-07-01T00:00:00,RETROSPECTIVE_REPLAY,False,CALIBRATED,2026-08-01T00:00:00,PERSISTENCE,El forecast mantiene el nivel de actividad registrado en su origen: persistencia fue seleccionada por su desempeño retrospectivo. Las señales contextuales no modifican esta predicción.,growth_1,trend_3,neighbor_growth_lag1,crecimiento reciente: 1.96% (contexto no causal),0.0195941217634709,POSITIVE,tendencia trimestral: 20.50 endpoints/mes (contexto no causal),20.5,POSITIVE,crecimiento vecinal reciente: 0.56% (contexto no causal),0.0056029882604055,POSITIVE,True,0.5,Las señales vecinales son contextuales y no implican causalidad; la geometría y disponibilidad espacial son parciales. Catálogo de estaciones sin vigencia histórica verificada. Pronóstico retrospectivo; no es una corrida futura común.,2.0-phase6-persistence-context
col_d24f94824377561c8616923a56c96081,Ignacio Allende,2026-05,3,2026-08,1416.0,1416.0,0.0,0.0,NEUTRAL,PERSISTENCE,VALIDATED_WITH_CAUTION,VALIDATED_FORECAST,v2_zero_endpoint_threshold,station_endpoints_per_calendar_month,138.0,2694.0,2556.0,CONFORMAL_SYMMETRIC_ABS_RESIDUAL,0.8,0.8016359918200409,489,780,13,2026-04-01,2026-05-01T00:00:00,RETROSPECTIVE_REPLAY,False,CALIBRATED,2026-06-01T00:00:00,PERSISTENCE,El forecast mantiene el nivel de actividad registrado en su origen: persistencia fue seleccionada por su desempeño retrospectivo. Las señales contextuales no modifican esta predicción.,growth_1,trend_3,neighbor_growth_lag1,crecimiento reciente: -6.41% (contexto no causal),-0.0641110376734963,NEGATIVE,tendencia trimestral: -153.00 endpoints/mes (contexto no causal),-153.0,NEGATIVE,crecimiento vecinal reciente: 4.39% (contexto no causal),0.0438899802634253,POSITIVE,True,1.0,Las señales vecinales son contextuales y no implican causalidad; la geometría y disponibilidad espacial son parciales. Catálogo de estaciones sin vigencia histórica verificada. Pronóstico retrospectivo; no es una corrida futura común.,2.0-phase6-persistence-context
col_d24f94824377561c8616923a56c96081,Ignacio Allende,2026-02,6,2026-08,1531.0,1531.0,0.0,0.0,NEUTRAL,PERSISTENCE,VALIDATED_WITH_CAUTION,VALIDATED_FORECAST,v2_zero_endpoint_threshold,station_endpoints_per_calendar_month,190.0,2872.0,2682.0,CONFORMAL_SYMMETRIC_ABS_RESIDUAL,0.8,0.8095238095238095,126,571,9,2026-01-01,2026-02-01T00:00:00,RETROSPECTIVE_REPLAY,False,CALIBRATED,2026-03-01T00:00:00,PERSISTENCE,El forecast mantiene el nivel de actividad registrado en su origen: persistencia fue seleccionada por su desempeño retrospectivo. Las señales contextuales no modifican esta predicción.,growth_1,trend_3,neighbor_growth_lag1,crecimiento reciente: 7.14% (contexto no causal),0.0713785864240727,POSITIVE,tendencia trimestral: 123.50 endpoints/mes (contexto no causal),123.5,POSITIVE,crecimiento vecinal reciente: -0.85% (contexto no causal),-0.0084662976229241,NEGATIVE,True,0.5,Las señales vecinales son contextuales y no implican causalidad; la geometría y disponibilidad espacial son parciales. Catálogo de estaciones sin vigencia histórica verificada. Pronóstico retrospectivo; no es una corrida futura común.,2.0-phase6-persistence-context
col_d24f94824377561c8616923a56c96081,Ignacio Allende,2025-08,12,2026-08,1318.0,1318.0,0.0,0.0,NEUTRAL,PERSISTENCE,VALIDATED_WITH_CAUTION,VALIDATED_FORECAST,v2_zero_endpoint_threshold,station_endpoints_per_calendar_month,0.0,3599.0,3599.0,CONFORMAL_SYMMETRIC_ABS_RESIDUAL,0.8,,0,165,3,2025-07-01,2025-08-01T00:00:00,RETROSPECTIVE_REPLAY,True,CALIBRATED,2025-09-01T00:00:00,PERSISTENCE,El forecast mantiene el nivel de actividad registrado en su origen: persistencia fue seleccionada por su desempeño retrospectivo. Las señales contextuales no modifican esta predicción.,growth_1,trend_3,neighbor_growth_lag1,crecimiento reciente: -12.48% (contexto no causal),-0.1248339973439575,NEGATIVE,tendencia trimestral: -35.50 endpoints/mes (contexto no causal),-35.5,NEGATIVE,crecimiento vecinal reciente: 3.67% (contexto no causal),0.0366908567373621,POSITIVE,True,1.0,Las señales vecinales son contextuales y no implican causalidad; la geometría y disponibilidad espacial son parciales. Catálogo de estaciones sin vigencia histórica verificada. Pronóstico retrospectivo; no es una corrida futura común.,2.0-phase6-persistence-context
col_d40150e91a0457b18f3ac9b3be178bdc,Molino del Rey,2026-05,1,2026-06,4620.0,4620.0,0.0,0.0,NEUTRAL,PERSISTENCE,VALIDATED_SHORT_TERM,VALIDATED_FORECAST,v2_zero_endpoint_threshold,station_endpoints_per_calendar_month,3541.0,5699.0,2158.0,CONFORMAL_SYMMETRIC_ABS_RESIDUAL,0.8,0.7199367088607594,632,794,13,2026-04-01,2026-05-01T00:00:00,RETROSPECTIVE_REPLAY,False,CALIBRATED,2026-06-01T00:00:00,PERSISTENCE,El forecast mantiene el nivel de actividad registrado en su origen: persistencia fue seleccionada por su desempeño retrospectivo. Las señales contextuales no modifican esta predicción.,growth_1,trend_3,NONE,crecimiento reciente: -5.07% (contexto no causal),-0.0507499486336552,NEGATIVE,tendencia trimestral: -409.00 endpoints/mes (contexto no causal),-409.0,NEGATIVE,SIN_DATO,,UNAVAILABLE,False,0.0,Las señales espaciales no están disponibles para este origen; el contexto no implica causalidad. Catálogo de estaciones sin vigencia histórica verificada. Pronóstico retrospectivo; no es una corrida futura común.,2.0-phase6-persistence-context
col_d40150e91a0457b18f3ac9b3be178bdc,Molino del Rey,2026-05,3,2026-08,4620.0,4620.0,0.0,0.0,NEUTRAL,PERSISTENCE,VALIDATED_WITH_CAUTION,VALIDATED_FORECAST,v2_zero_endpoint_threshold,station_endpoints_per_calendar_month,3342.0,5898.0,2556.0,CONFORMAL_SYMMETRIC_ABS_RESIDUAL,0.8,0.8016359918200409,489,780,13,2026-04-01,2026-05-01T00:00:00,RETROSPECTIVE_REPLAY,False,CALIBRATED,2026-06-01T00:00:00,PERSISTENCE,El forecast mantiene el nivel de actividad registrado en su origen: persistencia fue seleccionada por su desempeño retrospectivo. Las señales contextuales no modifican esta predicción.,growth_1,trend_3,NONE,crecimiento reciente: -5.07% (contexto no causal),-0.0507499486336552,NEGATIVE,tendencia trimestral: -409.00 endpoints/mes (contexto no causal),-409.0,NEGATIVE,SIN_DATO,,UNAVAILABLE,False,0.0,Las señales espaciales no están disponibles para este origen; el contexto no implica causalidad. Catálogo de estaciones sin vigencia histórica verificada. Pronóstico retrospectivo; no es una corrida futura común.,2.0-phase6-persistence-context
col_d40150e91a0457b18f3ac9b3be178bdc,Molino del Rey,2026-02,6,2026-08,4625.0,4625.0,0.0,0.0,NEUTRAL,PERSISTENCE,VALIDATED_WITH_CAUTION,VALIDATED_FORECAST,v2_zero_endpoint_threshold,station_endpoints_per_calendar_month,3284.0,5966.0,2682.0,CONFORMAL_SYMMETRIC_ABS_RESIDUAL,0.8,0.8095238095238095,126,571,9,2026-01-01,2026-02-01T00:00:00,RETROSPECTIVE_REPLAY,False,CALIBRATED,2026-03-01T00:00:00,PERSISTENCE,El forecast mantiene el nivel de actividad registrado en su origen: persistencia fue seleccionada por su desempeño retrospectivo. Las señales contextuales no modifican esta predicción.,growth_1,trend_3,NONE,crecimiento reciente: 0.46% (contexto no causal),0.0045612510860121,POSITIVE,tendencia trimestral: 371.50 endpoints/mes (contexto no causal),371.5,POSITIVE,SIN_DATO,,UNAVAILABLE,False,0.0,Las señales espaciales no están disponibles para este origen; el contexto no implica causalidad. Catálogo de estaciones sin vigencia histórica verificada. Pronóstico retrospectivo; no es una corrida futura común.,2.0-phase6-persistence-context
col_d40150e91a0457b18f3ac9b3be178bdc,Molino del Rey,2025-05,12,2026-05,4854.0,4854.0,0.0,0.0,NEUTRAL,PERSISTENCE,VALIDATED_WITH_CAUTION,VALIDATED_FORECAST,v2_zero_endpoint_threshold,station_endpoints_per_calendar_month,,,,CONFORMAL_SYMMETRIC_ABS_RESIDUAL,0.8,,0,0,0,,2025-05-01T00:00:00,RETROSPECTIVE_REPLAY,False,INSUFFICIENT_CALIBRATION_HISTORY,2025-06-01T00:00:00,PERSISTENCE,El forecast mantiene el nivel de actividad registrado en su origen: persistencia fue seleccionada por su desempeño retrospectivo. Las señales contextuales no modifican esta predicción.,growth_1,trend_3,NONE,crecimiento reciente: 3.56% (contexto no causal),0.0356304672498399,POSITIVE,tendencia trimestral: -43.00 endpoints/mes (contexto no causal),-43.0,NEGATIVE,SIN_DATO,,UNAVAILABLE,False,0.0,Las señales espaciales no están disponibles para este origen; el contexto no implica causalidad. Catálogo de estaciones sin vigencia histórica verificada. Pronóstico retrospectivo; no es una corrida futura común. Historia insuficiente para un intervalo.,2.0-phase6-persistence-context
col_d4e474286fa85c0aa9cd393c8e2880c1,Axotla,2026-07,1,2026-08,3552.0,3552.0,0.0,0.0,NEUTRAL,PERSISTENCE,VALIDATED_SHORT_TERM,VALIDATED_FORECAST,v2_zero_endpoint_threshold,station_endpoints_per_calendar_month,2507.0,4597.0,2090.0,CONFORMAL_SYMMETRIC_ABS_RESIDUAL,0.8,0.7463284379172229,749,911,15,2026-06-01,2026-07-01T00:00:00,RETROSPECTIVE_REPLAY,False,CALIBRATED,2026-08-01T00:00:00,PERSISTENCE,El forecast mantiene el nivel de actividad registrado en su origen: persistencia fue seleccionada por su desempeño retrospectivo. Las señales contextuales no modifican esta predicción.,growth_1,trend_3,neighbor_growth_lag1,crecimiento reciente: 16.15% (contexto no causal),0.1615434924787442,POSITIVE,tendencia trimestral: -47.50 endpoints/mes (contexto no causal),-47.5,NEGATIVE,crecimiento vecinal reciente: 11.65% (contexto no causal),0.1165296803652968,POSITIVE,True,1.0,Las señales vecinales son contextuales y no implican causalidad; la geometría y disponibilidad espacial son parciales. Catálogo de estaciones sin vigencia histórica verificada. Pronóstico retrospectivo; no es una corrida futura común.,2.0-phase6-persistence-context
col_d4e474286fa85c0aa9cd393c8e2880c1,Axotla,2026-05,3,2026-08,3647.0,3647.0,0.0,0.0,NEUTRAL,PERSISTENCE,VALIDATED_WITH_CAUTION,VALIDATED_FORECAST,v2_zero_endpoint_threshold,station_endpoints_per_calendar_month,2369.0,4925.0,2556.0,CONFORMAL_SYMMETRIC_ABS_RESIDUAL,0.8,0.8016359918200409,489,780,13,2026-04-01,2026-05-01T00:00:00,RETROSPECTIVE_REPLAY,False,CALIBRATED,2026-06-01T00:00:00,PERSISTENCE,El forecast mantiene el nivel de actividad registrado en su origen: persistencia fue seleccionada por su desempeño retrospectivo. Las señales contextuales no modifican esta predicción.,growth_1,trend_3,neighbor_growth_lag1,crecimiento reciente: -1.00% (contexto no causal),-0.010043431053203,NEGATIVE,tendencia trimestral: -306.00 endpoints/mes (contexto no causal),-306.0,NEGATIVE,crecimiento vecinal reciente: 0.52% (contexto no causal),0.0052236369572314,POSITIVE,True,1.0,Las señales vecinales son contextuales y no implican causalidad; la geometría y disponibilidad espacial son parciales. Catálogo de estaciones sin vigencia histórica verificada. Pronóstico retrospectivo; no es una corrida futura común.,2.0-phase6-persistence-context
col_d4e474286fa85c0aa9cd393c8e2880c1,Axotla,2026-02,6,2026-08,3909.0,3909.0,0.0,0.0,NEUTRAL,PERSISTENCE,VALIDATED_WITH_CAUTION,VALIDATED_FORECAST,v2_zero_endpoint_threshold,station_endpoints_per_calendar_month,2568.0,5250.0,2682.0,CONFORMAL_SYMMETRIC_ABS_RESIDUAL,0.8,0.8095238095238095,126,571,9,2026-01-01,2026-02-01T00:00:00,RETROSPECTIVE_REPLAY,False,CALIBRATED,2026-03-01T00:00:00,PERSISTENCE,El forecast mantiene el nivel de actividad registrado en su origen: persistencia fue seleccionada por su desempeño retrospectivo. Las señales contextuales no modifican esta predicción.,growth_1,trend_3,neighbor_growth_lag1,crecimiento reciente: -1.86% (contexto no causal),-0.0185789605824755,NEGATIVE,tendencia trimestral: 261.50 endpoints/mes (contexto no causal),261.5,POSITIVE,crecimiento vecinal reciente: -8.07% (contexto no causal),-0.0806856805083493,NEGATIVE,True,1.0,Las señales vecinales son contextuales y no implican causalidad; la geometría y disponibilidad espacial son parciales. Catálogo de estaciones sin vigencia histórica verificada. Pronóstico retrospectivo; no es una corrida futura común.,2.0-phase6-persistence-context
col_d4e474286fa85c0aa9cd393c8e2880c1,Axotla,2025-08,12,2026-08,3627.0,3627.0,0.0,0.0,NEUTRAL,PERSISTENCE,VALIDATED_WITH_CAUTION,VALIDATED_FORECAST,v2_zero_endpoint_threshold,station_endpoints_per_calendar_month,1346.0,5908.0,4562.0,CONFORMAL_SYMMETRIC_ABS_RESIDUAL,0.8,,0,165,3,2025-07-01,2025-08-01T00:00:00,RETROSPECTIVE_REPLAY,False,CALIBRATED,2025-09-01T00:00:00,PERSISTENCE,El forecast mantiene el nivel de actividad registrado en su origen: persistencia fue seleccionada por su desempeño retrospectivo. Las señales contextuales no modifican esta predicción.,growth_1,trend_3,neighbor_growth_lag1,crecimiento reciente: -5.37% (contexto no causal),-0.0537438038090268,NEGATIVE,tendencia trimestral: -112.00 endpoints/mes (contexto no causal),-112.0,NEGATIVE,crecimiento vecinal reciente: -14.23% (contexto no causal),-0.1423076923076923,NEGATIVE,True,1.0,Las señales vecinales son contextuales y no implican causalidad; la geometría y disponibilidad espacial son parciales. Catálogo de estaciones sin vigencia histórica verificada. Pronóstico retrospectivo; no es una corrida futura común.,2.0-phase6-persistence-context
col_de2ee5e1ae0955e6845ef669ea127a75,Tacuba,2026-06,1,2026-07,6943.0,6943.0,0.0,0.0,NEUTRAL,PERSISTENCE,VALIDATED_SHORT_TERM,VALIDATED_FORECAST,v2_zero_endpoint_threshold,station_endpoints_per_calendar_month,5872.0,8014.0,2142.0,CONFORMAL_SYMMETRIC_ABS_RESIDUAL,0.8,0.7312775330396476,681,843,14,2026-05-01,2026-06-01T00:00:00,RETROSPECTIVE_REPLAY,False,CALIBRATED,2026-07-01T00:00:00,PERSISTENCE,El forecast mantiene el nivel de actividad registrado en su origen: persistencia fue seleccionada por su desempeño retrospectivo. Las señales contextuales no modifican esta predicción.,growth_1,trend_3,neighbor_growth_lag1,crecimiento reciente: -4.56% (contexto no causal),-0.0456357388316151,NEGATIVE,tendencia trimestral: -218.00 endpoints/mes (contexto no causal),-218.0,NEGATIVE,crecimiento vecinal reciente: -6.77% (contexto no causal),-0.0677098150782361,NEGATIVE,True,0.5,Las señales vecinales son contextuales y no implican causalidad; la geometría y disponibilidad espacial son parciales. Catálogo de estaciones sin vigencia histórica verificada. Pronóstico retrospectivo; no es una corrida futura común.,2.0-phase6-persistence-context
col_de2ee5e1ae0955e6845ef669ea127a75,Tacuba,2026-05,3,2026-08,7275.0,7275.0,0.0,0.0,NEUTRAL,PERSISTENCE,VALIDATED_WITH_CAUTION,VALIDATED_FORECAST,v2_zero_endpoint_threshold,station_endpoints_per_calendar_month,5997.0,8553.0,2556.0,CONFORMAL_SYMMETRIC_ABS_RESIDUAL,0.8,0.8016359918200409,489,780,13,2026-04-01,2026-05-01T00:00:00,RETROSPECTIVE_REPLAY,False,CALIBRATED,2026-06-01T00:00:00,PERSISTENCE,El forecast mantiene el nivel de actividad registrado en su origen: persistencia fue seleccionada por su desempeño retrospectivo. Las señales contextuales no modifican esta predicción.,growth_1,trend_3,neighbor_growth_lag1,crecimiento reciente: -1.41% (contexto no causal),-0.0140940506843745,NEGATIVE,tendencia trimestral: -139.00 endpoints/mes (contexto no causal),-139.0,NEGATIVE,crecimiento vecinal reciente: -4.35% (contexto no causal),-0.0434935553412214,NEGATIVE,True,1.0,Las señales vecinales son contextuales y no implican causalidad; la geometría y disponibilidad espacial son parciales. Catálogo de estaciones sin vigencia histórica verificada. Pronóstico retrospectivo; no es una corrida futura común.,2.0-phase6-persistence-context
col_de2ee5e1ae0955e6845ef669ea127a75,Tacuba,2026-02,6,2026-08,6878.0,6878.0,0.0,0.0,NEUTRAL,PERSISTENCE,VALIDATED_WITH_CAUTION,VALIDATED_FORECAST,v2_zero_endpoint_threshold,station_endpoints_per_calendar_month,5537.0,8219.0,2682.0,CONFORMAL_SYMMETRIC_ABS_RESIDUAL,0.8,0.8095238095238095,126,571,9,2026-01-01,2026-02-01T00:00:00,RETROSPECTIVE_REPLAY,False,CALIBRATED,2026-03-01T00:00:00,PERSISTENCE,El forecast mantiene el nivel de actividad registrado en su origen: persistencia fue seleccionada por su desempeño retrospectivo. Las señales contextuales no modifican esta predicción.,growth_1,trend_3,NONE,crecimiento reciente: -1.64% (contexto no causal),-0.0164450164450164,NEGATIVE,tendencia trimestral: 296.00 endpoints/mes (contexto no causal),296.0,POSITIVE,SIN_DATO,,UNAVAILABLE,False,0.0,Las señales espaciales no están disponibles para este origen; el contexto no implica causalidad. Catálogo de estaciones sin vigencia histórica verificada. Pronóstico retrospectivo; no es una corrida futura común.,2.0-phase6-persistence-context
col_de2ee5e1ae0955e6845ef669ea127a75,Tacuba,2025-08,12,2026-08,7543.0,7543.0,0.0,0.0,NEUTRAL,PERSISTENCE,VALIDATED_WITH_CAUTION,VALIDATED_FORECAST,v2_zero_endpoint_threshold,station_endpoints_per_calendar_month,5262.0,9824.0,4562.0,CONFORMAL_SYMMETRIC_ABS_RESIDUAL,0.8,,0,165,3,2025-07-01,2025-08-01T00:00:00,RETROSPECTIVE_REPLAY,False,CALIBRATED,2025-09-01T00:00:00,PERSISTENCE,El forecast mantiene el nivel de actividad registrado en su origen: persistencia fue seleccionada por su desempeño retrospectivo. Las señales contextuales no modifican esta predicción.,growth_1,trend_3,neighbor_growth_lag1,crecimiento reciente: -1.91% (contexto no causal),-0.0191157347204161,NEGATIVE,tendencia trimestral: 181.00 endpoints/mes (contexto no causal),181.0,POSITIVE,crecimiento vecinal reciente: -3.63% (contexto no causal),-0.0363202839081734,NEGATIVE,True,0.5,Las señales vecinales son contextuales y no implican causalidad; la geometría y disponibilidad espacial son parciales. Catálogo de estaciones sin vigencia histórica verificada. Pronóstico retrospectivo; no es una corrida futura común.,2.0-phase6-persistence-context
col_debb68f1d0525506bae6ef15b9e39d2f,Hogar y Seguridad,2026-07,1,2026-08,3428.0,3428.0,0.0,0.0,NEUTRAL,PERSISTENCE,VALIDATED_SHORT_TERM,VALIDATED_FORECAST,v2_zero_endpoint_threshold,station_endpoints_per_calendar_month,2383.0,4473.0,2090.0,CONFORMAL_SYMMETRIC_ABS_RESIDUAL,0.8,0.7463284379172229,749,911,15,2026-06-01,2026-07-01T00:00:00,RETROSPECTIVE_REPLAY,False,CALIBRATED,2026-08-01T00:00:00,PERSISTENCE,El forecast mantiene el nivel de actividad registrado en su origen: persistencia fue seleccionada por su desempeño retrospectivo. Las señales contextuales no modifican esta predicción.,growth_1,trend_3,NONE,crecimiento reciente: 2.45% (contexto no causal),0.0245068738792588,POSITIVE,tendencia trimestral: -76.50 endpoints/mes (contexto no causal),-76.5,NEGATIVE,SIN_DATO,,UNAVAILABLE,False,,Las señales espaciales no están disponibles para este origen; el contexto no implica causalidad. Catálogo de estaciones sin vigencia histórica verificada. Pronóstico retrospectivo; no es una corrida futura común.,2.0-phase6-persistence-context
col_debb68f1d0525506bae6ef15b9e39d2f,Hogar y Seguridad,2026-05,3,2026-08,3581.0,3581.0,0.0,0.0,NEUTRAL,PERSISTENCE,VALIDATED_WITH_CAUTION,VALIDATED_FORECAST,v2_zero_endpoint_threshold,station_endpoints_per_calendar_month,2303.0,4859.0,2556.0,CONFORMAL_SYMMETRIC_ABS_RESIDUAL,0.8,0.8016359918200409,489,780,13,2026-04-01,2026-05-01T00:00:00,RETROSPECTIVE_REPLAY,False,CALIBRATED,2026-06-01T00:00:00,PERSISTENCE,El forecast mantiene el nivel de actividad registrado en su origen: persistencia fue seleccionada por su desempeño retrospectivo. Las señales contextuales no modifican esta predicción.,growth_1,trend_3,NONE,crecimiento reciente: -0.80% (contexto no causal),-0.0080332409972299,NEGATIVE,tendencia trimestral: -128.00 endpoints/mes (contexto no causal),-128.0,NEGATIVE,SIN_DATO,,UNAVAILABLE,False,,Las señales espaciales no están disponibles para este origen; el contexto no implica causalidad. Catálogo de estaciones sin vigencia histórica verificada. Pronóstico retrospectivo; no es una corrida futura común.,2.0-phase6-persistence-context
col_debb68f1d0525506bae6ef15b9e39d2f,Hogar y Seguridad,2026-02,6,2026-08,3548.0,3548.0,0.0,0.0,NEUTRAL,PERSISTENCE,VALIDATED_WITH_CAUTION,VALIDATED_FORECAST,v2_zero_endpoint_threshold,station_endpoints_per_calendar_month,2207.0,4889.0,2682.0,CONFORMAL_SYMMETRIC_ABS_RESIDUAL,0.8,0.8095238095238095,126,571,9,2026-01-01,2026-02-01T00:00:00,RETROSPECTIVE_REPLAY,False,CALIBRATED,2026-03-01T00:00:00,PERSISTENCE,El forecast mantiene el nivel de actividad registrado en su origen: persistencia fue seleccionada por su desempeño retrospectivo. Las señales contextuales no modifican esta predicción.,growth_1,trend_3,NONE,crecimiento reciente: 9.24% (contexto no causal),0.0923645320197044,POSITIVE,tendencia trimestral: 108.50 endpoints/mes (contexto no causal),108.5,POSITIVE,SIN_DATO,,UNAVAILABLE,False,,Las señales espaciales no están disponibles para este origen; el contexto no implica causalidad. Catálogo de estaciones sin vigencia histórica verificada. Pronóstico retrospectivo; no es una corrida futura común.,2.0-phase6-persistence-context
col_debb68f1d0525506bae6ef15b9e39d2f,Hogar y Seguridad,2025-08,12,2026-08,2996.0,2996.0,0.0,0.0,NEUTRAL,PERSISTENCE,VALIDATED_WITH_CAUTION,VALIDATED_FORECAST,v2_zero_endpoint_threshold,station_endpoints_per_calendar_month,715.0,5277.0,4562.0,CONFORMAL_SYMMETRIC_ABS_RESIDUAL,0.8,,0,165,3,2025-07-01,2025-08-01T00:00:00,RETROSPECTIVE_REPLAY,False,CALIBRATED,2025-09-01T00:00:00,PERSISTENCE,El forecast mantiene el nivel de actividad registrado en su origen: persistencia fue seleccionada por su desempeño retrospectivo. Las señales contextuales no modifican esta predicción.,growth_1,trend_3,NONE,crecimiento reciente: -6.08% (contexto no causal),-0.0608150470219435,NEGATIVE,tendencia trimestral: 23.00 endpoints/mes (contexto no causal),23.0,POSITIVE,SIN_DATO,,UNAVAILABLE,False,,Las señales espaciales no están disponibles para este origen; el contexto no implica causalidad. Catálogo de estaciones sin vigencia histórica verificada. Pronóstico retrospectivo; no es una corrida futura común.,2.0-phase6-persistence-context
col_df8f37e24dff550bb52ef711568f9cb7,Obrera,2026-03,1,2026-04,40101.0,40101.0,0.0,0.0,NEUTRAL,PERSISTENCE,VALIDATED_SHORT_TERM,VALIDATED_FORECAST,v2_zero_endpoint_threshold,station_endpoints_per_calendar_month,39011.0,41191.0,2180.0,CONFORMAL_SYMMETRIC_ABS_RESIDUAL,0.8,0.7,510,672,11,2026-02-01,2026-03-01T00:00:00,RETROSPECTIVE_REPLAY,False,CALIBRATED,2026-04-01T00:00:00,PERSISTENCE,El forecast mantiene el nivel de actividad registrado en su origen: persistencia fue seleccionada por su desempeño retrospectivo. Las señales contextuales no modifican esta predicción.,growth_1,trend_3,neighbor_growth_lag1,crecimiento reciente: 14.04% (contexto no causal),0.140431703779541,POSITIVE,tendencia trimestral: 2769.00 endpoints/mes (contexto no causal),2769.0,POSITIVE,crecimiento vecinal reciente: 12.29% (contexto no causal),0.122851739166187,POSITIVE,True,1.0,Las señales vecinales son contextuales y no implican causalidad; la geometría y disponibilidad espacial son parciales. Catálogo de estaciones sin vigencia histórica verificada. Pronóstico retrospectivo; no es una corrida futura común.,2.0-phase6-persistence-context
col_df8f37e24dff550bb52ef711568f9cb7,Obrera,2026-03,3,2026-06,40101.0,40101.0,0.0,0.0,NEUTRAL,PERSISTENCE,VALIDATED_WITH_CAUTION,VALIDATED_FORECAST,v2_zero_endpoint_threshold,station_endpoints_per_calendar_month,38938.0,41264.0,2326.0,CONFORMAL_SYMMETRIC_ABS_RESIDUAL,0.8,0.8668555240793201,353,644,11,2026-02-01,2026-03-01T00:00:00,RETROSPECTIVE_REPLAY,False,CALIBRATED,2026-04-01T00:00:00,PERSISTENCE,El forecast mantiene el nivel de actividad registrado en su origen: persistencia fue seleccionada por su desempeño retrospectivo. Las señales contextuales no modifican esta predicción.,growth_1,trend_3,neighbor_growth_lag1,crecimiento reciente: 14.04% (contexto no causal),0.140431703779541,POSITIVE,tendencia trimestral: 2769.00 endpoints/mes (contexto no causal),2769.0,POSITIVE,crecimiento vecinal reciente: 12.29% (contexto no causal),0.122851739166187,POSITIVE,True,1.0,Las señales vecinales son contextuales y no implican causalidad; la geometría y disponibilidad espacial son parciales. Catálogo de estaciones sin vigencia histórica verificada. Pronóstico retrospectivo; no es una corrida futura común.,2.0-phase6-persistence-context
col_df8f37e24dff550bb52ef711568f9cb7,Obrera,2026-01,6,2026-07,34563.0,34563.0,0.0,0.0,NEUTRAL,PERSISTENCE,VALIDATED_WITH_CAUTION,VALIDATED_FORECAST,v2_zero_endpoint_threshold,station_endpoints_per_calendar_month,33218.0,35908.0,2690.0,CONFORMAL_SYMMETRIC_ABS_RESIDUAL,0.8,0.8070175438596491,57,502,8,2025-12-01,2026-01-01T00:00:00,RETROSPECTIVE_REPLAY,False,CALIBRATED,2026-02-01T00:00:00,PERSISTENCE,El forecast mantiene el nivel de actividad registrado en su origen: persistencia fue seleccionada por su desempeño retrospectivo. Las señales contextuales no modifican esta predicción.,growth_1,trend_3,neighbor_growth_lag1,crecimiento reciente: 1.49% (contexto no causal),0.0148872445384073,POSITIVE,tendencia trimestral: -1180.50 endpoints/mes (contexto no causal),-1180.5,NEGATIVE,crecimiento vecinal reciente: 3.33% (contexto no causal),0.0332557939174636,POSITIVE,True,1.0,Las señales vecinales son contextuales y no implican causalidad; la geometría y disponibilidad espacial son parciales. Catálogo de estaciones sin vigencia histórica verificada. Pronóstico retrospectivo; no es una corrida futura común.,2.0-phase6-persistence-context
col_df8f37e24dff550bb52ef711568f9cb7,Obrera,2025-07,12,2026-07,39009.0,39009.0,0.0,0.0,NEUTRAL,PERSISTENCE,VALIDATED_WITH_CAUTION,VALIDATED_FORECAST,v2_zero_endpoint_threshold,station_endpoints_per_calendar_month,36644.0,41374.0,4730.0,CONFORMAL_SYMMETRIC_ABS_RESIDUAL,0.8,,0,100,2,2025-06-01,2025-07-01T00:00:00,RETROSPECTIVE_REPLAY,False,CALIBRATED,2025-08-01T00:00:00,PERSISTENCE,El forecast mantiene el nivel de actividad registrado en su origen: persistencia fue seleccionada por su desempeño retrospectivo. Las señales contextuales no modifican esta predicción.,growth_1,trend_3,neighbor_growth_lag1,crecimiento reciente: 8.23% (contexto no causal),0.0823206259364075,POSITIVE,tendencia trimestral: -867.50 endpoints/mes (contexto no causal),-867.5,NEGATIVE,crecimiento vecinal reciente: 12.30% (contexto no causal),0.1229888870459446,POSITIVE,True,1.0,Las señales vecinales son contextuales y no implican causalidad; la geometría y disponibilidad espacial son parciales. Catálogo de estaciones sin vigencia histórica verificada. Pronóstico retrospectivo; no es una corrida futura común.,2.0-phase6-persistence-context
col_e38591c35bd05184a3caa0318add5f06,Agricultura,2026-07,1,2026-08,11971.0,11971.0,0.0,0.0,NEUTRAL,PERSISTENCE,VALIDATED_SHORT_TERM,VALIDATED_FORECAST,v2_zero_endpoint_threshold,station_endpoints_per_calendar_month,10926.0,13016.0,2090.0,CONFORMAL_SYMMETRIC_ABS_RESIDUAL,0.8,0.7463284379172229,749,911,15,2026-06-01,2026-07-01T00:00:00,RETROSPECTIVE_REPLAY,False,CALIBRATED,2026-08-01T00:00:00,PERSISTENCE,El forecast mantiene el nivel de actividad registrado en su origen: persistencia fue seleccionada por su desempeño retrospectivo. Las señales contextuales no modifican esta predicción.,growth_1,trend_3,neighbor_growth_lag1,crecimiento reciente: -20.55% (contexto no causal),-0.2054821795977965,NEGATIVE,tendencia trimestral: -2372.50 endpoints/mes (contexto no causal),-2372.5,NEGATIVE,crecimiento vecinal reciente: -14.14% (contexto no causal),-0.1413585029033801,NEGATIVE,True,0.9999999999999996,Las señales vecinales son contextuales y no implican causalidad; la geometría y disponibilidad espacial son parciales. Catálogo de estaciones sin vigencia histórica verificada. Pronóstico retrospectivo; no es una corrida futura común.,2.0-phase6-persistence-context
col_e38591c35bd05184a3caa0318add5f06,Agricultura,2026-05,3,2026-08,16716.0,16716.0,0.0,0.0,NEUTRAL,PERSISTENCE,VALIDATED_WITH_CAUTION,VALIDATED_FORECAST,v2_zero_endpoint_threshold,station_endpoints_per_calendar_month,15438.0,17994.0,2556.0,CONFORMAL_SYMMETRIC_ABS_RESIDUAL,0.8,0.8016359918200409,489,780,13,2026-04-01,2026-05-01T00:00:00,RETROSPECTIVE_REPLAY,False,CALIBRATED,2026-06-01T00:00:00,PERSISTENCE,El forecast mantiene el nivel de actividad registrado en su origen: persistencia fue seleccionada por su desempeño retrospectivo. Las señales contextuales no modifican esta predicción.,growth_1,NONE,neighbor_growth_lag1,crecimiento reciente: 7.09% (contexto no causal),0.0709206227176628,POSITIVE,SIN_DATO,,UNAVAILABLE,crecimiento vecinal reciente: -3.85% (contexto no causal),-0.0384681602590141,NEGATIVE,True,0.833333333333333,Las señales vecinales son contextuales y no implican causalidad; la geometría y disponibilidad espacial son parciales. Catálogo de estaciones sin vigencia histórica verificada. Pronóstico retrospectivo; no es una corrida futura común.,2.0-phase6-persistence-context
col_e38591c35bd05184a3caa0318add5f06,Agricultura,2026-02,6,2026-08,18602.0,18602.0,0.0,0.0,NEUTRAL,PERSISTENCE,VALIDATED_WITH_CAUTION,VALIDATED_FORECAST,v2_zero_endpoint_threshold,station_endpoints_per_calendar_month,17261.0,19943.0,2682.0,CONFORMAL_SYMMETRIC_ABS_RESIDUAL,0.8,0.8095238095238095,126,571,9,2026-01-01,2026-02-01T00:00:00,RETROSPECTIVE_REPLAY,False,CALIBRATED,2026-03-01T00:00:00,PERSISTENCE,El forecast mantiene el nivel de actividad registrado en su origen: persistencia fue seleccionada por su desempeño retrospectivo. Las señales contextuales no modifican esta predicción.,growth_1,trend_3,neighbor_growth_lag1,crecimiento reciente: 17.53% (contexto no causal),0.1752590346221885,POSITIVE,tendencia trimestral: 1703.00 endpoints/mes (contexto no causal),1703.0,POSITIVE,crecimiento vecinal reciente: 25.03% (contexto no causal),0.2502661536578152,POSITIVE,True,0.9999999999999996,Las señales vecinales son contextuales y no implican causalidad; la geometría y disponibilidad espacial son parciales. Catálogo de estaciones sin vigencia histórica verificada. Pronóstico retrospectivo; no es una corrida futura común.,2.0-phase6-persistence-context
col_e38591c35bd05184a3caa0318add5f06,Agricultura,2025-08,12,2026-08,16452.0,16452.0,0.0,0.0,NEUTRAL,PERSISTENCE,VALIDATED_WITH_CAUTION,VALIDATED_FORECAST,v2_zero_endpoint_threshold,station_endpoints_per_calendar_month,14171.0,18733.0,4562.0,CONFORMAL_SYMMETRIC_ABS_RESIDUAL,0.8,,0,165,3,2025-07-01,2025-08-01T00:00:00,RETROSPECTIVE_REPLAY,False,CALIBRATED,2025-09-01T00:00:00,PERSISTENCE,El forecast mantiene el nivel de actividad registrado en su origen: persistencia fue seleccionada por su desempeño retrospectivo. Las señales contextuales no modifican esta predicción.,growth_1,trend_3,neighbor_growth_lag1,crecimiento reciente: 10.97% (contexto no causal),0.1097470489038785,POSITIVE,tendencia trimestral: -533.00 endpoints/mes (contexto no causal),-533.0,NEGATIVE,crecimiento vecinal reciente: -1.54% (contexto no causal),-0.0154306532648607,NEGATIVE,True,0.9999999999999996,Las señales vecinales son contextuales y no implican causalidad; la geometría y disponibilidad espacial son parciales. Catálogo de estaciones sin vigencia histórica verificada. Pronóstico retrospectivo; no es una corrida futura común.,2.0-phase6-persistence-context
col_e426afce41e3549e9144c6ee8c8047dc,Portales,2025-06,1,2025-07,47129.0,47129.0,0.0,0.0,NEUTRAL,PERSISTENCE,VALIDATED_SHORT_TERM,VALIDATED_FORECAST,v2_zero_endpoint_threshold,station_endpoints_per_calendar_month,46341.0,47917.0,1576.0,CONFORMAL_SYMMETRIC_ABS_RESIDUAL,0.8,,0,146,3,2025-05-01,2025-06-01T00:00:00,RETROSPECTIVE_REPLAY,False,CALIBRATED,2025-07-01T00:00:00,PERSISTENCE,El forecast mantiene el nivel de actividad registrado en su origen: persistencia fue seleccionada por su desempeño retrospectivo. Las señales contextuales no modifican esta predicción.,growth_1,trend_3,neighbor_growth_lag1,crecimiento reciente: -11.08% (contexto no causal),-0.1108239156274173,NEGATIVE,tendencia trimestral: -1458.50 endpoints/mes (contexto no causal),-1458.5,NEGATIVE,crecimiento vecinal reciente: -6.64% (contexto no causal),-0.0663911823462335,NEGATIVE,True,1.0,Las señales vecinales son contextuales y no implican causalidad; la geometría y disponibilidad espacial son parciales. Catálogo de estaciones sin vigencia histórica verificada. Pronóstico retrospectivo; no es una corrida futura común.,2.0-phase6-persistence-context
col_e426afce41e3549e9144c6ee8c8047dc,Portales,2025-06,3,2025-09,47129.0,47129.0,0.0,0.0,NEUTRAL,PERSISTENCE,VALIDATED_WITH_CAUTION,VALIDATED_FORECAST,v2_zero_endpoint_threshold,station_endpoints_per_calendar_month,45329.0,48929.0,3600.0,CONFORMAL_SYMMETRIC_ABS_RESIDUAL,0.8,,0,167,3,2025-05-01,2025-06-01T00:00:00,RETROSPECTIVE_REPLAY,False,CALIBRATED,2025-07-01T00:00:00,PERSISTENCE,El forecast mantiene el nivel de actividad registrado en su origen: persistencia fue seleccionada por su desempeño retrospectivo. Las señales contextuales no modifican esta predicción.,growth_1,trend_3,neighbor_growth_lag1,crecimiento reciente: -11.08% (contexto no causal),-0.1108239156274173,NEGATIVE,tendencia trimestral: -1458.50 endpoints/mes (contexto no causal),-1458.5,NEGATIVE,crecimiento vecinal reciente: -6.64% (contexto no causal),-0.0663911823462335,NEGATIVE,True,1.0,Las señales vecinales son contextuales y no implican causalidad; la geometría y disponibilidad espacial son parciales. Catálogo de estaciones sin vigencia histórica verificada. Pronóstico retrospectivo; no es una corrida futura común.,2.0-phase6-persistence-context
col_e426afce41e3549e9144c6ee8c8047dc,Portales,2025-06,6,2025-12,47129.0,47129.0,0.0,0.0,NEUTRAL,PERSISTENCE,VALIDATED_WITH_CAUTION,VALIDATED_FORECAST,v2_zero_endpoint_threshold,station_endpoints_per_calendar_month,45316.0,48942.0,3626.0,CONFORMAL_SYMMETRIC_ABS_RESIDUAL,0.8,,0,151,2,2025-05-01,2025-06-01T00:00:00,RETROSPECTIVE_REPLAY,False,CALIBRATED,2025-07-01T00:00:00,PERSISTENCE,El forecast mantiene el nivel de actividad registrado en su origen: persistencia fue seleccionada por su desempeño retrospectivo. Las señales contextuales no modifican esta predicción.,growth_1,trend_3,neighbor_growth_lag1,crecimiento reciente: -11.08% (contexto no causal),-0.1108239156274173,NEGATIVE,tendencia trimestral: -1458.50 endpoints/mes (contexto no causal),-1458.5,NEGATIVE,crecimiento vecinal reciente: -6.64% (contexto no causal),-0.0663911823462335,NEGATIVE,True,1.0,Las señales vecinales son contextuales y no implican causalidad; la geometría y disponibilidad espacial son parciales. Catálogo de estaciones sin vigencia histórica verificada. Pronóstico retrospectivo; no es una corrida futura común.,2.0-phase6-persistence-context
col_e426afce41e3549e9144c6ee8c8047dc,Portales,2025-06,12,2026-06,47129.0,47129.0,0.0,0.0,NEUTRAL,PERSISTENCE,VALIDATED_WITH_CAUTION,VALIDATED_FORECAST,v2_zero_endpoint_threshold,station_endpoints_per_calendar_month,45597.0,48661.0,3064.0,CONFORMAL_SYMMETRIC_ABS_RESIDUAL,0.8,,0,44,1,2025-05-01,2025-06-01T00:00:00,RETROSPECTIVE_REPLAY,False,CALIBRATED,2025-07-01T00:00:00,PERSISTENCE,El forecast mantiene el nivel de actividad registrado en su origen: persistencia fue seleccionada por su desempeño retrospectivo. Las señales contextuales no modifican esta predicción.,growth_1,trend_3,neighbor_growth_lag1,crecimiento reciente: -11.08% (contexto no causal),-0.1108239156274173,NEGATIVE,tendencia trimestral: -1458.50 endpoints/mes (contexto no causal),-1458.5,NEGATIVE,crecimiento vecinal reciente: -6.64% (contexto no causal),-0.0663911823462335,NEGATIVE,True,1.0,Las señales vecinales son contextuales y no implican causalidad; la geometría y disponibilidad espacial son parciales. Catálogo de estaciones sin vigencia histórica verificada. Pronóstico retrospectivo; no es una corrida futura común.,2.0-phase6-persistence-context
col_e56a7334b36e5ca6841813031c3b8d2b,Centro,2024-09,6,2025-03,200722.0,200722.0,0.0,0.0,NEUTRAL,PERSISTENCE,VALIDATED_WITH_CAUTION,VALIDATED_FORECAST,v2_zero_endpoint_threshold,station_endpoints_per_calendar_month,,,,CONFORMAL_SYMMETRIC_ABS_RESIDUAL,0.8,,0,0,0,,2024-09-01T00:00:00,RETROSPECTIVE_REPLAY,False,INSUFFICIENT_CALIBRATION_HISTORY,2024-10-01T00:00:00,PERSISTENCE,El forecast mantiene el nivel de actividad registrado en su origen: persistencia fue seleccionada por su desempeño retrospectivo. Las señales contextuales no modifican esta predicción.,growth_1,trend_3,NONE,crecimiento reciente: -4.03% (contexto no causal),-0.040310203535211,NEGATIVE,tendencia trimestral: -1209.00 endpoints/mes (contexto no causal),-1209.0,NEGATIVE,SIN_DATO,,UNAVAILABLE,False,,Las señales espaciales no están disponibles para este origen; el contexto no implica causalidad. Catálogo de estaciones sin vigencia histórica verificada. Pronóstico retrospectivo; no es una corrida futura común. Historia insuficiente para un intervalo.,2.0-phase6-persistence-context
col_e56a7334b36e5ca6841813031c3b8d2b,Centro,2024-09,12,2025-09,200722.0,200722.0,0.0,0.0,NEUTRAL,PERSISTENCE,VALIDATED_WITH_CAUTION,VALIDATED_FORECAST,v2_zero_endpoint_threshold,station_endpoints_per_calendar_month,,,,CONFORMAL_SYMMETRIC_ABS_RESIDUAL,0.8,,0,0,0,,2024-09-01T00:00:00,RETROSPECTIVE_REPLAY,False,INSUFFICIENT_CALIBRATION_HISTORY,2024-10-01T00:00:00,PERSISTENCE,El forecast mantiene el nivel de actividad registrado en su origen: persistencia fue seleccionada por su desempeño retrospectivo. Las señales contextuales no modifican esta predicción.,growth_1,trend_3,NONE,crecimiento reciente: -4.03% (contexto no causal),-0.040310203535211,NEGATIVE,tendencia trimestral: -1209.00 endpoints/mes (contexto no causal),-1209.0,NEGATIVE,SIN_DATO,,UNAVAILABLE,False,,Las señales espaciales no están disponibles para este origen; el contexto no implica causalidad. Catálogo de estaciones sin vigencia histórica verificada. Pronóstico retrospectivo; no es una corrida futura común. Historia insuficiente para un intervalo.,2.0-phase6-persistence-context
col_e72f76ae560a556e957e54c180d9d323,Centro Urbano Presidente Aleman,2026-07,1,2026-08,2471.0,2471.0,0.0,0.0,NEUTRAL,PERSISTENCE,VALIDATED_SHORT_TERM,VALIDATED_FORECAST,v2_zero_endpoint_threshold,station_endpoints_per_calendar_month,1426.0,3516.0,2090.0,CONFORMAL_SYMMETRIC_ABS_RESIDUAL,0.8,0.7463284379172229,749,911,15,2026-06-01,2026-07-01T00:00:00,RETROSPECTIVE_REPLAY,False,CALIBRATED,2026-08-01T00:00:00,PERSISTENCE,El forecast mantiene el nivel de actividad registrado en su origen: persistencia fue seleccionada por su desempeño retrospectivo. Las señales contextuales no modifican esta predicción.,growth_1,trend_3,NONE,crecimiento reciente: 1.85% (contexto no causal),0.0185490519373454,POSITIVE,tendencia trimestral: -111.50 endpoints/mes (contexto no causal),-111.5,NEGATIVE,SIN_DATO,,UNAVAILABLE,False,,Las señales espaciales no están disponibles para este origen; el contexto no implica causalidad. Catálogo de estaciones sin vigencia histórica verificada. Pronóstico retrospectivo; no es una corrida futura común.,2.0-phase6-persistence-context
col_e72f76ae560a556e957e54c180d9d323,Centro Urbano Presidente Aleman,2026-05,3,2026-08,2694.0,2694.0,0.0,0.0,NEUTRAL,PERSISTENCE,VALIDATED_WITH_CAUTION,VALIDATED_FORECAST,v2_zero_endpoint_threshold,station_endpoints_per_calendar_month,1416.0,3972.0,2556.0,CONFORMAL_SYMMETRIC_ABS_RESIDUAL,0.8,0.8016359918200409,489,780,13,2026-04-01,2026-05-01T00:00:00,RETROSPECTIVE_REPLAY,False,CALIBRATED,2026-06-01T00:00:00,PERSISTENCE,El forecast mantiene el nivel de actividad registrado en su origen: persistencia fue seleccionada por su desempeño retrospectivo. Las señales contextuales no modifican esta predicción.,growth_1,trend_3,NONE,crecimiento reciente: -3.61% (contexto no causal),-0.0361359570661896,NEGATIVE,tendencia trimestral: -55.00 endpoints/mes (contexto no causal),-55.0,NEGATIVE,SIN_DATO,,UNAVAILABLE,False,,Las señales espaciales no están disponibles para este origen; el contexto no implica causalidad. Catálogo de estaciones sin vigencia histórica verificada. Pronóstico retrospectivo; no es una corrida futura común.,2.0-phase6-persistence-context
col_e72f76ae560a556e957e54c180d9d323,Centro Urbano Presidente Aleman,2026-02,6,2026-08,2482.0,2482.0,0.0,0.0,NEUTRAL,PERSISTENCE,VALIDATED_WITH_CAUTION,VALIDATED_FORECAST,v2_zero_endpoint_threshold,station_endpoints_per_calendar_month,1141.0,3823.0,2682.0,CONFORMAL_SYMMETRIC_ABS_RESIDUAL,0.8,0.8095238095238095,126,571,9,2026-01-01,2026-02-01T00:00:00,RETROSPECTIVE_REPLAY,False,CALIBRATED,2026-03-01T00:00:00,PERSISTENCE,El forecast mantiene el nivel de actividad registrado en su origen: persistencia fue seleccionada por su desempeño retrospectivo. Las señales contextuales no modifican esta predicción.,growth_1,trend_3,NONE,crecimiento reciente: 6.39% (contexto no causal),0.0638662666095156,POSITIVE,tendencia trimestral: 145.00 endpoints/mes (contexto no causal),145.0,POSITIVE,SIN_DATO,,UNAVAILABLE,False,,Las señales espaciales no están disponibles para este origen; el contexto no implica causalidad. Catálogo de estaciones sin vigencia histórica verificada. Pronóstico retrospectivo; no es una corrida futura común.,2.0-phase6-persistence-context
col_e72f76ae560a556e957e54c180d9d323,Centro Urbano Presidente Aleman,2025-07,12,2026-07,2439.0,2439.0,0.0,0.0,NEUTRAL,PERSISTENCE,VALIDATED_WITH_CAUTION,VALIDATED_FORECAST,v2_zero_endpoint_threshold,station_endpoints_per_calendar_month,74.0,4804.0,4730.0,CONFORMAL_SYMMETRIC_ABS_RESIDUAL,0.8,,0,100,2,2025-06-01,2025-07-01T00:00:00,RETROSPECTIVE_REPLAY,False,CALIBRATED,2025-08-01T00:00:00,PERSISTENCE,El forecast mantiene el nivel de actividad registrado en su origen: persistencia fue seleccionada por su desempeño retrospectivo. Las señales contextuales no modifican esta predicción.,growth_1,trend_3,NONE,crecimiento reciente: 7.30% (contexto no causal),0.0730312362516498,POSITIVE,tendencia trimestral: -20.50 endpoints/mes (contexto no causal),-20.5,NEGATIVE,SIN_DATO,,UNAVAILABLE,False,,Las señales espaciales no están disponibles para este origen; el contexto no implica causalidad. Catálogo de estaciones sin vigencia histórica verificada. Pronóstico retrospectivo; no es una corrida futura común.,2.0-phase6-persistence-context
col_eadac3374f095a63b927c12303b7218a,Josefa Ortiz de Dominguez,2026-07,1,2026-08,5498.0,5498.0,0.0,0.0,NEUTRAL,PERSISTENCE,VALIDATED_SHORT_TERM,VALIDATED_FORECAST,v2_zero_endpoint_threshold,station_endpoints_per_calendar_month,4453.0,6543.0,2090.0,CONFORMAL_SYMMETRIC_ABS_RESIDUAL,0.8,0.7463284379172229,749,911,15,2026-06-01,2026-07-01T00:00:00,RETROSPECTIVE_REPLAY,False,CALIBRATED,2026-08-01T00:00:00,PERSISTENCE,El forecast mantiene el nivel de actividad registrado en su origen: persistencia fue seleccionada por su desempeño retrospectivo. Las señales contextuales no modifican esta predicción.,growth_1,trend_3,neighbor_growth_lag1,crecimiento reciente: -10.02% (contexto no causal),-0.1001636661211129,NEGATIVE,tendencia trimestral: -1972.00 endpoints/mes (contexto no causal),-1972.0,NEGATIVE,crecimiento vecinal reciente: 1.90% (contexto no causal),0.0189820258693095,POSITIVE,True,0.5,Las señales vecinales son contextuales y no implican causalidad; la geometría y disponibilidad espacial son parciales. Catálogo de estaciones sin vigencia histórica verificada. Pronóstico retrospectivo; no es una corrida futura común.,2.0-phase6-persistence-context
col_eadac3374f095a63b927c12303b7218a,Josefa Ortiz de Dominguez,2026-04,3,2026-07,5870.0,5870.0,0.0,0.0,NEUTRAL,PERSISTENCE,VALIDATED_WITH_CAUTION,VALIDATED_FORECAST,v2_zero_endpoint_threshold,station_endpoints_per_calendar_month,4700.0,7040.0,2340.0,CONFORMAL_SYMMETRIC_ABS_RESIDUAL,0.8,0.8567961165048543,412,703,12,2026-03-01,2026-04-01T00:00:00,RETROSPECTIVE_REPLAY,False,CALIBRATED,2026-05-01T00:00:00,PERSISTENCE,El forecast mantiene el nivel de actividad registrado en su origen: persistencia fue seleccionada por su desempeño retrospectivo. Las señales contextuales no modifican esta predicción.,growth_1,trend_3,neighbor_growth_lag1,crecimiento reciente: -3.18% (contexto no causal),-0.0318324261916542,NEGATIVE,tendencia trimestral: 390.50 endpoints/mes (contexto no causal),390.5,POSITIVE,crecimiento vecinal reciente: -4.43% (contexto no causal),-0.0442845143386562,NEGATIVE,True,1.0,Las señales vecinales son contextuales y no implican causalidad; la geometría y disponibilidad espacial son parciales. Catálogo de estaciones sin vigencia histórica verificada. Pronóstico retrospectivo; no es una corrida futura común.,2.0-phase6-persistence-context
col_eadac3374f095a63b927c12303b7218a,Josefa Ortiz de Dominguez,2026-02,6,2026-08,5089.0,5089.0,0.0,0.0,NEUTRAL,PERSISTENCE,VALIDATED_WITH_CAUTION,VALIDATED_FORECAST,v2_zero_endpoint_threshold,station_endpoints_per_calendar_month,3748.0,6430.0,2682.0,CONFORMAL_SYMMETRIC_ABS_RESIDUAL,0.8,0.8095238095238095,126,571,9,2026-01-01,2026-02-01T00:00:00,RETROSPECTIVE_REPLAY,False,CALIBRATED,2026-03-01T00:00:00,PERSISTENCE,El forecast mantiene el nivel de actividad registrado en su origen: persistencia fue seleccionada por su desempeño retrospectivo. Las señales contextuales no modifican esta predicción.,growth_1,trend_3,neighbor_growth_lag1,crecimiento reciente: -0.22% (contexto no causal),-0.002156862745098,NEGATIVE,tendencia trimestral: 254.00 endpoints/mes (contexto no causal),254.0,POSITIVE,crecimiento vecinal reciente: -3.28% (contexto no causal),-0.0327845236558163,NEGATIVE,True,1.0,Las señales vecinales son contextuales y no implican causalidad; la geometría y disponibilidad espacial son parciales. Catálogo de estaciones sin vigencia histórica verificada. Pronóstico retrospectivo; no es una corrida futura común.,2.0-phase6-persistence-context
col_eadac3374f095a63b927c12303b7218a,Josefa Ortiz de Dominguez,2025-08,12,2026-08,5255.0,5255.0,0.0,0.0,NEUTRAL,PERSISTENCE,VALIDATED_WITH_CAUTION,VALIDATED_FORECAST,v2_zero_endpoint_threshold,station_endpoints_per_calendar_month,2974.0,7536.0,4562.0,CONFORMAL_SYMMETRIC_ABS_RESIDUAL,0.8,,0,165,3,2025-07-01,2025-08-01T00:00:00,RETROSPECTIVE_REPLAY,False,CALIBRATED,2025-09-01T00:00:00,PERSISTENCE,El forecast mantiene el nivel de actividad registrado en su origen: persistencia fue seleccionada por su desempeño retrospectivo. Las señales contextuales no modifican esta predicción.,growth_1,trend_3,neighbor_growth_lag1,crecimiento reciente: -3.28% (contexto no causal),-0.0327627461807472,NEGATIVE,tendencia trimestral: 246.00 endpoints/mes (contexto no causal),246.0,POSITIVE,crecimiento vecinal reciente: -5.76% (contexto no causal),-0.0575923036921476,NEGATIVE,True,0.5,Las señales vecinales son contextuales y no implican causalidad; la geometría y disponibilidad espacial son parciales. Catálogo de estaciones sin vigencia histórica verificada. Pronóstico retrospectivo; no es una corrida futura común.,2.0-phase6-persistence-context
col_eb93b25ca61954fa8e9ee2ca2ca57f16,Doctores,2026-05,1,2026-06,84986.0,84986.0,0.0,0.0,NEUTRAL,PERSISTENCE,VALIDATED_SHORT_TERM,VALIDATED_FORECAST,v2_zero_endpoint_threshold,station_endpoints_per_calendar_month,83907.0,86065.0,2158.0,CONFORMAL_SYMMETRIC_ABS_RESIDUAL,0.8,0.7199367088607594,632,794,13,2026-04-01,2026-05-01T00:00:00,RETROSPECTIVE_REPLAY,False,CALIBRATED,2026-06-01T00:00:00,PERSISTENCE,El forecast mantiene el nivel de actividad registrado en su origen: persistencia fue seleccionada por su desempeño retrospectivo. Las señales contextuales no modifican esta predicción.,growth_1,trend_3,NONE,crecimiento reciente: -1.25% (contexto no causal),-0.0125026143942738,NEGATIVE,tendencia trimestral: -1466.50 endpoints/mes (contexto no causal),-1466.5,NEGATIVE,SIN_DATO,,UNAVAILABLE,False,0.0,Las señales espaciales no están disponibles para este origen; el contexto no implica causalidad. Catálogo de estaciones sin vigencia histórica verificada. Pronóstico retrospectivo; no es una corrida futura común.,2.0-phase6-persistence-context
col_eb93b25ca61954fa8e9ee2ca2ca57f16,Doctores,2026-05,3,2026-08,84986.0,84986.0,0.0,0.0,NEUTRAL,PERSISTENCE,VALIDATED_WITH_CAUTION,VALIDATED_FORECAST,v2_zero_endpoint_threshold,station_endpoints_per_calendar_month,83708.0,86264.0,2556.0,CONFORMAL_SYMMETRIC_ABS_RESIDUAL,0.8,0.8016359918200409,489,780,13,2026-04-01,2026-05-01T00:00:00,RETROSPECTIVE_REPLAY,False,CALIBRATED,2026-06-01T00:00:00,PERSISTENCE,El forecast mantiene el nivel de actividad registrado en su origen: persistencia fue seleccionada por su desempeño retrospectivo. Las señales contextuales no modifican esta predicción.,growth_1,trend_3,NONE,crecimiento reciente: -1.25% (contexto no causal),-0.0125026143942738,NEGATIVE,tendencia trimestral: -1466.50 endpoints/mes (contexto no causal),-1466.5,NEGATIVE,SIN_DATO,,UNAVAILABLE,False,0.0,Las señales espaciales no están disponibles para este origen; el contexto no implica causalidad. Catálogo de estaciones sin vigencia histórica verificada. Pronóstico retrospectivo; no es una corrida futura común.,2.0-phase6-persistence-context
col_eb93b25ca61954fa8e9ee2ca2ca57f16,Doctores,2026-01,6,2026-07,82186.0,82186.0,0.0,0.0,NEUTRAL,PERSISTENCE,VALIDATED_WITH_CAUTION,VALIDATED_FORECAST,v2_zero_endpoint_threshold,station_endpoints_per_calendar_month,80841.0,83531.0,2690.0,CONFORMAL_SYMMETRIC_ABS_RESIDUAL,0.8,0.8070175438596491,57,502,8,2025-12-01,2026-01-01T00:00:00,RETROSPECTIVE_REPLAY,False,CALIBRATED,2026-02-01T00:00:00,PERSISTENCE,El forecast mantiene el nivel de actividad registrado en su origen: persistencia fue seleccionada por su desempeño retrospectivo. Las señales contextuales no modifican esta predicción.,growth_1,trend_3,NONE,crecimiento reciente: 4.41% (contexto no causal),0.0440957886044591,POSITIVE,tendencia trimestral: -878.50 endpoints/mes (contexto no causal),-878.5,NEGATIVE,SIN_DATO,,UNAVAILABLE,False,0.0,Las señales espaciales no están disponibles para este origen; el contexto no implica causalidad. Catálogo de estaciones sin vigencia histórica verificada. Pronóstico retrospectivo; no es una corrida futura común.,2.0-phase6-persistence-context
col_eb93b25ca61954fa8e9ee2ca2ca57f16,Doctores,2024-09,12,2025-09,96011.0,96011.0,0.0,0.0,NEUTRAL,PERSISTENCE,VALIDATED_WITH_CAUTION,VALIDATED_FORECAST,v2_zero_endpoint_threshold,station_endpoints_per_calendar_month,,,,CONFORMAL_SYMMETRIC_ABS_RESIDUAL,0.8,,0,0,0,,2024-09-01T00:00:00,RETROSPECTIVE_REPLAY,False,INSUFFICIENT_CALIBRATION_HISTORY,2024-10-01T00:00:00,PERSISTENCE,El forecast mantiene el nivel de actividad registrado en su origen: persistencia fue seleccionada por su desempeño retrospectivo. Las señales contextuales no modifican esta predicción.,growth_1,trend_3,neighbor_growth_lag1,crecimiento reciente: -4.14% (contexto no causal),-0.0413662959043073,NEGATIVE,tendencia trimestral: 908.50 endpoints/mes (contexto no causal),908.5,POSITIVE,crecimiento vecinal reciente: -1.10% (contexto no causal),-0.0109577615940284,NEGATIVE,True,1.0,Las señales vecinales son contextuales y no implican causalidad; la geometría y disponibilidad espacial son parciales. Catálogo de estaciones sin vigencia histórica verificada. Pronóstico retrospectivo; no es una corrida futura común. Historia insuficiente para un intervalo.,2.0-phase6-persistence-context
col_ee0096c66b1754fb83cf4c4170f93dd6,Piedad Narvarte,2026-05,1,2026-06,8557.0,8557.0,0.0,0.0,NEUTRAL,PERSISTENCE,VALIDATED_SHORT_TERM,VALIDATED_FORECAST,v2_zero_endpoint_threshold,station_endpoints_per_calendar_month,7478.0,9636.0,2158.0,CONFORMAL_SYMMETRIC_ABS_RESIDUAL,0.8,0.7199367088607594,632,794,13,2026-04-01,2026-05-01T00:00:00,RETROSPECTIVE_REPLAY,False,CALIBRATED,2026-06-01T00:00:00,PERSISTENCE,El forecast mantiene el nivel de actividad registrado en su origen: persistencia fue seleccionada por su desempeño retrospectivo. Las señales contextuales no modifican esta predicción.,growth_1,trend_3,neighbor_growth_lag1,crecimiento reciente: -22.47% (contexto no causal),-0.2246987405998006,NEGATIVE,tendencia trimestral: -1459.00 endpoints/mes (contexto no causal),-1459.0,NEGATIVE,crecimiento vecinal reciente: 3.91% (contexto no causal),0.0391454755113188,POSITIVE,True,1.0,Las señales vecinales son contextuales y no implican causalidad; la geometría y disponibilidad espacial son parciales. Catálogo de estaciones sin vigencia histórica verificada. Pronóstico retrospectivo; no es una corrida futura común.,2.0-phase6-persistence-context
col_ee0096c66b1754fb83cf4c4170f93dd6,Piedad Narvarte,2026-05,3,2026-08,8557.0,8557.0,0.0,0.0,NEUTRAL,PERSISTENCE,VALIDATED_WITH_CAUTION,VALIDATED_FORECAST,v2_zero_endpoint_threshold,station_endpoints_per_calendar_month,7279.0,9835.0,2556.0,CONFORMAL_SYMMETRIC_ABS_RESIDUAL,0.8,0.8016359918200409,489,780,13,2026-04-01,2026-05-01T00:00:00,RETROSPECTIVE_REPLAY,False,CALIBRATED,2026-06-01T00:00:00,PERSISTENCE,El forecast mantiene el nivel de actividad registrado en su origen: persistencia fue seleccionada por su desempeño retrospectivo. Las señales contextuales no modifican esta predicción.,growth_1,trend_3,neighbor_growth_lag1,crecimiento reciente: -22.47% (contexto no causal),-0.2246987405998006,NEGATIVE,tendencia trimestral: -1459.00 endpoints/mes (contexto no causal),-1459.0,NEGATIVE,crecimiento vecinal reciente: 3.91% (contexto no causal),0.0391454755113188,POSITIVE,True,1.0,Las señales vecinales son contextuales y no implican causalidad; la geometría y disponibilidad espacial son parciales. Catálogo de estaciones sin vigencia histórica verificada. Pronóstico retrospectivo; no es una corrida futura común.,2.0-phase6-persistence-context
col_ee0096c66b1754fb83cf4c4170f93dd6,Piedad Narvarte,2026-02,6,2026-08,10568.0,10568.0,0.0,0.0,NEUTRAL,PERSISTENCE,VALIDATED_WITH_CAUTION,VALIDATED_FORECAST,v2_zero_endpoint_threshold,station_endpoints_per_calendar_month,9227.0,11909.0,2682.0,CONFORMAL_SYMMETRIC_ABS_RESIDUAL,0.8,0.8095238095238095,126,571,9,2026-01-01,2026-02-01T00:00:00,RETROSPECTIVE_REPLAY,False,CALIBRATED,2026-03-01T00:00:00,PERSISTENCE,El forecast mantiene el nivel de actividad registrado en su origen: persistencia fue seleccionada por su desempeño retrospectivo. Las señales contextuales no modifican esta predicción.,growth_1,trend_3,NONE,crecimiento reciente: -4.01% (contexto no causal),-0.0401453224341507,NEGATIVE,tendencia trimestral: -153.50 endpoints/mes (contexto no causal),-153.5,NEGATIVE,SIN_DATO,,UNAVAILABLE,False,0.0,Las señales espaciales no están disponibles para este origen; el contexto no implica causalidad. Catálogo de estaciones sin vigencia histórica verificada. Pronóstico retrospectivo; no es una corrida futura común.,2.0-phase6-persistence-context
col_ee0096c66b1754fb83cf4c4170f93dd6,Piedad Narvarte,2025-08,12,2026-08,10864.0,10864.0,0.0,0.0,NEUTRAL,PERSISTENCE,VALIDATED_WITH_CAUTION,VALIDATED_FORECAST,v2_zero_endpoint_threshold,station_endpoints_per_calendar_month,8583.0,13145.0,4562.0,CONFORMAL_SYMMETRIC_ABS_RESIDUAL,0.8,,0,165,3,2025-07-01,2025-08-01T00:00:00,RETROSPECTIVE_REPLAY,False,CALIBRATED,2025-09-01T00:00:00,PERSISTENCE,El forecast mantiene el nivel de actividad registrado en su origen: persistencia fue seleccionada por su desempeño retrospectivo. Las señales contextuales no modifican esta predicción.,growth_1,trend_3,NONE,crecimiento reciente: -7.75% (contexto no causal),-0.0775239874331323,NEGATIVE,tendencia trimestral: 27.00 endpoints/mes (contexto no causal),27.0,POSITIVE,SIN_DATO,,UNAVAILABLE,False,0.0,Las señales espaciales no están disponibles para este origen; el contexto no implica causalidad. Catálogo de estaciones sin vigencia histórica verificada. Pronóstico retrospectivo; no es una corrida futura común.,2.0-phase6-persistence-context
col_f1b446f58ae65b7f8a814bab39bf17dc,Escandon,2026-01,1,2026-02,70194.0,70194.0,0.0,0.0,NEUTRAL,PERSISTENCE,VALIDATED_SHORT_TERM,VALIDATED_FORECAST,v2_zero_endpoint_threshold,station_endpoints_per_calendar_month,69204.0,71184.0,1980.0,CONFORMAL_SYMMETRIC_ABS_RESIDUAL,0.8,0.7002652519893899,377,539,9,2025-12-01,2026-01-01T00:00:00,RETROSPECTIVE_REPLAY,False,CALIBRATED,2026-02-01T00:00:00,PERSISTENCE,El forecast mantiene el nivel de actividad registrado en su origen: persistencia fue seleccionada por su desempeño retrospectivo. Las señales contextuales no modifican esta predicción.,growth_1,trend_3,NONE,crecimiento reciente: 7.84% (contexto no causal),0.0784145029958519,POSITIVE,tendencia trimestral: -1510.50 endpoints/mes (contexto no causal),-1510.5,NEGATIVE,SIN_DATO,,UNAVAILABLE,False,0.0,Las señales espaciales no están disponibles para este origen; el contexto no implica causalidad. Catálogo de estaciones sin vigencia histórica verificada. Pronóstico retrospectivo; no es una corrida futura común.,2.0-phase6-persistence-context
col_f1b446f58ae65b7f8a814bab39bf17dc,Escandon,2026-01,3,2026-04,70194.0,70194.0,0.0,0.0,NEUTRAL,PERSISTENCE,VALIDATED_WITH_CAUTION,VALIDATED_FORECAST,v2_zero_endpoint_threshold,station_endpoints_per_calendar_month,69021.0,71367.0,2346.0,CONFORMAL_SYMMETRIC_ABS_RESIDUAL,0.8,0.8825910931174089,247,538,9,2025-12-01,2026-01-01T00:00:00,RETROSPECTIVE_REPLAY,False,CALIBRATED,2026-02-01T00:00:00,PERSISTENCE,El forecast mantiene el nivel de actividad registrado en su origen: persistencia fue seleccionada por su desempeño retrospectivo. Las señales contextuales no modifican esta predicción.,growth_1,trend_3,NONE,crecimiento reciente: 7.84% (contexto no causal),0.0784145029958519,POSITIVE,tendencia trimestral: -1510.50 endpoints/mes (contexto no causal),-1510.5,NEGATIVE,SIN_DATO,,UNAVAILABLE,False,0.0,Las señales espaciales no están disponibles para este origen; el contexto no implica causalidad. Catálogo de estaciones sin vigencia histórica verificada. Pronóstico retrospectivo; no es una corrida futura común.,2.0-phase6-persistence-context
col_f1b446f58ae65b7f8a814bab39bf17dc,Escandon,2026-01,6,2026-07,70194.0,70194.0,0.0,0.0,NEUTRAL,PERSISTENCE,VALIDATED_WITH_CAUTION,VALIDATED_FORECAST,v2_zero_endpoint_threshold,station_endpoints_per_calendar_month,68849.0,71539.0,2690.0,CONFORMAL_SYMMETRIC_ABS_RESIDUAL,0.8,0.8070175438596491,57,502,8,2025-12-01,2026-01-01T00:00:00,RETROSPECTIVE_REPLAY,False,CALIBRATED,2026-02-01T00:00:00,PERSISTENCE,El forecast mantiene el nivel de actividad registrado en su origen: persistencia fue seleccionada por su desempeño retrospectivo. Las señales contextuales no modifican esta predicción.,growth_1,trend_3,NONE,crecimiento reciente: 7.84% (contexto no causal),0.0784145029958519,POSITIVE,tendencia trimestral: -1510.50 endpoints/mes (contexto no causal),-1510.5,NEGATIVE,SIN_DATO,,UNAVAILABLE,False,0.0,Las señales espaciales no están disponibles para este origen; el contexto no implica causalidad. Catálogo de estaciones sin vigencia histórica verificada. Pronóstico retrospectivo; no es una corrida futura común.,2.0-phase6-persistence-context
col_f1b446f58ae65b7f8a814bab39bf17dc,Escandon,2025-07,12,2026-07,76583.0,76583.0,0.0,0.0,NEUTRAL,PERSISTENCE,VALIDATED_WITH_CAUTION,VALIDATED_FORECAST,v2_zero_endpoint_threshold,station_endpoints_per_calendar_month,74218.0,78948.0,4730.0,CONFORMAL_SYMMETRIC_ABS_RESIDUAL,0.8,,0,100,2,2025-06-01,2025-07-01T00:00:00,RETROSPECTIVE_REPLAY,False,CALIBRATED,2025-08-01T00:00:00,PERSISTENCE,El forecast mantiene el nivel de actividad registrado en su origen: persistencia fue seleccionada por su desempeño retrospectivo. Las señales contextuales no modifican esta predicción.,growth_1,trend_3,neighbor_growth_lag1,crecimiento reciente: 8.82% (contexto no causal),0.088197681027623,POSITIVE,tendencia trimestral: -1579.00 endpoints/mes (contexto no causal),-1579.0,NEGATIVE,crecimiento vecinal reciente: 5.04% (contexto no causal),0.0503966209951581,POSITIVE,True,0.25,Las señales vecinales son contextuales y no implican causalidad; la geometría y disponibilidad espacial son parciales. Catálogo de estaciones sin vigencia histórica verificada. Pronóstico retrospectivo; no es una corrida futura común.,2.0-phase6-persistence-context
col_f685e6afce2f59ffb8b623a8882cd0ef,Nonoalco,2026-07,1,2026-08,7931.0,7931.0,0.0,0.0,NEUTRAL,PERSISTENCE,VALIDATED_SHORT_TERM,VALIDATED_FORECAST,v2_zero_endpoint_threshold,station_endpoints_per_calendar_month,6886.0,8976.0,2090.0,CONFORMAL_SYMMETRIC_ABS_RESIDUAL,0.8,0.7463284379172229,749,911,15,2026-06-01,2026-07-01T00:00:00,RETROSPECTIVE_REPLAY,False,CALIBRATED,2026-08-01T00:00:00,PERSISTENCE,El forecast mantiene el nivel de actividad registrado en su origen: persistencia fue seleccionada por su desempeño retrospectivo. Las señales contextuales no modifican esta predicción.,growth_1,trend_3,neighbor_growth_lag1,crecimiento reciente: 15.46% (contexto no causal),0.1546076575920803,POSITIVE,tendencia trimestral: 103.50 endpoints/mes (contexto no causal),103.5,POSITIVE,crecimiento vecinal reciente: 11.68% (contexto no causal),0.1167756079272345,POSITIVE,True,0.5,Las señales vecinales son contextuales y no implican causalidad; la geometría y disponibilidad espacial son parciales. Catálogo de estaciones sin vigencia histórica verificada. Pronóstico retrospectivo; no es una corrida futura común.,2.0-phase6-persistence-context
col_f685e6afce2f59ffb8b623a8882cd0ef,Nonoalco,2026-05,3,2026-08,7724.0,7724.0,0.0,0.0,NEUTRAL,PERSISTENCE,VALIDATED_WITH_CAUTION,VALIDATED_FORECAST,v2_zero_endpoint_threshold,station_endpoints_per_calendar_month,6446.0,9002.0,2556.0,CONFORMAL_SYMMETRIC_ABS_RESIDUAL,0.8,0.8016359918200409,489,780,13,2026-04-01,2026-05-01T00:00:00,RETROSPECTIVE_REPLAY,False,CALIBRATED,2026-06-01T00:00:00,PERSISTENCE,El forecast mantiene el nivel de actividad registrado en su origen: persistencia fue seleccionada por su desempeño retrospectivo. Las señales contextuales no modifican esta predicción.,growth_1,trend_3,neighbor_growth_lag1,crecimiento reciente: -0.83% (contexto no causal),-0.0083451020670175,NEGATIVE,tendencia trimestral: 31.00 endpoints/mes (contexto no causal),31.0,POSITIVE,crecimiento vecinal reciente: 1.79% (contexto no causal),0.0179341494615275,POSITIVE,True,0.5,Las señales vecinales son contextuales y no implican causalidad; la geometría y disponibilidad espacial son parciales. Catálogo de estaciones sin vigencia histórica verificada. Pronóstico retrospectivo; no es una corrida futura común.,2.0-phase6-persistence-context
col_f685e6afce2f59ffb8b623a8882cd0ef,Nonoalco,2025-12,6,2026-06,6925.0,6925.0,0.0,0.0,NEUTRAL,PERSISTENCE,VALIDATED_WITH_CAUTION,VALIDATED_FORECAST,v2_zero_endpoint_threshold,station_endpoints_per_calendar_month,5579.0,8271.0,2692.0,CONFORMAL_SYMMETRIC_ABS_RESIDUAL,0.8,,0,442,7,2025-11-01,2025-12-01T00:00:00,RETROSPECTIVE_REPLAY,False,CALIBRATED,2026-01-01T00:00:00,PERSISTENCE,El forecast mantiene el nivel de actividad registrado en su origen: persistencia fue seleccionada por su desempeño retrospectivo. Las señales contextuales no modifican esta predicción.,growth_1,trend_3,neighbor_growth_lag1,crecimiento reciente: -6.82% (contexto no causal),-0.0682185145317545,NEGATIVE,tendencia trimestral: -650.50 endpoints/mes (contexto no causal),-650.5,NEGATIVE,crecimiento vecinal reciente: -12.63% (contexto no causal),-0.1263039792952356,NEGATIVE,True,0.5,Las señales vecinales son contextuales y no implican causalidad; la geometría y disponibilidad espacial son parciales. Catálogo de estaciones sin vigencia histórica verificada. Pronóstico retrospectivo; no es una corrida futura común.,2.0-phase6-persistence-context
col_f685e6afce2f59ffb8b623a8882cd0ef,Nonoalco,2025-08,12,2026-08,7472.0,7472.0,0.0,0.0,NEUTRAL,PERSISTENCE,VALIDATED_WITH_CAUTION,VALIDATED_FORECAST,v2_zero_endpoint_threshold,station_endpoints_per_calendar_month,5191.0,9753.0,4562.0,CONFORMAL_SYMMETRIC_ABS_RESIDUAL,0.8,,0,165,3,2025-07-01,2025-08-01T00:00:00,RETROSPECTIVE_REPLAY,False,CALIBRATED,2025-09-01T00:00:00,PERSISTENCE,El forecast mantiene el nivel de actividad registrado en su origen: persistencia fue seleccionada por su desempeño retrospectivo. Las señales contextuales no modifican esta predicción.,growth_1,trend_3,neighbor_growth_lag1,crecimiento reciente: -2.19% (contexto no causal),-0.0218615001963607,NEGATIVE,tendencia trimestral: -67.00 endpoints/mes (contexto no causal),-67.0,NEGATIVE,crecimiento vecinal reciente: -1.30% (contexto no causal),-0.0130014719586306,NEGATIVE,True,0.5,Las señales vecinales son contextuales y no implican causalidad; la geometría y disponibilidad espacial son parciales. Catálogo de estaciones sin vigencia histórica verificada. Pronóstico retrospectivo; no es una corrida futura común.,2.0-phase6-persistence-context
col_f884dc870afb59218eed6bb359ce0e0f,Guadalupe Chimalistac,2026-07,1,2026-08,9942.0,9942.0,0.0,0.0,NEUTRAL,PERSISTENCE,VALIDATED_SHORT_TERM,VALIDATED_FORECAST,v2_zero_endpoint_threshold,station_endpoints_per_calendar_month,8897.0,10987.0,2090.0,CONFORMAL_SYMMETRIC_ABS_RESIDUAL,0.8,0.7463284379172229,749,911,15,2026-06-01,2026-07-01T00:00:00,RETROSPECTIVE_REPLAY,False,CALIBRATED,2026-08-01T00:00:00,PERSISTENCE,El forecast mantiene el nivel de actividad registrado en su origen: persistencia fue seleccionada por su desempeño retrospectivo. Las señales contextuales no modifican esta predicción.,growth_1,trend_3,NONE,crecimiento reciente: 8.09% (contexto no causal),0.0808871493803,POSITIVE,tendencia trimestral: -568.00 endpoints/mes (contexto no causal),-568.0,NEGATIVE,SIN_DATO,,UNAVAILABLE,False,,Las señales espaciales no están disponibles para este origen; el contexto no implica causalidad. Catálogo de estaciones sin vigencia histórica verificada. Pronóstico retrospectivo; no es una corrida futura común.,2.0-phase6-persistence-context
col_f884dc870afb59218eed6bb359ce0e0f,Guadalupe Chimalistac,2026-05,3,2026-08,11078.0,11078.0,0.0,0.0,NEUTRAL,PERSISTENCE,VALIDATED_WITH_CAUTION,VALIDATED_FORECAST,v2_zero_endpoint_threshold,station_endpoints_per_calendar_month,9800.0,12356.0,2556.0,CONFORMAL_SYMMETRIC_ABS_RESIDUAL,0.8,0.8016359918200409,489,780,13,2026-04-01,2026-05-01T00:00:00,RETROSPECTIVE_REPLAY,False,CALIBRATED,2026-06-01T00:00:00,PERSISTENCE,El forecast mantiene el nivel de actividad registrado en su origen: persistencia fue seleccionada por su desempeño retrospectivo. Las señales contextuales no modifican esta predicción.,growth_1,trend_3,NONE,crecimiento reciente: 0.53% (contexto no causal),0.0052631578947368,POSITIVE,tendencia trimestral: 73.00 endpoints/mes (contexto no causal),73.0,POSITIVE,SIN_DATO,,UNAVAILABLE,False,,Las señales espaciales no están disponibles para este origen; el contexto no implica causalidad. Catálogo de estaciones sin vigencia histórica verificada. Pronóstico retrospectivo; no es una corrida futura común.,2.0-phase6-persistence-context
col_f884dc870afb59218eed6bb359ce0e0f,Guadalupe Chimalistac,2026-02,6,2026-08,10242.0,10242.0,0.0,0.0,NEUTRAL,PERSISTENCE,VALIDATED_WITH_CAUTION,VALIDATED_FORECAST,v2_zero_endpoint_threshold,station_endpoints_per_calendar_month,8901.0,11583.0,2682.0,CONFORMAL_SYMMETRIC_ABS_RESIDUAL,0.8,0.8095238095238095,126,571,9,2026-01-01,2026-02-01T00:00:00,RETROSPECTIVE_REPLAY,False,CALIBRATED,2026-03-01T00:00:00,PERSISTENCE,El forecast mantiene el nivel de actividad registrado en su origen: persistencia fue seleccionada por su desempeño retrospectivo. Las señales contextuales no modifican esta predicción.,growth_1,trend_3,NONE,crecimiento reciente: -2.44% (contexto no causal),-0.0243855972566203,NEGATIVE,tendencia trimestral: 498.50 endpoints/mes (contexto no causal),498.5,POSITIVE,SIN_DATO,,UNAVAILABLE,False,,Las señales espaciales no están disponibles para este origen; el contexto no implica causalidad. Catálogo de estaciones sin vigencia histórica verificada. Pronóstico retrospectivo; no es una corrida futura común.,2.0-phase6-persistence-context
col_f884dc870afb59218eed6bb359ce0e0f,Guadalupe Chimalistac,2025-08,12,2026-08,10319.0,10319.0,0.0,0.0,NEUTRAL,PERSISTENCE,VALIDATED_WITH_CAUTION,VALIDATED_FORECAST,v2_zero_endpoint_threshold,station_endpoints_per_calendar_month,8038.0,12600.0,4562.0,CONFORMAL_SYMMETRIC_ABS_RESIDUAL,0.8,,0,165,3,2025-07-01,2025-08-01T00:00:00,RETROSPECTIVE_REPLAY,False,CALIBRATED,2025-09-01T00:00:00,PERSISTENCE,El forecast mantiene el nivel de actividad registrado en su origen: persistencia fue seleccionada por su desempeño retrospectivo. Las señales contextuales no modifican esta predicción.,growth_1,trend_3,NONE,crecimiento reciente: -2.29% (contexto no causal),-0.0229144967332638,NEGATIVE,tendencia trimestral: 493.00 endpoints/mes (contexto no causal),493.0,POSITIVE,SIN_DATO,,UNAVAILABLE,False,,Las señales espaciales no están disponibles para este origen; el contexto no implica causalidad. Catálogo de estaciones sin vigencia histórica verificada. Pronóstico retrospectivo; no es una corrida futura común.,2.0-phase6-persistence-context
col_f8e6271a3b155d19906933df376c56d8,Ampliacion Napoles,2026-07,1,2026-08,12789.0,12789.0,0.0,0.0,NEUTRAL,PERSISTENCE,VALIDATED_SHORT_TERM,VALIDATED_FORECAST,v2_zero_endpoint_threshold,station_endpoints_per_calendar_month,11744.0,13834.0,2090.0,CONFORMAL_SYMMETRIC_ABS_RESIDUAL,0.8,0.7463284379172229,749,911,15,2026-06-01,2026-07-01T00:00:00,RETROSPECTIVE_REPLAY,False,CALIBRATED,2026-08-01T00:00:00,PERSISTENCE,El forecast mantiene el nivel de actividad registrado en su origen: persistencia fue seleccionada por su desempeño retrospectivo. Las señales contextuales no modifican esta predicción.,growth_1,trend_3,NONE,crecimiento reciente: 9.79% (contexto no causal),0.0978624774658769,POSITIVE,tendencia trimestral: -225.00 endpoints/mes (contexto no causal),-225.0,NEGATIVE,SIN_DATO,,UNAVAILABLE,False,,Las señales espaciales no están disponibles para este origen; el contexto no implica causalidad. Catálogo de estaciones sin vigencia histórica verificada. Pronóstico retrospectivo; no es una corrida futura común.,2.0-phase6-persistence-context
col_f8e6271a3b155d19906933df376c56d8,Ampliacion Napoles,2026-05,3,2026-08,13239.0,13239.0,0.0,0.0,NEUTRAL,PERSISTENCE,VALIDATED_WITH_CAUTION,VALIDATED_FORECAST,v2_zero_endpoint_threshold,station_endpoints_per_calendar_month,11961.0,14517.0,2556.0,CONFORMAL_SYMMETRIC_ABS_RESIDUAL,0.8,0.8016359918200409,489,780,13,2026-04-01,2026-05-01T00:00:00,RETROSPECTIVE_REPLAY,False,CALIBRATED,2026-06-01T00:00:00,PERSISTENCE,El forecast mantiene el nivel de actividad registrado en su origen: persistencia fue seleccionada por su desempeño retrospectivo. Las señales contextuales no modifican esta predicción.,growth_1,trend_3,NONE,crecimiento reciente: 2.40% (contexto no causal),0.0239771057313017,POSITIVE,tendencia trimestral: -296.50 endpoints/mes (contexto no causal),-296.5,NEGATIVE,SIN_DATO,,UNAVAILABLE,False,,Las señales espaciales no están disponibles para este origen; el contexto no implica causalidad. Catálogo de estaciones sin vigencia histórica verificada. Pronóstico retrospectivo; no es una corrida futura común.,2.0-phase6-persistence-context
col_f8e6271a3b155d19906933df376c56d8,Ampliacion Napoles,2025-12,6,2026-06,12251.0,12251.0,0.0,0.0,NEUTRAL,PERSISTENCE,VALIDATED_WITH_CAUTION,VALIDATED_FORECAST,v2_zero_endpoint_threshold,station_endpoints_per_calendar_month,10905.0,13597.0,2692.0,CONFORMAL_SYMMETRIC_ABS_RESIDUAL,0.8,,0,442,7,2025-11-01,2025-12-01T00:00:00,RETROSPECTIVE_REPLAY,False,CALIBRATED,2026-01-01T00:00:00,PERSISTENCE,El forecast mantiene el nivel de actividad registrado en su origen: persistencia fue seleccionada por su desempeño retrospectivo. Las señales contextuales no modifican esta predicción.,growth_1,trend_3,NONE,crecimiento reciente: -5.47% (contexto no causal),-0.0547067901234567,NEGATIVE,tendencia trimestral: -1037.50 endpoints/mes (contexto no causal),-1037.5,NEGATIVE,SIN_DATO,,UNAVAILABLE,False,,Las señales espaciales no están disponibles para este origen; el contexto no implica causalidad. Catálogo de estaciones sin vigencia histórica verificada. Pronóstico retrospectivo; no es una corrida futura común.,2.0-phase6-persistence-context
col_f8e6271a3b155d19906933df376c56d8,Ampliacion Napoles,2025-08,12,2026-08,13665.0,13665.0,0.0,0.0,NEUTRAL,PERSISTENCE,VALIDATED_WITH_CAUTION,VALIDATED_FORECAST,v2_zero_endpoint_threshold,station_endpoints_per_calendar_month,11384.0,15946.0,4562.0,CONFORMAL_SYMMETRIC_ABS_RESIDUAL,0.8,,0,165,3,2025-07-01,2025-08-01T00:00:00,RETROSPECTIVE_REPLAY,False,CALIBRATED,2025-09-01T00:00:00,PERSISTENCE,El forecast mantiene el nivel de actividad registrado en su origen: persistencia fue seleccionada por su desempeño retrospectivo. Las señales contextuales no modifican esta predicción.,growth_1,trend_3,NONE,crecimiento reciente: -1.05% (contexto no causal),-0.0104996379435191,NEGATIVE,tendencia trimestral: 374.50 endpoints/mes (contexto no causal),374.5,POSITIVE,SIN_DATO,,UNAVAILABLE,False,,Las señales espaciales no están disponibles para este origen; el contexto no implica causalidad. Catálogo de estaciones sin vigencia histórica verificada. Pronóstico retrospectivo; no es una corrida futura común.,2.0-phase6-persistence-context
col_fb144842ece557ce8e184ba17ea11743,Un Hogar para Nosotros,2026-07,1,2026-08,2520.0,2520.0,0.0,0.0,NEUTRAL,PERSISTENCE,VALIDATED_SHORT_TERM,VALIDATED_FORECAST,v2_zero_endpoint_threshold,station_endpoints_per_calendar_month,1475.0,3565.0,2090.0,CONFORMAL_SYMMETRIC_ABS_RESIDUAL,0.8,0.7463284379172229,749,911,15,2026-06-01,2026-07-01T00:00:00,RETROSPECTIVE_REPLAY,False,CALIBRATED,2026-08-01T00:00:00,PERSISTENCE,El forecast mantiene el nivel de actividad registrado en su origen: persistencia fue seleccionada por su desempeño retrospectivo. Las señales contextuales no modifican esta predicción.,growth_1,trend_3,neighbor_growth_lag1,crecimiento reciente: -21.67% (contexto no causal),-0.2166614858563879,NEGATIVE,tendencia trimestral: -649.00 endpoints/mes (contexto no causal),-649.0,NEGATIVE,crecimiento vecinal reciente: -10.17% (contexto no causal),-0.1017346913127311,NEGATIVE,True,0.8,Las señales vecinales son contextuales y no implican causalidad; la geometría y disponibilidad espacial son parciales. Catálogo de estaciones sin vigencia histórica verificada. Pronóstico retrospectivo; no es una corrida futura común.,2.0-phase6-persistence-context
col_fb144842ece557ce8e184ba17ea11743,Un Hogar para Nosotros,2026-04,3,2026-07,3465.0,3465.0,0.0,0.0,NEUTRAL,PERSISTENCE,VALIDATED_WITH_CAUTION,VALIDATED_FORECAST,v2_zero_endpoint_threshold,station_endpoints_per_calendar_month,2295.0,4635.0,2340.0,CONFORMAL_SYMMETRIC_ABS_RESIDUAL,0.8,0.8567961165048543,412,703,12,2026-03-01,2026-04-01T00:00:00,RETROSPECTIVE_REPLAY,False,CALIBRATED,2026-05-01T00:00:00,PERSISTENCE,El forecast mantiene el nivel de actividad registrado en su origen: persistencia fue seleccionada por su desempeño retrospectivo. Las señales contextuales no modifican esta predicción.,growth_1,trend_3,neighbor_growth_lag1,crecimiento reciente: -9.22% (contexto no causal),-0.0922190201729106,NEGATIVE,tendencia trimestral: -180.50 endpoints/mes (contexto no causal),-180.5,NEGATIVE,crecimiento vecinal reciente: -9.41% (contexto no causal),-0.0940673021654011,NEGATIVE,True,0.6000000000000001,Las señales vecinales son contextuales y no implican causalidad; la geometría y disponibilidad espacial son parciales. Catálogo de estaciones sin vigencia histórica verificada. Pronóstico retrospectivo; no es una corrida futura común.,2.0-phase6-persistence-context
col_fb144842ece557ce8e184ba17ea11743,Un Hogar para Nosotros,2026-02,6,2026-08,3826.0,3826.0,0.0,0.0,NEUTRAL,PERSISTENCE,VALIDATED_WITH_CAUTION,VALIDATED_FORECAST,v2_zero_endpoint_threshold,station_endpoints_per_calendar_month,2485.0,5167.0,2682.0,CONFORMAL_SYMMETRIC_ABS_RESIDUAL,0.8,0.8095238095238095,126,571,9,2026-01-01,2026-02-01T00:00:00,RETROSPECTIVE_REPLAY,False,CALIBRATED,2026-03-01T00:00:00,PERSISTENCE,El forecast mantiene el nivel de actividad registrado en su origen: persistencia fue seleccionada por su desempeño retrospectivo. Las señales contextuales no modifican esta predicción.,growth_1,trend_3,neighbor_growth_lag1,crecimiento reciente: 21.61% (contexto no causal),0.2161474888747616,POSITIVE,tendencia trimestral: 319.50 endpoints/mes (contexto no causal),319.5,POSITIVE,crecimiento vecinal reciente: 22.47% (contexto no causal),0.2246939907553209,POSITIVE,True,0.6000000000000001,Las señales vecinales son contextuales y no implican causalidad; la geometría y disponibilidad espacial son parciales. Catálogo de estaciones sin vigencia histórica verificada. Pronóstico retrospectivo; no es una corrida futura común.,2.0-phase6-persistence-context
col_fb144842ece557ce8e184ba17ea11743,Un Hogar para Nosotros,2025-08,12,2026-08,3248.0,3248.0,0.0,0.0,NEUTRAL,PERSISTENCE,VALIDATED_WITH_CAUTION,VALIDATED_FORECAST,v2_zero_endpoint_threshold,station_endpoints_per_calendar_month,967.0,5529.0,4562.0,CONFORMAL_SYMMETRIC_ABS_RESIDUAL,0.8,,0,165,3,2025-07-01,2025-08-01T00:00:00,RETROSPECTIVE_REPLAY,False,CALIBRATED,2025-09-01T00:00:00,PERSISTENCE,El forecast mantiene el nivel de actividad registrado en su origen: persistencia fue seleccionada por su desempeño retrospectivo. Las señales contextuales no modifican esta predicción.,growth_1,trend_3,neighbor_growth_lag1,crecimiento reciente: 4.00% (contexto no causal),0.0400256163944924,POSITIVE,tendencia trimestral: -304.50 endpoints/mes (contexto no causal),-304.5,NEGATIVE,crecimiento vecinal reciente: -0.93% (contexto no causal),-0.0093140148356381,NEGATIVE,True,1.0,Las señales vecinales son contextuales y no implican causalidad; la geometría y disponibilidad espacial son parciales. Catálogo de estaciones sin vigencia histórica verificada. Pronóstico retrospectivo; no es una corrida futura común.,2.0-phase6-persistence-context
col_ffeedd6a32945225b84ecc416148dd76,San Rafael,2026-01,1,2026-02,77277.0,77277.0,0.0,0.0,NEUTRAL,PERSISTENCE,VALIDATED_SHORT_TERM,VALIDATED_FORECAST,v2_zero_endpoint_threshold,station_endpoints_per_calendar_month,76287.0,78267.0,1980.0,CONFORMAL_SYMMETRIC_ABS_RESIDUAL,0.8,0.7002652519893899,377,539,9,2025-12-01,2026-01-01T00:00:00,RETROSPECTIVE_REPLAY,False,CALIBRATED,2026-02-01T00:00:00,PERSISTENCE,El forecast mantiene el nivel de actividad registrado en su origen: persistencia fue seleccionada por su desempeño retrospectivo. Las señales contextuales no modifican esta predicción.,growth_3,NONE,neighbor_growth_lag1,crecimiento trimestral: -12.04% (contexto no causal),-0.120352874217416,NEGATIVE,SIN_DATO,,UNAVAILABLE,crecimiento vecinal reciente: 5.20% (contexto no causal),0.0520443133816848,POSITIVE,True,0.25,Las señales vecinales son contextuales y no implican causalidad; la geometría y disponibilidad espacial son parciales. Catálogo de estaciones sin vigencia histórica verificada. Pronóstico retrospectivo; no es una corrida futura común.,2.0-phase6-persistence-context
col_ffeedd6a32945225b84ecc416148dd76,San Rafael,2026-01,3,2026-04,77277.0,77277.0,0.0,0.0,NEUTRAL,PERSISTENCE,VALIDATED_WITH_CAUTION,VALIDATED_FORECAST,v2_zero_endpoint_threshold,station_endpoints_per_calendar_month,76104.0,78450.0,2346.0,CONFORMAL_SYMMETRIC_ABS_RESIDUAL,0.8,0.8825910931174089,247,538,9,2025-12-01,2026-01-01T00:00:00,RETROSPECTIVE_REPLAY,False,CALIBRATED,2026-02-01T00:00:00,PERSISTENCE,El forecast mantiene el nivel de actividad registrado en su origen: persistencia fue seleccionada por su desempeño retrospectivo. Las señales contextuales no modifican esta predicción.,growth_3,NONE,neighbor_growth_lag1,crecimiento trimestral: -12.04% (contexto no causal),-0.120352874217416,NEGATIVE,SIN_DATO,,UNAVAILABLE,crecimiento vecinal reciente: 5.20% (contexto no causal),0.0520443133816848,POSITIVE,True,0.25,Las señales vecinales son contextuales y no implican causalidad; la geometría y disponibilidad espacial son parciales. Catálogo de estaciones sin vigencia histórica verificada. Pronóstico retrospectivo; no es una corrida futura común.,2.0-phase6-persistence-context
col_ffeedd6a32945225b84ecc416148dd76,San Rafael,2026-01,6,2026-07,77277.0,77277.0,0.0,0.0,NEUTRAL,PERSISTENCE,VALIDATED_WITH_CAUTION,VALIDATED_FORECAST,v2_zero_endpoint_threshold,station_endpoints_per_calendar_month,75932.0,78622.0,2690.0,CONFORMAL_SYMMETRIC_ABS_RESIDUAL,0.8,0.8070175438596491,57,502,8,2025-12-01,2026-01-01T00:00:00,RETROSPECTIVE_REPLAY,False,CALIBRATED,2026-02-01T00:00:00,PERSISTENCE,El forecast mantiene el nivel de actividad registrado en su origen: persistencia fue seleccionada por su desempeño retrospectivo. Las señales contextuales no modifican esta predicción.,growth_3,NONE,neighbor_growth_lag1,crecimiento trimestral: -12.04% (contexto no causal),-0.120352874217416,NEGATIVE,SIN_DATO,,UNAVAILABLE,crecimiento vecinal reciente: 5.20% (contexto no causal),0.0520443133816848,POSITIVE,True,0.25,Las señales vecinales son contextuales y no implican causalidad; la geometría y disponibilidad espacial son parciales. Catálogo de estaciones sin vigencia histórica verificada. Pronóstico retrospectivo; no es una corrida futura común.,2.0-phase6-persistence-context
col_ffeedd6a32945225b84ecc416148dd76,San Rafael,2024-09,12,2025-09,91318.0,91318.0,0.0,0.0,NEUTRAL,PERSISTENCE,VALIDATED_WITH_CAUTION,VALIDATED_FORECAST,v2_zero_endpoint_threshold,station_endpoints_per_calendar_month,,,,CONFORMAL_SYMMETRIC_ABS_RESIDUAL,0.8,,0,0,0,,2024-09-01T00:00:00,RETROSPECTIVE_REPLAY,False,INSUFFICIENT_CALIBRATION_HISTORY,2024-10-01T00:00:00,PERSISTENCE,El forecast mantiene el nivel de actividad registrado en su origen: persistencia fue seleccionada por su desempeño retrospectivo. Las señales contextuales no modifican esta predicción.,growth_1,trend_3,neighbor_growth_lag1,crecimiento reciente: -4.08% (contexto no causal),-0.0407571587638395,NEGATIVE,tendencia trimestral: -823.50 endpoints/mes (contexto no causal),-823.5,NEGATIVE,crecimiento vecinal reciente: -0.72% (contexto no causal),-0.0072222720163595,NEGATIVE,True,1.0,Las señales vecinales son contextuales y no implican causalidad; la geometría y disponibilidad espacial son parciales. Catálogo de estaciones sin vigencia histórica verificada. Pronóstico retrospectivo; no es una corrida futura común. Historia insuficiente para un intervalo.,2.0-phase6-persistence-context
col_fff7ee1276da58efb088edf2d4f0141e,Narvarte,2026-05,1,2026-06,51366.0,51366.0,0.0,0.0,NEUTRAL,PERSISTENCE,VALIDATED_SHORT_TERM,VALIDATED_FORECAST,v2_zero_endpoint_threshold,station_endpoints_per_calendar_month,50287.0,52445.0,2158.0,CONFORMAL_SYMMETRIC_ABS_RESIDUAL,0.8,0.7199367088607594,632,794,13,2026-04-01,2026-05-01T00:00:00,RETROSPECTIVE_REPLAY,False,CALIBRATED,2026-06-01T00:00:00,PERSISTENCE,El forecast mantiene el nivel de actividad registrado en su origen: persistencia fue seleccionada por su desempeño retrospectivo. Las señales contextuales no modifican esta predicción.,growth_1,trend_3,neighbor_growth_lag1,crecimiento reciente: 3.91% (contexto no causal),0.0391454755113188,POSITIVE,tendencia trimestral: 187.50 endpoints/mes (contexto no causal),187.5,POSITIVE,crecimiento vecinal reciente: -4.88% (contexto no causal),-0.0487557322281327,NEGATIVE,True,0.6000000000000001,Las señales vecinales son contextuales y no implican causalidad; la geometría y disponibilidad espacial son parciales. Catálogo de estaciones sin vigencia histórica verificada. Pronóstico retrospectivo; no es una corrida futura común.,2.0-phase6-persistence-context
col_fff7ee1276da58efb088edf2d4f0141e,Narvarte,2026-05,3,2026-08,51366.0,51366.0,0.0,0.0,NEUTRAL,PERSISTENCE,VALIDATED_WITH_CAUTION,VALIDATED_FORECAST,v2_zero_endpoint_threshold,station_endpoints_per_calendar_month,50088.0,52644.0,2556.0,CONFORMAL_SYMMETRIC_ABS_RESIDUAL,0.8,0.8016359918200409,489,780,13,2026-04-01,2026-05-01T00:00:00,RETROSPECTIVE_REPLAY,False,CALIBRATED,2026-06-01T00:00:00,PERSISTENCE,El forecast mantiene el nivel de actividad registrado en su origen: persistencia fue seleccionada por su desempeño retrospectivo. Las señales contextuales no modifican esta predicción.,growth_1,trend_3,neighbor_growth_lag1,crecimiento reciente: 3.91% (contexto no causal),0.0391454755113188,POSITIVE,tendencia trimestral: 187.50 endpoints/mes (contexto no causal),187.5,POSITIVE,crecimiento vecinal reciente: -4.88% (contexto no causal),-0.0487557322281327,NEGATIVE,True,0.6000000000000001,Las señales vecinales son contextuales y no implican causalidad; la geometría y disponibilidad espacial son parciales. Catálogo de estaciones sin vigencia histórica verificada. Pronóstico retrospectivo; no es una corrida futura común.,2.0-phase6-persistence-context
col_fff7ee1276da58efb088edf2d4f0141e,Narvarte,2025-07,6,2026-01,50867.0,50867.0,0.0,0.0,NEUTRAL,PERSISTENCE,VALIDATED_WITH_CAUTION,VALIDATED_FORECAST,v2_zero_endpoint_threshold,station_endpoints_per_calendar_month,49434.0,52300.0,2866.0,CONFORMAL_SYMMETRIC_ABS_RESIDUAL,0.8,,0,202,3,2025-06-01,2025-07-01T00:00:00,RETROSPECTIVE_REPLAY,False,CALIBRATED,2025-08-01T00:00:00,PERSISTENCE,El forecast mantiene el nivel de actividad registrado en su origen: persistencia fue seleccionada por su desempeño retrospectivo. Las señales contextuales no modifican esta predicción.,growth_1,trend_3,neighbor_growth_lag1,crecimiento reciente: 11.57% (contexto no causal),0.1156511821730929,POSITIVE,tendencia trimestral: -1496.00 endpoints/mes (contexto no causal),-1496.0,NEGATIVE,crecimiento vecinal reciente: 8.88% (contexto no causal),0.0887599617773299,POSITIVE,True,0.8,Las señales vecinales son contextuales y no implican causalidad; la geometría y disponibilidad espacial son parciales. Catálogo de estaciones sin vigencia histórica verificada. Pronóstico retrospectivo; no es una corrida futura común.,2.0-phase6-persistence-context
col_fff7ee1276da58efb088edf2d4f0141e,Narvarte,2025-07,12,2026-07,50867.0,50867.0,0.0,0.0,NEUTRAL,PERSISTENCE,VALIDATED_WITH_CAUTION,VALIDATED_FORECAST,v2_zero_endpoint_threshold,station_endpoints_per_calendar_month,48502.0,53232.0,4730.0,CONFORMAL_SYMMETRIC_ABS_RESIDUAL,0.8,,0,100,2,2025-06-01,2025-07-01T00:00:00,RETROSPECTIVE_REPLAY,False,CALIBRATED,2025-08-01T00:00:00,PERSISTENCE,El forecast mantiene el nivel de actividad registrado en su origen: persistencia fue seleccionada por su desempeño retrospectivo. Las señales contextuales no modifican esta predicción.,growth_1,trend_3,neighbor_growth_lag1,crecimiento reciente: 11.57% (contexto no causal),0.1156511821730929,POSITIVE,tendencia trimestral: -1496.00 endpoints/mes (contexto no causal),-1496.0,NEGATIVE,crecimiento vecinal reciente: 8.88% (contexto no causal),0.0887599617773299,POSITIVE,True,0.8,Las señales vecinales son contextuales y no implican causalidad; la geometría y disponibilidad espacial son parciales. Catálogo de estaciones sin vigencia histórica verificada. Pronóstico retrospectivo; no es una corrida futura común.,2.0-phase6-persistence-context
