evaluation_scope,model,horizon,split_id,origin_period,target_period,n_rows_total,n_rows_usable,n_rows_with_spatial_missing,n_rows_excluded,n_spatial_missing_in_scope,n_train,train_row_hash,test_row_hash,status,hyperparameters_json
EVALUATION_ALL,PERSISTENCE,1,h1_2025-01,2025-01,2025-02,106,53,54,53,25,1112,c7376ce1e2b1c0c90da01d93b03ff00c7e1c3155f83c7de1dc13e35d88f96e50,b1a56a6c25175f7a1dfdaa6d81b3801c2eea4e41cada872f4ee563d87c54da90,USED,
EVALUATION_ALL,LGBM_TEMPORAL,1,h1_2025-01,2025-01,2025-02,106,53,54,53,25,1112,c7376ce1e2b1c0c90da01d93b03ff00c7e1c3155f83c7de1dc13e35d88f96e50,b1a56a6c25175f7a1dfdaa6d81b3801c2eea4e41cada872f4ee563d87c54da90,USED,"{""colsample_bytree"": 0.8, ""deterministic"": true, ""force_col_wise"": true, ""learning_rate"": 0.03, ""min_child_samples"": 20, ""n_estimators"": 300, ""n_jobs"": 1, ""num_leaves"": 15, ""objective"": ""regression"", ""random_state"": 42, ""subsample"": 1.0, ""subsample_freq"": 0, ""use_missing"": true, ""verbosity"": -1, ""zero_as_missing"": false}"
EVALUATION_ALL,LGBM_TEMPORAL_SPATIAL,1,h1_2025-01,2025-01,2025-02,106,53,54,53,25,1112,c7376ce1e2b1c0c90da01d93b03ff00c7e1c3155f83c7de1dc13e35d88f96e50,b1a56a6c25175f7a1dfdaa6d81b3801c2eea4e41cada872f4ee563d87c54da90,USED,"{""colsample_bytree"": 0.8, ""deterministic"": true, ""force_col_wise"": true, ""learning_rate"": 0.03, ""min_child_samples"": 20, ""n_estimators"": 300, ""n_jobs"": 1, ""num_leaves"": 15, ""objective"": ""regression"", ""random_state"": 42, ""subsample"": 1.0, ""subsample_freq"": 0, ""use_missing"": true, ""verbosity"": -1, ""zero_as_missing"": false}"
EVALUATION_SPATIAL_COMPARABLE,PERSISTENCE,1,h1_2025-01,2025-01,2025-02,106,0,54,106,0,1112,c7376ce1e2b1c0c90da01d93b03ff00c7e1c3155f83c7de1dc13e35d88f96e50,71556a84951c25ee3ae94aa4e80b992a69670708453139302f1c00c01845aa57,NO_USABLE_ROWS,
EVALUATION_SPATIAL_COMPARABLE,LGBM_TEMPORAL,1,h1_2025-01,2025-01,2025-02,106,0,54,106,0,1112,c7376ce1e2b1c0c90da01d93b03ff00c7e1c3155f83c7de1dc13e35d88f96e50,71556a84951c25ee3ae94aa4e80b992a69670708453139302f1c00c01845aa57,NO_USABLE_ROWS,"{""colsample_bytree"": 0.8, ""deterministic"": true, ""force_col_wise"": true, ""learning_rate"": 0.03, ""min_child_samples"": 20, ""n_estimators"": 300, ""n_jobs"": 1, ""num_leaves"": 15, ""objective"": ""regression"", ""random_state"": 42, ""subsample"": 1.0, ""subsample_freq"": 0, ""use_missing"": true, ""verbosity"": -1, ""zero_as_missing"": false}"
EVALUATION_SPATIAL_COMPARABLE,LGBM_TEMPORAL_SPATIAL,1,h1_2025-01,2025-01,2025-02,106,0,54,106,0,1112,c7376ce1e2b1c0c90da01d93b03ff00c7e1c3155f83c7de1dc13e35d88f96e50,71556a84951c25ee3ae94aa4e80b992a69670708453139302f1c00c01845aa57,NO_USABLE_ROWS,"{""colsample_bytree"": 0.8, ""deterministic"": true, ""force_col_wise"": true, ""learning_rate"": 0.03, ""min_child_samples"": 20, ""n_estimators"": 300, ""n_jobs"": 1, ""num_leaves"": 15, ""objective"": ""regression"", ""random_state"": 42, ""subsample"": 1.0, ""subsample_freq"": 0, ""use_missing"": true, ""verbosity"": -1, ""zero_as_missing"": false}"
EVALUATION_ALL,PERSISTENCE,1,h1_2025-02,2025-02,2025-03,106,50,51,56,20,1174,2291a39690a1e32ae256a1ea5b21b14fe2e01a06469fb7bee76b97106dd8ece4,3dc8fb57e706718c5017ef0e0be10939ce641e2017697491bc8bebd86df7a1ce,USED,
EVALUATION_ALL,LGBM_TEMPORAL,1,h1_2025-02,2025-02,2025-03,106,50,51,56,20,1174,2291a39690a1e32ae256a1ea5b21b14fe2e01a06469fb7bee76b97106dd8ece4,3dc8fb57e706718c5017ef0e0be10939ce641e2017697491bc8bebd86df7a1ce,USED,"{""colsample_bytree"": 0.8, ""deterministic"": true, ""force_col_wise"": true, ""learning_rate"": 0.03, ""min_child_samples"": 20, ""n_estimators"": 300, ""n_jobs"": 1, ""num_leaves"": 15, ""objective"": ""regression"", ""random_state"": 42, ""subsample"": 1.0, ""subsample_freq"": 0, ""use_missing"": true, ""verbosity"": -1, ""zero_as_missing"": false}"
EVALUATION_ALL,LGBM_TEMPORAL_SPATIAL,1,h1_2025-02,2025-02,2025-03,106,50,51,56,20,1174,2291a39690a1e32ae256a1ea5b21b14fe2e01a06469fb7bee76b97106dd8ece4,3dc8fb57e706718c5017ef0e0be10939ce641e2017697491bc8bebd86df7a1ce,USED,"{""colsample_bytree"": 0.8, ""deterministic"": true, ""force_col_wise"": true, ""learning_rate"": 0.03, ""min_child_samples"": 20, ""n_estimators"": 300, ""n_jobs"": 1, ""num_leaves"": 15, ""objective"": ""regression"", ""random_state"": 42, ""subsample"": 1.0, ""subsample_freq"": 0, ""use_missing"": true, ""verbosity"": -1, ""zero_as_missing"": false}"
EVALUATION_SPATIAL_COMPARABLE,PERSISTENCE,1,h1_2025-02,2025-02,2025-03,106,30,51,76,0,1174,2291a39690a1e32ae256a1ea5b21b14fe2e01a06469fb7bee76b97106dd8ece4,92ae471bcf1fa8d29e30a523113018b07bec40c613618c4c8a141903cf293ebf,USED,
EVALUATION_SPATIAL_COMPARABLE,LGBM_TEMPORAL,1,h1_2025-02,2025-02,2025-03,106,30,51,76,0,1174,2291a39690a1e32ae256a1ea5b21b14fe2e01a06469fb7bee76b97106dd8ece4,92ae471bcf1fa8d29e30a523113018b07bec40c613618c4c8a141903cf293ebf,USED,"{""colsample_bytree"": 0.8, ""deterministic"": true, ""force_col_wise"": true, ""learning_rate"": 0.03, ""min_child_samples"": 20, ""n_estimators"": 300, ""n_jobs"": 1, ""num_leaves"": 15, ""objective"": ""regression"", ""random_state"": 42, ""subsample"": 1.0, ""subsample_freq"": 0, ""use_missing"": true, ""verbosity"": -1, ""zero_as_missing"": false}"
EVALUATION_SPATIAL_COMPARABLE,LGBM_TEMPORAL_SPATIAL,1,h1_2025-02,2025-02,2025-03,106,30,51,76,0,1174,2291a39690a1e32ae256a1ea5b21b14fe2e01a06469fb7bee76b97106dd8ece4,92ae471bcf1fa8d29e30a523113018b07bec40c613618c4c8a141903cf293ebf,USED,"{""colsample_bytree"": 0.8, ""deterministic"": true, ""force_col_wise"": true, ""learning_rate"": 0.03, ""min_child_samples"": 20, ""n_estimators"": 300, ""n_jobs"": 1, ""num_leaves"": 15, ""objective"": ""regression"", ""random_state"": 42, ""subsample"": 1.0, ""subsample_freq"": 0, ""use_missing"": true, ""verbosity"": -1, ""zero_as_missing"": false}"
EVALUATION_ALL,PERSISTENCE,1,h1_2025-03,2025-03,2025-04,106,59,45,47,20,1225,72b33305a9fdafa9ca4c064e35ae9e7e05221fec383361d07bb246308ced9753,077d010707343345c980bed8e07e7654b3fb0c37f2b91e6aa768ade57fd1cab2,USED,
EVALUATION_ALL,LGBM_TEMPORAL,1,h1_2025-03,2025-03,2025-04,106,59,45,47,20,1225,72b33305a9fdafa9ca4c064e35ae9e7e05221fec383361d07bb246308ced9753,077d010707343345c980bed8e07e7654b3fb0c37f2b91e6aa768ade57fd1cab2,USED,"{""colsample_bytree"": 0.8, ""deterministic"": true, ""force_col_wise"": true, ""learning_rate"": 0.03, ""min_child_samples"": 20, ""n_estimators"": 300, ""n_jobs"": 1, ""num_leaves"": 15, ""objective"": ""regression"", ""random_state"": 42, ""subsample"": 1.0, ""subsample_freq"": 0, ""use_missing"": true, ""verbosity"": -1, ""zero_as_missing"": false}"
EVALUATION_ALL,LGBM_TEMPORAL_SPATIAL,1,h1_2025-03,2025-03,2025-04,106,59,45,47,20,1225,72b33305a9fdafa9ca4c064e35ae9e7e05221fec383361d07bb246308ced9753,077d010707343345c980bed8e07e7654b3fb0c37f2b91e6aa768ade57fd1cab2,USED,"{""colsample_bytree"": 0.8, ""deterministic"": true, ""force_col_wise"": true, ""learning_rate"": 0.03, ""min_child_samples"": 20, ""n_estimators"": 300, ""n_jobs"": 1, ""num_leaves"": 15, ""objective"": ""regression"", ""random_state"": 42, ""subsample"": 1.0, ""subsample_freq"": 0, ""use_missing"": true, ""verbosity"": -1, ""zero_as_missing"": false}"
EVALUATION_SPATIAL_COMPARABLE,PERSISTENCE,1,h1_2025-03,2025-03,2025-04,106,37,45,69,0,1225,72b33305a9fdafa9ca4c064e35ae9e7e05221fec383361d07bb246308ced9753,83c3353780df3897ee3946236ef10aa82d20f297f8920bd39c7047aa754df62d,USED,
EVALUATION_SPATIAL_COMPARABLE,LGBM_TEMPORAL,1,h1_2025-03,2025-03,2025-04,106,37,45,69,0,1225,72b33305a9fdafa9ca4c064e35ae9e7e05221fec383361d07bb246308ced9753,83c3353780df3897ee3946236ef10aa82d20f297f8920bd39c7047aa754df62d,USED,"{""colsample_bytree"": 0.8, ""deterministic"": true, ""force_col_wise"": true, ""learning_rate"": 0.03, ""min_child_samples"": 20, ""n_estimators"": 300, ""n_jobs"": 1, ""num_leaves"": 15, ""objective"": ""regression"", ""random_state"": 42, ""subsample"": 1.0, ""subsample_freq"": 0, ""use_missing"": true, ""verbosity"": -1, ""zero_as_missing"": false}"
EVALUATION_SPATIAL_COMPARABLE,LGBM_TEMPORAL_SPATIAL,1,h1_2025-03,2025-03,2025-04,106,37,45,69,0,1225,72b33305a9fdafa9ca4c064e35ae9e7e05221fec383361d07bb246308ced9753,83c3353780df3897ee3946236ef10aa82d20f297f8920bd39c7047aa754df62d,USED,"{""colsample_bytree"": 0.8, ""deterministic"": true, ""force_col_wise"": true, ""learning_rate"": 0.03, ""min_child_samples"": 20, ""n_estimators"": 300, ""n_jobs"": 1, ""num_leaves"": 15, ""objective"": ""regression"", ""random_state"": 42, ""subsample"": 1.0, ""subsample_freq"": 0, ""use_missing"": true, ""verbosity"": -1, ""zero_as_missing"": false}"
EVALUATION_ALL,PERSISTENCE,1,h1_2025-04,2025-04,2025-05,106,57,48,49,22,1287,a754bc0d3aa99a36830e2c375554746f1b1b015fe8a1efdbd602d2ea9a0083d3,bf15571a82418a615bd1d3943c06e4e7bd60797fc23c68fbcd4262cae5c5030f,USED,
EVALUATION_ALL,LGBM_TEMPORAL,1,h1_2025-04,2025-04,2025-05,106,57,48,49,22,1287,a754bc0d3aa99a36830e2c375554746f1b1b015fe8a1efdbd602d2ea9a0083d3,bf15571a82418a615bd1d3943c06e4e7bd60797fc23c68fbcd4262cae5c5030f,USED,"{""colsample_bytree"": 0.8, ""deterministic"": true, ""force_col_wise"": true, ""learning_rate"": 0.03, ""min_child_samples"": 20, ""n_estimators"": 300, ""n_jobs"": 1, ""num_leaves"": 15, ""objective"": ""regression"", ""random_state"": 42, ""subsample"": 1.0, ""subsample_freq"": 0, ""use_missing"": true, ""verbosity"": -1, ""zero_as_missing"": false}"
EVALUATION_ALL,LGBM_TEMPORAL_SPATIAL,1,h1_2025-04,2025-04,2025-05,106,57,48,49,22,1287,a754bc0d3aa99a36830e2c375554746f1b1b015fe8a1efdbd602d2ea9a0083d3,bf15571a82418a615bd1d3943c06e4e7bd60797fc23c68fbcd4262cae5c5030f,USED,"{""colsample_bytree"": 0.8, ""deterministic"": true, ""force_col_wise"": true, ""learning_rate"": 0.03, ""min_child_samples"": 20, ""n_estimators"": 300, ""n_jobs"": 1, ""num_leaves"": 15, ""objective"": ""regression"", ""random_state"": 42, ""subsample"": 1.0, ""subsample_freq"": 0, ""use_missing"": true, ""verbosity"": -1, ""zero_as_missing"": false}"
EVALUATION_SPATIAL_COMPARABLE,PERSISTENCE,1,h1_2025-04,2025-04,2025-05,106,34,48,72,0,1287,a754bc0d3aa99a36830e2c375554746f1b1b015fe8a1efdbd602d2ea9a0083d3,8bd5f1dbcf16359515fa2de461393339cd78498e2406dbae4570d67b14399ded,USED,
EVALUATION_SPATIAL_COMPARABLE,LGBM_TEMPORAL,1,h1_2025-04,2025-04,2025-05,106,34,48,72,0,1287,a754bc0d3aa99a36830e2c375554746f1b1b015fe8a1efdbd602d2ea9a0083d3,8bd5f1dbcf16359515fa2de461393339cd78498e2406dbae4570d67b14399ded,USED,"{""colsample_bytree"": 0.8, ""deterministic"": true, ""force_col_wise"": true, ""learning_rate"": 0.03, ""min_child_samples"": 20, ""n_estimators"": 300, ""n_jobs"": 1, ""num_leaves"": 15, ""objective"": ""regression"", ""random_state"": 42, ""subsample"": 1.0, ""subsample_freq"": 0, ""use_missing"": true, ""verbosity"": -1, ""zero_as_missing"": false}"
EVALUATION_SPATIAL_COMPARABLE,LGBM_TEMPORAL_SPATIAL,1,h1_2025-04,2025-04,2025-05,106,34,48,72,0,1287,a754bc0d3aa99a36830e2c375554746f1b1b015fe8a1efdbd602d2ea9a0083d3,8bd5f1dbcf16359515fa2de461393339cd78498e2406dbae4570d67b14399ded,USED,"{""colsample_bytree"": 0.8, ""deterministic"": true, ""force_col_wise"": true, ""learning_rate"": 0.03, ""min_child_samples"": 20, ""n_estimators"": 300, ""n_jobs"": 1, ""num_leaves"": 15, ""objective"": ""regression"", ""random_state"": 42, ""subsample"": 1.0, ""subsample_freq"": 0, ""use_missing"": true, ""verbosity"": -1, ""zero_as_missing"": false}"
EVALUATION_ALL,PERSISTENCE,1,h1_2025-05,2025-05,2025-06,106,72,36,34,25,1353,24c9a1ade44101cf96314eebb8018e3c1524bb534406504dbe1acdf7f4510b25,52b8b086a2ac2dd20d2bef7ed9bb1cad12a688c8832433f8e40de2fbdcd81ba2,USED,
EVALUATION_ALL,LGBM_TEMPORAL,1,h1_2025-05,2025-05,2025-06,106,72,36,34,25,1353,24c9a1ade44101cf96314eebb8018e3c1524bb534406504dbe1acdf7f4510b25,52b8b086a2ac2dd20d2bef7ed9bb1cad12a688c8832433f8e40de2fbdcd81ba2,USED,"{""colsample_bytree"": 0.8, ""deterministic"": true, ""force_col_wise"": true, ""learning_rate"": 0.03, ""min_child_samples"": 20, ""n_estimators"": 300, ""n_jobs"": 1, ""num_leaves"": 15, ""objective"": ""regression"", ""random_state"": 42, ""subsample"": 1.0, ""subsample_freq"": 0, ""use_missing"": true, ""verbosity"": -1, ""zero_as_missing"": false}"
EVALUATION_ALL,LGBM_TEMPORAL_SPATIAL,1,h1_2025-05,2025-05,2025-06,106,72,36,34,25,1353,24c9a1ade44101cf96314eebb8018e3c1524bb534406504dbe1acdf7f4510b25,52b8b086a2ac2dd20d2bef7ed9bb1cad12a688c8832433f8e40de2fbdcd81ba2,USED,"{""colsample_bytree"": 0.8, ""deterministic"": true, ""force_col_wise"": true, ""learning_rate"": 0.03, ""min_child_samples"": 20, ""n_estimators"": 300, ""n_jobs"": 1, ""num_leaves"": 15, ""objective"": ""regression"", ""random_state"": 42, ""subsample"": 1.0, ""subsample_freq"": 0, ""use_missing"": true, ""verbosity"": -1, ""zero_as_missing"": false}"
EVALUATION_SPATIAL_COMPARABLE,PERSISTENCE,1,h1_2025-05,2025-05,2025-06,106,47,36,59,0,1353,24c9a1ade44101cf96314eebb8018e3c1524bb534406504dbe1acdf7f4510b25,3b7a02f7abdc71e23e75cef2b6ac7868e1ee5838919c6a4c578cb009e135ce1e,USED,
EVALUATION_SPATIAL_COMPARABLE,LGBM_TEMPORAL,1,h1_2025-05,2025-05,2025-06,106,47,36,59,0,1353,24c9a1ade44101cf96314eebb8018e3c1524bb534406504dbe1acdf7f4510b25,3b7a02f7abdc71e23e75cef2b6ac7868e1ee5838919c6a4c578cb009e135ce1e,USED,"{""colsample_bytree"": 0.8, ""deterministic"": true, ""force_col_wise"": true, ""learning_rate"": 0.03, ""min_child_samples"": 20, ""n_estimators"": 300, ""n_jobs"": 1, ""num_leaves"": 15, ""objective"": ""regression"", ""random_state"": 42, ""subsample"": 1.0, ""subsample_freq"": 0, ""use_missing"": true, ""verbosity"": -1, ""zero_as_missing"": false}"
EVALUATION_SPATIAL_COMPARABLE,LGBM_TEMPORAL_SPATIAL,1,h1_2025-05,2025-05,2025-06,106,47,36,59,0,1353,24c9a1ade44101cf96314eebb8018e3c1524bb534406504dbe1acdf7f4510b25,3b7a02f7abdc71e23e75cef2b6ac7868e1ee5838919c6a4c578cb009e135ce1e,USED,"{""colsample_bytree"": 0.8, ""deterministic"": true, ""force_col_wise"": true, ""learning_rate"": 0.03, ""min_child_samples"": 20, ""n_estimators"": 300, ""n_jobs"": 1, ""num_leaves"": 15, ""objective"": ""regression"", ""random_state"": 42, ""subsample"": 1.0, ""subsample_freq"": 0, ""use_missing"": true, ""verbosity"": -1, ""zero_as_missing"": false}"
EVALUATION_ALL,PERSISTENCE,1,h1_2025-06,2025-06,2025-07,106,63,41,43,24,1412,7282287b2263056e951f7e7b8469258bcaccfac445f4432b172099989284eca7,b0549a37cd03c5e202b521e490c30372b970fff471ba459979e5bfc1c24afa8c,USED,
EVALUATION_ALL,LGBM_TEMPORAL,1,h1_2025-06,2025-06,2025-07,106,63,41,43,24,1412,7282287b2263056e951f7e7b8469258bcaccfac445f4432b172099989284eca7,b0549a37cd03c5e202b521e490c30372b970fff471ba459979e5bfc1c24afa8c,USED,"{""colsample_bytree"": 0.8, ""deterministic"": true, ""force_col_wise"": true, ""learning_rate"": 0.03, ""min_child_samples"": 20, ""n_estimators"": 300, ""n_jobs"": 1, ""num_leaves"": 15, ""objective"": ""regression"", ""random_state"": 42, ""subsample"": 1.0, ""subsample_freq"": 0, ""use_missing"": true, ""verbosity"": -1, ""zero_as_missing"": false}"
EVALUATION_ALL,LGBM_TEMPORAL_SPATIAL,1,h1_2025-06,2025-06,2025-07,106,63,41,43,24,1412,7282287b2263056e951f7e7b8469258bcaccfac445f4432b172099989284eca7,b0549a37cd03c5e202b521e490c30372b970fff471ba459979e5bfc1c24afa8c,USED,"{""colsample_bytree"": 0.8, ""deterministic"": true, ""force_col_wise"": true, ""learning_rate"": 0.03, ""min_child_samples"": 20, ""n_estimators"": 300, ""n_jobs"": 1, ""num_leaves"": 15, ""objective"": ""regression"", ""random_state"": 42, ""subsample"": 1.0, ""subsample_freq"": 0, ""use_missing"": true, ""verbosity"": -1, ""zero_as_missing"": false}"
EVALUATION_SPATIAL_COMPARABLE,PERSISTENCE,1,h1_2025-06,2025-06,2025-07,106,39,41,67,0,1412,7282287b2263056e951f7e7b8469258bcaccfac445f4432b172099989284eca7,0e2bcd30bc3db1632f0e325bca99493092dd905c5aa97c9c903470744ec6128c,USED,
EVALUATION_SPATIAL_COMPARABLE,LGBM_TEMPORAL,1,h1_2025-06,2025-06,2025-07,106,39,41,67,0,1412,7282287b2263056e951f7e7b8469258bcaccfac445f4432b172099989284eca7,0e2bcd30bc3db1632f0e325bca99493092dd905c5aa97c9c903470744ec6128c,USED,"{""colsample_bytree"": 0.8, ""deterministic"": true, ""force_col_wise"": true, ""learning_rate"": 0.03, ""min_child_samples"": 20, ""n_estimators"": 300, ""n_jobs"": 1, ""num_leaves"": 15, ""objective"": ""regression"", ""random_state"": 42, ""subsample"": 1.0, ""subsample_freq"": 0, ""use_missing"": true, ""verbosity"": -1, ""zero_as_missing"": false}"
EVALUATION_SPATIAL_COMPARABLE,LGBM_TEMPORAL_SPATIAL,1,h1_2025-06,2025-06,2025-07,106,39,41,67,0,1412,7282287b2263056e951f7e7b8469258bcaccfac445f4432b172099989284eca7,0e2bcd30bc3db1632f0e325bca99493092dd905c5aa97c9c903470744ec6128c,USED,"{""colsample_bytree"": 0.8, ""deterministic"": true, ""force_col_wise"": true, ""learning_rate"": 0.03, ""min_child_samples"": 20, ""n_estimators"": 300, ""n_jobs"": 1, ""num_leaves"": 15, ""objective"": ""regression"", ""random_state"": 42, ""subsample"": 1.0, ""subsample_freq"": 0, ""use_missing"": true, ""verbosity"": -1, ""zero_as_missing"": false}"
EVALUATION_ALL,PERSISTENCE,1,h1_2025-07,2025-07,2025-08,106,72,34,34,18,1487,8479d3dff58d1088d0bd8c887779808c6160803d279833499054bc0032287bd3,78552c5f9f3646b20494e455830745550ee39822f79340f93ff59042d74c3bc7,USED,
EVALUATION_ALL,LGBM_TEMPORAL,1,h1_2025-07,2025-07,2025-08,106,72,34,34,18,1487,8479d3dff58d1088d0bd8c887779808c6160803d279833499054bc0032287bd3,78552c5f9f3646b20494e455830745550ee39822f79340f93ff59042d74c3bc7,USED,"{""colsample_bytree"": 0.8, ""deterministic"": true, ""force_col_wise"": true, ""learning_rate"": 0.03, ""min_child_samples"": 20, ""n_estimators"": 300, ""n_jobs"": 1, ""num_leaves"": 15, ""objective"": ""regression"", ""random_state"": 42, ""subsample"": 1.0, ""subsample_freq"": 0, ""use_missing"": true, ""verbosity"": -1, ""zero_as_missing"": false}"
EVALUATION_ALL,LGBM_TEMPORAL_SPATIAL,1,h1_2025-07,2025-07,2025-08,106,72,34,34,18,1487,8479d3dff58d1088d0bd8c887779808c6160803d279833499054bc0032287bd3,78552c5f9f3646b20494e455830745550ee39822f79340f93ff59042d74c3bc7,USED,"{""colsample_bytree"": 0.8, ""deterministic"": true, ""force_col_wise"": true, ""learning_rate"": 0.03, ""min_child_samples"": 20, ""n_estimators"": 300, ""n_jobs"": 1, ""num_leaves"": 15, ""objective"": ""regression"", ""random_state"": 42, ""subsample"": 1.0, ""subsample_freq"": 0, ""use_missing"": true, ""verbosity"": -1, ""zero_as_missing"": false}"
EVALUATION_SPATIAL_COMPARABLE,PERSISTENCE,1,h1_2025-07,2025-07,2025-08,106,54,34,52,0,1487,8479d3dff58d1088d0bd8c887779808c6160803d279833499054bc0032287bd3,be7b7656bb7c55132b0bc513c4140fbd3c26273e34ea634cf8ff19a3f7128e52,USED,
EVALUATION_SPATIAL_COMPARABLE,LGBM_TEMPORAL,1,h1_2025-07,2025-07,2025-08,106,54,34,52,0,1487,8479d3dff58d1088d0bd8c887779808c6160803d279833499054bc0032287bd3,be7b7656bb7c55132b0bc513c4140fbd3c26273e34ea634cf8ff19a3f7128e52,USED,"{""colsample_bytree"": 0.8, ""deterministic"": true, ""force_col_wise"": true, ""learning_rate"": 0.03, ""min_child_samples"": 20, ""n_estimators"": 300, ""n_jobs"": 1, ""num_leaves"": 15, ""objective"": ""regression"", ""random_state"": 42, ""subsample"": 1.0, ""subsample_freq"": 0, ""use_missing"": true, ""verbosity"": -1, ""zero_as_missing"": false}"
EVALUATION_SPATIAL_COMPARABLE,LGBM_TEMPORAL_SPATIAL,1,h1_2025-07,2025-07,2025-08,106,54,34,52,0,1487,8479d3dff58d1088d0bd8c887779808c6160803d279833499054bc0032287bd3,be7b7656bb7c55132b0bc513c4140fbd3c26273e34ea634cf8ff19a3f7128e52,USED,"{""colsample_bytree"": 0.8, ""deterministic"": true, ""force_col_wise"": true, ""learning_rate"": 0.03, ""min_child_samples"": 20, ""n_estimators"": 300, ""n_jobs"": 1, ""num_leaves"": 15, ""objective"": ""regression"", ""random_state"": 42, ""subsample"": 1.0, ""subsample_freq"": 0, ""use_missing"": true, ""verbosity"": -1, ""zero_as_missing"": false}"
EVALUATION_ALL,PERSISTENCE,1,h1_2025-08,2025-08,2025-09,106,65,43,41,20,1550,b72cb387ffd2637af8bf55a8a4197fae244d10bdf94fb1039abd5ba9de58a9a2,ee855a39763350fb1f48255f713fc7a1d36dca527e302b157db04fdc38720088,USED,
EVALUATION_ALL,LGBM_TEMPORAL,1,h1_2025-08,2025-08,2025-09,106,65,43,41,20,1550,b72cb387ffd2637af8bf55a8a4197fae244d10bdf94fb1039abd5ba9de58a9a2,ee855a39763350fb1f48255f713fc7a1d36dca527e302b157db04fdc38720088,USED,"{""colsample_bytree"": 0.8, ""deterministic"": true, ""force_col_wise"": true, ""learning_rate"": 0.03, ""min_child_samples"": 20, ""n_estimators"": 300, ""n_jobs"": 1, ""num_leaves"": 15, ""objective"": ""regression"", ""random_state"": 42, ""subsample"": 1.0, ""subsample_freq"": 0, ""use_missing"": true, ""verbosity"": -1, ""zero_as_missing"": false}"
EVALUATION_ALL,LGBM_TEMPORAL_SPATIAL,1,h1_2025-08,2025-08,2025-09,106,65,43,41,20,1550,b72cb387ffd2637af8bf55a8a4197fae244d10bdf94fb1039abd5ba9de58a9a2,ee855a39763350fb1f48255f713fc7a1d36dca527e302b157db04fdc38720088,USED,"{""colsample_bytree"": 0.8, ""deterministic"": true, ""force_col_wise"": true, ""learning_rate"": 0.03, ""min_child_samples"": 20, ""n_estimators"": 300, ""n_jobs"": 1, ""num_leaves"": 15, ""objective"": ""regression"", ""random_state"": 42, ""subsample"": 1.0, ""subsample_freq"": 0, ""use_missing"": true, ""verbosity"": -1, ""zero_as_missing"": false}"
EVALUATION_SPATIAL_COMPARABLE,PERSISTENCE,1,h1_2025-08,2025-08,2025-09,106,45,43,61,0,1550,b72cb387ffd2637af8bf55a8a4197fae244d10bdf94fb1039abd5ba9de58a9a2,1616a350b61cfad5487e264c4795d4566a16a668cff420a9cb925f16aa2f3f58,USED,
EVALUATION_SPATIAL_COMPARABLE,LGBM_TEMPORAL,1,h1_2025-08,2025-08,2025-09,106,45,43,61,0,1550,b72cb387ffd2637af8bf55a8a4197fae244d10bdf94fb1039abd5ba9de58a9a2,1616a350b61cfad5487e264c4795d4566a16a668cff420a9cb925f16aa2f3f58,USED,"{""colsample_bytree"": 0.8, ""deterministic"": true, ""force_col_wise"": true, ""learning_rate"": 0.03, ""min_child_samples"": 20, ""n_estimators"": 300, ""n_jobs"": 1, ""num_leaves"": 15, ""objective"": ""regression"", ""random_state"": 42, ""subsample"": 1.0, ""subsample_freq"": 0, ""use_missing"": true, ""verbosity"": -1, ""zero_as_missing"": false}"
EVALUATION_SPATIAL_COMPARABLE,LGBM_TEMPORAL_SPATIAL,1,h1_2025-08,2025-08,2025-09,106,45,43,61,0,1550,b72cb387ffd2637af8bf55a8a4197fae244d10bdf94fb1039abd5ba9de58a9a2,1616a350b61cfad5487e264c4795d4566a16a668cff420a9cb925f16aa2f3f58,USED,"{""colsample_bytree"": 0.8, ""deterministic"": true, ""force_col_wise"": true, ""learning_rate"": 0.03, ""min_child_samples"": 20, ""n_estimators"": 300, ""n_jobs"": 1, ""num_leaves"": 15, ""objective"": ""regression"", ""random_state"": 42, ""subsample"": 1.0, ""subsample_freq"": 0, ""use_missing"": true, ""verbosity"": -1, ""zero_as_missing"": false}"
EVALUATION_ALL,PERSISTENCE,1,h1_2025-10,2025-10,2025-11,106,53,55,53,19,1668,9e0f76aa65daf1e948b2d481cd2b8f26cae394a336f6a2f186a574179d5e8805,dc5c38bf688c69882e42fa99fa1456747df4abdf897da67f04b0e2ab614733cd,USED,
EVALUATION_ALL,LGBM_TEMPORAL,1,h1_2025-10,2025-10,2025-11,106,53,55,53,19,1668,9e0f76aa65daf1e948b2d481cd2b8f26cae394a336f6a2f186a574179d5e8805,dc5c38bf688c69882e42fa99fa1456747df4abdf897da67f04b0e2ab614733cd,USED,"{""colsample_bytree"": 0.8, ""deterministic"": true, ""force_col_wise"": true, ""learning_rate"": 0.03, ""min_child_samples"": 20, ""n_estimators"": 300, ""n_jobs"": 1, ""num_leaves"": 15, ""objective"": ""regression"", ""random_state"": 42, ""subsample"": 1.0, ""subsample_freq"": 0, ""use_missing"": true, ""verbosity"": -1, ""zero_as_missing"": false}"
EVALUATION_ALL,LGBM_TEMPORAL_SPATIAL,1,h1_2025-10,2025-10,2025-11,106,53,55,53,19,1668,9e0f76aa65daf1e948b2d481cd2b8f26cae394a336f6a2f186a574179d5e8805,dc5c38bf688c69882e42fa99fa1456747df4abdf897da67f04b0e2ab614733cd,USED,"{""colsample_bytree"": 0.8, ""deterministic"": true, ""force_col_wise"": true, ""learning_rate"": 0.03, ""min_child_samples"": 20, ""n_estimators"": 300, ""n_jobs"": 1, ""num_leaves"": 15, ""objective"": ""regression"", ""random_state"": 42, ""subsample"": 1.0, ""subsample_freq"": 0, ""use_missing"": true, ""verbosity"": -1, ""zero_as_missing"": false}"
EVALUATION_SPATIAL_COMPARABLE,PERSISTENCE,1,h1_2025-10,2025-10,2025-11,106,31,55,75,0,1668,9e0f76aa65daf1e948b2d481cd2b8f26cae394a336f6a2f186a574179d5e8805,260186df60b1f31e91b70f9b732f822d216146da421a2b100a3693ebee577ecd,USED,
EVALUATION_SPATIAL_COMPARABLE,LGBM_TEMPORAL,1,h1_2025-10,2025-10,2025-11,106,31,55,75,0,1668,9e0f76aa65daf1e948b2d481cd2b8f26cae394a336f6a2f186a574179d5e8805,260186df60b1f31e91b70f9b732f822d216146da421a2b100a3693ebee577ecd,USED,"{""colsample_bytree"": 0.8, ""deterministic"": true, ""force_col_wise"": true, ""learning_rate"": 0.03, ""min_child_samples"": 20, ""n_estimators"": 300, ""n_jobs"": 1, ""num_leaves"": 15, ""objective"": ""regression"", ""random_state"": 42, ""subsample"": 1.0, ""subsample_freq"": 0, ""use_missing"": true, ""verbosity"": -1, ""zero_as_missing"": false}"
EVALUATION_SPATIAL_COMPARABLE,LGBM_TEMPORAL_SPATIAL,1,h1_2025-10,2025-10,2025-11,106,31,55,75,0,1668,9e0f76aa65daf1e948b2d481cd2b8f26cae394a336f6a2f186a574179d5e8805,260186df60b1f31e91b70f9b732f822d216146da421a2b100a3693ebee577ecd,USED,"{""colsample_bytree"": 0.8, ""deterministic"": true, ""force_col_wise"": true, ""learning_rate"": 0.03, ""min_child_samples"": 20, ""n_estimators"": 300, ""n_jobs"": 1, ""num_leaves"": 15, ""objective"": ""regression"", ""random_state"": 42, ""subsample"": 1.0, ""subsample_freq"": 0, ""use_missing"": true, ""verbosity"": -1, ""zero_as_missing"": false}"
EVALUATION_ALL,PERSISTENCE,1,h1_2025-11,2025-11,2025-12,106,71,39,35,26,1736,068feee26253a3267c992581d578632a24ab835fd880681ba078c569e345bad5,2e638b36356a45b2d860eda4616bbf78bcdd37194e5aaee6c11a2e3c7f8c6ab3,USED,
EVALUATION_ALL,LGBM_TEMPORAL,1,h1_2025-11,2025-11,2025-12,106,71,39,35,26,1736,068feee26253a3267c992581d578632a24ab835fd880681ba078c569e345bad5,2e638b36356a45b2d860eda4616bbf78bcdd37194e5aaee6c11a2e3c7f8c6ab3,USED,"{""colsample_bytree"": 0.8, ""deterministic"": true, ""force_col_wise"": true, ""learning_rate"": 0.03, ""min_child_samples"": 20, ""n_estimators"": 300, ""n_jobs"": 1, ""num_leaves"": 15, ""objective"": ""regression"", ""random_state"": 42, ""subsample"": 1.0, ""subsample_freq"": 0, ""use_missing"": true, ""verbosity"": -1, ""zero_as_missing"": false}"
EVALUATION_ALL,LGBM_TEMPORAL_SPATIAL,1,h1_2025-11,2025-11,2025-12,106,71,39,35,26,1736,068feee26253a3267c992581d578632a24ab835fd880681ba078c569e345bad5,2e638b36356a45b2d860eda4616bbf78bcdd37194e5aaee6c11a2e3c7f8c6ab3,USED,"{""colsample_bytree"": 0.8, ""deterministic"": true, ""force_col_wise"": true, ""learning_rate"": 0.03, ""min_child_samples"": 20, ""n_estimators"": 300, ""n_jobs"": 1, ""num_leaves"": 15, ""objective"": ""regression"", ""random_state"": 42, ""subsample"": 1.0, ""subsample_freq"": 0, ""use_missing"": true, ""verbosity"": -1, ""zero_as_missing"": false}"
EVALUATION_SPATIAL_COMPARABLE,PERSISTENCE,1,h1_2025-11,2025-11,2025-12,106,45,39,61,0,1736,068feee26253a3267c992581d578632a24ab835fd880681ba078c569e345bad5,5d9836c92b8139b2fdf362ec8aaab3b6a318bc4d1360b0f9b95f7adb4f267515,USED,
EVALUATION_SPATIAL_COMPARABLE,LGBM_TEMPORAL,1,h1_2025-11,2025-11,2025-12,106,45,39,61,0,1736,068feee26253a3267c992581d578632a24ab835fd880681ba078c569e345bad5,5d9836c92b8139b2fdf362ec8aaab3b6a318bc4d1360b0f9b95f7adb4f267515,USED,"{""colsample_bytree"": 0.8, ""deterministic"": true, ""force_col_wise"": true, ""learning_rate"": 0.03, ""min_child_samples"": 20, ""n_estimators"": 300, ""n_jobs"": 1, ""num_leaves"": 15, ""objective"": ""regression"", ""random_state"": 42, ""subsample"": 1.0, ""subsample_freq"": 0, ""use_missing"": true, ""verbosity"": -1, ""zero_as_missing"": false}"
EVALUATION_SPATIAL_COMPARABLE,LGBM_TEMPORAL_SPATIAL,1,h1_2025-11,2025-11,2025-12,106,45,39,61,0,1736,068feee26253a3267c992581d578632a24ab835fd880681ba078c569e345bad5,5d9836c92b8139b2fdf362ec8aaab3b6a318bc4d1360b0f9b95f7adb4f267515,USED,"{""colsample_bytree"": 0.8, ""deterministic"": true, ""force_col_wise"": true, ""learning_rate"": 0.03, ""min_child_samples"": 20, ""n_estimators"": 300, ""n_jobs"": 1, ""num_leaves"": 15, ""objective"": ""regression"", ""random_state"": 42, ""subsample"": 1.0, ""subsample_freq"": 0, ""use_missing"": true, ""verbosity"": -1, ""zero_as_missing"": false}"
EVALUATION_ALL,PERSISTENCE,1,h1_2025-12,2025-12,2026-01,106,73,40,33,24,1803,8c2e7cd195f87b221eaf3df21566a336758f4abe7275382a674d98342ca61172,fa7a9bc6dbebecb6de24bcf7df0fbce8d6e2fca44a6dd19f053860316872f1b9,USED,
EVALUATION_ALL,LGBM_TEMPORAL,1,h1_2025-12,2025-12,2026-01,106,73,40,33,24,1803,8c2e7cd195f87b221eaf3df21566a336758f4abe7275382a674d98342ca61172,fa7a9bc6dbebecb6de24bcf7df0fbce8d6e2fca44a6dd19f053860316872f1b9,USED,"{""colsample_bytree"": 0.8, ""deterministic"": true, ""force_col_wise"": true, ""learning_rate"": 0.03, ""min_child_samples"": 20, ""n_estimators"": 300, ""n_jobs"": 1, ""num_leaves"": 15, ""objective"": ""regression"", ""random_state"": 42, ""subsample"": 1.0, ""subsample_freq"": 0, ""use_missing"": true, ""verbosity"": -1, ""zero_as_missing"": false}"
EVALUATION_ALL,LGBM_TEMPORAL_SPATIAL,1,h1_2025-12,2025-12,2026-01,106,73,40,33,24,1803,8c2e7cd195f87b221eaf3df21566a336758f4abe7275382a674d98342ca61172,fa7a9bc6dbebecb6de24bcf7df0fbce8d6e2fca44a6dd19f053860316872f1b9,USED,"{""colsample_bytree"": 0.8, ""deterministic"": true, ""force_col_wise"": true, ""learning_rate"": 0.03, ""min_child_samples"": 20, ""n_estimators"": 300, ""n_jobs"": 1, ""num_leaves"": 15, ""objective"": ""regression"", ""random_state"": 42, ""subsample"": 1.0, ""subsample_freq"": 0, ""use_missing"": true, ""verbosity"": -1, ""zero_as_missing"": false}"
EVALUATION_SPATIAL_COMPARABLE,PERSISTENCE,1,h1_2025-12,2025-12,2026-01,106,48,40,58,0,1803,8c2e7cd195f87b221eaf3df21566a336758f4abe7275382a674d98342ca61172,1cb2d02cbecc784e3d69bc4b2c5fc7fd089a5a0381f7f44b860958008ad189a7,USED,
EVALUATION_SPATIAL_COMPARABLE,LGBM_TEMPORAL,1,h1_2025-12,2025-12,2026-01,106,48,40,58,0,1803,8c2e7cd195f87b221eaf3df21566a336758f4abe7275382a674d98342ca61172,1cb2d02cbecc784e3d69bc4b2c5fc7fd089a5a0381f7f44b860958008ad189a7,USED,"{""colsample_bytree"": 0.8, ""deterministic"": true, ""force_col_wise"": true, ""learning_rate"": 0.03, ""min_child_samples"": 20, ""n_estimators"": 300, ""n_jobs"": 1, ""num_leaves"": 15, ""objective"": ""regression"", ""random_state"": 42, ""subsample"": 1.0, ""subsample_freq"": 0, ""use_missing"": true, ""verbosity"": -1, ""zero_as_missing"": false}"
EVALUATION_SPATIAL_COMPARABLE,LGBM_TEMPORAL_SPATIAL,1,h1_2025-12,2025-12,2026-01,106,48,40,58,0,1803,8c2e7cd195f87b221eaf3df21566a336758f4abe7275382a674d98342ca61172,1cb2d02cbecc784e3d69bc4b2c5fc7fd089a5a0381f7f44b860958008ad189a7,USED,"{""colsample_bytree"": 0.8, ""deterministic"": true, ""force_col_wise"": true, ""learning_rate"": 0.03, ""min_child_samples"": 20, ""n_estimators"": 300, ""n_jobs"": 1, ""num_leaves"": 15, ""objective"": ""regression"", ""random_state"": 42, ""subsample"": 1.0, ""subsample_freq"": 0, ""use_missing"": true, ""verbosity"": -1, ""zero_as_missing"": false}"
EVALUATION_ALL,PERSISTENCE,1,h1_2026-01,2026-01,2026-02,106,65,47,41,26,1869,2058f499d87fa18ac280a4a73a8fa992e0ded594f0df24ccab6be4f46fd29e23,2d961917ef8ba4434086a99caaad2d403eed62dc590867c6ecbdfb8afb68ea37,USED,
EVALUATION_ALL,LGBM_TEMPORAL,1,h1_2026-01,2026-01,2026-02,106,65,47,41,26,1869,2058f499d87fa18ac280a4a73a8fa992e0ded594f0df24ccab6be4f46fd29e23,2d961917ef8ba4434086a99caaad2d403eed62dc590867c6ecbdfb8afb68ea37,USED,"{""colsample_bytree"": 0.8, ""deterministic"": true, ""force_col_wise"": true, ""learning_rate"": 0.03, ""min_child_samples"": 20, ""n_estimators"": 300, ""n_jobs"": 1, ""num_leaves"": 15, ""objective"": ""regression"", ""random_state"": 42, ""subsample"": 1.0, ""subsample_freq"": 0, ""use_missing"": true, ""verbosity"": -1, ""zero_as_missing"": false}"
EVALUATION_ALL,LGBM_TEMPORAL_SPATIAL,1,h1_2026-01,2026-01,2026-02,106,65,47,41,26,1869,2058f499d87fa18ac280a4a73a8fa992e0ded594f0df24ccab6be4f46fd29e23,2d961917ef8ba4434086a99caaad2d403eed62dc590867c6ecbdfb8afb68ea37,USED,"{""colsample_bytree"": 0.8, ""deterministic"": true, ""force_col_wise"": true, ""learning_rate"": 0.03, ""min_child_samples"": 20, ""n_estimators"": 300, ""n_jobs"": 1, ""num_leaves"": 15, ""objective"": ""regression"", ""random_state"": 42, ""subsample"": 1.0, ""subsample_freq"": 0, ""use_missing"": true, ""verbosity"": -1, ""zero_as_missing"": false}"
EVALUATION_SPATIAL_COMPARABLE,PERSISTENCE,1,h1_2026-01,2026-01,2026-02,106,37,47,69,0,1869,2058f499d87fa18ac280a4a73a8fa992e0ded594f0df24ccab6be4f46fd29e23,9e44be21606e5a36eb65194ebd327e8858e8dc6a90e12f0f47f08711ee36b21f,USED,
EVALUATION_SPATIAL_COMPARABLE,LGBM_TEMPORAL,1,h1_2026-01,2026-01,2026-02,106,37,47,69,0,1869,2058f499d87fa18ac280a4a73a8fa992e0ded594f0df24ccab6be4f46fd29e23,9e44be21606e5a36eb65194ebd327e8858e8dc6a90e12f0f47f08711ee36b21f,USED,"{""colsample_bytree"": 0.8, ""deterministic"": true, ""force_col_wise"": true, ""learning_rate"": 0.03, ""min_child_samples"": 20, ""n_estimators"": 300, ""n_jobs"": 1, ""num_leaves"": 15, ""objective"": ""regression"", ""random_state"": 42, ""subsample"": 1.0, ""subsample_freq"": 0, ""use_missing"": true, ""verbosity"": -1, ""zero_as_missing"": false}"
EVALUATION_SPATIAL_COMPARABLE,LGBM_TEMPORAL_SPATIAL,1,h1_2026-01,2026-01,2026-02,106,37,47,69,0,1869,2058f499d87fa18ac280a4a73a8fa992e0ded594f0df24ccab6be4f46fd29e23,9e44be21606e5a36eb65194ebd327e8858e8dc6a90e12f0f47f08711ee36b21f,USED,"{""colsample_bytree"": 0.8, ""deterministic"": true, ""force_col_wise"": true, ""learning_rate"": 0.03, ""min_child_samples"": 20, ""n_estimators"": 300, ""n_jobs"": 1, ""num_leaves"": 15, ""objective"": ""regression"", ""random_state"": 42, ""subsample"": 1.0, ""subsample_freq"": 0, ""use_missing"": true, ""verbosity"": -1, ""zero_as_missing"": false}"
EVALUATION_ALL,PERSISTENCE,1,h1_2026-02,2026-02,2026-03,106,57,49,49,22,1928,63820cd11c9859dcfcfc31496dd7df8f78de7be46b7fc6043a79d4a65971c271,6bd46db711fcb33bd4312f8bf429f88b596a61b80a1e72b5290a09c7828c5079,USED,
EVALUATION_ALL,LGBM_TEMPORAL,1,h1_2026-02,2026-02,2026-03,106,57,49,49,22,1928,63820cd11c9859dcfcfc31496dd7df8f78de7be46b7fc6043a79d4a65971c271,6bd46db711fcb33bd4312f8bf429f88b596a61b80a1e72b5290a09c7828c5079,USED,"{""colsample_bytree"": 0.8, ""deterministic"": true, ""force_col_wise"": true, ""learning_rate"": 0.03, ""min_child_samples"": 20, ""n_estimators"": 300, ""n_jobs"": 1, ""num_leaves"": 15, ""objective"": ""regression"", ""random_state"": 42, ""subsample"": 1.0, ""subsample_freq"": 0, ""use_missing"": true, ""verbosity"": -1, ""zero_as_missing"": false}"
EVALUATION_ALL,LGBM_TEMPORAL_SPATIAL,1,h1_2026-02,2026-02,2026-03,106,57,49,49,22,1928,63820cd11c9859dcfcfc31496dd7df8f78de7be46b7fc6043a79d4a65971c271,6bd46db711fcb33bd4312f8bf429f88b596a61b80a1e72b5290a09c7828c5079,USED,"{""colsample_bytree"": 0.8, ""deterministic"": true, ""force_col_wise"": true, ""learning_rate"": 0.03, ""min_child_samples"": 20, ""n_estimators"": 300, ""n_jobs"": 1, ""num_leaves"": 15, ""objective"": ""regression"", ""random_state"": 42, ""subsample"": 1.0, ""subsample_freq"": 0, ""use_missing"": true, ""verbosity"": -1, ""zero_as_missing"": false}"
EVALUATION_SPATIAL_COMPARABLE,PERSISTENCE,1,h1_2026-02,2026-02,2026-03,106,34,49,72,0,1928,63820cd11c9859dcfcfc31496dd7df8f78de7be46b7fc6043a79d4a65971c271,fed3988a4828d514284d3eab622369ce769e283cad772495edab73dad0f48b64,USED,
EVALUATION_SPATIAL_COMPARABLE,LGBM_TEMPORAL,1,h1_2026-02,2026-02,2026-03,106,34,49,72,0,1928,63820cd11c9859dcfcfc31496dd7df8f78de7be46b7fc6043a79d4a65971c271,fed3988a4828d514284d3eab622369ce769e283cad772495edab73dad0f48b64,USED,"{""colsample_bytree"": 0.8, ""deterministic"": true, ""force_col_wise"": true, ""learning_rate"": 0.03, ""min_child_samples"": 20, ""n_estimators"": 300, ""n_jobs"": 1, ""num_leaves"": 15, ""objective"": ""regression"", ""random_state"": 42, ""subsample"": 1.0, ""subsample_freq"": 0, ""use_missing"": true, ""verbosity"": -1, ""zero_as_missing"": false}"
EVALUATION_SPATIAL_COMPARABLE,LGBM_TEMPORAL_SPATIAL,1,h1_2026-02,2026-02,2026-03,106,34,49,72,0,1928,63820cd11c9859dcfcfc31496dd7df8f78de7be46b7fc6043a79d4a65971c271,fed3988a4828d514284d3eab622369ce769e283cad772495edab73dad0f48b64,USED,"{""colsample_bytree"": 0.8, ""deterministic"": true, ""force_col_wise"": true, ""learning_rate"": 0.03, ""min_child_samples"": 20, ""n_estimators"": 300, ""n_jobs"": 1, ""num_leaves"": 15, ""objective"": ""regression"", ""random_state"": 42, ""subsample"": 1.0, ""subsample_freq"": 0, ""use_missing"": true, ""verbosity"": -1, ""zero_as_missing"": false}"
EVALUATION_ALL,PERSISTENCE,1,h1_2026-03,2026-03,2026-04,106,65,39,41,23,1991,cd685fd7463a8e9cd96df1957ec1d813a30510bff5261233aeac3e16d8e8d795,c1e4824322310f9466a2d48ff40e0d5842e7000d276bc31b582d6fdff321d396,USED,
EVALUATION_ALL,LGBM_TEMPORAL,1,h1_2026-03,2026-03,2026-04,106,65,39,41,23,1991,cd685fd7463a8e9cd96df1957ec1d813a30510bff5261233aeac3e16d8e8d795,c1e4824322310f9466a2d48ff40e0d5842e7000d276bc31b582d6fdff321d396,USED,"{""colsample_bytree"": 0.8, ""deterministic"": true, ""force_col_wise"": true, ""learning_rate"": 0.03, ""min_child_samples"": 20, ""n_estimators"": 300, ""n_jobs"": 1, ""num_leaves"": 15, ""objective"": ""regression"", ""random_state"": 42, ""subsample"": 1.0, ""subsample_freq"": 0, ""use_missing"": true, ""verbosity"": -1, ""zero_as_missing"": false}"
EVALUATION_ALL,LGBM_TEMPORAL_SPATIAL,1,h1_2026-03,2026-03,2026-04,106,65,39,41,23,1991,cd685fd7463a8e9cd96df1957ec1d813a30510bff5261233aeac3e16d8e8d795,c1e4824322310f9466a2d48ff40e0d5842e7000d276bc31b582d6fdff321d396,USED,"{""colsample_bytree"": 0.8, ""deterministic"": true, ""force_col_wise"": true, ""learning_rate"": 0.03, ""min_child_samples"": 20, ""n_estimators"": 300, ""n_jobs"": 1, ""num_leaves"": 15, ""objective"": ""regression"", ""random_state"": 42, ""subsample"": 1.0, ""subsample_freq"": 0, ""use_missing"": true, ""verbosity"": -1, ""zero_as_missing"": false}"
EVALUATION_SPATIAL_COMPARABLE,PERSISTENCE,1,h1_2026-03,2026-03,2026-04,106,40,39,66,0,1991,cd685fd7463a8e9cd96df1957ec1d813a30510bff5261233aeac3e16d8e8d795,39a8f127bdd6fe709650a650fbe025a0d1c1f65181244beafb0717fe528e5f19,USED,
EVALUATION_SPATIAL_COMPARABLE,LGBM_TEMPORAL,1,h1_2026-03,2026-03,2026-04,106,40,39,66,0,1991,cd685fd7463a8e9cd96df1957ec1d813a30510bff5261233aeac3e16d8e8d795,39a8f127bdd6fe709650a650fbe025a0d1c1f65181244beafb0717fe528e5f19,USED,"{""colsample_bytree"": 0.8, ""deterministic"": true, ""force_col_wise"": true, ""learning_rate"": 0.03, ""min_child_samples"": 20, ""n_estimators"": 300, ""n_jobs"": 1, ""num_leaves"": 15, ""objective"": ""regression"", ""random_state"": 42, ""subsample"": 1.0, ""subsample_freq"": 0, ""use_missing"": true, ""verbosity"": -1, ""zero_as_missing"": false}"
EVALUATION_SPATIAL_COMPARABLE,LGBM_TEMPORAL_SPATIAL,1,h1_2026-03,2026-03,2026-04,106,40,39,66,0,1991,cd685fd7463a8e9cd96df1957ec1d813a30510bff5261233aeac3e16d8e8d795,39a8f127bdd6fe709650a650fbe025a0d1c1f65181244beafb0717fe528e5f19,USED,"{""colsample_bytree"": 0.8, ""deterministic"": true, ""force_col_wise"": true, ""learning_rate"": 0.03, ""min_child_samples"": 20, ""n_estimators"": 300, ""n_jobs"": 1, ""num_leaves"": 15, ""objective"": ""regression"", ""random_state"": 42, ""subsample"": 1.0, ""subsample_freq"": 0, ""use_missing"": true, ""verbosity"": -1, ""zero_as_missing"": false}"
EVALUATION_ALL,PERSISTENCE,1,h1_2026-04,2026-04,2026-05,106,48,52,58,22,2041,5cbda243b65d898bbaecaad9d8f90082075320eb49fb47a817a90844fb6ddbec,de64298402e30aeed6f8c318c5f882b935a3f22b624ee2a7c9237b0fc76537b3,USED,
EVALUATION_ALL,LGBM_TEMPORAL,1,h1_2026-04,2026-04,2026-05,106,48,52,58,22,2041,5cbda243b65d898bbaecaad9d8f90082075320eb49fb47a817a90844fb6ddbec,de64298402e30aeed6f8c318c5f882b935a3f22b624ee2a7c9237b0fc76537b3,USED,"{""colsample_bytree"": 0.8, ""deterministic"": true, ""force_col_wise"": true, ""learning_rate"": 0.03, ""min_child_samples"": 20, ""n_estimators"": 300, ""n_jobs"": 1, ""num_leaves"": 15, ""objective"": ""regression"", ""random_state"": 42, ""subsample"": 1.0, ""subsample_freq"": 0, ""use_missing"": true, ""verbosity"": -1, ""zero_as_missing"": false}"
EVALUATION_ALL,LGBM_TEMPORAL_SPATIAL,1,h1_2026-04,2026-04,2026-05,106,48,52,58,22,2041,5cbda243b65d898bbaecaad9d8f90082075320eb49fb47a817a90844fb6ddbec,de64298402e30aeed6f8c318c5f882b935a3f22b624ee2a7c9237b0fc76537b3,USED,"{""colsample_bytree"": 0.8, ""deterministic"": true, ""force_col_wise"": true, ""learning_rate"": 0.03, ""min_child_samples"": 20, ""n_estimators"": 300, ""n_jobs"": 1, ""num_leaves"": 15, ""objective"": ""regression"", ""random_state"": 42, ""subsample"": 1.0, ""subsample_freq"": 0, ""use_missing"": true, ""verbosity"": -1, ""zero_as_missing"": false}"
EVALUATION_SPATIAL_COMPARABLE,PERSISTENCE,1,h1_2026-04,2026-04,2026-05,106,25,52,81,0,2041,5cbda243b65d898bbaecaad9d8f90082075320eb49fb47a817a90844fb6ddbec,e78c0a59dd7813acd57fdf623a2363605221b08e3c0bddf82515c10a4283dcc9,USED,
EVALUATION_SPATIAL_COMPARABLE,LGBM_TEMPORAL,1,h1_2026-04,2026-04,2026-05,106,25,52,81,0,2041,5cbda243b65d898bbaecaad9d8f90082075320eb49fb47a817a90844fb6ddbec,e78c0a59dd7813acd57fdf623a2363605221b08e3c0bddf82515c10a4283dcc9,USED,"{""colsample_bytree"": 0.8, ""deterministic"": true, ""force_col_wise"": true, ""learning_rate"": 0.03, ""min_child_samples"": 20, ""n_estimators"": 300, ""n_jobs"": 1, ""num_leaves"": 15, ""objective"": ""regression"", ""random_state"": 42, ""subsample"": 1.0, ""subsample_freq"": 0, ""use_missing"": true, ""verbosity"": -1, ""zero_as_missing"": false}"
EVALUATION_SPATIAL_COMPARABLE,LGBM_TEMPORAL_SPATIAL,1,h1_2026-04,2026-04,2026-05,106,25,52,81,0,2041,5cbda243b65d898bbaecaad9d8f90082075320eb49fb47a817a90844fb6ddbec,e78c0a59dd7813acd57fdf623a2363605221b08e3c0bddf82515c10a4283dcc9,USED,"{""colsample_bytree"": 0.8, ""deterministic"": true, ""force_col_wise"": true, ""learning_rate"": 0.03, ""min_child_samples"": 20, ""n_estimators"": 300, ""n_jobs"": 1, ""num_leaves"": 15, ""objective"": ""regression"", ""random_state"": 42, ""subsample"": 1.0, ""subsample_freq"": 0, ""use_missing"": true, ""verbosity"": -1, ""zero_as_missing"": false}"
EVALUATION_ALL,PERSISTENCE,1,h1_2026-05,2026-05,2026-06,106,65,38,41,21,2109,f4c0ebd064a4f8df28f722749b31d5e39fdd26ed669fc2661b80d295b79a582e,408c511293b8430d7f1ca67bf47304efec71da268198a52661d50ad9d4a793b9,USED,
EVALUATION_ALL,LGBM_TEMPORAL,1,h1_2026-05,2026-05,2026-06,106,65,38,41,21,2109,f4c0ebd064a4f8df28f722749b31d5e39fdd26ed669fc2661b80d295b79a582e,408c511293b8430d7f1ca67bf47304efec71da268198a52661d50ad9d4a793b9,USED,"{""colsample_bytree"": 0.8, ""deterministic"": true, ""force_col_wise"": true, ""learning_rate"": 0.03, ""min_child_samples"": 20, ""n_estimators"": 300, ""n_jobs"": 1, ""num_leaves"": 15, ""objective"": ""regression"", ""random_state"": 42, ""subsample"": 1.0, ""subsample_freq"": 0, ""use_missing"": true, ""verbosity"": -1, ""zero_as_missing"": false}"
EVALUATION_ALL,LGBM_TEMPORAL_SPATIAL,1,h1_2026-05,2026-05,2026-06,106,65,38,41,21,2109,f4c0ebd064a4f8df28f722749b31d5e39fdd26ed669fc2661b80d295b79a582e,408c511293b8430d7f1ca67bf47304efec71da268198a52661d50ad9d4a793b9,USED,"{""colsample_bytree"": 0.8, ""deterministic"": true, ""force_col_wise"": true, ""learning_rate"": 0.03, ""min_child_samples"": 20, ""n_estimators"": 300, ""n_jobs"": 1, ""num_leaves"": 15, ""objective"": ""regression"", ""random_state"": 42, ""subsample"": 1.0, ""subsample_freq"": 0, ""use_missing"": true, ""verbosity"": -1, ""zero_as_missing"": false}"
EVALUATION_SPATIAL_COMPARABLE,PERSISTENCE,1,h1_2026-05,2026-05,2026-06,106,43,38,63,0,2109,f4c0ebd064a4f8df28f722749b31d5e39fdd26ed669fc2661b80d295b79a582e,e7b90eb8670325d0d82f80e04e46bae59e5910ad958ec614f052969f08d0fb10,USED,
EVALUATION_SPATIAL_COMPARABLE,LGBM_TEMPORAL,1,h1_2026-05,2026-05,2026-06,106,43,38,63,0,2109,f4c0ebd064a4f8df28f722749b31d5e39fdd26ed669fc2661b80d295b79a582e,e7b90eb8670325d0d82f80e04e46bae59e5910ad958ec614f052969f08d0fb10,USED,"{""colsample_bytree"": 0.8, ""deterministic"": true, ""force_col_wise"": true, ""learning_rate"": 0.03, ""min_child_samples"": 20, ""n_estimators"": 300, ""n_jobs"": 1, ""num_leaves"": 15, ""objective"": ""regression"", ""random_state"": 42, ""subsample"": 1.0, ""subsample_freq"": 0, ""use_missing"": true, ""verbosity"": -1, ""zero_as_missing"": false}"
EVALUATION_SPATIAL_COMPARABLE,LGBM_TEMPORAL_SPATIAL,1,h1_2026-05,2026-05,2026-06,106,43,38,63,0,2109,f4c0ebd064a4f8df28f722749b31d5e39fdd26ed669fc2661b80d295b79a582e,e7b90eb8670325d0d82f80e04e46bae59e5910ad958ec614f052969f08d0fb10,USED,"{""colsample_bytree"": 0.8, ""deterministic"": true, ""force_col_wise"": true, ""learning_rate"": 0.03, ""min_child_samples"": 20, ""n_estimators"": 300, ""n_jobs"": 1, ""num_leaves"": 15, ""objective"": ""regression"", ""random_state"": 42, ""subsample"": 1.0, ""subsample_freq"": 0, ""use_missing"": true, ""verbosity"": -1, ""zero_as_missing"": false}"
EVALUATION_ALL,PERSISTENCE,1,h1_2026-06,2026-06,2026-07,106,43,54,63,17,2154,8abd12f9ee4528bc172b79f6cb6f540ff1554f9b5a6bf00d1de895f1e533c530,dafbfe7b2f804b121174f64f00f5ed60688a22c58ed1463f4efab72f59339f60,USED,
EVALUATION_ALL,LGBM_TEMPORAL,1,h1_2026-06,2026-06,2026-07,106,43,54,63,17,2154,8abd12f9ee4528bc172b79f6cb6f540ff1554f9b5a6bf00d1de895f1e533c530,dafbfe7b2f804b121174f64f00f5ed60688a22c58ed1463f4efab72f59339f60,USED,"{""colsample_bytree"": 0.8, ""deterministic"": true, ""force_col_wise"": true, ""learning_rate"": 0.03, ""min_child_samples"": 20, ""n_estimators"": 300, ""n_jobs"": 1, ""num_leaves"": 15, ""objective"": ""regression"", ""random_state"": 42, ""subsample"": 1.0, ""subsample_freq"": 0, ""use_missing"": true, ""verbosity"": -1, ""zero_as_missing"": false}"
EVALUATION_ALL,LGBM_TEMPORAL_SPATIAL,1,h1_2026-06,2026-06,2026-07,106,43,54,63,17,2154,8abd12f9ee4528bc172b79f6cb6f540ff1554f9b5a6bf00d1de895f1e533c530,dafbfe7b2f804b121174f64f00f5ed60688a22c58ed1463f4efab72f59339f60,USED,"{""colsample_bytree"": 0.8, ""deterministic"": true, ""force_col_wise"": true, ""learning_rate"": 0.03, ""min_child_samples"": 20, ""n_estimators"": 300, ""n_jobs"": 1, ""num_leaves"": 15, ""objective"": ""regression"", ""random_state"": 42, ""subsample"": 1.0, ""subsample_freq"": 0, ""use_missing"": true, ""verbosity"": -1, ""zero_as_missing"": false}"
EVALUATION_SPATIAL_COMPARABLE,PERSISTENCE,1,h1_2026-06,2026-06,2026-07,106,26,54,80,0,2154,8abd12f9ee4528bc172b79f6cb6f540ff1554f9b5a6bf00d1de895f1e533c530,8bb1034a33f2d72fa6f28100ae2d1c1283fa57a561864805514044c64a0c96e0,USED,
EVALUATION_SPATIAL_COMPARABLE,LGBM_TEMPORAL,1,h1_2026-06,2026-06,2026-07,106,26,54,80,0,2154,8abd12f9ee4528bc172b79f6cb6f540ff1554f9b5a6bf00d1de895f1e533c530,8bb1034a33f2d72fa6f28100ae2d1c1283fa57a561864805514044c64a0c96e0,USED,"{""colsample_bytree"": 0.8, ""deterministic"": true, ""force_col_wise"": true, ""learning_rate"": 0.03, ""min_child_samples"": 20, ""n_estimators"": 300, ""n_jobs"": 1, ""num_leaves"": 15, ""objective"": ""regression"", ""random_state"": 42, ""subsample"": 1.0, ""subsample_freq"": 0, ""use_missing"": true, ""verbosity"": -1, ""zero_as_missing"": false}"
EVALUATION_SPATIAL_COMPARABLE,LGBM_TEMPORAL_SPATIAL,1,h1_2026-06,2026-06,2026-07,106,26,54,80,0,2154,8abd12f9ee4528bc172b79f6cb6f540ff1554f9b5a6bf00d1de895f1e533c530,8bb1034a33f2d72fa6f28100ae2d1c1283fa57a561864805514044c64a0c96e0,USED,"{""colsample_bytree"": 0.8, ""deterministic"": true, ""force_col_wise"": true, ""learning_rate"": 0.03, ""min_child_samples"": 20, ""n_estimators"": 300, ""n_jobs"": 1, ""num_leaves"": 15, ""objective"": ""regression"", ""random_state"": 42, ""subsample"": 1.0, ""subsample_freq"": 0, ""use_missing"": true, ""verbosity"": -1, ""zero_as_missing"": false}"
EVALUATION_ALL,PERSISTENCE,1,h1_2026-07,2026-07,2026-08,106,62,40,44,20,2216,1d8616341c6be84f14840f6387ab3e8e38ac731de07f7becbb53100edf2bd07b,75fb617a38c9c8257c863126d317e6cddef57da29bc54011780ae133380f2070,USED,
EVALUATION_ALL,LGBM_TEMPORAL,1,h1_2026-07,2026-07,2026-08,106,62,40,44,20,2216,1d8616341c6be84f14840f6387ab3e8e38ac731de07f7becbb53100edf2bd07b,75fb617a38c9c8257c863126d317e6cddef57da29bc54011780ae133380f2070,USED,"{""colsample_bytree"": 0.8, ""deterministic"": true, ""force_col_wise"": true, ""learning_rate"": 0.03, ""min_child_samples"": 20, ""n_estimators"": 300, ""n_jobs"": 1, ""num_leaves"": 15, ""objective"": ""regression"", ""random_state"": 42, ""subsample"": 1.0, ""subsample_freq"": 0, ""use_missing"": true, ""verbosity"": -1, ""zero_as_missing"": false}"
EVALUATION_ALL,LGBM_TEMPORAL_SPATIAL,1,h1_2026-07,2026-07,2026-08,106,62,40,44,20,2216,1d8616341c6be84f14840f6387ab3e8e38ac731de07f7becbb53100edf2bd07b,75fb617a38c9c8257c863126d317e6cddef57da29bc54011780ae133380f2070,USED,"{""colsample_bytree"": 0.8, ""deterministic"": true, ""force_col_wise"": true, ""learning_rate"": 0.03, ""min_child_samples"": 20, ""n_estimators"": 300, ""n_jobs"": 1, ""num_leaves"": 15, ""objective"": ""regression"", ""random_state"": 42, ""subsample"": 1.0, ""subsample_freq"": 0, ""use_missing"": true, ""verbosity"": -1, ""zero_as_missing"": false}"
EVALUATION_SPATIAL_COMPARABLE,PERSISTENCE,1,h1_2026-07,2026-07,2026-08,106,42,40,64,0,2216,1d8616341c6be84f14840f6387ab3e8e38ac731de07f7becbb53100edf2bd07b,07c87e90a299736e4ec6d804d8b692fb58ab2a3b24417bcc8409246ea55fc236,USED,
EVALUATION_SPATIAL_COMPARABLE,LGBM_TEMPORAL,1,h1_2026-07,2026-07,2026-08,106,42,40,64,0,2216,1d8616341c6be84f14840f6387ab3e8e38ac731de07f7becbb53100edf2bd07b,07c87e90a299736e4ec6d804d8b692fb58ab2a3b24417bcc8409246ea55fc236,USED,"{""colsample_bytree"": 0.8, ""deterministic"": true, ""force_col_wise"": true, ""learning_rate"": 0.03, ""min_child_samples"": 20, ""n_estimators"": 300, ""n_jobs"": 1, ""num_leaves"": 15, ""objective"": ""regression"", ""random_state"": 42, ""subsample"": 1.0, ""subsample_freq"": 0, ""use_missing"": true, ""verbosity"": -1, ""zero_as_missing"": false}"
EVALUATION_SPATIAL_COMPARABLE,LGBM_TEMPORAL_SPATIAL,1,h1_2026-07,2026-07,2026-08,106,42,40,64,0,2216,1d8616341c6be84f14840f6387ab3e8e38ac731de07f7becbb53100edf2bd07b,07c87e90a299736e4ec6d804d8b692fb58ab2a3b24417bcc8409246ea55fc236,USED,"{""colsample_bytree"": 0.8, ""deterministic"": true, ""force_col_wise"": true, ""learning_rate"": 0.03, ""min_child_samples"": 20, ""n_estimators"": 300, ""n_jobs"": 1, ""num_leaves"": 15, ""objective"": ""regression"", ""random_state"": 42, ""subsample"": 1.0, ""subsample_freq"": 0, ""use_missing"": true, ""verbosity"": -1, ""zero_as_missing"": false}"
EVALUATION_ALL,PERSISTENCE,3,h3_2024-11,2024-11,2025-02,106,55,106,51,55,943,05620461d943d7e64885c7598ee20fa672fe155bc3f8992e5c4760133170edd7,3188c2cf05a75c535ea60bdf1d3c8a30684939a9e4fb3ab1b825fb5b9f492c7b,USED,
EVALUATION_ALL,LGBM_TEMPORAL,3,h3_2024-11,2024-11,2025-02,106,55,106,51,55,943,05620461d943d7e64885c7598ee20fa672fe155bc3f8992e5c4760133170edd7,3188c2cf05a75c535ea60bdf1d3c8a30684939a9e4fb3ab1b825fb5b9f492c7b,USED,"{""colsample_bytree"": 0.8, ""deterministic"": true, ""force_col_wise"": true, ""learning_rate"": 0.03, ""min_child_samples"": 20, ""n_estimators"": 300, ""n_jobs"": 1, ""num_leaves"": 15, ""objective"": ""regression"", ""random_state"": 42, ""subsample"": 1.0, ""subsample_freq"": 0, ""use_missing"": true, ""verbosity"": -1, ""zero_as_missing"": false}"
EVALUATION_ALL,LGBM_TEMPORAL_SPATIAL,3,h3_2024-11,2024-11,2025-02,106,55,106,51,55,943,05620461d943d7e64885c7598ee20fa672fe155bc3f8992e5c4760133170edd7,3188c2cf05a75c535ea60bdf1d3c8a30684939a9e4fb3ab1b825fb5b9f492c7b,USED,"{""colsample_bytree"": 0.8, ""deterministic"": true, ""force_col_wise"": true, ""learning_rate"": 0.03, ""min_child_samples"": 20, ""n_estimators"": 300, ""n_jobs"": 1, ""num_leaves"": 15, ""objective"": ""regression"", ""random_state"": 42, ""subsample"": 1.0, ""subsample_freq"": 0, ""use_missing"": true, ""verbosity"": -1, ""zero_as_missing"": false}"
EVALUATION_SPATIAL_COMPARABLE,PERSISTENCE,3,h3_2024-11,2024-11,2025-02,106,0,106,106,0,943,05620461d943d7e64885c7598ee20fa672fe155bc3f8992e5c4760133170edd7,71556a84951c25ee3ae94aa4e80b992a69670708453139302f1c00c01845aa57,NO_USABLE_ROWS,
EVALUATION_SPATIAL_COMPARABLE,LGBM_TEMPORAL,3,h3_2024-11,2024-11,2025-02,106,0,106,106,0,943,05620461d943d7e64885c7598ee20fa672fe155bc3f8992e5c4760133170edd7,71556a84951c25ee3ae94aa4e80b992a69670708453139302f1c00c01845aa57,NO_USABLE_ROWS,"{""colsample_bytree"": 0.8, ""deterministic"": true, ""force_col_wise"": true, ""learning_rate"": 0.03, ""min_child_samples"": 20, ""n_estimators"": 300, ""n_jobs"": 1, ""num_leaves"": 15, ""objective"": ""regression"", ""random_state"": 42, ""subsample"": 1.0, ""subsample_freq"": 0, ""use_missing"": true, ""verbosity"": -1, ""zero_as_missing"": false}"
EVALUATION_SPATIAL_COMPARABLE,LGBM_TEMPORAL_SPATIAL,3,h3_2024-11,2024-11,2025-02,106,0,106,106,0,943,05620461d943d7e64885c7598ee20fa672fe155bc3f8992e5c4760133170edd7,71556a84951c25ee3ae94aa4e80b992a69670708453139302f1c00c01845aa57,NO_USABLE_ROWS,"{""colsample_bytree"": 0.8, ""deterministic"": true, ""force_col_wise"": true, ""learning_rate"": 0.03, ""min_child_samples"": 20, ""n_estimators"": 300, ""n_jobs"": 1, ""num_leaves"": 15, ""objective"": ""regression"", ""random_state"": 42, ""subsample"": 1.0, ""subsample_freq"": 0, ""use_missing"": true, ""verbosity"": -1, ""zero_as_missing"": false}"
EVALUATION_ALL,PERSISTENCE,3,h3_2024-12,2024-12,2025-03,106,74,106,32,74,1030,2aee5279231ab1ece5569f6e0156a85f55c106f33da5c426ad269f93dacb12b8,25c85196caaea13227d69a81f62bc190a3224f2d74bee9cade23fe45240deb7b,USED,
EVALUATION_ALL,LGBM_TEMPORAL,3,h3_2024-12,2024-12,2025-03,106,74,106,32,74,1030,2aee5279231ab1ece5569f6e0156a85f55c106f33da5c426ad269f93dacb12b8,25c85196caaea13227d69a81f62bc190a3224f2d74bee9cade23fe45240deb7b,USED,"{""colsample_bytree"": 0.8, ""deterministic"": true, ""force_col_wise"": true, ""learning_rate"": 0.03, ""min_child_samples"": 20, ""n_estimators"": 300, ""n_jobs"": 1, ""num_leaves"": 15, ""objective"": ""regression"", ""random_state"": 42, ""subsample"": 1.0, ""subsample_freq"": 0, ""use_missing"": true, ""verbosity"": -1, ""zero_as_missing"": false}"
EVALUATION_ALL,LGBM_TEMPORAL_SPATIAL,3,h3_2024-12,2024-12,2025-03,106,74,106,32,74,1030,2aee5279231ab1ece5569f6e0156a85f55c106f33da5c426ad269f93dacb12b8,25c85196caaea13227d69a81f62bc190a3224f2d74bee9cade23fe45240deb7b,USED,"{""colsample_bytree"": 0.8, ""deterministic"": true, ""force_col_wise"": true, ""learning_rate"": 0.03, ""min_child_samples"": 20, ""n_estimators"": 300, ""n_jobs"": 1, ""num_leaves"": 15, ""objective"": ""regression"", ""random_state"": 42, ""subsample"": 1.0, ""subsample_freq"": 0, ""use_missing"": true, ""verbosity"": -1, ""zero_as_missing"": false}"
EVALUATION_SPATIAL_COMPARABLE,PERSISTENCE,3,h3_2024-12,2024-12,2025-03,106,0,106,106,0,1030,2aee5279231ab1ece5569f6e0156a85f55c106f33da5c426ad269f93dacb12b8,71556a84951c25ee3ae94aa4e80b992a69670708453139302f1c00c01845aa57,NO_USABLE_ROWS,
EVALUATION_SPATIAL_COMPARABLE,LGBM_TEMPORAL,3,h3_2024-12,2024-12,2025-03,106,0,106,106,0,1030,2aee5279231ab1ece5569f6e0156a85f55c106f33da5c426ad269f93dacb12b8,71556a84951c25ee3ae94aa4e80b992a69670708453139302f1c00c01845aa57,NO_USABLE_ROWS,"{""colsample_bytree"": 0.8, ""deterministic"": true, ""force_col_wise"": true, ""learning_rate"": 0.03, ""min_child_samples"": 20, ""n_estimators"": 300, ""n_jobs"": 1, ""num_leaves"": 15, ""objective"": ""regression"", ""random_state"": 42, ""subsample"": 1.0, ""subsample_freq"": 0, ""use_missing"": true, ""verbosity"": -1, ""zero_as_missing"": false}"
EVALUATION_SPATIAL_COMPARABLE,LGBM_TEMPORAL_SPATIAL,3,h3_2024-12,2024-12,2025-03,106,0,106,106,0,1030,2aee5279231ab1ece5569f6e0156a85f55c106f33da5c426ad269f93dacb12b8,71556a84951c25ee3ae94aa4e80b992a69670708453139302f1c00c01845aa57,NO_USABLE_ROWS,"{""colsample_bytree"": 0.8, ""deterministic"": true, ""force_col_wise"": true, ""learning_rate"": 0.03, ""min_child_samples"": 20, ""n_estimators"": 300, ""n_jobs"": 1, ""num_leaves"": 15, ""objective"": ""regression"", ""random_state"": 42, ""subsample"": 1.0, ""subsample_freq"": 0, ""use_missing"": true, ""verbosity"": -1, ""zero_as_missing"": false}"
EVALUATION_ALL,PERSISTENCE,3,h3_2025-01,2025-01,2025-04,106,53,54,53,25,1059,b34901b10e1090c5ec8a3fc6b32c7a50c0eadd669bc48da0b56b9ff5c9f04a01,a5f4966530623a54ec5a67b8cee09b24c0c131002740fc130bfbaea5bd5020a5,USED,
EVALUATION_ALL,LGBM_TEMPORAL,3,h3_2025-01,2025-01,2025-04,106,53,54,53,25,1059,b34901b10e1090c5ec8a3fc6b32c7a50c0eadd669bc48da0b56b9ff5c9f04a01,a5f4966530623a54ec5a67b8cee09b24c0c131002740fc130bfbaea5bd5020a5,USED,"{""colsample_bytree"": 0.8, ""deterministic"": true, ""force_col_wise"": true, ""learning_rate"": 0.03, ""min_child_samples"": 20, ""n_estimators"": 300, ""n_jobs"": 1, ""num_leaves"": 15, ""objective"": ""regression"", ""random_state"": 42, ""subsample"": 1.0, ""subsample_freq"": 0, ""use_missing"": true, ""verbosity"": -1, ""zero_as_missing"": false}"
EVALUATION_ALL,LGBM_TEMPORAL_SPATIAL,3,h3_2025-01,2025-01,2025-04,106,53,54,53,25,1059,b34901b10e1090c5ec8a3fc6b32c7a50c0eadd669bc48da0b56b9ff5c9f04a01,a5f4966530623a54ec5a67b8cee09b24c0c131002740fc130bfbaea5bd5020a5,USED,"{""colsample_bytree"": 0.8, ""deterministic"": true, ""force_col_wise"": true, ""learning_rate"": 0.03, ""min_child_samples"": 20, ""n_estimators"": 300, ""n_jobs"": 1, ""num_leaves"": 15, ""objective"": ""regression"", ""random_state"": 42, ""subsample"": 1.0, ""subsample_freq"": 0, ""use_missing"": true, ""verbosity"": -1, ""zero_as_missing"": false}"
EVALUATION_SPATIAL_COMPARABLE,PERSISTENCE,3,h3_2025-01,2025-01,2025-04,106,0,54,106,0,1059,b34901b10e1090c5ec8a3fc6b32c7a50c0eadd669bc48da0b56b9ff5c9f04a01,71556a84951c25ee3ae94aa4e80b992a69670708453139302f1c00c01845aa57,NO_USABLE_ROWS,
EVALUATION_SPATIAL_COMPARABLE,LGBM_TEMPORAL,3,h3_2025-01,2025-01,2025-04,106,0,54,106,0,1059,b34901b10e1090c5ec8a3fc6b32c7a50c0eadd669bc48da0b56b9ff5c9f04a01,71556a84951c25ee3ae94aa4e80b992a69670708453139302f1c00c01845aa57,NO_USABLE_ROWS,"{""colsample_bytree"": 0.8, ""deterministic"": true, ""force_col_wise"": true, ""learning_rate"": 0.03, ""min_child_samples"": 20, ""n_estimators"": 300, ""n_jobs"": 1, ""num_leaves"": 15, ""objective"": ""regression"", ""random_state"": 42, ""subsample"": 1.0, ""subsample_freq"": 0, ""use_missing"": true, ""verbosity"": -1, ""zero_as_missing"": false}"
EVALUATION_SPATIAL_COMPARABLE,LGBM_TEMPORAL_SPATIAL,3,h3_2025-01,2025-01,2025-04,106,0,54,106,0,1059,b34901b10e1090c5ec8a3fc6b32c7a50c0eadd669bc48da0b56b9ff5c9f04a01,71556a84951c25ee3ae94aa4e80b992a69670708453139302f1c00c01845aa57,NO_USABLE_ROWS,"{""colsample_bytree"": 0.8, ""deterministic"": true, ""force_col_wise"": true, ""learning_rate"": 0.03, ""min_child_samples"": 20, ""n_estimators"": 300, ""n_jobs"": 1, ""num_leaves"": 15, ""objective"": ""regression"", ""random_state"": 42, ""subsample"": 1.0, ""subsample_freq"": 0, ""use_missing"": true, ""verbosity"": -1, ""zero_as_missing"": false}"
EVALUATION_ALL,PERSISTENCE,3,h3_2025-02,2025-02,2025-05,106,50,51,56,20,1096,c0b037d96c9330b63408baa5a85033120ad2ea497a27462542fc7a5761cc2750,6a7d10251b8f5de5d68f743faef334eed939ad728f985218a68eb0dd0c62ba26,USED,
EVALUATION_ALL,LGBM_TEMPORAL,3,h3_2025-02,2025-02,2025-05,106,50,51,56,20,1096,c0b037d96c9330b63408baa5a85033120ad2ea497a27462542fc7a5761cc2750,6a7d10251b8f5de5d68f743faef334eed939ad728f985218a68eb0dd0c62ba26,USED,"{""colsample_bytree"": 0.8, ""deterministic"": true, ""force_col_wise"": true, ""learning_rate"": 0.03, ""min_child_samples"": 20, ""n_estimators"": 300, ""n_jobs"": 1, ""num_leaves"": 15, ""objective"": ""regression"", ""random_state"": 42, ""subsample"": 1.0, ""subsample_freq"": 0, ""use_missing"": true, ""verbosity"": -1, ""zero_as_missing"": false}"
EVALUATION_ALL,LGBM_TEMPORAL_SPATIAL,3,h3_2025-02,2025-02,2025-05,106,50,51,56,20,1096,c0b037d96c9330b63408baa5a85033120ad2ea497a27462542fc7a5761cc2750,6a7d10251b8f5de5d68f743faef334eed939ad728f985218a68eb0dd0c62ba26,USED,"{""colsample_bytree"": 0.8, ""deterministic"": true, ""force_col_wise"": true, ""learning_rate"": 0.03, ""min_child_samples"": 20, ""n_estimators"": 300, ""n_jobs"": 1, ""num_leaves"": 15, ""objective"": ""regression"", ""random_state"": 42, ""subsample"": 1.0, ""subsample_freq"": 0, ""use_missing"": true, ""verbosity"": -1, ""zero_as_missing"": false}"
EVALUATION_SPATIAL_COMPARABLE,PERSISTENCE,3,h3_2025-02,2025-02,2025-05,106,30,51,76,0,1096,c0b037d96c9330b63408baa5a85033120ad2ea497a27462542fc7a5761cc2750,87db0e649163447ef960a19a2d351c21ffe8e2f2af7780dd4da88c5e5590ea16,USED,
EVALUATION_SPATIAL_COMPARABLE,LGBM_TEMPORAL,3,h3_2025-02,2025-02,2025-05,106,30,51,76,0,1096,c0b037d96c9330b63408baa5a85033120ad2ea497a27462542fc7a5761cc2750,87db0e649163447ef960a19a2d351c21ffe8e2f2af7780dd4da88c5e5590ea16,USED,"{""colsample_bytree"": 0.8, ""deterministic"": true, ""force_col_wise"": true, ""learning_rate"": 0.03, ""min_child_samples"": 20, ""n_estimators"": 300, ""n_jobs"": 1, ""num_leaves"": 15, ""objective"": ""regression"", ""random_state"": 42, ""subsample"": 1.0, ""subsample_freq"": 0, ""use_missing"": true, ""verbosity"": -1, ""zero_as_missing"": false}"
EVALUATION_SPATIAL_COMPARABLE,LGBM_TEMPORAL_SPATIAL,3,h3_2025-02,2025-02,2025-05,106,30,51,76,0,1096,c0b037d96c9330b63408baa5a85033120ad2ea497a27462542fc7a5761cc2750,87db0e649163447ef960a19a2d351c21ffe8e2f2af7780dd4da88c5e5590ea16,USED,"{""colsample_bytree"": 0.8, ""deterministic"": true, ""force_col_wise"": true, ""learning_rate"": 0.03, ""min_child_samples"": 20, ""n_estimators"": 300, ""n_jobs"": 1, ""num_leaves"": 15, ""objective"": ""regression"", ""random_state"": 42, ""subsample"": 1.0, ""subsample_freq"": 0, ""use_missing"": true, ""verbosity"": -1, ""zero_as_missing"": false}"
EVALUATION_ALL,PERSISTENCE,3,h3_2025-03,2025-03,2025-06,106,59,45,47,20,1163,028ebe7af0263ec6cd44f2c8134716ed69dfb7258b59fac28886b48e7848a4f4,dd620e43d45960c54ca17cb0c62e33d8294b4d9f28ee28d2f663b99c7dd6d807,USED,
EVALUATION_ALL,LGBM_TEMPORAL,3,h3_2025-03,2025-03,2025-06,106,59,45,47,20,1163,028ebe7af0263ec6cd44f2c8134716ed69dfb7258b59fac28886b48e7848a4f4,dd620e43d45960c54ca17cb0c62e33d8294b4d9f28ee28d2f663b99c7dd6d807,USED,"{""colsample_bytree"": 0.8, ""deterministic"": true, ""force_col_wise"": true, ""learning_rate"": 0.03, ""min_child_samples"": 20, ""n_estimators"": 300, ""n_jobs"": 1, ""num_leaves"": 15, ""objective"": ""regression"", ""random_state"": 42, ""subsample"": 1.0, ""subsample_freq"": 0, ""use_missing"": true, ""verbosity"": -1, ""zero_as_missing"": false}"
EVALUATION_ALL,LGBM_TEMPORAL_SPATIAL,3,h3_2025-03,2025-03,2025-06,106,59,45,47,20,1163,028ebe7af0263ec6cd44f2c8134716ed69dfb7258b59fac28886b48e7848a4f4,dd620e43d45960c54ca17cb0c62e33d8294b4d9f28ee28d2f663b99c7dd6d807,USED,"{""colsample_bytree"": 0.8, ""deterministic"": true, ""force_col_wise"": true, ""learning_rate"": 0.03, ""min_child_samples"": 20, ""n_estimators"": 300, ""n_jobs"": 1, ""num_leaves"": 15, ""objective"": ""regression"", ""random_state"": 42, ""subsample"": 1.0, ""subsample_freq"": 0, ""use_missing"": true, ""verbosity"": -1, ""zero_as_missing"": false}"
EVALUATION_SPATIAL_COMPARABLE,PERSISTENCE,3,h3_2025-03,2025-03,2025-06,106,37,45,69,0,1163,028ebe7af0263ec6cd44f2c8134716ed69dfb7258b59fac28886b48e7848a4f4,2a78afb91f18b9ebada9bef4cffe86ca15ed4eadeb1078ea7d15edb5cf14b53d,USED,
EVALUATION_SPATIAL_COMPARABLE,LGBM_TEMPORAL,3,h3_2025-03,2025-03,2025-06,106,37,45,69,0,1163,028ebe7af0263ec6cd44f2c8134716ed69dfb7258b59fac28886b48e7848a4f4,2a78afb91f18b9ebada9bef4cffe86ca15ed4eadeb1078ea7d15edb5cf14b53d,USED,"{""colsample_bytree"": 0.8, ""deterministic"": true, ""force_col_wise"": true, ""learning_rate"": 0.03, ""min_child_samples"": 20, ""n_estimators"": 300, ""n_jobs"": 1, ""num_leaves"": 15, ""objective"": ""regression"", ""random_state"": 42, ""subsample"": 1.0, ""subsample_freq"": 0, ""use_missing"": true, ""verbosity"": -1, ""zero_as_missing"": false}"
EVALUATION_SPATIAL_COMPARABLE,LGBM_TEMPORAL_SPATIAL,3,h3_2025-03,2025-03,2025-06,106,37,45,69,0,1163,028ebe7af0263ec6cd44f2c8134716ed69dfb7258b59fac28886b48e7848a4f4,2a78afb91f18b9ebada9bef4cffe86ca15ed4eadeb1078ea7d15edb5cf14b53d,USED,"{""colsample_bytree"": 0.8, ""deterministic"": true, ""force_col_wise"": true, ""learning_rate"": 0.03, ""min_child_samples"": 20, ""n_estimators"": 300, ""n_jobs"": 1, ""num_leaves"": 15, ""objective"": ""regression"", ""random_state"": 42, ""subsample"": 1.0, ""subsample_freq"": 0, ""use_missing"": true, ""verbosity"": -1, ""zero_as_missing"": false}"
EVALUATION_ALL,PERSISTENCE,3,h3_2025-04,2025-04,2025-07,106,57,48,49,22,1228,86adca87908103f138511b57e8a4c2466e58a95bac7137abd7b05ae6b693cd7b,562e4da81aaed8e880e3ee10a73716b3fff253c5030a3b4b976a00f9323261a6,USED,
EVALUATION_ALL,LGBM_TEMPORAL,3,h3_2025-04,2025-04,2025-07,106,57,48,49,22,1228,86adca87908103f138511b57e8a4c2466e58a95bac7137abd7b05ae6b693cd7b,562e4da81aaed8e880e3ee10a73716b3fff253c5030a3b4b976a00f9323261a6,USED,"{""colsample_bytree"": 0.8, ""deterministic"": true, ""force_col_wise"": true, ""learning_rate"": 0.03, ""min_child_samples"": 20, ""n_estimators"": 300, ""n_jobs"": 1, ""num_leaves"": 15, ""objective"": ""regression"", ""random_state"": 42, ""subsample"": 1.0, ""subsample_freq"": 0, ""use_missing"": true, ""verbosity"": -1, ""zero_as_missing"": false}"
EVALUATION_ALL,LGBM_TEMPORAL_SPATIAL,3,h3_2025-04,2025-04,2025-07,106,57,48,49,22,1228,86adca87908103f138511b57e8a4c2466e58a95bac7137abd7b05ae6b693cd7b,562e4da81aaed8e880e3ee10a73716b3fff253c5030a3b4b976a00f9323261a6,USED,"{""colsample_bytree"": 0.8, ""deterministic"": true, ""force_col_wise"": true, ""learning_rate"": 0.03, ""min_child_samples"": 20, ""n_estimators"": 300, ""n_jobs"": 1, ""num_leaves"": 15, ""objective"": ""regression"", ""random_state"": 42, ""subsample"": 1.0, ""subsample_freq"": 0, ""use_missing"": true, ""verbosity"": -1, ""zero_as_missing"": false}"
EVALUATION_SPATIAL_COMPARABLE,PERSISTENCE,3,h3_2025-04,2025-04,2025-07,106,34,48,72,0,1228,86adca87908103f138511b57e8a4c2466e58a95bac7137abd7b05ae6b693cd7b,af63efe214644231751c076819d8629a54cfe1dd5e6654fcdce493da10e27daf,USED,
EVALUATION_SPATIAL_COMPARABLE,LGBM_TEMPORAL,3,h3_2025-04,2025-04,2025-07,106,34,48,72,0,1228,86adca87908103f138511b57e8a4c2466e58a95bac7137abd7b05ae6b693cd7b,af63efe214644231751c076819d8629a54cfe1dd5e6654fcdce493da10e27daf,USED,"{""colsample_bytree"": 0.8, ""deterministic"": true, ""force_col_wise"": true, ""learning_rate"": 0.03, ""min_child_samples"": 20, ""n_estimators"": 300, ""n_jobs"": 1, ""num_leaves"": 15, ""objective"": ""regression"", ""random_state"": 42, ""subsample"": 1.0, ""subsample_freq"": 0, ""use_missing"": true, ""verbosity"": -1, ""zero_as_missing"": false}"
EVALUATION_SPATIAL_COMPARABLE,LGBM_TEMPORAL_SPATIAL,3,h3_2025-04,2025-04,2025-07,106,34,48,72,0,1228,86adca87908103f138511b57e8a4c2466e58a95bac7137abd7b05ae6b693cd7b,af63efe214644231751c076819d8629a54cfe1dd5e6654fcdce493da10e27daf,USED,"{""colsample_bytree"": 0.8, ""deterministic"": true, ""force_col_wise"": true, ""learning_rate"": 0.03, ""min_child_samples"": 20, ""n_estimators"": 300, ""n_jobs"": 1, ""num_leaves"": 15, ""objective"": ""regression"", ""random_state"": 42, ""subsample"": 1.0, ""subsample_freq"": 0, ""use_missing"": true, ""verbosity"": -1, ""zero_as_missing"": false}"
EVALUATION_ALL,PERSISTENCE,3,h3_2025-05,2025-05,2025-08,106,72,36,34,25,1285,44e9413fd1a7b1219184e5d53866a33d2e4fbf9992ce410bd2574f79483c94a2,cac23da98a81e3fcd40c7f8315bf895ead9a9600ed41458ef614e1ea14151014,USED,
EVALUATION_ALL,LGBM_TEMPORAL,3,h3_2025-05,2025-05,2025-08,106,72,36,34,25,1285,44e9413fd1a7b1219184e5d53866a33d2e4fbf9992ce410bd2574f79483c94a2,cac23da98a81e3fcd40c7f8315bf895ead9a9600ed41458ef614e1ea14151014,USED,"{""colsample_bytree"": 0.8, ""deterministic"": true, ""force_col_wise"": true, ""learning_rate"": 0.03, ""min_child_samples"": 20, ""n_estimators"": 300, ""n_jobs"": 1, ""num_leaves"": 15, ""objective"": ""regression"", ""random_state"": 42, ""subsample"": 1.0, ""subsample_freq"": 0, ""use_missing"": true, ""verbosity"": -1, ""zero_as_missing"": false}"
EVALUATION_ALL,LGBM_TEMPORAL_SPATIAL,3,h3_2025-05,2025-05,2025-08,106,72,36,34,25,1285,44e9413fd1a7b1219184e5d53866a33d2e4fbf9992ce410bd2574f79483c94a2,cac23da98a81e3fcd40c7f8315bf895ead9a9600ed41458ef614e1ea14151014,USED,"{""colsample_bytree"": 0.8, ""deterministic"": true, ""force_col_wise"": true, ""learning_rate"": 0.03, ""min_child_samples"": 20, ""n_estimators"": 300, ""n_jobs"": 1, ""num_leaves"": 15, ""objective"": ""regression"", ""random_state"": 42, ""subsample"": 1.0, ""subsample_freq"": 0, ""use_missing"": true, ""verbosity"": -1, ""zero_as_missing"": false}"
EVALUATION_SPATIAL_COMPARABLE,PERSISTENCE,3,h3_2025-05,2025-05,2025-08,106,47,36,59,0,1285,44e9413fd1a7b1219184e5d53866a33d2e4fbf9992ce410bd2574f79483c94a2,437a0a0caf14ff179c5fca59ac1f4504c923b3e2b0ca0e9acf4503eeab39799e,USED,
EVALUATION_SPATIAL_COMPARABLE,LGBM_TEMPORAL,3,h3_2025-05,2025-05,2025-08,106,47,36,59,0,1285,44e9413fd1a7b1219184e5d53866a33d2e4fbf9992ce410bd2574f79483c94a2,437a0a0caf14ff179c5fca59ac1f4504c923b3e2b0ca0e9acf4503eeab39799e,USED,"{""colsample_bytree"": 0.8, ""deterministic"": true, ""force_col_wise"": true, ""learning_rate"": 0.03, ""min_child_samples"": 20, ""n_estimators"": 300, ""n_jobs"": 1, ""num_leaves"": 15, ""objective"": ""regression"", ""random_state"": 42, ""subsample"": 1.0, ""subsample_freq"": 0, ""use_missing"": true, ""verbosity"": -1, ""zero_as_missing"": false}"
EVALUATION_SPATIAL_COMPARABLE,LGBM_TEMPORAL_SPATIAL,3,h3_2025-05,2025-05,2025-08,106,47,36,59,0,1285,44e9413fd1a7b1219184e5d53866a33d2e4fbf9992ce410bd2574f79483c94a2,437a0a0caf14ff179c5fca59ac1f4504c923b3e2b0ca0e9acf4503eeab39799e,USED,"{""colsample_bytree"": 0.8, ""deterministic"": true, ""force_col_wise"": true, ""learning_rate"": 0.03, ""min_child_samples"": 20, ""n_estimators"": 300, ""n_jobs"": 1, ""num_leaves"": 15, ""objective"": ""regression"", ""random_state"": 42, ""subsample"": 1.0, ""subsample_freq"": 0, ""use_missing"": true, ""verbosity"": -1, ""zero_as_missing"": false}"
EVALUATION_ALL,PERSISTENCE,3,h3_2025-06,2025-06,2025-09,106,63,41,43,24,1341,b781a8222cfed0a1f9ea1a8cd584e8064f517c3c2e80866754b322544d632f2d,e69d053a70b0ea54bd9320b4c7d6f0eb7e7db9ebb380dad2a7a79c60a2028352,USED,
EVALUATION_ALL,LGBM_TEMPORAL,3,h3_2025-06,2025-06,2025-09,106,63,41,43,24,1341,b781a8222cfed0a1f9ea1a8cd584e8064f517c3c2e80866754b322544d632f2d,e69d053a70b0ea54bd9320b4c7d6f0eb7e7db9ebb380dad2a7a79c60a2028352,USED,"{""colsample_bytree"": 0.8, ""deterministic"": true, ""force_col_wise"": true, ""learning_rate"": 0.03, ""min_child_samples"": 20, ""n_estimators"": 300, ""n_jobs"": 1, ""num_leaves"": 15, ""objective"": ""regression"", ""random_state"": 42, ""subsample"": 1.0, ""subsample_freq"": 0, ""use_missing"": true, ""verbosity"": -1, ""zero_as_missing"": false}"
EVALUATION_ALL,LGBM_TEMPORAL_SPATIAL,3,h3_2025-06,2025-06,2025-09,106,63,41,43,24,1341,b781a8222cfed0a1f9ea1a8cd584e8064f517c3c2e80866754b322544d632f2d,e69d053a70b0ea54bd9320b4c7d6f0eb7e7db9ebb380dad2a7a79c60a2028352,USED,"{""colsample_bytree"": 0.8, ""deterministic"": true, ""force_col_wise"": true, ""learning_rate"": 0.03, ""min_child_samples"": 20, ""n_estimators"": 300, ""n_jobs"": 1, ""num_leaves"": 15, ""objective"": ""regression"", ""random_state"": 42, ""subsample"": 1.0, ""subsample_freq"": 0, ""use_missing"": true, ""verbosity"": -1, ""zero_as_missing"": false}"
EVALUATION_SPATIAL_COMPARABLE,PERSISTENCE,3,h3_2025-06,2025-06,2025-09,106,39,41,67,0,1341,b781a8222cfed0a1f9ea1a8cd584e8064f517c3c2e80866754b322544d632f2d,9ee7a6c26c823e2c3731d3c1396ee711300ce4a2131d1de82d795c95936dc9c2,USED,
EVALUATION_SPATIAL_COMPARABLE,LGBM_TEMPORAL,3,h3_2025-06,2025-06,2025-09,106,39,41,67,0,1341,b781a8222cfed0a1f9ea1a8cd584e8064f517c3c2e80866754b322544d632f2d,9ee7a6c26c823e2c3731d3c1396ee711300ce4a2131d1de82d795c95936dc9c2,USED,"{""colsample_bytree"": 0.8, ""deterministic"": true, ""force_col_wise"": true, ""learning_rate"": 0.03, ""min_child_samples"": 20, ""n_estimators"": 300, ""n_jobs"": 1, ""num_leaves"": 15, ""objective"": ""regression"", ""random_state"": 42, ""subsample"": 1.0, ""subsample_freq"": 0, ""use_missing"": true, ""verbosity"": -1, ""zero_as_missing"": false}"
EVALUATION_SPATIAL_COMPARABLE,LGBM_TEMPORAL_SPATIAL,3,h3_2025-06,2025-06,2025-09,106,39,41,67,0,1341,b781a8222cfed0a1f9ea1a8cd584e8064f517c3c2e80866754b322544d632f2d,9ee7a6c26c823e2c3731d3c1396ee711300ce4a2131d1de82d795c95936dc9c2,USED,"{""colsample_bytree"": 0.8, ""deterministic"": true, ""force_col_wise"": true, ""learning_rate"": 0.03, ""min_child_samples"": 20, ""n_estimators"": 300, ""n_jobs"": 1, ""num_leaves"": 15, ""objective"": ""regression"", ""random_state"": 42, ""subsample"": 1.0, ""subsample_freq"": 0, ""use_missing"": true, ""verbosity"": -1, ""zero_as_missing"": false}"
EVALUATION_ALL,PERSISTENCE,3,h3_2025-08,2025-08,2025-11,106,65,43,41,20,1467,d2e2b8df229482b94719c69f9f454161d138b1ec80e0c32d94b22ee064022462,ae9c522b961d69736746168578fb237c320e8438d4d9c1c6caf49d8a2432bfbe,USED,
EVALUATION_ALL,LGBM_TEMPORAL,3,h3_2025-08,2025-08,2025-11,106,65,43,41,20,1467,d2e2b8df229482b94719c69f9f454161d138b1ec80e0c32d94b22ee064022462,ae9c522b961d69736746168578fb237c320e8438d4d9c1c6caf49d8a2432bfbe,USED,"{""colsample_bytree"": 0.8, ""deterministic"": true, ""force_col_wise"": true, ""learning_rate"": 0.03, ""min_child_samples"": 20, ""n_estimators"": 300, ""n_jobs"": 1, ""num_leaves"": 15, ""objective"": ""regression"", ""random_state"": 42, ""subsample"": 1.0, ""subsample_freq"": 0, ""use_missing"": true, ""verbosity"": -1, ""zero_as_missing"": false}"
EVALUATION_ALL,LGBM_TEMPORAL_SPATIAL,3,h3_2025-08,2025-08,2025-11,106,65,43,41,20,1467,d2e2b8df229482b94719c69f9f454161d138b1ec80e0c32d94b22ee064022462,ae9c522b961d69736746168578fb237c320e8438d4d9c1c6caf49d8a2432bfbe,USED,"{""colsample_bytree"": 0.8, ""deterministic"": true, ""force_col_wise"": true, ""learning_rate"": 0.03, ""min_child_samples"": 20, ""n_estimators"": 300, ""n_jobs"": 1, ""num_leaves"": 15, ""objective"": ""regression"", ""random_state"": 42, ""subsample"": 1.0, ""subsample_freq"": 0, ""use_missing"": true, ""verbosity"": -1, ""zero_as_missing"": false}"
EVALUATION_SPATIAL_COMPARABLE,PERSISTENCE,3,h3_2025-08,2025-08,2025-11,106,45,43,61,0,1467,d2e2b8df229482b94719c69f9f454161d138b1ec80e0c32d94b22ee064022462,2a2a978b2bdb4062576d9d271ed193891c0dfe210d44c365512eaf21dd25184a,USED,
EVALUATION_SPATIAL_COMPARABLE,LGBM_TEMPORAL,3,h3_2025-08,2025-08,2025-11,106,45,43,61,0,1467,d2e2b8df229482b94719c69f9f454161d138b1ec80e0c32d94b22ee064022462,2a2a978b2bdb4062576d9d271ed193891c0dfe210d44c365512eaf21dd25184a,USED,"{""colsample_bytree"": 0.8, ""deterministic"": true, ""force_col_wise"": true, ""learning_rate"": 0.03, ""min_child_samples"": 20, ""n_estimators"": 300, ""n_jobs"": 1, ""num_leaves"": 15, ""objective"": ""regression"", ""random_state"": 42, ""subsample"": 1.0, ""subsample_freq"": 0, ""use_missing"": true, ""verbosity"": -1, ""zero_as_missing"": false}"
EVALUATION_SPATIAL_COMPARABLE,LGBM_TEMPORAL_SPATIAL,3,h3_2025-08,2025-08,2025-11,106,45,43,61,0,1467,d2e2b8df229482b94719c69f9f454161d138b1ec80e0c32d94b22ee064022462,2a2a978b2bdb4062576d9d271ed193891c0dfe210d44c365512eaf21dd25184a,USED,"{""colsample_bytree"": 0.8, ""deterministic"": true, ""force_col_wise"": true, ""learning_rate"": 0.03, ""min_child_samples"": 20, ""n_estimators"": 300, ""n_jobs"": 1, ""num_leaves"": 15, ""objective"": ""regression"", ""random_state"": 42, ""subsample"": 1.0, ""subsample_freq"": 0, ""use_missing"": true, ""verbosity"": -1, ""zero_as_missing"": false}"
EVALUATION_ALL,PERSISTENCE,3,h3_2025-09,2025-09,2025-12,106,54,45,52,23,1524,269f9037c0c078113bd41f244985d1aa9ff4697cf587756290c780f0c3ab7001,708b06267181b7618881fc7f6b2b76614941f9eeda43cc76a1450057e28559bc,USED,
EVALUATION_ALL,LGBM_TEMPORAL,3,h3_2025-09,2025-09,2025-12,106,54,45,52,23,1524,269f9037c0c078113bd41f244985d1aa9ff4697cf587756290c780f0c3ab7001,708b06267181b7618881fc7f6b2b76614941f9eeda43cc76a1450057e28559bc,USED,"{""colsample_bytree"": 0.8, ""deterministic"": true, ""force_col_wise"": true, ""learning_rate"": 0.03, ""min_child_samples"": 20, ""n_estimators"": 300, ""n_jobs"": 1, ""num_leaves"": 15, ""objective"": ""regression"", ""random_state"": 42, ""subsample"": 1.0, ""subsample_freq"": 0, ""use_missing"": true, ""verbosity"": -1, ""zero_as_missing"": false}"
EVALUATION_ALL,LGBM_TEMPORAL_SPATIAL,3,h3_2025-09,2025-09,2025-12,106,54,45,52,23,1524,269f9037c0c078113bd41f244985d1aa9ff4697cf587756290c780f0c3ab7001,708b06267181b7618881fc7f6b2b76614941f9eeda43cc76a1450057e28559bc,USED,"{""colsample_bytree"": 0.8, ""deterministic"": true, ""force_col_wise"": true, ""learning_rate"": 0.03, ""min_child_samples"": 20, ""n_estimators"": 300, ""n_jobs"": 1, ""num_leaves"": 15, ""objective"": ""regression"", ""random_state"": 42, ""subsample"": 1.0, ""subsample_freq"": 0, ""use_missing"": true, ""verbosity"": -1, ""zero_as_missing"": false}"
EVALUATION_SPATIAL_COMPARABLE,PERSISTENCE,3,h3_2025-09,2025-09,2025-12,106,31,45,75,0,1524,269f9037c0c078113bd41f244985d1aa9ff4697cf587756290c780f0c3ab7001,25744558e5323eb920ad3f054ebc03fd03c1f1a61fa5becccae6a1878041865b,USED,
EVALUATION_SPATIAL_COMPARABLE,LGBM_TEMPORAL,3,h3_2025-09,2025-09,2025-12,106,31,45,75,0,1524,269f9037c0c078113bd41f244985d1aa9ff4697cf587756290c780f0c3ab7001,25744558e5323eb920ad3f054ebc03fd03c1f1a61fa5becccae6a1878041865b,USED,"{""colsample_bytree"": 0.8, ""deterministic"": true, ""force_col_wise"": true, ""learning_rate"": 0.03, ""min_child_samples"": 20, ""n_estimators"": 300, ""n_jobs"": 1, ""num_leaves"": 15, ""objective"": ""regression"", ""random_state"": 42, ""subsample"": 1.0, ""subsample_freq"": 0, ""use_missing"": true, ""verbosity"": -1, ""zero_as_missing"": false}"
EVALUATION_SPATIAL_COMPARABLE,LGBM_TEMPORAL_SPATIAL,3,h3_2025-09,2025-09,2025-12,106,31,45,75,0,1524,269f9037c0c078113bd41f244985d1aa9ff4697cf587756290c780f0c3ab7001,25744558e5323eb920ad3f054ebc03fd03c1f1a61fa5becccae6a1878041865b,USED,"{""colsample_bytree"": 0.8, ""deterministic"": true, ""force_col_wise"": true, ""learning_rate"": 0.03, ""min_child_samples"": 20, ""n_estimators"": 300, ""n_jobs"": 1, ""num_leaves"": 15, ""objective"": ""regression"", ""random_state"": 42, ""subsample"": 1.0, ""subsample_freq"": 0, ""use_missing"": true, ""verbosity"": -1, ""zero_as_missing"": false}"
EVALUATION_ALL,PERSISTENCE,3,h3_2025-10,2025-10,2026-01,106,53,55,53,19,1586,5e2e2e1625724259801b95df8df97de675f8bc01c5e0c217d6546623e143d314,fc64e8fd2a291607b707a0eb21eb0fbfef565751d712e17aae5546278b86ca01,USED,
EVALUATION_ALL,LGBM_TEMPORAL,3,h3_2025-10,2025-10,2026-01,106,53,55,53,19,1586,5e2e2e1625724259801b95df8df97de675f8bc01c5e0c217d6546623e143d314,fc64e8fd2a291607b707a0eb21eb0fbfef565751d712e17aae5546278b86ca01,USED,"{""colsample_bytree"": 0.8, ""deterministic"": true, ""force_col_wise"": true, ""learning_rate"": 0.03, ""min_child_samples"": 20, ""n_estimators"": 300, ""n_jobs"": 1, ""num_leaves"": 15, ""objective"": ""regression"", ""random_state"": 42, ""subsample"": 1.0, ""subsample_freq"": 0, ""use_missing"": true, ""verbosity"": -1, ""zero_as_missing"": false}"
EVALUATION_ALL,LGBM_TEMPORAL_SPATIAL,3,h3_2025-10,2025-10,2026-01,106,53,55,53,19,1586,5e2e2e1625724259801b95df8df97de675f8bc01c5e0c217d6546623e143d314,fc64e8fd2a291607b707a0eb21eb0fbfef565751d712e17aae5546278b86ca01,USED,"{""colsample_bytree"": 0.8, ""deterministic"": true, ""force_col_wise"": true, ""learning_rate"": 0.03, ""min_child_samples"": 20, ""n_estimators"": 300, ""n_jobs"": 1, ""num_leaves"": 15, ""objective"": ""regression"", ""random_state"": 42, ""subsample"": 1.0, ""subsample_freq"": 0, ""use_missing"": true, ""verbosity"": -1, ""zero_as_missing"": false}"
EVALUATION_SPATIAL_COMPARABLE,PERSISTENCE,3,h3_2025-10,2025-10,2026-01,106,31,55,75,0,1586,5e2e2e1625724259801b95df8df97de675f8bc01c5e0c217d6546623e143d314,d590eb7d5ba9d6d73769193f58555df760d65c625687f96a5e02c5f92847b345,USED,
EVALUATION_SPATIAL_COMPARABLE,LGBM_TEMPORAL,3,h3_2025-10,2025-10,2026-01,106,31,55,75,0,1586,5e2e2e1625724259801b95df8df97de675f8bc01c5e0c217d6546623e143d314,d590eb7d5ba9d6d73769193f58555df760d65c625687f96a5e02c5f92847b345,USED,"{""colsample_bytree"": 0.8, ""deterministic"": true, ""force_col_wise"": true, ""learning_rate"": 0.03, ""min_child_samples"": 20, ""n_estimators"": 300, ""n_jobs"": 1, ""num_leaves"": 15, ""objective"": ""regression"", ""random_state"": 42, ""subsample"": 1.0, ""subsample_freq"": 0, ""use_missing"": true, ""verbosity"": -1, ""zero_as_missing"": false}"
EVALUATION_SPATIAL_COMPARABLE,LGBM_TEMPORAL_SPATIAL,3,h3_2025-10,2025-10,2026-01,106,31,55,75,0,1586,5e2e2e1625724259801b95df8df97de675f8bc01c5e0c217d6546623e143d314,d590eb7d5ba9d6d73769193f58555df760d65c625687f96a5e02c5f92847b345,USED,"{""colsample_bytree"": 0.8, ""deterministic"": true, ""force_col_wise"": true, ""learning_rate"": 0.03, ""min_child_samples"": 20, ""n_estimators"": 300, ""n_jobs"": 1, ""num_leaves"": 15, ""objective"": ""regression"", ""random_state"": 42, ""subsample"": 1.0, ""subsample_freq"": 0, ""use_missing"": true, ""verbosity"": -1, ""zero_as_missing"": false}"
EVALUATION_ALL,PERSISTENCE,3,h3_2025-11,2025-11,2026-02,106,71,39,35,26,1673,7bc7a750c0767c7aa3e414d9da535a8ab032709eda026d2dbb5fb375af803e38,b7041b766b8ee3cb3ab7f2870fee961d07cca0b03e467b3630796a901ad38791,USED,
EVALUATION_ALL,LGBM_TEMPORAL,3,h3_2025-11,2025-11,2026-02,106,71,39,35,26,1673,7bc7a750c0767c7aa3e414d9da535a8ab032709eda026d2dbb5fb375af803e38,b7041b766b8ee3cb3ab7f2870fee961d07cca0b03e467b3630796a901ad38791,USED,"{""colsample_bytree"": 0.8, ""deterministic"": true, ""force_col_wise"": true, ""learning_rate"": 0.03, ""min_child_samples"": 20, ""n_estimators"": 300, ""n_jobs"": 1, ""num_leaves"": 15, ""objective"": ""regression"", ""random_state"": 42, ""subsample"": 1.0, ""subsample_freq"": 0, ""use_missing"": true, ""verbosity"": -1, ""zero_as_missing"": false}"
EVALUATION_ALL,LGBM_TEMPORAL_SPATIAL,3,h3_2025-11,2025-11,2026-02,106,71,39,35,26,1673,7bc7a750c0767c7aa3e414d9da535a8ab032709eda026d2dbb5fb375af803e38,b7041b766b8ee3cb3ab7f2870fee961d07cca0b03e467b3630796a901ad38791,USED,"{""colsample_bytree"": 0.8, ""deterministic"": true, ""force_col_wise"": true, ""learning_rate"": 0.03, ""min_child_samples"": 20, ""n_estimators"": 300, ""n_jobs"": 1, ""num_leaves"": 15, ""objective"": ""regression"", ""random_state"": 42, ""subsample"": 1.0, ""subsample_freq"": 0, ""use_missing"": true, ""verbosity"": -1, ""zero_as_missing"": false}"
EVALUATION_SPATIAL_COMPARABLE,PERSISTENCE,3,h3_2025-11,2025-11,2026-02,106,45,39,61,0,1673,7bc7a750c0767c7aa3e414d9da535a8ab032709eda026d2dbb5fb375af803e38,7ef70b3d5122149d4498748e285270e4f44ac85c03c4fd20ff86398587f5fa70,USED,
EVALUATION_SPATIAL_COMPARABLE,LGBM_TEMPORAL,3,h3_2025-11,2025-11,2026-02,106,45,39,61,0,1673,7bc7a750c0767c7aa3e414d9da535a8ab032709eda026d2dbb5fb375af803e38,7ef70b3d5122149d4498748e285270e4f44ac85c03c4fd20ff86398587f5fa70,USED,"{""colsample_bytree"": 0.8, ""deterministic"": true, ""force_col_wise"": true, ""learning_rate"": 0.03, ""min_child_samples"": 20, ""n_estimators"": 300, ""n_jobs"": 1, ""num_leaves"": 15, ""objective"": ""regression"", ""random_state"": 42, ""subsample"": 1.0, ""subsample_freq"": 0, ""use_missing"": true, ""verbosity"": -1, ""zero_as_missing"": false}"
EVALUATION_SPATIAL_COMPARABLE,LGBM_TEMPORAL_SPATIAL,3,h3_2025-11,2025-11,2026-02,106,45,39,61,0,1673,7bc7a750c0767c7aa3e414d9da535a8ab032709eda026d2dbb5fb375af803e38,7ef70b3d5122149d4498748e285270e4f44ac85c03c4fd20ff86398587f5fa70,USED,"{""colsample_bytree"": 0.8, ""deterministic"": true, ""force_col_wise"": true, ""learning_rate"": 0.03, ""min_child_samples"": 20, ""n_estimators"": 300, ""n_jobs"": 1, ""num_leaves"": 15, ""objective"": ""regression"", ""random_state"": 42, ""subsample"": 1.0, ""subsample_freq"": 0, ""use_missing"": true, ""verbosity"": -1, ""zero_as_missing"": false}"
EVALUATION_ALL,PERSISTENCE,3,h3_2025-12,2025-12,2026-03,106,73,40,33,24,1733,808e8fc630e1b586ec96f938e3584f7224cd75510cbaa375639ecc02d359b632,607140a6d722f605c4a02c363491927751aeacdd773fc6aa6ef17564fac31c49,USED,
EVALUATION_ALL,LGBM_TEMPORAL,3,h3_2025-12,2025-12,2026-03,106,73,40,33,24,1733,808e8fc630e1b586ec96f938e3584f7224cd75510cbaa375639ecc02d359b632,607140a6d722f605c4a02c363491927751aeacdd773fc6aa6ef17564fac31c49,USED,"{""colsample_bytree"": 0.8, ""deterministic"": true, ""force_col_wise"": true, ""learning_rate"": 0.03, ""min_child_samples"": 20, ""n_estimators"": 300, ""n_jobs"": 1, ""num_leaves"": 15, ""objective"": ""regression"", ""random_state"": 42, ""subsample"": 1.0, ""subsample_freq"": 0, ""use_missing"": true, ""verbosity"": -1, ""zero_as_missing"": false}"
EVALUATION_ALL,LGBM_TEMPORAL_SPATIAL,3,h3_2025-12,2025-12,2026-03,106,73,40,33,24,1733,808e8fc630e1b586ec96f938e3584f7224cd75510cbaa375639ecc02d359b632,607140a6d722f605c4a02c363491927751aeacdd773fc6aa6ef17564fac31c49,USED,"{""colsample_bytree"": 0.8, ""deterministic"": true, ""force_col_wise"": true, ""learning_rate"": 0.03, ""min_child_samples"": 20, ""n_estimators"": 300, ""n_jobs"": 1, ""num_leaves"": 15, ""objective"": ""regression"", ""random_state"": 42, ""subsample"": 1.0, ""subsample_freq"": 0, ""use_missing"": true, ""verbosity"": -1, ""zero_as_missing"": false}"
EVALUATION_SPATIAL_COMPARABLE,PERSISTENCE,3,h3_2025-12,2025-12,2026-03,106,48,40,58,0,1733,808e8fc630e1b586ec96f938e3584f7224cd75510cbaa375639ecc02d359b632,d33331fea6e46fc0b4a111da18a2bc07eef7547bbb2d1b697cf4507f518ad828,USED,
EVALUATION_SPATIAL_COMPARABLE,LGBM_TEMPORAL,3,h3_2025-12,2025-12,2026-03,106,48,40,58,0,1733,808e8fc630e1b586ec96f938e3584f7224cd75510cbaa375639ecc02d359b632,d33331fea6e46fc0b4a111da18a2bc07eef7547bbb2d1b697cf4507f518ad828,USED,"{""colsample_bytree"": 0.8, ""deterministic"": true, ""force_col_wise"": true, ""learning_rate"": 0.03, ""min_child_samples"": 20, ""n_estimators"": 300, ""n_jobs"": 1, ""num_leaves"": 15, ""objective"": ""regression"", ""random_state"": 42, ""subsample"": 1.0, ""subsample_freq"": 0, ""use_missing"": true, ""verbosity"": -1, ""zero_as_missing"": false}"
EVALUATION_SPATIAL_COMPARABLE,LGBM_TEMPORAL_SPATIAL,3,h3_2025-12,2025-12,2026-03,106,48,40,58,0,1733,808e8fc630e1b586ec96f938e3584f7224cd75510cbaa375639ecc02d359b632,d33331fea6e46fc0b4a111da18a2bc07eef7547bbb2d1b697cf4507f518ad828,USED,"{""colsample_bytree"": 0.8, ""deterministic"": true, ""force_col_wise"": true, ""learning_rate"": 0.03, ""min_child_samples"": 20, ""n_estimators"": 300, ""n_jobs"": 1, ""num_leaves"": 15, ""objective"": ""regression"", ""random_state"": 42, ""subsample"": 1.0, ""subsample_freq"": 0, ""use_missing"": true, ""verbosity"": -1, ""zero_as_missing"": false}"
EVALUATION_ALL,PERSISTENCE,3,h3_2026-01,2026-01,2026-04,106,65,47,41,26,1779,333eab61de7a0e87c2aa0ace9b6a96299a10ed92999c6202c56410d338a7bf06,54cd374af5e63e7c547ae1ba70cf9c7a11d20c0c014bc9892ce6ea1b43edc945,USED,
EVALUATION_ALL,LGBM_TEMPORAL,3,h3_2026-01,2026-01,2026-04,106,65,47,41,26,1779,333eab61de7a0e87c2aa0ace9b6a96299a10ed92999c6202c56410d338a7bf06,54cd374af5e63e7c547ae1ba70cf9c7a11d20c0c014bc9892ce6ea1b43edc945,USED,"{""colsample_bytree"": 0.8, ""deterministic"": true, ""force_col_wise"": true, ""learning_rate"": 0.03, ""min_child_samples"": 20, ""n_estimators"": 300, ""n_jobs"": 1, ""num_leaves"": 15, ""objective"": ""regression"", ""random_state"": 42, ""subsample"": 1.0, ""subsample_freq"": 0, ""use_missing"": true, ""verbosity"": -1, ""zero_as_missing"": false}"
EVALUATION_ALL,LGBM_TEMPORAL_SPATIAL,3,h3_2026-01,2026-01,2026-04,106,65,47,41,26,1779,333eab61de7a0e87c2aa0ace9b6a96299a10ed92999c6202c56410d338a7bf06,54cd374af5e63e7c547ae1ba70cf9c7a11d20c0c014bc9892ce6ea1b43edc945,USED,"{""colsample_bytree"": 0.8, ""deterministic"": true, ""force_col_wise"": true, ""learning_rate"": 0.03, ""min_child_samples"": 20, ""n_estimators"": 300, ""n_jobs"": 1, ""num_leaves"": 15, ""objective"": ""regression"", ""random_state"": 42, ""subsample"": 1.0, ""subsample_freq"": 0, ""use_missing"": true, ""verbosity"": -1, ""zero_as_missing"": false}"
EVALUATION_SPATIAL_COMPARABLE,PERSISTENCE,3,h3_2026-01,2026-01,2026-04,106,37,47,69,0,1779,333eab61de7a0e87c2aa0ace9b6a96299a10ed92999c6202c56410d338a7bf06,cdad1415462cb958d5eea62a76c550f3ffdf636209b4f8a8a9e57101fb0eea04,USED,
EVALUATION_SPATIAL_COMPARABLE,LGBM_TEMPORAL,3,h3_2026-01,2026-01,2026-04,106,37,47,69,0,1779,333eab61de7a0e87c2aa0ace9b6a96299a10ed92999c6202c56410d338a7bf06,cdad1415462cb958d5eea62a76c550f3ffdf636209b4f8a8a9e57101fb0eea04,USED,"{""colsample_bytree"": 0.8, ""deterministic"": true, ""force_col_wise"": true, ""learning_rate"": 0.03, ""min_child_samples"": 20, ""n_estimators"": 300, ""n_jobs"": 1, ""num_leaves"": 15, ""objective"": ""regression"", ""random_state"": 42, ""subsample"": 1.0, ""subsample_freq"": 0, ""use_missing"": true, ""verbosity"": -1, ""zero_as_missing"": false}"
EVALUATION_SPATIAL_COMPARABLE,LGBM_TEMPORAL_SPATIAL,3,h3_2026-01,2026-01,2026-04,106,37,47,69,0,1779,333eab61de7a0e87c2aa0ace9b6a96299a10ed92999c6202c56410d338a7bf06,cdad1415462cb958d5eea62a76c550f3ffdf636209b4f8a8a9e57101fb0eea04,USED,"{""colsample_bytree"": 0.8, ""deterministic"": true, ""force_col_wise"": true, ""learning_rate"": 0.03, ""min_child_samples"": 20, ""n_estimators"": 300, ""n_jobs"": 1, ""num_leaves"": 15, ""objective"": ""regression"", ""random_state"": 42, ""subsample"": 1.0, ""subsample_freq"": 0, ""use_missing"": true, ""verbosity"": -1, ""zero_as_missing"": false}"
EVALUATION_ALL,PERSISTENCE,3,h3_2026-02,2026-02,2026-05,106,57,49,49,22,1838,d3047aaa51422865bc854828447a722e3c2ab14ffa8493e53ac0c3d3c1878eb9,d2315cc0cf6e34b489b9dc54f5ffd49100e2d9202b3eca9fc224af8dc676c9ec,USED,
EVALUATION_ALL,LGBM_TEMPORAL,3,h3_2026-02,2026-02,2026-05,106,57,49,49,22,1838,d3047aaa51422865bc854828447a722e3c2ab14ffa8493e53ac0c3d3c1878eb9,d2315cc0cf6e34b489b9dc54f5ffd49100e2d9202b3eca9fc224af8dc676c9ec,USED,"{""colsample_bytree"": 0.8, ""deterministic"": true, ""force_col_wise"": true, ""learning_rate"": 0.03, ""min_child_samples"": 20, ""n_estimators"": 300, ""n_jobs"": 1, ""num_leaves"": 15, ""objective"": ""regression"", ""random_state"": 42, ""subsample"": 1.0, ""subsample_freq"": 0, ""use_missing"": true, ""verbosity"": -1, ""zero_as_missing"": false}"
EVALUATION_ALL,LGBM_TEMPORAL_SPATIAL,3,h3_2026-02,2026-02,2026-05,106,57,49,49,22,1838,d3047aaa51422865bc854828447a722e3c2ab14ffa8493e53ac0c3d3c1878eb9,d2315cc0cf6e34b489b9dc54f5ffd49100e2d9202b3eca9fc224af8dc676c9ec,USED,"{""colsample_bytree"": 0.8, ""deterministic"": true, ""force_col_wise"": true, ""learning_rate"": 0.03, ""min_child_samples"": 20, ""n_estimators"": 300, ""n_jobs"": 1, ""num_leaves"": 15, ""objective"": ""regression"", ""random_state"": 42, ""subsample"": 1.0, ""subsample_freq"": 0, ""use_missing"": true, ""verbosity"": -1, ""zero_as_missing"": false}"
EVALUATION_SPATIAL_COMPARABLE,PERSISTENCE,3,h3_2026-02,2026-02,2026-05,106,34,49,72,0,1838,d3047aaa51422865bc854828447a722e3c2ab14ffa8493e53ac0c3d3c1878eb9,6a33825052faa7e8c29b1330613af1cf78c0b93dd111aa333f871d2ba8a86e1e,USED,
EVALUATION_SPATIAL_COMPARABLE,LGBM_TEMPORAL,3,h3_2026-02,2026-02,2026-05,106,34,49,72,0,1838,d3047aaa51422865bc854828447a722e3c2ab14ffa8493e53ac0c3d3c1878eb9,6a33825052faa7e8c29b1330613af1cf78c0b93dd111aa333f871d2ba8a86e1e,USED,"{""colsample_bytree"": 0.8, ""deterministic"": true, ""force_col_wise"": true, ""learning_rate"": 0.03, ""min_child_samples"": 20, ""n_estimators"": 300, ""n_jobs"": 1, ""num_leaves"": 15, ""objective"": ""regression"", ""random_state"": 42, ""subsample"": 1.0, ""subsample_freq"": 0, ""use_missing"": true, ""verbosity"": -1, ""zero_as_missing"": false}"
EVALUATION_SPATIAL_COMPARABLE,LGBM_TEMPORAL_SPATIAL,3,h3_2026-02,2026-02,2026-05,106,34,49,72,0,1838,d3047aaa51422865bc854828447a722e3c2ab14ffa8493e53ac0c3d3c1878eb9,6a33825052faa7e8c29b1330613af1cf78c0b93dd111aa333f871d2ba8a86e1e,USED,"{""colsample_bytree"": 0.8, ""deterministic"": true, ""force_col_wise"": true, ""learning_rate"": 0.03, ""min_child_samples"": 20, ""n_estimators"": 300, ""n_jobs"": 1, ""num_leaves"": 15, ""objective"": ""regression"", ""random_state"": 42, ""subsample"": 1.0, ""subsample_freq"": 0, ""use_missing"": true, ""verbosity"": -1, ""zero_as_missing"": false}"
EVALUATION_ALL,PERSISTENCE,3,h3_2026-03,2026-03,2026-06,106,65,39,41,23,1915,2a8c45448d22f407756e76ed53e50e42b41afeb5383f6a0b89c1bb53f2b8c8d2,df30efa15657fe04932314bf37fdafa9762ebf485dc63f857ba2ffba0ae3d981,USED,
EVALUATION_ALL,LGBM_TEMPORAL,3,h3_2026-03,2026-03,2026-06,106,65,39,41,23,1915,2a8c45448d22f407756e76ed53e50e42b41afeb5383f6a0b89c1bb53f2b8c8d2,df30efa15657fe04932314bf37fdafa9762ebf485dc63f857ba2ffba0ae3d981,USED,"{""colsample_bytree"": 0.8, ""deterministic"": true, ""force_col_wise"": true, ""learning_rate"": 0.03, ""min_child_samples"": 20, ""n_estimators"": 300, ""n_jobs"": 1, ""num_leaves"": 15, ""objective"": ""regression"", ""random_state"": 42, ""subsample"": 1.0, ""subsample_freq"": 0, ""use_missing"": true, ""verbosity"": -1, ""zero_as_missing"": false}"
EVALUATION_ALL,LGBM_TEMPORAL_SPATIAL,3,h3_2026-03,2026-03,2026-06,106,65,39,41,23,1915,2a8c45448d22f407756e76ed53e50e42b41afeb5383f6a0b89c1bb53f2b8c8d2,df30efa15657fe04932314bf37fdafa9762ebf485dc63f857ba2ffba0ae3d981,USED,"{""colsample_bytree"": 0.8, ""deterministic"": true, ""force_col_wise"": true, ""learning_rate"": 0.03, ""min_child_samples"": 20, ""n_estimators"": 300, ""n_jobs"": 1, ""num_leaves"": 15, ""objective"": ""regression"", ""random_state"": 42, ""subsample"": 1.0, ""subsample_freq"": 0, ""use_missing"": true, ""verbosity"": -1, ""zero_as_missing"": false}"
EVALUATION_SPATIAL_COMPARABLE,PERSISTENCE,3,h3_2026-03,2026-03,2026-06,106,40,39,66,0,1915,2a8c45448d22f407756e76ed53e50e42b41afeb5383f6a0b89c1bb53f2b8c8d2,d002ad5a15af23f68ff153b3586ea0f97a85dc16a0d2f70be9265934916f739b,USED,
EVALUATION_SPATIAL_COMPARABLE,LGBM_TEMPORAL,3,h3_2026-03,2026-03,2026-06,106,40,39,66,0,1915,2a8c45448d22f407756e76ed53e50e42b41afeb5383f6a0b89c1bb53f2b8c8d2,d002ad5a15af23f68ff153b3586ea0f97a85dc16a0d2f70be9265934916f739b,USED,"{""colsample_bytree"": 0.8, ""deterministic"": true, ""force_col_wise"": true, ""learning_rate"": 0.03, ""min_child_samples"": 20, ""n_estimators"": 300, ""n_jobs"": 1, ""num_leaves"": 15, ""objective"": ""regression"", ""random_state"": 42, ""subsample"": 1.0, ""subsample_freq"": 0, ""use_missing"": true, ""verbosity"": -1, ""zero_as_missing"": false}"
EVALUATION_SPATIAL_COMPARABLE,LGBM_TEMPORAL_SPATIAL,3,h3_2026-03,2026-03,2026-06,106,40,39,66,0,1915,2a8c45448d22f407756e76ed53e50e42b41afeb5383f6a0b89c1bb53f2b8c8d2,d002ad5a15af23f68ff153b3586ea0f97a85dc16a0d2f70be9265934916f739b,USED,"{""colsample_bytree"": 0.8, ""deterministic"": true, ""force_col_wise"": true, ""learning_rate"": 0.03, ""min_child_samples"": 20, ""n_estimators"": 300, ""n_jobs"": 1, ""num_leaves"": 15, ""objective"": ""regression"", ""random_state"": 42, ""subsample"": 1.0, ""subsample_freq"": 0, ""use_missing"": true, ""verbosity"": -1, ""zero_as_missing"": false}"
EVALUATION_ALL,PERSISTENCE,3,h3_2026-04,2026-04,2026-07,106,48,52,58,22,1967,baf79d9dc14cf932dc99552e44fe5c997f902ae78d6ad222e2e51f880260f502,cc4854b034962b83e37531a5f1a36894315e8f56cf765076e99cb5877192ab67,USED,
EVALUATION_ALL,LGBM_TEMPORAL,3,h3_2026-04,2026-04,2026-07,106,48,52,58,22,1967,baf79d9dc14cf932dc99552e44fe5c997f902ae78d6ad222e2e51f880260f502,cc4854b034962b83e37531a5f1a36894315e8f56cf765076e99cb5877192ab67,USED,"{""colsample_bytree"": 0.8, ""deterministic"": true, ""force_col_wise"": true, ""learning_rate"": 0.03, ""min_child_samples"": 20, ""n_estimators"": 300, ""n_jobs"": 1, ""num_leaves"": 15, ""objective"": ""regression"", ""random_state"": 42, ""subsample"": 1.0, ""subsample_freq"": 0, ""use_missing"": true, ""verbosity"": -1, ""zero_as_missing"": false}"
EVALUATION_ALL,LGBM_TEMPORAL_SPATIAL,3,h3_2026-04,2026-04,2026-07,106,48,52,58,22,1967,baf79d9dc14cf932dc99552e44fe5c997f902ae78d6ad222e2e51f880260f502,cc4854b034962b83e37531a5f1a36894315e8f56cf765076e99cb5877192ab67,USED,"{""colsample_bytree"": 0.8, ""deterministic"": true, ""force_col_wise"": true, ""learning_rate"": 0.03, ""min_child_samples"": 20, ""n_estimators"": 300, ""n_jobs"": 1, ""num_leaves"": 15, ""objective"": ""regression"", ""random_state"": 42, ""subsample"": 1.0, ""subsample_freq"": 0, ""use_missing"": true, ""verbosity"": -1, ""zero_as_missing"": false}"
EVALUATION_SPATIAL_COMPARABLE,PERSISTENCE,3,h3_2026-04,2026-04,2026-07,106,25,52,81,0,1967,baf79d9dc14cf932dc99552e44fe5c997f902ae78d6ad222e2e51f880260f502,f25c5948fce4f97955ffd63fd0361c5a87ad7f01e6c496359a0bc666472a7c93,USED,
EVALUATION_SPATIAL_COMPARABLE,LGBM_TEMPORAL,3,h3_2026-04,2026-04,2026-07,106,25,52,81,0,1967,baf79d9dc14cf932dc99552e44fe5c997f902ae78d6ad222e2e51f880260f502,f25c5948fce4f97955ffd63fd0361c5a87ad7f01e6c496359a0bc666472a7c93,USED,"{""colsample_bytree"": 0.8, ""deterministic"": true, ""force_col_wise"": true, ""learning_rate"": 0.03, ""min_child_samples"": 20, ""n_estimators"": 300, ""n_jobs"": 1, ""num_leaves"": 15, ""objective"": ""regression"", ""random_state"": 42, ""subsample"": 1.0, ""subsample_freq"": 0, ""use_missing"": true, ""verbosity"": -1, ""zero_as_missing"": false}"
EVALUATION_SPATIAL_COMPARABLE,LGBM_TEMPORAL_SPATIAL,3,h3_2026-04,2026-04,2026-07,106,25,52,81,0,1967,baf79d9dc14cf932dc99552e44fe5c997f902ae78d6ad222e2e51f880260f502,f25c5948fce4f97955ffd63fd0361c5a87ad7f01e6c496359a0bc666472a7c93,USED,"{""colsample_bytree"": 0.8, ""deterministic"": true, ""force_col_wise"": true, ""learning_rate"": 0.03, ""min_child_samples"": 20, ""n_estimators"": 300, ""n_jobs"": 1, ""num_leaves"": 15, ""objective"": ""regression"", ""random_state"": 42, ""subsample"": 1.0, ""subsample_freq"": 0, ""use_missing"": true, ""verbosity"": -1, ""zero_as_missing"": false}"
EVALUATION_ALL,PERSISTENCE,3,h3_2026-05,2026-05,2026-08,106,65,38,41,21,2040,683c1890870dac6bde71d8d78a6e889d887353142d3d79636f98130121ab6869,b9aadf12b1662383109c08048b82de5d3b50982fc0fc66ca12e429a863a0ecaa,USED,
EVALUATION_ALL,LGBM_TEMPORAL,3,h3_2026-05,2026-05,2026-08,106,65,38,41,21,2040,683c1890870dac6bde71d8d78a6e889d887353142d3d79636f98130121ab6869,b9aadf12b1662383109c08048b82de5d3b50982fc0fc66ca12e429a863a0ecaa,USED,"{""colsample_bytree"": 0.8, ""deterministic"": true, ""force_col_wise"": true, ""learning_rate"": 0.03, ""min_child_samples"": 20, ""n_estimators"": 300, ""n_jobs"": 1, ""num_leaves"": 15, ""objective"": ""regression"", ""random_state"": 42, ""subsample"": 1.0, ""subsample_freq"": 0, ""use_missing"": true, ""verbosity"": -1, ""zero_as_missing"": false}"
EVALUATION_ALL,LGBM_TEMPORAL_SPATIAL,3,h3_2026-05,2026-05,2026-08,106,65,38,41,21,2040,683c1890870dac6bde71d8d78a6e889d887353142d3d79636f98130121ab6869,b9aadf12b1662383109c08048b82de5d3b50982fc0fc66ca12e429a863a0ecaa,USED,"{""colsample_bytree"": 0.8, ""deterministic"": true, ""force_col_wise"": true, ""learning_rate"": 0.03, ""min_child_samples"": 20, ""n_estimators"": 300, ""n_jobs"": 1, ""num_leaves"": 15, ""objective"": ""regression"", ""random_state"": 42, ""subsample"": 1.0, ""subsample_freq"": 0, ""use_missing"": true, ""verbosity"": -1, ""zero_as_missing"": false}"
EVALUATION_SPATIAL_COMPARABLE,PERSISTENCE,3,h3_2026-05,2026-05,2026-08,106,43,38,63,0,2040,683c1890870dac6bde71d8d78a6e889d887353142d3d79636f98130121ab6869,84dbedee2ac6e7c21d28dc9937d4937ec7c79905aefae1ec6b1fc2ded1459c58,USED,
EVALUATION_SPATIAL_COMPARABLE,LGBM_TEMPORAL,3,h3_2026-05,2026-05,2026-08,106,43,38,63,0,2040,683c1890870dac6bde71d8d78a6e889d887353142d3d79636f98130121ab6869,84dbedee2ac6e7c21d28dc9937d4937ec7c79905aefae1ec6b1fc2ded1459c58,USED,"{""colsample_bytree"": 0.8, ""deterministic"": true, ""force_col_wise"": true, ""learning_rate"": 0.03, ""min_child_samples"": 20, ""n_estimators"": 300, ""n_jobs"": 1, ""num_leaves"": 15, ""objective"": ""regression"", ""random_state"": 42, ""subsample"": 1.0, ""subsample_freq"": 0, ""use_missing"": true, ""verbosity"": -1, ""zero_as_missing"": false}"
EVALUATION_SPATIAL_COMPARABLE,LGBM_TEMPORAL_SPATIAL,3,h3_2026-05,2026-05,2026-08,106,43,38,63,0,2040,683c1890870dac6bde71d8d78a6e889d887353142d3d79636f98130121ab6869,84dbedee2ac6e7c21d28dc9937d4937ec7c79905aefae1ec6b1fc2ded1459c58,USED,"{""colsample_bytree"": 0.8, ""deterministic"": true, ""force_col_wise"": true, ""learning_rate"": 0.03, ""min_child_samples"": 20, ""n_estimators"": 300, ""n_jobs"": 1, ""num_leaves"": 15, ""objective"": ""regression"", ""random_state"": 42, ""subsample"": 1.0, ""subsample_freq"": 0, ""use_missing"": true, ""verbosity"": -1, ""zero_as_missing"": false}"
EVALUATION_ALL,PERSISTENCE,6,h6_2024-08,2024-08,2025-02,106,51,52,55,27,633,3ec01e092fd0f5e334f392cc2ef82e80fea734b157cc7879eaee489d186b4fe6,765ed53081485bbfe61846cbd9dd769d7d758126c7b86a8154133e8dcea9cea2,USED,
EVALUATION_ALL,LGBM_TEMPORAL,6,h6_2024-08,2024-08,2025-02,106,51,52,55,27,633,3ec01e092fd0f5e334f392cc2ef82e80fea734b157cc7879eaee489d186b4fe6,765ed53081485bbfe61846cbd9dd769d7d758126c7b86a8154133e8dcea9cea2,USED,"{""colsample_bytree"": 0.8, ""deterministic"": true, ""force_col_wise"": true, ""learning_rate"": 0.03, ""min_child_samples"": 20, ""n_estimators"": 300, ""n_jobs"": 1, ""num_leaves"": 15, ""objective"": ""regression"", ""random_state"": 42, ""subsample"": 1.0, ""subsample_freq"": 0, ""use_missing"": true, ""verbosity"": -1, ""zero_as_missing"": false}"
EVALUATION_ALL,LGBM_TEMPORAL_SPATIAL,6,h6_2024-08,2024-08,2025-02,106,51,52,55,27,633,3ec01e092fd0f5e334f392cc2ef82e80fea734b157cc7879eaee489d186b4fe6,765ed53081485bbfe61846cbd9dd769d7d758126c7b86a8154133e8dcea9cea2,USED,"{""colsample_bytree"": 0.8, ""deterministic"": true, ""force_col_wise"": true, ""learning_rate"": 0.03, ""min_child_samples"": 20, ""n_estimators"": 300, ""n_jobs"": 1, ""num_leaves"": 15, ""objective"": ""regression"", ""random_state"": 42, ""subsample"": 1.0, ""subsample_freq"": 0, ""use_missing"": true, ""verbosity"": -1, ""zero_as_missing"": false}"
EVALUATION_SPATIAL_COMPARABLE,PERSISTENCE,6,h6_2024-08,2024-08,2025-02,106,24,52,82,0,633,3ec01e092fd0f5e334f392cc2ef82e80fea734b157cc7879eaee489d186b4fe6,2564fc64cfad2f32361261f93d74ad05586384d662f9ec9bed5665caad693e3a,USED,
EVALUATION_SPATIAL_COMPARABLE,LGBM_TEMPORAL,6,h6_2024-08,2024-08,2025-02,106,24,52,82,0,633,3ec01e092fd0f5e334f392cc2ef82e80fea734b157cc7879eaee489d186b4fe6,2564fc64cfad2f32361261f93d74ad05586384d662f9ec9bed5665caad693e3a,USED,"{""colsample_bytree"": 0.8, ""deterministic"": true, ""force_col_wise"": true, ""learning_rate"": 0.03, ""min_child_samples"": 20, ""n_estimators"": 300, ""n_jobs"": 1, ""num_leaves"": 15, ""objective"": ""regression"", ""random_state"": 42, ""subsample"": 1.0, ""subsample_freq"": 0, ""use_missing"": true, ""verbosity"": -1, ""zero_as_missing"": false}"
EVALUATION_SPATIAL_COMPARABLE,LGBM_TEMPORAL_SPATIAL,6,h6_2024-08,2024-08,2025-02,106,24,52,82,0,633,3ec01e092fd0f5e334f392cc2ef82e80fea734b157cc7879eaee489d186b4fe6,2564fc64cfad2f32361261f93d74ad05586384d662f9ec9bed5665caad693e3a,USED,"{""colsample_bytree"": 0.8, ""deterministic"": true, ""force_col_wise"": true, ""learning_rate"": 0.03, ""min_child_samples"": 20, ""n_estimators"": 300, ""n_jobs"": 1, ""num_leaves"": 15, ""objective"": ""regression"", ""random_state"": 42, ""subsample"": 1.0, ""subsample_freq"": 0, ""use_missing"": true, ""verbosity"": -1, ""zero_as_missing"": false}"
EVALUATION_ALL,PERSISTENCE,6,h6_2024-09,2024-09,2025-03,106,104,30,2,30,718,ef477b98d40c73a60855dc3fcade4097d60f649e4324dd4bcc11d3a64fc08086,cddf9486d860cbaf59ef3614e90b8cbe4f3fbb11f27127acc1c286b65c0a83f3,USED,
EVALUATION_ALL,LGBM_TEMPORAL,6,h6_2024-09,2024-09,2025-03,106,104,30,2,30,718,ef477b98d40c73a60855dc3fcade4097d60f649e4324dd4bcc11d3a64fc08086,cddf9486d860cbaf59ef3614e90b8cbe4f3fbb11f27127acc1c286b65c0a83f3,USED,"{""colsample_bytree"": 0.8, ""deterministic"": true, ""force_col_wise"": true, ""learning_rate"": 0.03, ""min_child_samples"": 20, ""n_estimators"": 300, ""n_jobs"": 1, ""num_leaves"": 15, ""objective"": ""regression"", ""random_state"": 42, ""subsample"": 1.0, ""subsample_freq"": 0, ""use_missing"": true, ""verbosity"": -1, ""zero_as_missing"": false}"
EVALUATION_ALL,LGBM_TEMPORAL_SPATIAL,6,h6_2024-09,2024-09,2025-03,106,104,30,2,30,718,ef477b98d40c73a60855dc3fcade4097d60f649e4324dd4bcc11d3a64fc08086,cddf9486d860cbaf59ef3614e90b8cbe4f3fbb11f27127acc1c286b65c0a83f3,USED,"{""colsample_bytree"": 0.8, ""deterministic"": true, ""force_col_wise"": true, ""learning_rate"": 0.03, ""min_child_samples"": 20, ""n_estimators"": 300, ""n_jobs"": 1, ""num_leaves"": 15, ""objective"": ""regression"", ""random_state"": 42, ""subsample"": 1.0, ""subsample_freq"": 0, ""use_missing"": true, ""verbosity"": -1, ""zero_as_missing"": false}"
EVALUATION_SPATIAL_COMPARABLE,PERSISTENCE,6,h6_2024-09,2024-09,2025-03,106,69,30,37,0,718,ef477b98d40c73a60855dc3fcade4097d60f649e4324dd4bcc11d3a64fc08086,dfe1539fac695490d59701ba02f69d4e278bb06db6bfd511607c34afd84e06d0,USED,
EVALUATION_SPATIAL_COMPARABLE,LGBM_TEMPORAL,6,h6_2024-09,2024-09,2025-03,106,69,30,37,0,718,ef477b98d40c73a60855dc3fcade4097d60f649e4324dd4bcc11d3a64fc08086,dfe1539fac695490d59701ba02f69d4e278bb06db6bfd511607c34afd84e06d0,USED,"{""colsample_bytree"": 0.8, ""deterministic"": true, ""force_col_wise"": true, ""learning_rate"": 0.03, ""min_child_samples"": 20, ""n_estimators"": 300, ""n_jobs"": 1, ""num_leaves"": 15, ""objective"": ""regression"", ""random_state"": 42, ""subsample"": 1.0, ""subsample_freq"": 0, ""use_missing"": true, ""verbosity"": -1, ""zero_as_missing"": false}"
EVALUATION_SPATIAL_COMPARABLE,LGBM_TEMPORAL_SPATIAL,6,h6_2024-09,2024-09,2025-03,106,69,30,37,0,718,ef477b98d40c73a60855dc3fcade4097d60f649e4324dd4bcc11d3a64fc08086,dfe1539fac695490d59701ba02f69d4e278bb06db6bfd511607c34afd84e06d0,USED,"{""colsample_bytree"": 0.8, ""deterministic"": true, ""force_col_wise"": true, ""learning_rate"": 0.03, ""min_child_samples"": 20, ""n_estimators"": 300, ""n_jobs"": 1, ""num_leaves"": 15, ""objective"": ""regression"", ""random_state"": 42, ""subsample"": 1.0, ""subsample_freq"": 0, ""use_missing"": true, ""verbosity"": -1, ""zero_as_missing"": false}"
EVALUATION_ALL,PERSISTENCE,6,h6_2024-11,2024-11,2025-05,106,55,106,51,55,753,4fa300fad8bbfab451fe5200308266db349c947a3f7a2f6b5e29e010c129d72a,88d14a24e79222b430b3fcd73e7f609d9d817c4bcef4e6e1e96434b7ffafec90,USED,
EVALUATION_ALL,LGBM_TEMPORAL,6,h6_2024-11,2024-11,2025-05,106,55,106,51,55,753,4fa300fad8bbfab451fe5200308266db349c947a3f7a2f6b5e29e010c129d72a,88d14a24e79222b430b3fcd73e7f609d9d817c4bcef4e6e1e96434b7ffafec90,USED,"{""colsample_bytree"": 0.8, ""deterministic"": true, ""force_col_wise"": true, ""learning_rate"": 0.03, ""min_child_samples"": 20, ""n_estimators"": 300, ""n_jobs"": 1, ""num_leaves"": 15, ""objective"": ""regression"", ""random_state"": 42, ""subsample"": 1.0, ""subsample_freq"": 0, ""use_missing"": true, ""verbosity"": -1, ""zero_as_missing"": false}"
EVALUATION_ALL,LGBM_TEMPORAL_SPATIAL,6,h6_2024-11,2024-11,2025-05,106,55,106,51,55,753,4fa300fad8bbfab451fe5200308266db349c947a3f7a2f6b5e29e010c129d72a,88d14a24e79222b430b3fcd73e7f609d9d817c4bcef4e6e1e96434b7ffafec90,USED,"{""colsample_bytree"": 0.8, ""deterministic"": true, ""force_col_wise"": true, ""learning_rate"": 0.03, ""min_child_samples"": 20, ""n_estimators"": 300, ""n_jobs"": 1, ""num_leaves"": 15, ""objective"": ""regression"", ""random_state"": 42, ""subsample"": 1.0, ""subsample_freq"": 0, ""use_missing"": true, ""verbosity"": -1, ""zero_as_missing"": false}"
EVALUATION_SPATIAL_COMPARABLE,PERSISTENCE,6,h6_2024-11,2024-11,2025-05,106,0,106,106,0,753,4fa300fad8bbfab451fe5200308266db349c947a3f7a2f6b5e29e010c129d72a,71556a84951c25ee3ae94aa4e80b992a69670708453139302f1c00c01845aa57,NO_USABLE_ROWS,
EVALUATION_SPATIAL_COMPARABLE,LGBM_TEMPORAL,6,h6_2024-11,2024-11,2025-05,106,0,106,106,0,753,4fa300fad8bbfab451fe5200308266db349c947a3f7a2f6b5e29e010c129d72a,71556a84951c25ee3ae94aa4e80b992a69670708453139302f1c00c01845aa57,NO_USABLE_ROWS,"{""colsample_bytree"": 0.8, ""deterministic"": true, ""force_col_wise"": true, ""learning_rate"": 0.03, ""min_child_samples"": 20, ""n_estimators"": 300, ""n_jobs"": 1, ""num_leaves"": 15, ""objective"": ""regression"", ""random_state"": 42, ""subsample"": 1.0, ""subsample_freq"": 0, ""use_missing"": true, ""verbosity"": -1, ""zero_as_missing"": false}"
EVALUATION_SPATIAL_COMPARABLE,LGBM_TEMPORAL_SPATIAL,6,h6_2024-11,2024-11,2025-05,106,0,106,106,0,753,4fa300fad8bbfab451fe5200308266db349c947a3f7a2f6b5e29e010c129d72a,71556a84951c25ee3ae94aa4e80b992a69670708453139302f1c00c01845aa57,NO_USABLE_ROWS,"{""colsample_bytree"": 0.8, ""deterministic"": true, ""force_col_wise"": true, ""learning_rate"": 0.03, ""min_child_samples"": 20, ""n_estimators"": 300, ""n_jobs"": 1, ""num_leaves"": 15, ""objective"": ""regression"", ""random_state"": 42, ""subsample"": 1.0, ""subsample_freq"": 0, ""use_missing"": true, ""verbosity"": -1, ""zero_as_missing"": false}"
EVALUATION_ALL,PERSISTENCE,6,h6_2024-12,2024-12,2025-06,106,74,106,32,74,829,ecb58ab3142c33905c3e5d50ef603d58c7769b35288aac11815d9e18a42365fb,ae26dc38ec102112a3892f0801c5ff5bdf04bbe979716165fc54665700fd8aa8,USED,
EVALUATION_ALL,LGBM_TEMPORAL,6,h6_2024-12,2024-12,2025-06,106,74,106,32,74,829,ecb58ab3142c33905c3e5d50ef603d58c7769b35288aac11815d9e18a42365fb,ae26dc38ec102112a3892f0801c5ff5bdf04bbe979716165fc54665700fd8aa8,USED,"{""colsample_bytree"": 0.8, ""deterministic"": true, ""force_col_wise"": true, ""learning_rate"": 0.03, ""min_child_samples"": 20, ""n_estimators"": 300, ""n_jobs"": 1, ""num_leaves"": 15, ""objective"": ""regression"", ""random_state"": 42, ""subsample"": 1.0, ""subsample_freq"": 0, ""use_missing"": true, ""verbosity"": -1, ""zero_as_missing"": false}"
EVALUATION_ALL,LGBM_TEMPORAL_SPATIAL,6,h6_2024-12,2024-12,2025-06,106,74,106,32,74,829,ecb58ab3142c33905c3e5d50ef603d58c7769b35288aac11815d9e18a42365fb,ae26dc38ec102112a3892f0801c5ff5bdf04bbe979716165fc54665700fd8aa8,USED,"{""colsample_bytree"": 0.8, ""deterministic"": true, ""force_col_wise"": true, ""learning_rate"": 0.03, ""min_child_samples"": 20, ""n_estimators"": 300, ""n_jobs"": 1, ""num_leaves"": 15, ""objective"": ""regression"", ""random_state"": 42, ""subsample"": 1.0, ""subsample_freq"": 0, ""use_missing"": true, ""verbosity"": -1, ""zero_as_missing"": false}"
EVALUATION_SPATIAL_COMPARABLE,PERSISTENCE,6,h6_2024-12,2024-12,2025-06,106,0,106,106,0,829,ecb58ab3142c33905c3e5d50ef603d58c7769b35288aac11815d9e18a42365fb,71556a84951c25ee3ae94aa4e80b992a69670708453139302f1c00c01845aa57,NO_USABLE_ROWS,
EVALUATION_SPATIAL_COMPARABLE,LGBM_TEMPORAL,6,h6_2024-12,2024-12,2025-06,106,0,106,106,0,829,ecb58ab3142c33905c3e5d50ef603d58c7769b35288aac11815d9e18a42365fb,71556a84951c25ee3ae94aa4e80b992a69670708453139302f1c00c01845aa57,NO_USABLE_ROWS,"{""colsample_bytree"": 0.8, ""deterministic"": true, ""force_col_wise"": true, ""learning_rate"": 0.03, ""min_child_samples"": 20, ""n_estimators"": 300, ""n_jobs"": 1, ""num_leaves"": 15, ""objective"": ""regression"", ""random_state"": 42, ""subsample"": 1.0, ""subsample_freq"": 0, ""use_missing"": true, ""verbosity"": -1, ""zero_as_missing"": false}"
EVALUATION_SPATIAL_COMPARABLE,LGBM_TEMPORAL_SPATIAL,6,h6_2024-12,2024-12,2025-06,106,0,106,106,0,829,ecb58ab3142c33905c3e5d50ef603d58c7769b35288aac11815d9e18a42365fb,71556a84951c25ee3ae94aa4e80b992a69670708453139302f1c00c01845aa57,NO_USABLE_ROWS,"{""colsample_bytree"": 0.8, ""deterministic"": true, ""force_col_wise"": true, ""learning_rate"": 0.03, ""min_child_samples"": 20, ""n_estimators"": 300, ""n_jobs"": 1, ""num_leaves"": 15, ""objective"": ""regression"", ""random_state"": 42, ""subsample"": 1.0, ""subsample_freq"": 0, ""use_missing"": true, ""verbosity"": -1, ""zero_as_missing"": false}"
EVALUATION_ALL,PERSISTENCE,6,h6_2025-01,2025-01,2025-07,106,53,54,53,25,883,167ece1d3e893197dd05f4363735cb2147b151cfacdc553ed2a0d92660830408,7ea0d851626b70180e18c07f38080b6058138c45247ba2e0f14529b80852307e,USED,
EVALUATION_ALL,LGBM_TEMPORAL,6,h6_2025-01,2025-01,2025-07,106,53,54,53,25,883,167ece1d3e893197dd05f4363735cb2147b151cfacdc553ed2a0d92660830408,7ea0d851626b70180e18c07f38080b6058138c45247ba2e0f14529b80852307e,USED,"{""colsample_bytree"": 0.8, ""deterministic"": true, ""force_col_wise"": true, ""learning_rate"": 0.03, ""min_child_samples"": 20, ""n_estimators"": 300, ""n_jobs"": 1, ""num_leaves"": 15, ""objective"": ""regression"", ""random_state"": 42, ""subsample"": 1.0, ""subsample_freq"": 0, ""use_missing"": true, ""verbosity"": -1, ""zero_as_missing"": false}"
EVALUATION_ALL,LGBM_TEMPORAL_SPATIAL,6,h6_2025-01,2025-01,2025-07,106,53,54,53,25,883,167ece1d3e893197dd05f4363735cb2147b151cfacdc553ed2a0d92660830408,7ea0d851626b70180e18c07f38080b6058138c45247ba2e0f14529b80852307e,USED,"{""colsample_bytree"": 0.8, ""deterministic"": true, ""force_col_wise"": true, ""learning_rate"": 0.03, ""min_child_samples"": 20, ""n_estimators"": 300, ""n_jobs"": 1, ""num_leaves"": 15, ""objective"": ""regression"", ""random_state"": 42, ""subsample"": 1.0, ""subsample_freq"": 0, ""use_missing"": true, ""verbosity"": -1, ""zero_as_missing"": false}"
EVALUATION_SPATIAL_COMPARABLE,PERSISTENCE,6,h6_2025-01,2025-01,2025-07,106,0,54,106,0,883,167ece1d3e893197dd05f4363735cb2147b151cfacdc553ed2a0d92660830408,71556a84951c25ee3ae94aa4e80b992a69670708453139302f1c00c01845aa57,NO_USABLE_ROWS,
EVALUATION_SPATIAL_COMPARABLE,LGBM_TEMPORAL,6,h6_2025-01,2025-01,2025-07,106,0,54,106,0,883,167ece1d3e893197dd05f4363735cb2147b151cfacdc553ed2a0d92660830408,71556a84951c25ee3ae94aa4e80b992a69670708453139302f1c00c01845aa57,NO_USABLE_ROWS,"{""colsample_bytree"": 0.8, ""deterministic"": true, ""force_col_wise"": true, ""learning_rate"": 0.03, ""min_child_samples"": 20, ""n_estimators"": 300, ""n_jobs"": 1, ""num_leaves"": 15, ""objective"": ""regression"", ""random_state"": 42, ""subsample"": 1.0, ""subsample_freq"": 0, ""use_missing"": true, ""verbosity"": -1, ""zero_as_missing"": false}"
EVALUATION_SPATIAL_COMPARABLE,LGBM_TEMPORAL_SPATIAL,6,h6_2025-01,2025-01,2025-07,106,0,54,106,0,883,167ece1d3e893197dd05f4363735cb2147b151cfacdc553ed2a0d92660830408,71556a84951c25ee3ae94aa4e80b992a69670708453139302f1c00c01845aa57,NO_USABLE_ROWS,"{""colsample_bytree"": 0.8, ""deterministic"": true, ""force_col_wise"": true, ""learning_rate"": 0.03, ""min_child_samples"": 20, ""n_estimators"": 300, ""n_jobs"": 1, ""num_leaves"": 15, ""objective"": ""regression"", ""random_state"": 42, ""subsample"": 1.0, ""subsample_freq"": 0, ""use_missing"": true, ""verbosity"": -1, ""zero_as_missing"": false}"
EVALUATION_ALL,PERSISTENCE,6,h6_2025-02,2025-02,2025-08,106,50,51,56,20,933,e256e7717ec21e6cc9f71acedec679d40c16766f698ce522794373bbb7f25de2,0c968d50a3db7212129f1dddea4c94fb8e24a945b799f0ea8486e77ddaf46b07,USED,
EVALUATION_ALL,LGBM_TEMPORAL,6,h6_2025-02,2025-02,2025-08,106,50,51,56,20,933,e256e7717ec21e6cc9f71acedec679d40c16766f698ce522794373bbb7f25de2,0c968d50a3db7212129f1dddea4c94fb8e24a945b799f0ea8486e77ddaf46b07,USED,"{""colsample_bytree"": 0.8, ""deterministic"": true, ""force_col_wise"": true, ""learning_rate"": 0.03, ""min_child_samples"": 20, ""n_estimators"": 300, ""n_jobs"": 1, ""num_leaves"": 15, ""objective"": ""regression"", ""random_state"": 42, ""subsample"": 1.0, ""subsample_freq"": 0, ""use_missing"": true, ""verbosity"": -1, ""zero_as_missing"": false}"
EVALUATION_ALL,LGBM_TEMPORAL_SPATIAL,6,h6_2025-02,2025-02,2025-08,106,50,51,56,20,933,e256e7717ec21e6cc9f71acedec679d40c16766f698ce522794373bbb7f25de2,0c968d50a3db7212129f1dddea4c94fb8e24a945b799f0ea8486e77ddaf46b07,USED,"{""colsample_bytree"": 0.8, ""deterministic"": true, ""force_col_wise"": true, ""learning_rate"": 0.03, ""min_child_samples"": 20, ""n_estimators"": 300, ""n_jobs"": 1, ""num_leaves"": 15, ""objective"": ""regression"", ""random_state"": 42, ""subsample"": 1.0, ""subsample_freq"": 0, ""use_missing"": true, ""verbosity"": -1, ""zero_as_missing"": false}"
EVALUATION_SPATIAL_COMPARABLE,PERSISTENCE,6,h6_2025-02,2025-02,2025-08,106,30,51,76,0,933,e256e7717ec21e6cc9f71acedec679d40c16766f698ce522794373bbb7f25de2,655f3f500ae0ac14d8fe85f3ba38f61374c2265006385c31e1764c749a85c679,USED,
EVALUATION_SPATIAL_COMPARABLE,LGBM_TEMPORAL,6,h6_2025-02,2025-02,2025-08,106,30,51,76,0,933,e256e7717ec21e6cc9f71acedec679d40c16766f698ce522794373bbb7f25de2,655f3f500ae0ac14d8fe85f3ba38f61374c2265006385c31e1764c749a85c679,USED,"{""colsample_bytree"": 0.8, ""deterministic"": true, ""force_col_wise"": true, ""learning_rate"": 0.03, ""min_child_samples"": 20, ""n_estimators"": 300, ""n_jobs"": 1, ""num_leaves"": 15, ""objective"": ""regression"", ""random_state"": 42, ""subsample"": 1.0, ""subsample_freq"": 0, ""use_missing"": true, ""verbosity"": -1, ""zero_as_missing"": false}"
EVALUATION_SPATIAL_COMPARABLE,LGBM_TEMPORAL_SPATIAL,6,h6_2025-02,2025-02,2025-08,106,30,51,76,0,933,e256e7717ec21e6cc9f71acedec679d40c16766f698ce522794373bbb7f25de2,655f3f500ae0ac14d8fe85f3ba38f61374c2265006385c31e1764c749a85c679,USED,"{""colsample_bytree"": 0.8, ""deterministic"": true, ""force_col_wise"": true, ""learning_rate"": 0.03, ""min_child_samples"": 20, ""n_estimators"": 300, ""n_jobs"": 1, ""num_leaves"": 15, ""objective"": ""regression"", ""random_state"": 42, ""subsample"": 1.0, ""subsample_freq"": 0, ""use_missing"": true, ""verbosity"": -1, ""zero_as_missing"": false}"
EVALUATION_ALL,PERSISTENCE,6,h6_2025-03,2025-03,2025-09,106,59,45,47,20,1009,0903364a1e5105906e7fb1f382639a6a99af8e15a2d37ab406296d6d40fddfca,7f67ad306496180989df23a4f4d29fd6cadd9ebb46cc0b5a80d927faf6fa3f9a,USED,
EVALUATION_ALL,LGBM_TEMPORAL,6,h6_2025-03,2025-03,2025-09,106,59,45,47,20,1009,0903364a1e5105906e7fb1f382639a6a99af8e15a2d37ab406296d6d40fddfca,7f67ad306496180989df23a4f4d29fd6cadd9ebb46cc0b5a80d927faf6fa3f9a,USED,"{""colsample_bytree"": 0.8, ""deterministic"": true, ""force_col_wise"": true, ""learning_rate"": 0.03, ""min_child_samples"": 20, ""n_estimators"": 300, ""n_jobs"": 1, ""num_leaves"": 15, ""objective"": ""regression"", ""random_state"": 42, ""subsample"": 1.0, ""subsample_freq"": 0, ""use_missing"": true, ""verbosity"": -1, ""zero_as_missing"": false}"
EVALUATION_ALL,LGBM_TEMPORAL_SPATIAL,6,h6_2025-03,2025-03,2025-09,106,59,45,47,20,1009,0903364a1e5105906e7fb1f382639a6a99af8e15a2d37ab406296d6d40fddfca,7f67ad306496180989df23a4f4d29fd6cadd9ebb46cc0b5a80d927faf6fa3f9a,USED,"{""colsample_bytree"": 0.8, ""deterministic"": true, ""force_col_wise"": true, ""learning_rate"": 0.03, ""min_child_samples"": 20, ""n_estimators"": 300, ""n_jobs"": 1, ""num_leaves"": 15, ""objective"": ""regression"", ""random_state"": 42, ""subsample"": 1.0, ""subsample_freq"": 0, ""use_missing"": true, ""verbosity"": -1, ""zero_as_missing"": false}"
EVALUATION_SPATIAL_COMPARABLE,PERSISTENCE,6,h6_2025-03,2025-03,2025-09,106,37,45,69,0,1009,0903364a1e5105906e7fb1f382639a6a99af8e15a2d37ab406296d6d40fddfca,6457c19ef8f15928c6a982a328a1cbfdb7c7b0468e111c5c765e8368fd00529a,USED,
EVALUATION_SPATIAL_COMPARABLE,LGBM_TEMPORAL,6,h6_2025-03,2025-03,2025-09,106,37,45,69,0,1009,0903364a1e5105906e7fb1f382639a6a99af8e15a2d37ab406296d6d40fddfca,6457c19ef8f15928c6a982a328a1cbfdb7c7b0468e111c5c765e8368fd00529a,USED,"{""colsample_bytree"": 0.8, ""deterministic"": true, ""force_col_wise"": true, ""learning_rate"": 0.03, ""min_child_samples"": 20, ""n_estimators"": 300, ""n_jobs"": 1, ""num_leaves"": 15, ""objective"": ""regression"", ""random_state"": 42, ""subsample"": 1.0, ""subsample_freq"": 0, ""use_missing"": true, ""verbosity"": -1, ""zero_as_missing"": false}"
EVALUATION_SPATIAL_COMPARABLE,LGBM_TEMPORAL_SPATIAL,6,h6_2025-03,2025-03,2025-09,106,37,45,69,0,1009,0903364a1e5105906e7fb1f382639a6a99af8e15a2d37ab406296d6d40fddfca,6457c19ef8f15928c6a982a328a1cbfdb7c7b0468e111c5c765e8368fd00529a,USED,"{""colsample_bytree"": 0.8, ""deterministic"": true, ""force_col_wise"": true, ""learning_rate"": 0.03, ""min_child_samples"": 20, ""n_estimators"": 300, ""n_jobs"": 1, ""num_leaves"": 15, ""objective"": ""regression"", ""random_state"": 42, ""subsample"": 1.0, ""subsample_freq"": 0, ""use_missing"": true, ""verbosity"": -1, ""zero_as_missing"": false}"
EVALUATION_ALL,PERSISTENCE,6,h6_2025-05,2025-05,2025-11,106,72,36,34,25,1105,7073430f9659ae9387c3edc635e08f418567132dd73b21d41ea64706be990024,c6384070ab8c3ad8c6afafb46c3f808789455a980db65bf14e6b8b2f30d359fd,USED,
EVALUATION_ALL,LGBM_TEMPORAL,6,h6_2025-05,2025-05,2025-11,106,72,36,34,25,1105,7073430f9659ae9387c3edc635e08f418567132dd73b21d41ea64706be990024,c6384070ab8c3ad8c6afafb46c3f808789455a980db65bf14e6b8b2f30d359fd,USED,"{""colsample_bytree"": 0.8, ""deterministic"": true, ""force_col_wise"": true, ""learning_rate"": 0.03, ""min_child_samples"": 20, ""n_estimators"": 300, ""n_jobs"": 1, ""num_leaves"": 15, ""objective"": ""regression"", ""random_state"": 42, ""subsample"": 1.0, ""subsample_freq"": 0, ""use_missing"": true, ""verbosity"": -1, ""zero_as_missing"": false}"
EVALUATION_ALL,LGBM_TEMPORAL_SPATIAL,6,h6_2025-05,2025-05,2025-11,106,72,36,34,25,1105,7073430f9659ae9387c3edc635e08f418567132dd73b21d41ea64706be990024,c6384070ab8c3ad8c6afafb46c3f808789455a980db65bf14e6b8b2f30d359fd,USED,"{""colsample_bytree"": 0.8, ""deterministic"": true, ""force_col_wise"": true, ""learning_rate"": 0.03, ""min_child_samples"": 20, ""n_estimators"": 300, ""n_jobs"": 1, ""num_leaves"": 15, ""objective"": ""regression"", ""random_state"": 42, ""subsample"": 1.0, ""subsample_freq"": 0, ""use_missing"": true, ""verbosity"": -1, ""zero_as_missing"": false}"
EVALUATION_SPATIAL_COMPARABLE,PERSISTENCE,6,h6_2025-05,2025-05,2025-11,106,47,36,59,0,1105,7073430f9659ae9387c3edc635e08f418567132dd73b21d41ea64706be990024,21426b1691a6094880502b7b70774ec6ddefac3b2ade3cd50c692561bcc01f50,USED,
EVALUATION_SPATIAL_COMPARABLE,LGBM_TEMPORAL,6,h6_2025-05,2025-05,2025-11,106,47,36,59,0,1105,7073430f9659ae9387c3edc635e08f418567132dd73b21d41ea64706be990024,21426b1691a6094880502b7b70774ec6ddefac3b2ade3cd50c692561bcc01f50,USED,"{""colsample_bytree"": 0.8, ""deterministic"": true, ""force_col_wise"": true, ""learning_rate"": 0.03, ""min_child_samples"": 20, ""n_estimators"": 300, ""n_jobs"": 1, ""num_leaves"": 15, ""objective"": ""regression"", ""random_state"": 42, ""subsample"": 1.0, ""subsample_freq"": 0, ""use_missing"": true, ""verbosity"": -1, ""zero_as_missing"": false}"
EVALUATION_SPATIAL_COMPARABLE,LGBM_TEMPORAL_SPATIAL,6,h6_2025-05,2025-05,2025-11,106,47,36,59,0,1105,7073430f9659ae9387c3edc635e08f418567132dd73b21d41ea64706be990024,21426b1691a6094880502b7b70774ec6ddefac3b2ade3cd50c692561bcc01f50,USED,"{""colsample_bytree"": 0.8, ""deterministic"": true, ""force_col_wise"": true, ""learning_rate"": 0.03, ""min_child_samples"": 20, ""n_estimators"": 300, ""n_jobs"": 1, ""num_leaves"": 15, ""objective"": ""regression"", ""random_state"": 42, ""subsample"": 1.0, ""subsample_freq"": 0, ""use_missing"": true, ""verbosity"": -1, ""zero_as_missing"": false}"
EVALUATION_ALL,PERSISTENCE,6,h6_2025-06,2025-06,2025-12,106,63,41,43,24,1169,a4c089f7d7192d4b5d9160c0f0f7826ec9db362b1d5b27f7c7e3e5b7da6d52fd,3cb459d2d10ddb3725f13f50ce9c2980b876a61172ed968d1337199ce149563c,USED,
EVALUATION_ALL,LGBM_TEMPORAL,6,h6_2025-06,2025-06,2025-12,106,63,41,43,24,1169,a4c089f7d7192d4b5d9160c0f0f7826ec9db362b1d5b27f7c7e3e5b7da6d52fd,3cb459d2d10ddb3725f13f50ce9c2980b876a61172ed968d1337199ce149563c,USED,"{""colsample_bytree"": 0.8, ""deterministic"": true, ""force_col_wise"": true, ""learning_rate"": 0.03, ""min_child_samples"": 20, ""n_estimators"": 300, ""n_jobs"": 1, ""num_leaves"": 15, ""objective"": ""regression"", ""random_state"": 42, ""subsample"": 1.0, ""subsample_freq"": 0, ""use_missing"": true, ""verbosity"": -1, ""zero_as_missing"": false}"
EVALUATION_ALL,LGBM_TEMPORAL_SPATIAL,6,h6_2025-06,2025-06,2025-12,106,63,41,43,24,1169,a4c089f7d7192d4b5d9160c0f0f7826ec9db362b1d5b27f7c7e3e5b7da6d52fd,3cb459d2d10ddb3725f13f50ce9c2980b876a61172ed968d1337199ce149563c,USED,"{""colsample_bytree"": 0.8, ""deterministic"": true, ""force_col_wise"": true, ""learning_rate"": 0.03, ""min_child_samples"": 20, ""n_estimators"": 300, ""n_jobs"": 1, ""num_leaves"": 15, ""objective"": ""regression"", ""random_state"": 42, ""subsample"": 1.0, ""subsample_freq"": 0, ""use_missing"": true, ""verbosity"": -1, ""zero_as_missing"": false}"
EVALUATION_SPATIAL_COMPARABLE,PERSISTENCE,6,h6_2025-06,2025-06,2025-12,106,39,41,67,0,1169,a4c089f7d7192d4b5d9160c0f0f7826ec9db362b1d5b27f7c7e3e5b7da6d52fd,b54e66e0d6be974f522c9056e1d09f12d962c01a726bab361bb9a912d990ec7c,USED,
EVALUATION_SPATIAL_COMPARABLE,LGBM_TEMPORAL,6,h6_2025-06,2025-06,2025-12,106,39,41,67,0,1169,a4c089f7d7192d4b5d9160c0f0f7826ec9db362b1d5b27f7c7e3e5b7da6d52fd,b54e66e0d6be974f522c9056e1d09f12d962c01a726bab361bb9a912d990ec7c,USED,"{""colsample_bytree"": 0.8, ""deterministic"": true, ""force_col_wise"": true, ""learning_rate"": 0.03, ""min_child_samples"": 20, ""n_estimators"": 300, ""n_jobs"": 1, ""num_leaves"": 15, ""objective"": ""regression"", ""random_state"": 42, ""subsample"": 1.0, ""subsample_freq"": 0, ""use_missing"": true, ""verbosity"": -1, ""zero_as_missing"": false}"
EVALUATION_SPATIAL_COMPARABLE,LGBM_TEMPORAL_SPATIAL,6,h6_2025-06,2025-06,2025-12,106,39,41,67,0,1169,a4c089f7d7192d4b5d9160c0f0f7826ec9db362b1d5b27f7c7e3e5b7da6d52fd,b54e66e0d6be974f522c9056e1d09f12d962c01a726bab361bb9a912d990ec7c,USED,"{""colsample_bytree"": 0.8, ""deterministic"": true, ""force_col_wise"": true, ""learning_rate"": 0.03, ""min_child_samples"": 20, ""n_estimators"": 300, ""n_jobs"": 1, ""num_leaves"": 15, ""objective"": ""regression"", ""random_state"": 42, ""subsample"": 1.0, ""subsample_freq"": 0, ""use_missing"": true, ""verbosity"": -1, ""zero_as_missing"": false}"
EVALUATION_ALL,PERSISTENCE,6,h6_2025-07,2025-07,2026-01,106,72,34,34,18,1228,8f4ca3f2abfee40ca3a3d0f80206b1670e2c44fa68c3cd32451f525c6439fa29,4143fce5f7f1535be2bc2657bdf59c64338f1fffdc33135b36e049c43d606533,USED,
EVALUATION_ALL,LGBM_TEMPORAL,6,h6_2025-07,2025-07,2026-01,106,72,34,34,18,1228,8f4ca3f2abfee40ca3a3d0f80206b1670e2c44fa68c3cd32451f525c6439fa29,4143fce5f7f1535be2bc2657bdf59c64338f1fffdc33135b36e049c43d606533,USED,"{""colsample_bytree"": 0.8, ""deterministic"": true, ""force_col_wise"": true, ""learning_rate"": 0.03, ""min_child_samples"": 20, ""n_estimators"": 300, ""n_jobs"": 1, ""num_leaves"": 15, ""objective"": ""regression"", ""random_state"": 42, ""subsample"": 1.0, ""subsample_freq"": 0, ""use_missing"": true, ""verbosity"": -1, ""zero_as_missing"": false}"
EVALUATION_ALL,LGBM_TEMPORAL_SPATIAL,6,h6_2025-07,2025-07,2026-01,106,72,34,34,18,1228,8f4ca3f2abfee40ca3a3d0f80206b1670e2c44fa68c3cd32451f525c6439fa29,4143fce5f7f1535be2bc2657bdf59c64338f1fffdc33135b36e049c43d606533,USED,"{""colsample_bytree"": 0.8, ""deterministic"": true, ""force_col_wise"": true, ""learning_rate"": 0.03, ""min_child_samples"": 20, ""n_estimators"": 300, ""n_jobs"": 1, ""num_leaves"": 15, ""objective"": ""regression"", ""random_state"": 42, ""subsample"": 1.0, ""subsample_freq"": 0, ""use_missing"": true, ""verbosity"": -1, ""zero_as_missing"": false}"
EVALUATION_SPATIAL_COMPARABLE,PERSISTENCE,6,h6_2025-07,2025-07,2026-01,106,54,34,52,0,1228,8f4ca3f2abfee40ca3a3d0f80206b1670e2c44fa68c3cd32451f525c6439fa29,d6217d35bfdee26f37e74922a45ee7fd89925a5bd9210fbe21576bf26507b67b,USED,
EVALUATION_SPATIAL_COMPARABLE,LGBM_TEMPORAL,6,h6_2025-07,2025-07,2026-01,106,54,34,52,0,1228,8f4ca3f2abfee40ca3a3d0f80206b1670e2c44fa68c3cd32451f525c6439fa29,d6217d35bfdee26f37e74922a45ee7fd89925a5bd9210fbe21576bf26507b67b,USED,"{""colsample_bytree"": 0.8, ""deterministic"": true, ""force_col_wise"": true, ""learning_rate"": 0.03, ""min_child_samples"": 20, ""n_estimators"": 300, ""n_jobs"": 1, ""num_leaves"": 15, ""objective"": ""regression"", ""random_state"": 42, ""subsample"": 1.0, ""subsample_freq"": 0, ""use_missing"": true, ""verbosity"": -1, ""zero_as_missing"": false}"
EVALUATION_SPATIAL_COMPARABLE,LGBM_TEMPORAL_SPATIAL,6,h6_2025-07,2025-07,2026-01,106,54,34,52,0,1228,8f4ca3f2abfee40ca3a3d0f80206b1670e2c44fa68c3cd32451f525c6439fa29,d6217d35bfdee26f37e74922a45ee7fd89925a5bd9210fbe21576bf26507b67b,USED,"{""colsample_bytree"": 0.8, ""deterministic"": true, ""force_col_wise"": true, ""learning_rate"": 0.03, ""min_child_samples"": 20, ""n_estimators"": 300, ""n_jobs"": 1, ""num_leaves"": 15, ""objective"": ""regression"", ""random_state"": 42, ""subsample"": 1.0, ""subsample_freq"": 0, ""use_missing"": true, ""verbosity"": -1, ""zero_as_missing"": false}"
EVALUATION_ALL,PERSISTENCE,6,h6_2025-08,2025-08,2026-02,106,65,43,41,20,1282,3085b40fccb54353b7d3660acb85f2947e5e0daafa2335cd8551ae549c4fb5b4,86491e3a16c1d4872af66aa82bdd5739d77bd9da6a2163d022756a4d0e42d980,USED,
EVALUATION_ALL,LGBM_TEMPORAL,6,h6_2025-08,2025-08,2026-02,106,65,43,41,20,1282,3085b40fccb54353b7d3660acb85f2947e5e0daafa2335cd8551ae549c4fb5b4,86491e3a16c1d4872af66aa82bdd5739d77bd9da6a2163d022756a4d0e42d980,USED,"{""colsample_bytree"": 0.8, ""deterministic"": true, ""force_col_wise"": true, ""learning_rate"": 0.03, ""min_child_samples"": 20, ""n_estimators"": 300, ""n_jobs"": 1, ""num_leaves"": 15, ""objective"": ""regression"", ""random_state"": 42, ""subsample"": 1.0, ""subsample_freq"": 0, ""use_missing"": true, ""verbosity"": -1, ""zero_as_missing"": false}"
EVALUATION_ALL,LGBM_TEMPORAL_SPATIAL,6,h6_2025-08,2025-08,2026-02,106,65,43,41,20,1282,3085b40fccb54353b7d3660acb85f2947e5e0daafa2335cd8551ae549c4fb5b4,86491e3a16c1d4872af66aa82bdd5739d77bd9da6a2163d022756a4d0e42d980,USED,"{""colsample_bytree"": 0.8, ""deterministic"": true, ""force_col_wise"": true, ""learning_rate"": 0.03, ""min_child_samples"": 20, ""n_estimators"": 300, ""n_jobs"": 1, ""num_leaves"": 15, ""objective"": ""regression"", ""random_state"": 42, ""subsample"": 1.0, ""subsample_freq"": 0, ""use_missing"": true, ""verbosity"": -1, ""zero_as_missing"": false}"
EVALUATION_SPATIAL_COMPARABLE,PERSISTENCE,6,h6_2025-08,2025-08,2026-02,106,45,43,61,0,1282,3085b40fccb54353b7d3660acb85f2947e5e0daafa2335cd8551ae549c4fb5b4,ae449f757e1c1bcc4d46444e137de1c72aa7ff90083b5ab7b18fadb938eca4ef,USED,
EVALUATION_SPATIAL_COMPARABLE,LGBM_TEMPORAL,6,h6_2025-08,2025-08,2026-02,106,45,43,61,0,1282,3085b40fccb54353b7d3660acb85f2947e5e0daafa2335cd8551ae549c4fb5b4,ae449f757e1c1bcc4d46444e137de1c72aa7ff90083b5ab7b18fadb938eca4ef,USED,"{""colsample_bytree"": 0.8, ""deterministic"": true, ""force_col_wise"": true, ""learning_rate"": 0.03, ""min_child_samples"": 20, ""n_estimators"": 300, ""n_jobs"": 1, ""num_leaves"": 15, ""objective"": ""regression"", ""random_state"": 42, ""subsample"": 1.0, ""subsample_freq"": 0, ""use_missing"": true, ""verbosity"": -1, ""zero_as_missing"": false}"
EVALUATION_SPATIAL_COMPARABLE,LGBM_TEMPORAL_SPATIAL,6,h6_2025-08,2025-08,2026-02,106,45,43,61,0,1282,3085b40fccb54353b7d3660acb85f2947e5e0daafa2335cd8551ae549c4fb5b4,ae449f757e1c1bcc4d46444e137de1c72aa7ff90083b5ab7b18fadb938eca4ef,USED,"{""colsample_bytree"": 0.8, ""deterministic"": true, ""force_col_wise"": true, ""learning_rate"": 0.03, ""min_child_samples"": 20, ""n_estimators"": 300, ""n_jobs"": 1, ""num_leaves"": 15, ""objective"": ""regression"", ""random_state"": 42, ""subsample"": 1.0, ""subsample_freq"": 0, ""use_missing"": true, ""verbosity"": -1, ""zero_as_missing"": false}"
EVALUATION_ALL,PERSISTENCE,6,h6_2025-09,2025-09,2026-03,106,54,45,52,23,1334,59b93d00ca3a4303eddffba9a96550382e4e416a2f048a53beaf75941eaf0d8e,65b29bf69d04731e6cf20cf38d4cd1532f74c5a75bca1171e13e6e3f7c97bb6d,USED,
EVALUATION_ALL,LGBM_TEMPORAL,6,h6_2025-09,2025-09,2026-03,106,54,45,52,23,1334,59b93d00ca3a4303eddffba9a96550382e4e416a2f048a53beaf75941eaf0d8e,65b29bf69d04731e6cf20cf38d4cd1532f74c5a75bca1171e13e6e3f7c97bb6d,USED,"{""colsample_bytree"": 0.8, ""deterministic"": true, ""force_col_wise"": true, ""learning_rate"": 0.03, ""min_child_samples"": 20, ""n_estimators"": 300, ""n_jobs"": 1, ""num_leaves"": 15, ""objective"": ""regression"", ""random_state"": 42, ""subsample"": 1.0, ""subsample_freq"": 0, ""use_missing"": true, ""verbosity"": -1, ""zero_as_missing"": false}"
EVALUATION_ALL,LGBM_TEMPORAL_SPATIAL,6,h6_2025-09,2025-09,2026-03,106,54,45,52,23,1334,59b93d00ca3a4303eddffba9a96550382e4e416a2f048a53beaf75941eaf0d8e,65b29bf69d04731e6cf20cf38d4cd1532f74c5a75bca1171e13e6e3f7c97bb6d,USED,"{""colsample_bytree"": 0.8, ""deterministic"": true, ""force_col_wise"": true, ""learning_rate"": 0.03, ""min_child_samples"": 20, ""n_estimators"": 300, ""n_jobs"": 1, ""num_leaves"": 15, ""objective"": ""regression"", ""random_state"": 42, ""subsample"": 1.0, ""subsample_freq"": 0, ""use_missing"": true, ""verbosity"": -1, ""zero_as_missing"": false}"
EVALUATION_SPATIAL_COMPARABLE,PERSISTENCE,6,h6_2025-09,2025-09,2026-03,106,31,45,75,0,1334,59b93d00ca3a4303eddffba9a96550382e4e416a2f048a53beaf75941eaf0d8e,42abf186ff4496c1c72487d6218d2d0477f4beef3eacaa7b402bb123562c0ec7,USED,
EVALUATION_SPATIAL_COMPARABLE,LGBM_TEMPORAL,6,h6_2025-09,2025-09,2026-03,106,31,45,75,0,1334,59b93d00ca3a4303eddffba9a96550382e4e416a2f048a53beaf75941eaf0d8e,42abf186ff4496c1c72487d6218d2d0477f4beef3eacaa7b402bb123562c0ec7,USED,"{""colsample_bytree"": 0.8, ""deterministic"": true, ""force_col_wise"": true, ""learning_rate"": 0.03, ""min_child_samples"": 20, ""n_estimators"": 300, ""n_jobs"": 1, ""num_leaves"": 15, ""objective"": ""regression"", ""random_state"": 42, ""subsample"": 1.0, ""subsample_freq"": 0, ""use_missing"": true, ""verbosity"": -1, ""zero_as_missing"": false}"
EVALUATION_SPATIAL_COMPARABLE,LGBM_TEMPORAL_SPATIAL,6,h6_2025-09,2025-09,2026-03,106,31,45,75,0,1334,59b93d00ca3a4303eddffba9a96550382e4e416a2f048a53beaf75941eaf0d8e,42abf186ff4496c1c72487d6218d2d0477f4beef3eacaa7b402bb123562c0ec7,USED,"{""colsample_bytree"": 0.8, ""deterministic"": true, ""force_col_wise"": true, ""learning_rate"": 0.03, ""min_child_samples"": 20, ""n_estimators"": 300, ""n_jobs"": 1, ""num_leaves"": 15, ""objective"": ""regression"", ""random_state"": 42, ""subsample"": 1.0, ""subsample_freq"": 0, ""use_missing"": true, ""verbosity"": -1, ""zero_as_missing"": false}"
EVALUATION_ALL,PERSISTENCE,6,h6_2025-10,2025-10,2026-04,106,53,55,53,19,1386,2031179fe24d72acc4b8b8b7cfe603d69cb98917f64a4c27b038c975cc72425e,46e50008a92340944d3a3fdb0fd9f4591b4147a35fc00a0b2c391338802accb4,USED,
EVALUATION_ALL,LGBM_TEMPORAL,6,h6_2025-10,2025-10,2026-04,106,53,55,53,19,1386,2031179fe24d72acc4b8b8b7cfe603d69cb98917f64a4c27b038c975cc72425e,46e50008a92340944d3a3fdb0fd9f4591b4147a35fc00a0b2c391338802accb4,USED,"{""colsample_bytree"": 0.8, ""deterministic"": true, ""force_col_wise"": true, ""learning_rate"": 0.03, ""min_child_samples"": 20, ""n_estimators"": 300, ""n_jobs"": 1, ""num_leaves"": 15, ""objective"": ""regression"", ""random_state"": 42, ""subsample"": 1.0, ""subsample_freq"": 0, ""use_missing"": true, ""verbosity"": -1, ""zero_as_missing"": false}"
EVALUATION_ALL,LGBM_TEMPORAL_SPATIAL,6,h6_2025-10,2025-10,2026-04,106,53,55,53,19,1386,2031179fe24d72acc4b8b8b7cfe603d69cb98917f64a4c27b038c975cc72425e,46e50008a92340944d3a3fdb0fd9f4591b4147a35fc00a0b2c391338802accb4,USED,"{""colsample_bytree"": 0.8, ""deterministic"": true, ""force_col_wise"": true, ""learning_rate"": 0.03, ""min_child_samples"": 20, ""n_estimators"": 300, ""n_jobs"": 1, ""num_leaves"": 15, ""objective"": ""regression"", ""random_state"": 42, ""subsample"": 1.0, ""subsample_freq"": 0, ""use_missing"": true, ""verbosity"": -1, ""zero_as_missing"": false}"
EVALUATION_SPATIAL_COMPARABLE,PERSISTENCE,6,h6_2025-10,2025-10,2026-04,106,31,55,75,0,1386,2031179fe24d72acc4b8b8b7cfe603d69cb98917f64a4c27b038c975cc72425e,1cd0d466f92ecd25c5b3172d562eff15610802022f05de4fb2ac7048dde40e65,USED,
EVALUATION_SPATIAL_COMPARABLE,LGBM_TEMPORAL,6,h6_2025-10,2025-10,2026-04,106,31,55,75,0,1386,2031179fe24d72acc4b8b8b7cfe603d69cb98917f64a4c27b038c975cc72425e,1cd0d466f92ecd25c5b3172d562eff15610802022f05de4fb2ac7048dde40e65,USED,"{""colsample_bytree"": 0.8, ""deterministic"": true, ""force_col_wise"": true, ""learning_rate"": 0.03, ""min_child_samples"": 20, ""n_estimators"": 300, ""n_jobs"": 1, ""num_leaves"": 15, ""objective"": ""regression"", ""random_state"": 42, ""subsample"": 1.0, ""subsample_freq"": 0, ""use_missing"": true, ""verbosity"": -1, ""zero_as_missing"": false}"
EVALUATION_SPATIAL_COMPARABLE,LGBM_TEMPORAL_SPATIAL,6,h6_2025-10,2025-10,2026-04,106,31,55,75,0,1386,2031179fe24d72acc4b8b8b7cfe603d69cb98917f64a4c27b038c975cc72425e,1cd0d466f92ecd25c5b3172d562eff15610802022f05de4fb2ac7048dde40e65,USED,"{""colsample_bytree"": 0.8, ""deterministic"": true, ""force_col_wise"": true, ""learning_rate"": 0.03, ""min_child_samples"": 20, ""n_estimators"": 300, ""n_jobs"": 1, ""num_leaves"": 15, ""objective"": ""regression"", ""random_state"": 42, ""subsample"": 1.0, ""subsample_freq"": 0, ""use_missing"": true, ""verbosity"": -1, ""zero_as_missing"": false}"
EVALUATION_ALL,PERSISTENCE,6,h6_2025-11,2025-11,2026-05,106,71,39,35,26,1463,c833aca3297176d827301fb679cbef9bd5358f1118ed484378ea234d32348bc9,3eed1570f65efdeb0bcbec72fda2398595fd1bdb2adc2874bda338fb3a84bf92,USED,
EVALUATION_ALL,LGBM_TEMPORAL,6,h6_2025-11,2025-11,2026-05,106,71,39,35,26,1463,c833aca3297176d827301fb679cbef9bd5358f1118ed484378ea234d32348bc9,3eed1570f65efdeb0bcbec72fda2398595fd1bdb2adc2874bda338fb3a84bf92,USED,"{""colsample_bytree"": 0.8, ""deterministic"": true, ""force_col_wise"": true, ""learning_rate"": 0.03, ""min_child_samples"": 20, ""n_estimators"": 300, ""n_jobs"": 1, ""num_leaves"": 15, ""objective"": ""regression"", ""random_state"": 42, ""subsample"": 1.0, ""subsample_freq"": 0, ""use_missing"": true, ""verbosity"": -1, ""zero_as_missing"": false}"
EVALUATION_ALL,LGBM_TEMPORAL_SPATIAL,6,h6_2025-11,2025-11,2026-05,106,71,39,35,26,1463,c833aca3297176d827301fb679cbef9bd5358f1118ed484378ea234d32348bc9,3eed1570f65efdeb0bcbec72fda2398595fd1bdb2adc2874bda338fb3a84bf92,USED,"{""colsample_bytree"": 0.8, ""deterministic"": true, ""force_col_wise"": true, ""learning_rate"": 0.03, ""min_child_samples"": 20, ""n_estimators"": 300, ""n_jobs"": 1, ""num_leaves"": 15, ""objective"": ""regression"", ""random_state"": 42, ""subsample"": 1.0, ""subsample_freq"": 0, ""use_missing"": true, ""verbosity"": -1, ""zero_as_missing"": false}"
EVALUATION_SPATIAL_COMPARABLE,PERSISTENCE,6,h6_2025-11,2025-11,2026-05,106,45,39,61,0,1463,c833aca3297176d827301fb679cbef9bd5358f1118ed484378ea234d32348bc9,b52613831f606edac5843668f93de56c47c76824f0a060253ae6b02a694444ab,USED,
EVALUATION_SPATIAL_COMPARABLE,LGBM_TEMPORAL,6,h6_2025-11,2025-11,2026-05,106,45,39,61,0,1463,c833aca3297176d827301fb679cbef9bd5358f1118ed484378ea234d32348bc9,b52613831f606edac5843668f93de56c47c76824f0a060253ae6b02a694444ab,USED,"{""colsample_bytree"": 0.8, ""deterministic"": true, ""force_col_wise"": true, ""learning_rate"": 0.03, ""min_child_samples"": 20, ""n_estimators"": 300, ""n_jobs"": 1, ""num_leaves"": 15, ""objective"": ""regression"", ""random_state"": 42, ""subsample"": 1.0, ""subsample_freq"": 0, ""use_missing"": true, ""verbosity"": -1, ""zero_as_missing"": false}"
EVALUATION_SPATIAL_COMPARABLE,LGBM_TEMPORAL_SPATIAL,6,h6_2025-11,2025-11,2026-05,106,45,39,61,0,1463,c833aca3297176d827301fb679cbef9bd5358f1118ed484378ea234d32348bc9,b52613831f606edac5843668f93de56c47c76824f0a060253ae6b02a694444ab,USED,"{""colsample_bytree"": 0.8, ""deterministic"": true, ""force_col_wise"": true, ""learning_rate"": 0.03, ""min_child_samples"": 20, ""n_estimators"": 300, ""n_jobs"": 1, ""num_leaves"": 15, ""objective"": ""regression"", ""random_state"": 42, ""subsample"": 1.0, ""subsample_freq"": 0, ""use_missing"": true, ""verbosity"": -1, ""zero_as_missing"": false}"
EVALUATION_ALL,PERSISTENCE,6,h6_2025-12,2025-12,2026-06,106,73,40,33,24,1532,e1acc14b5645480fadd5bebd7528a573cdc95294a6903616a5c5d7daed4b3fa1,d88dae62444faac0f4c4c01a8f026863f9a37284e73dbf539cf8afa9f44e50d4,USED,
EVALUATION_ALL,LGBM_TEMPORAL,6,h6_2025-12,2025-12,2026-06,106,73,40,33,24,1532,e1acc14b5645480fadd5bebd7528a573cdc95294a6903616a5c5d7daed4b3fa1,d88dae62444faac0f4c4c01a8f026863f9a37284e73dbf539cf8afa9f44e50d4,USED,"{""colsample_bytree"": 0.8, ""deterministic"": true, ""force_col_wise"": true, ""learning_rate"": 0.03, ""min_child_samples"": 20, ""n_estimators"": 300, ""n_jobs"": 1, ""num_leaves"": 15, ""objective"": ""regression"", ""random_state"": 42, ""subsample"": 1.0, ""subsample_freq"": 0, ""use_missing"": true, ""verbosity"": -1, ""zero_as_missing"": false}"
EVALUATION_ALL,LGBM_TEMPORAL_SPATIAL,6,h6_2025-12,2025-12,2026-06,106,73,40,33,24,1532,e1acc14b5645480fadd5bebd7528a573cdc95294a6903616a5c5d7daed4b3fa1,d88dae62444faac0f4c4c01a8f026863f9a37284e73dbf539cf8afa9f44e50d4,USED,"{""colsample_bytree"": 0.8, ""deterministic"": true, ""force_col_wise"": true, ""learning_rate"": 0.03, ""min_child_samples"": 20, ""n_estimators"": 300, ""n_jobs"": 1, ""num_leaves"": 15, ""objective"": ""regression"", ""random_state"": 42, ""subsample"": 1.0, ""subsample_freq"": 0, ""use_missing"": true, ""verbosity"": -1, ""zero_as_missing"": false}"
EVALUATION_SPATIAL_COMPARABLE,PERSISTENCE,6,h6_2025-12,2025-12,2026-06,106,48,40,58,0,1532,e1acc14b5645480fadd5bebd7528a573cdc95294a6903616a5c5d7daed4b3fa1,d570f3ea20fb8c9c97d6747e6765a9513008009c63bfbb9b20c87c766b5c41a7,USED,
EVALUATION_SPATIAL_COMPARABLE,LGBM_TEMPORAL,6,h6_2025-12,2025-12,2026-06,106,48,40,58,0,1532,e1acc14b5645480fadd5bebd7528a573cdc95294a6903616a5c5d7daed4b3fa1,d570f3ea20fb8c9c97d6747e6765a9513008009c63bfbb9b20c87c766b5c41a7,USED,"{""colsample_bytree"": 0.8, ""deterministic"": true, ""force_col_wise"": true, ""learning_rate"": 0.03, ""min_child_samples"": 20, ""n_estimators"": 300, ""n_jobs"": 1, ""num_leaves"": 15, ""objective"": ""regression"", ""random_state"": 42, ""subsample"": 1.0, ""subsample_freq"": 0, ""use_missing"": true, ""verbosity"": -1, ""zero_as_missing"": false}"
EVALUATION_SPATIAL_COMPARABLE,LGBM_TEMPORAL_SPATIAL,6,h6_2025-12,2025-12,2026-06,106,48,40,58,0,1532,e1acc14b5645480fadd5bebd7528a573cdc95294a6903616a5c5d7daed4b3fa1,d570f3ea20fb8c9c97d6747e6765a9513008009c63bfbb9b20c87c766b5c41a7,USED,"{""colsample_bytree"": 0.8, ""deterministic"": true, ""force_col_wise"": true, ""learning_rate"": 0.03, ""min_child_samples"": 20, ""n_estimators"": 300, ""n_jobs"": 1, ""num_leaves"": 15, ""objective"": ""regression"", ""random_state"": 42, ""subsample"": 1.0, ""subsample_freq"": 0, ""use_missing"": true, ""verbosity"": -1, ""zero_as_missing"": false}"
EVALUATION_ALL,PERSISTENCE,6,h6_2026-01,2026-01,2026-07,106,65,47,41,26,1588,70520737f93bcf071d54801c336a24ce388be849121669ea00ab3e3c5db86a8c,71641d8b9ef32c73d1c95a0a53439df56ded1bd67487e63772035b0ac86880d7,USED,
EVALUATION_ALL,LGBM_TEMPORAL,6,h6_2026-01,2026-01,2026-07,106,65,47,41,26,1588,70520737f93bcf071d54801c336a24ce388be849121669ea00ab3e3c5db86a8c,71641d8b9ef32c73d1c95a0a53439df56ded1bd67487e63772035b0ac86880d7,USED,"{""colsample_bytree"": 0.8, ""deterministic"": true, ""force_col_wise"": true, ""learning_rate"": 0.03, ""min_child_samples"": 20, ""n_estimators"": 300, ""n_jobs"": 1, ""num_leaves"": 15, ""objective"": ""regression"", ""random_state"": 42, ""subsample"": 1.0, ""subsample_freq"": 0, ""use_missing"": true, ""verbosity"": -1, ""zero_as_missing"": false}"
EVALUATION_ALL,LGBM_TEMPORAL_SPATIAL,6,h6_2026-01,2026-01,2026-07,106,65,47,41,26,1588,70520737f93bcf071d54801c336a24ce388be849121669ea00ab3e3c5db86a8c,71641d8b9ef32c73d1c95a0a53439df56ded1bd67487e63772035b0ac86880d7,USED,"{""colsample_bytree"": 0.8, ""deterministic"": true, ""force_col_wise"": true, ""learning_rate"": 0.03, ""min_child_samples"": 20, ""n_estimators"": 300, ""n_jobs"": 1, ""num_leaves"": 15, ""objective"": ""regression"", ""random_state"": 42, ""subsample"": 1.0, ""subsample_freq"": 0, ""use_missing"": true, ""verbosity"": -1, ""zero_as_missing"": false}"
EVALUATION_SPATIAL_COMPARABLE,PERSISTENCE,6,h6_2026-01,2026-01,2026-07,106,37,47,69,0,1588,70520737f93bcf071d54801c336a24ce388be849121669ea00ab3e3c5db86a8c,6d105fdacdb6e31ba41a3f6d141a05a377f0e204c05f60195c37b4ab40134aab,USED,
EVALUATION_SPATIAL_COMPARABLE,LGBM_TEMPORAL,6,h6_2026-01,2026-01,2026-07,106,37,47,69,0,1588,70520737f93bcf071d54801c336a24ce388be849121669ea00ab3e3c5db86a8c,6d105fdacdb6e31ba41a3f6d141a05a377f0e204c05f60195c37b4ab40134aab,USED,"{""colsample_bytree"": 0.8, ""deterministic"": true, ""force_col_wise"": true, ""learning_rate"": 0.03, ""min_child_samples"": 20, ""n_estimators"": 300, ""n_jobs"": 1, ""num_leaves"": 15, ""objective"": ""regression"", ""random_state"": 42, ""subsample"": 1.0, ""subsample_freq"": 0, ""use_missing"": true, ""verbosity"": -1, ""zero_as_missing"": false}"
EVALUATION_SPATIAL_COMPARABLE,LGBM_TEMPORAL_SPATIAL,6,h6_2026-01,2026-01,2026-07,106,37,47,69,0,1588,70520737f93bcf071d54801c336a24ce388be849121669ea00ab3e3c5db86a8c,6d105fdacdb6e31ba41a3f6d141a05a377f0e204c05f60195c37b4ab40134aab,USED,"{""colsample_bytree"": 0.8, ""deterministic"": true, ""force_col_wise"": true, ""learning_rate"": 0.03, ""min_child_samples"": 20, ""n_estimators"": 300, ""n_jobs"": 1, ""num_leaves"": 15, ""objective"": ""regression"", ""random_state"": 42, ""subsample"": 1.0, ""subsample_freq"": 0, ""use_missing"": true, ""verbosity"": -1, ""zero_as_missing"": false}"
EVALUATION_ALL,PERSISTENCE,6,h6_2026-02,2026-02,2026-08,106,57,49,49,22,1658,aba600356e262c3e939ebdab923694e5c698531946ba650e2a5d8e03ae273e37,5395d01c3870ab2073f3e35546b70314ce604aed71a7bf705741c55b49236b42,USED,
EVALUATION_ALL,LGBM_TEMPORAL,6,h6_2026-02,2026-02,2026-08,106,57,49,49,22,1658,aba600356e262c3e939ebdab923694e5c698531946ba650e2a5d8e03ae273e37,5395d01c3870ab2073f3e35546b70314ce604aed71a7bf705741c55b49236b42,USED,"{""colsample_bytree"": 0.8, ""deterministic"": true, ""force_col_wise"": true, ""learning_rate"": 0.03, ""min_child_samples"": 20, ""n_estimators"": 300, ""n_jobs"": 1, ""num_leaves"": 15, ""objective"": ""regression"", ""random_state"": 42, ""subsample"": 1.0, ""subsample_freq"": 0, ""use_missing"": true, ""verbosity"": -1, ""zero_as_missing"": false}"
EVALUATION_ALL,LGBM_TEMPORAL_SPATIAL,6,h6_2026-02,2026-02,2026-08,106,57,49,49,22,1658,aba600356e262c3e939ebdab923694e5c698531946ba650e2a5d8e03ae273e37,5395d01c3870ab2073f3e35546b70314ce604aed71a7bf705741c55b49236b42,USED,"{""colsample_bytree"": 0.8, ""deterministic"": true, ""force_col_wise"": true, ""learning_rate"": 0.03, ""min_child_samples"": 20, ""n_estimators"": 300, ""n_jobs"": 1, ""num_leaves"": 15, ""objective"": ""regression"", ""random_state"": 42, ""subsample"": 1.0, ""subsample_freq"": 0, ""use_missing"": true, ""verbosity"": -1, ""zero_as_missing"": false}"
EVALUATION_SPATIAL_COMPARABLE,PERSISTENCE,6,h6_2026-02,2026-02,2026-08,106,34,49,72,0,1658,aba600356e262c3e939ebdab923694e5c698531946ba650e2a5d8e03ae273e37,dd3bf12430c6fd7d93f27f6dbebccc4c90d7f05809391625657c28f23d71f65d,USED,
EVALUATION_SPATIAL_COMPARABLE,LGBM_TEMPORAL,6,h6_2026-02,2026-02,2026-08,106,34,49,72,0,1658,aba600356e262c3e939ebdab923694e5c698531946ba650e2a5d8e03ae273e37,dd3bf12430c6fd7d93f27f6dbebccc4c90d7f05809391625657c28f23d71f65d,USED,"{""colsample_bytree"": 0.8, ""deterministic"": true, ""force_col_wise"": true, ""learning_rate"": 0.03, ""min_child_samples"": 20, ""n_estimators"": 300, ""n_jobs"": 1, ""num_leaves"": 15, ""objective"": ""regression"", ""random_state"": 42, ""subsample"": 1.0, ""subsample_freq"": 0, ""use_missing"": true, ""verbosity"": -1, ""zero_as_missing"": false}"
EVALUATION_SPATIAL_COMPARABLE,LGBM_TEMPORAL_SPATIAL,6,h6_2026-02,2026-02,2026-08,106,34,49,72,0,1658,aba600356e262c3e939ebdab923694e5c698531946ba650e2a5d8e03ae273e37,dd3bf12430c6fd7d93f27f6dbebccc4c90d7f05809391625657c28f23d71f65d,USED,"{""colsample_bytree"": 0.8, ""deterministic"": true, ""force_col_wise"": true, ""learning_rate"": 0.03, ""min_child_samples"": 20, ""n_estimators"": 300, ""n_jobs"": 1, ""num_leaves"": 15, ""objective"": ""regression"", ""random_state"": 42, ""subsample"": 1.0, ""subsample_freq"": 0, ""use_missing"": true, ""verbosity"": -1, ""zero_as_missing"": false}"
EVALUATION_ALL,PERSISTENCE,12,h12_2024-04,2024-04,2025-04,106,59,46,47,18,117,8a5b38b7e92e61149882c8561a5195248f6dcc1d8c152e89d20cc44a01817546,603e80c8326625e401f7ff067e54f215d99d12ff69320471ecdfd6b704658fe1,USED,
EVALUATION_ALL,LGBM_TEMPORAL,12,h12_2024-04,2024-04,2025-04,106,59,46,47,18,117,8a5b38b7e92e61149882c8561a5195248f6dcc1d8c152e89d20cc44a01817546,603e80c8326625e401f7ff067e54f215d99d12ff69320471ecdfd6b704658fe1,USED,"{""colsample_bytree"": 0.8, ""deterministic"": true, ""force_col_wise"": true, ""learning_rate"": 0.03, ""min_child_samples"": 20, ""n_estimators"": 300, ""n_jobs"": 1, ""num_leaves"": 15, ""objective"": ""regression"", ""random_state"": 42, ""subsample"": 1.0, ""subsample_freq"": 0, ""use_missing"": true, ""verbosity"": -1, ""zero_as_missing"": false}"
EVALUATION_ALL,LGBM_TEMPORAL_SPATIAL,12,h12_2024-04,2024-04,2025-04,106,59,46,47,18,117,8a5b38b7e92e61149882c8561a5195248f6dcc1d8c152e89d20cc44a01817546,603e80c8326625e401f7ff067e54f215d99d12ff69320471ecdfd6b704658fe1,USED,"{""colsample_bytree"": 0.8, ""deterministic"": true, ""force_col_wise"": true, ""learning_rate"": 0.03, ""min_child_samples"": 20, ""n_estimators"": 300, ""n_jobs"": 1, ""num_leaves"": 15, ""objective"": ""regression"", ""random_state"": 42, ""subsample"": 1.0, ""subsample_freq"": 0, ""use_missing"": true, ""verbosity"": -1, ""zero_as_missing"": false}"
EVALUATION_SPATIAL_COMPARABLE,PERSISTENCE,12,h12_2024-04,2024-04,2025-04,106,36,46,70,0,117,8a5b38b7e92e61149882c8561a5195248f6dcc1d8c152e89d20cc44a01817546,b1b2413317409f75c86b013af0ba945227b44a125e17ee75e64c5241d6aad2c4,USED,
EVALUATION_SPATIAL_COMPARABLE,LGBM_TEMPORAL,12,h12_2024-04,2024-04,2025-04,106,36,46,70,0,117,8a5b38b7e92e61149882c8561a5195248f6dcc1d8c152e89d20cc44a01817546,b1b2413317409f75c86b013af0ba945227b44a125e17ee75e64c5241d6aad2c4,USED,"{""colsample_bytree"": 0.8, ""deterministic"": true, ""force_col_wise"": true, ""learning_rate"": 0.03, ""min_child_samples"": 20, ""n_estimators"": 300, ""n_jobs"": 1, ""num_leaves"": 15, ""objective"": ""regression"", ""random_state"": 42, ""subsample"": 1.0, ""subsample_freq"": 0, ""use_missing"": true, ""verbosity"": -1, ""zero_as_missing"": false}"
EVALUATION_SPATIAL_COMPARABLE,LGBM_TEMPORAL_SPATIAL,12,h12_2024-04,2024-04,2025-04,106,36,46,70,0,117,8a5b38b7e92e61149882c8561a5195248f6dcc1d8c152e89d20cc44a01817546,b1b2413317409f75c86b013af0ba945227b44a125e17ee75e64c5241d6aad2c4,USED,"{""colsample_bytree"": 0.8, ""deterministic"": true, ""force_col_wise"": true, ""learning_rate"": 0.03, ""min_child_samples"": 20, ""n_estimators"": 300, ""n_jobs"": 1, ""num_leaves"": 15, ""objective"": ""regression"", ""random_state"": 42, ""subsample"": 1.0, ""subsample_freq"": 0, ""use_missing"": true, ""verbosity"": -1, ""zero_as_missing"": false}"
EVALUATION_ALL,PERSISTENCE,12,h12_2024-05,2024-05,2025-05,106,50,53,56,20,146,e2d088d4e99015fc27281c486f203bbdb7c84bc96476dfad62026166086a95ae,c444226a9b49e0591d6bca56e5ecc5122a42f4831355a76c053fc6ec74a17f59,USED,
EVALUATION_ALL,LGBM_TEMPORAL,12,h12_2024-05,2024-05,2025-05,106,50,53,56,20,146,e2d088d4e99015fc27281c486f203bbdb7c84bc96476dfad62026166086a95ae,c444226a9b49e0591d6bca56e5ecc5122a42f4831355a76c053fc6ec74a17f59,USED,"{""colsample_bytree"": 0.8, ""deterministic"": true, ""force_col_wise"": true, ""learning_rate"": 0.03, ""min_child_samples"": 20, ""n_estimators"": 300, ""n_jobs"": 1, ""num_leaves"": 15, ""objective"": ""regression"", ""random_state"": 42, ""subsample"": 1.0, ""subsample_freq"": 0, ""use_missing"": true, ""verbosity"": -1, ""zero_as_missing"": false}"
EVALUATION_ALL,LGBM_TEMPORAL_SPATIAL,12,h12_2024-05,2024-05,2025-05,106,50,53,56,20,146,e2d088d4e99015fc27281c486f203bbdb7c84bc96476dfad62026166086a95ae,c444226a9b49e0591d6bca56e5ecc5122a42f4831355a76c053fc6ec74a17f59,USED,"{""colsample_bytree"": 0.8, ""deterministic"": true, ""force_col_wise"": true, ""learning_rate"": 0.03, ""min_child_samples"": 20, ""n_estimators"": 300, ""n_jobs"": 1, ""num_leaves"": 15, ""objective"": ""regression"", ""random_state"": 42, ""subsample"": 1.0, ""subsample_freq"": 0, ""use_missing"": true, ""verbosity"": -1, ""zero_as_missing"": false}"
EVALUATION_SPATIAL_COMPARABLE,PERSISTENCE,12,h12_2024-05,2024-05,2025-05,106,29,53,77,0,146,e2d088d4e99015fc27281c486f203bbdb7c84bc96476dfad62026166086a95ae,25ecc95b8bf876e5df438b2940540c0fdb4101b9d61c1bbc6e9e7fd728c7af62,USED,
EVALUATION_SPATIAL_COMPARABLE,LGBM_TEMPORAL,12,h12_2024-05,2024-05,2025-05,106,29,53,77,0,146,e2d088d4e99015fc27281c486f203bbdb7c84bc96476dfad62026166086a95ae,25ecc95b8bf876e5df438b2940540c0fdb4101b9d61c1bbc6e9e7fd728c7af62,USED,"{""colsample_bytree"": 0.8, ""deterministic"": true, ""force_col_wise"": true, ""learning_rate"": 0.03, ""min_child_samples"": 20, ""n_estimators"": 300, ""n_jobs"": 1, ""num_leaves"": 15, ""objective"": ""regression"", ""random_state"": 42, ""subsample"": 1.0, ""subsample_freq"": 0, ""use_missing"": true, ""verbosity"": -1, ""zero_as_missing"": false}"
EVALUATION_SPATIAL_COMPARABLE,LGBM_TEMPORAL_SPATIAL,12,h12_2024-05,2024-05,2025-05,106,29,53,77,0,146,e2d088d4e99015fc27281c486f203bbdb7c84bc96476dfad62026166086a95ae,25ecc95b8bf876e5df438b2940540c0fdb4101b9d61c1bbc6e9e7fd728c7af62,USED,"{""colsample_bytree"": 0.8, ""deterministic"": true, ""force_col_wise"": true, ""learning_rate"": 0.03, ""min_child_samples"": 20, ""n_estimators"": 300, ""n_jobs"": 1, ""num_leaves"": 15, ""objective"": ""regression"", ""random_state"": 42, ""subsample"": 1.0, ""subsample_freq"": 0, ""use_missing"": true, ""verbosity"": -1, ""zero_as_missing"": false}"
EVALUATION_ALL,PERSISTENCE,12,h12_2024-06,2024-06,2025-06,106,79,41,27,23,197,ed8e90c0ca80c9692d1214a3c401ebe5324199e7df9c84051329c7a51fb53be1,98815d10b61572eadc84f3249647315aefdfb6c178195c8fca337d6fbdfdbc58,USED,
EVALUATION_ALL,LGBM_TEMPORAL,12,h12_2024-06,2024-06,2025-06,106,79,41,27,23,197,ed8e90c0ca80c9692d1214a3c401ebe5324199e7df9c84051329c7a51fb53be1,98815d10b61572eadc84f3249647315aefdfb6c178195c8fca337d6fbdfdbc58,USED,"{""colsample_bytree"": 0.8, ""deterministic"": true, ""force_col_wise"": true, ""learning_rate"": 0.03, ""min_child_samples"": 20, ""n_estimators"": 300, ""n_jobs"": 1, ""num_leaves"": 15, ""objective"": ""regression"", ""random_state"": 42, ""subsample"": 1.0, ""subsample_freq"": 0, ""use_missing"": true, ""verbosity"": -1, ""zero_as_missing"": false}"
EVALUATION_ALL,LGBM_TEMPORAL_SPATIAL,12,h12_2024-06,2024-06,2025-06,106,79,41,27,23,197,ed8e90c0ca80c9692d1214a3c401ebe5324199e7df9c84051329c7a51fb53be1,98815d10b61572eadc84f3249647315aefdfb6c178195c8fca337d6fbdfdbc58,USED,"{""colsample_bytree"": 0.8, ""deterministic"": true, ""force_col_wise"": true, ""learning_rate"": 0.03, ""min_child_samples"": 20, ""n_estimators"": 300, ""n_jobs"": 1, ""num_leaves"": 15, ""objective"": ""regression"", ""random_state"": 42, ""subsample"": 1.0, ""subsample_freq"": 0, ""use_missing"": true, ""verbosity"": -1, ""zero_as_missing"": false}"
EVALUATION_SPATIAL_COMPARABLE,PERSISTENCE,12,h12_2024-06,2024-06,2025-06,106,55,41,51,0,197,ed8e90c0ca80c9692d1214a3c401ebe5324199e7df9c84051329c7a51fb53be1,163c780dda45db1e59ff2b383825513361292a0491c1c62ffdaf617bf65515f6,USED,
EVALUATION_SPATIAL_COMPARABLE,LGBM_TEMPORAL,12,h12_2024-06,2024-06,2025-06,106,55,41,51,0,197,ed8e90c0ca80c9692d1214a3c401ebe5324199e7df9c84051329c7a51fb53be1,163c780dda45db1e59ff2b383825513361292a0491c1c62ffdaf617bf65515f6,USED,"{""colsample_bytree"": 0.8, ""deterministic"": true, ""force_col_wise"": true, ""learning_rate"": 0.03, ""min_child_samples"": 20, ""n_estimators"": 300, ""n_jobs"": 1, ""num_leaves"": 15, ""objective"": ""regression"", ""random_state"": 42, ""subsample"": 1.0, ""subsample_freq"": 0, ""use_missing"": true, ""verbosity"": -1, ""zero_as_missing"": false}"
EVALUATION_SPATIAL_COMPARABLE,LGBM_TEMPORAL_SPATIAL,12,h12_2024-06,2024-06,2025-06,106,55,41,51,0,197,ed8e90c0ca80c9692d1214a3c401ebe5324199e7df9c84051329c7a51fb53be1,163c780dda45db1e59ff2b383825513361292a0491c1c62ffdaf617bf65515f6,USED,"{""colsample_bytree"": 0.8, ""deterministic"": true, ""force_col_wise"": true, ""learning_rate"": 0.03, ""min_child_samples"": 20, ""n_estimators"": 300, ""n_jobs"": 1, ""num_leaves"": 15, ""objective"": ""regression"", ""random_state"": 42, ""subsample"": 1.0, ""subsample_freq"": 0, ""use_missing"": true, ""verbosity"": -1, ""zero_as_missing"": false}"
EVALUATION_ALL,PERSISTENCE,12,h12_2024-07,2024-07,2025-07,106,56,49,50,23,224,3b13853bde5b65a59bdb274cd73d0cdd4caaac2890f6513b3af9f721d6c3c5ac,79e58eff151847f37f6d8d0a36fcb39da1d85989a9803973eed5edb68dffcc84,USED,
EVALUATION_ALL,LGBM_TEMPORAL,12,h12_2024-07,2024-07,2025-07,106,56,49,50,23,224,3b13853bde5b65a59bdb274cd73d0cdd4caaac2890f6513b3af9f721d6c3c5ac,79e58eff151847f37f6d8d0a36fcb39da1d85989a9803973eed5edb68dffcc84,USED,"{""colsample_bytree"": 0.8, ""deterministic"": true, ""force_col_wise"": true, ""learning_rate"": 0.03, ""min_child_samples"": 20, ""n_estimators"": 300, ""n_jobs"": 1, ""num_leaves"": 15, ""objective"": ""regression"", ""random_state"": 42, ""subsample"": 1.0, ""subsample_freq"": 0, ""use_missing"": true, ""verbosity"": -1, ""zero_as_missing"": false}"
EVALUATION_ALL,LGBM_TEMPORAL_SPATIAL,12,h12_2024-07,2024-07,2025-07,106,56,49,50,23,224,3b13853bde5b65a59bdb274cd73d0cdd4caaac2890f6513b3af9f721d6c3c5ac,79e58eff151847f37f6d8d0a36fcb39da1d85989a9803973eed5edb68dffcc84,USED,"{""colsample_bytree"": 0.8, ""deterministic"": true, ""force_col_wise"": true, ""learning_rate"": 0.03, ""min_child_samples"": 20, ""n_estimators"": 300, ""n_jobs"": 1, ""num_leaves"": 15, ""objective"": ""regression"", ""random_state"": 42, ""subsample"": 1.0, ""subsample_freq"": 0, ""use_missing"": true, ""verbosity"": -1, ""zero_as_missing"": false}"
EVALUATION_SPATIAL_COMPARABLE,PERSISTENCE,12,h12_2024-07,2024-07,2025-07,106,33,49,73,0,224,3b13853bde5b65a59bdb274cd73d0cdd4caaac2890f6513b3af9f721d6c3c5ac,36c8e1f846c3e6277429757366cd612971acc9b99efff5473936504c899d9167,USED,
EVALUATION_SPATIAL_COMPARABLE,LGBM_TEMPORAL,12,h12_2024-07,2024-07,2025-07,106,33,49,73,0,224,3b13853bde5b65a59bdb274cd73d0cdd4caaac2890f6513b3af9f721d6c3c5ac,36c8e1f846c3e6277429757366cd612971acc9b99efff5473936504c899d9167,USED,"{""colsample_bytree"": 0.8, ""deterministic"": true, ""force_col_wise"": true, ""learning_rate"": 0.03, ""min_child_samples"": 20, ""n_estimators"": 300, ""n_jobs"": 1, ""num_leaves"": 15, ""objective"": ""regression"", ""random_state"": 42, ""subsample"": 1.0, ""subsample_freq"": 0, ""use_missing"": true, ""verbosity"": -1, ""zero_as_missing"": false}"
EVALUATION_SPATIAL_COMPARABLE,LGBM_TEMPORAL_SPATIAL,12,h12_2024-07,2024-07,2025-07,106,33,49,73,0,224,3b13853bde5b65a59bdb274cd73d0cdd4caaac2890f6513b3af9f721d6c3c5ac,36c8e1f846c3e6277429757366cd612971acc9b99efff5473936504c899d9167,USED,"{""colsample_bytree"": 0.8, ""deterministic"": true, ""force_col_wise"": true, ""learning_rate"": 0.03, ""min_child_samples"": 20, ""n_estimators"": 300, ""n_jobs"": 1, ""num_leaves"": 15, ""objective"": ""regression"", ""random_state"": 42, ""subsample"": 1.0, ""subsample_freq"": 0, ""use_missing"": true, ""verbosity"": -1, ""zero_as_missing"": false}"
EVALUATION_ALL,PERSISTENCE,12,h12_2024-08,2024-08,2025-08,106,51,52,55,27,275,1a506b2e5b3df01533849ce90f1695293c72d62e8be25f3148d91dbf3ea5f42d,e956be737ebfa4643b7caea40305eed18f0a2ac8fd4e64bd7b1f9a913aebfce5,USED,
EVALUATION_ALL,LGBM_TEMPORAL,12,h12_2024-08,2024-08,2025-08,106,51,52,55,27,275,1a506b2e5b3df01533849ce90f1695293c72d62e8be25f3148d91dbf3ea5f42d,e956be737ebfa4643b7caea40305eed18f0a2ac8fd4e64bd7b1f9a913aebfce5,USED,"{""colsample_bytree"": 0.8, ""deterministic"": true, ""force_col_wise"": true, ""learning_rate"": 0.03, ""min_child_samples"": 20, ""n_estimators"": 300, ""n_jobs"": 1, ""num_leaves"": 15, ""objective"": ""regression"", ""random_state"": 42, ""subsample"": 1.0, ""subsample_freq"": 0, ""use_missing"": true, ""verbosity"": -1, ""zero_as_missing"": false}"
EVALUATION_ALL,LGBM_TEMPORAL_SPATIAL,12,h12_2024-08,2024-08,2025-08,106,51,52,55,27,275,1a506b2e5b3df01533849ce90f1695293c72d62e8be25f3148d91dbf3ea5f42d,e956be737ebfa4643b7caea40305eed18f0a2ac8fd4e64bd7b1f9a913aebfce5,USED,"{""colsample_bytree"": 0.8, ""deterministic"": true, ""force_col_wise"": true, ""learning_rate"": 0.03, ""min_child_samples"": 20, ""n_estimators"": 300, ""n_jobs"": 1, ""num_leaves"": 15, ""objective"": ""regression"", ""random_state"": 42, ""subsample"": 1.0, ""subsample_freq"": 0, ""use_missing"": true, ""verbosity"": -1, ""zero_as_missing"": false}"
EVALUATION_SPATIAL_COMPARABLE,PERSISTENCE,12,h12_2024-08,2024-08,2025-08,106,24,52,82,0,275,1a506b2e5b3df01533849ce90f1695293c72d62e8be25f3148d91dbf3ea5f42d,da39b10febf5c9655f608960ba2a67c317d1e995b4fab22e8886e80da313966a,USED,
EVALUATION_SPATIAL_COMPARABLE,LGBM_TEMPORAL,12,h12_2024-08,2024-08,2025-08,106,24,52,82,0,275,1a506b2e5b3df01533849ce90f1695293c72d62e8be25f3148d91dbf3ea5f42d,da39b10febf5c9655f608960ba2a67c317d1e995b4fab22e8886e80da313966a,USED,"{""colsample_bytree"": 0.8, ""deterministic"": true, ""force_col_wise"": true, ""learning_rate"": 0.03, ""min_child_samples"": 20, ""n_estimators"": 300, ""n_jobs"": 1, ""num_leaves"": 15, ""objective"": ""regression"", ""random_state"": 42, ""subsample"": 1.0, ""subsample_freq"": 0, ""use_missing"": true, ""verbosity"": -1, ""zero_as_missing"": false}"
EVALUATION_SPATIAL_COMPARABLE,LGBM_TEMPORAL_SPATIAL,12,h12_2024-08,2024-08,2025-08,106,24,52,82,0,275,1a506b2e5b3df01533849ce90f1695293c72d62e8be25f3148d91dbf3ea5f42d,da39b10febf5c9655f608960ba2a67c317d1e995b4fab22e8886e80da313966a,USED,"{""colsample_bytree"": 0.8, ""deterministic"": true, ""force_col_wise"": true, ""learning_rate"": 0.03, ""min_child_samples"": 20, ""n_estimators"": 300, ""n_jobs"": 1, ""num_leaves"": 15, ""objective"": ""regression"", ""random_state"": 42, ""subsample"": 1.0, ""subsample_freq"": 0, ""use_missing"": true, ""verbosity"": -1, ""zero_as_missing"": false}"
EVALUATION_ALL,PERSISTENCE,12,h12_2024-09,2024-09,2025-09,106,104,30,2,30,347,b180faf320dd110f77a6c41b8e6f0fa2d6f31b84f8f4c1d0fec169b86504f9a2,dd61d4ca617ff4f612dbaacfb21cf3a8f44c3fdca032cedd87c407508681a3f8,USED,
EVALUATION_ALL,LGBM_TEMPORAL,12,h12_2024-09,2024-09,2025-09,106,104,30,2,30,347,b180faf320dd110f77a6c41b8e6f0fa2d6f31b84f8f4c1d0fec169b86504f9a2,dd61d4ca617ff4f612dbaacfb21cf3a8f44c3fdca032cedd87c407508681a3f8,USED,"{""colsample_bytree"": 0.8, ""deterministic"": true, ""force_col_wise"": true, ""learning_rate"": 0.03, ""min_child_samples"": 20, ""n_estimators"": 300, ""n_jobs"": 1, ""num_leaves"": 15, ""objective"": ""regression"", ""random_state"": 42, ""subsample"": 1.0, ""subsample_freq"": 0, ""use_missing"": true, ""verbosity"": -1, ""zero_as_missing"": false}"
EVALUATION_ALL,LGBM_TEMPORAL_SPATIAL,12,h12_2024-09,2024-09,2025-09,106,104,30,2,30,347,b180faf320dd110f77a6c41b8e6f0fa2d6f31b84f8f4c1d0fec169b86504f9a2,dd61d4ca617ff4f612dbaacfb21cf3a8f44c3fdca032cedd87c407508681a3f8,USED,"{""colsample_bytree"": 0.8, ""deterministic"": true, ""force_col_wise"": true, ""learning_rate"": 0.03, ""min_child_samples"": 20, ""n_estimators"": 300, ""n_jobs"": 1, ""num_leaves"": 15, ""objective"": ""regression"", ""random_state"": 42, ""subsample"": 1.0, ""subsample_freq"": 0, ""use_missing"": true, ""verbosity"": -1, ""zero_as_missing"": false}"
EVALUATION_SPATIAL_COMPARABLE,PERSISTENCE,12,h12_2024-09,2024-09,2025-09,106,69,30,37,0,347,b180faf320dd110f77a6c41b8e6f0fa2d6f31b84f8f4c1d0fec169b86504f9a2,c7e07409ba8693166b9a42a41878c1fcfa1fb431d06e191f470ad44e207cf376,USED,
EVALUATION_SPATIAL_COMPARABLE,LGBM_TEMPORAL,12,h12_2024-09,2024-09,2025-09,106,69,30,37,0,347,b180faf320dd110f77a6c41b8e6f0fa2d6f31b84f8f4c1d0fec169b86504f9a2,c7e07409ba8693166b9a42a41878c1fcfa1fb431d06e191f470ad44e207cf376,USED,"{""colsample_bytree"": 0.8, ""deterministic"": true, ""force_col_wise"": true, ""learning_rate"": 0.03, ""min_child_samples"": 20, ""n_estimators"": 300, ""n_jobs"": 1, ""num_leaves"": 15, ""objective"": ""regression"", ""random_state"": 42, ""subsample"": 1.0, ""subsample_freq"": 0, ""use_missing"": true, ""verbosity"": -1, ""zero_as_missing"": false}"
EVALUATION_SPATIAL_COMPARABLE,LGBM_TEMPORAL_SPATIAL,12,h12_2024-09,2024-09,2025-09,106,69,30,37,0,347,b180faf320dd110f77a6c41b8e6f0fa2d6f31b84f8f4c1d0fec169b86504f9a2,c7e07409ba8693166b9a42a41878c1fcfa1fb431d06e191f470ad44e207cf376,USED,"{""colsample_bytree"": 0.8, ""deterministic"": true, ""force_col_wise"": true, ""learning_rate"": 0.03, ""min_child_samples"": 20, ""n_estimators"": 300, ""n_jobs"": 1, ""num_leaves"": 15, ""objective"": ""regression"", ""random_state"": 42, ""subsample"": 1.0, ""subsample_freq"": 0, ""use_missing"": true, ""verbosity"": -1, ""zero_as_missing"": false}"
EVALUATION_ALL,PERSISTENCE,12,h12_2024-11,2024-11,2025-11,106,55,106,51,55,389,629f12d50a2e5aa94a0f5f894dfa7eb44f8f7c67d46c9a6aa832ab1f60dc7a83,3183e28f20d916cdd4e9d4695780e898163bd0dd8203b091601ed4b2c960f52e,USED,
EVALUATION_ALL,LGBM_TEMPORAL,12,h12_2024-11,2024-11,2025-11,106,55,106,51,55,389,629f12d50a2e5aa94a0f5f894dfa7eb44f8f7c67d46c9a6aa832ab1f60dc7a83,3183e28f20d916cdd4e9d4695780e898163bd0dd8203b091601ed4b2c960f52e,USED,"{""colsample_bytree"": 0.8, ""deterministic"": true, ""force_col_wise"": true, ""learning_rate"": 0.03, ""min_child_samples"": 20, ""n_estimators"": 300, ""n_jobs"": 1, ""num_leaves"": 15, ""objective"": ""regression"", ""random_state"": 42, ""subsample"": 1.0, ""subsample_freq"": 0, ""use_missing"": true, ""verbosity"": -1, ""zero_as_missing"": false}"
EVALUATION_ALL,LGBM_TEMPORAL_SPATIAL,12,h12_2024-11,2024-11,2025-11,106,55,106,51,55,389,629f12d50a2e5aa94a0f5f894dfa7eb44f8f7c67d46c9a6aa832ab1f60dc7a83,3183e28f20d916cdd4e9d4695780e898163bd0dd8203b091601ed4b2c960f52e,USED,"{""colsample_bytree"": 0.8, ""deterministic"": true, ""force_col_wise"": true, ""learning_rate"": 0.03, ""min_child_samples"": 20, ""n_estimators"": 300, ""n_jobs"": 1, ""num_leaves"": 15, ""objective"": ""regression"", ""random_state"": 42, ""subsample"": 1.0, ""subsample_freq"": 0, ""use_missing"": true, ""verbosity"": -1, ""zero_as_missing"": false}"
EVALUATION_SPATIAL_COMPARABLE,PERSISTENCE,12,h12_2024-11,2024-11,2025-11,106,0,106,106,0,389,629f12d50a2e5aa94a0f5f894dfa7eb44f8f7c67d46c9a6aa832ab1f60dc7a83,71556a84951c25ee3ae94aa4e80b992a69670708453139302f1c00c01845aa57,NO_USABLE_ROWS,
EVALUATION_SPATIAL_COMPARABLE,LGBM_TEMPORAL,12,h12_2024-11,2024-11,2025-11,106,0,106,106,0,389,629f12d50a2e5aa94a0f5f894dfa7eb44f8f7c67d46c9a6aa832ab1f60dc7a83,71556a84951c25ee3ae94aa4e80b992a69670708453139302f1c00c01845aa57,NO_USABLE_ROWS,"{""colsample_bytree"": 0.8, ""deterministic"": true, ""force_col_wise"": true, ""learning_rate"": 0.03, ""min_child_samples"": 20, ""n_estimators"": 300, ""n_jobs"": 1, ""num_leaves"": 15, ""objective"": ""regression"", ""random_state"": 42, ""subsample"": 1.0, ""subsample_freq"": 0, ""use_missing"": true, ""verbosity"": -1, ""zero_as_missing"": false}"
EVALUATION_SPATIAL_COMPARABLE,LGBM_TEMPORAL_SPATIAL,12,h12_2024-11,2024-11,2025-11,106,0,106,106,0,389,629f12d50a2e5aa94a0f5f894dfa7eb44f8f7c67d46c9a6aa832ab1f60dc7a83,71556a84951c25ee3ae94aa4e80b992a69670708453139302f1c00c01845aa57,NO_USABLE_ROWS,"{""colsample_bytree"": 0.8, ""deterministic"": true, ""force_col_wise"": true, ""learning_rate"": 0.03, ""min_child_samples"": 20, ""n_estimators"": 300, ""n_jobs"": 1, ""num_leaves"": 15, ""objective"": ""regression"", ""random_state"": 42, ""subsample"": 1.0, ""subsample_freq"": 0, ""use_missing"": true, ""verbosity"": -1, ""zero_as_missing"": false}"
EVALUATION_ALL,PERSISTENCE,12,h12_2024-12,2024-12,2025-12,106,74,106,32,74,462,f346b6c69d81882d9877f5414b0084f727626b0b2c2f0b134e62f46513a7cf38,ec650bf83ace7fce387346f1813eabef9960ba888fdd792bbf651c0f61dfd3f8,USED,
EVALUATION_ALL,LGBM_TEMPORAL,12,h12_2024-12,2024-12,2025-12,106,74,106,32,74,462,f346b6c69d81882d9877f5414b0084f727626b0b2c2f0b134e62f46513a7cf38,ec650bf83ace7fce387346f1813eabef9960ba888fdd792bbf651c0f61dfd3f8,USED,"{""colsample_bytree"": 0.8, ""deterministic"": true, ""force_col_wise"": true, ""learning_rate"": 0.03, ""min_child_samples"": 20, ""n_estimators"": 300, ""n_jobs"": 1, ""num_leaves"": 15, ""objective"": ""regression"", ""random_state"": 42, ""subsample"": 1.0, ""subsample_freq"": 0, ""use_missing"": true, ""verbosity"": -1, ""zero_as_missing"": false}"
EVALUATION_ALL,LGBM_TEMPORAL_SPATIAL,12,h12_2024-12,2024-12,2025-12,106,74,106,32,74,462,f346b6c69d81882d9877f5414b0084f727626b0b2c2f0b134e62f46513a7cf38,ec650bf83ace7fce387346f1813eabef9960ba888fdd792bbf651c0f61dfd3f8,USED,"{""colsample_bytree"": 0.8, ""deterministic"": true, ""force_col_wise"": true, ""learning_rate"": 0.03, ""min_child_samples"": 20, ""n_estimators"": 300, ""n_jobs"": 1, ""num_leaves"": 15, ""objective"": ""regression"", ""random_state"": 42, ""subsample"": 1.0, ""subsample_freq"": 0, ""use_missing"": true, ""verbosity"": -1, ""zero_as_missing"": false}"
EVALUATION_SPATIAL_COMPARABLE,PERSISTENCE,12,h12_2024-12,2024-12,2025-12,106,0,106,106,0,462,f346b6c69d81882d9877f5414b0084f727626b0b2c2f0b134e62f46513a7cf38,71556a84951c25ee3ae94aa4e80b992a69670708453139302f1c00c01845aa57,NO_USABLE_ROWS,
EVALUATION_SPATIAL_COMPARABLE,LGBM_TEMPORAL,12,h12_2024-12,2024-12,2025-12,106,0,106,106,0,462,f346b6c69d81882d9877f5414b0084f727626b0b2c2f0b134e62f46513a7cf38,71556a84951c25ee3ae94aa4e80b992a69670708453139302f1c00c01845aa57,NO_USABLE_ROWS,"{""colsample_bytree"": 0.8, ""deterministic"": true, ""force_col_wise"": true, ""learning_rate"": 0.03, ""min_child_samples"": 20, ""n_estimators"": 300, ""n_jobs"": 1, ""num_leaves"": 15, ""objective"": ""regression"", ""random_state"": 42, ""subsample"": 1.0, ""subsample_freq"": 0, ""use_missing"": true, ""verbosity"": -1, ""zero_as_missing"": false}"
EVALUATION_SPATIAL_COMPARABLE,LGBM_TEMPORAL_SPATIAL,12,h12_2024-12,2024-12,2025-12,106,0,106,106,0,462,f346b6c69d81882d9877f5414b0084f727626b0b2c2f0b134e62f46513a7cf38,71556a84951c25ee3ae94aa4e80b992a69670708453139302f1c00c01845aa57,NO_USABLE_ROWS,"{""colsample_bytree"": 0.8, ""deterministic"": true, ""force_col_wise"": true, ""learning_rate"": 0.03, ""min_child_samples"": 20, ""n_estimators"": 300, ""n_jobs"": 1, ""num_leaves"": 15, ""objective"": ""regression"", ""random_state"": 42, ""subsample"": 1.0, ""subsample_freq"": 0, ""use_missing"": true, ""verbosity"": -1, ""zero_as_missing"": false}"
EVALUATION_ALL,PERSISTENCE,12,h12_2025-01,2025-01,2026-01,106,53,54,53,25,517,91a11c80995e0f0cfb2c836d0082220a496fcefd60d9f19e693ceab08c139309,944efcf40aa719e5f7b293572027f6d05d178ab930f03028ac3a7bbd91f09d4f,USED,
EVALUATION_ALL,LGBM_TEMPORAL,12,h12_2025-01,2025-01,2026-01,106,53,54,53,25,517,91a11c80995e0f0cfb2c836d0082220a496fcefd60d9f19e693ceab08c139309,944efcf40aa719e5f7b293572027f6d05d178ab930f03028ac3a7bbd91f09d4f,USED,"{""colsample_bytree"": 0.8, ""deterministic"": true, ""force_col_wise"": true, ""learning_rate"": 0.03, ""min_child_samples"": 20, ""n_estimators"": 300, ""n_jobs"": 1, ""num_leaves"": 15, ""objective"": ""regression"", ""random_state"": 42, ""subsample"": 1.0, ""subsample_freq"": 0, ""use_missing"": true, ""verbosity"": -1, ""zero_as_missing"": false}"
EVALUATION_ALL,LGBM_TEMPORAL_SPATIAL,12,h12_2025-01,2025-01,2026-01,106,53,54,53,25,517,91a11c80995e0f0cfb2c836d0082220a496fcefd60d9f19e693ceab08c139309,944efcf40aa719e5f7b293572027f6d05d178ab930f03028ac3a7bbd91f09d4f,USED,"{""colsample_bytree"": 0.8, ""deterministic"": true, ""force_col_wise"": true, ""learning_rate"": 0.03, ""min_child_samples"": 20, ""n_estimators"": 300, ""n_jobs"": 1, ""num_leaves"": 15, ""objective"": ""regression"", ""random_state"": 42, ""subsample"": 1.0, ""subsample_freq"": 0, ""use_missing"": true, ""verbosity"": -1, ""zero_as_missing"": false}"
EVALUATION_SPATIAL_COMPARABLE,PERSISTENCE,12,h12_2025-01,2025-01,2026-01,106,0,54,106,0,517,91a11c80995e0f0cfb2c836d0082220a496fcefd60d9f19e693ceab08c139309,71556a84951c25ee3ae94aa4e80b992a69670708453139302f1c00c01845aa57,NO_USABLE_ROWS,
EVALUATION_SPATIAL_COMPARABLE,LGBM_TEMPORAL,12,h12_2025-01,2025-01,2026-01,106,0,54,106,0,517,91a11c80995e0f0cfb2c836d0082220a496fcefd60d9f19e693ceab08c139309,71556a84951c25ee3ae94aa4e80b992a69670708453139302f1c00c01845aa57,NO_USABLE_ROWS,"{""colsample_bytree"": 0.8, ""deterministic"": true, ""force_col_wise"": true, ""learning_rate"": 0.03, ""min_child_samples"": 20, ""n_estimators"": 300, ""n_jobs"": 1, ""num_leaves"": 15, ""objective"": ""regression"", ""random_state"": 42, ""subsample"": 1.0, ""subsample_freq"": 0, ""use_missing"": true, ""verbosity"": -1, ""zero_as_missing"": false}"
EVALUATION_SPATIAL_COMPARABLE,LGBM_TEMPORAL_SPATIAL,12,h12_2025-01,2025-01,2026-01,106,0,54,106,0,517,91a11c80995e0f0cfb2c836d0082220a496fcefd60d9f19e693ceab08c139309,71556a84951c25ee3ae94aa4e80b992a69670708453139302f1c00c01845aa57,NO_USABLE_ROWS,"{""colsample_bytree"": 0.8, ""deterministic"": true, ""force_col_wise"": true, ""learning_rate"": 0.03, ""min_child_samples"": 20, ""n_estimators"": 300, ""n_jobs"": 1, ""num_leaves"": 15, ""objective"": ""regression"", ""random_state"": 42, ""subsample"": 1.0, ""subsample_freq"": 0, ""use_missing"": true, ""verbosity"": -1, ""zero_as_missing"": false}"
EVALUATION_ALL,PERSISTENCE,12,h12_2025-02,2025-02,2026-02,106,50,51,56,20,565,8e0137db262114bf829a784e887caf607c4d3de5b950186d9cfe42d6bbf62267,0f51a455cd30e34a5553849e2e79d672b224197359875f736a1e49cf8cb897a4,USED,
EVALUATION_ALL,LGBM_TEMPORAL,12,h12_2025-02,2025-02,2026-02,106,50,51,56,20,565,8e0137db262114bf829a784e887caf607c4d3de5b950186d9cfe42d6bbf62267,0f51a455cd30e34a5553849e2e79d672b224197359875f736a1e49cf8cb897a4,USED,"{""colsample_bytree"": 0.8, ""deterministic"": true, ""force_col_wise"": true, ""learning_rate"": 0.03, ""min_child_samples"": 20, ""n_estimators"": 300, ""n_jobs"": 1, ""num_leaves"": 15, ""objective"": ""regression"", ""random_state"": 42, ""subsample"": 1.0, ""subsample_freq"": 0, ""use_missing"": true, ""verbosity"": -1, ""zero_as_missing"": false}"
EVALUATION_ALL,LGBM_TEMPORAL_SPATIAL,12,h12_2025-02,2025-02,2026-02,106,50,51,56,20,565,8e0137db262114bf829a784e887caf607c4d3de5b950186d9cfe42d6bbf62267,0f51a455cd30e34a5553849e2e79d672b224197359875f736a1e49cf8cb897a4,USED,"{""colsample_bytree"": 0.8, ""deterministic"": true, ""force_col_wise"": true, ""learning_rate"": 0.03, ""min_child_samples"": 20, ""n_estimators"": 300, ""n_jobs"": 1, ""num_leaves"": 15, ""objective"": ""regression"", ""random_state"": 42, ""subsample"": 1.0, ""subsample_freq"": 0, ""use_missing"": true, ""verbosity"": -1, ""zero_as_missing"": false}"
EVALUATION_SPATIAL_COMPARABLE,PERSISTENCE,12,h12_2025-02,2025-02,2026-02,106,30,51,76,0,565,8e0137db262114bf829a784e887caf607c4d3de5b950186d9cfe42d6bbf62267,2593db0f40b24072c6a2c0cdf8f177e6bd4b1580b95ce396edf01263c4d73118,USED,
EVALUATION_SPATIAL_COMPARABLE,LGBM_TEMPORAL,12,h12_2025-02,2025-02,2026-02,106,30,51,76,0,565,8e0137db262114bf829a784e887caf607c4d3de5b950186d9cfe42d6bbf62267,2593db0f40b24072c6a2c0cdf8f177e6bd4b1580b95ce396edf01263c4d73118,USED,"{""colsample_bytree"": 0.8, ""deterministic"": true, ""force_col_wise"": true, ""learning_rate"": 0.03, ""min_child_samples"": 20, ""n_estimators"": 300, ""n_jobs"": 1, ""num_leaves"": 15, ""objective"": ""regression"", ""random_state"": 42, ""subsample"": 1.0, ""subsample_freq"": 0, ""use_missing"": true, ""verbosity"": -1, ""zero_as_missing"": false}"
EVALUATION_SPATIAL_COMPARABLE,LGBM_TEMPORAL_SPATIAL,12,h12_2025-02,2025-02,2026-02,106,30,51,76,0,565,8e0137db262114bf829a784e887caf607c4d3de5b950186d9cfe42d6bbf62267,2593db0f40b24072c6a2c0cdf8f177e6bd4b1580b95ce396edf01263c4d73118,USED,"{""colsample_bytree"": 0.8, ""deterministic"": true, ""force_col_wise"": true, ""learning_rate"": 0.03, ""min_child_samples"": 20, ""n_estimators"": 300, ""n_jobs"": 1, ""num_leaves"": 15, ""objective"": ""regression"", ""random_state"": 42, ""subsample"": 1.0, ""subsample_freq"": 0, ""use_missing"": true, ""verbosity"": -1, ""zero_as_missing"": false}"
EVALUATION_ALL,PERSISTENCE,12,h12_2025-03,2025-03,2026-03,106,59,45,47,20,638,a59c6f4616408c2ca728fa68cfa678f1de58b639abf867c4f5e6acd9dc01d4f4,8b1c75e28ced76e3b27e27712b720cdff52de62d36d745f00f09ec3f02f109ed,USED,
EVALUATION_ALL,LGBM_TEMPORAL,12,h12_2025-03,2025-03,2026-03,106,59,45,47,20,638,a59c6f4616408c2ca728fa68cfa678f1de58b639abf867c4f5e6acd9dc01d4f4,8b1c75e28ced76e3b27e27712b720cdff52de62d36d745f00f09ec3f02f109ed,USED,"{""colsample_bytree"": 0.8, ""deterministic"": true, ""force_col_wise"": true, ""learning_rate"": 0.03, ""min_child_samples"": 20, ""n_estimators"": 300, ""n_jobs"": 1, ""num_leaves"": 15, ""objective"": ""regression"", ""random_state"": 42, ""subsample"": 1.0, ""subsample_freq"": 0, ""use_missing"": true, ""verbosity"": -1, ""zero_as_missing"": false}"
EVALUATION_ALL,LGBM_TEMPORAL_SPATIAL,12,h12_2025-03,2025-03,2026-03,106,59,45,47,20,638,a59c6f4616408c2ca728fa68cfa678f1de58b639abf867c4f5e6acd9dc01d4f4,8b1c75e28ced76e3b27e27712b720cdff52de62d36d745f00f09ec3f02f109ed,USED,"{""colsample_bytree"": 0.8, ""deterministic"": true, ""force_col_wise"": true, ""learning_rate"": 0.03, ""min_child_samples"": 20, ""n_estimators"": 300, ""n_jobs"": 1, ""num_leaves"": 15, ""objective"": ""regression"", ""random_state"": 42, ""subsample"": 1.0, ""subsample_freq"": 0, ""use_missing"": true, ""verbosity"": -1, ""zero_as_missing"": false}"
EVALUATION_SPATIAL_COMPARABLE,PERSISTENCE,12,h12_2025-03,2025-03,2026-03,106,37,45,69,0,638,a59c6f4616408c2ca728fa68cfa678f1de58b639abf867c4f5e6acd9dc01d4f4,c9f6fc35d06bc40bf62016ec421bac44eedbba0da9433e9de4c57319a77efb6c,USED,
EVALUATION_SPATIAL_COMPARABLE,LGBM_TEMPORAL,12,h12_2025-03,2025-03,2026-03,106,37,45,69,0,638,a59c6f4616408c2ca728fa68cfa678f1de58b639abf867c4f5e6acd9dc01d4f4,c9f6fc35d06bc40bf62016ec421bac44eedbba0da9433e9de4c57319a77efb6c,USED,"{""colsample_bytree"": 0.8, ""deterministic"": true, ""force_col_wise"": true, ""learning_rate"": 0.03, ""min_child_samples"": 20, ""n_estimators"": 300, ""n_jobs"": 1, ""num_leaves"": 15, ""objective"": ""regression"", ""random_state"": 42, ""subsample"": 1.0, ""subsample_freq"": 0, ""use_missing"": true, ""verbosity"": -1, ""zero_as_missing"": false}"
EVALUATION_SPATIAL_COMPARABLE,LGBM_TEMPORAL_SPATIAL,12,h12_2025-03,2025-03,2026-03,106,37,45,69,0,638,a59c6f4616408c2ca728fa68cfa678f1de58b639abf867c4f5e6acd9dc01d4f4,c9f6fc35d06bc40bf62016ec421bac44eedbba0da9433e9de4c57319a77efb6c,USED,"{""colsample_bytree"": 0.8, ""deterministic"": true, ""force_col_wise"": true, ""learning_rate"": 0.03, ""min_child_samples"": 20, ""n_estimators"": 300, ""n_jobs"": 1, ""num_leaves"": 15, ""objective"": ""regression"", ""random_state"": 42, ""subsample"": 1.0, ""subsample_freq"": 0, ""use_missing"": true, ""verbosity"": -1, ""zero_as_missing"": false}"
EVALUATION_ALL,PERSISTENCE,12,h12_2025-04,2025-04,2026-04,106,57,48,49,22,701,2e929d32c4dbc2db99c3a425212e21583b09158c23af3a0d117face6a2c625bc,c8dbed4ea3b47536b3e279faa80d11fc6f726080485b19c98a959e7166ca5a0c,USED,
EVALUATION_ALL,LGBM_TEMPORAL,12,h12_2025-04,2025-04,2026-04,106,57,48,49,22,701,2e929d32c4dbc2db99c3a425212e21583b09158c23af3a0d117face6a2c625bc,c8dbed4ea3b47536b3e279faa80d11fc6f726080485b19c98a959e7166ca5a0c,USED,"{""colsample_bytree"": 0.8, ""deterministic"": true, ""force_col_wise"": true, ""learning_rate"": 0.03, ""min_child_samples"": 20, ""n_estimators"": 300, ""n_jobs"": 1, ""num_leaves"": 15, ""objective"": ""regression"", ""random_state"": 42, ""subsample"": 1.0, ""subsample_freq"": 0, ""use_missing"": true, ""verbosity"": -1, ""zero_as_missing"": false}"
EVALUATION_ALL,LGBM_TEMPORAL_SPATIAL,12,h12_2025-04,2025-04,2026-04,106,57,48,49,22,701,2e929d32c4dbc2db99c3a425212e21583b09158c23af3a0d117face6a2c625bc,c8dbed4ea3b47536b3e279faa80d11fc6f726080485b19c98a959e7166ca5a0c,USED,"{""colsample_bytree"": 0.8, ""deterministic"": true, ""force_col_wise"": true, ""learning_rate"": 0.03, ""min_child_samples"": 20, ""n_estimators"": 300, ""n_jobs"": 1, ""num_leaves"": 15, ""objective"": ""regression"", ""random_state"": 42, ""subsample"": 1.0, ""subsample_freq"": 0, ""use_missing"": true, ""verbosity"": -1, ""zero_as_missing"": false}"
EVALUATION_SPATIAL_COMPARABLE,PERSISTENCE,12,h12_2025-04,2025-04,2026-04,106,34,48,72,0,701,2e929d32c4dbc2db99c3a425212e21583b09158c23af3a0d117face6a2c625bc,c55a9c6a0a82c7032c806d914989f7c819aa6e782e6da631d6dab48140d0fdf1,USED,
EVALUATION_SPATIAL_COMPARABLE,LGBM_TEMPORAL,12,h12_2025-04,2025-04,2026-04,106,34,48,72,0,701,2e929d32c4dbc2db99c3a425212e21583b09158c23af3a0d117face6a2c625bc,c55a9c6a0a82c7032c806d914989f7c819aa6e782e6da631d6dab48140d0fdf1,USED,"{""colsample_bytree"": 0.8, ""deterministic"": true, ""force_col_wise"": true, ""learning_rate"": 0.03, ""min_child_samples"": 20, ""n_estimators"": 300, ""n_jobs"": 1, ""num_leaves"": 15, ""objective"": ""regression"", ""random_state"": 42, ""subsample"": 1.0, ""subsample_freq"": 0, ""use_missing"": true, ""verbosity"": -1, ""zero_as_missing"": false}"
EVALUATION_SPATIAL_COMPARABLE,LGBM_TEMPORAL_SPATIAL,12,h12_2025-04,2025-04,2026-04,106,34,48,72,0,701,2e929d32c4dbc2db99c3a425212e21583b09158c23af3a0d117face6a2c625bc,c55a9c6a0a82c7032c806d914989f7c819aa6e782e6da631d6dab48140d0fdf1,USED,"{""colsample_bytree"": 0.8, ""deterministic"": true, ""force_col_wise"": true, ""learning_rate"": 0.03, ""min_child_samples"": 20, ""n_estimators"": 300, ""n_jobs"": 1, ""num_leaves"": 15, ""objective"": ""regression"", ""random_state"": 42, ""subsample"": 1.0, ""subsample_freq"": 0, ""use_missing"": true, ""verbosity"": -1, ""zero_as_missing"": false}"
EVALUATION_ALL,PERSISTENCE,12,h12_2025-05,2025-05,2026-05,106,72,36,34,25,760,6f14f7ac596e68d80778ed531bf8233af21f1ba68c8d0458454cc61685df042f,177618f6e8957ce42855cf97cc373065188bdad78774c0a5df126e156554c270,USED,
EVALUATION_ALL,LGBM_TEMPORAL,12,h12_2025-05,2025-05,2026-05,106,72,36,34,25,760,6f14f7ac596e68d80778ed531bf8233af21f1ba68c8d0458454cc61685df042f,177618f6e8957ce42855cf97cc373065188bdad78774c0a5df126e156554c270,USED,"{""colsample_bytree"": 0.8, ""deterministic"": true, ""force_col_wise"": true, ""learning_rate"": 0.03, ""min_child_samples"": 20, ""n_estimators"": 300, ""n_jobs"": 1, ""num_leaves"": 15, ""objective"": ""regression"", ""random_state"": 42, ""subsample"": 1.0, ""subsample_freq"": 0, ""use_missing"": true, ""verbosity"": -1, ""zero_as_missing"": false}"
EVALUATION_ALL,LGBM_TEMPORAL_SPATIAL,12,h12_2025-05,2025-05,2026-05,106,72,36,34,25,760,6f14f7ac596e68d80778ed531bf8233af21f1ba68c8d0458454cc61685df042f,177618f6e8957ce42855cf97cc373065188bdad78774c0a5df126e156554c270,USED,"{""colsample_bytree"": 0.8, ""deterministic"": true, ""force_col_wise"": true, ""learning_rate"": 0.03, ""min_child_samples"": 20, ""n_estimators"": 300, ""n_jobs"": 1, ""num_leaves"": 15, ""objective"": ""regression"", ""random_state"": 42, ""subsample"": 1.0, ""subsample_freq"": 0, ""use_missing"": true, ""verbosity"": -1, ""zero_as_missing"": false}"
EVALUATION_SPATIAL_COMPARABLE,PERSISTENCE,12,h12_2025-05,2025-05,2026-05,106,47,36,59,0,760,6f14f7ac596e68d80778ed531bf8233af21f1ba68c8d0458454cc61685df042f,018de83b5ae715ce30816a348e0f49c12c4e1e4204b8c9a6dcb6c293e1aec400,USED,
EVALUATION_SPATIAL_COMPARABLE,LGBM_TEMPORAL,12,h12_2025-05,2025-05,2026-05,106,47,36,59,0,760,6f14f7ac596e68d80778ed531bf8233af21f1ba68c8d0458454cc61685df042f,018de83b5ae715ce30816a348e0f49c12c4e1e4204b8c9a6dcb6c293e1aec400,USED,"{""colsample_bytree"": 0.8, ""deterministic"": true, ""force_col_wise"": true, ""learning_rate"": 0.03, ""min_child_samples"": 20, ""n_estimators"": 300, ""n_jobs"": 1, ""num_leaves"": 15, ""objective"": ""regression"", ""random_state"": 42, ""subsample"": 1.0, ""subsample_freq"": 0, ""use_missing"": true, ""verbosity"": -1, ""zero_as_missing"": false}"
EVALUATION_SPATIAL_COMPARABLE,LGBM_TEMPORAL_SPATIAL,12,h12_2025-05,2025-05,2026-05,106,47,36,59,0,760,6f14f7ac596e68d80778ed531bf8233af21f1ba68c8d0458454cc61685df042f,018de83b5ae715ce30816a348e0f49c12c4e1e4204b8c9a6dcb6c293e1aec400,USED,"{""colsample_bytree"": 0.8, ""deterministic"": true, ""force_col_wise"": true, ""learning_rate"": 0.03, ""min_child_samples"": 20, ""n_estimators"": 300, ""n_jobs"": 1, ""num_leaves"": 15, ""objective"": ""regression"", ""random_state"": 42, ""subsample"": 1.0, ""subsample_freq"": 0, ""use_missing"": true, ""verbosity"": -1, ""zero_as_missing"": false}"
EVALUATION_ALL,PERSISTENCE,12,h12_2025-06,2025-06,2026-06,106,63,41,43,24,827,b8ba896d60875f7fe8f0164cda22d8551d298148c1688ab266e27789834a9f43,d68bb6c1068bb743e569bd69ca6fe2f804bdc282e95e332e2c0114957dfd1ca7,USED,
EVALUATION_ALL,LGBM_TEMPORAL,12,h12_2025-06,2025-06,2026-06,106,63,41,43,24,827,b8ba896d60875f7fe8f0164cda22d8551d298148c1688ab266e27789834a9f43,d68bb6c1068bb743e569bd69ca6fe2f804bdc282e95e332e2c0114957dfd1ca7,USED,"{""colsample_bytree"": 0.8, ""deterministic"": true, ""force_col_wise"": true, ""learning_rate"": 0.03, ""min_child_samples"": 20, ""n_estimators"": 300, ""n_jobs"": 1, ""num_leaves"": 15, ""objective"": ""regression"", ""random_state"": 42, ""subsample"": 1.0, ""subsample_freq"": 0, ""use_missing"": true, ""verbosity"": -1, ""zero_as_missing"": false}"
EVALUATION_ALL,LGBM_TEMPORAL_SPATIAL,12,h12_2025-06,2025-06,2026-06,106,63,41,43,24,827,b8ba896d60875f7fe8f0164cda22d8551d298148c1688ab266e27789834a9f43,d68bb6c1068bb743e569bd69ca6fe2f804bdc282e95e332e2c0114957dfd1ca7,USED,"{""colsample_bytree"": 0.8, ""deterministic"": true, ""force_col_wise"": true, ""learning_rate"": 0.03, ""min_child_samples"": 20, ""n_estimators"": 300, ""n_jobs"": 1, ""num_leaves"": 15, ""objective"": ""regression"", ""random_state"": 42, ""subsample"": 1.0, ""subsample_freq"": 0, ""use_missing"": true, ""verbosity"": -1, ""zero_as_missing"": false}"
EVALUATION_SPATIAL_COMPARABLE,PERSISTENCE,12,h12_2025-06,2025-06,2026-06,106,39,41,67,0,827,b8ba896d60875f7fe8f0164cda22d8551d298148c1688ab266e27789834a9f43,db02109674270323f85f49906ede6ea5fa3854f14c98f514d47255b6216be2a8,USED,
EVALUATION_SPATIAL_COMPARABLE,LGBM_TEMPORAL,12,h12_2025-06,2025-06,2026-06,106,39,41,67,0,827,b8ba896d60875f7fe8f0164cda22d8551d298148c1688ab266e27789834a9f43,db02109674270323f85f49906ede6ea5fa3854f14c98f514d47255b6216be2a8,USED,"{""colsample_bytree"": 0.8, ""deterministic"": true, ""force_col_wise"": true, ""learning_rate"": 0.03, ""min_child_samples"": 20, ""n_estimators"": 300, ""n_jobs"": 1, ""num_leaves"": 15, ""objective"": ""regression"", ""random_state"": 42, ""subsample"": 1.0, ""subsample_freq"": 0, ""use_missing"": true, ""verbosity"": -1, ""zero_as_missing"": false}"
EVALUATION_SPATIAL_COMPARABLE,LGBM_TEMPORAL_SPATIAL,12,h12_2025-06,2025-06,2026-06,106,39,41,67,0,827,b8ba896d60875f7fe8f0164cda22d8551d298148c1688ab266e27789834a9f43,db02109674270323f85f49906ede6ea5fa3854f14c98f514d47255b6216be2a8,USED,"{""colsample_bytree"": 0.8, ""deterministic"": true, ""force_col_wise"": true, ""learning_rate"": 0.03, ""min_child_samples"": 20, ""n_estimators"": 300, ""n_jobs"": 1, ""num_leaves"": 15, ""objective"": ""regression"", ""random_state"": 42, ""subsample"": 1.0, ""subsample_freq"": 0, ""use_missing"": true, ""verbosity"": -1, ""zero_as_missing"": false}"
EVALUATION_ALL,PERSISTENCE,12,h12_2025-07,2025-07,2026-07,106,72,34,34,18,894,7511f088f432718f8d5ebd112748bfef4f4bf4e6647b17306e158ec0ffce0539,256ae239b6d90afa5cfb77cb70ea8493cb877d4a4af70bf85554cc86a4ecdacd,USED,
EVALUATION_ALL,LGBM_TEMPORAL,12,h12_2025-07,2025-07,2026-07,106,72,34,34,18,894,7511f088f432718f8d5ebd112748bfef4f4bf4e6647b17306e158ec0ffce0539,256ae239b6d90afa5cfb77cb70ea8493cb877d4a4af70bf85554cc86a4ecdacd,USED,"{""colsample_bytree"": 0.8, ""deterministic"": true, ""force_col_wise"": true, ""learning_rate"": 0.03, ""min_child_samples"": 20, ""n_estimators"": 300, ""n_jobs"": 1, ""num_leaves"": 15, ""objective"": ""regression"", ""random_state"": 42, ""subsample"": 1.0, ""subsample_freq"": 0, ""use_missing"": true, ""verbosity"": -1, ""zero_as_missing"": false}"
EVALUATION_ALL,LGBM_TEMPORAL_SPATIAL,12,h12_2025-07,2025-07,2026-07,106,72,34,34,18,894,7511f088f432718f8d5ebd112748bfef4f4bf4e6647b17306e158ec0ffce0539,256ae239b6d90afa5cfb77cb70ea8493cb877d4a4af70bf85554cc86a4ecdacd,USED,"{""colsample_bytree"": 0.8, ""deterministic"": true, ""force_col_wise"": true, ""learning_rate"": 0.03, ""min_child_samples"": 20, ""n_estimators"": 300, ""n_jobs"": 1, ""num_leaves"": 15, ""objective"": ""regression"", ""random_state"": 42, ""subsample"": 1.0, ""subsample_freq"": 0, ""use_missing"": true, ""verbosity"": -1, ""zero_as_missing"": false}"
EVALUATION_SPATIAL_COMPARABLE,PERSISTENCE,12,h12_2025-07,2025-07,2026-07,106,54,34,52,0,894,7511f088f432718f8d5ebd112748bfef4f4bf4e6647b17306e158ec0ffce0539,7df0f790c1f64a21e4bf45dad8265a737963991840a53aa57a8c30dde0f58bba,USED,
EVALUATION_SPATIAL_COMPARABLE,LGBM_TEMPORAL,12,h12_2025-07,2025-07,2026-07,106,54,34,52,0,894,7511f088f432718f8d5ebd112748bfef4f4bf4e6647b17306e158ec0ffce0539,7df0f790c1f64a21e4bf45dad8265a737963991840a53aa57a8c30dde0f58bba,USED,"{""colsample_bytree"": 0.8, ""deterministic"": true, ""force_col_wise"": true, ""learning_rate"": 0.03, ""min_child_samples"": 20, ""n_estimators"": 300, ""n_jobs"": 1, ""num_leaves"": 15, ""objective"": ""regression"", ""random_state"": 42, ""subsample"": 1.0, ""subsample_freq"": 0, ""use_missing"": true, ""verbosity"": -1, ""zero_as_missing"": false}"
EVALUATION_SPATIAL_COMPARABLE,LGBM_TEMPORAL_SPATIAL,12,h12_2025-07,2025-07,2026-07,106,54,34,52,0,894,7511f088f432718f8d5ebd112748bfef4f4bf4e6647b17306e158ec0ffce0539,7df0f790c1f64a21e4bf45dad8265a737963991840a53aa57a8c30dde0f58bba,USED,"{""colsample_bytree"": 0.8, ""deterministic"": true, ""force_col_wise"": true, ""learning_rate"": 0.03, ""min_child_samples"": 20, ""n_estimators"": 300, ""n_jobs"": 1, ""num_leaves"": 15, ""objective"": ""regression"", ""random_state"": 42, ""subsample"": 1.0, ""subsample_freq"": 0, ""use_missing"": true, ""verbosity"": -1, ""zero_as_missing"": false}"
EVALUATION_ALL,PERSISTENCE,12,h12_2025-08,2025-08,2026-08,106,65,43,41,20,947,bc691c7b0b70fd81c0e7dbf008c3edd70227f32bdc78fd0cba503b1b491ea573,8f5ad447adedf4bdf42e4d60db98738cbd992e7cdb5386694a7cfa7e2a9fce72,USED,
EVALUATION_ALL,LGBM_TEMPORAL,12,h12_2025-08,2025-08,2026-08,106,65,43,41,20,947,bc691c7b0b70fd81c0e7dbf008c3edd70227f32bdc78fd0cba503b1b491ea573,8f5ad447adedf4bdf42e4d60db98738cbd992e7cdb5386694a7cfa7e2a9fce72,USED,"{""colsample_bytree"": 0.8, ""deterministic"": true, ""force_col_wise"": true, ""learning_rate"": 0.03, ""min_child_samples"": 20, ""n_estimators"": 300, ""n_jobs"": 1, ""num_leaves"": 15, ""objective"": ""regression"", ""random_state"": 42, ""subsample"": 1.0, ""subsample_freq"": 0, ""use_missing"": true, ""verbosity"": -1, ""zero_as_missing"": false}"
EVALUATION_ALL,LGBM_TEMPORAL_SPATIAL,12,h12_2025-08,2025-08,2026-08,106,65,43,41,20,947,bc691c7b0b70fd81c0e7dbf008c3edd70227f32bdc78fd0cba503b1b491ea573,8f5ad447adedf4bdf42e4d60db98738cbd992e7cdb5386694a7cfa7e2a9fce72,USED,"{""colsample_bytree"": 0.8, ""deterministic"": true, ""force_col_wise"": true, ""learning_rate"": 0.03, ""min_child_samples"": 20, ""n_estimators"": 300, ""n_jobs"": 1, ""num_leaves"": 15, ""objective"": ""regression"", ""random_state"": 42, ""subsample"": 1.0, ""subsample_freq"": 0, ""use_missing"": true, ""verbosity"": -1, ""zero_as_missing"": false}"
EVALUATION_SPATIAL_COMPARABLE,PERSISTENCE,12,h12_2025-08,2025-08,2026-08,106,45,43,61,0,947,bc691c7b0b70fd81c0e7dbf008c3edd70227f32bdc78fd0cba503b1b491ea573,23c6680a59e14d6d0cbf4d6ba7a7d605dfdc5b20d1ccb070267ba33ed7a0b849,USED,
EVALUATION_SPATIAL_COMPARABLE,LGBM_TEMPORAL,12,h12_2025-08,2025-08,2026-08,106,45,43,61,0,947,bc691c7b0b70fd81c0e7dbf008c3edd70227f32bdc78fd0cba503b1b491ea573,23c6680a59e14d6d0cbf4d6ba7a7d605dfdc5b20d1ccb070267ba33ed7a0b849,USED,"{""colsample_bytree"": 0.8, ""deterministic"": true, ""force_col_wise"": true, ""learning_rate"": 0.03, ""min_child_samples"": 20, ""n_estimators"": 300, ""n_jobs"": 1, ""num_leaves"": 15, ""objective"": ""regression"", ""random_state"": 42, ""subsample"": 1.0, ""subsample_freq"": 0, ""use_missing"": true, ""verbosity"": -1, ""zero_as_missing"": false}"
EVALUATION_SPATIAL_COMPARABLE,LGBM_TEMPORAL_SPATIAL,12,h12_2025-08,2025-08,2026-08,106,45,43,61,0,947,bc691c7b0b70fd81c0e7dbf008c3edd70227f32bdc78fd0cba503b1b491ea573,23c6680a59e14d6d0cbf4d6ba7a7d605dfdc5b20d1ccb070267ba33ed7a0b849,USED,"{""colsample_bytree"": 0.8, ""deterministic"": true, ""force_col_wise"": true, ""learning_rate"": 0.03, ""min_child_samples"": 20, ""n_estimators"": 300, ""n_jobs"": 1, ""num_leaves"": 15, ""objective"": ""regression"", ""random_state"": 42, ""subsample"": 1.0, ""subsample_freq"": 0, ""use_missing"": true, ""verbosity"": -1, ""zero_as_missing"": false}"
