colonia,periodo,viajes_origen,viajes_destino,viajes_total,alcaldia,aperturas_denue,km_ciclovia,accidentes_ciclistas,victimas_ciclistas,poblacion_colonia_2020,poblacion_2020,indice_uso_ecobici,indice_aperturas_denue,indice_siniestralidad_ciclista,indice_brecha_infraestructura,indice_poblacion_colonia,indice_demanda_compuesto,time_idx
Acacias,2023-01,3074,2783,5857,Benito Juarez,0.0,1.2848066693068314,1.0,1.0,5864.753876507198,434153,-0.21318445768067584,0.0,0.3363168726375907,0.4196161544992867,-0.41447973575052066,-0.05146609197673792,1
Acacias,2023-02,3108,2869,5977,Benito Juarez,0.0,1.2848066693068314,3.0,2.0,5864.753876507198,434153,-0.2346652215715573,0.0,1.195481783090294,0.4196161544992867,-0.41447973575052066,0.023710017123091683,2
Acacias,2023-03,3334,2904,6238,Benito Juarez,0.0,1.2848066693068314,6.0,4.0,5864.753876507198,434153,-0.27215072895934833,0.0,1.3038724727478443,0.4196161544992867,-0.41447973575052066,0.015806332394951196,3
Acacias,2023-04,3130,2757,5887,Benito Juarez,0.0,1.2848066693068314,4.0,1.0,5864.753876507198,434153,-0.2860638211057372,0.0,1.3590041777373958,0.4196161544992867,-0.41447973575052066,0.014362956820711932,4
Acacias,2023-05,3390,3132,6522,Benito Juarez,0.0,1.2848066693068314,2.0,2.0,5864.753876507198,434153,-0.2994088662000727,0.0,1.2397953938256114,0.4196161544992867,-0.41447973575052066,-0.004230444117634256,5
Acacias,2023-06,3374,3102,6476,Benito Juarez,0.0,1.2848066693068314,1.0,1.0,5864.753876507198,434153,-0.3182990490415757,0.0,0.2306418529438008,0.4196161544992867,-0.41447973575052066,-0.11459088962656683,6
Acacias,2023-07,3293,2954,6247,Benito Juarez,0.0,1.2848066693068314,1.0,1.0,5864.753876507198,434153,-0.3257312371180631,0.0,-0.4329444585468293,0.4196161544992867,-0.41447973575052066,-0.18466561481387356,7
Acacias,2023-08,3589,3219,6808,Benito Juarez,0.0,1.2848066693068314,0.0,0.0,5864.753876507198,434153,-0.33298160292398754,0.0,-0.5755432216610669,0.4196161544992867,-0.41447973575052066,-0.20255067402825952,8
Acacias,2023-09,2922,2738,5660,Benito Juarez,0.0,1.2848066693068314,1.0,0.0,5864.753876507198,434153,-0.38028183767138635,0.0,-0.1380719879957341,0.4196161544992867,-0.41447973575052066,-0.18245366803542562,9
Acacias,2023-12,2982,2662,5644,Benito Juarez,0.0,1.2848066693068314,2.0,2.0,5864.753876507198,434153,-0.4121782264447175,0.0,0.9484068100713118,0.4196161544992867,-0.41447973575052066,-0.08975398261538667,12
Acacias,2024-02,4838,4314,9152,Benito Juarez,0.0,1.2848066693068314,0.0,0.0,5864.753876507198,434153,-0.4181066836140381,0.0,-0.8014359479829826,0.4196161544992867,-0.41447973575052066,-0.2677024870054764,14
Acacias,2024-07,6877,6290,13167,Benito Juarez,0.0,1.2848066693068314,0.0,0.0,5864.753876507198,434153,-0.37597282773068663,0.0,-0.6405475848094834,0.4196161544992867,-0.41447973575052066,-0.2305467227464507,19
Acacias,2024-12,6184,5700,11884,Benito Juarez,0.0,1.2848066693068314,0.0,0.0,5864.753876507198,434153,-0.3789092477461592,0.0,-1.0655610226354273,0.4196161544992867,-0.41447973575052066,-0.2745162765367814,24
Acacias,2025-01,6917,6351,13268,Benito Juarez,0.0,1.2848066693068314,2.0,1.0,5864.753876507198,434153,-0.37547953080231805,0.0,0.319576750636154,0.4196161544992867,-0.41447973575052066,-0.1342876407377027,25
Acacias,2025-04,5955,5587,11542,Benito Juarez,0.0,1.2848066693068314,1.0,1.0,5864.753876507198,434153,-0.3956014901608104,-0.15394759295997215,0.32458837199061674,0.4196161544992867,-0.41447973575052066,-0.16693959722549842,28
Acacias,2025-06,5858,5377,11235,Benito Juarez,0.0,1.2848066693068314,0.0,0.0,5864.753876507198,434153,-0.39040735853134395,0.0,-0.4173499241975349,0.4196161544992867,-0.41447973575052066,-0.21544422208558453,30
Acacias,2025-07,6185,5714,11899,Benito Juarez,0.0,1.2848066693068314,0.0,0.0,5864.753876507198,434153,-0.39300981321589123,0.0,-0.4173499241975349,0.4196161544992867,-0.41447973575052066,-0.21674544942785814,31
Acacias,2025-08,5571,5102,10673,Benito Juarez,0.0,1.2848066693068314,3.0,3.0,5864.753876507198,434153,-0.40944840505781577,0.0,1.325719033255323,0.4196161544992867,-0.41447973575052066,-0.05065784960353462,32
Acacias,2025-11,5630,5105,10735,Benito Juarez,0.0,1.2848066693068314,1.0,0.0,5864.753876507198,434153,-0.4076229768267867,0.0,0.08481804013968136,0.4196161544992867,-0.41447973575052066,-0.17383523479958427,35
Acacias,2025-12,5397,4936,10333,Benito Juarez,0.0,1.2848066693068314,0.0,0.0,5864.753876507198,434153,-0.39170011134325083,0.0,-0.8021786763538865,0.4196161544992867,-0.41447973575052066,-0.25457347370717315,36
Acacias,2026-02,5525,5142,10667,Benito Juarez,0.0,1.2848066693068314,0.0,0.0,5864.753876507198,434153,-0.40548342180967817,0.0,0.0,0.4196161544992867,-0.41447973575052066,-0.18124726130499816,38
Acacias,2026-03,5983,5606,11589,Benito Juarez,0.0,1.2848066693068314,0.0,0.0,5864.753876507198,434153,-0.40596066038700007,0.0,0.0,0.4196161544992867,-0.41447973575052066,-0.18148588059365908,39
Acacias,2026-04,5707,5413,11120,Benito Juarez,0.0,1.2848066693068314,0.0,0.0,5864.753876507198,434153,-0.4055386770108309,-0.29804219930138437,0.0,0.4196161544992867,-0.41447973575052066,-0.22598121880078217,40
Acacias,2026-05,5634,5325,10959,Benito Juarez,0.0,1.2848066693068314,0.0,0.0,5864.753876507198,434153,-0.4098702677530713,0.0,0.0,0.4196161544992867,-0.41447973575052066,-0.18344068427669472,41
Acacias,2026-06,4806,4603,9409,Benito Juarez,0.0,1.2848066693068314,0.0,0.0,5864.753876507198,434153,-0.41470122453184777,0.0,0.0,0.4196161544992867,-0.41447973575052066,-0.18585616266608293,42
Actipan,2023-01,6531,6309,12840,Benito Juarez,0.0,1.9630723821160991,1.0,1.0,4135.995638377992,434153,0.07847107272275808,0.0,0.3363168726375907,0.24409090427528107,-0.5658405528755973,0.05289680397887052,1
Actipan,2023-02,5992,5656,11648,Benito Juarez,0.0,1.9630723821160991,3.0,2.0,4135.995638377992,434153,-0.028409876740238458,0.0,1.195481783090294,0.24409090427528107,-0.5658405528755973,0.0853728202926426,2
Actipan,2023-03,6776,6560,13336,Benito Juarez,0.0,1.9630723821160991,6.0,4.0,4135.995638377992,434153,-0.05874597473794512,0.0,1.3038724727478443,0.24409090427528107,-0.5658405528755973,0.0810438402595443,3
Actipan,2023-04,6821,6372,13193,Benito Juarez,0.0,1.9630723821160991,4.0,1.0,4135.995638377992,434153,-0.061827139111964906,0.0,1.3590041777373958,0.24409090427528107,-0.5658405528755973,0.08501642857148957,4
Actipan,2023-05,8036,7318,15354,Benito Juarez,0.0,1.9630723821160991,2.0,2.0,4135.995638377992,434153,-0.06212071215792876,0.0,1.2397953938256114,0.24409090427528107,-0.5658405528755973,0.0729487636573292,5
Actipan,2023-06,7753,7069,14822,Benito Juarez,0.0,1.9630723821160991,1.0,1.0,4135.995638377992,434153,-0.10410183752540626,0.0,0.2306418529438008,0.24409090427528107,-0.5658405528755973,-0.04895715311459063,6
Actipan,2023-07,7525,7006,14531,Benito Juarez,0.0,1.9630723821160991,1.0,1.0,4135.995638377992,434153,-0.10880386388511329,0.0,-0.4329444585468293,0.24409090427528107,-0.5658405528755973,-0.11766679744350715,7
Actipan,2023-08,8338,7704,16042,Benito Juarez,0.0,1.9630723821160991,0.0,0.0,4135.995638377992,434153,-0.11216006447548366,0.0,-0.5755432216610669,0.24409090427528107,-0.5658405528755973,-0.13360477405011612,8
Actipan,2023-09,8685,7916,16601,Benito Juarez,0.0,1.9630723821160991,1.0,0.0,4135.995638377992,434153,-0.12927060976752902,0.0,-0.1380719879957341,0.24409090427528107,-0.5658405528755973,-0.0984129233296055,9
Actipan,2023-12,9083,8178,17261,Benito Juarez,0.0,1.9630723821160991,2.0,2.0,4135.995638377992,434153,-0.13554192596045178,0.0,0.9484068100713118,0.24409090427528107,-0.5658405528755973,0.007099298380637706,12
Actipan,2024-02,11304,10095,21399,Benito Juarez,0.0,1.9630723821160991,0.0,0.0,4135.995638377992,434153,-0.19165689082412987,0.0,-0.8014359479829826,0.24409090427528107,-0.5658405528755973,-0.19594245985663078,14
Actipan,2024-07,12498,11468,23966,Benito Juarez,0.0,1.9630723821160991,0.0,0.0,4135.995638377992,434153,-0.18223666530069454,0.0,-0.6405475848094834,0.24409090427528107,-0.5658405528755973,-0.17514351077756318,19
Actipan,2024-12,10806,10008,20814,Benito Juarez,0.0,1.9630723821160991,0.0,0.0,4135.995638377992,434153,-0.2056530477499241,0.0,-1.0655610226354273,0.24409090427528107,-0.5658405528755973,-0.22935304578477234,24
Actipan,2025-01,11561,10649,22210,Benito Juarez,0.0,1.9630723821160991,2.0,1.0,4135.995638377992,434153,-0.21216891937743312,0.0,0.319576750636154,0.24409090427528107,-0.5658405528755973,-0.09409720427136875,25
Actipan,2025-04,10379,9452,19831,Benito Juarez,0.0,1.9630723821160991,1.0,1.0,4135.995638377992,434153,-0.23756349252195877,-0.15394759295997215,0.32458837199061674,0.24409090427528107,-0.5658405528755973,-0.12938546765218112,28
Actipan,2025-06,10024,9193,19217,Benito Juarez,0.0,1.9630723821160991,0.0,0.0,4135.995638377992,434153,-0.21988661455667524,0.0,-0.4173499241975349,0.24409090427528107,-0.5658405528755973,-0.17164871934435869,30
Actipan,2025-07,11132,9956,21088,Benito Juarez,0.0,1.9630723821160991,0.0,0.0,4135.995638377992,434153,-0.2049306813905501,0.0,-0.4173499241975349,0.24409090427528107,-0.5658405528755973,-0.1641707527612961,31
Actipan,2025-08,10187,8975,19162,Benito Juarez,0.0,1.9630723821160991,3.0,3.0,4135.995638377992,434153,-0.2306347873556035,0.0,1.325719033255323,0.24409090427528107,-0.5658405528755973,-0.0027159099985370055,32
Actipan,2025-11,11158,9752,20910,Benito Juarez,0.0,1.9630723821160991,1.0,0.0,4135.995638377992,434153,-0.19143155198690356,0.0,0.08481804013968136,0.24409090427528107,-0.5658405528755973,-0.10720439162575122,35
Actipan,2025-12,10269,9143,19412,Benito Juarez,0.0,1.9630723821160991,0.0,0.0,4135.995638377992,434153,-0.17845999304143778,0.0,-0.8021786763538865,0.24409090427528107,-0.5658405528755973,-0.18941828380237513,36
Actipan,2026-02,9519,8326,17845,Benito Juarez,0.0,1.9630723821160991,0.0,0.0,4135.995638377992,434153,-0.24292601402905423,0.0,0.0,0.24409090427528107,-0.5658405528755973,-0.14143342666079467,38
Actipan,2026-03,10362,9374,19736,Benito Juarez,0.0,1.9630723821160991,0.0,0.0,4135.995638377992,434153,-0.2347255421181563,0.0,0.0,0.24409090427528107,-0.5658405528755973,-0.13733319070534572,39
Actipan,2026-04,10013,8931,18944,Benito Juarez,0.0,1.9630723821160991,0.0,0.0,4135.995638377992,434153,-0.23570872348426056,-0.29804219930138437,0.0,0.24409090427528107,-0.5658405528755973,-0.1825311112836055,40
Actipan,2026-05,9796,8732,18528,Benito Juarez,0.0,1.9630723821160991,0.0,0.0,4135.995638377992,434153,-0.2485720165352884,0.0,0.0,0.24409090427528107,-0.5658405528755973,-0.1442564279139118,41
Actipan,2026-06,8842,7800,16642,Benito Juarez,0.0,1.9630723821160991,0.0,0.0,4135.995638377992,434153,-0.2527029692348389,0.0,0.0,0.24409090427528107,-0.5658405528755973,-0.14632190426368702,42
Agricola,2023-01,0,0,0,Alvaro Obregon,0.0,,0.0,0.0,,759137,-0.4578108992635074,0.0,-1.1031193422512973,0.0,0.0,-0.33921738385688344,1
Agricola,2023-02,0,0,0,Alvaro Obregon,0.0,,1.0,1.0,,759137,-0.4520498443994171,0.0,-0.6719131189631579,0.0,0.0,-0.2932162340960243,2
Agricola,2023-03,0,0,0,Alvaro Obregon,0.0,,0.0,0.0,,759137,-0.4596991731454731,0.0,-1.2638763846267447,0.0,0.0,-0.356237225035411,3
Agricola,2023-04,0,0,0,Alvaro Obregon,0.0,,1.0,1.0,,759137,-0.46674837447246836,0.0,-0.2331138553053197,0.0,0.0,-0.2566855727667662,4
Agricola,2023-05,0,0,0,Alvaro Obregon,0.0,,1.0,0.0,,759137,-0.4746345614744004,0.0,0.11557414688204855,0.0,0.0,-0.22575986604899534,5
Agricola,2023-06,0,0,0,Alvaro Obregon,0.0,,3.0,3.0,,759137,-0.48450335550919055,0.0,3.134015766471646,0.0,0.0,0.07114989889256934,6
Agricola,2023-07,0,0,0,Alvaro Obregon,0.0,,1.0,1.0,,759137,-0.48931710150558577,0.0,-0.4329444585468293,0.0,0.0,-0.2879529966074758,7
Agricola,2023-08,0,0,0,Alvaro Obregon,0.0,,0.0,0.0,,759137,-0.49578786605561137,0.0,-0.5755432216610669,0.0,0.0,-0.3054482551939124,8
Agricola,2023-09,0,0,0,Alvaro Obregon,0.0,,0.0,0.0,,759137,-0.5101350092220519,0.0,-0.8767571237729115,0.0,0.0,-0.3427432169883171,9
Agricola,2023-12,509,403,912,Alvaro Obregon,0.0,,0.0,0.0,,759137,-0.5248616192218154,0.0,-1.9101714625379942,0.0,0.0,-0.4534479558647071,12
Agricola,2024-02,864,718,1582,Alvaro Obregon,0.0,,0.0,0.0,,759137,-0.558077691323649,0.0,-0.8014359479829826,0.0,0.0,-0.35918244046012276,14
Agricola,2024-07,1040,913,1953,Alvaro Obregon,0.0,,1.0,1.0,,759137,-0.5771541709559789,0.0,0.7033463676339425,0.0,0.0,-0.2182424487145952,19
Agricola,2024-12,862,772,1634,Alvaro Obregon,0.0,,0.0,0.0,,759137,-0.5777755467339991,0.0,-1.0655610226354273,0.0,0.0,-0.3954438756305423,24
Agricola,2025-01,990,896,1886,Alvaro Obregon,0.0,,0.0,0.0,,759137,-0.583352644114557,0.0,-0.8202469932994618,0.0,0.0,-0.3737010213872247,25
Agricola,2025-04,841,746,1587,Alvaro Obregon,0.0,,1.0,1.0,,759137,-0.5854034284518912,-0.15394759295997215,0.32458837199061674,0.0,0.0,-0.28333501597087973,28
Agricola,2025-06,800,745,1545,Alvaro Obregon,0.0,,0.0,0.0,,759137,-0.5974163799688958,0.0,-0.4173499241975349,0.0,0.0,-0.3404431824042014,30
Agricola,2025-07,925,862,1787,Alvaro Obregon,0.0,,0.0,0.0,,759137,-0.5999807764347235,0.0,-0.4173499241975349,0.0,0.0,-0.3417253806371152,31
Agricola,2025-08,919,856,1775,Alvaro Obregon,0.0,,0.0,0.0,,759137,-0.5968772624396376,0.0,-0.8678676145537424,0.0,0.0,-0.385225392675193,32
Agricola,2025-11,971,809,1780,Alvaro Obregon,0.0,,0.0,0.0,,759137,-0.5978926780003645,0.0,-0.9235742148543081,0.0,0.0,-0.39130376048561305,35
Agricola,2025-12,922,786,1708,Alvaro Obregon,0.0,,0.0,0.0,,759137,-0.5942770493709122,0.0,-0.8021786763538865,0.0,0.0,-0.3773563923208447,36
Agricola,2026-02,858,823,1681,Alvaro Obregon,0.0,,0.0,0.0,,759137,-0.6089859108479461,0.0,0.0,0.0,0.0,-0.30449295542397303,38
Agricola,2026-03,919,828,1747,Alvaro Obregon,0.0,,0.0,0.0,,759137,-0.6128215949643856,0.0,0.0,0.0,0.0,-0.3064107974821928,39
Agricola,2026-04,801,747,1548,Alvaro Obregon,0.0,,0.0,0.0,,759137,-0.6133112121790737,-0.29804219930138437,0.0,0.0,0.0,-0.3513619359847445,40
Agricola,2026-05,817,829,1646,Alvaro Obregon,0.0,,0.0,0.0,,759137,-0.6083338182341405,0.0,0.0,0.0,0.0,-0.3041669091170702,41
Agricola,2026-06,706,716,1422,Alvaro Obregon,0.0,,0.0,0.0,,759137,-0.5935868964601223,0.0,0.0,0.0,0.0,-0.29679344823006115,42
Agricultura,2023-01,0,0,0,Miguel Hidalgo,0.0,0.1979709234141713,0.0,0.0,4693.484414269831,414470,-0.4578108992635074,0.0,-1.1031193422512973,0.7008733559875887,-0.5170298199483823,-0.2857893624535834,1
Agricultura,2023-02,0,0,0,Miguel Hidalgo,0.0,0.1979709234141713,1.0,1.0,4693.484414269831,414470,-0.4520498443994171,0.0,-0.6719131189631579,0.7008733559875887,-0.5170298199483823,-0.23978821269272424,2
Agricultura,2023-03,0,0,0,Miguel Hidalgo,0.0,0.1979709234141713,2.0,2.0,4693.484414269831,414470,-0.4596991731454731,0.0,-0.407960098835215,0.7008733559875887,-0.5170298199483823,-0.21721757505295797,3
Agricultura,2023-04,0,0,0,Miguel Hidalgo,0.0,0.1979709234141713,0.0,0.0,4693.484414269831,414470,-0.46674837447246836,0.0,-0.7638198663195582,0.7008733559875887,-0.5170298199483823,-0.25632815246488994,4
Agricultura,2023-05,0,1,1,Miguel Hidalgo,0.0,0.1979709234141713,0.0,0.0,4693.484414269831,414470,-0.474607694609133,0.0,-1.0086471000615145,0.7008733559875887,-0.5170298199483823,-0.2847405359074179,5
Agricultura,2023-06,2613,2773,5386,Miguel Hidalgo,0.0,0.1979709234141713,1.0,1.0,4693.484414269831,414470,-0.34627352310731074,0.0,0.2306418529438008,0.7008733559875887,-0.5170298199483823,-0.09664455485597523,6
Agricultura,2023-07,3345,3310,6655,Miguel Hidalgo,0.0,0.1979709234141713,1.0,1.0,4693.484414269831,414470,-0.31504722356433984,0.0,-0.4329444585468293,0.7008733559875887,-0.5170298199483823,-0.14739003623355276,7
Agricultura,2023-08,4719,4701,9420,Miguel Hidalgo,0.0,0.1979709234141713,1.0,1.0,4693.484414269831,414470,-0.2705183304063904,0.0,0.0,0.7008733559875887,-0.5170298199483823,-0.08183114379989512,8
Agricultura,2023-09,6051,6350,12401,Miguel Hidalgo,0.0,0.1979709234141713,0.0,0.0,4693.484414269831,414470,-0.22562808688993105,0.0,-0.8767571237729115,0.7008733559875887,-0.5170298199483823,-0.14706173441895662,9
Agricultura,2023-12,5115,4966,10081,Miguel Hidalgo,0.0,0.1979709234141713,1.0,1.0,4693.484414269831,414470,-0.30651968592232043,0.0,-0.48088232623334126,0.7008733559875887,-0.5170298199483823,-0.14792005418119428,12
Agricultura,2024-02,8440,8070,16510,Miguel Hidalgo,0.0,0.1979709234141713,1.0,1.0,4693.484414269831,414470,-0.2820556037293198,0.0,0.17303730695087127,0.7008733559875887,-0.5170298199483823,-0.07029604976627271,14
Agricultura,2024-07,7445,6874,14319,Miguel Hidalgo,0.0,0.1979709234141713,0.0,0.0,4693.484414269831,414470,-0.3553057234507208,0.0,-0.6405475848094834,0.7008733559875887,-0.5170298199483823,-0.18827959880300868,19
Agricultura,2024-12,8722,7300,16022,Miguel Hidalgo,0.0,0.1979709234141713,1.0,1.0,4693.484414269831,414470,-0.29862546772550735,0.0,0.35962684513945675,0.7008733559875887,-0.5170298199483823,-0.059922027945507925,24
Agricultura,2025-01,8256,7886,16142,Miguel Hidalgo,0.0,0.1979709234141713,0.0,0.0,4693.484414269831,414470,-0.3229907478415577,0.0,-0.8202469932994618,0.7008733559875887,-0.5170298199483823,-0.19009205184742495,25
Agricultura,2025-04,7571,6767,14338,Miguel Hidalgo,0.0,0.1979709234141713,0.0,0.0,4693.484414269831,414470,-0.342292979918534,-0.15394759295997215,-1.1225347864675495,0.7008733559875887,-0.5170298199483823,-0.2530640861467177,28
Agricultura,2025-06,9332,8184,17516,Miguel Hidalgo,0.0,0.1979709234141713,0.0,0.0,4693.484414269831,414470,-0.25622534989880896,0.0,-0.4173499241975349,0.7008733559875887,-0.5170298199483823,-0.11641964596585791,30
Agricultura,2025-07,8004,6823,14827,Miguel Hidalgo,0.0,0.1979709234141713,0.0,0.0,4693.484414269831,414470,-0.33307992987879265,0.0,-0.4173499241975349,0.7008733559875887,-0.5170298199483823,-0.15484693595584975,31
Agricultura,2025-08,8640,7812,16452,Miguel Hidalgo,0.0,0.1979709234141713,0.0,0.0,4693.484414269831,414470,-0.28771864929140223,0.0,-0.8678676145537424,0.7008733559875887,-0.5170298199483823,-0.17721806469777526,32
Agricultura,2025-11,9156,8635,17791,Miguel Hidalgo,0.0,0.1979709234141713,0.0,0.0,4693.484414269831,414470,-0.25770192585182694,0.0,-0.9235742148543081,0.7008733559875887,-0.5170298199483823,-0.16778036300804422,35
Agricultura,2025-12,7994,7202,15196,Miguel Hidalgo,0.0,0.1979709234141713,3.0,2.0,4693.484414269831,414470,-0.2774819490674807,0.0,0.9736789450916139,0.7008733559875887,-0.5170298199483823,0.012054941378721117,36
Agricultura,2026-02,9704,8898,18602,Miguel Hidalgo,0.0,0.1979709234141713,0.0,0.0,4693.484414269831,414470,-0.2257825259139898,0.0,0.0,0.7008733559875887,-0.5170298199483823,-0.05946324155369483,38
Agricultura,2026-03,9302,8108,17410,Miguel Hidalgo,0.0,0.1979709234141713,0.0,0.0,4693.484414269831,414470,-0.28361383045660365,0.0,0.0,0.7008733559875887,-0.5170298199483823,-0.08837889382500175,39
Agricultura,2026-04,8268,7341,15609,Miguel Hidalgo,0.0,0.1979709234141713,0.0,0.0,4693.484414269831,414470,-0.3080991753006092,-0.29804219930138437,0.0,0.7008733559875887,-0.5170298199483823,-0.14532789614221217,40
Agricultura,2026-05,8831,7885,16716,Miguel Hidalgo,0.0,0.1979709234141713,0.0,0.0,4693.484414269831,414470,-0.2871864215037945,0.0,0.0,0.7008733559875887,-0.5170298199483823,-0.09016518934859716,41
Agricultura,2026-06,7875,7188,15063,Miguel Hidalgo,0.0,0.1979709234141713,0.0,0.0,4693.484414269831,414470,-0.28806799690164064,0.0,0.0,0.7008733559875887,-0.5170298199483823,-0.09060597704752024,42
Alamos,2023-01,0,0,0,Benito Juarez,0.0,4.0865002385792435,1.0,1.0,21647.84917904753,434153,-0.4578108992635074,0.0,0.3363168726375907,-0.3054211804423597,0.9674036005456428,-0.1443465793797843,1
Alamos,2023-02,0,0,0,Benito Juarez,0.0,4.0865002385792435,3.0,2.0,21647.84917904753,434153,-0.4520498443994171,0.0,1.195481783090294,-0.3054211804423597,0.9674036005456428,-0.055549560902468806,2
Alamos,2023-03,0,0,0,Benito Juarez,0.0,4.0865002385792435,6.0,4.0,21647.84917904753,434153,-0.4596991731454731,0.0,1.3038724727478443,-0.3054211804423597,0.9674036005456428,-0.04853515630974177,3
Alamos,2023-04,0,0,0,Benito Juarez,0.0,4.0865002385792435,4.0,1.0,21647.84917904753,434153,-0.46674837447246836,0.0,1.3590041777373958,-0.3054211804423597,0.9674036005456428,-0.04654658647428424,4
Alamos,2023-05,0,0,0,Benito Juarez,0.0,4.0865002385792435,2.0,2.0,21647.84917904753,434153,-0.4746345614744004,0.0,1.2397953938256114,-0.3054211804423597,0.9674036005456428,-0.06241055836642874,5
Alamos,2023-06,0,0,0,Benito Juarez,0.0,4.0865002385792435,1.0,1.0,21647.84917904753,434153,-0.48450335550919055,0.0,0.2306418529438008,-0.3054211804423597,0.9674036005456428,-0.16826030947200488,6
Alamos,2023-07,0,0,0,Benito Juarez,0.0,4.0865002385792435,1.0,1.0,21647.84917904753,434153,-0.48931710150558577,0.0,-0.4329444585468293,-0.3054211804423597,0.9674036005456428,-0.2370258136192655,7
Alamos,2023-08,0,0,0,Benito Juarez,0.0,4.0865002385792435,0.0,0.0,21647.84917904753,434153,-0.49578786605561137,0.0,-0.5755432216610669,-0.3054211804423597,0.9674036005456428,-0.254521072205702,8
Alamos,2023-09,979,1066,2045,Benito Juarez,0.0,4.0865002385792435,1.0,0.0,21647.84917904753,434153,-0.4632180947660252,0.0,-0.1380719879957341,-0.3054211804423597,0.9674036005456428,-0.1944890631943757,9
Alamos,2023-12,5678,6191,11869,Benito Juarez,0.0,4.0865002385792435,2.0,2.0,21647.84917904753,434153,-0.26394193734128685,0.0,0.9484068100713118,-0.3054211804423597,0.9674036005456428,0.013796895324698077,12
Alamos,2024-02,11389,12694,24083,Benito Juarez,0.0,4.0865002385792435,0.0,0.0,21647.84917904753,434153,-0.14202912534294154,0.0,-0.8014359479829826,-0.3054211804423597,0.9674036005456428,-0.1002309744815587,14
Alamos,2024-07,14401,15556,29957,Benito Juarez,0.0,4.0865002385792435,0.0,0.0,21647.84917904753,434153,-0.07475695892805982,0.0,-0.6405475848094834,-0.3054211804423597,0.9674036005456428,-0.05050605495676792,19
Alamos,2024-12,13001,14240,27241,Benito Juarez,0.0,4.0865002385792435,0.0,0.0,21647.84917904753,434153,-0.0809590278870122,0.0,-1.0655610226354273,-0.3054211804423597,0.9674036005456428,-0.09610843321883851,24
Alamos,2025-01,14188,15733,29921,Benito Juarez,0.0,4.0865002385792435,2.0,1.0,21647.84917904753,434153,-0.07134045542112719,0.0,0.319576750636154,-0.3054211804423597,0.9674036005456428,0.047214630341262144,25
Alamos,2025-04,13181,14875,28056,Benito Juarez,0.0,4.0865002385792435,1.0,1.0,21647.84917904753,434153,-0.08074571829351689,-0.15394759295997215,0.32458837199061674,-0.3054211804423597,0.9674036005456428,0.019921022096517735,28
Alamos,2025-06,12450,13264,25714,Benito Juarez,0.0,4.0865002385792435,0.0,0.0,21647.84917904753,434153,-0.08109016334101221,0.0,-0.4173499241975349,-0.3054211804423597,0.9674036005456428,-0.03135289110204929,30
Alamos,2025-07,14044,14810,28854,Benito Juarez,0.0,4.0865002385792435,0.0,0.0,21647.84917904753,434153,-0.045977309124188216,0.0,-0.4173499241975349,-0.3054211804423597,0.9674036005456428,-0.013796463993637278,31
Alamos,2025-08,13879,14711,28590,Benito Juarez,0.0,4.0865002385792435,3.0,3.0,21647.84917904753,434153,-0.03204192745497239,0.0,1.325719033255323,-0.3054211804423597,0.9674036005456428,0.16747812258625644,32
Alamos,2025-11,13379,13954,27333,Benito Juarez,0.0,4.0865002385792435,1.0,0.0,21647.84917904753,434153,-0.0549600510781498,0.0,0.08481804013968136,-0.3054211804423597,0.9674036005456428,0.031928961463103575,35
Alamos,2025-12,12560,12862,25422,Benito Juarez,0.0,4.0865002385792435,0.0,0.0,21647.84917904753,434153,-0.037302033905641255,0.0,-0.8021786763538865,-0.3054211804423597,0.9674036005456428,-0.047941701599998957,36
Alamos,2026-02,13808,14411,28219,Benito Juarez,0.0,4.0865002385792435,0.0,0.0,21647.84917904753,434153,-0.00799002234387827,0.0,0.0,-0.3054211804423597,0.9674036005456428,0.04693217181627119,38
Alamos,2026-03,15124,15707,30831,Benito Juarez,0.0,4.0865002385792435,0.0,0.0,21647.84917904753,434153,-0.0015288271073767073,0.0,0.0,-0.3054211804423597,0.9674036005456428,0.05016276943452198,39
Alamos,2026-04,15025,15483,30508,Benito Juarez,0.0,4.0865002385792435,0.0,0.0,21647.84917904753,434153,0.015302726232158097,-0.29804219930138437,0.0,-0.3054211804423597,0.9674036005456428,0.01387221620908173,40
Alamos,2026-05,15957,16005,31962,Benito Juarez,0.0,4.0865002385792435,0.0,0.0,21647.84917904753,434153,0.037711601757708754,0.0,0.0,-0.3054211804423597,0.9674036005456428,0.0697829838670647,41
Alamos,2026-06,15036,15288,30324,Benito Juarez,0.0,4.0865002385792435,0.0,0.0,21647.84917904753,434153,0.05373421159934821,0.0,0.0,-0.3054211804423597,0.9674036005456428,0.07779428878788443,42
Algarin,2023-01,0,0,0,Cuauhtemoc,0.0,1.3106186856425484,2.0,1.0,6026.38004158699,545884,-0.4578108992635074,0.0,1.7757530875264789,0.4129363820435222,-0.40032861393620395,-0.029422544966197874,1
Algarin,2023-02,0,0,0,Cuauhtemoc,0.0,1.3106186856425484,2.0,2.0,6026.38004158699,545884,-0.4520498443994171,0.0,0.26178433206356805,0.4129363820435222,-0.40032861393620395,-0.1779388930804438,2
Algarin,2023-03,0,0,0,Cuauhtemoc,0.0,1.3106186856425484,2.0,2.0,6026.38004158699,545884,-0.4596991731454731,0.0,-0.407960098835215,0.4129363820435222,-0.40032861393620395,-0.2487380005433501,3
Algarin,2023-04,0,0,0,Cuauhtemoc,0.0,1.3106186856425484,0.0,0.0,6026.38004158699,545884,-0.46674837447246836,0.0,-0.7638198663195582,0.4129363820435222,-0.40032861393620395,-0.28784857795528207,4
Algarin,2023-05,0,0,0,Cuauhtemoc,0.0,1.3106186856425484,1.0,1.0,6026.38004158699,545884,-0.4746345614744004,0.0,0.11557414688204855,0.4129363820435222,-0.40032861393620395,-0.20385227013608742,5
Algarin,2023-06,0,0,0,Cuauhtemoc,0.0,1.3106186856425484,0.0,0.0,6026.38004158699,545884,-0.48450335550919055,0.0,-1.2210451038201218,0.4129363820435222,-0.40032861393620395,-0.34244859222369955,6
Algarin,2023-07,0,0,0,Cuauhtemoc,0.0,1.3106186856425484,4.0,2.0,6026.38004158699,545884,-0.48931710150558577,0.0,2.189228582840571,0.4129363820435222,-0.40032861393620395,-0.003828096555827838,7
Algarin,2023-08,0,0,0,Cuauhtemoc,0.0,1.3106186856425484,5.0,4.0,6026.38004158699,545884,-0.49578786605561137,0.0,2.3021728866442674,0.4129363820435222,-0.40032861393620395,0.004230951549529009,8
Algarin,2023-09,0,0,0,Cuauhtemoc,0.0,1.3106186856425484,4.0,2.0,6026.38004158699,545884,-0.5101350092220519,0.0,2.077983419335798,0.4129363820435222,-0.40032861393620395,-0.02536156676453822,9
Algarin,2023-12,2775,2993,5768,Cuauhtemoc,0.0,1.3106186856425484,1.0,0.0,6026.38004158699,545884,-0.40922540719189415,0.0,-0.48088232623334126,0.4129363820435222,-0.40032861393620395,-0.23079334030637327,12
Algarin,2024-02,5633,5813,11446,Cuauhtemoc,0.0,1.3106186856425484,3.0,1.0,6026.38004158699,545884,-0.3756901061126051,0.0,2.1219838168185787,0.4129363820435222,-0.40032861393620395,0.04626092453846325,14
Algarin,2024-07,6243,6631,12874,Cuauhtemoc,0.0,1.3106186856425484,2.0,0.0,6026.38004158699,545884,-0.38122930477411543,0.0,2.0472403200773686,0.4129363820435222,-0.40032861393620395,0.03601697553358706,19
Algarin,2024-12,6163,6597,12760,Cuauhtemoc,0.0,1.3106186856425484,2.0,0.0,6026.38004158699,545884,-0.36191345477900333,0.0,1.7848147129143406,0.4129363820435222,-0.40032861393620395,0.019432339814840334,24
Algarin,2025-01,6446,6943,13389,Cuauhtemoc,0.0,1.3106186856425484,5.0,3.0,6026.38004158699,545884,-0.373269669028396,0.0,2.029312366539578,0.4129363820435222,-0.40032861393620395,0.03820399805266773,25
Algarin,2025-04,5845,6574,12419,Cuauhtemoc,0.0,1.3106186856425484,2.0,2.0,6026.38004158699,545884,-0.37888061624003916,-0.15394759295997215,1.771711530448783,0.4129363820435222,-0.40032861393620395,-0.013453698106229157,28
Algarin,2025-06,5730,6328,12058,Cuauhtemoc,0.0,1.3106186856425484,1.0,0.0,6026.38004158699,545884,-0.3728254777632216,0.0,2.3736776938734803,0.4129363820435222,-0.40032861393620395,0.07286262641864516,30
Algarin,2025-07,6589,6952,13541,Cuauhtemoc,0.0,1.3106186856425484,1.0,1.0,6026.38004158699,545884,-0.35940159312042813,0.0,2.3736776938734803,0.4129363820435222,-0.40032861393620395,0.0795745687400419,31
Algarin,2025-08,6612,7024,13636,Cuauhtemoc,0.0,1.3106186856425484,1.0,1.0,6026.38004158699,545884,-0.3470353117309628,0.0,-0.13667206528405393,0.4129363820435222,-0.40032861393620395,-0.16527726648097887,32
Algarin,2025-11,5918,6445,12363,Cuauhtemoc,0.0,1.3106186856425484,3.0,1.0,6026.38004158699,545884,-0.37303234885240544,0.0,2.1016025501276605,0.4129363820435222,-0.40032861393620395,0.04555167649947126,35
Algarin,2025-12,5542,6066,11608,Cuauhtemoc,0.0,1.3106186856425484,4.0,3.0,6026.38004158699,545884,-0.36175395528698784,0.0,1.5656314855734474,0.4129363820435222,-0.40032861393620395,-0.0024062331732412276,36
Algarin,2026-02,5867,6293,12160,Cuauhtemoc,0.0,1.3106186856425484,0.0,0.0,6026.38004158699,545884,-0.37167202451008613,0.0,0.0,0.4129363820435222,-0.40032861393620395,-0.16392841634213515,38
Algarin,2026-03,6622,7034,13656,Cuauhtemoc,0.0,1.3106186856425484,0.0,0.0,6026.38004158699,545884,-0.36251608085322073,0.0,0.0,0.4129363820435222,-0.40032861393620395,-0.15935044451370245,39
Algarin,2026-04,6639,6979,13618,Cuauhtemoc,1.0,1.3106186856425484,0.0,0.0,6026.38004158699,545884,-0.3513163835663814,0.5411818882051453,0.0,0.4129363820435222,-0.40032861393620395,-0.07257331263951097,40
Algarin,2026-05,6897,7035,13932,Cuauhtemoc,0.0,1.3106186856425484,0.0,0.0,6026.38004158699,545884,-0.3465145139057376,0.0,0.0,0.4129363820435222,-0.40032861393620395,-0.1513496610399609,41
Algarin,2026-06,6892,7118,14010,Cuauhtemoc,0.0,1.3106186856425484,0.0,0.0,6026.38004158699,545884,-0.3116521477142703,0.0,0.0,0.4129363820435222,-0.40032861393620395,-0.13391847794422723,42
Americas Unidas,2023-01,0,0,0,Benito Juarez,0.0,,1.0,1.0,,434153,-0.4578108992635074,0.0,0.3363168726375907,0.0,0.0,-0.19527376236799462,1
Americas Unidas,2023-02,0,0,0,Benito Juarez,0.0,,3.0,2.0,,434153,-0.4520498443994171,0.0,1.195481783090294,0.0,0.0,-0.10647674389067914,2
Americas Unidas,2023-03,0,0,0,Benito Juarez,0.0,,6.0,4.0,,434153,-0.4596991731454731,0.0,1.3038724727478443,0.0,0.0,-0.09946233929795212,3
Americas Unidas,2023-04,0,0,0,Benito Juarez,0.0,,4.0,1.0,,434153,-0.46674837447246836,0.0,1.3590041777373958,0.0,0.0,-0.09747376946249459,4
Americas Unidas,2023-05,0,0,0,Benito Juarez,0.0,,2.0,2.0,,434153,-0.4746345614744004,0.0,1.2397953938256114,0.0,0.0,-0.11333774135463906,5
Americas Unidas,2023-06,0,0,0,Benito Juarez,0.0,,1.0,1.0,,434153,-0.48450335550919055,0.0,0.2306418529438008,0.0,0.0,-0.21918749246021518,6
Americas Unidas,2023-07,0,0,0,Benito Juarez,0.0,,1.0,1.0,,434153,-0.48931710150558577,0.0,-0.4329444585468293,0.0,0.0,-0.2879529966074758,7
Americas Unidas,2023-08,0,0,0,Benito Juarez,0.0,,0.0,0.0,,434153,-0.49578786605561137,0.0,-0.5755432216610669,0.0,0.0,-0.3054482551939124,8
Americas Unidas,2023-09,394,459,853,Benito Juarez,0.0,,1.0,0.0,,434153,-0.49056526446362125,0.0,-0.1380719879957341,0.0,0.0,-0.25908983103138405,9
Americas Unidas,2023-12,2347,2480,4827,Benito Juarez,0.0,,2.0,2.0,,434153,-0.431633495231465,0.0,0.9484068100713118,0.0,0.0,-0.12097606660860132,12
Americas Unidas,2024-02,4428,4817,9245,Benito Juarez,0.0,,0.0,0.0,,434153,-0.4163870926342503,0.0,-0.8014359479829826,0.0,0.0,-0.2883371411154234,14
Americas Unidas,2024-07,5942,6228,12170,Benito Juarez,0.0,,0.0,0.0,,434153,-0.39385920183409456,0.0,-0.6405475848094834,0.0,0.0,-0.26098435939799564,19
Americas Unidas,2024-12,5743,6025,11768,Benito Juarez,0.0,,0.0,0.0,,434153,-0.3811598322029972,0.0,-1.0655610226354273,0.0,0.0,-0.29713601836504133,24
Americas Unidas,2025-01,6120,6582,12702,Benito Juarez,0.0,,2.0,1.0,,434153,-0.3858165701745485,0.0,0.319576750636154,0.0,0.0,-0.16095061002365885,25
Americas Unidas,2025-04,5853,6220,12073,Benito Juarez,0.0,,1.0,1.0,,434153,-0.3854774490525669,-0.15394759295997215,0.32458837199061674,0.0,0.0,-0.1833720262712176,28
Americas Unidas,2025-06,5206,5220,10426,Benito Juarez,0.0,,0.0,0.0,,434153,-0.4076901550579672,0.0,-0.4173499241975349,0.0,0.0,-0.2455800699487371,30
Americas Unidas,2025-07,5925,5946,11871,Benito Juarez,0.0,,0.0,0.0,,434153,-0.3935829131931586,0.0,-0.4173499241975349,0.0,0.0,-0.2385264490163328,31
Americas Unidas,2025-08,5698,5804,11502,Benito Juarez,0.0,,3.0,3.0,,434153,-0.3919862199859423,0.0,1.325719033255323,0.0,0.0,-0.06342120666743883,32
Americas Unidas,2025-11,5548,5733,11281,Benito Juarez,0.0,,1.0,0.0,,434153,-0.396021943120391,0.0,0.08481804013968136,0.0,0.0,-0.18952916754622737,35
Americas Unidas,2025-12,5235,5309,10544,Benito Juarez,0.0,,0.0,0.0,,434153,-0.3867443161057046,0.0,-0.8021786763538865,0.0,0.0,-0.273590025688241,36
Americas Unidas,2026-02,5510,5793,11303,Benito Juarez,0.0,,0.0,0.0,,434153,-0.39108017419913527,0.0,0.0,0.0,0.0,-0.19554008709956763,38
Americas Unidas,2026-03,5864,6237,12101,Benito Juarez,0.0,,0.0,0.0,,434153,-0.395199351861942,0.0,0.0,0.0,0.0,-0.197599675930971,39
Americas Unidas,2026-04,5929,6346,12275,Benito Juarez,0.0,,0.0,0.0,,434153,-0.3804679208345542,-0.29804219930138437,0.0,0.0,0.0,-0.23494029031248476,40
Americas Unidas,2026-05,7233,7460,14693,Benito Juarez,0.0,,0.0,0.0,,434153,-0.33029731623408576,0.0,0.0,0.0,0.0,-0.16514865811704288,41
Americas Unidas,2026-06,6150,6433,12583,Benito Juarez,0.0,,0.0,0.0,,434153,-0.3436128155296763,0.0,0.0,0.0,0.0,-0.17180640776483816,42
Ampliacion Granada,2023-01,2925,2912,5837,Miguel Hidalgo,0.0,,0.0,0.0,,414470,-0.21401978785510928,0.0,-1.1031193422512973,0.0,0.0,-0.21732182815268436,1
Ampliacion Granada,2023-02,2204,2196,4400,Miguel Hidalgo,0.0,,1.0,1.0,,414470,-0.2920210104622274,0.0,-0.6719131189631579,0.0,0.0,-0.21320181712742947,2
Ampliacion Granada,2023-03,2687,2628,5315,Miguel Hidalgo,0.0,,2.0,2.0,,414470,-0.29990116403209494,0.0,-0.407960098835215,0.0,0.0,-0.19074659189956897,3
Ampliacion Granada,2023-04,2486,2389,4875,Miguel Hidalgo,0.0,,0.0,0.0,,414470,-0.3171242539250224,0.0,-0.7638198663195582,0.0,0.0,-0.23494411359446704,4
Ampliacion Granada,2023-05,2919,2878,5797,Miguel Hidalgo,0.0,,0.0,0.0,,414470,-0.318887343518976,0.0,-1.0086471000615145,0.0,0.0,-0.2603083817656395,5
Ampliacion Granada,2023-06,3016,2909,5925,Miguel Hidalgo,0.0,,1.0,1.0,,414470,-0.3324402740050803,0.0,0.2306418529438008,0.0,0.0,-0.14315595170816006,6
Ampliacion Granada,2023-07,3170,3087,6257,Miguel Hidalgo,0.0,,1.0,1.0,,414470,-0.325469374040766,0.0,-0.4329444585468293,0.0,0.0,-0.2060291328750659,7
Ampliacion Granada,2023-08,3454,3434,6888,Miguel Hidalgo,0.0,,1.0,1.0,,414470,-0.3310684858484103,0.0,0.0,0.0,0.0,-0.16553424292420515,8
Ampliacion Granada,2023-09,3417,3411,6828,Miguel Hidalgo,0.0,,0.0,0.0,,414470,-0.3534852821287755,0.0,-0.8767571237729115,0.0,0.0,-0.2644183534416789,9
Ampliacion Granada,2023-12,4292,4238,8530,Miguel Hidalgo,0.0,,1.0,1.0,,414470,-0.34345373964110293,0.0,-0.48088232623334126,0.0,0.0,-0.21981510244388558,12
Ampliacion Granada,2024-02,9938,9679,19617,Miguel Hidalgo,0.0,,1.0,1.0,,414470,-0.22460647282393525,0.0,0.17303730695087127,0.0,0.0,-0.0949995057168805,14
Ampliacion Granada,2024-07,11777,11280,23057,Miguel Hidalgo,0.0,,0.0,0.0,,414470,-0.19854430227160508,0.0,-0.6405475848094834,0.0,0.0,-0.1633269096167509,19
Ampliacion Granada,2024-12,10323,10465,20788,Miguel Hidalgo,0.0,,1.0,1.0,,414470,-0.20615748909369813,0.0,0.35962684513945675,0.0,0.0,-0.06711606003290338,24
Ampliacion Granada,2025-01,10651,11027,21678,Miguel Hidalgo,0.0,,0.0,0.0,,414470,-0.22188500585451196,0.0,-0.8202469932994618,0.0,0.0,-0.19296720225720215,25
Ampliacion Granada,2025-04,9988,9994,19982,Miguel Hidalgo,0.0,,0.0,0.0,,414470,-0.23468452791302324,-0.15394759295997215,-1.1225347864675495,0.0,0.0,-0.2526878815472624,28
Ampliacion Granada,2025-06,9908,10218,20126,Miguel Hidalgo,0.0,,0.0,0.0,,414470,-0.20046750201934452,0.0,-0.4173499241975349,0.0,0.0,-0.14196874342942575,30
Ampliacion Granada,2025-07,10721,10711,21432,Miguel Hidalgo,0.0,,0.0,0.0,,414470,-0.19788973881269425,0.0,-0.4173499241975349,0.0,0.0,-0.14067986182610062,31
Ampliacion Granada,2025-08,10084,10305,20389,Miguel Hidalgo,0.0,,0.0,0.0,,414470,-0.20478906831677507,0.0,-0.8678676145537424,0.0,0.0,-0.1891812956137618,32
Ampliacion Granada,2025-11,10277,10540,20817,Miguel Hidalgo,0.0,,0.0,0.0,,414470,-0.19340755223359735,0.0,-0.9235742148543081,0.0,0.0,-0.1890611976022295,35
Ampliacion Granada,2025-12,9483,9525,19008,Miguel Hidalgo,0.0,,3.0,2.0,,414470,-0.18794881425455953,0.0,0.9736789450916139,0.0,0.0,0.003393487381881624,36
Ampliacion Granada,2026-02,9960,9797,19757,Miguel Hidalgo,0.0,,0.0,0.0,,414470,-0.19962568473446618,0.0,0.0,0.0,0.0,-0.09981284236723309,38
Ampliacion Granada,2026-03,10604,10852,21456,Miguel Hidalgo,0.0,,0.0,0.0,,414470,-0.1985742712917894,0.0,0.0,0.0,0.0,-0.0992871356458947,39
Ampliacion Granada,2026-04,10314,10267,20581,Miguel Hidalgo,0.0,,0.0,0.0,,414470,-0.20017553918939915,-0.29804219930138437,0.0,0.0,0.0,-0.14479409948990724,40
Ampliacion Granada,2026-05,10587,10819,21406,Miguel Hidalgo,0.0,,0.0,0.0,,414470,-0.18724074859965897,0.0,0.0,0.0,0.0,-0.09362037429982949,41
Ampliacion Granada,2026-06,9028,9605,18633,Miguel Hidalgo,0.0,,0.0,0.0,,414470,-0.20811033460241188,0.0,0.0,0.0,0.0,-0.10405516730120594,42
Ampliacion Napoles,2023-01,1711,1215,2926,Benito Juarez,0.0,,1.0,1.0,,434153,-0.3356020947438958,0.0,0.3363168726375907,0.0,0.0,-0.13416936010818883,1
Ampliacion Napoles,2023-02,1754,1180,2934,Benito Juarez,0.0,,3.0,2.0,,434153,-0.3453397083149365,0.0,1.195481783090294,0.0,0.0,-0.05312167584843884,2
Ampliacion Napoles,2023-03,2329,1845,4174,Benito Juarez,0.0,,6.0,4.0,,434153,-0.3342058730440167,0.0,1.3038724727478443,0.0,0.0,-0.03671568924722393,3
Ampliacion Napoles,2023-04,3124,2768,5892,Benito Juarez,0.0,,4.0,1.0,,434153,-0.2859103604692783,0.0,1.3590041777373958,0.0,0.0,-0.007054762460899561,4
Ampliacion Napoles,2023-05,3778,3355,7133,Benito Juarez,0.0,,2.0,2.0,,434153,-0.28299321152165896,0.0,1.2397953938256114,0.0,0.0,-0.01751706637826833,5
Ampliacion Napoles,2023-06,4844,4491,9335,Benito Juarez,0.0,,1.0,1.0,,434153,-0.24492380009301012,0.0,0.2306418529438008,0.0,0.0,-0.09939771475212499,6
Ampliacion Napoles,2023-07,5140,4575,9715,Benito Juarez,0.0,,1.0,1.0,,434153,-0.23491712191141537,0.0,-0.4329444585468293,0.0,0.0,-0.16075300681039062,7
Ampliacion Napoles,2023-08,5802,5266,11068,Benito Juarez,0.0,,0.0,0.0,,434153,-0.23110811864949907,0.0,-0.5755432216610669,0.0,0.0,-0.17310838149085622,8
Ampliacion Napoles,2023-09,5497,5331,10828,Benito Juarez,0.0,,1.0,0.0,,434153,-0.2617162562979164,0.0,-0.1380719879957341,0.0,0.0,-0.1446653269485316,9
Ampliacion Napoles,2023-12,5389,5136,10525,Benito Juarez,0.0,,2.0,2.0,,434153,-0.29594668795253354,0.0,0.9484068100713118,0.0,0.0,-0.05313266296913559,12
Ampliacion Napoles,2024-02,7466,7218,14684,Benito Juarez,0.0,,0.0,0.0,,434153,-0.3158187556550463,0.0,-0.8014359479829826,0.0,0.0,-0.23805297262582142,14
Ampliacion Napoles,2024-07,7999,7537,15536,Benito Juarez,0.0,,0.0,0.0,,434153,-0.3334725065160694,0.0,-0.6405475848094834,0.0,0.0,-0.23079101173898303,19
Ampliacion Napoles,2024-12,7117,6847,13964,Benito Juarez,0.0,,0.0,0.0,,434153,-0.3385539402442366,0.0,-1.0655610226354273,0.0,0.0,-0.275833072385661,24
Ampliacion Napoles,2025-01,7750,7428,15178,Benito Juarez,0.0,,2.0,1.0,,434153,-0.3405965887511516,0.0,0.319576750636154,0.0,0.0,-0.1383406193119604,25
Ampliacion Napoles,2025-04,7387,7411,14798,Benito Juarez,0.0,,1.0,1.0,,434153,-0.33352262415621386,-0.15394759295997215,0.32458837199061674,0.0,0.0,-0.15739461382304107,28
Ampliacion Napoles,2025-06,6501,6416,12917,Benito Juarez,0.0,,0.0,0.0,,434153,-0.3544745232312446,0.0,-0.4173499241975349,0.0,0.0,-0.2189722540353758,30
Ampliacion Napoles,2025-07,6876,6934,13810,Benito Juarez,0.0,,0.0,0.0,,434153,-0.3538957397673955,0.0,-0.4173499241975349,0.0,0.0,-0.21868286230345124,31
Ampliacion Napoles,2025-08,6751,6914,13665,Benito Juarez,0.0,,3.0,3.0,,434153,-0.34642445121578264,0.0,1.325719033255323,0.0,0.0,-0.040640322282359004,32
Ampliacion Napoles,2025-11,6541,6422,12963,Benito Juarez,0.0,,1.0,0.0,,434153,-0.3602839601640585,0.0,0.08481804013968136,0.0,0.0,-0.1716601760680611,35
Ampliacion Napoles,2025-12,6234,6017,12251,Benito Juarez,0.0,,0.0,0.0,,434153,-0.34665169776214305,0.0,-0.8021786763538865,0.0,0.0,-0.2535437165164602,36
Ampliacion Napoles,2026-02,6000,6207,12207,Benito Juarez,0.0,,0.0,0.0,,434153,-0.37060763357031334,0.0,0.0,0.0,0.0,-0.18530381678515667,38
Ampliacion Napoles,2026-03,6833,7003,13836,Benito Juarez,0.0,,0.0,0.0,,434153,-0.35873280832488,0.0,0.0,0.0,0.0,-0.17936640416244,39
Ampliacion Napoles,2026-04,6440,6489,12929,Benito Juarez,0.0,,0.0,0.0,,434153,-0.36627201214253263,-0.29804219930138437,0.0,0.0,0.0,-0.22784233596647396,40
Ampliacion Napoles,2026-05,6577,6662,13239,Benito Juarez,0.0,,0.0,0.0,,434153,-0.3612826058721696,0.0,0.0,0.0,0.0,-0.1806413029360848,41
Ampliacion Napoles,2026-06,5675,5972,11647,Benito Juarez,0.0,,0.0,0.0,,434153,-0.3645765051409027,0.0,0.0,0.0,0.0,-0.18228825257045134,42
Anahuac,2023-01,0,0,0,Miguel Hidalgo,0.0,3.870025444174845,0.0,0.0,36655.77548536034,414470,-0.4578108992635074,0.0,-1.1031193422512973,-0.24940066851400997,2.2814172890847004,-0.14848575522551488,1
Anahuac,2023-02,0,0,0,Miguel Hidalgo,0.0,3.870025444174845,1.0,1.0,36655.77548536034,414470,-0.4520498443994171,0.0,-0.6719131189631579,-0.24940066851400997,2.2814172890847004,-0.10248460546465576,2
Anahuac,2023-03,0,0,0,Miguel Hidalgo,0.0,3.870025444174845,2.0,2.0,36655.77548536034,414470,-0.4596991731454731,0.0,-0.407960098835215,-0.24940066851400997,2.2814172890847004,-0.07991396782488946,3
Anahuac,2023-04,0,0,0,Miguel Hidalgo,0.0,3.870025444174845,0.0,0.0,36655.77548536034,414470,-0.46674837447246836,0.0,-0.7638198663195582,-0.24940066851400997,2.2814172890847004,-0.11902454523682143,4
Anahuac,2023-05,169,139,308,Miguel Hidalgo,0.0,3.870025444174845,0.0,0.0,36655.77548536034,414470,-0.46635956697202496,0.0,-1.0086471000615145,-0.24940066851400997,2.2814172890847004,-0.14331286486079536,5
Anahuac,2023-06,3552,3386,6938,Miguel Hidalgo,0.0,3.870025444174845,1.0,1.0,36655.77548536034,414470,-0.306441978382521,0.0,0.2306418529438008,-0.24940066851400997,2.2814172890847004,0.060574824734488164,6
Anahuac,2023-07,5086,4888,9974,Miguel Hidalgo,0.0,3.870025444174845,1.0,1.0,36655.77548536034,414470,-0.22813486820941947,0.0,-0.4329444585468293,-0.24940066851400997,2.2814172890847004,0.033369748671975924,7
Anahuac,2023-08,6624,6287,12911,Miguel Hidalgo,0.0,3.870025444174845,1.0,1.0,36655.77548536034,414470,-0.18703468402088821,0.0,0.0,-0.24940066851400997,2.2814172890847004,0.09721428662092446,8
Anahuac,2023-09,8131,7481,15612,Miguel Hidalgo,0.0,3.870025444174845,0.0,0.0,36655.77548536034,414470,-0.15196050140420891,0.0,-0.8767571237729115,-0.24940066851400997,2.2814172890847004,0.02707566555197294,9
Anahuac,2023-12,9942,8796,18738,Miguel Hidalgo,0.0,3.870025444174845,1.0,1.0,36655.77548536034,414470,-0.1003700385699671,0.0,-0.48088232623334126,-0.24940066851400997,2.2814172890847004,0.0924583767230509,12
Anahuac,2024-02,17091,16319,33410,Miguel Hidalgo,0.0,3.870025444174845,1.0,1.0,36655.77548536034,414470,0.030429208726746877,0.0,0.17303730695087127,-0.24940066851400997,2.2814172890847004,0.22324996368982913,14
Anahuac,2024-07,21060,20195,41255,Miguel Hidalgo,0.0,3.870025444174845,0.0,0.0,36655.77548536034,414470,0.12793136065097996,0.0,-0.6405475848094834,-0.24940066851400997,2.2814172890847004,0.19064255047591022,19
Anahuac,2024-12,20989,18685,39674,Miguel Hidalgo,0.0,3.870025444174845,1.0,1.0,36655.77548536034,414470,0.16026094238770125,0.0,0.35962684513945675,-0.24940066851400997,2.2814172890847004,0.3068247843391649,24
Anahuac,2025-01,22372,20380,42752,Miguel Hidalgo,0.0,3.870025444174845,0.0,0.0,36655.77548536034,414470,0.16299620921683955,0.0,-0.8202469932994618,-0.24940066851400997,2.2814172890847004,0.19020503390984217,25
Anahuac,2025-04,20552,19277,39829,Miguel Hidalgo,0.0,3.870025444174845,0.0,0.0,36655.77548536034,414470,0.1437181912495161,-0.15394759295997215,-1.1225347864675495,-0.24940066851400997,2.2814172890847004,0.12724510666537586,28
Anahuac,2025-06,20254,18394,38648,Miguel Hidalgo,0.0,3.870025444174845,0.0,0.0,36655.77548536034,414470,0.1952209494838894,0.0,-0.4173499241975349,-0.24940066851400997,2.2814172890847004,0.24660711095355978,30
Anahuac,2025-07,20997,19401,40398,Miguel Hidalgo,0.0,3.870025444174845,0.0,0.0,36655.77548536034,414470,0.19030362436060208,0.0,-0.4173499241975349,-0.24940066851400997,2.2814172890847004,0.24414844839191613,31
Anahuac,2025-08,20442,18727,39169,Miguel Hidalgo,0.0,3.870025444174845,0.0,0.0,36655.77548536034,414470,0.19079577565160127,0.0,-0.8678676145537424,-0.24940066851400997,2.2814172890847004,0.19934275500179496,32
Anahuac,2025-11,20330,19437,39767,Miguel Hidalgo,0.0,3.870025444174845,0.0,0.0,36655.77548536034,414470,0.20922905717335952,0.0,-0.9235742148543081,-0.24940066851400997,2.2814172890847004,0.2029887357326175,35
Anahuac,2025-12,18889,17931,36820,Miguel Hidalgo,0.0,3.870025444174845,3.0,2.0,36655.77548536034,414470,0.23040485764673957,0.0,0.9736789450916139,-0.24940066851400997,2.2814172890847004,0.40330195196389973,36
Anahuac,2026-02,20589,19275,39864,Miguel Hidalgo,0.0,3.870025444174845,0.0,0.0,36655.77548536034,414470,0.2557298179466436,0.0,0.0,-0.24940066851400997,2.2814172890847004,0.31859653760469037,38
Anahuac,2026-03,21614,20556,42170,Miguel Hidalgo,0.0,3.870025444174845,0.0,0.0,36655.77548536034,414470,0.23679632399737588,0.0,0.0,-0.24940066851400997,2.2814172890847004,0.3091297906300565,39
Anahuac,2026-04,20291,19463,39754,Miguel Hidalgo,0.0,3.870025444174845,0.0,0.0,36655.77548536034,414470,0.21599901333679375,-0.29804219930138437,0.0,-0.24940066851400997,2.2814172890847004,0.2540248054045578,40
Anahuac,2026-05,20457,19850,40307,Miguel Hidalgo,0.0,3.870025444174845,0.0,0.0,36655.77548536034,414470,0.21554670631741257,0.0,0.0,-0.24940066851400997,2.2814172890847004,0.29850498179007484,41
Anahuac,2026-06,17302,16777,34079,Miguel Hidalgo,0.0,3.870025444174845,0.0,0.0,36655.77548536034,414470,0.13783533819139415,0.0,0.0,-0.24940066851400997,2.2814172890847004,0.25964929772706563,42
Anahuac I Seccion,2023-01,4065,3758,7823,Miguel Hidalgo,0.0,,0.0,0.0,,414470,-0.13107150153386915,0.0,-1.1031193422512973,0.0,0.0,-0.17584768499206432,1
Anahuac I Seccion,2023-02,5851,5371,11222,Miguel Hidalgo,0.0,,1.0,1.0,,414470,-0.04390357748052092,0.0,-0.6719131189631579,0.0,0.0,-0.08914310063657625,2
Anahuac I Seccion,2023-03,7290,7000,14290,Miguel Hidalgo,0.0,,2.0,2.0,,414470,-0.030063509884857113,0.0,-0.407960098835215,0.0,0.0,-0.05582776482595006,3
Anahuac I Seccion,2023-04,6933,6658,13591,Miguel Hidalgo,0.0,,0.0,0.0,,414470,-0.049611672449834956,0.0,-0.7638198663195582,0.0,0.0,-0.1011878228568733,4
Anahuac I Seccion,2023-05,8862,8235,17097,Miguel Hidalgo,0.0,,0.0,0.0,,414470,-0.015291765996758374,0.0,-1.0086471000615145,0.0,0.0,-0.10851059300453064,5
Anahuac I Seccion,2023-06,9812,9382,19194,Miguel Hidalgo,0.0,,1.0,1.0,,414470,0.008104034598808079,0.0,0.2306418529438008,0.0,0.0,0.027116202593784118,6
Anahuac I Seccion,2023-07,9322,9361,18683,Miguel Hidalgo,0.0,,1.0,1.0,,414470,-7.831419134123335e-05,0.0,-0.4329444585468293,0.0,0.0,-0.043333602950353545,7
Anahuac I Seccion,2023-08,10290,10409,20699,Miguel Hidalgo,0.0,,1.0,1.0,,414470,-0.0007927367134430897,0.0,0.0,0.0,0.0,-0.00039636835672154485,8
Anahuac I Seccion,2023-09,10844,10897,21741,Miguel Hidalgo,0.0,,0.0,0.0,,414470,-0.01134741157487509,0.0,-0.8767571237729115,0.0,0.0,-0.0933494181647287,9
Anahuac I Seccion,2023-12,9771,9838,19609,Miguel Hidalgo,0.0,,1.0,1.0,,414470,-0.07962886462473205,0.0,-0.48088232623334126,0.0,0.0,-0.08790266493570015,12
Anahuac I Seccion,2024-02,13358,13494,26852,Miguel Hidalgo,0.0,,1.0,1.0,,414470,-0.0908296906866783,0.0,0.17303730695087127,0.0,0.0,-0.028111114648252025,14
Anahuac I Seccion,2024-07,15007,15292,30299,Miguel Hidalgo,0.0,,0.0,0.0,,414470,-0.06862141234494497,0.0,-0.6405475848094834,0.0,0.0,-0.09836546465342083,19
Anahuac I Seccion,2024-12,14028,13239,27267,Miguel Hidalgo,0.0,,1.0,1.0,,414470,-0.08045458654323817,0.0,0.35962684513945675,0.0,0.0,-0.004264608757673406,24
Anahuac I Seccion,2025-01,15580,14695,30275,Miguel Hidalgo,0.0,,0.0,0.0,,414470,-0.06487523998337173,0.0,-0.8202469932994618,0.0,0.0,-0.11446231932163206,25
Anahuac I Seccion,2025-04,14657,14447,29104,Miguel Hidalgo,0.0,,0.0,0.0,,414470,-0.06076455994805705,-0.15394759295997215,-1.1225347864675495,0.0,0.0,-0.1657278975647793,28
Anahuac I Seccion,2025-06,13530,13870,27400,Miguel Hidalgo,0.0,,0.0,0.0,,414470,-0.045071875400484594,0.0,-0.4173499241975349,0.0,0.0,-0.0642709301199958,30
Anahuac I Seccion,2025-07,13850,14739,28589,Miguel Hidalgo,0.0,,0.0,0.0,,414470,-0.05140129105189693,0.0,-0.4173499241975349,0.0,0.0,-0.06743563794570195,31
Anahuac I Seccion,2025-08,13529,13682,27211,Miguel Hidalgo,0.0,,0.0,0.0,,414470,-0.06108939815957255,0.0,-0.8678676145537424,0.0,0.0,-0.11733146053516053,32
Anahuac I Seccion,2025-11,13257,12972,26229,Miguel Hidalgo,0.0,,0.0,0.0,,414470,-0.07841708626470813,0.0,-0.9235742148543081,0.0,0.0,-0.1315659646177849,35
Anahuac I Seccion,2025-12,11860,11909,23769,Miguel Hidalgo,0.0,,3.0,2.0,,414470,-0.07612634446329045,0.0,0.9736789450916139,0.0,0.0,0.05930472227751617,36
Anahuac I Seccion,2026-02,11737,12221,23958,Miguel Hidalgo,0.0,,0.0,0.0,,414470,-0.10448725201136763,0.0,0.0,0.0,0.0,-0.052243626005683816,38
Anahuac I Seccion,2026-03,12850,13165,26015,Miguel Hidalgo,0.0,,0.0,0.0,,414470,-0.10275238542120407,0.0,0.0,0.0,0.0,-0.05137619271060204,39
Anahuac I Seccion,2026-04,13023,12785,25808,Miguel Hidalgo,0.0,,0.0,0.0,,414470,-0.08671680106524485,-0.29804219930138437,0.0,0.0,0.0,-0.08806473042783008,40
Anahuac I Seccion,2026-05,12690,12893,25583,Miguel Hidalgo,0.0,,0.0,0.0,,414470,-0.09822729961872632,0.0,0.0,0.0,0.0,-0.04911364980936316,41
Anahuac I Seccion,2026-06,12266,12434,24700,Miguel Hidalgo,0.0,,0.0,0.0,,414470,-0.07222710290229398,0.0,0.0,0.0,0.0,-0.03611355145114699,42
Angel Zimbron,2023-01,0,0,0,Azcapotzalco,0.0,0.0166503257397502,1.0,1.0,2714.2772001119547,432205,-0.4578108992635074,0.0,0.3363168726375907,0.7477964757569037,-0.6903186087375947,-0.15213615187821855,1
Angel Zimbron,2023-02,0,0,0,Azcapotzalco,0.0,0.0166503257397502,0.0,0.0,2714.2772001119547,432205,-0.4520498443994171,0.0,-1.6056105699898837,0.7477964757569037,-0.6903186087375947,-0.3434483687089208,2
Angel Zimbron,2023-03,0,0,0,Azcapotzalco,0.0,0.0166503257397502,0.0,0.0,2714.2772001119547,432205,-0.4596991731454731,0.0,-1.2638763846267447,0.7477964757569037,-0.6903186087375947,-0.31309961454563495,3
Angel Zimbron,2023-04,0,0,0,Azcapotzalco,0.0,0.0166503257397502,0.0,0.0,2714.2772001119547,432205,-0.46674837447246836,0.0,-0.7638198663195582,0.7477964757569037,-0.6903186087375947,-0.26661856337841394,4
Angel Zimbron,2023-05,0,0,0,Azcapotzalco,0.0,0.0166503257397502,0.0,0.0,2714.2772001119547,432205,-0.4746345614744004,0.0,-1.0086471000615145,0.7477964757569037,-0.6903186087375947,-0.29504438025357554,5
Angel Zimbron,2023-06,0,0,0,Azcapotzalco,0.0,0.0166503257397502,0.0,0.0,2714.2772001119547,432205,-0.48450335550919055,0.0,-1.2210451038201218,0.7477964757569037,-0.6903186087375947,-0.32121857764683137,6
Angel Zimbron,2023-07,0,0,0,Azcapotzalco,0.0,0.0166503257397502,2.0,1.0,2714.2772001119547,432205,-0.48931710150558577,0.0,0.44111322191563745,0.7477964757569037,-0.6903186087375947,-0.1574096180714531,7
Angel Zimbron,2023-08,0,0,0,Azcapotzalco,0.0,0.0166503257397502,0.0,0.0,2714.2772001119547,432205,-0.49578786605561137,0.0,-0.5755432216610669,0.7477964757569037,-0.6903186087375947,-0.2623106447041363,8
Angel Zimbron,2023-09,0,0,0,Azcapotzalco,0.0,0.0166503257397502,2.0,2.0,2714.2772001119547,432205,-0.5101350092220519,0.0,0.6006131477814433,0.7477964757569037,-0.6903186087375947,-0.15186857934310555,9
Angel Zimbron,2023-12,804,1169,1973,Azcapotzalco,0.0,0.0166503257397502,2.0,2.0,2714.2772001119547,432205,-0.49959596416338325,0.0,0.9484068100713118,0.7477964757569037,-0.6903186087375947,-0.11181969058478436,12
Angel Zimbron,2024-02,2273,2699,4972,Azcapotzalco,0.0,0.0166503257397502,1.0,1.0,2714.2772001119547,432205,-0.4953958265765445,0.0,0.17303730695087127,0.7477964757569037,-0.6903186087375947,-0.18725657210340907,14
Angel Zimbron,2024-07,3582,3720,7302,Azcapotzalco,0.0,0.0166503257397502,1.0,1.0,2714.2772001119547,432205,-0.4811920695727001,0.0,0.7033463676339425,0.7477964757569037,-0.6903186087375947,-0.1271237875331797,19
Angel Zimbron,2024-12,3668,3721,7389,Azcapotzalco,0.0,0.0166503257397502,1.0,1.0,2714.2772001119547,432205,-0.4661193954486314,0.0,0.35962684513945675,0.7477964757569037,-0.6903186087375947,-0.15395940272059394,24
Angel Zimbron,2025-01,4012,4116,8128,Azcapotzalco,0.0,0.0166503257397502,0.0,0.0,2714.2772001119547,432205,-0.4693529978928916,0.0,-0.8202469932994618,0.7477964757569037,-0.6903186087375947,-0.2735635877866159,25
Angel Zimbron,2025-04,3987,3758,7745,Azcapotzalco,0.0,0.0166503257397502,0.0,0.0,2714.2772001119547,432205,-0.467995057181527,-0.15394759295997215,-1.1225347864675495,0.7477964757569037,-0.6903186087375947,-0.32620553569173816,28
Angel Zimbron,2025-06,3224,3124,6348,Azcapotzalco,0.0,0.0166503257397502,0.0,0.0,2714.2772001119547,432205,-0.494809121974617,0.0,-0.4173499241975349,0.7477964757569037,-0.6903186087375947,-0.2460019429172859,30
Angel Zimbron,2025-07,3684,3684,7368,Azcapotzalco,0.0,0.0166503257397502,0.0,0.0,2714.2772001119547,432205,-0.4857496702515448,0.0,-0.4173499241975349,0.7477964757569037,-0.6903186087375947,-0.24147221705574978,31
Angel Zimbron,2025-08,3458,3437,6895,Azcapotzalco,0.0,0.0166503257397502,0.0,0.0,2714.2772001119547,432205,-0.4890287852768001,0.0,-0.8678676145537424,0.7477964757569037,-0.6903186087375947,-0.2881635436039982,32
Angel Zimbron,2025-11,3365,3509,6874,Azcapotzalco,0.0,0.0166503257397502,1.0,1.0,2714.2772001119547,432205,-0.48965885803629916,0.0,0.08481804013968136,0.7477964757569037,-0.6903186087375947,-0.19321001451440534,35
Angel Zimbron,2025-12,3121,3098,6219,Azcapotzalco,0.0,0.0166503257397502,0.0,0.0,2714.2772001119547,432205,-0.48832637488479275,0.0,-0.8021786763538865,0.7477964757569037,-0.6903186087375947,-0.281243444588009,36
Angel Zimbron,2026-02,3474,3355,6829,Azcapotzalco,0.0,0.0166503257397502,0.0,0.0,2714.2772001119547,432205,-0.4924011330192121,0.0,0.0,0.7477964757569037,-0.6903186087375947,-0.20306295601983,38
Angel Zimbron,2026-03,3714,3770,7484,Azcapotzalco,0.0,0.0166503257397502,0.0,0.0,2714.2772001119547,432205,-0.49224029221388155,0.0,0.0,0.7477964757569037,-0.6903186087375947,-0.20298253561716467,39
Angel Zimbron,2026-04,3537,3552,7089,Azcapotzalco,0.0,0.0166503257397502,0.0,0.0,2714.2772001119547,432205,-0.4930367013801567,-0.29804219930138437,0.0,0.7477964757569037,-0.6903186087375947,-0.2480870700955099,40
Angel Zimbron,2026-05,3573,3521,7094,Azcapotzalco,0.0,0.0166503257397502,0.0,0.0,2714.2772001119547,432205,-0.49223487879240685,0.0,0.0,0.7477964757569037,-0.6903186087375947,-0.20297982890642735,41
Angel Zimbron,2026-06,3212,3168,6380,Azcapotzalco,0.0,0.0166503257397502,0.0,0.0,2714.2772001119547,432205,-0.482542053412622,0.0,0.0,0.7477964757569037,-0.6903186087375947,-0.1981334162165349,42
Anzures,2023-01,7289,7059,14348,Miguel Hidalgo,0.0,0.3519898855122308,0.0,0.0,6321.012789472237,414470,0.14145496787503908,0.0,-1.1031193422512973,0.66101550035527,-0.3745321477281947,0.02211465999286083,1
Anzures,2023-02,10042,9519,19561,Miguel Hidalgo,0.0,0.3519898855122308,1.0,1.0,6321.012789472237,414470,0.2593874330199848,0.0,-0.6719131189631579,0.66101550035527,-0.3745321477281947,0.12420151489414762,2
Anzures,2023-03,12508,11884,24392,Miguel Hidalgo,0.0,0.3519898855122308,2.0,2.0,6321.012789472237,414470,0.2736579365993096,0.0,-0.407960098835215,0.66101550035527,-0.3745321477281947,0.15773206869660433,3
Anzures,2023-04,11436,11205,22641,Miguel Hidalgo,0.0,0.3519898855122308,0.0,0.0,6321.012789472237,414470,0.22815207954080827,0.0,-0.7638198663195582,0.66101550035527,-0.3745321477281947,0.09939316341891931,4
Anzures,2023-05,14144,13666,27810,Miguel Hidalgo,0.0,0.3519898855122308,0.0,0.0,6321.012789472237,414470,0.27253296161346446,0.0,-1.0086471000615145,0.66101550035527,-0.3745321477281947,0.09710088108105182,5
Anzures,2023-06,14649,14335,28984,Miguel Hidalgo,0.0,0.3519898855122308,1.0,1.0,6321.012789472237,414470,0.2593610080882999,0.0,0.2306418529438008,0.66101550035527,-0.3745321477281947,0.21444379961900106,6
Anzures,2023-07,14054,14091,28145,Miguel Hidalgo,0.0,0.3519898855122308,1.0,1.0,6321.012789472237,414470,0.24769652954721155,0.0,-0.4329444585468293,0.66101550035527,-0.3745321477281947,0.14225292919939386,7
Anzures,2023-08,16194,15471,31665,Miguel Hidalgo,0.0,0.3519898855122308,1.0,1.0,6321.012789472237,414470,0.2614477864213082,0.0,0.0,0.66101550035527,-0.3745321477281947,0.19242300349112512,8
Anzures,2023-09,15536,15805,31341,Miguel Hidalgo,0.0,0.3519898855122308,0.0,0.0,6321.012789472237,414470,0.20889825041918672,0.0,-0.8767571237729115,0.66101550035527,-0.3745321477281947,0.07847252311277321,9
Anzures,2023-12,13724,14128,27852,Miguel Hidalgo,0.0,0.3519898855122308,1.0,1.0,6321.012789472237,414470,0.11666217651254975,0.0,-0.48088232623334126,0.66101550035527,-0.3745321477281947,0.07194196591341176,12
Anzures,2024-02,19665,19023,38688,Miguel Hidalgo,0.0,0.3519898855122308,1.0,1.0,6321.012789472237,414470,0.1280206193861031,0.0,0.17303730695087127,0.66101550035527,-0.3745321477281947,0.1430131506686097,14
Anzures,2024-07,19586,19874,39460,Miguel Hidalgo,0.0,0.3519898855122308,0.0,0.0,6321.012789472237,414470,0.09572871118697072,0.0,-0.6405475848094834,0.66101550035527,-0.3745321477281947,0.04550870739300805,19
Anzures,2024-12,17098,17339,34437,Miguel Hidalgo,0.0,0.3519898855122308,1.0,1.0,6321.012789472237,414470,0.05865481479752395,0.0,0.35962684513945675,0.66101550035527,-0.3745321477281947,0.12698920219317866,24
Anzures,2025-01,18412,19109,37521,Miguel Hidalgo,0.0,0.3519898855122308,0.0,0.0,6321.012789472237,414470,0.06746077996571305,0.0,-0.8202469932994618,0.66101550035527,-0.3745321477281947,0.013404800933381353,25
Anzures,2025-04,19035,19157,38192,Miguel Hidalgo,1.0,0.3519898855122308,0.0,0.0,6321.012789472237,414470,0.11250716433012894,1.49329165171173,-1.1225347864675495,0.66101550035527,-0.3745321477281947,0.2296929615555401,28
Anzures,2025-06,18086,17903,35989,Miguel Hidalgo,0.0,0.3519898855122308,0.0,0.0,6321.012789472237,414470,0.13841630675917832,0.0,-0.4173499241975349,0.66101550035527,-0.3745321477281947,0.0891722712403067,30
Anzures,2025-07,20028,19691,39719,Miguel Hidalgo,0.0,0.3519898855122308,0.0,0.0,6321.012789472237,414470,0.17640594991186917,0.0,-0.4173499241975349,0.66101550035527,-0.3745321477281947,0.10816709281665211,31
Anzures,2025-08,18398,18446,36844,Miguel Hidalgo,0.0,0.3519898855122308,0.0,0.0,6321.012789472237,414470,0.1418216136587112,0.0,-0.8678676145537424,0.66101550035527,-0.3745321477281947,0.045823155654452385,32
Anzures,2025-11,19289,17996,37285,Miguel Hidalgo,0.0,0.3519898855122308,0.0,0.0,6321.012789472237,414470,0.15649322263256443,0.0,-0.9235742148543081,0.66101550035527,-0.3745321477281947,0.047588300111322424,35
Anzures,2025-12,16984,15692,32676,Miguel Hidalgo,0.0,0.3519898855122308,3.0,2.0,6321.012789472237,414470,0.1330739786685797,0.0,0.9736789450916139,0.66101550035527,-0.3745321477281947,0.22560399412392224,36
Anzures,2026-02,16629,16232,32861,Miguel Hidalgo,0.0,0.3519898855122308,0.0,0.0,6321.012789472237,414470,0.09713556792049292,0.0,0.0,0.66101550035527,-0.3745321477281947,0.11026689424071749,38
Anzures,2026-03,18215,18248,36463,Miguel Hidalgo,0.0,0.3519898855122308,0.0,0.0,6321.012789472237,414470,0.11684556666826193,0.0,0.0,0.66101550035527,-0.3745321477281947,0.12012189361460197,39
Anzures,2026-04,17443,17856,35299,Miguel Hidalgo,0.0,0.3519898855122308,0.0,0.0,6321.012789472237,414470,0.119297525228298,-0.29804219930138437,0.0,0.66101550035527,-0.3745321477281947,0.07664154299941237,40
Anzures,2026-05,17312,17711,35023,Miguel Hidalgo,0.0,0.3519898855122308,0.0,0.0,6321.012789472237,414470,0.10294266887062109,0.0,0.0,0.66101550035527,-0.3745321477281947,0.11317044471578157,41
Anzures,2026-06,15832,16337,32169,Miguel Hidalgo,0.0,0.3519898855122308,0.0,0.0,6321.012789472237,414470,0.09505686900609249,0.0,0.0,0.66101550035527,-0.3745321477281947,0.10922754478351727,42
Atlampa,2023-01,0,0,0,Cuauhtemoc,0.0,3.664565898107673,2.0,1.0,14447.333348567048,545884,-0.4578108992635074,0.0,1.7757530875264789,-0.1962307418123013,0.3369649794675463,-0.047068254204196365,1
Atlampa,2023-02,0,0,0,Cuauhtemoc,0.0,3.664565898107673,2.0,2.0,14447.333348567048,545884,-0.4520498443994171,0.0,0.26178433206356805,-0.1962307418123013,0.3369649794675463,-0.1955846023184423,2
Atlampa,2023-03,0,0,0,Cuauhtemoc,0.0,3.664565898107673,2.0,2.0,14447.333348567048,545884,-0.4596991731454731,0.0,-0.407960098835215,-0.1962307418123013,0.3369649794675463,-0.2663837097813486,3
Atlampa,2023-04,0,0,0,Cuauhtemoc,0.0,3.664565898107673,0.0,0.0,14447.333348567048,545884,-0.46674837447246836,0.0,-0.7638198663195582,-0.1962307418123013,0.3369649794675463,-0.3054942871932806,4
Atlampa,2023-05,3,3,6,Cuauhtemoc,0.0,3.664565898107673,1.0,1.0,14447.333348567048,545884,-0.47447336028279574,0.0,0.11557414688204855,-0.1962307418123013,0.3369649794675463,-0.22141737877828357,5
Atlampa,2023-06,587,490,1077,Cuauhtemoc,0.0,3.664565898107673,0.0,0.0,14447.333348567048,545884,-0.45686252195983584,0.0,-1.2210451038201218,-0.1962307418123013,0.3369649794675463,-0.3462738846870207,6
Atlampa,2023-07,959,819,1778,Cuauhtemoc,0.0,3.664565898107673,4.0,2.0,14447.333348567048,545884,-0.4427578463621545,0.0,2.189228582840571,-0.1962307418123013,0.3369649794675463,0.0018058217778893146,7
Atlampa,2023-08,1400,1110,2510,Cuauhtemoc,0.0,3.664565898107673,5.0,4.0,14447.333348567048,545884,-0.4357638178093752,0.0,2.3021728866442674,-0.1962307418123013,0.3369649794675463,0.016597266434648615,8
Atlampa,2023-09,1656,1523,3179,Cuauhtemoc,0.0,3.664565898107673,4.0,2.0,14447.333348567048,545884,-0.4372015759429767,0.0,2.077983419335798,-0.1962307418123013,0.3369649794675463,-0.0065405593629990835,9
Atlampa,2023-12,3017,2710,5727,Cuauhtemoc,0.0,3.664565898107673,1.0,0.0,14447.333348567048,545884,-0.41020174259000514,0.0,-0.48088232623334126,-0.1962307418123013,0.3369649794675463,-0.24892721724342723,12
Atlampa,2024-02,4116,3934,8050,Cuauhtemoc,0.0,3.664565898107673,3.0,1.0,14447.333348567048,545884,-0.43848291221324437,0.0,2.1219838168185787,-0.1962307418123013,0.3369649794675463,-0.0027811877498548424,14
Atlampa,2024-07,4735,4557,9292,Cuauhtemoc,0.0,3.664565898107673,2.0,0.0,14447.333348567048,545884,-0.4454910821446342,0.0,2.0472403200773686,-0.1962307418123013,0.3369649794675463,-0.013759622389670802,19
Atlampa,2024-12,4705,4290,8995,Cuauhtemoc,0.0,3.664565898107673,2.0,0.0,14447.333348567048,545884,-0.43496044167551234,0.0,1.7848147129143406,-0.1962307418123013,0.3369649794675463,-0.03473686287141265,24
Atlampa,2025-01,5384,4808,10192,Cuauhtemoc,0.0,3.664565898107673,5.0,3.0,14447.333348567048,545884,-0.4316575044930971,0.0,2.029312366539578,-0.1962307418123013,0.3369649794675463,-0.008635628917681305,25
Atlampa,2025-04,4584,4368,8952,Cuauhtemoc,0.0,3.664565898107673,2.0,2.0,14447.333348567048,545884,-0.4449824063008304,-0.15394759295997215,1.771711530448783,-0.1962307418123013,0.3369649794675463,-0.0641503023746233,28
Atlampa,2025-06,4010,3684,7694,Cuauhtemoc,0.0,3.664565898107673,1.0,0.0,14447.333348567048,545884,-0.4660543084704947,0.0,2.3736776938734803,-0.1962307418123013,0.3369649794675463,0.008602501827010132,30
Atlampa,2025-07,4767,4228,8995,Cuauhtemoc,0.0,3.664565898107673,1.0,1.0,14447.333348567048,545884,-0.4524484680010464,0.0,2.3736776938734803,-0.1962307418123013,0.3369649794675463,0.015405422061734307,31
Atlampa,2025-08,4557,4151,8708,Cuauhtemoc,0.0,3.664565898107673,1.0,1.0,14447.333348567048,545884,-0.45083947100019384,0.0,-0.13667206528405393,-0.1962307418123013,0.3369649794675463,-0.2348250553535929,32
Atlampa,2025-11,4332,3868,8200,Cuauhtemoc,0.0,3.664565898107673,3.0,1.0,14447.333348567048,545884,-0.46148491903505245,0.0,2.1016025501276605,-0.1962307418123013,0.3369649794675463,-0.016320317829850724,35
Atlampa,2025-12,4136,3738,7874,Cuauhtemoc,0.0,3.664565898107673,4.0,3.0,14447.333348567048,545884,-0.44945508996470235,0.0,1.5656314855734474,-0.1962307418123013,0.3369649794675463,-0.06390250975009695,36
Atlampa,2026-02,4364,4134,8498,Cuauhtemoc,0.0,3.664565898107673,0.0,0.0,14447.333348567048,545884,-0.45460393134940696,0.0,0.0,-0.1962307418123013,0.3369649794675463,-0.22304007899979403,38
Atlampa,2026-03,4334,4133,8467,Cuauhtemoc,0.0,3.664565898107673,0.0,0.0,14447.333348567048,545884,-0.4715794205729986,0.0,0.0,-0.1962307418123013,0.3369649794675463,-0.23152782361158988,39
Atlampa,2026-04,4136,4061,8197,Cuauhtemoc,0.0,3.664565898107673,0.0,0.0,14447.333348567048,545884,-0.46898614047685405,-0.29804219930138437,0.0,-0.1962307418123013,0.3369649794675463,-0.2749375134587253,40
Atlampa,2026-05,4153,4237,8390,Cuauhtemoc,0.0,3.664565898107673,0.0,0.0,14447.333348567048,545884,-0.46461662888115746,0.0,0.0,-0.1962307418123013,0.3369649794675463,-0.22804642776566927,41
Atlampa,2026-06,4038,4041,8079,Cuauhtemoc,0.0,3.664565898107673,0.0,0.0,14447.333348567048,545884,-0.44448937323156046,0.0,0.0,-0.1962307418123013,0.3369649794675463,-0.2179827999408708,42
Axotla,2023-01,0,0,0,Alvaro Obregon,0.0,0.0,0.0,0.0,1828.601117285683,759137,-0.4578108992635074,0.0,-1.1031193422512973,0.7521053366304337,-0.7678636654424537,-0.3031879499065637,1
Axotla,2023-02,0,0,0,Alvaro Obregon,0.0,0.0,1.0,1.0,1828.601117285683,759137,-0.4520498443994171,0.0,-0.6719131189631579,0.7521053366304337,-0.7678636654424537,-0.25718680014570466,2
Axotla,2023-03,0,0,0,Alvaro Obregon,0.0,0.0,0.0,0.0,1828.601117285683,759137,-0.4596991731454731,0.0,-1.2638763846267447,0.7521053366304337,-0.7678636654424537,-0.32020779108509134,3
Axotla,2023-04,0,0,0,Alvaro Obregon,0.0,0.0,1.0,1.0,1828.601117285683,759137,-0.46674837447246836,0.0,-0.2331138553053197,0.7521053366304337,-0.7678636654424537,-0.22065613881644647,4
Axotla,2023-05,0,0,0,Alvaro Obregon,0.0,0.0,1.0,0.0,1828.601117285683,759137,-0.4746345614744004,0.0,0.11557414688204855,0.7521053366304337,-0.7678636654424537,-0.18973043209867568,5
Axotla,2023-06,0,0,0,Alvaro Obregon,0.0,0.0,3.0,3.0,1828.601117285683,759137,-0.48450335550919055,0.0,3.134015766471646,0.7521053366304337,-0.7678636654424537,0.10717933284288902,6
Axotla,2023-07,0,0,0,Alvaro Obregon,0.0,0.0,1.0,1.0,1828.601117285683,759137,-0.48931710150558577,0.0,-0.4329444585468293,0.7521053366304337,-0.7678636654424537,-0.2519235626571561,7
Axotla,2023-08,0,0,0,Alvaro Obregon,0.0,0.0,0.0,0.0,1828.601117285683,759137,-0.49578786605561137,0.0,-0.5755432216610669,0.7521053366304337,-0.7678636654424537,-0.2694188212435927,8
Axotla,2023-09,0,0,0,Alvaro Obregon,0.0,0.0,0.0,0.0,1828.601117285683,759137,-0.5101350092220519,0.0,-0.8767571237729115,0.7521053366304337,-0.7678636654424537,-0.30671378303799746,9
Axotla,2023-12,1061,900,1961,Alvaro Obregon,0.0,0.0,0.0,0.0,1828.601117285683,759137,-0.4998817208652694,0.0,-1.9101714625379942,0.7521053366304337,-0.7678636654424537,-0.40492857273611443,12
Axotla,2024-02,1797,1737,3534,Alvaro Obregon,0.0,0.0,0.0,0.0,1828.601117285683,759137,-0.5219847709736939,0.0,-0.8014359479829826,0.7521053366304337,-0.7678636654424537,-0.30510654633482553,14
Axotla,2024-07,2035,1966,4001,Alvaro Obregon,0.0,0.0,1.0,1.0,1828.601117285683,759137,-0.5404126522360396,0.0,0.7033463676339425,0.7521053366304337,-0.7678636654424537,-0.16384225540430586,19
Axotla,2024-12,1878,1960,3838,Alvaro Obregon,0.0,0.0,0.0,0.0,1828.601117285683,759137,-0.5350144420540772,0.0,-1.0655610226354273,0.7521053366304337,-0.7678636654424537,-0.33803388934026163,24
Axotla,2025-01,2208,2194,4402,Alvaro Obregon,0.0,0.0,0.0,0.0,1828.601117285683,759137,-0.5374021298733346,0.0,-0.8202469932994618,0.7521053366304337,-0.7678636654424537,-0.3146963303162938,25
Axotla,2025-04,1951,1906,3857,Alvaro Obregon,0.0,0.0,1.0,1.0,1828.601117285683,759137,-0.5421236293639199,-0.15394759295997215,0.32458837199061674,0.7521053366304337,-0.7678636654424537,-0.2256656824765744,28
Axotla,2025-06,1880,1971,3851,Alvaro Obregon,0.0,0.0,0.0,0.0,1828.601117285683,759137,-0.5481529327619821,0.0,-0.4173499241975349,0.7521053366304337,-0.7678636654424537,-0.27978202485042486,30
Axotla,2025-07,1816,2017,3833,Alvaro Obregon,0.0,0.0,0.0,0.0,1828.601117285683,759137,-0.558103542381546,0.0,-0.4173499241975349,0.7521053366304337,-0.7678636654424537,-0.28475732966020684,31
Axotla,2025-08,1772,1855,3627,Alvaro Obregon,0.0,0.0,0.0,0.0,1828.601117285683,759137,-0.5578664460908924,0.0,-0.8678676145537424,0.7521053366304337,-0.7678636654424537,-0.3296905505505008,32
Axotla,2025-11,1979,2057,4036,Alvaro Obregon,0.0,0.0,0.0,0.0,1828.601117285683,759137,-0.5499587365321801,0.0,-0.9235742148543081,0.7521053366304337,-0.7678636654424537,-0.3313073558012012,35
Axotla,2025-12,1621,1765,3386,Alvaro Obregon,0.0,0.0,0.0,0.0,1828.601117285683,759137,-0.554865559282748,0.0,-0.8021786763538865,0.7521053366304337,-0.7678636654424537,-0.321621213326443,36
Axotla,2026-02,1972,1937,3909,Alvaro Obregon,0.0,0.0,0.0,0.0,1828.601117285683,759137,-0.5585292509795663,0.0,0.0,0.7521053366304337,-0.7678636654424537,-0.24323519153946346,38
Axotla,2026-03,2161,2098,4259,Alvaro Obregon,0.0,0.0,0.0,0.0,1828.601117285683,759137,-0.5600239250133195,0.0,0.0,0.7521053366304337,-0.7678636654424537,-0.2439825285563401,39
Axotla,2026-04,1903,1781,3684,Alvaro Obregon,0.0,0.0,0.0,0.0,1828.601117285683,759137,-0.5669465929647646,-0.29804219930138437,0.0,0.7521053366304337,-0.7678636654424537,-0.29215019242727025,40
Axotla,2026-05,1879,1768,3647,Alvaro Obregon,0.0,0.0,0.0,0.0,1828.601117285683,759137,-0.5656917518202438,0.0,0.0,0.7521053366304337,-0.7678636654424537,-0.2468164419598022,41
Axotla,2026-06,1587,1471,3058,Alvaro Obregon,0.0,0.0,0.0,0.0,1828.601117285683,759137,-0.5569452338490473,0.0,0.0,0.7521053366304337,-0.7678636654424537,-0.24244318297420395,42
Barrio San Lucas,2023-01,0,0,0,Coyoacan,0.0,,0.0,0.0,,614447,-0.4578108992635074,0.0,-1.1031193422512973,0.0,0.0,-0.33921738385688344,1
Barrio San Lucas,2023-02,0,0,0,Coyoacan,0.0,,1.0,0.0,,614447,-0.4520498443994171,0.0,-0.6719131189631579,0.0,0.0,-0.2932162340960243,2
Barrio San Lucas,2023-03,0,0,0,Coyoacan,0.0,,1.0,0.0,,614447,-0.4596991731454731,0.0,-0.8359182417309798,0.0,0.0,-0.31344141074583454,3
Barrio San Lucas,2023-04,0,0,0,Coyoacan,0.0,,0.0,0.0,,614447,-0.46674837447246836,0.0,-0.7638198663195582,0.0,0.0,-0.30975617386819,4
Barrio San Lucas,2023-05,0,0,0,Coyoacan,0.0,,0.0,0.0,,614447,-0.4746345614744004,0.0,-1.0086471000615145,0.0,0.0,-0.33818199074335165,5
Barrio San Lucas,2023-06,0,0,0,Coyoacan,0.0,,1.0,1.0,,614447,-0.48450335550919055,0.0,0.2306418529438008,0.0,0.0,-0.21918749246021518,6
Barrio San Lucas,2023-07,110,110,220,Coyoacan,0.0,,0.0,0.0,,614447,-0.4835561138050487,0.0,-1.307002139009296,0.0,0.0,-0.37247827080345397,7
Barrio San Lucas,2023-08,225,221,446,Coyoacan,0.0,,0.0,0.0,,614447,-0.4851222383592682,0.0,-0.5755432216610669,0.0,0.0,-0.3001154413457408,8
Barrio San Lucas,2023-09,269,295,564,Coyoacan,0.0,,0.0,0.0,,614447,-0.4971955765799008,0.0,-0.8767571237729115,0.0,0.0,-0.3362735006672416,9
Barrio San Lucas,2023-12,314,366,680,Coyoacan,0.0,,0.0,0.0,,614447,-0.5303862487916139,0.0,-1.9101714625379942,0.0,0.0,-0.4562102706496064,12
Barrio San Lucas,2024-02,582,677,1259,Coyoacan,0.0,,0.0,0.0,,614447,-0.5640500341889336,0.0,-0.8014359479829826,0.0,0.0,-0.36216861189276506,14
Barrio San Lucas,2024-07,725,824,1549,Coyoacan,0.0,,0.0,0.0,,614447,-0.5844020096097169,0.0,-0.6405475848094834,0.0,0.0,-0.35625576328580677,19
Barrio San Lucas,2024-12,632,751,1383,Coyoacan,0.0,,1.0,0.0,,614447,-0.582645345860433,0.0,0.35962684513945675,0.0,0.0,-0.25535998841627083,24
Barrio San Lucas,2025-01,714,826,1540,Coyoacan,0.0,,0.0,0.0,,614447,-0.5896717529887473,0.0,-0.8202469932994618,0.0,0.0,-0.37686057582431987,25
Barrio San Lucas,2025-04,750,840,1590,Coyoacan,0.0,,1.0,0.0,,614447,-0.5853462304795282,-0.15394759295997215,0.32458837199061674,0.0,0.0,-0.2833064169846982,28
Barrio San Lucas,2025-06,716,793,1509,Coyoacan,0.0,,0.0,0.0,,614447,-0.5981854537327506,0.0,-0.4173499241975349,0.0,0.0,-0.34082771928612876,30
Barrio San Lucas,2025-07,802,842,1644,Coyoacan,0.0,,0.0,0.0,,614447,-0.6029076798900531,0.0,-0.4173499241975349,0.0,0.0,-0.34318883236478004,31
Barrio San Lucas,2025-08,763,840,1603,Coyoacan,0.0,,0.0,0.0,,614447,-0.6005002972193266,0.0,-0.8678676145537424,0.0,0.0,-0.38703691006503754,32
Barrio San Lucas,2025-11,858,934,1792,Coyoacan,0.0,,0.0,0.0,,614447,-0.5976377102265975,0.0,-0.9235742148543081,0.0,0.0,-0.39117627659872956,35
Barrio San Lucas,2025-12,686,756,1442,Coyoacan,0.0,,0.0,0.0,,614447,-0.6005246395755914,0.0,-0.8021786763538865,0.0,0.0,-0.38048018742318435,36
Barrio San Lucas,2026-02,780,848,1628,Coyoacan,0.0,,0.0,0.0,,614447,-0.610186181482158,0.0,0.0,0.0,0.0,-0.305093090741079,38
Barrio San Lucas,2026-03,888,975,1863,Coyoacan,0.0,,0.0,0.0,,614447,-0.6103834860016771,0.0,0.0,0.0,0.0,-0.30519174300083857,39
Barrio San Lucas,2026-04,897,896,1793,Coyoacan,0.0,,0.0,0.0,,614447,-0.6079931729901664,-0.29804219930138437,0.0,0.0,0.0,-0.3487029163902909,40
Barrio San Lucas,2026-05,1085,1107,2192,Coyoacan,0.0,,0.0,0.0,,614447,-0.5966983518363456,0.0,0.0,0.0,0.0,-0.2983491759181728,41
Barrio San Lucas,2026-06,761,853,1614,Coyoacan,0.0,,0.0,0.0,,614447,-0.5892866524373067,0.0,0.0,0.0,0.0,-0.29464332621865336,42
Barrio la Concepcion,2023-01,0,0,0,Coyoacan,0.0,,0.0,0.0,,614447,-0.4578108992635074,0.0,-1.1031193422512973,0.0,0.0,-0.33921738385688344,1
Barrio la Concepcion,2023-02,0,0,0,Coyoacan,0.0,,1.0,0.0,,614447,-0.4520498443994171,0.0,-0.6719131189631579,0.0,0.0,-0.2932162340960243,2
Barrio la Concepcion,2023-03,0,0,0,Coyoacan,0.0,,1.0,0.0,,614447,-0.4596991731454731,0.0,-0.8359182417309798,0.0,0.0,-0.31344141074583454,3
Barrio la Concepcion,2023-04,0,0,0,Coyoacan,0.0,,0.0,0.0,,614447,-0.46674837447246836,0.0,-0.7638198663195582,0.0,0.0,-0.30975617386819,4
Barrio la Concepcion,2023-05,0,0,0,Coyoacan,0.0,,0.0,0.0,,614447,-0.4746345614744004,0.0,-1.0086471000615145,0.0,0.0,-0.33818199074335165,5
Barrio la Concepcion,2023-06,0,0,0,Coyoacan,0.0,,1.0,1.0,,614447,-0.48450335550919055,0.0,0.2306418529438008,0.0,0.0,-0.21918749246021518,6
Barrio la Concepcion,2023-07,331,376,707,Coyoacan,0.0,,0.0,0.0,,614447,-0.47080338194067806,0.0,-1.307002139009296,0.0,0.0,-0.36610190487126865,7
Barrio la Concepcion,2023-08,810,871,1681,Coyoacan,0.0,,0.0,0.0,,614447,-0.45558849350504443,0.0,-0.5755432216610669,0.0,0.0,-0.2853485689186289,8
Barrio la Concepcion,2023-09,1113,1229,2342,Coyoacan,0.0,,0.0,0.0,,614447,-0.45640424459808393,0.0,-0.8767571237729115,0.0,0.0,-0.3158778346763331,9
Barrio la Concepcion,2023-12,1247,1501,2748,Coyoacan,0.0,,0.0,0.0,,614447,-0.48114084383323724,0.0,-1.9101714625379942,0.0,0.0,-0.43158756817041805,12
Barrio la Concepcion,2024-02,1634,1959,3593,Coyoacan,0.0,,0.0,0.0,,614447,-0.520893847663936,0.0,-0.8014359479829826,0.0,0.0,-0.34059051863026624,14
Barrio la Concepcion,2024-07,1491,1830,3321,Coyoacan,0.0,,0.0,0.0,,614447,-0.5526119846235195,0.0,-0.6405475848094834,0.0,0.0,-0.34036075079270806,19
Barrio la Concepcion,2024-12,1417,1705,3122,Coyoacan,0.0,,1.0,0.0,,614447,-0.5489059805980082,0.0,0.35962684513945675,0.0,0.0,-0.23849030578505842,24
Barrio la Concepcion,2025-01,1772,2030,3802,Coyoacan,0.0,,0.0,0.0,,614447,-0.5483601221407167,0.0,-0.8202469932994618,0.0,0.0,-0.3562047604003046,25
Barrio la Concepcion,2025-04,1467,1541,3008,Coyoacan,0.0,,1.0,0.0,,614447,-0.5583106555426369,-0.15394759295997215,0.32458837199061674,0.0,0.0,-0.2697886295162526,28
Barrio la Concepcion,2025-06,1377,1512,2889,Coyoacan,0.0,,0.0,0.0,,614447,-0.5687042927849877,0.0,-0.4173499241975349,0.0,0.0,-0.3260871388122473,30
Barrio la Concepcion,2025-07,1316,1392,2708,Coyoacan,0.0,,0.0,0.0,,614447,-0.5811298807538943,0.0,-0.4173499241975349,0.0,0.0,-0.3322999327967006,31
Barrio la Concepcion,2025-08,1293,1370,2663,Coyoacan,0.0,,0.0,0.0,,614447,-0.578172292181708,0.0,-0.8678676145537424,0.0,0.0,-0.3758729075462282,32
Barrio la Concepcion,2025-11,1531,1717,3248,Coyoacan,0.0,,0.0,0.0,,614447,-0.5667016203428756,0.0,-0.9235742148543081,0.0,0.0,-0.3757082316568686,35
Barrio la Concepcion,2025-12,1212,1341,2553,Coyoacan,0.0,,0.0,0.0,,614447,-0.5744303812395066,0.0,-0.8021786763538865,0.0,0.0,-0.36743305825514194,36
Barrio la Concepcion,2026-02,1464,1664,3128,Coyoacan,0.0,,0.0,0.0,,614447,-0.5762162578723871,0.0,0.0,0.0,0.0,-0.28810812893619353,38
Barrio la Concepcion,2026-03,1647,1935,3582,Coyoacan,0.0,,0.0,0.0,,614447,-0.5742532333560233,0.0,0.0,0.0,0.0,-0.28712661667801165,39
Barrio la Concepcion,2026-04,1625,1765,3390,Coyoacan,0.0,,0.0,0.0,,614447,-0.5733282399914532,-0.29804219930138437,0.0,0.0,0.0,-0.3313704498909343,40
Barrio la Concepcion,2026-05,1619,1858,3477,Coyoacan,0.0,,0.0,0.0,,614447,-0.5693145160832934,0.0,0.0,0.0,0.0,-0.2846572580416467,41
Barrio la Concepcion,2026-06,1433,1602,3035,Coyoacan,0.0,,0.0,0.0,,614447,-0.5574603672476137,0.0,0.0,0.0,0.0,-0.27873018362380686,42
Bosque de Chapultepec,2023-01,7236,6900,14136,Miguel Hidalgo,0.0,,0.0,0.0,,414470,0.13260046802604467,0.0,-1.1031193422512973,0.0,0.0,-0.0440117002121074,1
Bosque de Chapultepec,2023-02,8353,7977,16330,Miguel Hidalgo,0.0,,1.0,1.0,,414470,0.1418753506447439,0.0,-0.6719131189631579,0.0,0.0,0.003746363426056165,2
Bosque de Chapultepec,2023-03,12159,11277,23436,Miguel Hidalgo,0.0,,2.0,2.0,,414470,0.24491534079265118,0.0,-0.407960098835215,0.0,0.0,0.08166166051280409,3
Bosque de Chapultepec,2023-04,13032,12053,25085,Miguel Hidalgo,0.0,,0.0,0.0,,414470,0.30316363864192786,0.0,-0.7638198663195582,0.0,0.0,0.0751998326890081,4
Bosque de Chapultepec,2023-05,13007,11450,24457,Miguel Hidalgo,0.0,,0.0,0.0,,414470,0.1824483623716949,0.0,-1.0086471000615145,0.0,0.0,-0.009640528820304,5
Bosque de Chapultepec,2023-06,13108,11747,24855,Miguel Hidalgo,0.0,,1.0,1.0,,414470,0.15339164715488707,0.0,0.2306418529438008,0.0,0.0,0.09976000887182361,6
Bosque de Chapultepec,2023-07,13619,12675,26294,Miguel Hidalgo,0.0,,1.0,1.0,,414470,0.19922567393951116,0.0,-0.4329444585468293,0.0,0.0,0.05631839111507265,7
Bosque de Chapultepec,2023-08,14147,12728,26875,Miguel Hidalgo,0.0,,1.0,1.0,,414470,0.14689990152112048,0.0,0.0,0.0,0.0,0.07344995076056024,8
Bosque de Chapultepec,2023-09,15813,13909,29722,Miguel Hidalgo,0.0,,0.0,0.0,,414470,0.1717547372141465,0.0,-0.8767571237729115,0.0,0.0,-0.0017983437702179111,9
Bosque de Chapultepec,2023-12,16432,14809,31241,Miguel Hidalgo,0.0,,1.0,1.0,,414470,0.19736463173689137,0.0,-0.48088232623334126,0.0,0.0,0.050594083245111554,12
Bosque de Chapultepec,2024-02,21687,19689,41376,Miguel Hidalgo,0.0,,1.0,1.0,,414470,0.1777223457696479,0.0,0.17303730695087127,0.0,0.0,0.10616490357991108,14
Bosque de Chapultepec,2024-07,19914,17854,37768,Miguel Hidalgo,0.0,,0.0,0.0,,414470,0.06537390177577093,0.0,-0.6405475848094834,0.0,0.0,-0.031367807593062874,19
Bosque de Chapultepec,2024-12,19714,17870,37584,Miguel Hidalgo,0.0,,1.0,1.0,,414470,0.11971161898432708,0.0,0.35962684513945675,0.0,0.0,0.09581849400610923,24
Bosque de Chapultepec,2025-01,20431,18527,38958,Miguel Hidalgo,0.0,,0.0,0.0,,414470,0.09370517144609325,0.0,-0.8202469932994618,0.0,0.0,-0.03517211360689956,25
Bosque de Chapultepec,2025-04,20921,19201,40122,Miguel Hidalgo,0.0,,0.0,0.0,,414470,0.1493045265502983,-0.15394759295997215,-1.1225347864675495,0.0,0.0,-0.06069335431560162,28
Bosque de Chapultepec,2025-06,16198,15155,31353,Miguel Hidalgo,0.0,,0.0,0.0,,414470,0.03937669650278092,0.0,-0.4173499241975349,0.0,0.0,-0.022046644168363036,30
Bosque de Chapultepec,2025-07,17782,16523,34305,Miguel Hidalgo,0.0,,0.0,0.0,,414470,0.06559297573596354,0.0,-0.4173499241975349,0.0,0.0,-0.008938504551771725,31
Bosque de Chapultepec,2025-08,17744,16703,34447,Miguel Hidalgo,0.0,,0.0,0.0,,414470,0.09133083245571878,0.0,-0.8678676145537424,0.0,0.0,-0.04112134522751485,32
Bosque de Chapultepec,2025-11,17863,16651,34514,Miguel Hidalgo,0.0,,0.0,0.0,,414470,0.09761691420688223,0.0,-0.9235742148543081,0.0,0.0,-0.0435489643819897,35
Bosque de Chapultepec,2025-12,15544,14251,29795,Miguel Hidalgo,0.0,,3.0,2.0,,414470,0.06540740957203564,0.0,0.9736789450916139,0.0,0.0,0.1300715992951792,36
Bosque de Chapultepec,2026-02,15320,14715,30035,Miguel Hidalgo,0.0,,0.0,0.0,,414470,0.033136231839684435,0.0,0.0,0.0,0.0,0.016568115919842218,38
Bosque de Chapultepec,2026-03,17114,16587,33701,Miguel Hidalgo,0.0,,0.0,0.0,,414470,0.058793351538944834,0.0,0.0,0.0,0.0,0.029396675769472417,39
Bosque de Chapultepec,2026-04,15723,15586,31309,Miguel Hidalgo,0.0,,0.0,0.0,,414470,0.032689458437524,-0.29804219930138437,0.0,0.0,0.0,-0.028361600676445654,40
Bosque de Chapultepec,2026-05,15921,15255,31176,Miguel Hidalgo,0.0,,0.0,0.0,,414470,0.020961644635608432,0.0,0.0,0.0,0.0,0.010480822317804216,41
Bosque de Chapultepec,2026-06,15414,14361,29775,Miguel Hidalgo,0.0,,0.0,0.0,,414470,0.041438201346609665,0.0,0.0,0.0,0.0,0.020719100673304833,42
Buenavista,2023-01,17231,23088,40319,Cuauhtemoc,0.0,3.767136694628792,2.0,1.0,16095.066813605745,545884,1.2261729658855764,0.0,1.7757530875264789,-0.22277456436596726,0.4812317011940524,0.8053687771599464,1
Buenavista,2023-02,18520,25665,44185,Cuauhtemoc,0.0,3.767136694628792,2.0,2.0,16095.066813605745,545884,1.1549669800357485,0.0,0.26178433206356805,-0.22277456436596726,0.4812317011940524,0.6183689086887413,2
Buenavista,2023-03,20934,30506,51440,Cuauhtemoc,0.0,3.767136694628792,2.0,2.0,16095.066813605745,545884,1.0868689526856037,0.0,-0.407960098835215,-0.22277456436596726,0.4812317011940524,0.5173454519237906,3
Buenavista,2023-04,19612,28299,47911,Cuauhtemoc,0.0,3.767136694628792,0.0,0.0,16095.066813605745,545884,1.0037421362041845,0.0,-0.7638198663195582,-0.22277456436596726,0.4812317011940524,0.4401960669346466,4
Buenavista,2023-05,24878,33870,58748,Cuauhtemoc,0.0,3.767136694628792,1.0,1.0,16095.066813605745,545884,1.103740039257922,0.0,0.11557414688204855,-0.22277456436596726,0.4812317011940524,0.578134419781676,5
Buenavista,2023-06,25915,36247,62162,Cuauhtemoc,0.0,3.767136694628792,0.0,0.0,16095.066813605745,545884,1.1108629352011048,0.0,-1.2210451038201218,-0.22277456436596726,0.4812317011940524,0.4480339426830504,6
Buenavista,2023-07,27692,34140,61832,Cuauhtemoc,0.0,3.767136694628792,4.0,2.0,16095.066813605745,545884,1.129834678038083,0.0,2.189228582840571,-0.22277456436596726,0.4812317011940524,0.7985471827676088,7
Buenavista,2023-08,28779,39373,68152,Cuauhtemoc,0.0,3.767136694628792,5.0,4.0,16095.066813605745,545884,1.1339965706286463,0.0,2.3021728866442674,-0.22277456436596726,0.4812317011940524,0.8119225594432601,8
Buenavista,2023-09,31652,41471,73123,Cuauhtemoc,0.0,3.767136694628792,4.0,2.0,16095.066813605745,545884,1.1674716097354252,0.0,2.077983419335798,-0.22277456436596726,0.4812317011940524,0.8062411322658026,9
Buenavista,2023-12,24767,34300,59067,Cuauhtemoc,0.0,3.767136694628792,1.0,0.0,16095.066813605745,545884,0.8599867972938492,0.0,-0.48088232623334126,-0.22277456436596726,0.4812317011940524,0.39661215148810064,12
Buenavista,2024-02,34261,51568,85829,Cuauhtemoc,0.0,3.767136694628792,3.0,1.0,16095.066813605745,545884,0.999668343882638,0.0,2.1219838168185787,-0.22277456436596726,0.4812317011940524,0.7267395390876871,14
Buenavista,2024-07,43334,54551,97885,Cuauhtemoc,0.0,3.767136694628792,2.0,0.0,16095.066813605745,545884,1.1438845858024247,0.0,2.0472403200773686,-0.22277456436596726,0.4812317011940524,0.7913733103734594,19
Buenavista,2024-12,21894,29124,51018,Cuauhtemoc,0.0,3.767136694628792,2.0,0.0,16095.066813605745,545884,0.3803525809943408,0.0,1.7848147129143406,-0.22277456436596726,0.4812317011940524,0.38336474725311465,24
Buenavista,2025-01,25599,38261,63860,Cuauhtemoc,0.0,3.767136694628792,5.0,3.0,16095.066813605745,545884,0.5484983771833427,0.0,2.029312366539578,-0.22277456436596726,0.4812317011940524,0.4918874107101393,25
Buenavista,2025-04,32376,47142,79518,Cuauhtemoc,0.0,3.767136694628792,2.0,2.0,16095.066813605745,545884,0.9004282996206566,-0.15394759295997215,1.771711530448783,-0.22277456436596726,0.4812317011940524,0.619000149375721,28
Buenavista,2025-06,28197,41337,69534,Cuauhtemoc,0.0,3.767136694628792,1.0,0.0,16095.066813605745,545884,0.8550435125509925,0.0,2.3736776938734803,-0.22277456436596726,0.4812317011940524,0.6795965111273544,30
Buenavista,2025-07,32750,43739,76489,Cuauhtemoc,0.0,3.767136694628792,1.0,1.0,16095.066813605745,545884,0.9290090272018674,0.0,2.3736776938734803,-0.22277456436596726,0.4812317011940524,0.716579268452792,31
Buenavista,2025-08,28297,40312,68609,Cuauhtemoc,0.0,3.767136694628792,1.0,1.0,16095.066813605745,545884,0.8109245193379164,0.0,-0.13667206528405393,-0.22277456436596726,0.4812317011940524,0.40650203860506295,32
Buenavista,2025-11,26801,40326,67127,Cuauhtemoc,0.0,3.767136694628792,3.0,1.0,16095.066813605745,545884,0.790555581361979,0.0,2.1016025501276605,-0.22277456436596726,0.4812317011940524,0.6201450311582657,35
Buenavista,2025-12,16182,23207,39389,Cuauhtemoc,0.0,3.767136694628792,4.0,3.0,16095.066813605745,545884,0.2907434262024569,0.0,1.5656314855734474,-0.22277456436596726,0.4812317011940524,0.3166418471230834,36
Buenavista,2026-02,24123,38289,62412,Cuauhtemoc,0.0,3.767136694628792,0.0,0.0,16095.066813605745,545884,0.7663657096487207,0.0,0.0,-0.22277456436596726,0.4812317011940524,0.39788984028887053,38
Buenavista,2026-03,26778,40880,67658,Cuauhtemoc,0.0,3.767136694628792,0.0,0.0,16095.066813605745,545884,0.7725077140104224,0.0,0.0,-0.22277456436596726,0.4812317011940524,0.40096084246972136,39
Buenavista,2026-04,25065,40162,65227,Cuauhtemoc,1.0,3.767136694628792,0.0,0.0,16095.066813605745,545884,0.7689231450063141,0.5411818882051453,0.0,-0.22277456436596726,0.4812317011940524,0.480345841198439,40
Buenavista,2026-05,23757,34258,58015,Cuauhtemoc,0.0,3.767136694628792,0.0,0.0,16095.066813605745,545884,0.5929108802590825,0.0,0.0,-0.22277456436596726,0.4812317011940524,0.3111624255940514,41
Buenavista,2026-06,27738,38091,65829,Cuauhtemoc,0.0,3.767136694628792,0.0,0.0,16095.066813605745,545884,0.8489433992559638,0.0,0.0,-0.22277456436596726,0.4812317011940524,0.4391786850924921,42
Centro,2023-01,41897,46006,87903,Cuauhtemoc,0.0,5.344333172152654,2.0,1.0,31514.09304003132,545884,3.2135905168976056,0.0,1.7757530875264789,-0.6309299541219647,1.831239098081629,1.8728549838913189,1
Centro,2023-02,46734,51265,97999,Cuauhtemoc,0.0,5.344333172152654,2.0,2.0,31514.09304003132,545884,3.112192359466641,0.0,0.26178433206356805,-0.6309299541219647,1.831239098081629,1.6707590296295456,2
Centro,2023-03,55784,61013,116797,Cuauhtemoc,0.0,5.344333172152654,2.0,2.0,31514.09304003132,545884,3.0518583189364135,0.0,-0.407960098835215,-0.6309299541219647,1.831239098081629,1.5736175662745533,3
Centro,2023-04,56519,61304,117823,Cuauhtemoc,0.0,5.344333172152654,0.0,0.0,31514.09304003132,545884,3.149490139427372,0.0,-0.7638198663195582,-0.6309299541219647,1.831239098081629,1.5868474997715982,4
Centro,2023-05,61345,67267,128612,Cuauhtemoc,0.0,5.344333172152654,1.0,1.0,31514.09304003132,545884,2.980766714303251,0.0,0.11557414688204855,-0.6309299541219647,1.831239098081629,1.5904251885296985,5
Centro,2023-06,62862,68529,131391,Cuauhtemoc,0.0,5.344333172152654,0.0,0.0,31514.09304003132,545884,2.887601343546767,0.0,-1.2210451038201218,-0.6309299541219647,1.831239098081629,1.4101805780812395,6
Centro,2023-07,61888,66992,128880,Cuauhtemoc,0.0,5.344333172152654,4.0,2.0,31514.09304003132,545884,2.88557423869994,0.0,2.189228582840571,-0.6309299541219647,1.831239098081629,1.7501943943238951,7
Centro,2023-08,69062,75116,144178,Cuauhtemoc,0.0,5.344333172152654,5.0,4.0,31514.09304003132,545884,2.952079555476595,0.0,2.3021728866442674,-0.6309299541219647,1.831239098081629,1.7947414830925923,8
Centro,2023-09,71573,78139,149712,Cuauhtemoc,0.0,5.344333172152654,4.0,2.0,31514.09304003132,545884,2.924596089575342,0.0,2.077983419335798,-0.6309299541219647,1.831239098081629,1.758580803411119,9
Centro,2023-12,79541,84581,164122,Cuauhtemoc,0.0,5.344333172152654,1.0,0.0,31514.09304003132,545884,3.3616676570144777,0.0,-0.48088232623334126,-0.6309299541219647,1.831239098081629,1.721230012573773,12
Centro,2024-02,98647,105070,203717,Cuauhtemoc,0.0,5.344333172152654,3.0,1.0,31514.09304003132,545884,3.179444058132389,0.0,2.1219838168185787,-0.6309299541219647,1.831239098081629,1.8904048274379204,14
Centro,2024-07,98203,104929,203132,Cuauhtemoc,0.0,5.344333172152654,2.0,0.0,31514.09304003132,545884,3.0320362560746146,0.0,2.0472403200773686,-0.6309299541219647,1.831239098081629,1.8092265767349123,19
Centro,2024-12,98524,105371,203895,Cuauhtemoc,0.0,5.344333172152654,2.0,0.0,31514.09304003132,545884,3.3464094776152185,0.0,1.7848147129143406,-0.6309299541219647,1.831239098081629,1.9401706267889114,24
Centro,2025-01,96966,104510,201476,Cuauhtemoc,0.0,5.344333172152654,5.0,3.0,31514.09304003132,545884,3.0618234836301066,0.0,2.029312366539578,-0.6309299541219647,1.831239098081629,1.8223273951588792,25
Centro,2025-04,92487,99489,191976,Cuauhtemoc,6.0,5.344333172152654,2.0,2.0,31514.09304003132,545884,3.0445514916184826,9.729487875070241,1.771711530448783,-0.6309299541219647,1.831239098081629,3.247354496804524,28
Centro,2025-06,75105,80846,155951,Cuauhtemoc,0.0,5.344333172152654,1.0,0.0,31514.09304003132,545884,2.70118371952405,0.0,2.3736776938734803,-0.6309299541219647,1.831239098081629,1.6764440458392411,30
Centro,2025-07,77952,85668,163620,Cuauhtemoc,0.0,5.344333172152654,1.0,1.0,31514.09304003132,545884,2.7123938171761623,0.0,2.3736776938734803,-0.6309299541219647,1.831239098081629,1.6820490946652973,31
Centro,2025-08,79971,86723,166694,Cuauhtemoc,0.0,5.344333172152654,1.0,1.0,31514.09304003132,545884,2.8770022307670002,0.0,-0.13667206528405393,-0.6309299541219647,1.831239098081629,1.513318325544963,32
Centro,2025-11,78099,84868,162967,Cuauhtemoc,0.0,5.344333172152654,3.0,1.0,31514.09304003132,545884,2.8268982011805934,0.0,2.1016025501276605,-0.6309299541219647,1.831239098081629,1.712093772292931,35
Centro,2025-12,72931,79397,152328,Cuauhtemoc,0.0,5.344333172152654,4.0,3.0,31514.09304003132,545884,2.943362186075622,0.0,1.5656314855734474,-0.6309299541219647,1.831239098081629,1.7167286582850239,36
Centro,2026-02,70387,76566,146953,Cuauhtemoc,0.0,5.344333172152654,0.0,0.0,31514.09304003132,545884,2.680933250911152,0.0,0.0,-0.6309299541219647,1.831239098081629,1.428951042145444,38
Centro,2026-03,76401,82667,159068,Cuauhtemoc,0.0,5.344333172152654,0.0,0.0,31514.09304003132,545884,2.69377961298612,0.0,0.0,-0.6309299541219647,1.831239098081629,1.435374223182928,39
Centro,2026-04,78394,84077,162471,Cuauhtemoc,10.0,5.344333172152654,0.0,0.0,31514.09304003132,545884,2.879728871071985,8.094198675763913,0.0,-0.6309299541219647,1.831239098081629,2.7424786535904473,40
Centro,2026-05,78073,83568,161641,Cuauhtemoc,0.0,5.344333172152654,0.0,0.0,31514.09304003132,545884,2.801220112746065,0.0,0.0,-0.6309299541219647,1.831239098081629,1.4890944730629008,41
Centro,2026-06,76896,80781,157677,Cuauhtemoc,0.0,5.344333172152654,0.0,0.0,31514.09304003132,545884,2.9060726336704077,0.0,0.0,-0.6309299541219647,1.831239098081629,1.541520733525072,42
Centro Urbano Presidente Aleman,2023-01,999,899,1898,Benito Juarez,0.0,0.1663693200522399,1.0,1.0,770.0035912182456,434153,-0.37853806570977433,0.0,0.3363168726375907,0.7090513889219213,-0.8605487980527526,-0.13533451705811517,1
Centro Urbano Presidente Aleman,2023-02,858,795,1653,Benito Juarez,0.0,0.1663693200522399,3.0,2.0,770.0035912182456,434153,-0.3919299211043774,0.0,1.195481783090294,0.7090513889219213,-0.8605487980527526,-0.056113953710146366,2
Centro Urbano Presidente Aleman,2023-03,1025,899,1924,Benito Juarez,0.0,0.1663693200522399,6.0,4.0,770.0035912182456,434153,-0.40185319581073375,0.0,1.3038724727478443,0.7090513889219213,-0.8605487980527526,-0.050236522097569514,3
Centro Urbano Presidente Aleman,2023-04,877,850,1727,Benito Juarez,0.0,0.1663693200522399,4.0,1.0,770.0035912182456,434153,-0.41374307063955773,0.0,1.3590041777373958,0.7090513889219213,-0.8605487980527526,-0.050668289013026335,4
Centro Urbano Presidente Aleman,2023-05,1167,1112,2279,Benito Juarez,0.0,0.1663693200522399,2.0,2.0,770.0035912182456,434153,-0.4134049755298753,0.0,1.2397953938256114,0.7090513889219213,-0.8605487980527526,-0.062420119849363576,5
Centro Urbano Presidente Aleman,2023-06,1188,1114,2302,Benito Juarez,0.0,0.1663693200522399,1.0,1.0,770.0035912182456,434153,-0.42542331945476664,0.0,0.2306418529438008,0.7090513889219213,-0.8605487980527526,-0.16934464589999032,6
Centro Urbano Presidente Aleman,2023-07,1240,1210,2450,Benito Juarez,0.0,0.1663693200522399,1.0,1.0,770.0035912182456,434153,-0.42516064756778676,0.0,-0.4329444585468293,0.7090513889219213,-0.8605487980527526,-0.23557194110556337,7
Centro Urbano Presidente Aleman,2023-08,1395,1311,2706,Benito Juarez,0.0,0.1663693200522399,0.0,0.0,770.0035912182456,434153,-0.4310766809742109,0.0,-0.5755432216610669,0.7090513889219213,-0.8605487980527526,-0.25278983412019923,8
Centro Urbano Presidente Aleman,2023-09,1413,1338,2751,Benito Juarez,0.0,0.1663693200522399,1.0,0.0,770.0035912182456,434153,-0.4470208617068786,0.0,-0.1380719879957341,0.7090513889219213,-0.8605487980527526,-0.21701480111999977,9
Centro Urbano Presidente Aleman,2023-12,1290,1141,2431,Benito Juarez,0.0,0.1663693200522399,2.0,2.0,770.0035912182456,434153,-0.48868958337472923,0.0,0.9484068100713118,0.7090513889219213,-0.8605487980527526,-0.1292012821472205,12
Centro Urbano Presidente Aleman,2024-02,1761,1654,3415,Benito Juarez,0.0,0.1663693200522399,0.0,0.0,770.0035912182456,434153,-0.5241851078187988,0.0,-0.8014359479829826,0.7090513889219213,-0.8605487980527526,-0.32193332017468473,14
Centro Urbano Presidente Aleman,2024-07,1446,1370,2816,Benito Juarez,0.0,0.1663693200522399,0.0,0.0,770.0035912182456,434153,-0.561671782940692,0.0,-0.6405475848094834,0.7090513889219213,-0.8605487980527526,-0.3245878214182814,19
Centro Urbano Presidente Aleman,2024-12,1183,1180,2363,Benito Juarez,0.0,0.1663693200522399,0.0,0.0,770.0035912182456,434153,-0.563631787518181,0.0,-1.0655610226354273,0.7090513889219213,-0.8605487980527526,-0.36806916748962026,24
Centro Urbano Presidente Aleman,2025-01,1379,1319,2698,Benito Juarez,0.0,0.1663693200522399,2.0,1.0,770.0035912182456,434153,-0.5685228279126998,0.0,0.319576750636154,0.7090513889219213,-0.8605487980527526,-0.23200091035972156,25
Centro Urbano Presidente Aleman,2025-04,1173,1106,2279,Benito Juarez,0.0,0.1663693200522399,1.0,1.0,770.0035912182456,434153,-0.5722097628268356,-0.15394759295997215,0.32458837199061674,0.7090513889219213,-0.8605487980527526,-0.25643535462533895,28
Centro Urbano Presidente Aleman,2025-06,1164,1109,2273,Benito Juarez,0.0,0.1663693200522399,0.0,0.0,770.0035912182456,434153,-0.5818639994109456,0.0,-0.4173499241975349,0.7090513889219213,-0.8605487980527526,-0.31236416359221336,30
Centro Urbano Presidente Aleman,2025-07,1270,1169,2439,Benito Juarez,0.0,0.1663693200522399,0.0,0.0,770.0035912182456,434153,-0.5866357341069269,0.0,-0.4173499241975349,0.7090513889219213,-0.8605487980527526,-0.31475003094020404,31
Centro Urbano Presidente Aleman,2025-08,1207,1076,2283,Benito Juarez,0.0,0.1663693200522399,3.0,3.0,770.0035912182456,434153,-0.5861766713461373,0.0,1.325719033255323,0.7090513889219213,-0.8605487980527526,-0.14021360381452339,32
Centro Urbano Presidente Aleman,2025-11,1165,1062,2227,Benito Juarez,0.0,0.1663693200522399,1.0,0.0,770.0035912182456,434153,-0.588395128427546,0.0,0.08481804013968136,0.7090513889219213,-0.8605487980527526,-0.2654129316667919,35
Centro Urbano Presidente Aleman,2025-12,1143,1049,2192,Benito Juarez,0.0,0.1663693200522399,0.0,0.0,770.0035912182456,434153,-0.5829092536601426,0.0,-0.8021786763538865,0.7090513889219213,-0.8605487980527526,-0.351369665932447,36
Centro Urbano Presidente Aleman,2026-02,1301,1181,2482,Benito Juarez,0.0,0.1663693200522399,0.0,0.0,770.0035912182456,434153,-0.5908459716403284,0.0,0.0,0.7090513889219213,-0.8605487980527526,-0.2751201572871512,38
Centro Urbano Presidente Aleman,2026-03,1463,1341,2804,Benito Juarez,0.0,0.1663693200522399,0.0,0.0,770.0035912182456,434153,-0.5906053779507404,0.0,0.0,0.7090513889219213,-0.8605487980527526,-0.27499986044235725,39
Centro Urbano Presidente Aleman,2026-04,1438,1357,2795,Benito Juarez,0.0,0.1663693200522399,0.0,0.0,770.0035912182456,434153,-0.5862434780216563,-0.29804219930138437,0.0,0.7090513889219213,-0.8605487980527526,-0.3175252403730229,40
Centro Urbano Presidente Aleman,2026-05,1392,1302,2694,Benito Juarez,0.0,0.1663693200522399,0.0,0.0,770.0035912182456,434153,-0.58600054207134,0.0,0.0,0.7090513889219213,-0.8605487980527526,-0.27269744250265704,41
Centro Urbano Presidente Aleman,2026-06,1239,1187,2426,Benito Juarez,0.0,0.1663693200522399,0.0,0.0,770.0035912182456,434153,-0.5711002037574822,0.0,0.0,0.7090513889219213,-0.8605487980527526,-0.2652472733457282,42
Ciudad de los Deportes,2023-01,2511,1917,4428,Benito Juarez,0.0,1.249022770273093,1.0,1.0,5037.696323928133,434153,-0.2728687986439448,0.0,0.3363168726375907,0.42887650440828134,-0.48689246773744244,-0.08716048317071538,1
Ciudad de los Deportes,2023-02,2618,2110,4728,Benito Juarez,0.0,1.249022770273093,3.0,2.0,5037.696323928133,434153,-0.2800915882960005,0.0,1.195481783090294,0.42887650440828134,-0.48689246773744244,-0.004855386951472897,2
Ciudad de los Deportes,2023-03,3164,2698,5862,Benito Juarez,0.0,1.249022770273093,6.0,4.0,5037.696323928133,434153,-0.2834553482305864,0.0,1.3038724727478443,0.42887650440828134,-0.48689246773744244,0.004301802046989191,3
Ciudad de los Deportes,2023-04,3697,3177,6874,Benito Juarez,0.0,1.249022770273093,4.0,1.0,5037.696323928133,434153,-0.25577069146874665,0.0,1.3590041777373958,0.42887650440828134,-0.48689246773744244,0.023657300926864223,4
Ciudad de los Deportes,2023-05,4565,3907,8472,Benito Juarez,0.0,1.249022770273093,2.0,2.0,5037.696323928133,434153,-0.24701847892853956,0.0,1.2397953938256114,0.42887650440828134,-0.48689246773744244,0.016112528805789318,5
Ciudad de los Deportes,2023-06,4637,4064,8701,Benito Juarez,0.0,1.249022770273093,1.0,1.0,5037.696323928133,434153,-0.26119519143032754,0.0,0.2306418529438008,0.42887650440828134,-0.48689246773744244,-0.09189118153328574,6
Ciudad de los Deportes,2023-07,4680,4075,8755,Benito Juarez,0.0,1.249022770273093,1.0,1.0,5037.696323928133,434153,-0.2600559773319407,0.0,-0.4329444585468293,0.42887650440828134,-0.48689246773744244,-0.15768020563315532,7
Ciudad de los Deportes,2023-08,5421,4698,10119,Benito Juarez,0.0,1.249022770273093,0.0,0.0,5037.696323928133,434153,-0.25380246995853417,0.0,-0.5755432216610669,0.42887650440828134,-0.48689246773744244,-0.16881332825787582,8
Ciudad de los Deportes,2023-09,5636,4973,10609,Benito Juarez,0.0,1.249022770273093,1.0,0.0,5037.696323928133,434153,-0.2667406104621559,0.0,-0.1380719879957341,0.42887650440828134,-0.48689246773744244,-0.1315352751431534,9
Ciudad de los Deportes,2023-12,5301,4819,10120,Benito Juarez,0.0,1.249022770273093,2.0,2.0,5037.696323928133,434153,-0.3055909766411905,0.0,0.9484068100713118,0.42887650440828134,-0.48689246773744244,-0.04231257842596612,12
Ciudad de los Deportes,2024-02,7584,7028,14612,Benito Juarez,0.0,1.249022770273093,0.0,0.0,5037.696323928133,434153,-0.3171500518974627,0.0,-0.8014359479829826,0.42887650440828134,-0.48689246773744244,-0.22307639185953165,14
Ciudad de los Deportes,2024-07,8172,7263,15435,Benito Juarez,0.0,1.249022770273093,0.0,0.0,5037.696323928133,434153,-0.3352844661795039,0.0,-0.6405475848094834,0.42887650440828134,-0.48689246773744244,-0.21605476268320234,19
Ciudad de los Deportes,2024-12,6991,6536,13527,Benito Juarez,0.0,1.249022770273093,0.0,0.0,5037.696323928133,434153,-0.34703243513766935,0.0,-1.0655610226354273,0.42887650440828134,-0.48689246773744244,-0.26443009094487946,24
Ciudad de los Deportes,2025-01,7799,7221,15020,Benito Juarez,0.0,1.249022770273093,2.0,1.0,5037.696323928133,434153,-0.3434821933815623,0.0,0.319576750636154,0.42887650440828134,-0.48689246773744244,-0.12414119273966778,25
Ciudad de los Deportes,2025-04,6871,6418,13289,Benito Juarez,0.0,1.249022770273093,1.0,1.0,5037.696323928133,434153,-0.3622932042547815,-0.15394759295997215,0.32458837199061674,0.42887650440828134,-0.48689246773744244,-0.15613767498482695,28
Ciudad de los Deportes,2025-06,6299,5944,12243,Benito Juarez,0.0,1.249022770273093,0.0,0.0,5037.696323928133,434153,-0.36887329314341283,0.0,-0.4173499241975349,0.42887650440828134,-0.48689246773744244,-0.21052941010396198,30
Ciudad de los Deportes,2025-07,7187,6548,13735,Benito Juarez,0.0,1.249022770273093,0.0,0.0,5037.696323928133,434153,-0.3554308289922188,0.0,-0.4173499241975349,0.42887650440828134,-0.48689246773744244,-0.20380817802836493,31
Ciudad de los Deportes,2025-08,6826,6271,13097,Benito Juarez,0.0,1.249022770273093,3.0,3.0,5037.696323928133,434153,-0.35838889165103494,0.0,1.325719033255323,0.42887650440828134,-0.48689246773744244,-0.030980313612487202,32
Ciudad de los Deportes,2025-11,7021,6280,13301,Benito Juarez,0.0,1.249022770273093,1.0,0.0,5037.696323928133,434153,-0.35310236786962307,0.0,0.08481804013968136,0.42887650440828134,-0.48689246773744244,-0.15242715103334545,35
Ciudad de los Deportes,2025-12,6212,5438,11650,Benito Juarez,0.0,1.249022770273093,0.0,0.0,5037.696323928133,434153,-0.36076749367572275,0.0,-0.8021786763538865,0.42887650440828134,-0.48689246773744244,-0.2449593855857521,36
Ciudad de los Deportes,2026-02,6218,5639,11857,Benito Juarez,0.0,1.249022770273093,0.0,0.0,5037.696323928133,434153,-0.37853394907925986,0.0,0.0,0.42887650440828134,-0.48689246773744244,-0.17362474565213198,38
Ciudad de los Deportes,2026-03,6390,5809,12199,Benito Juarez,0.0,1.249022770273093,0.0,0.0,5037.696323928133,434153,-0.39313957015206763,0.0,0.0,0.42887650440828134,-0.48689246773744244,-0.18092755618853587,39
Ciudad de los Deportes,2026-04,5581,5317,10898,Benito Juarez,0.0,1.249022770273093,0.0,0.0,5037.696323928133,434153,-0.4103574717044529,-0.29804219930138437,0.0,0.42887650440828134,-0.48689246773744244,-0.23424283685993616,40
Ciudad de los Deportes,2026-05,5733,5477,11210,Benito Juarez,0.0,1.249022770273093,0.0,0.0,5037.696323928133,434153,-0.4045213628705685,0.0,0.0,0.42887650440828134,-0.48689246773744244,-0.1866184525477863,41
Ciudad de los Deportes,2026-06,4891,4731,9622,Benito Juarez,0.0,1.249022770273093,0.0,0.0,5037.696323928133,434153,-0.40993064131903667,0.0,0.0,0.42887650440828134,-0.48689246773744244,-0.1893230917720204,42
Claveria,2023-01,0,0,0,Azcapotzalco,0.0,1.0210896022770786,1.0,1.0,9995.42539143723,432205,-0.4578108992635074,0.0,0.3363168726375907,0.48786227590061276,-0.05282024977654292,-0.127376445960557,1
Claveria,2023-02,0,0,0,Azcapotzalco,0.0,1.0210896022770786,0.0,0.0,9995.42539143723,432205,-0.4520498443994171,0.0,-1.6056105699898837,0.48786227590061276,-0.05282024977654292,-0.3186886627912593,2
Claveria,2023-03,0,0,0,Azcapotzalco,0.0,1.0210896022770786,0.0,0.0,9995.42539143723,432205,-0.4596991731454731,0.0,-1.2638763846267447,0.48786227590061276,-0.05282024977654292,-0.28833990862797343,3
Claveria,2023-04,0,0,0,Azcapotzalco,0.0,1.0210896022770786,0.0,0.0,9995.42539143723,432205,-0.46674837447246836,0.0,-0.7638198663195582,0.48786227590061276,-0.05282024977654292,-0.2418588574607524,4
Claveria,2023-05,0,0,0,Azcapotzalco,0.0,1.0210896022770786,0.0,0.0,9995.42539143723,432205,-0.4746345614744004,0.0,-1.0086471000615145,0.48786227590061276,-0.05282024977654292,-0.270284674335914,5
Claveria,2023-06,0,0,0,Azcapotzalco,0.0,1.0210896022770786,0.0,0.0,9995.42539143723,432205,-0.48450335550919055,0.0,-1.2210451038201218,0.48786227590061276,-0.05282024977654292,-0.29645887172916985,6
Claveria,2023-07,0,0,0,Azcapotzalco,0.0,1.0210896022770786,2.0,1.0,9995.42539143723,432205,-0.48931710150558577,0.0,0.44111322191563745,0.48786227590061276,-0.05282024977654292,-0.13264991215379152,7
Claveria,2023-08,0,0,0,Azcapotzalco,0.0,1.0210896022770786,0.0,0.0,9995.42539143723,432205,-0.49578786605561137,0.0,-0.5755432216610669,0.48786227590061276,-0.05282024977654292,-0.23755093878647476,8
Claveria,2023-09,0,0,0,Azcapotzalco,0.0,1.0210896022770786,2.0,2.0,9995.42539143723,432205,-0.5101350092220519,0.0,0.6006131477814433,0.48786227590061276,-0.05282024977654292,-0.127108873425444,9
Claveria,2023-12,2505,2673,5178,Azcapotzalco,0.0,1.0210896022770786,2.0,2.0,9995.42539143723,432205,-0.4232751117012956,0.0,0.9484068100713118,0.48786227590061276,-0.05282024977654292,-0.04889955843607901,12
Claveria,2024-02,4766,4960,9726,Azcapotzalco,0.0,1.0210896022770786,1.0,1.0,9995.42539143723,432205,-0.4074932941258853,0.0,0.17303730695087127,0.48786227590061276,-0.05282024977654292,-0.1185455999604179,14
Claveria,2024-07,5330,5339,10669,Azcapotzalco,0.0,1.0210896022770786,1.0,1.0,9995.42539143723,432205,-0.42078743405998753,0.0,0.7033463676339425,0.48786227590061276,-0.05282024977654292,-0.07216176385916188,19
Claveria,2024-12,6169,6267,12436,Azcapotzalco,0.0,1.0210896022770786,1.0,1.0,9995.42539143723,432205,-0.3681995699860336,0.0,0.35962684513945675,0.48786227590061276,-0.05282024977654292,-0.08023978407163349,24
Claveria,2025-01,6826,6910,13736,Azcapotzalco,0.0,1.0210896022770786,0.0,0.0,9995.42539143723,432205,-0.36693229683376,0.0,-0.8202469932994618,0.48786227590061276,-0.05282024977654292,-0.19759353133938856,25
Claveria,2025-04,7117,6960,14077,Azcapotzalco,0.0,1.0210896022770786,0.0,0.0,9995.42539143723,432205,-0.3472692035141113,-0.15394759295997215,-1.1225347864675495,0.48786227590061276,-0.05282024977654292,-0.24108290294036877,28
Claveria,2025-06,5946,5734,11680,Azcapotzalco,0.0,1.0210896022770786,0.0,0.0,9995.42539143723,432205,-0.3809007522836958,0.0,-0.4173499241975349,0.48786227590061276,-0.05282024977654292,-0.16428805215416376,30
Claveria,2025-07,6871,6696,13567,Azcapotzalco,0.0,1.0210896022770786,0.0,0.0,9995.42539143723,432205,-0.3588694288558228,0.0,-0.4173499241975349,0.48786227590061276,-0.05282024977654292,-0.15327239044022728,31
Claveria,2025-08,6574,6462,13036,Azcapotzalco,0.0,1.0210896022770786,0.0,0.0,9995.42539143723,432205,-0.3596738051484828,0.0,-0.8678676145537424,0.48786227590061276,-0.05282024977654292,-0.198726347622178,32
Claveria,2025-11,6379,6275,12654,Azcapotzalco,0.0,1.0210896022770786,1.0,1.0,9995.42539143723,432205,-0.3668493803385572,0.0,0.08481804013968136,0.48786227590061276,-0.05282024977654292,-0.10704556974787283,35
Claveria,2025-12,5708,5701,11409,Azcapotzalco,0.0,1.0210896022770786,0.0,0.0,9995.42539143723,432205,-0.3664279043498869,0.0,-0.8021786763538865,0.48786227590061276,-0.05282024977654292,-0.1955345034028945,36
Claveria,2026-02,6255,6388,12643,Azcapotzalco,0.0,1.0210896022770786,0.0,0.0,9995.42539143723,432205,-0.3607337091077399,0.0,0.0,0.48786227590061276,-0.05282024977654292,-0.11246953814643232,38
Claveria,2026-03,6734,6628,13362,Azcapotzalco,0.0,1.0210896022770786,0.0,0.0,9995.42539143723,432205,-0.36869542598284394,0.0,0.0,0.48786227590061276,-0.05282024977654292,-0.11645039658398434,39
Claveria,2026-04,6637,6544,13181,Azcapotzalco,0.0,1.0210896022770786,0.0,0.0,9995.42539143723,432205,-0.3608020289767995,-0.29804219930138437,0.0,0.48786227590061276,-0.05282024977654292,-0.15721002797616979,40
Claveria,2026-05,6604,6557,13161,Azcapotzalco,0.0,1.0210896022770786,0.0,0.0,9995.42539143723,432205,-0.36294481535756884,0.0,0.0,0.48786227590061276,-0.05282024977654292,-0.1135750912713468,41
Claveria,2026-06,6369,6267,12636,Azcapotzalco,0.0,1.0210896022770786,0.0,0.0,9995.42539143723,432205,-0.3424257690025449,0.0,0.0,0.48786227590061276,-0.05282024977654292,-0.10331556809383483,42
Condesa,2023-01,23956,23150,47106,Cuauhtemoc,0.0,2.2718878064356542,2.0,1.0,8733.129884759386,545884,1.5096422605795627,0.0,1.7757530875264789,0.16417398734575744,-0.16334008715463166,0.9406885284288298,1
Condesa,2023-02,28238,27093,55331,Cuauhtemoc,0.0,2.2718878064356542,2.0,2.0,8733.129884759386,545884,1.5603491125502749,0.0,0.26178433206356805,0.16417398734575744,-0.16334008715463166,0.8146450788678947,2
Condesa,2023-03,34210,33093,67303,Cuauhtemoc,0.0,2.2718878064356542,2.0,2.0,8733.129884759386,545884,1.563797610929351,0.0,-0.407960098835215,0.16417398734575744,-0.16334008715463166,0.7493948849675545,3
Condesa,2023-04,32721,32001,64722,Cuauhtemoc,0.0,2.2718878064356542,0.0,0.0,8733.129884759386,545884,1.5197074881063617,0.0,-0.7638198663195582,0.16417398734575744,-0.16334008715463166,0.6917638468076255,4
Condesa,2023-05,37644,37181,74825,Cuauhtemoc,0.0,2.2718878064356542,1.0,1.0,8733.129884759386,545884,1.535678632162762,0.0,0.11557414688204855,0.16417398734575744,-0.16334008715463166,0.7876888201559863,5
Condesa,2023-06,38075,37880,75955,Cuauhtemoc,0.0,2.2718878064356542,0.0,0.0,8733.129884759386,545884,1.464855523080631,0.0,-1.2210451038201218,0.16417398734575744,-0.16334008715463166,0.6186153405447038,6
Condesa,2023-07,36659,36696,73355,Cuauhtemoc,0.0,2.2718878064356542,4.0,2.0,8733.129884759386,545884,1.4315795020075763,0.0,2.189228582840571,0.16417398734575744,-0.16334008715463166,0.9430046986742457,7
Condesa,2023-08,38964,39310,78274,Cuauhtemoc,0.0,2.2718878064356542,5.0,4.0,8733.129884759386,545884,1.3760537086160578,0.0,2.3021728866442674,0.16417398734575744,-0.16334008715463166,0.9265362323588561,8
Condesa,2023-09,40426,40399,80825,Cuauhtemoc,0.0,2.2718878064356542,4.0,2.0,8733.129884759386,545884,1.3441728689727444,0.0,2.077983419335798,0.16417398734575744,-0.16334008715463166,0.8881768658063525,9
Condesa,2023-12,38177,38147,76324,Cuauhtemoc,0.0,2.2718878064356542,1.0,0.0,8733.129884759386,545884,1.2709287476645967,0.0,-0.48088232623334126,0.16417398734575744,-0.16334008715463166,0.5956682305953647,12
Condesa,2024-02,52828,52869,105697,Cuauhtemoc,0.0,2.2718878064356542,3.0,1.0,8733.129884759386,545884,1.3670321458872021,0.0,2.1219838168185787,0.16417398734575744,-0.16334008715463166,0.9040065440118594,14
Condesa,2024-07,51988,52988,104976,Cuauhtemoc,0.0,2.2718878064356542,2.0,0.0,8733.129884759386,545884,1.271098506331277,0.0,2.0472403200773686,0.16417398734575744,-0.16334008715463166,0.8485653745597758,19
Condesa,2024-12,45270,45696,90966,Cuauhtemoc,0.0,2.2718878064356542,2.0,0.0,8733.129884759386,545884,1.155407304112997,0.0,1.7848147129143406,0.16417398734575744,-0.16334008715463166,0.7644772127343331,24
Condesa,2025-01,49263,49722,98985,Cuauhtemoc,0.0,2.2718878064356542,5.0,3.0,8733.129884759386,545884,1.1899975078363378,0.0,2.029312366539578,0.16417398734575744,-0.16334008715463166,0.8062220799585272,25
Condesa,2025-04,47443,47615,95058,Cuauhtemoc,0.0,2.2718878064356542,2.0,2.0,8733.129884759386,545884,1.1967137964607766,-0.15394759295997215,1.771711530448783,0.16417398734575744,-0.16334008715463166,0.7607280017176712,28
Condesa,2025-06,41579,42376,83955,Cuauhtemoc,0.0,2.2718878064356542,1.0,0.0,8733.129884759386,545884,1.1631216444551138,0.0,2.3736776938734803,0.16417398734575744,-0.16334008715463166,0.8272206810013054,30
Condesa,2025-07,45049,45624,90673,Cuauhtemoc,0.0,2.2718878064356542,1.0,1.0,8733.129884759386,545884,1.2193251014004352,0.0,2.3736776938734803,0.16417398734575744,-0.16334008715463166,0.8553224094739661,31
Condesa,2025-08,43306,43775,87081,Cuauhtemoc,0.0,2.2718878064356542,1.0,1.0,8733.129884759386,545884,1.2000216033519657,0.0,-0.13667206528405393,0.16417398734575744,-0.16334008715463166,0.594635684533978,32
Condesa,2025-11,43208,43077,86285,Cuauhtemoc,0.0,2.2718878064356542,3.0,1.0,8733.129884759386,545884,1.197611632180896,0.0,2.1016025501276605,0.16417398734575744,-0.16334008715463166,0.8172581604896145,35
Condesa,2025-12,36659,37416,74075,Cuauhtemoc,0.0,2.2718878064356542,4.0,3.0,8733.129884759386,545884,1.1054197940201338,0.0,1.5656314855734474,0.16417398734575744,-0.16334008715463166,0.7175651349538121,36
Condesa,2026-02,39059,39128,78187,Cuauhtemoc,0.0,2.2718878064356542,0.0,0.0,8733.129884759386,545884,1.123616072944812,0.0,0.0,0.16417398734575744,-0.16334008715463166,0.5701001258588064,38
Condesa,2026-03,41755,41960,83715,Cuauhtemoc,0.0,2.2718878064356542,0.0,0.0,8733.129884759386,545884,1.1099966417191278,0.0,0.0,0.16417398734575744,-0.16334008715463166,0.5632904102459644,39
Condesa,2026-04,40895,40620,81515,Cuauhtemoc,0.0,2.2718878064356542,0.0,0.0,8733.129884759386,545884,1.1224750727978245,-0.29804219930138437,0.0,0.16417398734575744,-0.16334008715463166,0.5248232958901051,40
Condesa,2026-05,41523,41401,82924,Cuauhtemoc,0.0,2.2718878064356542,0.0,0.0,8733.129884759386,545884,1.1237310863079337,0.0,0.0,0.16417398734575744,-0.16334008715463166,0.5701576325403673,41
Condesa,2026-06,37858,37892,75750,Cuauhtemoc,0.0,2.2718878064356542,0.0,0.0,8733.129884759386,545884,1.071145070872392,0.0,0.0,0.16417398734575744,-0.16334008715463166,0.5438646248225965,42
Credito Constructor,2023-01,0,0,0,Benito Juarez,0.0,1.1660566332495608,1.0,1.0,1730.8238934596482,434153,-0.4578108992635074,0.0,0.3363168726375907,0.45034692770427615,-0.7764245157499818,-0.2053641747873514,1
Credito Constructor,2023-02,48,31,79,Benito Juarez,0.0,1.1660566332495608,3.0,2.0,1730.8238934596482,434153,-0.44917659942645394,0.0,1.195481783090294,0.45034692770427615,-0.7764245157499818,-0.11513053382355433,2
Credito Constructor,2023-03,1042,1091,2133,Benito Juarez,0.0,1.1660566332495608,6.0,4.0,1730.8238934596482,434153,-0.39556951116262534,0.0,1.3038724727478443,0.45034692770427615,-0.7764245157499818,-0.077487920725885,3
Credito Constructor,2023-04,1246,1386,2632,Benito Juarez,0.0,1.1660566332495608,4.0,1.0,1730.8238934596482,434153,-0.38596669544049345,0.0,1.3590041777373958,0.45034692770427615,-0.7764245157499818,-0.06717334236586389,4
Credito Constructor,2023-05,1721,1722,3443,Benito Juarez,0.0,1.1660566332495608,2.0,2.0,1730.8238934596482,434153,-0.3821319443585601,0.0,1.2397953938256114,0.45034692770427615,-0.7764245157499818,-0.07717684521607568,5
Credito Constructor,2023-06,1908,2006,3914,Benito Juarez,0.0,1.1660566332495608,1.0,1.0,1730.8238934596482,434153,-0.3840518954236062,0.0,0.2306418529438008,0.45034692770427615,-0.7764245157499818,-0.17905217483677976,6
Credito Constructor,2023-07,1417,1363,2780,Benito Juarez,0.0,1.1660566332495608,1.0,1.0,1730.8238934596482,434153,-0.41651916601698113,0.0,-0.4329444585468293,0.45034692770427615,-0.7764245157499818,-0.2616444412825303,7
Credito Constructor,2023-08,1104,1236,2340,Benito Juarez,0.0,1.1660566332495608,0.0,0.0,1730.8238934596482,434153,-0.43982919159497685,0.0,-0.5755432216610669,0.45034692770427615,-0.7764245157499818,-0.2875593303829519,8
Credito Constructor,2023-09,1150,1169,2319,Benito Juarez,0.0,1.1660566332495608,1.0,0.0,1730.8238934596482,434153,-0.4569319164966114,0.0,-0.1380719879957341,0.45034692770427615,-0.7764245157499818,-0.25236356946723587,9
Credito Constructor,2023-12,873,899,1772,Benito Juarez,0.0,1.1660566332495608,2.0,2.0,1730.8238934596482,434153,-0.504382388919976,0.0,0.9484068100713118,0.45034692770427615,-0.7764245157499818,-0.1674409258722136,12
Credito Constructor,2024-02,1135,1191,2326,Benito Juarez,0.0,1.1660566332495608,0.0,0.0,1730.8238934596482,434153,-0.5443209634853464,0.0,-0.8014359479829826,0.45034692770427615,-0.7764245157499818,-0.3623944889603282,14
Credito Constructor,2024-07,1352,1360,2712,Benito Juarez,0.0,1.1660566332495608,0.0,0.0,1730.8238934596482,434153,-0.5635375631881889,0.0,-0.6405475848094834,0.45034692770427615,-0.7764245157499818,-0.3559139524943996,19
Credito Constructor,2024-12,1124,1084,2208,Benito Juarez,0.0,1.1660566332495608,0.0,0.0,1730.8238934596482,434153,-0.56663903399068,0.0,-1.0655610226354273,0.45034692770427615,-0.7764245157499818,-0.3999660316782395,24
Credito Constructor,2025-01,1186,1177,2363,Benito Juarez,0.0,1.1660566332495608,2.0,1.0,1730.8238934596482,434153,-0.5746410402619881,0.0,0.319576750636154,0.45034692770427615,-0.7764245157499818,-0.26545325748673543,25
Credito Constructor,2025-04,1219,1193,2412,Benito Juarez,0.0,1.1660566332495608,1.0,1.0,1730.8238934596482,434153,-0.5696739860520779,-0.15394759295997215,0.32458837199061674,0.45034692770427615,-0.7764245157499818,-0.28556070719032983,28
Credito Constructor,2025-06,1166,1096,2262,Benito Juarez,0.0,1.1660566332495608,0.0,0.0,1730.8238934596482,434153,-0.5820989941721234,0.0,-0.4173499241975349,0.45034692770427615,-0.7764245157499818,-0.342874901925172,30
Credito Constructor,2025-07,1393,1358,2751,Benito Juarez,0.0,1.1660566332495608,0.0,0.0,1730.8238934596482,434153,-0.5802497629316623,0.0,-0.4173499241975349,0.45034692770427615,-0.7764245157499818,-0.3419502863049414,31
Credito Constructor,2025-08,1175,1178,2353,Benito Juarez,0.0,1.1660566332495608,3.0,3.0,1730.8238934596482,434153,-0.5847021804474266,0.0,1.325719033255323,0.45034692770427615,-0.7764245157499818,-0.16986959931753776,32
Credito Constructor,2025-11,1114,1109,2223,Benito Juarez,0.0,1.1660566332495608,1.0,0.0,1730.8238934596482,434153,-0.5884801176854684,0.0,0.08481804013968136,0.45034692770427615,-0.7764245157499818,-0.2958486672481228,35
Credito Constructor,2025-12,1051,974,2025,Benito Juarez,0.0,1.1660566332495608,0.0,0.0,1730.8238934596482,434153,-0.5868316129239826,0.0,-0.8021786763538865,0.45034692770427615,-0.7764245157499818,-0.38372408651673673,36
Credito Constructor,2026-02,1138,1063,2201,Benito Juarez,0.0,1.1660566332495608,0.0,0.0,1730.8238934596482,434153,-0.5972096706632255,0.0,0.0,0.45034692770427615,-0.7764245157499818,-0.3086952477509695,38
Credito Constructor,2026-03,1284,1183,2467,Benito Juarez,0.0,1.1660566332495608,0.0,0.0,1730.8238934596482,434153,-0.5976885048510228,0.0,0.0,0.45034692770427615,-0.7764245157499818,-0.30893466484486815,39
Credito Constructor,2026-04,1128,1099,2227,Benito Juarez,0.0,1.1660566332495608,0.0,0.0,1730.8238934596482,434153,-0.5985726464269595,-0.29804219930138437,0.0,0.45034692770427615,-0.7764245157499818,-0.35408306552804414,40
Credito Constructor,2026-05,1172,1140,2312,Benito Juarez,0.0,1.1660566332495608,0.0,0.0,1730.8238934596482,434153,-0.5941411064741928,0.0,0.0,0.45034692770427615,-0.7764245157499818,-0.3071609656564532,41
Credito Constructor,2026-06,1067,974,2041,Benito Juarez,0.0,1.1660566332495608,0.0,0.0,1730.8238934596482,434153,-0.579723088907399,0.0,0.0,0.45034692770427615,-0.7764245157499818,-0.29995195687305626,42
Cuauhtemoc,2023-01,45307,45018,90325,Cuauhtemoc,0.0,3.3357183012360077,2.0,1.0,11939.533285947571,545884,3.314749001021495,0.0,1.7757530875264789,-0.11112979149684062,0.11739543047429205,1.8300198835862984,1
Cuauhtemoc,2023-02,51896,52042,103938,Cuauhtemoc,0.0,3.3357183012360077,2.0,2.0,11939.533285947571,545884,3.328194915092316,0.0,0.26178433206356805,-0.11112979149684062,0.11739543047429205,1.685345965075418,2
Cuauhtemoc,2023-03,59711,60650,120361,Cuauhtemoc,0.0,3.3357183012360077,2.0,2.0,11939.533285947571,545884,3.1590116781988935,0.0,-0.407960098835215,-0.11112979149684062,0.11739543047429205,1.5337799035388282,3
Cuauhtemoc,2023-04,57762,58819,116581,Cuauhtemoc,0.0,3.3357183012360077,0.0,0.0,11939.533285947571,545884,3.1113705173309767,0.0,-0.7638198663195582,-0.11112979149684062,0.11739543047429205,1.4743733463564355,4
Cuauhtemoc,2023-05,64005,66722,130727,Cuauhtemoc,0.0,3.3357183012360077,1.0,1.0,11939.533285947571,545884,3.0375901343439136,0.0,0.11557414688204855,-0.11112979149684062,0.11739543047429205,1.5254225561830648,5
Cuauhtemoc,2023-06,67703,70952,138655,Cuauhtemoc,0.0,3.3357183012360077,0.0,0.0,11939.533285947571,545884,3.074029398238051,0.0,-1.2210451038201218,-0.11112979149684062,0.11739543047429205,1.4099802630599163,6
Cuauhtemoc,2023-07,66298,69743,136041,Cuauhtemoc,0.0,3.3357183012360077,4.0,2.0,11939.533285947571,545884,3.0730943883524207,0.0,2.189228582840571,-0.11112979149684062,0.11739543047429205,1.7505401267831706,7
Cuauhtemoc,2023-08,71535,74380,145915,Cuauhtemoc,0.0,3.3357183012360077,5.0,4.0,11939.533285947571,545884,2.9936181099800656,0.0,2.3021728866442674,-0.11112979149684062,0.11739543047429205,1.7220964179773626,8
Cuauhtemoc,2023-09,73819,77496,151315,Cuauhtemoc,0.0,3.3357183012360077,4.0,2.0,11939.533285947571,545884,2.9613725266770587,0.0,2.077983419335798,-0.11112979149684062,0.11739543047429205,1.6835546795950123,9
Cuauhtemoc,2023-12,69139,72433,141572,Cuauhtemoc,0.0,3.3357183012360077,1.0,0.0,11939.533285947571,545884,2.8246831880534553,0.0,-0.48088232623334126,-0.11112979149684062,0.11739543047429205,1.3593234357262967,12
Cuauhtemoc,2024-02,93075,96455,189530,Cuauhtemoc,0.0,3.3357183012360077,3.0,1.0,11939.533285947571,545884,2.917123227699595,0.0,2.1219838168185787,-0.11112979149684062,0.11739543047429205,1.6658300698545583,14
Cuauhtemoc,2024-07,95829,102503,198332,Cuauhtemoc,0.0,3.3357183012360077,2.0,0.0,11939.533285947571,545884,2.945923321574757,0.0,2.0472403200773686,-0.11112979149684062,0.11739543047429205,1.6727557671180184,19
Cuauhtemoc,2024-12,84692,90886,175578,Cuauhtemoc,0.0,3.3357183012360077,2.0,0.0,11939.533285947571,545884,2.7970146494748613,0.0,1.7848147129143406,-0.11112979149684062,0.11739543047429205,1.5720588703517677,24
Cuauhtemoc,2025-01,92330,96654,188984,Cuauhtemoc,0.0,3.3357183012360077,5.0,3.0,11939.533285947571,545884,2.833678084623211,0.0,2.029312366539578,-0.11112979149684062,0.11739543047429205,1.6148403532884663,25
Cuauhtemoc,2025-04,87287,90421,177708,Cuauhtemoc,0.0,3.3357183012360077,2.0,2.0,11939.533285947571,545884,2.7725179350602565,-0.15394759295997215,1.771711530448783,-0.11112979149684062,0.11739543047429205,1.5354080559539138,28
Cuauhtemoc,2025-06,79988,83724,163712,Cuauhtemoc,0.0,3.3357183012360077,1.0,0.0,11939.533285947571,545884,2.866983205115055,0.0,2.3736776938734803,-0.11112979149684062,0.11739543047429205,1.6659294462677785,30
Cuauhtemoc,2025-07,81917,85094,167011,Cuauhtemoc,0.0,3.3357183012360077,1.0,1.0,11939.533285947571,545884,2.7818003179945032,0.0,2.3736776938734803,-0.11112979149684062,0.11739543047429205,1.6233380027075026,31
Cuauhtemoc,2025-08,79644,81485,161129,Cuauhtemoc,0.0,3.3357183012360077,1.0,1.0,11939.533285947571,545884,2.759780204319502,0.0,-0.13667206528405393,-0.11112979149684062,0.11739543047429205,1.3612929699542486,32
Cuauhtemoc,2025-11,75555,77601,153156,Cuauhtemoc,0.0,3.3357183012360077,3.0,1.0,11939.533285947571,545884,2.618440798811641,0.0,2.1016025501276605,-0.11112979149684062,0.11739543047429205,1.5144507287414897,35
Cuauhtemoc,2025-12,67389,69867,137256,Cuauhtemoc,0.0,3.3357183012360077,4.0,3.0,11939.533285947571,545884,2.5893633907187628,0.0,1.5656314855734474,-0.11112979149684062,0.11739543047429205,1.4463149182396293,36
Cuauhtemoc,2026-02,71599,74044,145643,Cuauhtemoc,0.0,3.3357183012360077,0.0,0.0,11939.533285947571,545884,2.6512661842919516,0.0,0.0,-0.11112979149684062,0.11739543047429205,1.3207031664688789,38
Cuauhtemoc,2026-03,79591,81276,160867,Cuauhtemoc,0.0,3.3357183012360077,0.0,0.0,11939.533285947571,545884,2.731591320088814,0.0,0.0,-0.11112979149684062,0.11739543047429205,1.36086573436731,39
Cuauhtemoc,2026-04,76037,77406,153443,Cuauhtemoc,2.0,3.3357183012360077,0.0,0.0,11939.533285947571,545884,2.6837645535313563,1.3804059757116751,0.0,-0.11112979149684062,0.11739543047429205,1.5440132474453325,40
Cuauhtemoc,2026-05,75281,78394,153675,Cuauhtemoc,0.0,3.3357183012360077,0.0,0.0,11939.533285947571,545884,2.6314616414551604,0.0,0.0,-0.11112979149684062,0.11739543047429205,1.3108008950504833,41
Cuauhtemoc,2026-06,76080,80807,156887,Cuauhtemoc,0.0,3.3357183012360077,0.0,0.0,11939.533285947571,545884,2.888378921284864,0.0,0.0,-0.11112979149684062,0.11739543047429205,1.439259534965335,42
Cuauhtemoc Pensil,2023-01,319,229,548,Miguel Hidalgo,0.0,0.5598909029235637,0.0,0.0,6363.47192724256,414470,-0.43492285248403123,0.0,-1.1031193422512973,0.6072137565640262,-0.3708146529127849,-0.2737727622738199,1
Cuauhtemoc Pensil,2023-02,887,744,1631,Miguel Hidalgo,0.0,0.5598909029235637,1.0,1.0,6363.47192724256,414470,-0.39273006527406334,0.0,-0.6719131189631579,0.6072137565640262,-0.3708146529127849,-0.209555746340022,2
Cuauhtemoc Pensil,2023-03,1345,1131,2476,Miguel Hidalgo,0.0,0.5598909029235637,2.0,2.0,6363.47192724256,414470,-0.3852570526252992,0.0,-0.407960098835215,0.6072137565640262,-0.3708146529127849,-0.17942393800284567,3
Cuauhtemoc Pensil,2023-04,1353,1204,2557,Miguel Hidalgo,0.0,0.5598909029235637,0.0,0.0,6363.47192724256,414470,-0.3882686049873772,0.0,-0.7638198663195582,0.6072137565640262,-0.3708146529127849,-0.21651569093231898,4
Cuauhtemoc Pensil,2023-05,1515,1513,3028,Miguel Hidalgo,0.0,0.5598909029235637,0.0,0.0,6363.47192724256,414470,-0.3932816934445531,0.0,-1.0086471000615145,0.6072137565640262,-0.3708146529127849,-0.24350495853510257,5
Cuauhtemoc Pensil,2023-06,1709,1513,3222,Miguel Hidalgo,0.0,0.5598909029235637,1.0,1.0,6363.47192724256,414470,-0.401811836757082,0.0,0.2306418529438008,0.6072137565640262,-0.3708146529127849,-0.12384113489083548,6
Cuauhtemoc Pensil,2023-07,1732,1634,3366,Miguel Hidalgo,0.0,0.5598909029235637,1.0,1.0,6363.47192724256,414470,-0.40117398968736884,0.0,-0.4329444585468293,0.6072137565640262,-0.3708146529127849,-0.1898808425050419,7
Cuauhtemoc Pensil,2023-08,2096,1895,3991,Miguel Hidalgo,0.0,0.5598909029235637,1.0,1.0,6363.47192724256,414470,-0.4003472379477514,0.0,0.0,0.6072137565640262,-0.3708146529127849,-0.14617302078055028,8
Cuauhtemoc Pensil,2023-09,2135,2022,4157,Miguel Hidalgo,0.0,0.5598909029235637,0.0,0.0,6363.47192724256,414470,-0.4147640491273316,0.0,-0.8767571237729115,0.6072137565640262,-0.3708146529127849,-0.24105713874763152,9
Cuauhtemoc Pensil,2023-12,2616,2125,4741,Miguel Hidalgo,0.0,0.5598909029235637,1.0,1.0,6363.47192724256,414470,-0.4336814182616489,0.0,-0.48088232623334126,0.6072137565640262,-0.3708146529127849,-0.21092834356083312,12
Cuauhtemoc Pensil,2024-02,4089,3114,7203,Miguel Hidalgo,0.0,0.5598909029235637,1.0,1.0,6363.47192724256,414470,-0.4541441332872259,0.0,0.17303730695087127,0.6072137565640262,-0.3708146529127849,-0.1557677377552004,14
Cuauhtemoc Pensil,2024-07,4455,3927,8382,Miguel Hidalgo,0.0,0.5598909029235637,0.0,0.0,6363.47192724256,414470,-0.4618166593102322,0.0,-0.6405475848094834,0.6072137565640262,-0.3708146529127849,-0.240962489942739,19
Cuauhtemoc Pensil,2024-12,3926,3390,7316,Miguel Hidalgo,0.0,0.5598909029235637,1.0,1.0,6363.47192724256,414470,-0.46753571152922774,0.0,0.35962684513945675,0.6072137565640262,-0.3708146529127849,-0.14380457305734273,24
Cuauhtemoc Pensil,2025-01,4490,3569,8059,Miguel Hidalgo,0.0,0.5598909029235637,0.0,0.0,6363.47192724256,414470,-0.47061316700364053,0.0,-0.8202469932994618,0.6072137565640262,-0.3708146529127849,-0.263330684638441,25
Cuauhtemoc Pensil,2025-04,3825,3300,7125,Miguel Hidalgo,0.0,0.5598909029235637,0.0,0.0,6363.47192724256,414470,-0.47981597146987154,-0.15394759295997215,-1.1225347864675495,0.6072137565640262,-0.3708146529127849,-0.32125300513236105,28
Cuauhtemoc Pensil,2025-06,4156,3174,7330,Miguel Hidalgo,0.0,0.5598909029235637,0.0,0.0,6363.47192724256,414470,-0.47383049874946986,0.0,-0.4173499241975349,0.6072137565640262,-0.3708146529127849,-0.22464964360116296,30
Cuauhtemoc Pensil,2025-07,4410,3381,7791,Miguel Hidalgo,0.0,0.5598909029235637,0.0,0.0,6363.47192724256,414470,-0.47709176702354184,0.0,-0.4173499241975349,0.6072137565640262,-0.3708146529127849,-0.22628027773819898,31
Cuauhtemoc Pensil,2025-08,3993,3198,7191,Miguel Hidalgo,0.0,0.5598909029235637,0.0,0.0,6363.47192724256,414470,-0.48279379519082355,0.0,-0.8678676145537424,0.6072137565640262,-0.3708146529127849,-0.2741830608574606,32
Cuauhtemoc Pensil,2025-11,3955,3132,7087,Miguel Hidalgo,0.0,0.5598909029235637,0.0,0.0,6363.47192724256,414470,-0.485133180051936,0.0,-0.9235742148543081,0.6072137565640262,-0.3708146529127849,-0.28092341331807336,35
Cuauhtemoc Pensil,2025-12,3617,3013,6630,Miguel Hidalgo,0.0,0.5598909029235637,3.0,2.0,6363.47192724256,414470,-0.4786731434031268,0.0,0.9736789450916139,0.6072137565640262,-0.3708146529127849,-0.08796807899907656,36
Cuauhtemoc Pensil,2026-02,3834,3319,7153,Miguel Hidalgo,0.0,0.5598909029235637,0.0,0.0,6363.47192724256,414470,-0.4850636295195016,0.0,0.0,0.6072137565640262,-0.3708146529127849,-0.18853121656642535,38
Cuauhtemoc Pensil,2026-03,4367,3692,8059,Miguel Hidalgo,0.0,0.5598909029235637,0.0,0.0,6363.47192724256,414470,-0.48015483830390426,0.0,0.0,0.6072137565640262,-0.3708146529127849,-0.1860768209586267,39
Cuauhtemoc Pensil,2026-04,3794,3387,7181,Miguel Hidalgo,0.0,0.5598909029235637,0.0,0.0,6363.47192724256,414470,-0.491039723399016,-0.29804219930138437,0.0,0.6072137565640262,-0.3708146529127849,-0.23622559340139027,40
Cuauhtemoc Pensil,2026-05,4333,3480,7813,Miguel Hidalgo,0.0,0.5598909029235637,0.0,0.0,6363.47192724256,414470,-0.4769127169975085,0.0,0.0,0.6072137565640262,-0.3708146529127849,-0.18445576030542882,41
Cuauhtemoc Pensil,2026-06,4608,3200,7808,Miguel Hidalgo,0.0,0.5598909029235637,0.0,0.0,6363.47192724256,414470,-0.4505589884929305,0.0,0.0,0.6072137565640262,-0.3708146529127849,-0.17127889605313984,42
Del Carmen,2023-01,0,0,0,Coyoacan,0.0,4.912313884263389,0.0,0.0,10249.105797046055,614447,-0.4578108992635074,0.0,-1.1031193422512973,-0.519129678542232,-0.03060935143651547,-0.42014777078186977,1
Del Carmen,2023-02,163,142,305,Coyoacan,0.0,4.912313884263389,1.0,0.0,10249.105797046055,614447,-0.44095693659240737,0.0,-0.6719131189631579,-0.519129678542232,-0.03060935143651547,-0.36860016711750576,2
Del Carmen,2023-03,3436,3738,7174,Coyoacan,0.0,4.912313884263389,1.0,0.0,10249.105797046055,614447,-0.24400944268839408,0.0,-0.8359182417309798,-0.519129678542232,-0.03060935143651547,-0.2865269324422814,3
Del Carmen,2023-04,4026,4473,8499,Coyoacan,0.0,4.912313884263389,0.0,0.0,10249.105797046055,614447,-0.205895984619598,0.0,-0.7638198663195582,-0.519129678542232,-0.03060935143651547,-0.2602603658667411,4
Del Carmen,2023-05,4132,4691,8823,Coyoacan,0.0,4.912313884263389,0.0,0.0,10249.105797046055,614447,-0.2375882092196636,0.0,-1.0086471000615145,-0.519129678542232,-0.03060935143651547,-0.3005892015409696,5
Del Carmen,2023-06,4448,5061,9509,Coyoacan,0.0,4.912313884263389,1.0,1.0,10249.105797046055,614447,-0.24045815010453497,0.0,0.2306418529438008,-0.519129678542232,-0.03060935143651547,-0.17809527668287375,6
Del Carmen,2023-07,4907,5558,10465,Coyoacan,0.0,4.912313884263389,0.0,0.0,10249.105797046055,614447,-0.21527739111412994,0.0,-1.307002139009296,-0.519129678542232,-0.03060935143651547,-0.3192692963829809,7
Del Carmen,2023-08,5773,6436,12209,Coyoacan,0.0,4.912313884263389,0.0,0.0,10249.105797046055,614447,-0.20382228635907856,0.0,-0.5755432216610669,-0.519129678542232,-0.03060935143651547,-0.2403958522706323,8
Del Carmen,2023-09,7549,8233,15782,Coyoacan,0.0,4.912313884263389,0.0,0.0,10249.105797046055,614447,-0.14806031780639742,0.0,-0.8767571237729115,-0.519129678542232,-0.03060935143651547,-0.2426362582054762,9
Del Carmen,2023-12,9196,10057,19253,Coyoacan,0.0,4.912313884263389,0.0,0.0,10249.105797046055,614447,-0.08810631344735395,0.0,-1.9101714625379942,-0.519129678542232,-0.03060935143651547,-0.3160006899024627,12
Del Carmen,2024-02,16373,17360,33733,Coyoacan,0.0,4.912313884263389,0.0,0.0,10249.105797046055,614447,0.03640155159203147,0.0,-0.8014359479829826,-0.519129678542232,-0.03060935143651547,-0.14287320592726888,14
Del Carmen,2024-07,17068,17522,34590,Coyoacan,0.0,4.912313884263389,0.0,0.0,10249.105797046055,614447,0.00835996305899022,0.0,-0.6405475848094834,-0.519129678542232,-0.03060935143651547,-0.14080516387643957,19
Del Carmen,2024-12,16945,17580,34525,Coyoacan,0.0,4.912313884263389,1.0,0.0,10249.105797046055,614447,0.0603621547302976,0.0,0.35962684513945675,-0.519129678542232,-0.03060935143651547,-0.014786625045891861,24
Del Carmen,2025-01,18156,18510,36666,Coyoacan,0.0,4.912313884263389,0.0,0.0,10249.105797046055,614447,0.051845640984693526,0.0,-0.8202469932994618,-0.519129678542232,-0.03060935143651547,-0.1370322657625858,25
Del Carmen,2025-04,18340,18307,36647,Coyoacan,0.0,4.912313884263389,1.0,0.0,10249.105797046055,614447,0.08305020856320582,-0.15394759295997215,0.32458837199061674,-0.519129678542232,-0.03060935143651547,-0.030038584388317576,28
Del Carmen,2025-06,16134,16553,32687,Coyoacan,0.0,4.912313884263389,0.0,0.0,10249.105797046055,614447,0.0678751520856183,0.0,-0.4173499241975349,-0.519129678542232,-0.03060935143651547,-0.0887278033019307,30
Del Carmen,2025-07,16601,17034,33635,Coyoacan,0.0,4.912313884263389,0.0,0.0,10249.105797046055,614447,0.051879511994209426,0.0,-0.4173499241975349,-0.519129678542232,-0.03060935143651547,-0.09672562334763513,31
Del Carmen,2025-08,16439,17182,33621,Coyoacan,0.0,4.912313884263389,0.0,0.0,10249.105797046055,614447,0.07393183985093289,0.0,-0.8678676145537424,-0.519129678542232,-0.03060935143651547,-0.13075122845489415,32
Del Carmen,2025-11,17921,18299,36220,Coyoacan,0.0,4.912313884263389,0.0,0.0,10249.105797046055,614447,0.13386483271074864,0.0,-0.9235742148543081,-0.519129678542232,-0.03060935143651547,-0.10635539205504284,35
Del Carmen,2025-12,14996,15584,30580,Coyoacan,0.0,4.912313884263389,0.0,0.0,10249.105797046055,614447,0.0838448468302054,0.0,-0.8021786763538865,-0.519129678542232,-0.03060935143651547,-0.1192258311452723,36
Del Carmen,2026-02,16610,17099,33709,Coyoacan,0.0,4.912313884263389,0.0,0.0,10249.105797046055,614447,0.11633989806788343,0.0,0.0,-0.519129678542232,-0.03060935143651547,-0.022760437891044625,38
Del Carmen,2026-03,18250,18984,37234,Coyoacan,0.0,4.912313884263389,0.0,0.0,10249.105797046055,614447,0.13305058399798803,0.0,0.0,-0.519129678542232,-0.03060935143651547,-0.014405094925992328,39
Del Carmen,2026-04,16855,17552,34407,Coyoacan,0.0,4.912313884263389,0.0,0.0,10249.105797046055,614447,0.09993552132419513,-0.29804219930138437,0.0,-0.519129678542232,-0.03060935143651547,-0.07566895615809643,40
Del Carmen,2026-05,17484,18083,35567,Coyoacan,0.0,4.912313884263389,0.0,0.0,10249.105797046055,614447,0.11453551451238009,0.0,0.0,-0.519129678542232,-0.03060935143651547,-0.023662629668796297,41
Del Carmen,2026-06,15382,15601,30983,Coyoacan,0.0,4.912313884263389,0.0,0.0,10249.105797046055,614447,0.06849390332349156,0.0,0.0,-0.519129678542232,-0.03060935143651547,-0.046683435263240564,42
Del Recreo,2023-01,0,0,0,Azcapotzalco,0.0,1.764152132855893,1.0,1.0,8276.649616790746,432205,-0.4578108992635074,0.0,0.3363168726375907,0.29556855656792724,-0.20330705583613873,-0.17126918446641942,1
Del Recreo,2023-02,0,0,0,Azcapotzalco,0.0,1.764152132855893,0.0,0.0,8276.649616790746,432205,-0.4520498443994171,0.0,-1.6056105699898837,0.29556855656792724,-0.20330705583613873,-0.36258140129712174,2
Del Recreo,2023-03,0,0,0,Azcapotzalco,0.0,1.764152132855893,0.0,0.0,8276.649616790746,432205,-0.4596991731454731,0.0,-1.2638763846267447,0.29556855656792724,-0.20330705583613873,-0.3322326471338358,3
Del Recreo,2023-04,0,0,0,Azcapotzalco,0.0,1.764152132855893,0.0,0.0,8276.649616790746,432205,-0.46674837447246836,0.0,-0.7638198663195582,0.29556855656792724,-0.20330705583613873,-0.2857515959666148,4
Del Recreo,2023-05,0,0,0,Azcapotzalco,0.0,1.764152132855893,0.0,0.0,8276.649616790746,432205,-0.4746345614744004,0.0,-1.0086471000615145,0.29556855656792724,-0.20330705583613873,-0.31417741284177647,5
Del Recreo,2023-06,0,0,0,Azcapotzalco,0.0,1.764152132855893,0.0,0.0,8276.649616790746,432205,-0.48450335550919055,0.0,-1.2210451038201218,0.29556855656792724,-0.20330705583613873,-0.34035161023503224,6
Del Recreo,2023-07,0,0,0,Azcapotzalco,0.0,1.764152132855893,2.0,1.0,8276.649616790746,432205,-0.48931710150558577,0.0,0.44111322191563745,0.29556855656792724,-0.20330705583613873,-0.17654265065965394,7
Del Recreo,2023-08,0,0,0,Azcapotzalco,0.0,1.764152132855893,0.0,0.0,8276.649616790746,432205,-0.49578786605561137,0.0,-0.5755432216610669,0.29556855656792724,-0.20330705583613873,-0.28144367729233716,8
Del Recreo,2023-09,0,0,0,Azcapotzalco,0.0,1.764152132855893,2.0,2.0,8276.649616790746,432205,-0.5101350092220519,0.0,0.6006131477814433,0.29556855656792724,-0.20330705583613873,-0.17100161193130642,9
Del Recreo,2023-12,0,0,0,Azcapotzalco,0.0,1.764152132855893,2.0,2.0,8276.649616790746,432205,-0.5465791285651613,0.0,0.9484068100713118,0.29556855656792724,-0.20330705583613873,-0.15444430537387427,12
Del Recreo,2024-02,223,267,490,Azcapotzalco,0.0,1.764152132855893,1.0,1.0,8276.649616790746,432205,-0.5782690176669641,0.0,0.17303730695087127,0.29556855656792724,-0.20330705583613873,-0.24782620023681975,14
Del Recreo,2024-07,715,812,1527,Azcapotzalco,0.0,1.764152132855893,1.0,1.0,8276.649616790746,432205,-0.5847966938928413,0.0,0.7033463676339425,0.29556855656792724,-0.20330705583613873,-0.19805913228145117,19
Del Recreo,2024-12,798,813,1611,Azcapotzalco,0.0,1.764152132855893,1.0,1.0,8276.649616790746,432205,-0.5782217833073376,0.0,0.35962684513945675,0.29556855656792724,-0.20330705583613873,-0.22914362923814793,24
Del Recreo,2025-01,914,919,1833,Azcapotzalco,0.0,1.764152132855893,0.0,0.0,8276.649616790746,432205,-0.5843206000981758,0.0,-0.8202469932994618,0.29556855656792724,-0.20330705583613873,-0.35018042147745887,25
Del Recreo,2025-04,804,867,1671,Azcapotzalco,0.0,1.764152132855893,0.0,0.0,8276.649616790746,432205,-0.5838018852257283,-0.15394759295997215,-1.1225347864675495,0.29556855656792724,-0.20330705583613873,-0.4032419823020397,28
Del Recreo,2025-06,746,798,1544,Azcapotzalco,0.0,1.764152132855893,0.0,0.0,8276.649616790746,432205,-0.5974377431290029,0.0,-0.4173499241975349,0.29556855656792724,-0.20330705583613873,-0.31644928608267975,30
Del Recreo,2025-07,851,828,1679,Azcapotzalco,0.0,1.764152132855893,0.0,0.0,8276.649616790746,432205,-0.602191304918469,0.0,-0.4173499241975349,0.29556855656792724,-0.20330705583613873,-0.3188260669774128,31
Del Recreo,2025-08,875,802,1677,Azcapotzalco,0.0,1.764152132855893,0.0,0.0,8276.649616790746,432205,-0.5989415496978324,0.0,-0.8678676145537424,0.29556855656792724,-0.20330705583613873,-0.36225295840271526,32
Del Recreo,2025-11,761,724,1485,Azcapotzalco,0.0,1.764152132855893,1.0,1.0,8276.649616790746,432205,-0.6041606357721351,0.0,0.08481804013968136,0.29556855656792724,-0.20330705583613873,-0.2695939359705242,35
Del Recreo,2025-12,754,763,1517,Azcapotzalco,0.0,1.764152132855893,0.0,0.0,8276.649616790746,432205,-0.5987631009840465,0.0,-0.8021786763538865,0.29556855656792724,-0.20330705583613873,-0.3555948402258367,36
Del Recreo,2026-02,897,888,1785,Azcapotzalco,0.0,1.764152132855893,0.0,0.0,8276.649616790746,432205,-0.606630662811002,0.0,0.0,0.29556855656792724,-0.20330705583613873,-0.2793107535039258,38
Del Recreo,2026-03,947,868,1815,Azcapotzalco,0.0,1.764152132855893,0.0,0.0,8276.649616790746,432205,-0.6113923586759014,0.0,0.0,0.29556855656792724,-0.20330705583613873,-0.28169160143637545,39
Del Recreo,2026-04,975,972,1947,Azcapotzalco,0.0,1.764152132855893,0.0,0.0,8276.649616790746,432205,-0.6046504054999963,-0.29804219930138437,0.0,0.29556855656792724,-0.20330705583613873,-0.3230269547436306,40
Del Recreo,2026-05,927,881,1808,Azcapotzalco,0.0,1.764152132855893,0.0,0.0,8276.649616790746,432205,-0.6048815369952343,0.0,0.0,0.29556855656792724,-0.20330705583613873,-0.2784361905960419,41
Del Recreo,2026-06,874,790,1664,Azcapotzalco,0.0,1.764152132855893,0.0,0.0,8276.649616790746,432205,-0.5881667972230318,0.0,0.0,0.29556855656792724,-0.20330705583613873,-0.27007882070994066,42
Del Valle Centro,2023-01,9268,8859,18127,Benito Juarez,0.0,,1.0,1.0,,434153,0.29929060433423665,0.0,0.3363168726375907,0.0,0.0,0.1832769894308774,1
Del Valle Centro,2023-02,9572,9271,18843,Benito Juarez,0.0,,3.0,2.0,,434153,0.23327363693659794,0.0,1.195481783090294,0.0,0.0,0.23618499677732838,2
Del Valle Centro,2023-03,10825,10609,21434,Benito Juarez,0.0,,6.0,4.0,,434153,0.18472425626866565,0.0,1.3038724727478443,0.0,0.0,0.22274937540911727,3
Del Valle Centro,2023-04,9964,9425,19389,Benito Juarez,0.0,,4.0,1.0,,434153,0.1283412815879274,0.0,1.3590041777373958,0.0,0.0,0.2000710585677033,4
Del Valle Centro,2023-05,12239,11792,24031,Benito Juarez,0.0,,2.0,2.0,,434153,0.17100307776775997,0.0,1.2397953938256114,0.0,0.0,0.20948107826644113,5
Del Valle Centro,2023-06,14784,13973,28757,Benito Juarez,0.0,,1.0,1.0,,434153,0.2535351313791973,0.0,0.2306418529438008,0.0,0.0,0.14983175098397875,6
Del Valle Centro,2023-07,14435,13696,28131,Benito Juarez,0.0,,1.0,1.0,,434153,0.24732992123899555,0.0,-0.4329444585468293,0.0,0.0,0.08037051476481485,7
Del Valle Centro,2023-08,15921,15332,31253,Benito Juarez,0.0,,0.0,0.0,,434153,0.2515952334820854,0.0,-0.5755432216610669,0.0,0.0,0.06824329457493601,8
Del Valle Centro,2023-09,16777,16305,33082,Benito Juarez,0.0,,1.0,0.0,,434153,0.24884071891206813,0.0,-0.1380719879957341,0.0,0.0,0.11061316065646065,9
Del Valle Centro,2023-12,15645,15057,30702,Benito Juarez,0.0,,2.0,2.0,,434153,0.18452939321050596,0.0,0.9484068100713118,0.0,0.0,0.18710537761238416,12
Del Valle Centro,2024-02,21148,20442,41590,Benito Juarez,0.0,,0.0,0.0,,434153,0.1816792540457188,0.0,-0.8014359479829826,0.0,0.0,0.010696032224561142,14
Del Valle Centro,2024-07,22097,21847,43944,Benito Juarez,0.0,,0.0,0.0,,434153,0.17617254416558767,0.0,-0.6405475848094834,0.0,0.0,0.024031513601845494,19
Del Valle Centro,2024-12,20695,20017,40712,Benito Juarez,0.0,,0.0,0.0,,434153,0.18039979295837225,0.0,-1.0655610226354273,0.0,0.0,-0.016356205784356606,24
Del Valle Centro,2025-01,22336,21558,43894,Benito Juarez,0.0,,2.0,1.0,,434153,0.18385292116575686,0.0,0.319576750636154,0.0,0.0,0.12388413564649384,25
Del Valle Centro,2025-04,20464,19986,40450,Benito Juarez,0.0,,1.0,1.0,,434153,0.15555817152864831,-0.15394759295997215,0.32458837199061674,0.0,0.0,0.08714578401939001,28
Del Valle Centro,2025-06,20109,19451,39560,Benito Juarez,0.0,,0.0,0.0,,434153,0.21470415150154135,0.0,-0.4173499241975349,0.0,0.0,0.06561708333101718,30
Del Valle Centro,2025-07,21479,20620,42099,Benito Juarez,0.0,,0.0,0.0,,434153,0.22511944797959274,0.0,-0.4173499241975349,0.0,0.0,0.07082473157004288,31
Del Valle Centro,2025-08,20405,19532,39937,Benito Juarez,0.0,,3.0,3.0,,434153,0.20697304722602688,0.0,1.325719033255323,0.0,0.0,0.23605842693854576,32
Del Valle Centro,2025-11,19765,18947,38712,Benito Juarez,0.0,,1.0,0.0,,434153,0.1868131403963495,0.0,0.08481804013968136,0.0,0.0,0.10188837421214289,35
Del Valle Centro,2025-12,17815,16998,34813,Benito Juarez,0.0,,0.0,0.0,,434153,0.18326608493699853,0.0,-0.8021786763538865,0.0,0.0,0.011415174833110608,36
Del Valle Centro,2026-02,19099,18438,37537,Benito Juarez,0.0,,0.0,0.0,,434153,0.2030311431200189,0.0,0.0,0.0,0.0,0.10151557156000945,38
Del Valle Centro,2026-03,20339,19493,39832,Benito Juarez,0.0,,0.0,0.0,,434153,0.18765581749037247,0.0,0.0,0.0,0.0,0.09382790874518623,39
Del Valle Centro,2026-04,19223,18339,37562,Benito Juarez,0.0,,0.0,0.0,,434153,0.16841884230787732,-0.29804219930138437,0.0,0.0,0.0,0.039503091258731006,40
Del Valle Centro,2026-05,19204,18778,37982,Benito Juarez,0.0,,0.0,0.0,,434153,0.1660000774257036,0.0,0.0,0.0,0.0,0.0830000387128518,41
Del Valle Centro,2026-06,17179,16881,34060,Benito Juarez,0.0,,0.0,0.0,,434153,0.13740979320996968,0.0,0.0,0.0,0.0,0.06870489660498484,42
Del Valle Norte,2023-01,12972,13007,25979,Benito Juarez,0.0,,1.0,1.0,,434153,0.6272412308168034,0.0,0.3363168726375907,0.0,0.0,0.3472523026721608,1
Del Valle Norte,2023-02,13409,13544,26953,Benito Juarez,0.0,,3.0,2.0,,434153,0.5282358740344636,0.0,1.195481783090294,0.0,0.0,0.3836661153262612,2
Del Valle Norte,2023-03,18078,17744,35822,Benito Juarez,0.0,,6.0,4.0,,434153,0.617306336254232,0.0,1.3038724727478443,0.0,0.0,0.4390404154019004,3
Del Valle Norte,2023-04,20998,19930,40928,Benito Juarez,0.0,,4.0,1.0,,434153,0.7894190113256583,0.0,1.3590041777373958,0.0,0.0,0.5306099234365688,4
Del Valle Norte,2023-05,24726,23700,48426,Benito Juarez,0.0,,2.0,2.0,,434153,0.8264202559672732,0.0,1.2397953938256114,0.0,0.0,0.5371896673661978,5
Del Valle Norte,2023-06,26328,24900,51228,Benito Juarez,0.0,,1.0,1.0,,434153,0.8302455962701443,0.0,0.2306418529438008,0.0,0.0,0.4381869834294522,6
Del Valle Norte,2023-07,26095,24727,50822,Benito Juarez,0.0,,1.0,1.0,,434153,0.8415234299339334,0.0,-0.4329444585468293,0.0,0.0,0.37746726911228373,7
Del Valle Norte,2023-08,29192,28085,57277,Benito Juarez,0.0,,0.0,0.0,,434153,0.8739322181673642,0.0,-0.5755432216610669,0.0,0.0,0.37941178691757543,8
Del Valle Norte,2023-09,31107,29846,60953,Benito Juarez,0.0,,1.0,0.0,,434153,0.8882643486450365,0.0,-0.1380719879957341,0.0,0.0,0.4303249755229448,9
Del Valle Norte,2023-12,29518,28702,58220,Benito Juarez,0.0,,2.0,2.0,,434153,0.8398171367523863,0.0,0.9484068100713118,0.0,0.0,0.5147492493833243,12
Del Valle Norte,2024-02,38674,38199,76873,Benito Juarez,0.0,,0.0,0.0,,434153,0.8340698835065118,0.0,-0.8014359479829826,0.0,0.0,0.33689134695495765,14
Del Valle Norte,2024-07,42499,41317,83816,Benito Juarez,0.0,,0.0,0.0,,434153,0.8914839867444047,0.0,-0.6405475848094834,0.0,0.0,0.381687234891254,19
Del Valle Norte,2024-12,38369,37268,75637,Benito Juarez,0.0,,0.0,0.0,,434153,0.8580003287779144,0.0,-1.0655610226354273,0.0,0.0,0.3224440621254145,24
Del Valle Norte,2025-01,42415,41073,83488,Benito Juarez,0.0,,2.0,1.0,,434153,0.9069708308903033,0.0,0.319576750636154,0.0,0.0,0.48544309050876705,25
Del Valle Norte,2025-04,38988,37837,76825,Benito Juarez,0.0,,1.0,1.0,,434153,0.8490835864295084,-0.15394759295997215,0.32458837199061674,0.0,0.0,0.4339084914698201,28
Del Valle Norte,2025-06,35054,34687,69741,Benito Juarez,0.0,,0.0,0.0,,434153,0.8594656866931569,0.0,-0.4173499241975349,0.0,0.0,0.387997850926825,30
Del Valle Norte,2025-07,37592,37571,75163,Benito Juarez,0.0,,0.0,0.0,,434153,0.9018686497069929,0.0,-0.4173499241975349,0.0,0.0,0.40919933243374296,31
Del Valle Norte,2025-08,36423,36137,72560,Benito Juarez,0.0,,3.0,3.0,,434153,0.8941489984922857,0.0,1.325719033255323,0.0,0.0,0.5796464025716752,32
Del Valle Norte,2025-11,36091,35370,71461,Benito Juarez,0.0,,1.0,0.0,,434153,0.8826414423208049,0.0,0.08481804013968136,0.0,0.0,0.4498025251743706,35
Del Valle Norte,2025-12,32253,32012,64265,Benito Juarez,0.0,,0.0,0.0,,434153,0.8750105462460632,0.0,-0.8021786763538865,0.0,0.0,0.35728740548764293,36
Del Valle Norte,2026-02,35144,34711,69855,Benito Juarez,0.0,,0.0,0.0,,434153,0.9349244706004042,0.0,0.0,0.0,0.0,0.4674622353002021,38
Del Valle Norte,2026-03,37135,36791,73926,Benito Juarez,0.0,,0.0,0.0,,434153,0.9042496707195316,0.0,0.0,0.0,0.0,0.4521248353597658,39
Del Valle Norte,2026-04,36424,36329,72753,Benito Juarez,0.0,,0.0,0.0,,434153,0.932284626376581,-0.29804219930138437,0.0,0.0,0.0,0.42143598329308285,40
Del Valle Norte,2026-05,36213,36036,72249,Benito Juarez,0.0,,0.0,0.0,,434153,0.8962428009664312,0.0,0.0,0.0,0.0,0.4481214004832156,41
Del Valle Norte,2026-06,33185,32661,65846,Benito Juarez,0.0,,0.0,0.0,,434153,0.8493241500288173,0.0,0.0,0.0,0.0,0.42466207501440867,42
Del Valle Sur,2023-01,13766,13369,27135,Benito Juarez,0.0,,1.0,1.0,,434153,0.6755233148990559,0.0,0.3363168726375907,0.0,0.0,0.37139334471328705,1
Del Valle Sur,2023-02,14053,13696,27749,Benito Juarez,0.0,,3.0,2.0,,434153,0.5571865449012825,0.0,1.195481783090294,0.0,0.0,0.39814145075967067,2
Del Valle Sur,2023-03,16071,15614,31685,Benito Juarez,0.0,,6.0,4.0,,434153,0.4929254587938284,0.0,1.3038724727478443,0.0,0.0,0.3768499766716986,3
Del Valle Sur,2023-04,15399,15165,30564,Benito Juarez,0.0,,4.0,1.0,,434153,0.4713258040736112,0.0,1.3590041777373958,0.0,0.0,0.3715633198105452,4
Del Valle Sur,2023-05,18386,18146,36532,Benito Juarez,0.0,,2.0,2.0,,434153,0.5068657604761886,0.0,1.2397953938256114,0.0,0.0,0.3774124196206554,5
Del Valle Sur,2023-06,20526,20107,40633,Benito Juarez,0.0,,1.0,1.0,,434153,0.5583285754201784,0.0,0.2306418529438008,0.0,0.0,0.3022284730044693,6
Del Valle Sur,2023-07,20015,19581,39596,Benito Juarez,0.0,,1.0,1.0,,434153,0.5475559393601652,0.0,-0.4329444585468293,0.0,0.0,0.2304835238253997,7
Del Valle Sur,2023-08,22404,21794,44198,Benito Juarez,0.0,,0.0,0.0,,434153,0.5611614902739289,0.0,-0.5755432216610669,0.0,0.0,0.22302642297085778,8
Del Valle Sur,2023-09,23646,23180,46826,Benito Juarez,0.0,,1.0,0.0,,434153,0.5641590916668999,0.0,-0.1380719879957341,0.0,0.0,0.26827234703387653,9
Del Valle Sur,2023-12,22319,22320,44639,Benito Juarez,0.0,,2.0,2.0,,434153,0.5164119893927571,0.0,0.9484068100713118,0.0,0.0,0.3530466757035097,12
Del Valle Sur,2024-02,32045,30979,63024,Benito Juarez,0.0,,0.0,0.0,,434153,0.5779987493228391,0.0,-0.8014359479829826,0.0,0.0,0.20885577986312132,14
Del Valle Sur,2024-07,34051,33621,67672,Benito Juarez,0.0,,0.0,0.0,,434153,0.6018574837098837,0.0,-0.6405475848094834,0.0,0.0,0.2368739833739935,19
Del Valle Sur,2024-12,30073,29374,59447,Benito Juarez,0.0,,0.0,0.0,,434153,0.5438885843278533,0.0,-1.0655610226354273,0.0,0.0,0.1653881899003839,24
Del Valle Sur,2025-01,34446,33125,67571,Benito Juarez,0.0,,2.0,1.0,,434153,0.6162735593571012,0.0,0.319576750636154,0.0,0.0,0.340094454742166,25
Del Valle Sur,2025-04,30449,29534,59983,Benito Juarez,0.0,,1.0,1.0,,434153,0.5279741695838648,-0.15394759295997215,0.32458837199061674,0.0,0.0,0.27335378304699826,28
Del Valle Sur,2025-06,29456,28489,57945,Benito Juarez,0.0,,0.0,0.0,,434153,0.6074658500701061,0.0,-0.4173499241975349,0.0,0.0,0.2619979326152996,30
Del Valle Sur,2025-07,30789,30110,60899,Benito Juarez,0.0,,0.0,0.0,,434153,0.609915147001947,0.0,-0.4173499241975349,0.0,0.0,0.26322258108122004,31
Del Valle Sur,2025-08,29418,28478,57896,Benito Juarez,0.0,,3.0,3.0,,434153,0.5852642193680967,0.0,1.325719033255323,0.0,0.0,0.42520401300958066,32
Del Valle Sur,2025-11,28745,27677,56422,Benito Juarez,0.0,,1.0,0.0,,434153,0.5631030798473894,0.0,0.08481804013968136,0.0,0.0,0.29003334393766284,35
Del Valle Sur,2025-12,26450,25788,52238,Benito Juarez,0.0,,0.0,0.0,,434153,0.5925302177059261,0.0,-0.8021786763538865,0.0,0.0,0.21604724121757438,36
Del Valle Sur,2026-02,27565,26473,54038,Benito Juarez,0.0,,0.0,0.0,,434153,0.5767229494432393,0.0,0.0,0.0,0.0,0.28836147472161966,38
Del Valle Sur,2026-03,29790,28445,58235,Benito Juarez,0.0,,0.0,0.0,,434153,0.5744533971517854,0.0,0.0,0.0,0.0,0.2872266985758927,39
Del Valle Sur,2026-04,28957,27468,56425,Benito Juarez,0.0,,0.0,0.0,,434153,0.5778644472889224,-0.29804219930138437,0.0,0.0,0.0,0.24422589374925355,40
Del Valle Sur,2026-05,29190,28145,57335,Benito Juarez,0.0,,0.0,0.0,,434153,0.5784198232068838,0.0,0.0,0.0,0.0,0.2892099116034419,41
Del Valle Sur,2026-06,26076,25083,51159,Benito Juarez,0.0,,0.0,0.0,,434153,0.5203778793877043,0.0,0.0,0.0,0.0,0.26018893969385215,42
Del valle Centro,2023-01,2528,2552,5080,Benito Juarez,0.0,,1.0,1.0,,434153,-0.2456370349574148,0.0,0.3363168726375907,0.0,0.0,-0.08918683021494833,1
Del valle Centro,2023-02,2620,2534,5154,Benito Juarez,0.0,,3.0,2.0,,434153,-0.26459788755571806,0.0,1.195481783090294,0.0,0.0,-0.012750765468829625,2
Del valle Centro,2023-03,2920,2927,5847,Benito Juarez,0.0,,6.0,4.0,,434153,-0.2839063303823645,0.0,1.3038724727478443,0.0,0.0,-0.011565917916397828,3
Del valle Centro,2023-04,3431,3457,6888,Benito Juarez,0.0,,4.0,1.0,,434153,-0.25534100168666163,0.0,1.3590041777373958,0.0,0.0,0.008229916930408782,4
Del valle Centro,2023-05,4260,4436,8696,Benito Juarez,0.0,,2.0,2.0,,434153,-0.2410003011086301,0.0,1.2397953938256114,0.0,0.0,0.0034793888282460966,5
Del valle Centro,2023-06,3959,3925,7884,Benito Juarez,0.0,,1.0,1.0,,434153,-0.2821632146520758,0.0,0.2306418529438008,0.0,0.0,-0.11801742203165781,6
Del valle Centro,2023-07,3751,3735,7486,Benito Juarez,0.0,,1.0,1.0,,434153,-0.2932864018409476,0.0,-0.4329444585468293,0.0,0.0,-0.18993764677515673,7
Del valle Centro,2023-08,3930,3877,7807,Benito Juarez,0.0,,0.0,0.0,,434153,-0.30909155344271666,0.0,-0.5755432216610669,0.0,0.0,-0.212100098887465,8
Del valle Centro,2023-09,4108,4164,8272,Benito Juarez,0.0,,1.0,0.0,,434153,-0.3203566638038354,0.0,-0.1380719879957341,0.0,0.0,-0.1739855307014911,9
Del valle Centro,2023-12,3977,3950,7927,Benito Juarez,0.0,,2.0,2.0,,434153,-0.357813013910881,0.0,0.9484068100713118,0.0,0.0,-0.08406582594830932,12
Del valle Centro,2024-02,5460,5429,10889,Benito Juarez,0.0,,0.0,0.0,,434153,-0.38598916176574294,0.0,-0.8014359479829826,0.0,0.0,-0.2731381756811697,14
Del valle Centro,2024-07,5853,5744,11597,Benito Juarez,0.0,,0.0,0.0,,434153,-0.40413893339001505,0.0,-0.6405475848094834,0.0,0.0,-0.26612422517595585,19
Del valle Centro,2024-12,5228,5238,10466,Benito Juarez,0.0,,0.0,0.0,,434153,-0.40642070257198915,0.0,-1.0655610226354273,0.0,0.0,-0.3097664535495373,24
Del valle Centro,2025-01,5876,5837,11713,Benito Juarez,0.0,,2.0,1.0,,434153,-0.4038789940952834,0.0,0.319576750636154,0.0,0.0,-0.16998182198402628,25
Del valle Centro,2025-04,5431,5332,10763,Benito Juarez,0.0,,1.0,1.0,,434153,-0.4104538969843917,-0.15394759295997215,0.32458837199061674,0.0,0.0,-0.19586025023713,28
Del valle Centro,2025-06,5366,5329,10695,Benito Juarez,0.0,,0.0,0.0,,434153,-0.40194346498916417,0.0,-0.4173499241975349,0.0,0.0,-0.2427067249143356,30
Del valle Centro,2025-07,5808,5651,11459,Benito Juarez,0.0,,0.0,0.0,,434153,-0.4020156700015208,0.0,-0.4173499241975349,0.0,0.0,-0.2427428274205139,31
Del valle Centro,2025-08,5440,5311,10751,Benito Juarez,0.0,,3.0,3.0,,434153,-0.4078054009135382,0.0,1.325719033255323,0.0,0.0,-0.07133079713123677,32
Del valle Centro,2025-11,5338,5195,10533,Benito Juarez,0.0,,1.0,0.0,,434153,-0.4119149343518635,0.0,0.08481804013968136,0.0,0.0,-0.1974756631619636,35
Del valle Centro,2025-12,4684,4544,9228,Benito Juarez,0.0,,0.0,0.0,,434153,-0.4176534465920121,0.0,-0.8021786763538865,0.0,0.0,-0.2890445909313947,36
Del valle Centro,2026-02,5190,5041,10231,Benito Juarez,0.0,,0.0,0.0,,434153,-0.4153573462722516,0.0,0.0,0.0,0.0,-0.2076786731361258,38
Del valle Centro,2026-03,5636,5459,11095,Benito Juarez,0.0,,0.0,0.0,,434153,-0.41634364165922405,0.0,0.0,0.0,0.0,-0.20817182082961203,39
Del valle Centro,2026-04,5378,5203,10581,Benito Juarez,0.0,,0.0,0.0,,434153,-0.41723836322642666,-0.29804219930138437,0.0,0.0,0.0,-0.253325511508421,40
Del valle Centro,2026-05,5346,5198,10544,Benito Juarez,0.0,,0.0,0.0,,434153,-0.41871407463051613,0.0,0.0,0.0,0.0,-0.20935703731525807,41
Del valle Centro,2026-06,4647,4544,9191,Benito Juarez,0.0,,0.0,0.0,,434153,-0.4195837932660864,0.0,0.0,0.0,0.0,-0.2097918966330432,42
Doctores,2023-01,7732,7777,15509,Cuauhtemoc,0.0,11.288781286734237,2.0,1.0,50109.728848962026,545884,0.1899458845009,0.0,1.7757530875264789,-2.1692662182889273,3.459373425323357,0.2930956607920945,1
Doctores,2023-02,8780,8784,17564,Cuauhtemoc,0.0,11.288781286734237,2.0,2.0,50109.728848962026,545884,0.18675616452621938,0.0,0.26178433206356805,-2.1692662182889273,3.459373425323357,0.1401039252584631,2
Doctores,2023-03,10302,10364,20666,Cuauhtemoc,0.0,11.288781286734237,2.0,2.0,50109.728848962026,545884,0.16163397009762626,0.0,-0.407960098835215,-2.1692662182889273,3.459373425323357,0.060568384954288235,3
Doctores,2023-04,9396,9407,18803,Cuauhtemoc,0.0,11.288781286734237,0.0,0.0,50109.728848962026,545884,0.11035569499494212,0.0,-0.7638198663195582,-2.1692662182889273,3.459373425323357,-0.0006567293454881606,4
Doctores,2023-05,11263,11376,22639,Cuauhtemoc,0.0,11.288781286734237,1.0,1.0,50109.728848962026,545884,0.13360440131546555,0.0,0.11557414688204855,-2.1692662182889273,3.459373425323357,0.09890702513493427,5
Doctores,2023-06,12033,12210,24243,Cuauhtemoc,0.0,11.288781286734237,0.0,0.0,50109.728848962026,545884,0.13768487822990555,0.0,-1.2210451038201218,-2.1692662182889273,3.459373425323357,-0.032714661478062845,6
Doctores,2023-07,10677,10561,21238,Cuauhtemoc,0.0,11.288781286734237,4.0,2.0,50109.728848962026,545884,0.06682770205807774,0.0,2.189228582840571,-2.1692662182889273,3.459373425323357,0.2728841191020926,7
Doctores,2023-08,12911,12860,25771,Cuauhtemoc,0.0,11.288781286734237,5.0,4.0,50109.728848962026,545884,0.12049888587815445,0.0,2.3021728866442674,-2.1692662182889273,3.459373425323357,0.3110141413925006,8
Doctores,2023-09,16056,15503,31559,Cuauhtemoc,0.0,11.288781286734237,4.0,2.0,50109.728848962026,545884,0.21389966232696855,0.0,2.077983419335798,-2.1692662182889273,3.459373425323357,0.3352955828860607,9
Doctores,2023-12,29022,27611,56633,Cuauhtemoc,0.0,11.288781286734237,1.0,0.0,50109.728848962026,545884,0.8020258129279455,0.0,-0.48088232623334126,-2.1692662182889273,3.459373425323357,0.37347208362963524,12
Doctores,2024-02,44355,42841,87196,Cuauhtemoc,0.0,11.288781286734237,3.0,1.0,50109.728848962026,545884,1.02494448226296,0.0,2.1219838168185787,-2.1692662182889273,3.459373425323357,0.7452180326023345,14
Doctores,2024-07,47826,46365,94191,Cuauhtemoc,0.0,11.288781286734237,2.0,0.0,50109.728848962026,545884,1.0776135066269092,0.0,2.0472403200773686,-2.1692662182889273,3.459373425323357,0.764078195110188,19
Doctores,2024-12,42793,43399,86192,Cuauhtemoc,0.0,11.288781286734237,2.0,0.0,50109.728848962026,545884,1.0627841127600266,0.0,1.7848147129143406,-2.1692662182889273,3.459373425323357,0.730420937460444,24
Doctores,2025-01,48718,49086,97804,Cuauhtemoc,0.0,11.288781286734237,5.0,3.0,50109.728848962026,545884,1.1684285263900407,0.0,2.029312366539578,-2.1692662182889273,3.459373425323357,0.8076929096379748,25
Doctores,2025-04,43804,45451,89255,Cuauhtemoc,0.0,11.288781286734237,2.0,2.0,50109.728848962026,545884,1.086073851920029,-0.15394759295997215,1.771711530448783,-2.1692662182889273,3.459373425323357,0.7176633498498936,28
Doctores,2025-06,40872,40160,81032,Cuauhtemoc,0.0,11.288781286734237,1.0,0.0,50109.728848962026,545884,1.1006771274621352,0.0,2.3736776938734803,-2.1692662182889273,3.459373425323357,0.8082537429074123,30
Doctores,2025-07,43975,42233,86208,Cuauhtemoc,0.0,11.288781286734237,1.0,1.0,50109.728848962026,545884,1.127936122882626,0.0,2.3736776938734803,-2.1692662182889273,3.459373425323357,0.8218832406176576,31
Doctores,2025-08,44240,42833,87073,Cuauhtemoc,0.0,11.288781286734237,1.0,1.0,50109.728848962026,545884,1.1998530901063988,0.0,-0.13667206528405393,-2.1692662182889273,3.459373425323357,0.6068067483137907,32
Doctores,2025-11,42094,41854,83948,Cuauhtemoc,0.0,11.288781286734237,3.0,1.0,50109.728848962026,545884,1.1479566582397849,0.0,2.1016025501276605,-2.1692662182889273,3.459373425323357,0.8046859939216551,35
Doctores,2025-12,39801,38910,78711,Cuauhtemoc,0.0,11.288781286734237,4.0,3.0,50109.728848962026,545884,1.214306366158828,0.0,1.5656314855734474,-2.1692662182889273,3.459373425323357,0.7842637414257554,36
Doctores,2026-02,40426,40396,80822,Cuauhtemoc,0.0,11.288781286734237,0.0,0.0,50109.728848962026,545884,1.1832899054193096,0.0,0.0,-2.1692662182889273,3.459373425323357,0.6121923624986514,38
Doctores,2026-03,44193,43722,87915,Cuauhtemoc,0.0,11.288781286734237,0.0,0.0,50109.728848962026,545884,1.1982730007137448,0.0,0.0,-2.1692662182889273,3.459373425323357,0.619683910145869,39
Doctores,2026-04,43308,42750,86058,Cuauhtemoc,3.0,11.288781286734237,0.0,0.0,50109.728848962026,545884,1.221086713757846,2.219630063218205,0.0,-2.1692662182889273,3.459373425323357,0.9640352761506503,40
Doctores,2026-05,42911,42085,84996,Cuauhtemoc,0.0,11.288781286734237,0.0,0.0,50109.728848962026,545884,1.167886189561104,0.0,0.0,-2.1692662182889273,3.459373425323357,0.6044905045695486,41
Doctores,2026-06,41530,40781,82311,Cuauhtemoc,0.0,11.288781286734237,0.0,0.0,50109.728848962026,545884,1.218092472089546,0.0,0.0,-2.1692662182889273,3.459373425323357,0.6295936458337696,42
Escandon,2023-01,13947,13498,27445,Miguel Hidalgo,0.0,6.052793610961007,0.0,0.0,27153.64059262174,414470,0.6884709326027743,0.0,-1.1031193422512973,-0.8142691579873588,1.4494612236986952,0.2567292807480231,1
Escandon,2023-02,15078,14667,29745,Miguel Hidalgo,0.0,6.052793610961007,1.0,1.0,27153.64059262174,414470,0.6297814432055167,0.0,-0.6719131189631579,-0.8142691579873588,1.4494612236986952,0.27050515837820827,2
Escandon,2023-03,23012,22166,45178,Miguel Hidalgo,0.0,6.052793610961007,2.0,2.0,27153.64059262174,414470,0.8985989370566339,0.0,-0.407960098835215,-0.8142691579873588,1.4494612236986952,0.43130920731656114,3
Escandon,2023-04,23890,23162,47052,Miguel Hidalgo,0.0,6.052793610961007,0.0,0.0,27153.64059262174,414470,0.9773775988605422,0.0,-0.7638198663195582,-0.8142691579873588,1.4494612236986952,0.435112561470081,4
Escandon,2023-05,29272,27759,57031,Miguel Hidalgo,0.0,6.052793610961007,0.0,0.0,27153.64059262174,414470,1.0576096315937054,0.0,-1.0086471000615145,-0.8142691579873588,1.4494612236986952,0.45074585446246695,5
Escandon,2023-06,30161,28881,59042,Miguel Hidalgo,0.0,6.052793610961007,1.0,1.0,27153.64059262174,414470,1.0307892112698265,0.0,0.2306418529438008,-0.8142691579873588,1.4494612236986952,0.561264539601059,6
Escandon,2023-07,28190,27349,55539,Miguel Hidalgo,0.0,6.052793610961007,1.0,1.0,27153.64059262174,414470,0.9650442434949936,0.0,-0.4329444585468293,-0.8142691579873588,1.4494612236986952,0.4620334245645796,7
Escandon,2023-08,31989,30833,62822,Miguel Hidalgo,0.0,6.052793610961007,1.0,1.0,27153.64059262174,414470,1.0065351454683122,0.0,0.0,-0.8142691579873588,1.4494612236986952,0.5260733214059219,8
Escandon,2023-09,34634,33062,67696,Miguel Hidalgo,0.0,6.052793610961007,0.0,0.0,27153.64059262174,414470,1.0429639839394071,0.0,-0.8767571237729115,-0.8142691579873588,1.4494612236986952,0.4566120282641781,9
Escandon,2023-12,33051,30488,63539,Miguel Hidalgo,0.0,6.052793610961007,1.0,1.0,27153.64059262174,414470,0.9664787948634141,0.0,-0.48088232623334126,-0.8142691579873588,1.4494612236986952,0.45795691348013867,12
Escandon,2024-02,40478,38849,79327,Miguel Hidalgo,0.0,6.052793610961007,1.0,1.0,27153.64059262174,414470,0.8794448971022034,0.0,0.17303730695087127,-0.8142691579873588,1.4494612236986952,0.47983192791795454,14
Escandon,2024-07,41798,39935,81733,Miguel Hidalgo,0.0,6.052793610961007,0.0,0.0,27153.64059262174,414470,0.854114561210404,0.0,-0.6405475848094834,-0.8142691579873588,1.4494612236986952,0.38580827079601937,19
Escandon,2024-12,38029,36627,74656,Miguel Hidalgo,0.0,6.052793610961007,1.0,1.0,27153.64059262174,414470,0.8389673688455173,0.0,0.35962684513945675,-0.8142691579873588,1.4494612236986952,0.47825211760847003,24
Escandon,2025-01,41122,39711,80833,Miguel Hidalgo,0.0,6.052793610961007,0.0,0.0,27153.64059262174,414470,0.8584817151071373,0.0,-0.8202469932994618,-0.8142691579873588,1.4494612236986952,0.37002190689538816,25
Escandon,2025-04,37773,36480,74253,Miguel Hidalgo,0.0,6.052793610961007,0.0,0.0,27153.64059262174,414470,0.8000458581236661,-0.15394759295997215,-1.1225347864675495,-0.8142691579873588,1.4494612236986952,0.287483060142848,28
Escandon,2025-06,35884,34492,70376,Miguel Hidalgo,0.0,6.052793610961007,0.0,0.0,27153.64059262174,414470,0.8730312933611493,0.0,-0.4173499241975349,-0.8142691579873588,1.4494612236986952,0.41758640293258686,30
Escandon,2025-07,39281,37303,76584,Miguel Hidalgo,0.0,6.052793610961007,0.0,0.0,27153.64059262174,414470,0.9309534735533102,0.0,-0.4173499241975349,-0.8142691579873588,1.4494612236986952,0.4465474930286673,31
Escandon,2025-08,38318,36238,74556,Miguel Hidalgo,0.0,6.052793610961007,0.0,0.0,27153.64059262174,414470,0.9361930532612356,0.0,-0.8678676145537424,-0.8142691579873588,1.4494612236986952,0.4041155138470093,32
Escandon,2025-11,37324,35899,73223,Miguel Hidalgo,0.0,6.052793610961007,0.0,0.0,27153.64059262174,414470,0.9200792104355837,0.0,-0.9235742148543081,-0.8142691579873588,1.4494612236986952,0.39048793240412677,35
Escandon,2025-12,33347,31742,65089,Miguel Hidalgo,0.0,6.052793610961007,3.0,2.0,27153.64059262174,414470,0.8943639835718362,0.0,0.9736789450916139,-0.8142691579873588,1.4494612236986952,0.5673556349668452,36
Escandon,2026-02,36540,34502,71042,Miguel Hidalgo,0.0,6.052793610961007,0.0,0.0,27153.64059262174,414470,0.961806003483603,0.0,0.0,-0.8142691579873588,1.4494612236986952,0.5037087504135672,38
Escandon,2026-03,39243,36603,75846,Miguel Hidalgo,0.0,6.052793610961007,0.0,0.0,27153.64059262174,414470,0.9446045776884993,0.0,0.0,-0.8142691579873588,1.4494612236986952,0.49510803751601534,39
Escandon,2026-04,38645,35924,74569,Miguel Hidalgo,0.0,6.052793610961007,0.0,0.0,27153.64059262174,414470,0.9717032352217052,-0.29804219930138437,0.0,-0.8142691579873588,1.4494612236986952,0.46395103638741064,40
Escandon,2026-05,38013,35517,73530,Miguel Hidalgo,0.0,6.052793610961007,0.0,0.0,27153.64059262174,414470,0.9235413952074114,0.0,0.0,-0.8142691579873588,1.4494612236986952,0.4845764462754714,41
Escandon,2026-06,32618,30716,63334,Miguel Hidalgo,0.0,6.052793610961007,0.0,0.0,27153.64059262174,414470,0.7930626240636457,0.0,0.0,-0.8142691579873588,1.4494612236986952,0.41933706070358856,42
Extremadura Insurgentes,2023-01,0,0,0,Benito Juarez,0.0,1.30914280194569,1.0,1.0,3296.9854833383597,434153,-0.4578108992635074,0.0,0.3363168726375907,0.4133183191668357,-0.6392997907505608,-0.19720599356802537,1
Extremadura Insurgentes,2023-02,0,0,0,Benito Juarez,0.0,1.30914280194569,3.0,2.0,3296.9854833383597,434153,-0.4520498443994171,0.0,1.195481783090294,0.4133183191668357,-0.6392997907505608,-0.10840897509070987,2
Extremadura Insurgentes,2023-03,754,685,1439,Benito Juarez,0.0,1.30914280194569,6.0,4.0,3296.9854833383597,434153,-0.4164349520515594,0.0,1.3038724727478443,0.4133183191668357,-0.6392997907505608,-0.079762459951026,3
Extremadura Insurgentes,2023-04,2700,2566,5266,Benito Juarez,0.0,1.30914280194569,4.0,1.0,3296.9854833383597,434153,-0.30512363215393495,0.0,1.3590041777373958,0.4133183191668357,-0.6392997907505608,-0.018593629503258616,4
Extremadura Insurgentes,2023-05,3405,3283,6688,Benito Juarez,0.0,1.30914280194569,2.0,2.0,3296.9854833383597,434153,-0.2949489665656755,0.0,1.2397953938256114,0.4133183191668357,-0.6392997907505608,-0.025427175100307328,5
Extremadura Insurgentes,2023-06,3365,3238,6603,Benito Juarez,0.0,1.30914280194569,1.0,1.0,3296.9854833383597,434153,-0.31503963784309097,0.0,0.2306418529438008,0.4133183191668357,-0.6392997907505608,-0.13638786482719614,6
Extremadura Insurgentes,2023-07,3587,3457,7044,Benito Juarez,0.0,1.30914280194569,1.0,1.0,3296.9854833383597,434153,-0.30486074985748113,0.0,-0.4329444585468293,0.4133183191668357,-0.6392997907505608,-0.19765705198345423,7
Extremadura Insurgentes,2023-08,3889,3667,7556,Benito Juarez,0.0,1.30914280194569,0.0,0.0,3296.9854833383597,434153,-0.31509395826734027,0.0,-0.5755432216610669,0.4133183191668357,-0.6392997907505608,-0.21703353249980756,8
Extremadura Insurgentes,2023-09,3999,3814,7813,Benito Juarez,0.0,1.30914280194569,1.0,0.0,3296.9854833383597,434153,-0.3308871595179264,0.0,-0.1380719879957341,0.4133183191668357,-0.6392997907505608,-0.18118300975856735,9
Extremadura Insurgentes,2023-12,3659,3471,7130,Benito Juarez,0.0,1.30914280194569,2.0,2.0,3296.9854833383597,434153,-0.37679202152781827,0.0,0.9484068100713118,0.4133183191668357,-0.6392997907505608,-0.09548756095680869,12
Extremadura Insurgentes,2024-02,5033,4840,9873,Benito Juarez,0.0,1.30914280194569,0.0,0.0,3296.9854833383597,434153,-0.4047752309642852,0.0,-0.8014359479829826,0.4133183191668357,-0.6392997907505608,-0.2844634414804716,14
Extremadura Insurgentes,2024-07,5316,5175,10491,Benito Juarez,0.0,1.30914280194569,0.0,0.0,3296.9854833383597,434153,-0.42398078871435724,0.0,-0.6405475848094834,0.4133183191668357,-0.6392997907505608,-0.2779773840381577,19
Extremadura Insurgentes,2024-12,4556,4530,9086,Benito Juarez,0.0,1.30914280194569,0.0,0.0,3296.9854833383597,434153,-0.4331948969723032,0.0,-1.0655610226354273,0.4133183191668357,-0.6392997907505608,-0.3250857819497251,24
Extremadura Insurgentes,2025-01,5314,5260,10574,Benito Juarez,0.0,1.30914280194569,2.0,1.0,3296.9854833383597,434153,-0.4246809160828638,0.0,0.319576750636154,0.4133183191668357,-0.6392997907505608,-0.18231501417784723,25
Extremadura Insurgentes,2025-04,4816,4803,9619,Benito Juarez,0.0,1.30914280194569,1.0,1.0,3296.9854833383597,434153,-0.4322653904454662,-0.15394759295997215,0.32458837199061674,0.4133183191668357,-0.6392997907505608,-0.20869822816769795,28
Extremadura Insurgentes,2025-06,4594,4542,9136,Benito Juarez,0.0,1.30914280194569,0.0,0.0,3296.9854833383597,434153,-0.4352486315960933,0.0,-0.4173499241975349,0.4133183191668357,-0.6392997907505608,-0.2612915394178309,30
Extremadura Insurgentes,2025-07,4830,5007,9837,Benito Juarez,0.0,1.30914280194569,0.0,0.0,3296.9854833383597,434153,-0.43521453297036433,0.0,-0.4173499241975349,0.4133183191668357,-0.6392997907505608,-0.2612744901049664,31
Extremadura Insurgentes,2025-08,4916,4994,9910,Benito Juarez,0.0,1.30914280194569,3.0,3.0,3296.9854833383597,434153,-0.4255203558537621,0.0,1.325719033255323,0.4133183191668357,-0.6392997907505608,-0.08212050580137946,32
Extremadura Insurgentes,2025-11,4877,4823,9700,Benito Juarez,0.0,1.30914280194569,1.0,0.0,3296.9854833383597,434153,-0.4296139473141852,0.0,0.08481804013968136,0.4133183191668357,-0.6392997907505608,-0.2082574008431552,35
Extremadura Insurgentes,2025-12,4197,4308,8505,Benito Juarez,0.0,1.30914280194569,0.0,0.0,3296.9854833383597,434153,-0.4346346786145048,0.0,-0.8021786763538865,0.4133183191668357,-0.6392997907505608,-0.2994674381426718,36
Extremadura Insurgentes,2026-02,4652,4594,9246,Benito Juarez,0.0,1.30914280194569,0.0,0.0,3296.9854833383597,434153,-0.4376642627760012,0.0,0.0,0.4133183191668357,-0.6392997907505608,-0.22076436258803134,38
Extremadura Insurgentes,2026-03,4902,4953,9855,Benito Juarez,0.0,1.30914280194569,0.0,0.0,3296.9854833383597,434153,-0.44240618574334906,0.0,0.0,0.4133183191668357,-0.6392997907505608,-0.22313532407170528,39
Extremadura Insurgentes,2026-04,4750,4754,9504,Benito Juarez,0.0,1.30914280194569,0.0,0.0,3296.9854833383597,434153,-0.44061602937521455,-0.29804219930138437,0.0,0.4133183191668357,-0.6392997907505608,-0.26694657578284564,40
Extremadura Insurgentes,2026-05,4761,4698,9459,Benito Juarez,0.0,1.30914280194569,0.0,0.0,3296.9854833383597,434153,-0.4418358347799803,0.0,0.0,0.4133183191668357,-0.6392997907505608,-0.2228501485900209,41
Extremadura Insurgentes,2026-06,3865,3861,7726,Benito Juarez,0.0,1.30914280194569,0.0,0.0,3296.9854833383597,434153,-0.45239555104434137,0.0,0.0,0.4133183191668357,-0.6392997907505608,-0.2281300067222014,42
Florida,2023-01,0,0,0,Alvaro Obregon,0.0,1.3770348423031933,0.0,0.0,6905.408597846009,759137,-0.4578108992635074,0.0,-1.1031193422512973,0.3957488517045757,-0.32336557907273833,-0.31219161400847095,1
Florida,2023-02,0,0,0,Alvaro Obregon,0.0,1.3770348423031933,1.0,1.0,6905.408597846009,759137,-0.4520498443994171,0.0,-0.6719131189631579,0.3957488517045757,-0.32336557907273833,-0.26619046424761184,2
Florida,2023-03,0,0,0,Alvaro Obregon,0.0,1.3770348423031933,0.0,0.0,6905.408597846009,759137,-0.4596991731454731,0.0,-1.2638763846267447,0.3957488517045757,-0.32336557907273833,-0.3292114551869985,3
Florida,2023-04,0,0,0,Alvaro Obregon,0.0,1.3770348423031933,1.0,1.0,6905.408597846009,759137,-0.46674837447246836,0.0,-0.2331138553053197,0.3957488517045757,-0.32336557907273833,-0.2296598029183536,4
Florida,2023-05,0,0,0,Alvaro Obregon,0.0,1.3770348423031933,1.0,0.0,6905.408597846009,759137,-0.4746345614744004,0.0,0.11557414688204855,0.3957488517045757,-0.32336557907273833,-0.19873409620058283,5
Florida,2023-06,0,0,0,Alvaro Obregon,0.0,1.3770348423031933,3.0,3.0,6905.408597846009,759137,-0.48450335550919055,0.0,3.134015766471646,0.3957488517045757,-0.32336557907273833,0.09817566874098185,6
Florida,2023-07,0,0,0,Alvaro Obregon,0.0,1.3770348423031933,1.0,1.0,6905.408597846009,759137,-0.48931710150558577,0.0,-0.4329444585468293,0.3957488517045757,-0.32336557907273833,-0.26092722675906327,7
Florida,2023-08,0,0,0,Alvaro Obregon,0.0,1.3770348423031933,0.0,0.0,6905.408597846009,759137,-0.49578786605561137,0.0,-0.5755432216610669,0.3957488517045757,-0.32336557907273833,-0.27842248534549985,8
Florida,2023-09,0,0,0,Alvaro Obregon,0.0,1.3770348423031933,0.0,0.0,6905.408597846009,759137,-0.5101350092220519,0.0,-0.8767571237729115,0.3957488517045757,-0.32336557907273833,-0.31571744713990463,9
Florida,2023-12,2814,2568,5382,Alvaro Obregon,0.0,1.3770348423031933,0.0,0.0,6905.408597846009,759137,-0.4184172477692314,0.0,-1.9101714625379942,0.3957488517045757,-0.32336557907273833,-0.37320000029000266,12
Florida,2024-02,4245,4167,8412,Alvaro Obregon,0.0,1.3770348423031933,0.0,0.0,6905.408597846009,759137,-0.43178945054998424,0.0,-0.8014359479829826,0.3957488517045757,-0.32336557907273833,-0.26901255022487786,14
Florida,2024-07,4426,4415,8841,Alvaro Obregon,0.0,1.3770348423031933,1.0,1.0,6905.408597846009,759137,-0.4535821099486833,0.0,0.7033463676339425,0.3957488517045757,-0.32336557907273833,-0.1294306483625349,19
Florida,2024-12,3614,3415,7029,Alvaro Obregon,0.0,1.3770348423031933,0.0,0.0,6905.408597846009,759137,-0.47310396790088727,0.0,-1.0655610226354273,0.3957488517045757,-0.32336557907273833,-0.3160823163655739,24
Florida,2025-01,4109,3725,7834,Alvaro Obregon,0.0,1.3770348423031933,0.0,0.0,6905.408597846009,759137,-0.47472241410390886,0.0,-0.8202469932994618,0.3957488517045757,-0.32336557907273833,-0.29236013653348814,25
Florida,2025-04,3444,3247,6691,Alvaro Obregon,0.0,1.3770348423031933,1.0,1.0,6905.408597846009,759137,-0.48809061147171273,-0.15394759295997215,0.32458837199061674,0.3957488517045757,-0.32336557907273833,-0.207652837632378,28
Florida,2025-06,3406,3128,6534,Alvaro Obregon,0.0,1.3770348423031933,0.0,0.0,6905.408597846009,759137,-0.49083557419470114,0.0,-0.4173499241975349,0.3957488517045757,-0.32336557907273833,-0.26012700966869157,30
Florida,2025-07,3849,3431,7280,Alvaro Obregon,0.0,1.3770348423031933,0.0,0.0,6905.408597846009,759137,-0.48755084160867074,0.0,-0.4173499241975349,0.3957488517045757,-0.32336557907273833,-0.25848464337567634,31
Florida,2025-08,3391,2853,6244,Alvaro Obregon,0.0,1.3770348423031933,0.0,0.0,6905.408597846009,759137,-0.5027415506348093,0.0,-0.8678676145537424,0.3957488517045757,-0.32336557907273833,-0.3111317669243664,32
Florida,2025-11,3798,3020,6818,Alvaro Obregon,0.0,1.3770348423031933,0.0,0.0,6905.408597846009,759137,-0.4908487076472115,0.0,-0.9235742148543081,0.3957488517045757,-0.32336557907273833,-0.31075600546062404,35
Florida,2025-12,3372,2852,6224,Alvaro Obregon,0.0,1.3770348423031933,0.0,0.0,6905.408597846009,759137,-0.4882089389786898,0.0,-0.8021786763538865,0.3957488517045757,-0.32336557907273833,-0.29729656727632103,36
Florida,2026-02,3348,2874,6222,Alvaro Obregon,0.0,1.3770348423031933,0.0,0.0,6905.408597846009,759137,-0.5061476287732994,0.0,0.0,0.3957488517045757,-0.32336557907273833,-0.2260480445382372,38
Florida,2026-03,3735,3069,6804,Alvaro Obregon,0.0,1.3770348423031933,0.0,0.0,6905.408597846009,759137,-0.5065326550987242,0.0,0.0,0.3957488517045757,-0.32336557907273833,-0.2262405577009496,39
Florida,2026-04,3351,2774,6125,Alvaro Obregon,1.0,1.3770348423031933,0.0,0.0,6905.408597846009,759137,-0.5139615576173261,0.5411818882051453,0.0,0.3957488517045757,-0.32336557907273833,-0.14877772572947875,40
Florida,2026-05,3378,2781,6159,Alvaro Obregon,0.0,1.3770348423031933,0.0,0.0,6905.408597846009,759137,-0.5121600822391802,0.0,0.0,0.3957488517045757,-0.32336557907273833,-0.22905427127117758,41
Florida,2026-06,2907,2567,5474,Alvaro Obregon,0.0,1.3770348423031933,0.0,0.0,6905.408597846009,759137,-0.5028338298952835,0.0,0.0,0.3957488517045757,-0.32336557907273833,-0.22439114509922922,42
General Pedro Maria Anaya,2023-01,4301,4869,9170,Benito Juarez,0.0,0.6398460863398647,1.0,1.0,7834.563041735815,434153,-0.0748120142857773,0.0,0.3363168726375907,0.586522524041413,-0.242013789816914,0.06000267974539096,1
General Pedro Maria Anaya,2023-02,4425,4889,9314,Benito Juarez,0.0,0.6398460863398647,3.0,2.0,7834.563041735815,434153,-0.11329789910601137,0.0,1.195481783090294,0.586522524041413,-0.242013789816914,0.12667622838054426,2
General Pedro Maria Anaya,2023-03,4420,4733,9153,Benito Juarez,0.0,0.6398460863398647,6.0,4.0,7834.563041735815,434153,-0.18450986413046833,0.0,1.3038724727478443,0.586522524041413,-0.242013789816914,0.10190931483407083,3
General Pedro Maria Anaya,2023-04,3939,4501,8440,Benito Juarez,0.0,0.6398460863398647,4.0,1.0,7834.563041735815,434153,-0.20770682012981323,0.0,1.3590041777373958,0.586522524041413,-0.242013789816914,0.09582400733335353,4
General Pedro Maria Anaya,2023-05,4425,4943,9368,Benito Juarez,0.0,0.6398460863398647,2.0,2.0,7834.563041735815,434153,-0.22294576764890175,0.0,1.2397953938256114,0.586522524041413,-0.242013789816914,0.07628365518263082,5
General Pedro Maria Anaya,2023-06,4690,4942,9632,Benito Juarez,0.0,0.6398460863398647,1.0,1.0,7834.563041735815,434153,-0.23730139752647497,0.0,0.2306418529438008,0.586522524041413,-0.242013789816914,-0.031809513844336855,6
General Pedro Maria Anaya,2023-07,4595,4733,9328,Benito Juarez,0.0,0.6398460863398647,1.0,1.0,7834.563041735815,434153,-0.24505122300281462,0.0,-0.4329444585468293,0.586522524041413,-0.242013789816914,-0.1020430577315697,7
General Pedro Maria Anaya,2023-08,4948,5129,10077,Benito Juarez,0.0,0.6398460863398647,0.0,0.0,7834.563041735815,434153,-0.2548068564232122,0.0,-0.5755432216610669,0.586522524041413,-0.242013789816914,-0.12118075075319225,8
General Pedro Maria Anaya,2023-09,5230,5313,10543,Benito Juarez,0.0,0.6398460863398647,1.0,0.0,7834.563041735815,434153,-0.2682547993883651,0.0,-0.1380719879957341,0.586522524041413,-0.242013789816914,-0.08415759886923542,9
General Pedro Maria Anaya,2023-12,4161,4412,8573,Benito Juarez,0.0,0.6398460863398647,2.0,2.0,7834.563041735815,434153,-0.34242977812601094,0.0,0.9484068100713118,0.586522524041413,-0.242013789816914,-0.01259720843135374,12
General Pedro Maria Anaya,2024-02,6364,6854,13218,Benito Juarez,0.0,0.6398460863398647,0.0,0.0,7834.563041735815,434153,-0.34292542636869094,0.0,-0.8014359479829826,0.586522524041413,-0.242013789816914,-0.18782930835812317,14
General Pedro Maria Anaya,2024-07,7291,7522,14813,Benito Juarez,0.0,0.6398460863398647,0.0,0.0,7834.563041735815,434153,-0.3464432672751105,0.0,-0.6405475848094834,0.586522524041413,-0.242013789816914,-0.17349939249398302,19
General Pedro Maria Anaya,2024-12,5294,5463,10757,Benito Juarez,0.0,0.6398460863398647,0.0,0.0,7834.563041735815,434153,-0.40077483983974904,0.0,-1.0655610226354273,0.586522524041413,-0.242013789816914,-0.2431665225588967,24
General Pedro Maria Anaya,2025-01,6485,6677,13162,Benito Juarez,0.0,0.6398460863398647,2.0,1.0,7834.563041735815,434153,-0.3774154427695556,0.0,0.319576750636154,0.586522524041413,-0.242013789816914,-0.09297304669664185,25
General Pedro Maria Anaya,2025-04,6635,6578,13213,Benito Juarez,0.0,0.6398460863398647,1.0,1.0,7834.563041735815,434153,-0.3637422195546431,-0.15394759295997215,0.32458837199061674,0.586522524041413,-0.242013789816914,-0.10872741189773513,28
General Pedro Maria Anaya,2025-06,6247,6199,12446,Benito Juarez,0.0,0.6398460863398647,0.0,0.0,7834.563041735815,434153,-0.3645365716416767,0.0,-0.4173499241975349,0.586522524041413,-0.242013789816914,-0.16022627861607128,30
General Pedro Maria Anaya,2025-07,6726,6699,13425,Benito Juarez,0.0,0.6398460863398647,0.0,0.0,7834.563041735815,434153,-0.3617758644548214,0.0,-0.4173499241975349,0.586522524041413,-0.242013789816914,-0.15884592502264364,31
General Pedro Maria Anaya,2025-08,6647,6495,13142,Benito Juarez,0.0,0.6398460863398647,3.0,3.0,7834.563041735815,434153,-0.35744100464472095,0.0,1.325719033255323,0.586522524041413,-0.242013789816914,0.01762840062769239,32
General Pedro Maria Anaya,2025-11,5885,6034,11919,Benito Juarez,0.0,0.6398460863398647,1.0,0.0,7834.563041735815,434153,-0.3824661564817821,0.0,0.08481804013968136,0.586522524041413,-0.242013789816914,-0.11897427460240237,35
General Pedro Maria Anaya,2025-12,4897,4759,9656,Benito Juarez,0.0,0.6398460863398647,0.0,0.0,7834.563041735815,434153,-0.407600933029596,0.0,-0.8021786763538865,0.586522524041413,-0.242013789816914,-0.22024133452566608,36
General Pedro Maria Anaya,2026-02,6128,6193,12321,Benito Juarez,0.0,0.6398460863398647,0.0,0.0,7834.563041735815,434153,-0.36802591937597073,0.0,0.0,0.586522524041413,-0.242013789816914,-0.12023596006346482,38
General Pedro Maria Anaya,2026-03,6571,6584,13155,Benito Juarez,0.0,0.6398460863398647,0.0,0.0,7834.563041735815,434153,-0.37304618939043577,0.0,0.0,0.586522524041413,-0.242013789816914,-0.12274609507069734,39
General Pedro Maria Anaya,2026-04,6307,6246,12553,Benito Juarez,0.0,0.6398460863398647,0.0,0.0,7834.563041735815,434153,-0.37443357432632485,-0.29804219930138437,0.0,0.586522524041413,-0.242013789816914,-0.1681461174338495,40
General Pedro Maria Anaya,2026-05,6343,6256,12599,Benito Juarez,0.0,0.6398460863398647,0.0,0.0,7834.563041735815,434153,-0.37492124780365077,0.0,0.0,0.586522524041413,-0.242013789816914,-0.12368362427730484,41
General Pedro Maria Anaya,2026-06,5488,5352,10840,Benito Juarez,0.0,0.6398460863398647,0.0,0.0,7834.563041735815,434153,-0.3826509682992998,0.0,0.0,0.586522524041413,-0.242013789816914,-0.12754848452512935,42
Granada,2023-01,5503,4791,10294,Miguel Hidalgo,0.0,5.867978457022641,0.0,0.0,23404.36878284745,414470,-0.027866458482618234,0.0,-1.1031193422512973,-0.7664416981473798,1.1211950542396445,-0.1270919127645814,1
Granada,2023-02,6224,5458,11682,Miguel Hidalgo,0.0,5.867978457022641,1.0,1.0,23404.36878284745,414470,-0.027173290296178355,0.0,-0.6719131189631579,-0.7664416981473798,1.1211950542396445,-0.08362470634254751,2
Granada,2023-03,7790,6915,14705,Miguel Hidalgo,0.0,5.867978457022641,2.0,2.0,23404.36878284745,414470,-0.017586337018995975,0.0,-0.407960098835215,-0.7664416981473798,1.1211950542396445,-0.05243592769116201,3
Granada,2023-04,7135,6333,13468,Miguel Hidalgo,0.0,5.867978457022641,0.0,0.0,23404.36878284745,414470,-0.05338680410672436,0.0,-0.7638198663195582,-0.7664416981473798,1.1211950542396445,-0.10592213798346053,4
Granada,2023-05,9145,8116,17261,Miguel Hidalgo,0.0,5.867978457022641,0.0,0.0,23404.36878284745,414470,-0.010885600092896101,0.0,-1.0086471000615145,-0.7664416981473798,1.1211950542396445,-0.10915425935074202,5
Granada,2023-06,9689,8624,18313,Miguel Hidalgo,0.0,5.867978457022641,1.0,1.0,23404.36878284745,414470,-0.01450652654973557,0.0,0.2306418529438008,-0.7664416981473798,1.1211950542396445,0.012964172721369766,6
Granada,2023-07,9255,8422,17677,Miguel Hidalgo,0.0,5.867978457022641,1.0,1.0,23404.36878284745,414470,-0.0264217397674334,0.0,-0.4329444585468293,-0.7664416981473798,1.1211950542396445,-0.05935206503654214,7
Granada,2023-08,10660,9497,20157,Miguel Hidalgo,0.0,5.867978457022641,1.0,1.0,23404.36878284745,414470,-0.013754104900478946,0.0,0.0,-0.7664416981473798,1.1211950542396445,-0.009723801748382,8
Granada,2023-09,11124,10164,21288,Miguel Hidalgo,0.0,5.867978457022641,0.0,0.0,23404.36878284745,414470,-0.02174025375021988,0.0,-0.8767571237729115,-0.7664416981473798,1.1211950542396445,-0.10139258855054362,9
Granada,2023-12,10152,9413,19565,Miguel Hidalgo,0.0,5.867978457022641,1.0,1.0,23404.36878284745,414470,-0.08067663919831454,0.0,-0.48088232623334126,-0.7664416981473798,1.1211950542396445,-0.09127330152063393,12
Granada,2024-02,13940,12860,26800,Miguel Hidalgo,0.0,5.867978457022641,1.0,1.0,23404.36878284745,414470,-0.09179118241731235,0.0,0.17303730695087127,-0.7664416981473798,1.1211950542396445,-0.031438609811711565,14
Granada,2024-07,15509,15356,30865,Miguel Hidalgo,0.0,5.867978457022641,0.0,0.0,23404.36878284745,414470,-0.05846726215183676,0.0,-0.6405475848094834,-0.7664416981473798,1.1211950542396445,-0.09613513885500921,19
Granada,2024-12,13759,13264,27023,Miguel Hidalgo,0.0,5.867978457022641,1.0,1.0,23404.36878284745,414470,-0.08518857453865603,0.0,0.35962684513945675,-0.7664416981473798,1.1211950542396445,-0.009478352053524847,24
Granada,2025-01,14765,14415,29180,Miguel Hidalgo,0.0,5.867978457022641,0.0,0.0,23404.36878284745,414470,-0.08487357587134411,0.0,-0.8202469932994618,-0.7664416981473798,1.1211950542396445,-0.12730823656376078,25
Granada,2025-04,13168,12946,26114,Miguel Hidalgo,0.0,5.867978457022641,0.0,0.0,23404.36878284745,414470,-0.11777187240313805,-0.15394759295997215,-1.1225347864675495,-0.7664416981473798,1.1211950542396445,-0.19707830309046234,28
Granada,2025-06,12553,12529,25082,Miguel Hidalgo,0.0,5.867978457022641,0.0,0.0,23404.36878284745,414470,-0.09459168052868329,0.0,-0.4173499241975349,-0.7664416981473798,1.1211950542396445,-0.09187758198223764,30
Granada,2025-07,13733,13405,27138,Miguel Hidalgo,0.0,5.867978457022641,0.0,0.0,23404.36878284745,414470,-0.08110015058814353,0.0,-0.4173499241975349,-0.7664416981473798,1.1211950542396445,-0.08513181701196779,31
Granada,2025-08,12412,12282,24694,Miguel Hidalgo,0.0,5.867978457022641,0.0,0.0,23404.36878284745,414470,-0.11410787804606899,0.0,-0.8678676145537424,-0.7664416981473798,1.1211950542396445,-0.14668744977655127,32
Granada,2025-11,12051,11731,23782,Miguel Hidalgo,0.0,5.867978457022641,0.0,0.0,23404.36878284745,414470,-0.13040926479868298,0.0,-0.9235742148543081,-0.7664416981473798,1.1211950542396445,-0.1604088031829148,35
Granada,2025-12,10987,10625,21612,Miguel Hidalgo,0.0,5.867978457022641,3.0,2.0,23404.36878284745,414470,-0.12678819435612124,0.0,0.9736789450916139,-0.7664416981473798,1.1211950542396445,0.031127048032958265,36
Granada,2026-02,12202,11733,23935,Miguel Hidalgo,0.0,5.867978457022641,0.0,0.0,23404.36878284745,414470,-0.10500812417338412,0.0,0.0,-0.7664416981473798,1.1211950542396445,-0.05535081138483458,38
Granada,2026-03,13130,12933,26063,Miguel Hidalgo,0.0,5.867978457022641,0.0,0.0,23404.36878284745,414470,-0.10174351274697988,0.0,0.0,-0.7664416981473798,1.1211950542396445,-0.05371850567163247,39
Granada,2026-04,12683,12696,25379,Miguel Hidalgo,0.0,5.867978457022641,0.0,0.0,23404.36878284745,414470,-0.09602879621643333,-0.29804219930138437,0.0,-0.7664416981473798,1.1211950542396445,-0.09556747730156684,40
Granada,2026-05,13189,12776,25965,Miguel Hidalgo,0.0,5.867978457022641,0.0,0.0,23404.36878284745,414470,-0.09008673521587349,0.0,0.0,-0.7664416981473798,1.1211950542396445,-0.04789011690607928,41
Granada,2026-06,12473,11975,24448,Miguel Hidalgo,0.0,5.867978457022641,0.0,0.0,23404.36878284745,414470,-0.07787117318223954,0.0,0.0,-0.7664416981473798,1.1211950542396445,-0.041782335889262306,42
Guadalupe Chimalistac,2023-01,0,0,0,Alvaro Obregon,0.0,,0.0,0.0,,759137,-0.4578108992635074,0.0,-1.1031193422512973,0.0,0.0,-0.33921738385688344,1
Guadalupe Chimalistac,2023-02,0,0,0,Alvaro Obregon,0.0,,1.0,1.0,,759137,-0.4520498443994171,0.0,-0.6719131189631579,0.0,0.0,-0.2932162340960243,2
Guadalupe Chimalistac,2023-03,0,0,0,Alvaro Obregon,0.0,,0.0,0.0,,759137,-0.4596991731454731,0.0,-1.2638763846267447,0.0,0.0,-0.356237225035411,3
Guadalupe Chimalistac,2023-04,0,0,0,Alvaro Obregon,0.0,,1.0,1.0,,759137,-0.46674837447246836,0.0,-0.2331138553053197,0.0,0.0,-0.2566855727667662,4
Guadalupe Chimalistac,2023-05,0,0,0,Alvaro Obregon,0.0,,1.0,0.0,,759137,-0.4746345614744004,0.0,0.11557414688204855,0.0,0.0,-0.22575986604899534,5
Guadalupe Chimalistac,2023-06,0,0,0,Alvaro Obregon,0.0,,3.0,3.0,,759137,-0.48450335550919055,0.0,3.134015766471646,0.0,0.0,0.07114989889256934,6
Guadalupe Chimalistac,2023-07,0,0,0,Alvaro Obregon,0.0,,1.0,1.0,,759137,-0.48931710150558577,0.0,-0.4329444585468293,0.0,0.0,-0.2879529966074758,7
Guadalupe Chimalistac,2023-08,0,0,0,Alvaro Obregon,0.0,,0.0,0.0,,759137,-0.49578786605561137,0.0,-0.5755432216610669,0.0,0.0,-0.3054482551939124,8
Guadalupe Chimalistac,2023-09,0,0,0,Alvaro Obregon,0.0,,0.0,0.0,,759137,-0.5101350092220519,0.0,-0.8767571237729115,0.0,0.0,-0.3427432169883171,9
Guadalupe Chimalistac,2023-12,2219,2223,4442,Alvaro Obregon,0.0,,0.0,0.0,,759137,-0.4408015227503117,0.0,-1.9101714625379942,0.0,0.0,-0.41141790762895525,12
Guadalupe Chimalistac,2024-02,4654,4643,9297,Alvaro Obregon,0.0,,0.0,0.0,,759137,-0.41542560090361624,0.0,-0.8014359479829826,0.0,0.0,-0.28785639525010637,14
Guadalupe Chimalistac,2024-07,5167,5323,10490,Alvaro Obregon,0.0,,1.0,1.0,,759137,-0.4239987289090447,0.0,0.7033463676339425,0.0,0.0,-0.1416647276911281,19
Guadalupe Chimalistac,2024-12,5055,5012,10067,Alvaro Obregon,0.0,,0.0,0.0,,759137,-0.41416193703990606,0.0,-1.0655610226354273,0.0,0.0,-0.3136370707834958,24
Guadalupe Chimalistac,2025-01,5658,5628,11286,Alvaro Obregon,0.0,,0.0,0.0,,759137,-0.4116774319255703,0.0,-0.8202469932994618,0.0,0.0,-0.28786341529273135,25
Guadalupe Chimalistac,2025-04,5752,5814,11566,Alvaro Obregon,0.0,,1.0,1.0,,759137,-0.3951439063819068,-0.15394759295997215,0.32458837199061674,0.0,0.0,-0.18820525493588752,28
Guadalupe Chimalistac,2025-06,4642,4691,9333,Alvaro Obregon,0.0,,0.0,0.0,,759137,-0.43104008905499963,0.0,-0.4173499241975349,0.0,0.0,-0.2572550369472533,30
Guadalupe Chimalistac,2025-07,5248,5313,10561,Alvaro Obregon,0.0,,0.0,0.0,,759137,-0.4203958049867375,0.0,-0.4173499241975349,0.0,0.0,-0.25193289491312226,31
Guadalupe Chimalistac,2025-08,5099,5220,10319,Alvaro Obregon,0.0,,0.0,0.0,,759137,-0.4169051161741526,0.0,-0.8678676145537424,0.0,0.0,-0.29523931954245053,32
Guadalupe Chimalistac,2025-11,5441,5529,10970,Alvaro Obregon,0.0,,0.0,0.0,,759137,-0.40262985792385086,0.0,-0.9235742148543081,0.0,0.0,-0.29367235044735623,35
Guadalupe Chimalistac,2025-12,4574,4671,9245,Alvaro Obregon,0.0,,0.0,0.0,,759137,-0.4172541645112619,0.0,-0.8021786763538865,0.0,0.0,-0.2888449498910196,36
Guadalupe Chimalistac,2026-02,5174,5070,10244,Alvaro Obregon,0.0,,0.0,0.0,,759137,-0.4150629402676336,0.0,0.0,0.0,0.0,-0.2075314701338168,38
Guadalupe Chimalistac,2026-03,5537,5394,10931,Alvaro Obregon,0.0,,0.0,0.0,,759137,-0.4197906232961567,0.0,0.0,0.0,0.0,-0.20989531164807834,39
Guadalupe Chimalistac,2026-04,5543,5477,11020,Alvaro Obregon,0.0,,0.0,0.0,,759137,-0.40770930525120114,-0.29804219930138437,0.0,0.0,0.0,-0.24856098252080822,40
Guadalupe Chimalistac,2026-05,5532,5547,11079,Alvaro Obregon,0.0,,0.0,0.0,,759137,-0.4073130223909186,0.0,0.0,0.0,0.0,-0.2036565111954593,41
Guadalupe Chimalistac,2026-06,4599,4599,9198,Alvaro Obregon,0.0,,0.0,0.0,,759137,-0.4194270135360879,0.0,0.0,0.0,0.0,-0.20971350676804396,42
Guadalupe Inn,2023-01,0,0,0,Alvaro Obregon,0.0,3.2071646311617106,0.0,0.0,3936.8978121303594,759137,-0.4578108992635074,0.0,-1.1031193422512973,-0.07786198113746527,-0.5832724927524421,-0.4092239303027474,1
Guadalupe Inn,2023-02,0,0,0,Alvaro Obregon,0.0,3.2071646311617106,1.0,1.0,3936.8978121303594,759137,-0.4520498443994171,0.0,-0.6719131189631579,-0.07786198113746527,-0.5832724927524421,-0.3632227805418884,2
Guadalupe Inn,2023-03,0,0,0,Alvaro Obregon,0.0,3.2071646311617106,0.0,0.0,3936.8978121303594,759137,-0.4596991731454731,0.0,-1.2638763846267447,-0.07786198113746527,-0.5832724927524421,-0.426243771481275,3
Guadalupe Inn,2023-04,0,0,0,Alvaro Obregon,0.0,3.2071646311617106,1.0,1.0,3936.8978121303594,759137,-0.46674837447246836,0.0,-0.2331138553053197,-0.07786198113746527,-0.5832724927524421,-0.3266921192126302,4
Guadalupe Inn,2023-05,0,0,0,Alvaro Obregon,0.0,3.2071646311617106,1.0,0.0,3936.8978121303594,759137,-0.4746345614744004,0.0,0.11557414688204855,-0.07786198113746527,-0.5832724927524421,-0.29576641249485935,5
Guadalupe Inn,2023-06,0,0,0,Alvaro Obregon,0.0,3.2071646311617106,3.0,3.0,3936.8978121303594,759137,-0.48450335550919055,0.0,3.134015766471646,-0.07786198113746527,-0.5832724927524421,0.0011433524467053535,6
Guadalupe Inn,2023-07,0,0,0,Alvaro Obregon,0.0,3.2071646311617106,1.0,1.0,3936.8978121303594,759137,-0.48931710150558577,0.0,-0.4329444585468293,-0.07786198113746527,-0.5832724927524421,-0.3579595430533399,7
Guadalupe Inn,2023-08,0,0,0,Alvaro Obregon,0.0,3.2071646311617106,0.0,0.0,3936.8978121303594,759137,-0.49578786605561137,0.0,-0.5755432216610669,-0.07786198113746527,-0.5832724927524421,-0.3754548016397764,8
Guadalupe Inn,2023-09,0,0,0,Alvaro Obregon,0.0,3.2071646311617106,0.0,0.0,3936.8978121303594,759137,-0.5101350092220519,0.0,-0.8767571237729115,-0.07786198113746527,-0.5832724927524421,-0.4127497634341811,9
Guadalupe Inn,2023-12,81,41,122,Alvaro Obregon,0.0,3.2071646311617106,0.0,0.0,3936.8978121303594,759137,-0.543673935429319,0.0,-1.9101714625379942,-0.07786198113746527,-0.5832724927524421,-0.5328606604143229,12
Guadalupe Inn,2024-02,1558,1350,2908,Alvaro Obregon,0.0,3.2071646311617106,0.0,0.0,3936.8978121303594,759137,-0.5335596521924807,0.0,-0.8014359479829826,-0.07786198113746527,-0.5832724927524421,-0.41692996734040255,14
Guadalupe Inn,2024-07,6195,4999,11194,Alvaro Obregon,0.0,3.2071646311617106,1.0,1.0,3936.8978121303594,759137,-0.4113688318490656,0.0,0.7033463676339425,-0.07786198113746527,-0.5832724927524421,-0.20535632560700254,19
Guadalupe Inn,2024-12,7519,5643,13162,Alvaro Obregon,0.0,3.2071646311617106,0.0,0.0,3936.8978121303594,759137,-0.354114015540651,0.0,-1.0655610226354273,-0.07786198113746527,-0.5832724927524421,-0.35361965647973226,24
Guadalupe Inn,2025-01,7965,6129,14094,Alvaro Obregon,0.0,3.2071646311617106,0.0,0.0,3936.8978121303594,759137,-0.360394028114222,0.0,-0.8202469932994618,-0.07786198113746527,-0.5832724927524421,-0.33222825983292126,25
Guadalupe Inn,2025-04,7282,5731,13013,Alvaro Obregon,0.0,3.2071646311617106,1.0,1.0,3936.8978121303594,759137,-0.3675554177121736,-0.15394759295997215,0.32458837199061674,-0.07786198113746527,-0.5832724927524421,-0.24441755704688495,28
Guadalupe Inn,2025-06,7985,5964,13949,Alvaro Obregon,0.0,3.2071646311617106,0.0,0.0,3936.8978121303594,759137,-0.3324277420007437,0.0,-0.4173499241975349,-0.07786198113746527,-0.5832724927524421,-0.2779554098659893,30
Guadalupe Inn,2025-07,8416,6239,14655,Alvaro Obregon,0.0,3.2071646311617106,0.0,0.0,3936.8978121303594,759137,-0.33660040116772055,0.0,-0.4173499241975349,-0.07786198113746527,-0.5832724927524421,-0.28004173944947774,31
Guadalupe Inn,2025-08,7349,5562,12911,Alvaro Obregon,0.0,3.2071646311617106,0.0,0.0,3936.8978121303594,759137,-0.36230682461046615,0.0,-0.8678676145537424,-0.07786198113746527,-0.5832724927524421,-0.3379467202064713,32
Guadalupe Inn,2025-11,7788,6219,14007,Alvaro Obregon,0.0,3.2071646311617106,0.0,0.0,3936.8978121303594,759137,-0.33810176384633484,0.0,-0.9235742148543081,-0.07786198113746527,-0.5832724927524421,-0.33141484985446223,35
Guadalupe Inn,2025-12,7179,5488,12667,Alvaro Obregon,0.0,3.2071646311617106,0.0,0.0,3936.8978121303594,759137,-0.3368810303743741,0.0,-0.8021786763538865,-0.07786198113746527,-0.5832724927524421,-0.3186649292684397,36
Guadalupe Inn,2026-02,7134,5649,12783,Alvaro Obregon,0.0,3.2071646311617106,0.0,0.0,3936.8978121303594,759137,-0.3575631829041613,0.0,0.0,-0.07786198113746527,-0.5832724927524421,-0.24878813789794466,38
Guadalupe Inn,2026-03,7673,6106,13779,Alvaro Obregon,0.0,3.2071646311617106,0.0,0.0,3936.8978121303594,759137,-0.3599308446255213,0.0,0.0,-0.07786198113746527,-0.5832724927524421,-0.24997196875862465,39
Guadalupe Inn,2026-04,7383,5948,13331,Alvaro Obregon,0.0,3.2071646311617106,0.0,0.0,3936.8978121303594,759137,-0.3575460866162441,-0.29804219930138437,0.0,-0.07786198113746527,-0.5832724927524421,-0.2934859196491937,40
Guadalupe Inn,2026-05,7425,5955,13380,Alvaro Obregon,0.0,3.2071646311617106,0.0,0.0,3936.8978121303594,759137,-0.35827784257164014,0.0,0.0,-0.07786198113746527,-0.5832724927524421,-0.24914546773168408,41
Guadalupe Inn,2026-06,6244,5087,11331,Alvaro Obregon,0.0,3.2071646311617106,0.0,0.0,3936.8978121303594,759137,-0.3716539900951201,0.0,0.0,-0.07786198113746527,-0.5832724927524421,-0.2558335414934241,42
Hipodromo,2023-01,42855,42451,85306,Cuauhtemoc,0.0,8.665113258638913,2.0,1.0,11858.33224859694,545884,3.1051228937474242,0.0,1.7757530875264789,-1.4902992906688428,0.11028590232066438,1.5176204522581,1
Hipodromo,2023-02,45060,44705,89765,Cuauhtemoc,0.0,8.665113258638913,2.0,2.0,11858.33224859694,545884,2.812720218866909,0.0,0.26178433206356805,-1.4902992906688428,0.11028590232066438,1.2200222392715514,2
Hipodromo,2023-03,54962,54450,109412,Cuauhtemoc,0.0,8.665113258638913,2.0,2.0,11858.33224859694,545884,2.829824772877656,0.0,-0.407960098835215,-1.4902992906688428,0.11028590232066438,1.1616000731870466,3
Hipodromo,2023-04,53135,53235,106370,Cuauhtemoc,0.0,8.665113258638913,0.0,0.0,11858.33224859694,545884,2.7979732055545723,0.0,-0.7638198663195582,-1.4902992906688428,0.11028590232066438,1.1100883127770702,4
Hipodromo,2023-05,59768,59929,119697,Cuauhtemoc,0.0,8.665113258638913,1.0,1.0,11858.33224859694,545884,2.741248610443908,0.0,0.11557414688204855,-1.4902992906688428,0.11028590232066438,1.169665416541899,5
Hipodromo,2023-06,61922,61616,123538,Cuauhtemoc,0.0,8.665113258638913,0.0,0.0,11858.33224859694,545884,2.686056806997944,0.0,-1.2210451038201218,-1.4902992906688428,0.11028590232066438,1.0084075897486997,6
Hipodromo,2023-07,59164,58738,117902,Cuauhtemoc,0.0,8.665113258638913,4.0,2.0,11858.33224859694,545884,2.598100952443141,0.0,2.189228582840571,-1.4902992906688428,0.11028590232066438,1.3054570311373674,7
Hipodromo,2023-08,64003,64144,128147,Cuauhtemoc,0.0,8.665113258638913,5.0,4.0,11858.33224859694,545884,2.568714807494359,0.0,2.3021728866442674,-1.4902992906688428,0.11028590232066438,1.3020583890433461,8
Hipodromo,2023-09,66591,66301,132892,Cuauhtemoc,0.0,8.665113258638913,4.0,2.0,11858.33224859694,545884,2.5387073359565795,0.0,2.077983419335798,-1.4902992906688428,0.11028590232066438,1.2646357065436096,9
Hipodromo,2023-12,62373,62429,124802,Cuauhtemoc,0.0,8.665113258638913,1.0,0.0,11858.33224859694,545884,2.4253381971675867,0.0,-0.48088232623334126,-1.4902992906688428,0.11028590232066438,0.9520645625921993,12
Hipodromo,2024-02,81991,80651,162642,Cuauhtemoc,0.0,8.665113258638913,3.0,1.0,11858.33224859694,545884,2.419958042059434,0.0,2.1219838168185787,-1.4902992906688428,0.11028590232066438,1.209661099343315,14
Hipodromo,2024-07,81509,81951,163460,Cuauhtemoc,0.0,8.665113258638913,2.0,0.0,11858.33224859694,545884,2.320312852433292,0.0,2.0472403200773686,-1.4902992906688428,0.11028590232066438,1.1523641548561228,19
Hipodromo,2024-12,75457,75178,150635,Cuauhtemoc,0.0,8.665113258638913,2.0,0.0,11858.33224859694,545884,2.313080786484257,0.0,1.7848147129143406,-1.4902992906688428,0.11028590232066438,1.1225055611653025,24
Hipodromo,2025-01,80742,79802,160544,Cuauhtemoc,0.0,8.665113258638913,5.0,3.0,11858.33224859694,545884,2.314269251149298,0.0,2.029312366539578,-1.4902992906688428,0.11028590232066438,1.1475495588603468,25
Hipodromo,2025-04,77705,76720,154425,Cuauhtemoc,0.0,8.665113258638913,2.0,2.0,11858.33224859694,545884,2.328604471551343,-0.15394759295997215,1.771711530448783,-1.4902992906688428,0.11028590232066438,1.1058649465082941,28
Hipodromo,2025-06,65971,66972,132943,Cuauhtemoc,0.0,8.665113258638913,1.0,0.0,11858.33224859694,545884,2.20966013178048,0.0,2.3736776938734803,-1.4902992906688428,0.11028590232066438,1.1296815319093279,30
Hipodromo,2025-07,70892,72578,143470,Cuauhtemoc,0.0,8.665113258638913,1.0,1.0,11858.33224859694,545884,2.29996651210699,0.0,2.3736776938734803,-1.4902992906688428,0.11028590232066438,1.1748347220725832,31
Hipodromo,2025-08,68340,69743,138083,Cuauhtemoc,0.0,8.665113258638913,1.0,1.0,11858.33224859694,545884,2.2743356721525583,0.0,-0.13667206528405393,-1.4902992906688428,0.11028590232066438,0.9109843261796139,32
Hipodromo,2025-11,68936,69230,138166,Cuauhtemoc,0.0,8.665113258638913,3.0,1.0,11858.33224859694,545884,2.299943554747774,0.0,2.1016025501276605,-1.4902992906688428,0.11028590232066438,1.147615729018393,35
Hipodromo,2025-12,61487,62207,123694,Cuauhtemoc,0.0,8.665113258638913,4.0,3.0,11858.33224859694,545884,2.270830239005007,0.0,1.5656314855734474,-1.4902992906688428,0.11028590232066438,1.0794619646915882,36
Hipodromo,2026-02,65488,65563,131051,Cuauhtemoc,0.0,8.665113258638913,0.0,0.0,11858.33224859694,545884,2.3208067674161,0.0,0.0,-1.4902992906688428,0.11028590232066438,0.9478870803397902,38
Hipodromo,2026-03,69994,69789,139783,Cuauhtemoc,0.0,8.665113258638913,0.0,0.0,11858.33224859694,545884,2.2884439979358375,0.0,0.0,-1.4902992906688428,0.11028590232066438,0.9317056955996589,39
Hipodromo,2026-04,67306,67281,134587,Cuauhtemoc,0.0,8.665113258638913,0.0,0.0,11858.33224859694,545884,2.274470892527137,-0.29804219930138437,0.0,-1.4902992906688428,0.11028590232066438,0.8800128130001009,40
Hipodromo,2026-05,69136,68570,137706,Cuauhtemoc,0.0,8.665113258638913,0.0,0.0,11858.33224859694,545884,2.2911562148866866,0.0,0.0,-1.4902992906688428,0.11028590232066438,0.9330618040750834,41
Hipodromo,2026-06,61065,60857,121922,Cuauhtemoc,0.0,8.665113258638913,0.0,0.0,11858.33224859694,545884,2.1052641699424175,0.0,0.0,-1.4902992906688428,0.11028590232066438,0.8401157816029489,42
Hipodromo Condesa,2023-01,8614,7970,16584,Cuauhtemoc,0.0,0.5545874836292937,2.0,1.0,3606.783556442895,545884,0.23484488137669715,0.0,1.7757530875264789,0.6085862039413439,-0.6121755298477635,0.3250681270474217,1
Hipodromo Condesa,2023-02,9633,9028,18661,Cuauhtemoc,0.0,0.5545874836292937,2.0,2.0,3606.783556442895,545884,0.22665426244192327,0.0,0.26178433206356805,0.6085862039413439,-0.6121755298477635,0.16957594203374368,2
Hipodromo Condesa,2023-03,11083,10541,21624,Cuauhtemoc,0.0,0.5545874836292937,2.0,2.0,3606.783556442895,545884,0.1904366968578551,0.0,-0.407960098835215,0.6085862039413439,-0.6121755298477635,0.08449271615183127,3
Hipodromo Condesa,2023-04,10295,9652,19947,Cuauhtemoc,0.0,0.5545874836292937,0.0,0.0,3606.783556442895,545884,0.14546748861674277,0.0,-0.7638198663195582,0.6085862039413439,-0.6121755298477635,0.026422135282840792,4
Hipodromo Condesa,2023-05,12267,11640,23907,Cuauhtemoc,0.0,0.5545874836292937,1.0,1.0,3606.783556442895,545884,0.16767158647459582,0.0,0.11557414688204855,0.6085862039413439,-0.6121755298477635,0.12546358553192802,5
Hipodromo Condesa,2023-06,12218,11700,23918,Cuauhtemoc,0.0,0.5545874836292937,0.0,0.0,3606.783556442895,545884,0.1293438653203974,0.0,-1.2210451038201218,0.6085862039413439,-0.6121755298477635,-0.02736220011538827,6
Hipodromo Condesa,2023-07,11809,11379,23188,Cuauhtemoc,0.0,0.5545874836292937,4.0,2.0,3606.783556442895,545884,0.11789100213101983,0.0,2.189228582840571,0.6085862039413439,-0.6121755298477635,0.3079387369559923,7
Hipodromo Condesa,2023-08,13791,13191,26982,Cuauhtemoc,0.0,0.5545874836292937,5.0,4.0,3606.783556442895,545884,0.14945869560970504,0.0,2.3021728866442674,0.6085862039413439,-0.6121755298477635,0.3350170140757045,8
Hipodromo Condesa,2023-09,14907,14424,29331,Cuauhtemoc,0.0,0.5545874836292937,4.0,2.0,3606.783556442895,545884,0.16278431493918002,0.0,2.077983419335798,0.6085862039413439,-0.6121755298477635,0.31926087700959505,9
Hipodromo Condesa,2023-12,12415,12167,24582,Cuauhtemoc,0.0,0.5545874836292937,1.0,0.0,3606.783556442895,545884,0.03879347524857892,0.0,-0.48088232623334126,0.6085862039413439,-0.6121755298477635,0.0013788826073805605,12
Hipodromo Condesa,2024-02,18078,17258,35336,Cuauhtemoc,0.0,0.5545874836292937,3.0,1.0,3606.783556442895,545884,0.06604138321138502,0.0,2.1219838168185787,0.6085862039413439,-0.6121755298477635,0.2752894508939756,14
Hipodromo Condesa,2024-07,16302,15672,31974,Cuauhtemoc,0.0,0.5545874836292937,2.0,0.0,3606.783556442895,545884,-0.03857158624343216,0.0,2.0472403200773686,0.6085862039413439,-0.6121755298477635,0.21550861649244604,19
Hipodromo Condesa,2024-12,14673,13964,28637,Cuauhtemoc,0.0,0.5545874836292937,2.0,0.0,3606.783556442895,545884,-0.053874408044375675,0.0,1.7848147129143406,0.6085862039413439,-0.6121755298477635,0.18161464487567144,24
Hipodromo Condesa,2025-01,16436,15767,32203,Cuauhtemoc,0.0,0.5545874836292937,5.0,3.0,3606.783556442895,545884,-0.029663558164183843,0.0,2.029312366539578,0.6085862039413439,-0.6121755298477635,0.2181698351782911,25
Hipodromo Condesa,2025-04,16030,15360,31390,Cuauhtemoc,0.0,0.5545874836292937,2.0,2.0,3606.783556442895,545884,-0.01717970500748342,-0.15394759295997215,1.771711530448783,0.6085862039413439,-0.6121755298477635,0.17555953920356598,28
Hipodromo Condesa,2025-06,14556,14097,28653,Cuauhtemoc,0.0,0.5545874836292937,1.0,0.0,3606.783556442895,545884,-0.018303835786320242,0.0,2.3736776938734803,0.6085862039413439,-0.6121755298477635,0.25828622910061316,30
Hipodromo Condesa,2025-07,15410,14836,30246,Cuauhtemoc,0.0,0.5545874836292937,1.0,1.0,3606.783556442895,545884,-0.01748605311146922,0.0,2.3736776938734803,0.6085862039413439,-0.6121755298477635,0.25869512043803866,31
Hipodromo Condesa,2025-08,15724,15241,30965,Cuauhtemoc,0.0,0.5545874836292937,1.0,1.0,3606.783556442895,545884,0.017985442322710984,0.0,-0.13667206528405393,0.6085862039413439,-0.6121755298477635,0.02539589223937533,32
Hipodromo Condesa,2025-11,15755,15490,31245,Cuauhtemoc,0.0,0.5545874836292937,3.0,1.0,3606.783556442895,545884,0.02815944316987211,0.0,2.1016025501276605,0.6085862039413439,-0.6121755298477635,0.2543103542041273,35
Hipodromo Condesa,2025-12,12856,12508,25364,Cuauhtemoc,0.0,0.5545874836292937,4.0,3.0,3606.783556442895,545884,-0.038664290416435966,0.0,1.5656314855734474,0.6085862039413439,-0.6121755298477635,0.167301380955552,36
Hipodromo Condesa,2026-02,14655,14557,29212,Cuauhtemoc,0.0,0.5545874836292937,0.0,0.0,3606.783556442895,545884,0.014498067085790104,0.0,0.0,0.6085862039413439,-0.6121755298477635,0.037319411149320275,38
Hipodromo Condesa,2026-03,15758,15227,30985,Cuauhtemoc,0.0,0.5545874836292937,0.0,0.0,3606.783556442895,545884,0.0017079727224259117,0.0,0.0,0.6085862039413439,-0.6121755298477635,0.030924363967638174,39
Hipodromo Condesa,2026-04,14395,13915,28310,Cuauhtemoc,1.0,0.5545874836292937,0.0,0.0,3606.783556442895,545884,-0.032407682491180555,0.5411818882051453,0.0,0.6085862039413439,-0.6121755298477635,0.09504381959160674,40
Hipodromo Condesa,2026-05,15140,14572,29712,Cuauhtemoc,0.0,0.5545874836292937,0.0,0.0,3606.783556442895,545884,-0.01023674878265477,0.0,0.0,0.6085862039413439,-0.6121755298477635,0.024952003215097843,41
Hipodromo Condesa,2026-06,12829,12422,25251,Cuauhtemoc,0.0,0.5545874836292937,0.0,0.0,3606.783556442895,545884,-0.05988629844098444,0.0,0.0,0.6085862039413439,-0.6121755298477635,0.0001272283859330009,42
Hogar y Seguridad,2023-01,0,0,0,Azcapotzalco,0.0,,1.0,1.0,,432205,-0.4578108992635074,0.0,0.3363168726375907,0.0,0.0,-0.19527376236799462,1
Hogar y Seguridad,2023-02,0,0,0,Azcapotzalco,0.0,,0.0,0.0,,432205,-0.4520498443994171,0.0,-1.6056105699898837,0.0,0.0,-0.3865859791986969,2
Hogar y Seguridad,2023-03,0,0,0,Azcapotzalco,0.0,,0.0,0.0,,432205,-0.4596991731454731,0.0,-1.2638763846267447,0.0,0.0,-0.356237225035411,3
Hogar y Seguridad,2023-04,0,0,0,Azcapotzalco,0.0,,0.0,0.0,,432205,-0.46674837447246836,0.0,-0.7638198663195582,0.0,0.0,-0.30975617386819,4
Hogar y Seguridad,2023-05,0,0,0,Azcapotzalco,0.0,,0.0,0.0,,432205,-0.4746345614744004,0.0,-1.0086471000615145,0.0,0.0,-0.33818199074335165,5
Hogar y Seguridad,2023-06,0,0,0,Azcapotzalco,0.0,,0.0,0.0,,432205,-0.48450335550919055,0.0,-1.2210451038201218,0.0,0.0,-0.3643561881366075,6
Hogar y Seguridad,2023-07,0,0,0,Azcapotzalco,0.0,,2.0,1.0,,432205,-0.48931710150558577,0.0,0.44111322191563745,0.0,0.0,-0.20054722856122914,7
Hogar y Seguridad,2023-08,0,0,0,Azcapotzalco,0.0,,0.0,0.0,,432205,-0.49578786605561137,0.0,-0.5755432216610669,0.0,0.0,-0.3054482551939124,8
Hogar y Seguridad,2023-09,0,0,0,Azcapotzalco,0.0,,2.0,2.0,,432205,-0.5101350092220519,0.0,0.6006131477814433,0.0,0.0,-0.19500618983288162,9
Hogar y Seguridad,2023-12,765,740,1505,Azcapotzalco,0.0,,2.0,2.0,,432205,-0.5107404755369424,0.0,0.9484068100713118,0.0,0.0,-0.16052955676134,12
Hogar y Seguridad,2024-02,802,785,1587,Azcapotzalco,0.0,,1.0,1.0,,432205,-0.5579852401957035,0.0,0.17303730695087127,0.0,0.0,-0.26168888940276464,14
Hogar y Seguridad,2024-07,745,720,1465,Azcapotzalco,0.0,,1.0,1.0,,432205,-0.5859089859634644,0.0,0.7033463676339425,0.0,0.0,-0.22261985621833796,19
Hogar y Seguridad,2024-12,1317,1491,2808,Azcapotzalco,0.0,,1.0,1.0,,432205,-0.554998079903587,0.0,0.35962684513945675,0.0,0.0,-0.2415363554378478,24
Hogar y Seguridad,2025-01,1514,1563,3077,Azcapotzalco,0.0,,0.0,0.0,,432205,-0.5616010294638034,0.0,-0.8202469932994618,0.0,0.0,-0.36282521406184787,25
Hogar y Seguridad,2025-04,1517,1710,3227,Azcapotzalco,0.0,,0.0,0.0,,432205,-0.554135203560141,-0.15394759295997215,-1.1225347864675495,0.0,0.0,-0.41241321937082126,28
Hogar y Seguridad,2025-06,1453,1497,2950,Azcapotzalco,0.0,,0.0,0.0,,432205,-0.5674011400184562,0.0,-0.4173499241975349,0.0,0.0,-0.3254355624289816,30
Hogar y Seguridad,2025-07,1576,1614,3190,Azcapotzalco,0.0,,0.0,0.0,,432205,-0.5712643740023637,0.0,-0.4173499241975349,0.0,0.0,-0.32736717942093535,31
Hogar y Seguridad,2025-08,1474,1522,2996,Azcapotzalco,0.0,,0.0,0.0,,432205,-0.5711579283349844,0.0,-0.8678676145537424,0.0,0.0,-0.3723657256228664,32
Hogar y Seguridad,2025-11,1769,1854,3623,Azcapotzalco,0.0,,1.0,1.0,,432205,-0.5587338774126589,0.0,0.08481804013968136,0.0,0.0,-0.2708851346923613,35
Hogar y Seguridad,2025-12,1666,1665,3331,Azcapotzalco,0.0,,0.0,0.0,,432205,-0.556157354249881,0.0,-0.8021786763538865,0.0,0.0,-0.3582965447603291,36
Hogar y Seguridad,2026-02,1713,1835,3548,Azcapotzalco,0.0,,0.0,0.0,,432205,-0.5667046792616511,0.0,0.0,0.0,0.0,-0.28335233963082557,38
Hogar y Seguridad,2026-03,1866,1971,3837,Azcapotzalco,0.0,,0.0,0.0,,432205,-0.5688935972742072,0.0,0.0,0.0,0.0,-0.2844467986371036,39
Hogar y Seguridad,2026-04,1764,1846,3610,Azcapotzalco,0.0,,0.0,0.0,,432205,-0.5685528578626385,-0.29804219930138437,0.0,0.0,0.0,-0.32898275882652694,40
Hogar y Seguridad,2026-05,1792,1789,3581,Azcapotzalco,0.0,,0.0,0.0,,432205,-0.5670982367694278,0.0,0.0,0.0,0.0,-0.2835491183847139,41
Hogar y Seguridad,2026-06,1626,1720,3346,Azcapotzalco,0.0,,0.0,0.0,,432205,-0.5504948678148237,0.0,0.0,0.0,0.0,-0.27524743390741185,42
Ignacio Allende,2023-01,0,0,0,Azcapotzalco,0.0,0.025278033052702,1.0,1.0,1876.584185040144,432205,-0.4578108992635074,0.0,0.3363168726375907,0.7455637512414729,-0.7636625248877498,-0.15980545217054867,1
Ignacio Allende,2023-02,0,0,0,Azcapotzalco,0.0,0.025278033052702,0.0,0.0,1876.584185040144,432205,-0.4520498443994171,0.0,-1.6056105699898837,0.7455637512414729,-0.7636625248877498,-0.35111766900125096,2
Ignacio Allende,2023-03,0,0,0,Azcapotzalco,0.0,0.025278033052702,0.0,0.0,1876.584185040144,432205,-0.4596991731454731,0.0,-1.2638763846267447,0.7455637512414729,-0.7636625248877498,-0.3207689148379651,3
Ignacio Allende,2023-04,0,0,0,Azcapotzalco,0.0,0.025278033052702,0.0,0.0,1876.584185040144,432205,-0.46674837447246836,0.0,-0.7638198663195582,0.7455637512414729,-0.7636625248877498,-0.2742878636707441,4
Ignacio Allende,2023-05,0,0,0,Azcapotzalco,0.0,0.025278033052702,0.0,0.0,1876.584185040144,432205,-0.4746345614744004,0.0,-1.0086471000615145,0.7455637512414729,-0.7636625248877498,-0.3027136805459057,5
Ignacio Allende,2023-06,0,0,0,Azcapotzalco,0.0,0.025278033052702,0.0,0.0,1876.584185040144,432205,-0.48450335550919055,0.0,-1.2210451038201218,0.7455637512414729,-0.7636625248877498,-0.3288878779391615,6
Ignacio Allende,2023-07,0,0,0,Azcapotzalco,0.0,0.025278033052702,2.0,1.0,1876.584185040144,432205,-0.48931710150558577,0.0,0.44111322191563745,0.7455637512414729,-0.7636625248877498,-0.16507891836378322,7
Ignacio Allende,2023-08,0,0,0,Azcapotzalco,0.0,0.025278033052702,0.0,0.0,1876.584185040144,432205,-0.49578786605561137,0.0,-0.5755432216610669,0.7455637512414729,-0.7636625248877498,-0.26997994499646644,8
Ignacio Allende,2023-09,0,0,0,Azcapotzalco,0.0,0.025278033052702,2.0,2.0,1876.584185040144,432205,-0.5101350092220519,0.0,0.6006131477814433,0.7455637512414729,-0.7636625248877498,-0.15953787963543567,9
Ignacio Allende,2023-12,0,0,0,Azcapotzalco,0.0,0.025278033052702,2.0,2.0,1876.584185040144,432205,-0.5465791285651613,0.0,0.9484068100713118,0.7455637512414729,-0.7636625248877498,-0.14298057307800355,12
Ignacio Allende,2024-02,420,436,856,Azcapotzalco,0.0,0.025278033052702,1.0,1.0,1876.584185040144,432205,-0.5715015951013476,0.0,0.17303730695087127,0.7455637512414729,-0.7636625248877498,-0.23297875665814072,14
Ignacio Allende,2024-07,573,578,1151,Azcapotzalco,0.0,0.025278033052702,1.0,1.0,1876.584185040144,432205,-0.5915422070953301,0.0,0.7033463676339425,0.7455637512414729,-0.7636625248877498,-0.18996815658682487,19
Ignacio Allende,2024-12,688,731,1419,Azcapotzalco,0.0,0.025278033052702,1.0,1.0,1876.584185040144,432205,-0.5819468886152074,0.0,0.35962684513945675,0.7455637512414729,-0.7636625248877498,-0.21954244959621205,24
Ignacio Allende,2025-01,807,770,1577,Azcapotzalco,0.0,0.025278033052702,0.0,0.0,1876.584185040144,432205,-0.5889960101322588,0.0,-0.8202469932994618,0.7455637512414729,-0.7636625248877498,-0.34105439419862965,25
Ignacio Allende,2025-04,682,757,1439,Azcapotzalco,0.0,0.025278033052702,0.0,0.0,1876.584185040144,432205,-0.5882251950884637,-0.15394759295997215,-1.1225347864675495,0.7455637512414729,-0.7636625248877498,-0.39398990493753666,28
Ignacio Allende,2025-06,666,723,1389,Azcapotzalco,0.0,0.025278033052702,0.0,0.0,1876.584185040144,432205,-0.6007490329455994,0.0,-0.4173499241975349,0.7455637512414729,-0.7636625248877498,-0.30664119869510725,30
Ignacio Allende,2025-07,745,761,1506,Azcapotzalco,0.0,0.025278033052702,0.0,0.0,1876.584185040144,432205,-0.6057322440637278,0.0,-0.4173499241975349,0.7455637512414729,-0.7636625248877498,-0.30913280425417144,31
Ignacio Allende,2025-08,659,659,1318,Azcapotzalco,0.0,0.025278033052702,0.0,0.0,1876.584185040144,432205,-0.6065035815926486,0.0,-0.8678676145537424,0.7455637512414729,-0.7636625248877498,-0.3545702420542526,32
Ignacio Allende,2025-11,645,675,1320,Azcapotzalco,0.0,0.025278033052702,1.0,1.0,1876.584185040144,432205,-0.6076664426614304,0.0,0.08481804013968136,0.7455637512414729,-0.7636625248877498,-0.2598831071193011,35
Ignacio Allende,2025-12,618,666,1284,Azcapotzalco,0.0,0.025278033052702,0.0,0.0,1876.584185040144,432205,-0.604235614208446,0.0,-0.8021786763538865,0.7455637512414729,-0.7636625248877498,-0.34686736454216566,36
Ignacio Allende,2026-02,757,774,1531,Azcapotzalco,0.0,0.025278033052702,0.0,0.0,1876.584185040144,432205,-0.6123829032089232,0.0,0.0,0.7455637512414729,-0.7636625248877498,-0.27072314140701564,38
Ignacio Allende,2026-03,852,870,1722,Azcapotzalco,0.0,0.025278033052702,0.0,0.0,1876.584185040144,432205,-0.6133470494822107,0.0,0.0,0.7455637512414729,-0.7636625248877498,-0.2712052145436594,39
Ignacio Allende,2026-04,756,757,1513,Azcapotzalco,0.0,0.025278033052702,0.0,0.0,1876.584185040144,432205,-0.6140709320632033,-0.29804219930138437,0.0,0.7455637512414729,-0.7636625248877498,-0.31627348572936337,40
Ignacio Allende,2026-05,718,698,1416,Azcapotzalco,0.0,0.025278033052702,0.0,0.0,1876.584185040144,432205,-0.6132352051782665,0.0,0.0,0.7455637512414729,-0.7636625248877498,-0.2711492923916873,41
Ignacio Allende,2026-06,706,723,1429,Azcapotzalco,0.0,0.025278033052702,0.0,0.0,1876.584185040144,432205,-0.5934301167301239,0.0,0.0,0.7455637512414729,-0.7636625248877498,-0.261246748167616,42
Independencia,2023-01,0,0,0,Benito Juarez,0.0,1.1133709978210002,1.0,1.0,9025.768352823095,434153,-0.4578108992635074,0.0,0.3363168726375907,0.4639811998887074,-0.1377182294122287,-0.13944840532591138,1
Independencia,2023-02,0,0,0,Benito Juarez,0.0,1.1133709978210002,3.0,2.0,9025.768352823095,434153,-0.4520498443994171,0.0,1.195481783090294,0.4639811998887074,-0.1377182294122287,-0.050651386848595895,2
Independencia,2023-03,0,0,0,Benito Juarez,0.0,1.1133709978210002,6.0,4.0,9025.768352823095,434153,-0.4596991731454731,0.0,1.3038724727478443,0.4639811998887074,-0.1377182294122287,-0.04363698225586887,3
Independencia,2023-04,0,0,0,Benito Juarez,0.0,1.1133709978210002,4.0,1.0,9025.768352823095,434153,-0.46674837447246836,0.0,1.3590041777373958,0.4639811998887074,-0.1377182294122287,-0.04164841242041134,4
Independencia,2023-05,0,0,0,Benito Juarez,0.0,1.1133709978210002,2.0,2.0,9025.768352823095,434153,-0.4746345614744004,0.0,1.2397953938256114,0.4639811998887074,-0.1377182294122287,-0.057512384312555814,5
Independencia,2023-06,0,0,0,Benito Juarez,0.0,1.1133709978210002,1.0,1.0,9025.768352823095,434153,-0.48450335550919055,0.0,0.2306418529438008,0.4639811998887074,-0.1377182294122287,-0.16336213541813194,6
Independencia,2023-07,0,0,0,Benito Juarez,0.0,1.1133709978210002,1.0,1.0,9025.768352823095,434153,-0.48931710150558577,0.0,-0.4329444585468293,0.4639811998887074,-0.1377182294122287,-0.23212763956539256,7
Independencia,2023-08,0,0,0,Benito Juarez,0.0,1.1133709978210002,0.0,0.0,9025.768352823095,434153,-0.49578786605561137,0.0,-0.5755432216610669,0.4639811998887074,-0.1377182294122287,-0.24962289815182914,8
Independencia,2023-09,220,226,446,Benito Juarez,0.0,1.1133709978210002,1.0,0.0,9025.768352823095,434153,-0.49990276284191115,0.0,-0.1380719879957341,0.4639811998887074,-0.1377182294122287,-0.20793322317844573,9
Independencia,2023-12,627,645,1272,Benito Juarez,0.0,1.1133709978210002,2.0,2.0,9025.768352823095,434153,-0.5162889181652314,0.0,0.9484068100713118,0.4639811998887074,-0.1377182294122287,-0.10747842103340126,12
Independencia,2024-02,2319,2343,4662,Benito Juarez,0.0,1.1133709978210002,0.0,0.0,9025.768352823095,434153,-0.5011277965091706,0.0,-0.8014359479829826,0.4639811998887074,-0.1377182294122287,-0.2748821360108003,14
Independencia,2024-07,3132,3391,6523,Benito Juarez,0.0,1.1133709978210002,0.0,0.0,9025.768352823095,434153,-0.49516748123423954,0.0,-0.6405475848094834,0.4639811998887074,-0.1377182294122287,-0.2558131420559849,19
Independencia,2024-12,3119,3183,6302,Benito Juarez,0.0,1.1133709978210002,0.0,0.0,9025.768352823095,434153,-0.487208923936415,0.0,-1.0655610226354273,0.4639811998887074,-0.1377182294122287,-0.294335207189667,24
Independencia,2025-01,3191,3419,6610,Benito Juarez,0.0,1.1133709978210002,2.0,1.0,9025.768352823095,434153,-0.4970767183293684,0.0,0.319576750636154,0.4639811998887074,-0.1377182294122287,-0.16075532705898554,25
Independencia,2025-04,2985,3249,6234,Benito Juarez,0.0,1.1133709978210002,1.0,1.0,9025.768352823095,434153,-0.4968037692616699,-0.15394759295997215,0.32458837199061674,0.4639811998887074,-0.1377182294122287,-0.18320982933368585,28
Independencia,2025-06,2672,2742,5414,Benito Juarez,0.0,1.1133709978210002,0.0,0.0,9025.768352823095,434153,-0.5147623135146246,0.0,-0.4173499241975349,0.4639811998887074,-0.1377182294122287,-0.24329079213498256,30
Independencia,2025-07,3004,3015,6019,Benito Juarez,0.0,1.1133709978210002,0.0,0.0,9025.768352823095,434153,-0.5133608084420318,0.0,-0.4173499241975349,0.4639811998887074,-0.1377182294122287,-0.24259003959868614,31
Independencia,2025-08,2872,2896,5768,Benito Juarez,0.0,1.1133709978210002,3.0,3.0,9025.768352823095,434153,-0.5127680887460419,0.0,1.325719033255323,0.4639811998887074,-0.1377182294122287,-0.06798678400540537,32
Independencia,2025-11,3007,3060,6067,Benito Juarez,0.0,1.1133709978210002,1.0,0.0,9025.768352823095,434153,-0.5068054408221258,0.0,0.08481804013968136,0.4639811998887074,-0.1377182294122287,-0.1890955593550115,35
Independencia,2025-12,2729,2827,5556,Benito Juarez,0.0,1.1133709978210002,0.0,0.0,9025.768352823095,434153,-0.5038983760340495,0.0,-0.8021786763538865,0.4639811998887074,-0.1377182294122287,-0.27634169861033014,36
Independencia,2026-02,2869,2874,5743,Benito Juarez,0.0,1.1133709978210002,0.0,0.0,9025.768352823095,434153,-0.5169953577126863,0.0,0.0,0.4639811998887074,-0.1377182294122287,-0.20267232181425993,38
Independencia,2026-03,3324,3290,6614,Benito Juarez,0.0,1.1133709978210002,0.0,0.0,9025.768352823095,434153,-0.5105261094341951,0.0,0.0,0.4639811998887074,-0.1377182294122287,-0.1994376976750143,39
Independencia,2026-04,3194,3216,6410,Benito Juarez,0.0,1.1133709978210002,0.0,0.0,9025.768352823095,434153,-0.5077752671322708,-0.29804219930138437,0.0,0.4639811998887074,-0.1377182294122287,-0.24276860641925985,40
Independencia,2026-05,3437,3516,6953,Benito Juarez,0.0,1.1133709978210002,0.0,0.0,9025.768352823095,434153,-0.4952396420929363,0.0,0.0,0.4639811998887074,-0.1377182294122287,-0.1917944640043849,41
Independencia,2026-06,3001,3069,6070,Benito Juarez,0.0,1.1133709978210002,0.0,0.0,9025.768352823095,434153,-0.48948515574112644,0.0,0.0,0.4639811998887074,-0.1377182294122287,-0.18891722082847998,42
Insurgentes Mixcoac,2023-01,6798,6613,13411,Benito Juarez,0.0,3.889564477782453,1.0,1.0,5782.867867230586,434153,0.10231974920283265,0.0,0.3363168726375907,-0.2544570847508058,-0.42164923637926804,0.004458075514627721,1
Insurgentes Mixcoac,2023-02,6727,6406,13133,Benito Juarez,0.0,3.889564477782453,3.0,2.0,5782.867867230586,434153,0.02559985471356308,0.0,1.195481783090294,-0.2544570847508058,-0.42164923637926804,0.052014619315263265,2
Insurgentes Mixcoac,2023-03,7445,7072,14517,Benito Juarez,0.0,3.889564477782453,6.0,4.0,5782.867867230586,434153,-0.023238646654614996,0.0,1.3038724727478443,-0.2544570847508058,-0.42164923637926804,0.03843443759692925,3
Insurgentes Mixcoac,2023-04,7781,7250,15031,Benito Juarez,0.0,3.889564477782453,4.0,1.0,5782.867867230586,434153,-0.005415009149666312,0.0,1.3590041777373958,-0.2544570847508058,-0.42164923637926804,0.052859426848358766,4
Insurgentes Mixcoac,2023-05,10034,9461,19495,Benito Juarez,0.0,3.889564477782453,2.0,2.0,5782.867867230586,434153,0.049134976914593655,0.0,1.2397953938256114,-0.2544570847508058,-0.42164923637926804,0.0682135414893103,5
Insurgentes Mixcoac,2023-06,10434,9773,20207,Benito Juarez,0.0,3.889564477782453,1.0,1.0,5782.867867230586,434153,0.03410233022136735,0.0,0.2306418529438008,-0.2544570847508058,-0.42164923637926804,-0.04021813594548392,6
Insurgentes Mixcoac,2023-07,9816,9296,19112,Benito Juarez,0.0,3.889564477782453,1.0,1.0,5782.867867230586,434153,0.011155611824706023,0.0,-0.4329444585468293,-0.2544570847508058,-0.42164923637926804,-0.11805012629287759,7
Insurgentes Mixcoac,2023-08,11124,10342,21466,Benito Juarez,0.0,3.889564477782453,0.0,0.0,5782.867867230586,434153,0.01754927324865378,0.0,-0.5755432216610669,-0.2544570847508058,-0.42164923637926804,-0.1291131718923275,8
Insurgentes Mixcoac,2023-09,11939,11171,23110,Benito Juarez,0.0,3.889564477782453,1.0,0.0,5782.867867230586,434153,0.020060537515736433,0.0,-0.1380719879957341,-0.2544570847508058,-0.42164923637926804,-0.08411041639225288,9
Insurgentes Mixcoac,2023-12,11324,10556,21880,Benito Juarez,0.0,3.889564477782453,2.0,2.0,5782.867867230586,434153,-0.02554940879278168,0.0,0.9484068100713118,-0.2544570847508058,-0.42164923637926804,0.0017324902601926623,12
Insurgentes Mixcoac,2024-02,17644,15554,33198,Benito Juarez,0.0,3.889564477782453,0.0,0.0,5782.867867230586,434153,0.02650928090185421,0.0,-0.8014359479829826,-0.2544570847508058,-0.42164923637926804,-0.14722244069791884,14
Insurgentes Mixcoac,2024-07,19615,17534,37149,Benito Juarez,0.0,3.889564477782453,0.0,0.0,5782.867867230586,434153,0.05426892126422679,0.0,-0.6405475848094834,-0.2544570847508058,-0.42164923637926804,-0.11725378419938262,19
Insurgentes Mixcoac,2024-12,17415,15635,33050,Benito Juarez,0.0,3.889564477782453,0.0,0.0,5782.867867230586,434153,0.031744809266193816,0.0,-1.0655610226354273,-0.2544570847508058,-0.42164923637926804,-0.1710171839809935,24
Insurgentes Mixcoac,2025-01,19720,17187,36907,Benito Juarez,0.0,3.889564477782453,2.0,1.0,5782.867867230586,434153,0.05624710121209201,0.0,0.319576750636154,-0.2544570847508058,-0.42164923637926804,-0.02025226068088627,25
Insurgentes Mixcoac,2025-04,18539,15784,34323,Benito Juarez,0.0,3.889564477782453,1.0,1.0,5782.867867230586,434153,0.03874084597270139,-0.15394759295997215,0.32458837199061674,-0.2544570847508058,-0.42164923637926804,-0.05159636510913113,28
Insurgentes Mixcoac,2025-06,16645,14597,31242,Benito Juarez,0.0,3.889564477782453,0.0,0.0,5782.867867230586,434153,0.037005385730895644,0.0,-0.4173499241975349,-0.2544570847508058,-0.42164923637926804,-0.10356578590485335,30
Insurgentes Mixcoac,2025-07,17522,15768,33290,Benito Juarez,0.0,3.889564477782453,0.0,0.0,5782.867867230586,434153,0.04481810156002261,0.0,-0.4173499241975349,-0.2544570847508058,-0.42164923637926804,-0.09965942799028987,31
Insurgentes Mixcoac,2025-08,17107,15750,32857,Benito Juarez,0.0,3.889564477782453,3.0,3.0,5782.867867230586,434153,0.05783882489929075,0.0,1.325719033255323,-0.2544570847508058,-0.42164923637926804,0.08115782942463001,32
Insurgentes Mixcoac,2025-11,15731,15274,31005,Benito Juarez,0.0,3.889564477782453,1.0,0.0,5782.867867230586,434153,0.02306008769453334,0.0,0.08481804013968136,-0.2544570847508058,-0.42164923637926804,-0.06032163848931287,35
Insurgentes Mixcoac,2025-12,13589,13408,26997,Benito Juarez,0.0,3.889564477782453,0.0,0.0,5782.867867230586,434153,-0.0003097234831987397,0.0,-0.8021786763538865,-0.2544570847508058,-0.42164923637926804,-0.1607062157275357,36
Insurgentes Mixcoac,2026-02,15609,14702,30311,Benito Juarez,0.0,3.889564477782453,0.0,0.0,5782.867867230586,434153,0.03938669778388229,0.0,0.0,-0.2544570847508058,-0.42164923637926804,-0.06064013745860653,38
Insurgentes Mixcoac,2026-03,17167,16131,33298,Benito Juarez,0.0,3.889564477782453,0.0,0.0,5782.867867230586,434153,0.05032302471160421,0.0,0.0,-0.2544570847508058,-0.42164923637926804,-0.05517197399474558,39
Insurgentes Mixcoac,2026-04,16090,15091,31181,Benito Juarez,1.0,3.889564477782453,0.0,0.0,5782.867867230586,434153,0.02991105428985005,0.5411818882051453,0.0,-0.2544570847508058,-0.42164923637926804,0.015799324025149143,40
Insurgentes Mixcoac,2026-05,16159,15361,31520,Benito Juarez,0.0,3.889564477782453,0.0,0.0,5782.867867230586,434153,0.028292414673779565,0.0,0.0,-0.2544570847508058,-0.42164923637926804,-0.0661872790136579,41
Insurgentes Mixcoac,2026-06,14540,12900,27440,Benito Juarez,0.0,3.889564477782453,0.0,0.0,5782.867867230586,434153,-0.010859037160028761,0.0,0.0,-0.2544570847508058,-0.42164923637926804,-0.08576300493056205,42
Insurgentes San Borja,2023-01,978,887,1865,Benito Juarez,0.0,0.2937713621713649,1.0,1.0,890.4060543120113,434153,-0.37991636049758953,0.0,0.3363168726375907,0.6760816030405331,-0.8500070029099768,-0.13991495281995342,1
Insurgentes San Borja,2023-02,1060,982,2042,Benito Juarez,0.0,0.2937713621713649,3.0,2.0,890.4060543120113,434153,-0.3777819173767486,0.0,1.195481783090294,0.6760816030405331,-0.8500070029099768,-0.05293124021426261,2
Insurgentes San Borja,2023-03,1600,1454,3054,Benito Juarez,0.0,0.2937713621713649,6.0,4.0,890.4060543120113,434153,-0.3678792070434492,0.0,1.3038724727478443,0.6760816030405331,-0.8500070029099768,-0.037140816081857875,3
Insurgentes San Borja,2023-04,1930,1744,3674,Benito Juarez,0.0,0.2937713621713649,4.0,1.0,890.4060543120113,434153,-0.3539854988024547,0.0,1.3590041777373958,0.6760816030405331,-0.8500070029099768,-0.024680791462405482,4
Insurgentes San Borja,2023-05,2407,2225,4632,Benito Juarez,0.0,0.2937713621713649,2.0,2.0,890.4060543120113,434153,-0.35018724155555864,0.0,1.2397953938256114,0.6760816030405331,-0.8500070029099768,-0.034702541230135886,5
Insurgentes San Borja,2023-06,2145,1958,4103,Benito Juarez,0.0,0.2937713621713649,1.0,1.0,890.4060543120113,434153,-0.37920127560853834,0.0,0.2306418529438008,0.6760816030405331,-0.8500070029099768,-0.1501249123448068,6
Insurgentes San Borja,2023-07,2172,2045,4217,Benito Juarez,0.0,0.2937713621713649,1.0,1.0,890.4060543120113,434153,-0.3788894418093823,0.0,-0.4329444585468293,0.6760816030405331,-0.8500070029099768,-0.21632762659429178,7
Insurgentes San Borja,2023-08,2521,2348,4869,Benito Juarez,0.0,0.2937713621713649,0.0,0.0,890.4060543120113,434153,-0.3793507780432911,0.0,-0.5755432216610669,0.6760816030405331,-0.8500070029099768,-0.23081817102266997,8
Insurgentes San Borja,2023-09,2516,2371,4887,Benito Juarez,0.0,0.2937713621713649,1.0,0.0,890.4060543120113,434153,-0.39801620191319986,0.0,-0.1380719879957341,0.6760816030405331,-0.8500070029099768,-0.19640375959109108,9
Insurgentes San Borja,2023-12,2227,2148,4375,Benito Juarez,0.0,0.2937713621713649,2.0,2.0,890.4060543120113,434153,-0.44239699766917595,0.0,0.9484068100713118,0.6760816030405331,-0.8500070029099768,-0.10994627766237451,12
Insurgentes San Borja,2024-02,3012,2887,5899,Benito Juarez,0.0,0.2937713621713649,0.0,0.0,890.4060543120113,434153,-0.47825538745543367,0.0,-0.8014359479829826,0.6760816030405331,-0.8500070029099768,-0.30285974836093277,14
Insurgentes San Borja,2024-07,3119,3141,6260,Benito Juarez,0.0,0.2937713621713649,0.0,0.0,890.4060543120113,434153,-0.4998857524370442,0.0,-0.6405475848094834,0.6760816030405331,-0.8500070029099768,-0.2975860945343881,19
Insurgentes San Borja,2024-12,3006,2849,5855,Benito Juarez,0.0,0.2937713621713649,0.0,0.0,890.4060543120113,434153,-0.49588143473129936,0.0,-1.0655610226354273,0.6760816030405331,-0.8500070029099768,-0.33808527946411016,24
Insurgentes San Borja,2025-01,3226,3251,6477,Benito Juarez,0.0,0.2937713621713649,2.0,1.0,890.4060543120113,434153,-0.49950573994863806,0.0,0.319576750636154,0.6760816030405331,-0.8500070029099768,-0.20138365474562134,25
Insurgentes San Borja,2025-04,3027,2953,5980,Benito Juarez,0.0,0.2937713621713649,1.0,1.0,890.4060543120113,434153,-0.5016465309217336,-0.15394759295997215,0.32458837199061674,0.6760816030405331,-0.8500070029099768,-0.22504502704071866,28
Insurgentes San Borja,2025-06,2907,2809,5716,Benito Juarez,0.0,0.2937713621713649,0.0,0.0,890.4060543120113,434153,-0.5083106391622881,0.0,-0.4173499241975349,0.6760816030405331,-0.8500070029099768,-0.27947877183581527,30
Insurgentes San Borja,2025-07,3102,3078,6180,Benito Juarez,0.0,0.2937713621713649,0.0,0.0,890.4060543120113,434153,-0.5100654835727446,0.0,-0.4173499241975349,0.6760816030405331,-0.8500070029099768,-0.2803561940410435,31
Insurgentes San Borja,2025-08,2839,2855,5694,Benito Juarez,0.0,0.2937713621713649,3.0,3.0,890.4060543120113,434153,-0.514326836267536,0.0,1.325719033255323,0.6760816030405331,-0.8500070029099768,-0.10817997464315338,32
Insurgentes San Borja,2025-11,2844,2869,5713,Benito Juarez,0.0,0.2937713621713649,1.0,0.0,890.4060543120113,434153,-0.5143269901482505,0.0,0.08481804013968136,0.6760816030405331,-0.8500070029099768,-0.2322701508950748,35
Insurgentes San Borja,2025-12,2487,2457,4944,Benito Juarez,0.0,0.2937713621713649,0.0,0.0,890.4060543120113,434153,-0.5182725309410557,0.0,-0.8021786763538865,0.6760816030405331,-0.8500070029099768,-0.32294259294083427,36
Insurgentes San Borja,2026-02,2575,2534,5109,Benito Juarez,0.0,0.2937713621713649,0.0,0.0,890.4060543120113,434153,-0.5313533120917495,0.0,0.0,0.6760816030405331,-0.8500070029099768,-0.24926511588079248,38
Insurgentes San Borja,2026-03,2846,2698,5544,Benito Juarez,0.0,0.2937713621713649,0.0,0.0,890.4060543120113,434153,-0.5330155627971094,0.0,0.0,0.6760816030405331,-0.8500070029099768,-0.2500962412334724,39
Insurgentes San Borja,2026-04,2459,2452,4911,Benito Juarez,0.0,0.2937713621713649,0.0,0.0,890.4060543120113,434153,-0.5403129844554213,-0.29804219930138437,0.0,0.6760816030405331,-0.8500070029099768,-0.29845128195783605,40
Insurgentes San Borja,2026-05,2582,2565,5147,Benito Juarez,0.0,0.2937713621713649,0.0,0.0,890.4060543120113,434153,-0.5337261847933348,0.0,0.0,0.6760816030405331,-0.8500070029099768,-0.2504515522315851,41
Insurgentes San Borja,2026-06,2173,2106,4279,Benito Juarez,0.0,0.2937713621713649,0.0,0.0,890.4060543120113,434153,-0.5295983695164539,0.0,0.0,0.6760816030405331,-0.8500070029099768,-0.24838764459314466,42
Irrigacion,2023-01,1229,878,2107,Miguel Hidalgo,0.0,0.0,0.0,0.0,10380.759331315392,414470,-0.36980886538694496,0.0,-1.1031193422512973,0.7521053366304337,-0.01908247272964924,-0.1843088136970021,1
Irrigacion,2023-02,1438,1048,2486,Miguel Hidalgo,0.0,0.0,1.0,1.0,10380.759331315392,414470,-0.3616335532249049,0.0,-0.6719131189631579,0.7521053366304337,-0.01908247272964924,-0.13710053528716812,2
Irrigacion,2023-03,1706,1268,2974,Miguel Hidalgo,0.0,0.0,2.0,2.0,10380.759331315392,414470,-0.3702844451862658,0.0,-0.407960098835215,0.7521053366304337,-0.01908247272964924,-0.11503067925505428,3
Irrigacion,2023-04,1696,1224,2920,Miguel Hidalgo,0.0,0.0,0.0,0.0,10380.759331315392,414470,-0.3771273627804597,0.0,-0.7638198663195582,0.7521053366304337,-0.01908247272964924,-0.15403811480058557,4
Irrigacion,2023-05,2247,1749,3996,Miguel Hidalgo,0.0,0.0,0.0,0.0,10380.759331315392,414470,-0.3672745678656587,0.0,-1.0086471000615145,0.7521053366304337,-0.01908247272964924,-0.1735944407173807,5
Irrigacion,2023-06,4036,3490,7526,Miguel Hidalgo,0.0,0.0,1.0,1.0,10380.759331315392,414470,-0.2913511611800878,0.0,0.2306418529438008,0.7521053366304337,-0.01908247272964924,-0.011703842074063695,6
Irrigacion,2023-07,4054,3599,7653,Miguel Hidalgo,0.0,0.0,1.0,1.0,10380.759331315392,414470,-0.2889132884500854,0.0,-0.4329444585468293,0.7521053366304337,-0.01908247272964924,-0.0768435368581255,7
Irrigacion,2023-08,4530,4193,8723,Miguel Hidalgo,0.0,0.0,1.0,1.0,10380.759331315392,414470,-0.28718636292735716,0.0,0.0,0.7521053366304337,-0.01908247272964924,-0.032685628242078456,8
Irrigacion,2023-09,4899,4590,9489,Miguel Hidalgo,0.0,0.0,0.0,0.0,10380.759331315392,414470,-0.2924359376947965,0.0,-0.8767571237729115,0.7521053366304337,-0.01908247272964924,-0.12298612800308928,9
Irrigacion,2023-12,4310,3836,8146,Miguel Hidalgo,0.0,0.0,1.0,1.0,10380.759331315392,414470,-0.3525979541014591,0.0,-0.48088232623334126,0.7521053366304337,-0.01908247272964924,-0.11347965645246356,12
Irrigacion,2024-02,4312,3613,7925,Miguel Hidalgo,0.0,0.0,1.0,1.0,10380.759331315392,414470,-0.4407941904118839,0.0,0.17303730695087127,0.7521053366304337,-0.01908247272964924,-0.0921858112892547,14
Irrigacion,2024-07,4667,3966,8633,Miguel Hidalgo,0.0,0.0,0.0,0.0,10380.759331315392,414470,-0.4573136704436771,0.0,-0.6405475848094834,0.7521053366304337,-0.01908247272964924,-0.18180404048118678,19
Irrigacion,2024-12,4169,3281,7450,Miguel Hidalgo,0.0,0.0,1.0,1.0,10380.759331315392,414470,-0.46493589844977695,0.0,0.35962684513945675,0.7521053366304337,-0.01908247272964924,-0.08559771148934267,24
Irrigacion,2025-01,4402,3630,8032,Miguel Hidalgo,0.0,0.0,0.0,0.0,10380.759331315392,414470,-0.47110627665567273,0.0,-0.8202469932994618,0.7521053366304337,-0.01908247272964924,-0.20667028443618243,25
Irrigacion,2025-04,4430,3623,8053,Miguel Hidalgo,0.0,0.0,0.0,0.0,10380.759331315392,414470,-0.46212273201893,-0.15394759295997215,-1.1225347864675495,0.7521053366304337,-0.01908247272964924,-0.25549943037861567,28
Irrigacion,2025-06,3624,3291,6915,Miguel Hidalgo,0.0,0.0,0.0,0.0,10380.759331315392,414470,-0.4826962101939058,0.0,-0.4173499241975349,0.7521053366304337,-0.01908247272964924,-0.17217554429510626,30
Irrigacion,2025-07,3909,3614,7523,Miguel Hidalgo,0.0,0.0,0.0,0.0,10380.759331315392,414470,-0.48257715252024347,0.0,-0.4173499241975349,0.7521053366304337,-0.01908247272964924,-0.17211601545827512,31
Irrigacion,2025-08,3826,3469,7295,Miguel Hidalgo,0.0,0.0,0.0,0.0,10380.759331315392,414470,-0.4806031229984534,0.0,-0.8678676145537424,0.7521053366304337,-0.01908247272964924,-0.21618076973300085,32
Irrigacion,2025-11,4039,3554,7593,Miguel Hidalgo,0.0,0.0,0.0,0.0,10380.759331315392,414470,-0.47438203892476344,0.0,-0.9235742148543081,0.7521053366304337,-0.01908247272964924,-0.2186408877262124,35
Irrigacion,2025-12,3774,3321,7095,Miguel Hidalgo,0.0,0.0,3.0,2.0,10380.759331315392,414470,-0.46775160413554856,0.0,0.9736789450916139,0.7521053366304337,-0.01908247272964924,-0.025600354337012764,36
Irrigacion,2026-02,4429,3652,8081,Miguel Hidalgo,0.0,0.0,0.0,0.0,10380.759331315392,414470,-0.4640475701129233,0.0,0.0,0.7521053366304337,-0.01908247272964924,-0.12111623183486153,38
Irrigacion,2026-03,4884,4249,9133,Miguel Hidalgo,0.0,0.0,0.0,0.0,10380.759331315392,414470,-0.4575813122181379,0.0,0.0,0.7521053366304337,-0.01908247272964924,-0.11788310288746884,39
Irrigacion,2026-04,4696,4065,8761,Miguel Hidalgo,1.0,0.0,0.0,0.0,10380.759331315392,414470,-0.4567437972011657,0.5411818882051453,0.0,0.7521053366304337,-0.01908247272964924,-0.03628706214821092,40
Irrigacion,2026-05,4241,3850,8091,Miguel Hidalgo,0.0,0.0,0.0,0.0,10380.759331315392,414470,-0.47098843190852135,0.0,0.0,0.7521053366304337,-0.01908247272964924,-0.12458666273266056,41
Irrigacion,2026-06,3825,3443,7268,Miguel Hidalgo,0.0,0.0,0.0,0.0,10380.759331315392,414470,-0.46265342480709953,0.0,0.0,0.7521053366304337,-0.01908247272964924,-0.12041915918194965,42
Josefa Ortiz de Dominguez,2023-01,0,0,0,Benito Juarez,0.0,0.1865888108786696,1.0,1.0,1470.5391406797382,434153,-0.4578108992635074,0.0,0.3363168726375907,0.7038188803051854,-0.7992136553746175,-0.16962229585967858,1
Josefa Ortiz de Dominguez,2023-02,0,0,0,Benito Juarez,0.0,0.1865888108786696,3.0,2.0,1470.5391406797382,434153,-0.4520498443994171,0.0,1.195481783090294,0.7038188803051854,-0.7992136553746175,-0.0808252773823631,2
Josefa Ortiz de Dominguez,2023-03,0,0,0,Benito Juarez,0.0,0.1865888108786696,6.0,4.0,1470.5391406797382,434153,-0.4596991731454731,0.0,1.3038724727478443,0.7038188803051854,-0.7992136553746175,-0.07381087278963608,3
Josefa Ortiz de Dominguez,2023-04,0,0,0,Benito Juarez,0.0,0.1865888108786696,4.0,1.0,1470.5391406797382,434153,-0.46674837447246836,0.0,1.3590041777373958,0.7038188803051854,-0.7992136553746175,-0.07182230295417855,4
Josefa Ortiz de Dominguez,2023-05,0,0,0,Benito Juarez,0.0,0.1865888108786696,2.0,2.0,1470.5391406797382,434153,-0.4746345614744004,0.0,1.2397953938256114,0.7038188803051854,-0.7992136553746175,-0.08768627484632302,5
Josefa Ortiz de Dominguez,2023-06,0,0,0,Benito Juarez,0.0,0.1865888108786696,1.0,1.0,1470.5391406797382,434153,-0.48450335550919055,0.0,0.2306418529438008,0.7038188803051854,-0.7992136553746175,-0.19353602595189917,6
Josefa Ortiz de Dominguez,2023-07,0,0,0,Benito Juarez,0.0,0.1865888108786696,1.0,1.0,1470.5391406797382,434153,-0.48931710150558577,0.0,-0.4329444585468293,0.7038188803051854,-0.7992136553746175,-0.2623015300991598,7
Josefa Ortiz de Dominguez,2023-08,0,0,0,Benito Juarez,0.0,0.1865888108786696,0.0,0.0,1470.5391406797382,434153,-0.49578786605561137,0.0,-0.5755432216610669,0.7038188803051854,-0.7992136553746175,-0.2797967886855963,8
Josefa Ortiz de Dominguez,2023-09,0,0,0,Benito Juarez,0.0,0.1865888108786696,1.0,0.0,1470.5391406797382,434153,-0.5101350092220519,0.0,-0.1380719879957341,0.7038188803051854,-0.7992136553746175,-0.2432232369022833,9
Josefa Ortiz de Dominguez,2023-12,911,959,1870,Benito Juarez,0.0,0.1865888108786696,2.0,2.0,1470.5391406797382,434153,-0.5020487091879059,0.0,0.9484068100713118,0.7038188803051854,-0.7992136553746175,-0.1305322070785057,12
Josefa Ortiz de Dominguez,2024-02,2004,2190,4194,Benito Juarez,0.0,0.1865888108786696,0.0,0.0,1470.5391406797382,434153,-0.5097812220848771,0.0,-0.8014359479829826,0.7038188803051854,-0.7992136553746175,-0.3093827393324208,14
Josefa Ortiz de Dominguez,2024-07,2543,2644,5187,Benito Juarez,0.0,0.1865888108786696,0.0,0.0,1470.5391406797382,434153,-0.5191355813366999,0.0,-0.6405475848094834,0.7038188803051854,-0.7992136553746175,-0.29797108264098227,19
Josefa Ortiz de Dominguez,2024-12,2311,2518,4829,Benito Juarez,0.0,0.1865888108786696,0.0,0.0,1470.5391406797382,434153,-0.5157874662202285,0.0,-1.0655610226354273,0.7038188803051854,-0.7992136553746175,-0.338798368865341,24
Josefa Ortiz de Dominguez,2025-01,2555,2815,5370,Benito Juarez,0.0,0.1865888108786696,2.0,1.0,1470.5391406797382,434153,-0.5197232356819581,0.0,0.319576750636154,0.7038188803051854,-0.7992136553746175,-0.2022524762690476,25
Josefa Ortiz de Dominguez,2025-04,2504,2607,5111,Benito Juarez,0.0,0.1865888108786696,1.0,1.0,1470.5391406797382,434153,-0.5182148769162037,-0.15394759295997215,0.32458837199061674,0.7038188803051854,-0.7992136553746175,-0.22408927369471995,28
Josefa Ortiz de Dominguez,2025-06,2359,2404,4763,Benito Juarez,0.0,0.1865888108786696,0.0,0.0,1470.5391406797382,434153,-0.5286697307443301,0.0,-0.4173499241975349,0.7038188803051854,-0.7992136553746175,-0.2804183912836025,30
Josefa Ortiz de Dominguez,2025-07,2648,2785,5433,Benito Juarez,0.0,0.1865888108786696,0.0,0.0,1470.5391406797382,434153,-0.5253549722519839,0.0,-0.4173499241975349,0.7038188803051854,-0.7992136553746175,-0.2787610120374294,31
Josefa Ortiz de Dominguez,2025-08,2611,2644,5255,Benito Juarez,0.0,0.1865888108786696,3.0,3.0,1470.5391406797382,434153,-0.5235740006180215,0.0,1.325719033255323,0.7038188803051854,-0.7992136553746175,-0.1035636304751624,32
Josefa Ortiz de Dominguez,2025-11,2491,2551,5042,Benito Juarez,0.0,0.1865888108786696,1.0,0.0,1470.5391406797382,434153,-0.5285839381647184,0.0,0.08481804013968136,0.7038188803051854,-0.7992136553746175,-0.230158698560075,35
Josefa Ortiz de Dominguez,2025-12,2262,2319,4581,Benito Juarez,0.0,0.1865888108786696,0.0,0.0,1470.5391406797382,434153,-0.526798377724133,0.0,-0.8021786763538865,0.7038188803051854,-0.7992136553746175,-0.3179655899891391,36
Josefa Ortiz de Dominguez,2026-02,2402,2687,5089,Benito Juarez,0.0,0.1865888108786696,0.0,0.0,1470.5391406797382,434153,-0.5318062444065464,0.0,0.0,0.7038188803051854,-0.7992136553746175,-0.24025165569495718,38
Josefa Ortiz de Dominguez,2026-03,2940,3123,6063,Benito Juarez,0.0,0.1865888108786696,0.0,0.0,1470.5391406797382,434153,-0.5221071270070603,0.0,0.0,0.7038188803051854,-0.7992136553746175,-0.2354020969952141,39
Josefa Ortiz de Dominguez,2026-04,2822,3048,5870,Benito Juarez,0.0,0.1865888108786696,0.0,0.0,1470.5391406797382,434153,-0.5194966596302704,-0.29804219930138437,0.0,0.7038188803051854,-0.7992136553746175,-0.27880319320202684,40
Josefa Ortiz de Dominguez,2026-05,4727,4714,9441,Benito Juarez,0.0,0.1865888108786696,0.0,0.0,1470.5391406797382,434153,-0.4422194215843032,0.0,0.0,0.7038188803051854,-0.7992136553746175,-0.19545824428383557,41
Josefa Ortiz de Dominguez,2026-06,2964,3147,6111,Benito Juarez,0.0,0.1865888108786696,0.0,0.0,1470.5391406797382,434153,-0.488566874465421,0.0,0.0,0.7038188803051854,-0.7992136553746175,-0.21863197072439447,42
Juarez,2023-01,51538,50300,101838,Cuauhtemoc,0.0,11.94795826976694,2.0,1.0,8881.881724163952,545884,3.795606815934102,0.0,1.7757530875264789,-2.339851584324165,-0.15031617237896108,1.709369361833178,1
Juarez,2023-02,58684,57518,116202,Cuauhtemoc,0.0,11.94795826976694,2.0,2.0,8881.881724163952,545884,3.7742389195027015,0.0,0.26178433206356805,-2.339851584324165,-0.15031617237896108,1.5472885380711867,2
Juarez,2023-03,69155,68395,137550,Cuauhtemoc,0.0,11.94795826976694,2.0,2.0,8881.881724163952,545884,3.675807158659826,0.0,-0.407960098835215,-2.339851584324165,-0.15031617237896108,1.4310982145598705,3
Juarez,2023-04,68720,67291,136011,Cuauhtemoc,0.0,11.94795826976694,0.0,0.0,8881.881724163952,545884,3.7077185506103354,0.0,-0.7638198663195582,-2.339851584324165,-0.15031617237896108,1.4114679337866909,4
Juarez,2023-05,77189,76312,153501,Cuauhtemoc,0.0,11.94795826976694,1.0,1.0,8881.881724163952,545884,3.6494561239448857,0.0,0.11557414688204855,-2.339851584324165,-0.15031617237896108,1.470276121774127,5
Juarez,2023-06,81433,80973,162406,Cuauhtemoc,0.0,11.94795826976694,0.0,0.0,8881.881724163952,545884,3.683590621664907,0.0,-1.2210451038201218,-2.339851584324165,-0.15031617237896108,1.3536814455639203,6
Juarez,2023-07,79928,82026,161954,Cuauhtemoc,0.0,11.94795826976694,4.0,2.0,8881.881724163952,545884,3.7516601805524967,0.0,2.189228582840571,-2.339851584324165,-0.15031617237896108,1.7287435936737847,7
Juarez,2023-08,87499,88070,175569,Cuauhtemoc,0.0,11.94795826976694,5.0,4.0,8881.881724163952,545884,3.7027627819696622,0.0,2.3021728866442674,-2.339851584324165,-0.15031617237896108,1.715589324762737,8
Juarez,2023-09,89539,90909,180448,Cuauhtemoc,0.0,11.94795826976694,4.0,2.0,8881.881724163952,545884,3.6297492840596632,0.0,2.077983419335798,-2.339851584324165,-0.15031617237896108,1.6566636290768906,9
Juarez,2023-12,89143,91823,180966,Cuauhtemoc,0.0,11.94795826976694,1.0,0.0,8881.881724163952,545884,3.7627748142286443,0.0,-0.48088232623334126,-2.339851584324165,-0.15031617237896108,1.4672898196044672,12
Juarez,2024-02,116454,116857,233311,Cuauhtemoc,0.0,11.94795826976694,3.0,1.0,8881.881724163952,545884,3.726643794216699,0.0,2.1219838168185787,-2.339851584324165,-0.15031617237896108,1.7095109239036865,14
Juarez,2024-07,118215,122220,240435,Cuauhtemoc,0.0,11.94795826976694,2.0,0.0,8881.881724163952,545884,3.70125933850132,0.0,2.0472403200773686,-2.339851584324165,-0.15031617237896108,1.689344346371876,19
Juarez,2024-12,105056,108095,213151,Cuauhtemoc,0.0,11.94795826976694,2.0,0.0,8881.881724163952,545884,3.525990595998774,0.0,1.7848147129143406,-2.339851584324165,-0.15031617237896108,1.5754674144043002,24
Juarez,2025-01,115972,116117,232089,Cuauhtemoc,0.0,11.94795826976694,5.0,3.0,8881.881724163952,545884,3.620918512432388,0.0,2.029312366539578,-2.339851584324165,-0.15031617237896108,1.647381137983631,25
Juarez,2025-04,111680,111883,223563,Cuauhtemoc,0.0,11.94795826976694,2.0,2.0,8881.881724163952,545884,3.646788942628062,-0.15394759295997215,1.771711530448783,-2.339851584324165,-0.15031617237896108,1.6114641305283928,28
Juarez,2025-06,100227,101754,201981,Cuauhtemoc,0.0,11.94795826976694,1.0,0.0,8881.881724163952,545884,3.684529979252689,0.0,2.3736776938734803,-2.339851584324165,-0.15031617237896108,1.7136234041271716,30
Juarez,2025-07,101843,106200,208043,Cuauhtemoc,0.0,11.94795826976694,1.0,1.0,8881.881724163952,545884,3.6216373989671222,0.0,2.3736776938734803,-2.339851584324165,-0.15031617237896108,1.6821771139843882,31
Juarez,2025-08,98797,102455,201252,Cuauhtemoc,0.0,11.94795826976694,1.0,1.0,8881.881724163952,545884,3.604937323304761,0.0,-0.13667206528405393,-2.339851584324165,-0.15031617237896108,1.4227921002374542,32
Juarez,2025-11,94549,97565,192114,Cuauhtemoc,0.0,11.94795826976694,3.0,1.0,8881.881724163952,545884,3.4461936763460064,0.0,2.1016025501276605,-2.339851584324165,-0.15031617237896108,1.5672477382992485,35
Juarez,2025-12,84835,88197,173032,Cuauhtemoc,0.0,11.94795826976694,4.0,3.0,8881.881724163952,545884,3.429640786066892,0.0,1.5656314855734474,-2.339851584324165,-0.15031617237896108,1.5053741867042698,36
Juarez,2026-02,91135,93047,184182,Cuauhtemoc,0.0,11.94795826976694,0.0,0.0,8881.881724163952,545884,3.5240441082899268,0.0,0.0,-2.339851584324165,-0.15031617237896108,1.3960126992584425,38
Juarez,2026-03,97819,100719,198538,Cuauhtemoc,0.0,11.94795826976694,0.0,0.0,8881.881724163952,545884,3.5233672057283885,0.0,0.0,-2.339851584324165,-0.15031617237896108,1.3956742479776734,39
Juarez,2026-04,95318,97239,192557,Cuauhtemoc,1.0,11.94795826976694,0.0,0.0,8881.881724163952,545884,3.5327840834697857,0.5411818882051453,0.0,-2.339851584324165,-0.15031617237896108,1.4815599700791438,40
Juarez,2026-05,96521,99012,195533,Cuauhtemoc,0.0,11.94795826976694,0.0,0.0,8881.881724163952,545884,3.5234714445300654,0.0,0.0,-2.339851584324165,-0.15031617237896108,1.3957263673785119,41
Juarez,2026-06,94117,97122,191239,Cuauhtemoc,0.0,11.94795826976694,0.0,0.0,8881.881724163952,545884,3.6577642477003,0.0,0.0,-2.339851584324165,-0.15031617237896108,1.4628727689636292,42
Letran Valle,2023-01,1165,1274,2439,Benito Juarez,0.0,3.8441576507053528,1.0,1.0,10982.887102901606,434153,-0.3559423844913499,0.0,0.3363168726375907,-0.2427064617514866,0.03363661170382104,-0.17738181307425677,1
Letran Valle,2023-02,1250,1306,2556,Benito Juarez,0.0,3.8441576507053528,3.0,2.0,10982.887102901606,434153,-0.35908763995772236,0.0,1.195481783090294,-0.2427064617514866,0.03363661170382104,-0.09303794976217267,2
Letran Valle,2023-03,1386,1525,2911,Benito Juarez,0.0,3.8441576507053528,6.0,4.0,10982.887102901606,434153,-0.3721785702237339,0.0,1.3038724727478443,-0.2427064617514866,0.03363661170382104,-0.08874434592942342,3
Letran Valle,2023-04,1395,1517,2912,Benito Juarez,0.0,3.8441576507053528,4.0,1.0,10982.887102901606,434153,-0.37737289979879396,0.0,1.3590041777373958,-0.2427064617514866,0.03363661170382104,-0.08582834021799828,4
Letran Valle,2023-05,1608,1698,3306,Benito Juarez,0.0,3.8441576507053528,2.0,2.0,10982.887102901606,434153,-0.3858127049002012,0.0,1.2397953938256114,-0.2427064617514866,0.03363661170382104,-0.10196912115988034,5
Letran Valle,2023-06,1318,1430,2748,Benito Juarez,0.0,3.8441576507053528,1.0,1.0,10982.887102901606,434153,-0.41397688327741083,0.0,0.2306418529438008,-0.2427064617514866,0.03363661170382104,-0.2169665644366662,6
Letran Valle,2023-07,1358,1459,2817,Benito Juarez,0.0,3.8441576507053528,1.0,1.0,10982.887102901606,434153,-0.41555027263098177,0.0,-0.4329444585468293,-0.2427064617514866,0.03363661170382104,-0.2841118902625147,7
Letran Valle,2023-08,1319,1494,2813,Benito Juarez,0.0,3.8441576507053528,0.0,0.0,10982.887102901606,434153,-0.42851788688562636,0.0,-0.5755432216610669,-0.2427064617514866,0.03363661170382104,-0.3048555737012607,8
Letran Valle,2023-09,2097,2158,4255,Benito Juarez,0.0,3.8441576507053528,1.0,0.0,10982.887102901606,434153,-0.41251570799447557,0.0,-0.1380719879957341,-0.2427064617514866,0.03363661170382104,-0.2531073608891521,9
Letran Valle,2023-12,3933,3904,7837,Benito Juarez,0.0,3.8441576507053528,2.0,2.0,10982.887102901606,434153,-0.35995618917502703,0.0,0.9484068100713118,-0.2427064617514866,0.03363661170382104,-0.11817972167272323,12
Letran Valle,2024-02,6574,6562,13136,Benito Juarez,0.0,3.8441576507053528,0.0,0.0,10982.887102901606,434153,-0.3444416248669985,0.0,-0.8014359479829826,-0.2427064617514866,0.03363661170382104,-0.28540671532413836,14
Letran Valle,2024-07,7331,7262,14593,Benito Juarez,0.0,3.8441576507053528,0.0,0.0,10982.887102901606,434153,-0.35039011010635396,0.0,-0.6405475848094834,-0.2427064617514866,0.03363661170382104,-0.2722921216264662,19
Letran Valle,2024-12,6681,6744,13425,Benito Juarez,0.0,3.8441576507053528,0.0,0.0,10982.887102901606,434153,-0.34901139733247516,0.0,-1.0655610226354273,-0.2427064617514866,0.03363661170382104,-0.31410410902212116,24
Letran Valle,2025-01,7265,7271,14536,Benito Juarez,0.0,3.8441576507053528,2.0,1.0,10982.887102901606,434153,-0.3523216404772505,0.0,0.319576750636154,-0.2427064617514866,0.03363661170382104,-0.17724545326735072,25
Letran Valle,2025-04,7553,7402,14955,Benito Juarez,0.0,3.8441576507053528,1.0,1.0,10982.887102901606,434153,-0.3305292636025524,-0.15394759295997215,0.32458837199061674,-0.2427064617514866,0.03363661170382104,-0.18894024163855122,28
Letran Valle,2025-06,7232,7178,14410,Benito Juarez,0.0,3.8441576507053528,0.0,0.0,10982.887102901606,434153,-0.3225793251913824,0.0,-0.4173499241975349,-0.2427064617514866,0.03363661170382104,-0.23606696310778558,30
Letran Valle,2025-07,7511,7442,14953,Benito Juarez,0.0,3.8441576507053528,0.0,0.0,10982.887102901606,434153,-0.3305009799810896,0.0,-0.4173499241975349,-0.2427064617514866,0.03363661170382104,-0.24002779050263917,31
Letran Valle,2025-08,7606,7648,15254,Benito Juarez,0.0,3.8441576507053528,3.0,3.0,10982.887102901606,434153,-0.3129535078150505,0.0,1.325719033255323,-0.2427064617514866,0.03363661170382104,-0.05694715867433382,32
Letran Valle,2025-11,7349,7220,14569,Benito Juarez,0.0,3.8441576507053528,1.0,0.0,10982.887102901606,434153,-0.3261607731082499,0.0,0.08481804013968136,-0.2427064617514866,0.03363661170382104,-0.1876408906324977,35
Letran Valle,2025-12,6618,6460,13078,Benito Juarez,0.0,3.8441576507053528,0.0,0.0,10982.887102901606,434153,-0.3272277988927082,0.0,-0.8021786763538865,-0.2427064617514866,0.03363661170382104,-0.27687407517408363,36
Letran Valle,2026-02,7044,6954,13998,Benito Juarez,0.0,3.8441576507053528,0.0,0.0,10982.887102901606,434153,-0.3300475447802468,0.0,0.0,-0.2427064617514866,0.03363661170382104,-0.19806608048246427,38
Letran Valle,2026-03,7801,7619,15420,Benito Juarez,0.0,3.8441576507053528,0.0,0.0,10982.887102901606,434153,-0.3254400100754817,0.0,0.0,-0.2427064617514866,0.03363661170382104,-0.19576231313008172,39
Letran Valle,2026-04,7670,7600,15270,Benito Juarez,0.0,3.8441576507053528,0.0,0.0,10982.887102901606,434153,-0.31545760503546444,-0.29804219930138437,0.0,-0.2427064617514866,0.03363661170382104,-0.23547744050528074,40
Letran Valle,2026-05,8090,7996,16086,Benito Juarez,0.0,3.8441576507053528,0.0,0.0,10982.887102901606,434153,-0.3006119596550963,0.0,0.0,-0.2427064617514866,0.03363661170382104,-0.18334828791988902,41
Letran Valle,2026-06,7188,6983,14171,Benito Juarez,0.0,3.8441576507053528,0.0,0.0,10982.887102901606,434153,-0.3080462139243051,0.0,0.0,-0.2427064617514866,0.03363661170382104,-0.18706541505449342,42
Lomas de Chapultepec Seccion III,2023-01,1420,1170,2590,Miguel Hidalgo,0.0,,0.0,0.0,,414470,-0.3496356416743775,0.0,-1.1031193422512973,0.0,0.0,-0.28512975506231847,1
Lomas de Chapultepec Seccion III,2023-02,1424,1239,2663,Miguel Hidalgo,0.0,,1.0,1.0,,414470,-0.35519602967788616,0.0,-0.6719131189631579,0.0,0.0,-0.24478932673525888,2
Lomas de Chapultepec Seccion III,2023-03,1679,1422,3101,Miguel Hidalgo,0.0,,2.0,2.0,,414470,-0.36646612963454445,0.0,-0.407960098835215,0.0,0.0,-0.22402907470079372,3
Lomas de Chapultepec Seccion III,2023-04,1429,1285,2714,Miguel Hidalgo,0.0,,0.0,0.0,,414470,-0.3834499410025672,0.0,-0.7638198663195582,0.0,0.0,-0.2681069571332394,4
Lomas de Chapultepec Seccion III,2023-05,1796,1371,3167,Miguel Hidalgo,0.0,,0.0,0.0,,414470,-0.3895471991723771,0.0,-1.0086471000615145,0.0,0.0,-0.29563830959234,5
Lomas de Chapultepec Seccion III,2023-06,2506,1716,4222,Miguel Hidalgo,0.0,,1.0,1.0,,414470,-0.37614718165090305,0.0,0.2306418529438008,0.0,0.0,-0.16500940553107143,6
Lomas de Chapultepec Seccion III,2023-07,2226,1851,4077,Miguel Hidalgo,0.0,,1.0,1.0,,414470,-0.38255552489154226,0.0,-0.4329444585468293,0.0,0.0,-0.23457220830045405,7
Lomas de Chapultepec Seccion III,2023-08,2386,2085,4471,Miguel Hidalgo,0.0,,1.0,1.0,,414470,-0.3888685354942879,0.0,0.0,0.0,0.0,-0.19443426774714395,8
Lomas de Chapultepec Seccion III,2023-09,2502,2120,4622,Miguel Hidalgo,0.0,,0.0,0.0,,414470,-0.4040958998744943,0.0,-0.8767571237729115,0.0,0.0,-0.2897236623145383,9
Lomas de Chapultepec Seccion III,2023-12,2418,1644,4062,Miguel Hidalgo,0.0,,1.0,1.0,,414470,-0.4498504849767059,0.0,-0.48088232623334126,0.0,0.0,-0.27301347511168705,12
Lomas de Chapultepec Seccion III,2024-02,2851,2277,5128,Miguel Hidalgo,0.0,,1.0,1.0,,414470,-0.4925113513846424,0.0,0.17303730695087127,0.0,0.0,-0.2289519449972341,14
Lomas de Chapultepec Seccion III,2024-07,3969,2755,6724,Miguel Hidalgo,0.0,,0.0,0.0,,414470,-0.49156150210205796,0.0,-0.6405475848094834,0.0,0.0,-0.3098355095319773,19
Lomas de Chapultepec Seccion III,2024-12,3474,2256,5730,Miguel Hidalgo,0.0,,1.0,1.0,,414470,-0.49830663349944376,0.0,0.35962684513945675,0.0,0.0,-0.2131906322357762,24
Lomas de Chapultepec Seccion III,2025-01,3377,2575,5952,Miguel Hidalgo,0.0,,0.0,0.0,,414470,-0.5090939831825975,0.0,-0.8202469932994618,0.0,0.0,-0.33657169092124495,25
Lomas de Chapultepec Seccion III,2025-04,3007,2450,5457,Miguel Hidalgo,0.0,,0.0,0.0,,414470,-0.511618044103676,-0.15394759295997215,-1.1225347864675495,0.0,0.0,-0.39115463964258873,28
Lomas de Chapultepec Seccion III,2025-06,2750,2346,5096,Miguel Hidalgo,0.0,,0.0,0.0,,414470,-0.5215557984286743,0.0,-0.4173499241975349,0.0,0.0,-0.3025128916340906,30
Lomas de Chapultepec Seccion III,2025-07,3052,2427,5479,Miguel Hidalgo,0.0,,0.0,0.0,,414470,-0.524413450860759,0.0,-0.4173499241975349,0.0,0.0,-0.30394171785013296,31
Lomas de Chapultepec Seccion III,2025-08,2763,2265,5028,Miguel Hidalgo,0.0,,0.0,0.0,,414470,-0.5283555639609833,0.0,-0.8678676145537424,0.0,0.0,-0.35096454343586586,32
Lomas de Chapultepec Seccion III,2025-11,1968,1583,3551,Miguel Hidalgo,0.0,,0.0,0.0,,414470,-0.5602636840552605,0.0,-0.9235742148543081,0.0,0.0,-0.37248926351306105,35
Lomas de Chapultepec Seccion III,2025-12,1687,1384,3071,Miguel Hidalgo,0.0,,3.0,2.0,,414470,-0.5622640213672366,0.0,0.9736789450916139,0.0,0.0,-0.18376411617445693,36
Lomas de Chapultepec Seccion III,2026-02,3713,2559,6272,Miguel Hidalgo,0.0,,0.0,0.0,,414470,-0.5050152979863071,0.0,0.0,0.0,0.0,-0.25250764899315353,38
Lomas de Chapultepec Seccion III,2026-03,3750,2632,6382,Miguel Hidalgo,0.0,,0.0,0.0,,414470,-0.515402327359612,0.0,0.0,0.0,0.0,-0.257701163679806,39
Lomas de Chapultepec Seccion III,2026-04,3268,2735,6003,Miguel Hidalgo,0.0,,0.0,0.0,,414470,-0.5166097240705779,-0.29804219930138437,0.0,0.0,0.0,-0.30301119193049664,40
Lomas de Chapultepec Seccion III,2026-05,3229,2821,6050,Miguel Hidalgo,0.0,,0.0,0.0,,414470,-0.5144829134431356,0.0,0.0,0.0,0.0,-0.2572414567215678,41
Lomas de Chapultepec Seccion III,2026-06,3029,2718,5747,Miguel Hidalgo,0.0,,0.0,0.0,,414470,-0.4967194204253424,0.0,0.0,0.0,0.0,-0.2483597102126712,42
Lomas de Chapultepec Seccion IV/Lomas Virreyes,2023-01,970,718,1688,Miguel Hidalgo,0.0,,0.0,0.0,,414470,-0.3873090325413254,0.0,-1.1031193422512973,0.0,0.0,-0.30396645049579246,1
Lomas de Chapultepec Seccion IV/Lomas Virreyes,2023-02,740,420,1160,Miguel Hidalgo,0.0,,1.0,1.0,,414470,-0.4098604245432489,0.0,-0.6719131189631579,0.0,0.0,-0.2721215241679402,2
Lomas de Chapultepec Seccion IV/Lomas Virreyes,2023-03,858,501,1359,Miguel Hidalgo,0.0,,2.0,2.0,,414470,-0.418840190194376,0.0,-0.407960098835215,0.0,0.0,-0.2502161049807095,3
Lomas de Chapultepec Seccion IV/Lomas Virreyes,2023-04,750,452,1202,Miguel Hidalgo,0.0,,0.0,0.0,,414470,-0.4298564374677442,0.0,-0.7638198663195582,0.0,0.0,-0.29131020536582797,4
Lomas de Chapultepec Seccion IV/Lomas Virreyes,2023-05,1169,558,1727,Miguel Hidalgo,0.0,,0.0,0.0,,414470,-0.4282354851575093,0.0,-1.0086471000615145,0.0,0.0,-0.3149824525849061,5
Lomas de Chapultepec Seccion IV/Lomas Virreyes,2023-06,2225,1177,3402,Miguel Hidalgo,0.0,,1.0,1.0,,414470,-0.3971921988379698,0.0,0.2306418529438008,0.0,0.0,-0.1755319141246048,6
Lomas de Chapultepec Seccion IV/Lomas Virreyes,2023-07,2175,1098,3273,Miguel Hidalgo,0.0,,1.0,1.0,,414470,-0.4036093163062322,0.0,-0.4329444585468293,0.0,0.0,-0.24509910400779902,7
Lomas de Chapultepec Seccion IV/Lomas Virreyes,2023-08,2092,1152,3244,Miguel Hidalgo,0.0,,1.0,1.0,,414470,-0.418210968640954,0.0,0.0,0.0,0.0,-0.209105484320477,8
Lomas de Chapultepec Seccion IV/Lomas Virreyes,2023-09,2395,1537,3932,Miguel Hidalgo,0.0,,0.0,0.0,,414470,-0.4199260568303175,0.0,-0.8767571237729115,0.0,0.0,-0.2976387407924499,9
Lomas de Chapultepec Seccion IV/Lomas Virreyes,2023-12,2156,1239,3395,Miguel Hidalgo,0.0,,1.0,1.0,,414470,-0.46573379498987666,0.0,-0.48088232623334126,0.0,0.0,-0.28095513011827244,12
Lomas de Chapultepec Seccion IV/Lomas Virreyes,2024-02,2671,1913,4584,Miguel Hidalgo,0.0,,1.0,1.0,,414470,-0.5025700341051217,0.0,0.17303730695087127,0.0,0.0,-0.23398128635747373,14
Lomas de Chapultepec Seccion IV/Lomas Virreyes,2024-07,3489,2241,5730,Miguel Hidalgo,0.0,,0.0,0.0,,414470,-0.5093940556214035,0.0,-0.6405475848094834,0.0,0.0,-0.3187517862916501,19
Lomas de Chapultepec Seccion IV/Lomas Virreyes,2024-12,2804,1564,4368,Miguel Hidalgo,0.0,,1.0,1.0,,414470,-0.524731599277145,0.0,0.35962684513945675,0.0,0.0,-0.2264031151246268,24
Lomas de Chapultepec Seccion IV/Lomas Virreyes,2025-01,2945,1881,4826,Miguel Hidalgo,0.0,,0.0,0.0,,414470,-0.5296584820043846,0.0,-0.8202469932994618,0.0,0.0,-0.34685394033213846,25
Lomas de Chapultepec Seccion IV/Lomas Virreyes,2025-04,2958,2101,5059,Miguel Hidalgo,0.0,,0.0,0.0,,414470,-0.5192063084371616,-0.15394759295997215,-1.1225347864675495,0.0,0.0,-0.3949487718093316,28
Lomas de Chapultepec Seccion IV/Lomas Virreyes,2025-06,2830,1852,4682,Miguel Hidalgo,0.0,,0.0,0.0,,414470,-0.5304001467130032,0.0,-0.4173499241975349,0.0,0.0,-0.30693506577625507,30
Lomas de Chapultepec Seccion IV/Lomas Virreyes,2025-07,2928,2052,4980,Miguel Hidalgo,0.0,,0.0,0.0,,414470,-0.5346269111699162,0.0,-0.4173499241975349,0.0,0.0,-0.3090484480047116,31
Lomas de Chapultepec Seccion IV/Lomas Virreyes,2025-08,2568,1804,4372,Miguel Hidalgo,0.0,,0.0,0.0,,414470,-0.5421736500974718,0.0,-0.8678676145537424,0.0,0.0,-0.3578735865041101,32
Lomas de Chapultepec Seccion IV/Lomas Virreyes,2025-11,2547,1727,4274,Miguel Hidalgo,0.0,,0.0,0.0,,414470,-0.5449018756858025,0.0,-0.9235742148543081,0.0,0.0,-0.36480835932833205,35
Lomas de Chapultepec Seccion IV/Lomas Virreyes,2025-12,2391,1514,3905,Miguel Hidalgo,0.0,,3.0,2.0,,414470,-0.5426757122292575,0.0,0.9736789450916139,0.0,0.0,-0.17396996160546735,36
Lomas de Chapultepec Seccion IV/Lomas Virreyes,2026-02,3439,2083,5522,Miguel Hidalgo,0.0,,0.0,0.0,,414470,-0.5220002597911926,0.0,0.0,0.0,0.0,-0.2610001298955963,38
Lomas de Chapultepec Seccion IV/Lomas Virreyes,2026-03,3833,2229,6062,Miguel Hidalgo,0.0,,0.0,0.0,,414470,-0.5221281451877733,0.0,0.0,0.0,0.0,-0.26106407259388664,39
Lomas de Chapultepec Seccion IV/Lomas Virreyes,2026-04,3142,2206,5348,Miguel Hidalgo,0.0,,0.0,0.0,,414470,-0.5308273390450032,-0.29804219930138437,0.0,0.0,0.0,-0.3101199994177093,40
Lomas de Chapultepec Seccion IV/Lomas Virreyes,2026-05,3206,2156,5362,Miguel Hidalgo,0.0,,0.0,0.0,,414470,-0.5291444535194778,0.0,0.0,0.0,0.0,-0.2645722267597389,41
Lomas de Chapultepec Seccion IV/Lomas Virreyes,2026-06,2668,1843,4511,Miguel Hidalgo,0.0,,0.0,0.0,,414470,-0.5244022413222182,0.0,0.0,0.0,0.0,-0.2622011206611091,42
Lomas de Chapultepec Seccion V,2023-01,1136,623,1759,Miguel Hidalgo,0.0,,0.0,0.0,,414470,-0.3843436104220867,0.0,-1.1031193422512973,0.0,0.0,-0.30248373943617307,1
Lomas de Chapultepec Seccion V,2023-02,1406,871,2277,Miguel Hidalgo,0.0,,1.0,1.0,,414470,-0.36923492283692144,0.0,-0.6719131189631579,0.0,0.0,-0.2518087733147765,2
Lomas de Chapultepec Seccion V,2023-03,1598,1107,2705,Miguel Hidalgo,0.0,,2.0,2.0,,414470,-0.37837205844148664,0.0,-0.407960098835215,0.0,0.0,-0.22998203910426482,3
Lomas de Chapultepec Seccion V,2023-04,1347,866,2213,Miguel Hidalgo,0.0,,0.0,0.0,,414470,-0.39882669677575083,0.0,-0.7638198663195582,0.0,0.0,-0.2757953350198312,4
Lomas de Chapultepec Seccion V,2023-05,1836,1073,2909,Miguel Hidalgo,0.0,,0.0,0.0,,414470,-0.39647885041138,0.0,-1.0086471000615145,0.0,0.0,-0.2991041352118414,5
Lomas de Chapultepec Seccion V,2023-06,1677,1009,2686,Miguel Hidalgo,0.0,,1.0,1.0,,414470,-0.4155680918939939,0.0,0.2306418529438008,0.0,0.0,-0.18471986065261686,6
Lomas de Chapultepec Seccion V,2023-07,1708,929,2637,Miguel Hidalgo,0.0,,1.0,1.0,,414470,-0.42026380802233027,0.0,-0.4329444585468293,0.0,0.0,-0.25342634986584806,7
Lomas de Chapultepec Seccion V,2023-08,1643,989,2632,Miguel Hidalgo,0.0,,1.0,1.0,,414470,-0.4328463142691199,0.0,0.0,0.0,0.0,-0.21642315713455995,8
Lomas de Chapultepec Seccion V,2023-09,1932,1423,3355,Miguel Hidalgo,0.0,,0.0,0.0,,414470,-0.4331637388064189,0.0,-0.8767571237729115,0.0,0.0,-0.3042575817805006,9
Lomas de Chapultepec Seccion V,2023-12,1827,1005,2832,Miguel Hidalgo,0.0,,1.0,1.0,,414470,-0.4791405469200343,0.0,-0.48088232623334126,0.0,0.0,-0.2876585060833513,12
Lomas de Chapultepec Seccion V,2024-02,2257,1559,3816,Miguel Hidalgo,0.0,,1.0,1.0,,414470,-0.516770527357563,0.0,0.17303730695087127,0.0,0.0,-0.2410815329836944,14
Lomas de Chapultepec Seccion V,2024-07,2339,1573,3912,Miguel Hidalgo,0.0,,0.0,0.0,,414470,-0.5420093295632246,0.0,-0.6405475848094834,0.0,0.0,-0.3350594232625606,19
Lomas de Chapultepec Seccion V,2024-12,2416,1466,3882,Miguel Hidalgo,0.0,,1.0,1.0,,414470,-0.5341607720876904,0.0,0.35962684513945675,0.0,0.0,-0.23111770152989952,24
Lomas de Chapultepec Seccion V,2025-01,2469,1500,3969,Miguel Hidalgo,0.0,,0.0,0.0,,414470,-0.5453101476262954,0.0,-0.8202469932994618,0.0,0.0,-0.35467977314309385,25
Lomas de Chapultepec Seccion V,2025-04,2264,1577,3841,Miguel Hidalgo,0.0,,0.0,0.0,,414470,-0.5424286852165224,-0.15394759295997215,-1.1225347864675495,0.0,0.0,-0.40655996019901197,28
Lomas de Chapultepec Seccion V,2025-06,2020,1287,3307,Miguel Hidalgo,0.0,,0.0,0.0,,414470,-0.5597744918602305,0.0,-0.4173499241975349,0.0,0.0,-0.32162223834986875,30
Lomas de Chapultepec Seccion V,2025-07,2123,1198,3321,Miguel Hidalgo,0.0,,0.0,0.0,,414470,-0.5685830848230059,0.0,-0.4173499241975349,0.0,0.0,-0.32602653483125643,31
Lomas de Chapultepec Seccion V,2025-08,2104,1186,3290,Miguel Hidalgo,0.0,,0.0,0.0,,414470,-0.5649650665603995,0.0,-0.8678676145537424,0.0,0.0,-0.36926929473557396,32
Lomas de Chapultepec Seccion V,2025-11,2499,1690,4189,Miguel Hidalgo,0.0,,0.0,0.0,,414470,-0.5467078974166516,0.0,-0.9235742148543081,0.0,0.0,-0.3657113701937566,35
Lomas de Chapultepec Seccion V,2025-12,2312,1385,3697,Miguel Hidalgo,0.0,,3.0,2.0,,414470,-0.547561045923142,0.0,0.9736789450916139,0.0,0.0,-0.17641262845240963,36
Lomas de Chapultepec Seccion V,2026-02,2675,1294,3969,Miguel Hidalgo,0.0,,0.0,0.0,,414470,-0.5571704540351754,0.0,0.0,0.0,0.0,-0.2785852270175877,38
Lomas de Chapultepec Seccion V,2026-03,2799,1568,4367,Miguel Hidalgo,0.0,,0.0,0.0,,414470,-0.5577539614963151,0.0,0.0,0.0,0.0,-0.27887698074815753,39
Lomas de Chapultepec Seccion V,2026-04,2449,1363,3812,Miguel Hidalgo,0.0,,0.0,0.0,,414470,-0.5641681888170906,-0.29804219930138437,0.0,0.0,0.0,-0.326790424303753,40
Lomas de Chapultepec Seccion V,2026-05,2464,1522,3986,Miguel Hidalgo,0.0,,0.0,0.0,,414470,-0.5584675336721624,0.0,0.0,0.0,0.0,-0.2792337668360812,41
Lomas de Chapultepec Seccion V,2026-06,2289,1346,3635,Miguel Hidalgo,0.0,,0.0,0.0,,414470,-0.5440221046763147,0.0,0.0,0.0,0.0,-0.27201105233815737,42
Mariano Escobedo,2023-01,2022,1921,3943,Miguel Hidalgo,0.0,,0.0,0.0,,414470,-0.29312555537395557,0.0,-1.1031193422512973,0.0,0.0,-0.25687471191210753,1
Mariano Escobedo,2023-02,2655,2627,5282,Miguel Hidalgo,0.0,,1.0,1.0,,414470,-0.25994250329572705,0.0,-0.6719131189631579,0.0,0.0,-0.19716256354417933,2
Mariano Escobedo,2023-03,3439,3250,6689,Miguel Hidalgo,0.0,,2.0,2.0,,414470,-0.2585911989292197,0.0,-0.407960098835215,0.0,0.0,-0.17009160934813136,3
Mariano Escobedo,2023-04,3476,3226,6702,Miguel Hidalgo,0.0,,0.0,0.0,,414470,-0.2610497373629334,0.0,-0.7638198663195582,0.0,0.0,-0.20690685531342254,4
Mariano Escobedo,2023-05,3831,3769,7600,Miguel Hidalgo,0.0,,0.0,0.0,,414470,-0.2704463854417585,0.0,-1.0086471000615145,0.0,0.0,-0.23608790272703067,5
Mariano Escobedo,2023-06,3302,2998,6300,Miguel Hidalgo,0.0,,1.0,1.0,,414470,-0.3228160283402632,0.0,0.2306418529438008,0.0,0.0,-0.1383438288757515,6
Mariano Escobedo,2023-07,3112,2778,5890,Miguel Hidalgo,0.0,,1.0,1.0,,414470,-0.335079748977571,0.0,-0.4329444585468293,0.0,0.0,-0.2108343203434684,7
Mariano Escobedo,2023-08,3175,2882,6057,Miguel Hidalgo,0.0,,1.0,1.0,,414470,-0.35094098947096897,0.0,0.0,0.0,0.0,-0.17547049473548448,8
Mariano Escobedo,2023-09,3314,2977,6291,Miguel Hidalgo,0.0,,0.0,0.0,,414470,-0.3658052738465683,0.0,-0.8767571237729115,0.0,0.0,-0.27057834930057534,9
Mariano Escobedo,2023-12,3096,2833,5929,Miguel Hidalgo,0.0,,1.0,1.0,,414470,-0.4053915047749219,0.0,-0.48088232623334126,0.0,0.0,-0.2507839850107951,12
Mariano Escobedo,2024-02,4031,3688,7719,Miguel Hidalgo,0.0,,1.0,1.0,,414470,-0.44460317688324186,0.0,0.17303730695087127,0.0,0.0,-0.2049978577465338,14
Mariano Escobedo,2024-07,4786,4205,8991,Miguel Hidalgo,0.0,,0.0,0.0,,414470,-0.4508910807455627,0.0,-0.6405475848094834,0.0,0.0,-0.2895002988537297,19
Mariano Escobedo,2024-12,3997,3748,7745,Miguel Hidalgo,0.0,,1.0,1.0,,414470,-0.4592124293569562,0.0,0.35962684513945675,0.0,0.0,-0.19364353016453242,24
Mariano Escobedo,2025-01,4356,4123,8479,Miguel Hidalgo,0.0,,0.0,0.0,,414470,-0.4629425724164731,0.0,-0.8202469932994618,0.0,0.0,-0.3134959855381827,25
Mariano Escobedo,2025-04,4247,4011,8258,Miguel Hidalgo,0.0,,0.0,0.0,,414470,-0.45821420390746126,-0.15394759295997215,-1.1225347864675495,0.0,0.0,-0.3644527195444814,28
Mariano Escobedo,2025-06,4210,3994,8204,Miguel Hidalgo,0.0,,0.0,0.0,,414470,-0.45515909681588673,0.0,-0.4173499241975349,0.0,0.0,-0.26931454082769685,30
Mariano Escobedo,2025-07,4494,4191,8685,Miguel Hidalgo,0.0,,0.0,0.0,,414470,-0.458793503463649,0.0,-0.4173499241975349,0.0,0.0,-0.271131744151578,31
Mariano Escobedo,2025-08,4362,4210,8572,Miguel Hidalgo,0.0,,0.0,0.0,,414470,-0.4537041961748317,0.0,-0.8678676145537424,0.0,0.0,-0.3136388595427901,32
Mariano Escobedo,2025-11,4428,4073,8501,Miguel Hidalgo,0.0,,0.0,0.0,,414470,-0.45508947737639843,0.0,-0.9235742148543081,0.0,0.0,-0.31990216017363005,35
Mariano Escobedo,2025-12,4136,3789,7925,Miguel Hidalgo,0.0,,3.0,2.0,,414470,-0.44825724372245185,0.0,0.9736789450916139,0.0,0.0,-0.12676072735206453,36
Mariano Escobedo,2026-02,4257,4050,8307,Miguel Hidalgo,0.0,,0.0,0.0,,414470,-0.4589294349557178,0.0,0.0,0.0,0.0,-0.2294647174778589,38
Mariano Escobedo,2026-03,4545,4302,8847,Miguel Hidalgo,0.0,,0.0,0.0,,414470,-0.4635925119020571,0.0,0.0,0.0,0.0,-0.23179625595102854,39
Mariano Escobedo,2026-04,4231,3990,8221,Miguel Hidalgo,0.0,,0.0,0.0,,414470,-0.4684651896991652,-0.29804219930138437,0.0,0.0,0.0,-0.27893892474479026,40
Mariano Escobedo,2026-05,4123,3919,8042,Miguel Hidalgo,0.0,,0.0,0.0,,414470,-0.47203264043140036,0.0,0.0,0.0,0.0,-0.23601632021570018,41
Mariano Escobedo,2026-06,4007,3769,7776,Miguel Hidalgo,0.0,,0.0,0.0,,414470,-0.45127569583006644,0.0,0.0,0.0,0.0,-0.22563784791503322,42
Modelo Pensil,2023-01,1145,986,2131,Miguel Hidalgo,0.0,0.7476168143891591,0.0,0.0,3623.8820318664634,414470,-0.36880646917762483,0.0,-1.1031193422512973,0.5586330352313026,-0.6106784788694236,-0.27198806141618914,1
Modelo Pensil,2023-02,1072,958,2030,Miguel Hidalgo,0.0,0.7476168143891591,1.0,1.0,3623.8820318664634,414470,-0.37821835965112277,0.0,-0.6719131189631579,0.5586330352313026,-0.6106784788694236,-0.23357338432412417,2
Modelo Pensil,2023-03,1377,1147,2524,Miguel Hidalgo,0.0,0.7476168143891591,2.0,2.0,3623.8820318664634,414470,-0.3838139097396092,0.0,-0.407960098835215,0.5586330352313026,-0.6106784788694236,-0.2099758573555731,3
Modelo Pensil,2023-04,1174,1027,2201,Miguel Hidalgo,0.0,0.7476168143891591,0.0,0.0,3623.8820318664634,414470,-0.3991950023032522,0.0,-0.7638198663195582,0.5586330352313026,-0.6106784788694236,-0.2532523803858289,4
Modelo Pensil,2023-05,1463,1260,2723,Miguel Hidalgo,0.0,0.7476168143891591,0.0,0.0,3623.8820318664634,414470,-0.4014760873511262,0.0,-1.0086471000615145,0.5586330352313026,-0.6106784788694236,-0.27887564628396155,5
Modelo Pensil,2023-06,1652,1543,3195,Miguel Hidalgo,0.0,0.7476168143891591,1.0,1.0,3623.8820318664634,414470,-0.4025047824449488,0.0,0.2306418529438008,0.5586330352313026,-0.6106784788694236,-0.1554610985303413,6
Modelo Pensil,2023-07,1522,1579,3101,Miguel Hidalgo,0.0,0.7476168143891591,1.0,1.0,3623.8820318664634,414470,-0.408113361235743,0.0,-0.4329444585468293,0.5586330352313026,-0.6106784788694236,-0.2246240190748014,7
Modelo Pensil,2023-08,1893,1613,3506,Miguel Hidalgo,0.0,0.7476168143891591,1.0,1.0,3623.8820318664634,414470,-0.41194551021843845,0.0,0.0,0.5586330352313026,-0.6106784788694236,-0.1832456477114662,8
Modelo Pensil,2023-09,1883,1618,3501,Miguel Hidalgo,0.0,0.7476168143891591,0.0,0.0,3623.8820318664634,414470,-0.4298141693635925,0.0,-0.8767571237729115,0.5586330352313026,-0.6106784788694236,-0.2798556896613344,9
Modelo Pensil,2023-12,1949,1601,3550,Miguel Hidalgo,0.0,0.7476168143891591,1.0,1.0,3623.8820318664634,414470,-0.4620427709238475,0.0,-0.48088232623334126,0.5586330352313026,-0.6106784788694236,-0.25638251068750484,12
Modelo Pensil,2024-02,2265,2116,4381,Miguel Hidalgo,0.0,0.7476168143891591,1.0,1.0,3623.8820318664634,414470,-0.5063235498997123,0.0,0.17303730695087127,0.5586330352313026,-0.6106784788694236,-0.213130936857016,14
Modelo Pensil,2024-07,2733,2425,5158,Miguel Hidalgo,0.0,0.7476168143891591,0.0,0.0,3623.8820318664634,414470,-0.5196558469826366,0.0,-0.6405475848094834,0.5586330352313026,-0.6106784788694236,-0.3011555745745136,19
Modelo Pensil,2024-12,2709,2464,5173,Miguel Hidalgo,0.0,0.7476168143891591,1.0,1.0,3623.8820318664634,414470,-0.5091133192102951,0.0,0.35962684513945675,0.5586330352313026,-0.6106784788694236,-0.19586686769344885,24
Modelo Pensil,2025-01,2992,2407,5399,Miguel Hidalgo,0.0,0.7476168143891591,0.0,0.0,3623.8820318664634,414470,-0.5191935993890346,0.0,-0.8202469932994618,0.5586330352313026,-0.6106784788694236,-0.31889439162671046,25
Modelo Pensil,2025-04,2630,2168,4798,Miguel Hidalgo,0.0,0.7476168143891591,0.0,0.0,3623.8820318664634,414470,-0.5241825320327389,-0.15394759295997215,-1.1225347864675495,0.5586330352313026,-0.6106784788694236,-0.3747097762093672,28
Modelo Pensil,2025-06,2719,2385,5104,Miguel Hidalgo,0.0,0.7476168143891591,0.0,0.0,3623.8820318664634,414470,-0.5213848931478177,0.0,-0.4173499241975349,0.5586330352313026,-0.6106784788694236,-0.2797003315959093,30
Modelo Pensil,2025-07,2895,2532,5427,Miguel Hidalgo,0.0,0.7476168143891591,0.0,0.0,3623.8820318664634,414470,-0.5254777793899698,0.0,-0.4173499241975349,0.5586330352313026,-0.6106784788694236,-0.28174677471698534,31
Modelo Pensil,2025-08,2719,2337,5056,Miguel Hidalgo,0.0,0.7476168143891591,0.0,0.0,3623.8820318664634,414470,-0.527765767601499,0.0,-0.8678676145537424,0.5586330352313026,-0.6106784788694236,-0.3279425378583707,32
Modelo Pensil,2025-11,2963,2564,5527,Miguel Hidalgo,0.0,0.7476168143891591,0.0,0.0,3623.8820318664634,414470,-0.518278990641638,0.0,-0.9235742148543081,0.5586330352313026,-0.6106784788694236,-0.32876980940849676,35
Modelo Pensil,2025-12,2805,2513,5318,Miguel Hidalgo,0.0,0.7476168143891591,3.0,2.0,3623.8820318664634,414470,-0.5094883251645519,0.0,0.9736789450916139,0.5586330352313026,-0.6106784788694236,-0.13464916067536153,36
Modelo Pensil,2026-02,2620,2376,4996,Miguel Hidalgo,0.0,0.7476168143891591,0.0,0.0,3623.8820318664634,414470,-0.5339123796703522,0.0,0.0,0.5586330352313026,-0.6106784788694236,-0.24422908243742308,38
Modelo Pensil,2026-03,2870,2451,5321,Miguel Hidalgo,0.0,0.7476168143891591,0.0,0.0,3623.8820318664634,414470,-0.5377026170961092,0.0,0.0,0.5586330352313026,-0.6106784788694236,-0.2461242011503016,39
Modelo Pensil,2026-04,2620,2309,4929,Miguel Hidalgo,1.0,0.7476168143891591,0.0,0.0,3623.8820318664634,414470,-0.5399222713721546,0.5411818882051453,0.0,0.5586330352313026,-0.6106784788694236,-0.16605674505755252,40
Modelo Pensil,2026-05,2860,2417,5277,Miguel Hidalgo,0.0,0.7476168143891591,0.0,0.0,3623.8820318664634,414470,-0.5309558356510027,0.0,0.0,0.5586330352313026,-0.6106784788694236,-0.24275081042774832,41
Modelo Pensil,2026-06,2735,2224,4959,Miguel Hidalgo,0.0,0.7476168143891591,0.0,0.0,3623.8820318664634,414470,-0.514368338602315,0.0,0.0,0.5586330352313026,-0.6106784788694236,-0.23445706190340448,42
Molino del Rey,2023-01,786,668,1454,Miguel Hidalgo,0.0,7.955732757130039,0.0,0.0,512.6837024456141,414470,-0.3970823955821966,0.0,-1.1031193422512973,-1.3067219880278793,-0.883078350056107,-0.5931692652260206,1
Molino del Rey,2023-02,1809,1508,3317,Miguel Hidalgo,0.0,7.955732757130039,1.0,1.0,512.6837024456141,414470,-0.33140992572449474,0.0,-0.6719131189631579,-1.3067219880278793,-0.883078350056107,-0.5172124079683558,2
Molino del Rey,2023-03,2033,1626,3659,Miguel Hidalgo,0.0,7.955732757130039,2.0,2.0,512.6837024456141,414470,-0.34968959358839863,0.0,-0.407960098835215,-1.3067219880278793,-0.883078350056107,-0.49995693988751344,3
Molino del Rey,2023-04,1932,1588,3520,Miguel Hidalgo,0.0,7.955732757130039,0.0,0.0,512.6837024456141,414470,-0.35871208640538943,0.0,-0.7638198663195582,-1.3067219880278793,-0.883078350056107,-0.5400541630444431,4
Molino del Rey,2023-05,2269,1677,3946,Miguel Hidalgo,0.0,7.955732757130039,0.0,0.0,512.6837024456141,414470,-0.36861791112903136,0.0,-1.0086471000615145,-1.3067219880278793,-0.883078350056107,-0.5694897987804597,5
Molino del Rey,2023-06,2125,1524,3649,Miguel Hidalgo,0.0,7.955732757130039,1.0,1.0,512.6837024456141,414470,-0.39085302902674357,0.0,0.2306418529438008,-1.3067219880278793,-0.883078350056107,-0.4566784624287843,6
Molino del Rey,2023-07,2034,1571,3605,Miguel Hidalgo,0.0,7.955732757130039,1.0,1.0,512.6837024456141,414470,-0.3949154621399672,0.0,-0.4329444585468293,-1.3067219880278793,-0.883078350056107,-0.5250683101344592,7
Molino del Rey,2023-08,2115,1888,4003,Miguel Hidalgo,0.0,7.955732757130039,1.0,1.0,512.6837024456141,414470,-0.4000602703864148,0.0,0.0,-1.3067219880278793,-0.883078350056107,-0.484346268403,8
Molino del Rey,2023-09,2456,2003,4459,Miguel Hidalgo,0.0,7.955732757130039,0.0,0.0,512.6837024456141,414470,-0.40783548767710176,0.0,-0.8767571237729115,-1.3067219880278793,-0.883078350056107,-0.5759095894256346,9
Molino del Rey,2023-12,2110,1609,3719,Miguel Hidalgo,0.0,7.955732757130039,1.0,1.0,512.6837024456141,414470,-0.45801836403895113,0.0,-0.48088232623334126,-1.3067219880278793,-0.883078350056107,-0.5614135478526023,12
Molino del Rey,2024-02,2870,2278,5148,Miguel Hidalgo,0.0,7.955732757130039,1.0,1.0,512.6837024456141,414470,-0.49214154687286005,0.0,0.17303730695087127,-1.3067219880278793,-0.883078350056107,-0.5130831759511355,14
Molino del Rey,2024-07,3197,2334,5531,Miguel Hidalgo,0.0,7.955732757130039,0.0,0.0,512.6837024456141,414470,-0.5129641543642101,0.0,-0.6405475848094834,-1.3067219880278793,-0.883078350056107,-0.6048529688728459,19
Molino del Rey,2024-12,2916,2024,4940,Miguel Hidalgo,0.0,7.955732757130039,1.0,1.0,512.6837024456141,414470,-0.5136338897141163,0.0,0.35962684513945675,-1.3067219880278793,-0.883078350056107,-0.505170393552905,24
Molino del Rey,2025-01,2966,2121,5087,Miguel Hidalgo,0.0,7.955732757130039,0.0,0.0,512.6837024456141,414470,-0.5248917553680733,0.0,-0.8202469932994618,-1.3067219880278793,-0.883078350056107,-0.6287867102237754,25
Molino del Rey,2025-04,2575,2112,4687,Miguel Hidalgo,0.0,7.955732757130039,0.0,0.0,512.6837024456141,414470,-0.5262988570101683,-0.15394759295997215,-1.1225347864675495,-1.3067219880278793,-0.883078350056107,-0.6828111793056275,28
Molino del Rey,2025-06,2340,1919,4259,Miguel Hidalgo,0.0,7.955732757130039,0.0,0.0,512.6837024456141,414470,-0.5394367634382956,0.0,-0.4173499241975349,-1.3067219880278793,-0.883078350056107,-0.5957695073486939,30
Molino del Rey,2025-07,2624,2181,4805,Miguel Hidalgo,0.0,7.955732757130039,0.0,0.0,512.6837024456141,414470,-0.5382087860278371,0.0,-0.4173499241975349,-1.3067219880278793,-0.883078350056107,-0.5951555186434646,31
Molino del Rey,2025-08,2319,1903,4222,Miguel Hidalgo,0.0,7.955732757130039,0.0,0.0,512.6837024456141,414470,-0.5453332734518518,0.0,-0.8678676145537424,-1.3067219880278793,-0.883078350056107,-0.6437695313910927,32
Molino del Rey,2025-11,2567,2090,4657,Miguel Hidalgo,0.0,7.955732757130039,0.0,0.0,512.6837024456141,414470,-0.536764154239741,0.0,-0.9235742148543081,-1.3067219880278793,-0.883078350056107,-0.6450556318150938,35
Molino del Rey,2025-12,2139,1742,3881,Miguel Hidalgo,0.0,7.955732757130039,3.0,2.0,512.6837024456141,414470,-0.5432394045785519,0.0,0.9736789450916139,-1.3067219880278793,-0.883078350056107,-0.45856794098990716,36
Molino del Rey,2026-02,2686,1939,4625,Miguel Hidalgo,0.0,7.955732757130039,0.0,0.0,512.6837024456141,414470,-0.5423142741098356,0.0,0.0,-1.3067219880278793,-0.883078350056107,-0.5554732702647104,38
Molino del Rey,2026-03,3226,2212,5438,Miguel Hidalgo,0.0,7.955732757130039,0.0,0.0,512.6837024456141,414470,-0.5352434899526878,0.0,0.0,-1.3067219880278793,-0.883078350056107,-0.5519378781861365,39
Molino del Rey,2026-04,2733,2133,4866,Miguel Hidalgo,0.0,7.955732757130039,0.0,0.0,512.6837024456141,414470,-0.5412897671635879,-0.29804219930138437,0.0,-1.3067219880278793,-0.883078350056107,-0.5996673466867942,40
Molino del Rey,2026-05,2577,2044,4621,Miguel Hidalgo,0.0,7.955732757130039,0.0,0.0,512.6837024456141,414470,-0.5449354436307708,0.0,0.0,-1.3067219880278793,-0.883078350056107,-0.556783855025178,41
Molino del Rey,2026-06,2347,2036,4383,Miguel Hidalgo,0.0,7.955732757130039,0.0,0.0,512.6837024456141,414470,-0.527269070670762,0.0,0.0,-1.3067219880278793,-0.883078350056107,-0.5479506685451736,42
Napoles,2023-01,13964,14232,28196,Benito Juarez,0.0,6.874044181937556,1.0,1.0,21044.856422728015,434153,0.7198375806527497,0.0,0.3363168726375907,-1.0267967990650997,0.9146087826792693,0.3309918359982959,1
Napoles,2023-02,14525,14600,29125,Benito Juarez,0.0,6.874044181937556,3.0,2.0,21044.856422728015,434153,0.6072319256961854,0.0,1.195481783090294,-1.0267967990650997,0.9146087826792693,0.3606054995652841,2
Napoles,2023-03,18727,18777,37504,Benito Juarez,0.0,6.874044181937556,6.0,4.0,21044.856422728015,434153,0.6678764682069511,0.0,1.3038724727478443,-1.0267967990650997,0.9146087826792693,0.40176683978642197,3
Napoles,2023-04,18617,18553,37170,Benito Juarez,0.0,6.874044181937556,4.0,1.0,21044.856422728015,434153,0.6740779969631349,0.0,1.3590041777373958,-1.0267967990650997,0.9146087826792693,0.410380774663469,4
Napoles,2023-05,21079,21421,42500,Benito Juarez,0.0,6.874044181937556,2.0,2.0,21044.856422728015,434153,0.6672072123923474,0.0,1.2397953938256114,-1.0267967990650997,0.9146087826792693,0.3950245039868968,5
Napoles,2023-06,21888,22297,44185,Benito Juarez,0.0,6.874044181937556,1.0,1.0,21044.856422728015,434153,0.649489430357326,0.0,0.2306418529438008,-1.0267967990650997,0.9146087826792693,0.28525025888120503,6
Napoles,2023-07,22003,22122,44125,Benito Juarez,0.0,6.874044181937556,1.0,1.0,21044.856422728015,434153,0.6661537270680394,0.0,-0.4329444585468293,-1.0267967990650997,0.9146087826792693,0.22722377608749877,7
Napoles,2023-08,24308,24267,48575,Benito Juarez,0.0,6.874044181937556,0.0,0.0,21044.856422728015,434153,0.665832908271449,0.0,-0.5755432216610669,-1.0267967990650997,0.9146087826792693,0.2128034903777798,8
Napoles,2023-09,23316,24287,47603,Benito Juarez,0.0,6.874044181937556,1.0,0.0,21044.856422728015,434153,0.5819852249345443,0.0,-0.1380719879957341,-1.0267967990650997,0.9146087826792693,0.21462677207586073,9
Napoles,2023-12,20824,21822,42646,Benito Juarez,0.0,6.874044181937556,2.0,2.0,21044.856422728015,434153,0.4689525638211688,0.0,0.9484068100713118,-1.0267967990650997,0.9146087826792693,0.26675832132587757,12
Napoles,2024-02,28190,28483,56673,Benito Juarez,0.0,6.874044181937556,0.0,0.0,21044.856422728015,434153,0.46056732660636107,0.0,-0.8014359479829826,-1.0267967990650997,0.9146087826792693,0.08758142691304426,14
Napoles,2024-07,29850,30485,60335,Benito Juarez,0.0,6.874044181937556,0.0,0.0,21044.856422728015,434153,0.47023027528791383,0.0,-0.6405475848094834,-1.0267967990650997,0.9146087826792693,0.10850173757117056,19
Napoles,2024-12,25370,25193,50563,Benito Juarez,0.0,6.874044181937556,0.0,0.0,21044.856422728015,434153,0.3715248574782952,0.0,-1.0655610226354273,-1.0267967990650997,0.9146087826792693,0.01664768488376686,24
Napoles,2025-01,27815,27555,55370,Benito Juarez,0.0,6.874044181937556,2.0,1.0,21044.856422728015,434153,0.39344278659988563,0.0,0.319576750636154,-1.0267967990650997,0.9146087826792693,0.1661204267717202,25
Napoles,2025-04,25987,25895,51882,Benito Juarez,1.0,6.874044181937556,1.0,1.0,21044.856422728015,434153,0.3735205782130918,1.49329165171173,0.32458837199061674,-1.0267967990650997,0.9146087826792693,0.38065423247052904,28
Napoles,2025-06,22126,22930,45056,Benito Juarez,0.0,6.874044181937556,0.0,0.0,21044.856422728015,434153,0.3321160794500228,0.0,-0.4173499241975349,-1.0267967990650997,0.9146087826792693,0.06176440571341989,30
Napoles,2025-07,24186,24728,48914,Benito Juarez,0.0,6.874044181937556,0.0,0.0,21044.856422728015,434153,0.3646078888751962,0.0,-0.4173499241975349,-1.0267967990650997,0.9146087826792693,0.07801031042600658,31
Napoles,2025-08,23602,24083,47685,Benito Juarez,0.0,6.874044181937556,3.0,3.0,21044.856422728015,434153,0.37017812555760193,0.0,1.325719033255323,-1.0267967990650997,0.9146087826792693,0.25510232451249526,32
Napoles,2025-11,22636,23256,45892,Benito Juarez,0.0,6.874044181937556,1.0,0.0,21044.856422728015,434153,0.33936885836690095,0.0,0.08481804013968136,-1.0267967990650997,0.9146087826792693,0.1156075916055806,35
Napoles,2025-12,20339,20876,41215,Benito Juarez,0.0,6.874044181937556,0.0,0.0,21044.856422728015,434153,0.33363101911126963,0.0,-0.8021786763538865,-1.0267967990650997,0.9146087826792693,0.02403900032840814,36
Napoles,2026-02,22372,22493,44865,Benito Juarez,0.0,6.874044181937556,0.0,0.0,21044.856422728015,434153,0.36898554326162,0.0,0.0,-1.0267967990650997,0.9146087826792693,0.12193413003897197,38
Napoles,2026-03,24273,24647,48920,Benito Juarez,0.0,6.874044181937556,0.0,0.0,21044.856422728015,434153,0.37866904381015304,0.0,0.0,-1.0267967990650997,0.9146087826792693,0.1267758803132385,39
Napoles,2026-04,23973,23891,47864,Benito Juarez,2.0,6.874044181937556,0.0,0.0,21044.856422728015,434153,0.3920369636308231,1.3804059757116751,0.0,-1.0267967990650997,0.9146087826792693,0.3405207365803248,40
Napoles,2026-05,24047,24168,48215,Benito Juarez,0.0,6.874044181937556,0.0,0.0,21044.856422728015,434153,0.3840691756832769,0.0,0.0,-1.0267967990650997,0.9146087826792693,0.12947594624980044,41
Napoles,2026-06,20972,21393,42365,Benito Juarez,0.0,6.874044181937556,0.0,0.0,21044.856422728015,434153,0.3234177443010327,0.0,0.0,-1.0267967990650997,0.9146087826792693,0.09915023055867833,42
Narvarte,2023-01,0,0,0,Benito Juarez,0.0,8.827615638051679,1.0,1.0,49304.1456234127,434153,-0.4578108992635074,0.0,0.3363168726375907,-1.5323525306745676,3.388840870457065,-0.08624255492347316,1
Narvarte,2023-02,0,0,0,Benito Juarez,0.0,8.827615638051679,3.0,2.0,49304.1456234127,434153,-0.4520498443994171,0.0,1.195481783090294,-1.5323525306745676,3.388840870457065,0.002554463553842312,2
Narvarte,2023-03,0,0,0,Benito Juarez,0.0,8.827615638051679,6.0,4.0,49304.1456234127,434153,-0.4596991731454731,0.0,1.3038724727478443,-1.5323525306745676,3.388840870457065,0.009568868146569376,3
Narvarte,2023-04,0,0,0,Benito Juarez,0.0,8.827615638051679,4.0,1.0,49304.1456234127,434153,-0.46674837447246836,0.0,1.3590041777373958,-1.5323525306745676,3.388840870457065,0.011557437982026852,4
Narvarte,2023-05,0,0,0,Benito Juarez,0.0,8.827615638051679,2.0,2.0,49304.1456234127,434153,-0.4746345614744004,0.0,1.2397953938256114,-1.5323525306745676,3.388840870457065,-0.004306533910117649,5
Narvarte,2023-06,0,0,0,Benito Juarez,0.0,8.827615638051679,1.0,1.0,49304.1456234127,434153,-0.48450335550919055,0.0,0.2306418529438008,-1.5323525306745676,3.388840870457065,-0.11015628501569374,6
Narvarte,2023-07,0,0,0,Benito Juarez,0.0,8.827615638051679,1.0,1.0,49304.1456234127,434153,-0.48931710150558577,0.0,-0.4329444585468293,-1.5323525306745676,3.388840870457065,-0.17892178916295437,7
Narvarte,2023-08,0,0,0,Benito Juarez,0.0,8.827615638051679,0.0,0.0,49304.1456234127,434153,-0.49578786605561137,0.0,-0.5755432216610669,-1.5323525306745676,3.388840870457065,-0.1964170477493909,8
Narvarte,2023-09,3150,3314,6464,Benito Juarez,0.0,8.827615638051679,1.0,0.0,49304.1456234127,434153,-0.36183626347938364,0.0,-0.1380719879957341,-1.5323525306745676,3.388840870457065,-0.08569412309474378,9
Narvarte,2023-12,10806,11038,21844,Benito Juarez,0.0,8.827615638051679,2.0,2.0,49304.1456234127,434153,-0.026406678898440072,0.0,0.9484068100713118,-1.5323525306745676,3.388840870457065,0.19066854900243257,12
Narvarte,2024-02,20840,21831,42671,Benito Juarez,0.0,8.827615638051679,0.0,0.0,49304.1456234127,434153,0.2016671879075536,0.0,-0.8014359479829826,-1.5323525306745676,3.388840870457065,0.12972120659999997,14
Narvarte,2024-07,25100,25827,50927,Benito Juarez,0.0,8.827615638051679,0.0,0.0,49304.1456234127,434153,0.301448923668193,0.0,-0.6405475848094834,-1.5323525306745676,3.388840870457065,0.1957009107976696,19
Narvarte,2024-12,23460,24172,47632,Benito Juarez,0.0,8.827615638051679,0.0,0.0,49304.1456234127,434153,0.3146587967628456,0.0,-1.0655610226354273,-1.5323525306745676,3.388840870457065,0.1598045035624015,24
Narvarte,2025-01,24957,26130,51087,Benito Juarez,0.0,8.827615638051679,2.0,1.0,49304.1456234127,434153,0.3152209851312229,0.0,0.319576750636154,-1.5323525306745676,3.388840870457065,0.2985993750737483,25
Narvarte,2025-04,24649,25371,50020,Benito Juarez,0.0,8.827615638051679,1.0,1.0,49304.1456234127,434153,0.3380197033664828,-0.15394759295997215,0.32458837199061674,-1.5323525306745676,3.388840870457065,0.2874077573828287,28
Narvarte,2025-06,22504,23091,45595,Benito Juarez,0.0,8.827615638051679,0.0,0.0,49304.1456234127,434153,0.343630822747736,0.0,-0.4173499241975349,-1.5323525306745676,3.388840870457065,0.23911162639863592,30
Narvarte,2025-07,25517,25352,50869,Benito Juarez,0.0,8.827615638051679,0.0,0.0,49304.1456234127,434153,0.40462254800225483,0.0,-0.4173499241975349,-1.5323525306745676,3.388840870457065,0.2696074890258954,31
Narvarte,2025-08,24625,24557,49182,Benito Juarez,0.0,8.827615638051679,3.0,3.0,49304.1456234127,434153,0.4017111666343144,0.0,1.325719033255323,-1.5323525306745676,3.388840870457065,0.44245869408721095,32
Narvarte,2025-11,23779,24194,47973,Benito Juarez,0.0,8.827615638051679,1.0,0.0,49304.1456234127,434153,0.3835845198009842,0.0,0.08481804013968136,-1.5323525306745676,3.388840870457065,0.30930527135898167,35
Narvarte,2025-12,21638,22160,43798,Benito Juarez,0.0,8.827615638051679,0.0,0.0,49304.1456234127,434153,0.39429840820407536,0.0,-0.8021786763538865,-1.5323525306745676,3.388840870457065,0.22596254391117046,36
Narvarte,2026-02,23637,24099,47736,Benito Juarez,0.0,8.827615638051679,0.0,0.0,49304.1456234127,434153,0.4340039770507216,0.0,0.0,-1.5323525306745676,3.388840870457065,0.32603319596988223,38
Narvarte,2026-03,25236,25754,50990,Benito Juarez,0.0,8.827615638051679,0.0,0.0,49304.1456234127,434153,0.4221766778860713,0.0,0.0,-1.5323525306745676,3.388840870457065,0.32011954638755713,39
Narvarte,2026-04,24602,24830,49432,Benito Juarez,0.0,8.827615638051679,0.0,0.0,49304.1456234127,434153,0.426072414439829,-0.29804219930138437,0.0,-1.5323525306745676,3.388840870457065,0.27736108476922827,40
Narvarte,2026-05,25751,25616,51367,Benito Juarez,0.0,8.827615638051679,0.0,0.0,49304.1456234127,434153,0.45123948719582174,0.0,0.0,-1.5323525306745676,3.388840870457065,0.3346509510424323,41
Narvarte,2026-06,22887,23032,45919,Benito Juarez,0.0,8.827615638051679,0.0,0.0,49304.1456234127,434153,0.4030170529316935,0.0,0.0,-1.5323525306745676,3.388840870457065,0.31053973391036815,42
Narvarte Poniente,2023-01,12842,14073,26915,Benito Juarez,0.0,,1.0,1.0,,434153,0.6663346829802881,0.0,0.3363168726375907,0.0,0.0,0.36679902875390313,1
Narvarte Poniente,2023-02,13283,14539,27822,Benito Juarez,0.0,,3.0,2.0,,434153,0.5598415687370586,0.0,1.195481783090294,0.0,0.0,0.3994689626775587,2
Narvarte Poniente,2023-03,17102,18639,35741,Benito Juarez,0.0,,6.0,4.0,,434153,0.6148710326346302,0.0,1.3038724727478443,0.0,0.0,0.4378227635920995,3
Narvarte Poniente,2023-04,19786,21322,41108,Benito Juarez,0.0,,4.0,1.0,,434153,0.7949435942381794,0.0,1.3590041777373958,0.0,0.0,0.5333722148928293,4
Narvarte Poniente,2023-05,22946,24828,47774,Benito Juarez,0.0,,2.0,2.0,,434153,0.8089030598128939,0.0,1.2397953938256114,0.0,0.0,0.5284310692890081,5
Narvarte Poniente,2023-06,25298,27068,52366,Benito Juarez,0.0,,1.0,1.0,,434153,0.8594519737809759,0.0,0.2306418529438008,0.0,0.0,0.45279017218486806,6
Narvarte Poniente,2023-07,24939,26563,51502,Benito Juarez,0.0,,1.0,1.0,,434153,0.8593301191901387,0.0,-0.4329444585468293,0.0,0.0,0.3863706137403864,7
Narvarte Poniente,2023-08,26716,29042,55758,Benito Juarez,0.0,,0.0,0.0,,434153,0.8376069076948413,0.0,-0.5755432216610669,0.0,0.0,0.36124913168131395,8
Narvarte Poniente,2023-09,27740,28975,56715,Benito Juarez,0.0,,1.0,0.0,,434153,0.7910350657772413,0.0,-0.1380719879957341,0.0,0.0,0.3817103340890472,9
Narvarte Poniente,2023-12,25944,26600,52544,Benito Juarez,0.0,,2.0,2.0,,434153,0.7046542167602462,0.0,0.9484068100713118,0.0,0.0,0.44716778938725427,12
Narvarte Poniente,2024-02,33619,33435,67054,Benito Juarez,0.0,,0.0,0.0,,434153,0.6525143584469781,0.0,-0.8014359479829826,0.0,0.0,0.24611358442519082,14
Narvarte Poniente,2024-07,33404,32930,66334,Benito Juarez,0.0,,0.0,0.0,,434153,0.5778535032180484,0.0,-0.6405475848094834,0.0,0.0,0.22487199312807588,19
Narvarte Poniente,2024-12,31116,31098,62214,Benito Juarez,0.0,,0.0,0.0,,434153,0.5975727842594974,0.0,-1.0655610226354273,0.0,0.0,0.192230289866206,24
Narvarte Poniente,2025-01,33000,32670,65670,Benito Juarez,0.0,,2.0,1.0,,434153,0.5815549871899455,0.0,0.319576750636154,0.0,0.0,0.32273516865858815,25
Narvarte Poniente,2025-04,31971,30303,62274,Benito Juarez,0.0,,1.0,1.0,,434153,0.5716543544783766,-0.15394759295997215,0.32458837199061674,0.0,0.0,0.2951938754942542,28
Narvarte Poniente,2025-06,29022,27869,56891,Benito Juarez,0.0,,0.0,0.0,,434153,0.5849490793172496,0.0,-0.4173499241975349,0.0,0.0,0.2507395472388713,30
Narvarte Poniente,2025-07,29876,29420,59296,Benito Juarez,0.0,,0.0,0.0,,434153,0.5771051733033921,0.0,-0.4173499241975349,0.0,0.0,0.24681759423194255,31
Narvarte Poniente,2025-08,29207,28782,57989,Benito Juarez,0.0,,3.0,3.0,,434153,0.5872231858478123,0.0,1.325719033255323,0.0,0.0,0.42618349624943846,32
Narvarte Poniente,2025-11,28933,28020,56953,Benito Juarez,0.0,,1.0,0.0,,434153,0.5743854038365764,0.0,0.08481804013968136,0.0,0.0,0.29567450593225636,35
Narvarte Poniente,2025-12,26579,26071,52650,Benito Juarez,0.0,,0.0,0.0,,434153,0.6022069363688126,0.0,-0.8021786763538865,0.0,0.0,0.22088560054901765,36
Narvarte Poniente,2026-02,27665,27013,54678,Benito Juarez,0.0,,0.0,0.0,,434153,0.5912167835167416,0.0,0.0,0.0,0.0,0.2956083917583708,38
Narvarte Poniente,2026-03,29733,28844,58577,Benito Juarez,0.0,,0.0,0.0,,434153,0.5816416149556328,0.0,0.0,0.0,0.0,0.2908208074778164,39
Narvarte Poniente,2026-04,28982,27974,56956,Benito Juarez,0.0,,0.0,0.0,,434153,0.5893904832452885,-0.29804219930138437,0.0,0.0,0.0,0.24998891172743662,40
Narvarte Poniente,2026-05,30202,29355,59557,Benito Juarez,0.0,,0.0,0.0,,434153,0.625771483162745,0.0,0.0,0.0,0.0,0.3128857415813725,41
Narvarte Poniente,2026-06,26398,25433,51831,Benito Juarez,0.0,,0.0,0.0,,434153,0.5354287334675591,0.0,0.0,0.0,0.0,0.2677143667337796,42
Nextitla,2023-01,0,0,0,Miguel Hidalgo,0.0,0.0,0.0,0.0,1267.4761951362534,414470,-0.4578108992635074,0.0,-1.1031193422512973,0.7521053366304337,-0.8169927598713504,-0.3081008593494534,1
Nextitla,2023-02,0,0,0,Miguel Hidalgo,0.0,0.0,1.0,1.0,1267.4761951362534,414470,-0.4520498443994171,0.0,-0.6719131189631579,0.7521053366304337,-0.8169927598713504,-0.26209970958859435,2
Nextitla,2023-03,0,0,0,Miguel Hidalgo,0.0,0.0,2.0,2.0,1267.4761951362534,414470,-0.4596991731454731,0.0,-0.407960098835215,0.7521053366304337,-0.8169927598713504,-0.23952907194882805,3
Nextitla,2023-04,0,0,0,Miguel Hidalgo,0.0,0.0,0.0,0.0,1267.4761951362534,414470,-0.46674837447246836,0.0,-0.7638198663195582,0.7521053366304337,-0.8169927598713504,-0.27863964936076,4
Nextitla,2023-05,0,0,0,Miguel Hidalgo,0.0,0.0,0.0,0.0,1267.4761951362534,414470,-0.4746345614744004,0.0,-1.0086471000615145,0.7521053366304337,-0.8169927598713504,-0.3070654662359217,5
Nextitla,2023-06,269,267,536,Miguel Hidalgo,0.0,0.0,1.0,1.0,1267.4761951362534,414470,-0.4707471003722786,0.0,0.2306418529438008,0.7521053366304337,-0.8169927598713504,-0.18119284038432926,6
Nextitla,2023-07,463,401,864,Miguel Hidalgo,0.0,0.0,1.0,1.0,1267.4761951362534,414470,-0.466692131627113,0.0,-0.4329444585468293,0.7521053366304337,-0.8169927598713504,-0.24552398716080942,7
Nextitla,2023-08,732,625,1357,Miguel Hidalgo,0.0,0.0,1.0,1.0,1267.4761951362534,414470,-0.46333661766113227,0.0,0.0,0.7521053366304337,-0.8169927598713504,-0.20055178432313614,8
Nextitla,2023-09,897,795,1692,Miguel Hidalgo,0.0,0.0,0.0,0.0,1267.4761951362534,414470,-0.47131671129559854,0.0,-0.8767571237729115,0.7521053366304337,-0.8169927598713504,-0.29221754351766044,9
Nextitla,2023-12,1311,1265,2576,Miguel Hidalgo,0.0,0.0,1.0,1.0,1267.4761951362534,414470,-0.48523668989360513,0.0,-0.48088232623334126,0.7521053366304337,-0.8169927598713504,-0.2595900530627067,12
Nextitla,2024-02,2327,2255,4582,Miguel Hidalgo,0.0,0.0,1.0,1.0,1267.4761951362534,414470,-0.5026070145563,0.0,0.17303730695087127,0.7521053366304337,-0.8169927598713504,-0.20288325207563285,14
Nextitla,2024-07,2857,2819,5676,Miguel Hidalgo,0.0,0.0,0.0,0.0,1267.4761951362534,414470,-0.5103628261345269,0.0,-0.6405475848094834,0.7521053366304337,-0.8169927598713504,-0.2881196470407818,19
Nextitla,2024-12,2268,2296,4564,Miguel Hidalgo,0.0,0.0,1.0,1.0,1267.4761951362534,414470,-0.5209288876086946,0.0,0.35962684513945675,0.7521053366304337,-0.8169927598713504,-0.19338523478297162,24
Nextitla,2025-01,2750,2749,5499,Miguel Hidalgo,0.0,0.0,0.0,0.0,1267.4761951362534,414470,-0.5173672673444709,0.0,-0.8202469932994618,0.7521053366304337,-0.8169927598713504,-0.30959180849475165,25
Nextitla,2025-04,2753,2550,5303,Miguel Hidalgo,0.0,0.0,0.0,0.0,1267.4761951362534,414470,-0.5145542066849744,-0.15394759295997215,-1.1225347864675495,0.7521053366304337,-0.8169927598713504,-0.361506196425808,28
Nextitla,2025-06,2551,2396,4947,Miguel Hidalgo,0.0,0.0,0.0,0.0,1267.4761951362534,414470,-0.5247389092846284,0.0,-0.4173499241975349,0.7521053366304337,-0.8169927598713504,-0.2729879225546377,30
Nextitla,2025-07,2574,2557,5131,Miguel Hidalgo,0.0,0.0,0.0,0.0,1267.4761951362534,414470,-0.5315362648639388,0.0,-0.4173499241975349,0.7521053366304337,-0.8169927598713504,-0.2763866003442929,31
Nextitla,2025-08,2433,2367,4800,Miguel Hidalgo,0.0,0.0,0.0,0.0,1267.4761951362534,414470,-0.5331581914596408,0.0,-0.8678676145537424,0.7521053366304337,-0.8169927598713504,-0.3222493326777647,32
Nextitla,2025-11,2601,2439,5040,Miguel Hidalgo,0.0,0.0,0.0,0.0,1267.4761951362534,414470,-0.5286264327936796,0.0,-0.9235742148543081,0.7521053366304337,-0.8169927598713504,-0.32555411337484064,35
Nextitla,2025-12,2201,2072,4273,Miguel Hidalgo,0.0,0.0,3.0,2.0,1267.4761951362534,414470,-0.5340324295400772,0.0,0.9736789450916139,0.7521053366304337,-0.8169927598713504,-0.13853179575344723,36
Nextitla,2026-02,2746,2587,5333,Miguel Hidalgo,0.0,0.0,0.0,0.0,1267.4761951362534,414470,-0.5262804701660238,0.0,0.0,0.7521053366304337,-0.8169927598713504,-0.23202371057558188,38
Nextitla,2026-03,3303,3075,6378,Miguel Hidalgo,0.0,0.0,0.0,0.0,1267.4761951362534,414470,-0.515486400082464,0.0,0.0,0.7521053366304337,-0.8169927598713504,-0.22662667553380203,39
Nextitla,2026-04,3076,2777,5853,Miguel Hidalgo,0.0,0.0,0.0,0.0,1267.4761951362534,414470,-0.5198656664311333,-0.29804219930138437,0.0,0.7521053366304337,-0.8169927598713504,-0.27352263860334436,40
Nextitla,2026-05,3003,2907,5910,Miguel Hidalgo,0.0,0.0,0.0,0.0,1267.4761951362534,414470,-0.517466366365647,0.0,0.0,0.7521053366304337,-0.8169927598713504,-0.22761665867539352,41
Nextitla,2026-06,2621,2474,5095,Miguel Hidalgo,0.0,0.0,0.0,0.0,1267.4761951362534,414470,-0.5113223324194872,0.0,0.0,0.7521053366304337,-0.8169927598713504,-0.2245446417023136,42
Niños Heroes de Chapultepec,2023-01,0,0,0,Benito Juarez,0.0,0.946962165153755,1.0,1.0,10997.120795317016,434153,-0.4578108992635074,0.0,0.3363168726375907,0.5070453728843084,0.03488283761741949,-0.11572867267360643,1
Niños Heroes de Chapultepec,2023-02,0,0,0,Benito Juarez,0.0,0.946962165153755,3.0,2.0,10997.120795317016,434153,-0.4520498443994171,0.0,1.195481783090294,0.5070453728843084,0.03488283761741949,-0.026931654196290948,2
Niños Heroes de Chapultepec,2023-03,0,0,0,Benito Juarez,0.0,0.946962165153755,6.0,4.0,10997.120795317016,434153,-0.4596991731454731,0.0,1.3038724727478443,0.5070453728843084,0.03488283761741949,-0.019917249603563898,3
Niños Heroes de Chapultepec,2023-04,0,0,0,Benito Juarez,0.0,0.946962165153755,4.0,1.0,10997.120795317016,434153,-0.46674837447246836,0.0,1.3590041777373958,0.5070453728843084,0.03488283761741949,-0.017928679768106366,4
Niños Heroes de Chapultepec,2023-05,0,0,0,Benito Juarez,0.0,0.946962165153755,2.0,2.0,10997.120795317016,434153,-0.4746345614744004,0.0,1.2397953938256114,0.5070453728843084,0.03488283761741949,-0.03379265166025087,5
Niños Heroes de Chapultepec,2023-06,0,0,0,Benito Juarez,0.0,0.946962165153755,1.0,1.0,10997.120795317016,434153,-0.48450335550919055,0.0,0.2306418529438008,0.5070453728843084,0.03488283761741949,-0.13964240276582698,6
Niños Heroes de Chapultepec,2023-07,0,0,0,Benito Juarez,0.0,0.946962165153755,1.0,1.0,10997.120795317016,434153,-0.48931710150558577,0.0,-0.4329444585468293,0.5070453728843084,0.03488283761741949,-0.20840790691308758,7
Niños Heroes de Chapultepec,2023-08,0,0,0,Benito Juarez,0.0,0.946962165153755,0.0,0.0,10997.120795317016,434153,-0.49578786605561137,0.0,-0.5755432216610669,0.5070453728843084,0.03488283761741949,-0.22590316549952413,8
Niños Heroes de Chapultepec,2023-09,371,407,778,Benito Juarez,0.0,0.946962165153755,1.0,0.0,10997.120795317016,434153,-0.4922859336979499,0.0,-0.1380719879957341,0.5070453728843084,0.03488283761741949,-0.1804050759541601,9
Niños Heroes de Chapultepec,2023-12,1574,1589,3163,Benito Juarez,0.0,0.946962165153755,2.0,2.0,10997.120795317016,434153,-0.4712584245596752,0.0,0.9484068100713118,0.5070453728843084,0.03488283761741949,-0.0612434415783182,12
Niños Heroes de Chapultepec,2024-02,2678,3108,5786,Benito Juarez,0.0,0.946962165153755,0.0,0.0,10997.120795317016,434153,-0.48034478294700383,0.0,-0.8014359479829826,0.5070453728843084,0.03488283761741949,-0.24077089657741194,14
Niños Heroes de Chapultepec,2024-07,3048,3487,6535,Benito Juarez,0.0,0.946962165153755,0.0,0.0,10997.120795317016,434153,-0.49495219889798986,0.0,-0.6405475848094834,0.5070453728843084,0.03488283761741949,-0.23198576823555503,19
Niños Heroes de Chapultepec,2024-12,2796,3264,6060,Benito Juarez,0.0,0.946962165153755,0.0,0.0,10997.120795317016,434153,-0.49190410875154256,0.0,-1.0655610226354273,0.5070453728843084,0.03488283761741949,-0.27296306694492584,24
Niños Heroes de Chapultepec,2025-01,2786,3291,6077,Benito Juarez,0.0,0.946962165153755,2.0,1.0,10997.120795317016,434153,-0.5068110681268928,0.0,0.319576750636154,0.5070453728843084,0.03488283761741949,-0.1419027693054428,25
Niños Heroes de Chapultepec,2025-04,3091,3609,6700,Benito Juarez,0.0,0.946962165153755,1.0,1.0,10997.120795317016,434153,-0.48791901755462386,-0.15394759295997215,0.32458837199061674,0.5070453728843084,0.03488283761741949,-0.15504772082785787,28
Niños Heroes de Chapultepec,2025-06,2972,3300,6272,Benito Juarez,0.0,0.946962165153755,0.0,0.0,10997.120795317016,434153,-0.4964327221427547,0.0,-0.4173499241975349,0.5070453728843084,0.03488283761741949,-0.21040626379674263,30
Niños Heroes de Chapultepec,2025-07,3280,3534,6814,Benito Juarez,0.0,0.946962165153755,0.0,0.0,10997.120795317016,434153,-0.4970888626589057,0.0,-0.4173499241975349,0.5070453728843084,0.03488283761741949,-0.2107343340548181,31
Niños Heroes de Chapultepec,2025-08,3233,3526,6759,Benito Juarez,0.0,0.946962165153755,3.0,3.0,10997.120795317016,434153,-0.491893510451438,0.0,1.325719033255323,0.5070453728843084,0.03488283761741949,-0.033829762205798454,32
Niños Heroes de Chapultepec,2025-11,2952,3492,6444,Benito Juarez,0.0,0.946962165153755,1.0,0.0,10997.120795317016,434153,-0.4987952032629478,0.0,0.08481804013968136,0.5070453728843084,0.03488283761741949,-0.16137070792311756,35
Niños Heroes de Chapultepec,2025-12,3005,3428,6433,Benito Juarez,0.0,0.946962165153755,0.0,0.0,10997.120795317016,434153,-0.4833001181035847,0.0,-0.8021786763538865,0.5070453728843084,0.03488283761741949,-0.24232283699279278,36
Niños Heroes de Chapultepec,2026-02,2746,3172,5918,Benito Juarez,0.0,0.946962165153755,0.0,0.0,10997.120795317016,434153,-0.513032199958213,0.0,0.0,0.5070453728843084,0.03488283761741949,-0.17697101028471832,38
Niños Heroes de Chapultepec,2026-03,3293,3798,7091,Benito Juarez,0.0,0.946962165153755,0.0,0.0,10997.120795317016,434153,-0.5005004372340921,0.0,0.0,0.5070453728843084,0.03488283761741949,-0.17070512892265785,39
Niños Heroes de Chapultepec,2026-04,3066,3580,6646,Benito Juarez,0.0,0.946962165153755,0.0,0.0,10997.120795317016,434153,-0.5026525844849971,-0.29804219930138437,0.0,0.5070453728843084,0.03488283761741949,-0.216487532443318,40
Niños Heroes de Chapultepec,2026-05,3202,3611,6813,Benito Juarez,0.0,0.946962165153755,0.0,0.0,10997.120795317016,434153,-0.4982230950154478,0.0,0.0,0.5070453728843084,0.03488283761741949,-0.1695664578133357,41
Niños Heroes de Chapultepec,2026-06,2789,3162,5951,Benito Juarez,0.0,0.946962165153755,0.0,0.0,10997.120795317016,434153,-0.49215041115110075,0.0,0.0,0.5070453728843084,0.03488283761741949,-0.16653011588116215,42
Noche Buena,2023-01,3090,2881,5971,Benito Juarez,0.0,0.7990986847027288,1.0,1.0,1823.02535011251,434153,-0.20842307568640525,0.0,0.3363168726375907,0.5453102798595739,-0.7683518497685304,-0.06561849357736052,1
Noche Buena,2023-02,3223,3142,6365,Benito Juarez,0.0,0.7990986847027288,3.0,2.0,1823.02535011251,434153,-0.22055358803345967,0.0,1.195481783090294,0.5453102798595739,-0.7683518497685304,0.014232741294382609,2
Noche Buena,2023-03,3285,3272,6557,Benito Juarez,0.0,0.7990986847027288,6.0,4.0,1823.02535011251,434153,-0.26255984186486714,0.0,1.3038724727478443,0.5453102798595739,-0.7683518497685304,0.0040686833444339016,3
Noche Buena,2023-04,2153,2011,4164,Benito Juarez,0.0,0.7990986847027288,4.0,1.0,1823.02535011251,434153,-0.3389463564294807,0.0,1.3590041777373958,0.5453102798595739,-0.7683518497685304,-0.0286114034389177,4
Noche Buena,2023-05,2311,2247,4558,Benito Juarez,0.0,0.7990986847027288,2.0,2.0,1823.02535011251,434153,-0.35217538958535016,0.0,1.2397953938256114,0.5453102798595739,-0.7683518497685304,-0.04714679840803089,5
Noche Buena,2023-06,2397,2259,4656,Benito Juarez,0.0,0.7990986847027288,1.0,1.0,1823.02535011251,434153,-0.3650087213348214,0.0,0.2306418529438008,0.5453102798595739,-0.7683518497685304,-0.15447881837094757,6
Noche Buena,2023-07,2294,2158,4452,Benito Juarez,0.0,0.7990986847027288,1.0,1.0,1823.02535011251,434153,-0.37273565949289955,0.0,-0.4329444585468293,0.5453102798595739,-0.7683518497685304,-0.22470091859904967,7
Noche Buena,2023-08,2361,2310,4671,Benito Juarez,0.0,0.7990986847027288,0.0,0.0,1823.02535011251,434153,-0.3840857428053448,0.0,-0.5755432216610669,0.5453102798595739,-0.7683518497685304,-0.24463583656669605,8
Noche Buena,2023-09,2359,2250,4609,Benito Juarez,0.0,0.7990986847027288,1.0,0.0,1823.02535011251,434153,-0.4043941492084446,0.0,-0.1380719879957341,0.5453102798595739,-0.7683518497685304,-0.21104291640171266,9
Noche Buena,2023-12,2147,2029,4176,Benito Juarez,0.0,0.7990986847027288,2.0,2.0,1823.02535011251,434153,-0.44713579630878764,0.0,0.9484068100713118,0.5453102798595739,-0.7683518497685304,-0.12376586014517958,12
Noche Buena,2024-02,3091,2785,5876,Benito Juarez,0.0,0.7990986847027288,0.0,0.0,1823.02535011251,434153,-0.47868066264398335,0.0,-0.8014359479829826,0.5453102798595739,-0.7683518497685304,-0.31452256911820686,14
Noche Buena,2024-07,2956,2743,5699,Benito Juarez,0.0,0.7990986847027288,0.0,0.0,1823.02535011251,434153,-0.509950201656715,0.0,-0.6405475848094834,0.5453102798595739,-0.7683518497685304,-0.3140685023072228,19
Noche Buena,2024-12,2467,2326,4793,Benito Juarez,0.0,0.7990986847027288,0.0,0.0,1823.02535011251,434153,-0.5164859234654541,0.0,-1.0655610226354273,0.5453102798595739,-0.7683518497685304,-0.3598377069941867,24
Noche Buena,2025-01,2769,2605,5374,Benito Juarez,0.0,0.7990986847027288,2.0,1.0,1823.02535011251,434153,-0.5196501824001756,0.0,0.319576750636154,0.5453102798595739,-0.7683518497685304,-0.22290605913438932,25
Noche Buena,2025-04,2505,2470,4975,Benito Juarez,0.0,0.7990986847027288,1.0,1.0,1823.02535011251,434153,-0.5208078516633244,-0.15394759295997215,0.32458837199061674,0.5453102798595739,-0.7683518497685304,-0.2460758705745133,28
Noche Buena,2025-06,2328,2268,4596,Benito Juarez,0.0,0.7990986847027288,0.0,0.0,1823.02535011251,434153,-0.5322373784822115,0.0,-0.4173499241975349,0.5453102798595739,-0.7683518497685304,-0.3028923246587762,30
Noche Buena,2025-07,2484,2523,5007,Benito Juarez,0.0,0.7990986847027288,0.0,0.0,1823.02535011251,434153,-0.5340742790489799,0.0,-0.4173499241975349,0.5453102798595739,-0.7683518497685304,-0.30381077494216036,31
Noche Buena,2025-08,2520,2525,5045,Benito Juarez,0.0,0.7990986847027288,3.0,3.0,1823.02535011251,434153,-0.5279974733141535,0.0,1.325719033255323,0.5453102798595739,-0.7683518497685304,-0.12646547632946137,32
Noche Buena,2025-11,2693,2613,5306,Benito Juarez,0.0,0.7990986847027288,1.0,0.0,1823.02535011251,434153,-0.5229746471418457,0.0,0.08481804013968136,0.5453102798595739,-0.7683518497685304,-0.24804416255487166,35
Noche Buena,2025-12,2417,2350,4767,Benito Juarez,0.0,0.7990986847027288,0.0,0.0,1823.02535011251,434153,-0.5224297620171017,0.0,-0.8021786763538865,0.5453102798595739,-0.7683518497685304,-0.33647139164185647,36
Noche Buena,2026-02,2538,2382,4920,Benito Juarez,0.0,0.7990986847027288,0.0,0.0,1823.02535011251,434153,-0.5356335224665807,0.0,0.0,0.5453102798595739,-0.7683518497685304,-0.2628554042312073,38
Noche Buena,2026-03,2743,2673,5416,Benito Juarez,0.0,0.7990986847027288,0.0,0.0,1823.02535011251,434153,-0.5357058899283739,0.0,0.0,0.5453102798595739,-0.7683518497685304,-0.2628915879621039,39
Noche Buena,2026-04,2507,2512,5019,Benito Juarez,0.0,0.7990986847027288,0.0,0.0,1823.02535011251,434153,-0.5379687059558214,-0.29804219930138437,0.0,0.5453102798595739,-0.7683518497685304,-0.3087293258710353,40
Noche Buena,2026-05,2397,2462,4859,Benito Juarez,0.0,0.7990986847027288,0.0,0.0,1823.02535011251,434153,-0.5398635736625013,0.0,0.0,0.5453102798595739,-0.7683518497685304,-0.2649704298291676,41
Noche Buena,2026-06,2187,2215,4402,Benito Juarez,0.0,0.7990986847027288,0.0,0.0,1823.02535011251,434153,-0.5268435256893376,0.0,0.0,0.5453102798595739,-0.7683518497685304,-0.2584604058425857,42
Nonoalco,2023-01,1590,1576,3166,Benito Juarez,0.0,0.973158678886878,1.0,1.0,9322.714911440162,434153,-0.3255781326506946,0.0,0.3363168726375907,0.5002660981234507,-0.11171917832258789,-0.0652893821753294,1
Nonoalco,2023-02,1570,1602,3172,Benito Juarez,0.0,0.973158678886878,3.0,2.0,9322.714911440162,434153,-0.3366836032065158,0.0,1.195481783090294,0.5002660981234507,-0.11171917832258789,0.01507437359203032,2
Nonoalco,2023-03,1945,1950,3895,Benito Juarez,0.0,0.973158678886878,6.0,4.0,9322.714911440162,434153,-0.34259414106708963,0.0,1.3038724727478443,0.5002660981234507,-0.11171917832258789,0.02295817362749843,3
Nonoalco,2023-04,2045,1897,3942,Benito Juarez,0.0,0.973158678886878,4.0,1.0,9322.714911440162,434153,-0.3457600086882567,0.0,1.3590041777373958,0.5002660981234507,-0.11171917832258789,0.02688841031587007,4
Nonoalco,2023-05,2496,2323,4819,Benito Juarez,0.0,0.973158678886878,2.0,2.0,9322.714911440162,434153,-0.34516313775054497,0.0,1.2397953938256114,0.5002660981234507,-0.11171917832258789,0.015265967393547481,5
Nonoalco,2023-06,2559,2491,5050,Benito Juarez,0.0,0.973158678886878,1.0,1.0,9322.714911440162,434153,-0.35489684722298687,0.0,0.2306418529438008,0.5002660981234507,-0.11171917832258789,-0.09051624143085454,6
Nonoalco,2023-07,2511,2463,4974,Benito Juarez,0.0,0.973158678886878,1.0,1.0,9322.714911440162,434153,-0.3590664068579889,0.0,-0.4329444585468293,0.5002660981234507,-0.11171917832258789,-0.15895965239741858,7
Nonoalco,2023-08,2766,2597,5363,Benito Juarez,0.0,0.973158678886878,0.0,0.0,9322.714911440162,434153,-0.3675372801016016,0.0,-0.5755432216610669,0.5002660981234507,-0.11171917832258789,-0.17745496533064867,8
Nonoalco,2023-09,3037,2873,5910,Benito Juarez,0.0,0.973158678886878,1.0,0.0,9322.714911440162,434153,-0.37454627355695763,0.0,-0.1380719879957341,0.5002660981234507,-0.11171917832258789,-0.13721233869179342,9
Nonoalco,2023-12,2848,2626,5474,Benito Juarez,0.0,0.973158678886878,2.0,2.0,9322.714911440162,434153,-0.4162264463881044,0.0,0.9484068100713118,0.5002660981234507,-0.11171917832258789,-0.049404545300662225,12
Nonoalco,2024-02,3776,3753,7529,Benito Juarez,0.0,0.973158678886878,0.0,0.0,9322.714911440162,434153,-0.44811631974517396,0.0,-0.8014359479829826,0.5002660981234507,-0.11171917832258789,-0.2403337577846264,14
Nonoalco,2024-07,4191,4052,8243,Benito Juarez,0.0,0.973158678886878,0.0,0.0,9322.714911440162,434153,-0.4643103463717905,0.0,-0.6405475848094834,0.5002660981234507,-0.11171917832258789,-0.2323419347805848,19
Nonoalco,2024-12,3538,3446,6984,Benito Juarez,0.0,0.973158678886878,0.0,0.0,9322.714911440162,434153,-0.47397703945741926,0.0,-1.0655610226354273,0.5002660981234507,-0.11171917832258789,-0.27967662510599356,24
Nonoalco,2025-01,4168,4305,8473,Benito Juarez,0.0,0.973158678886878,2.0,1.0,9322.714911440162,434153,-0.46305215233914687,0.0,0.319576750636154,0.5002660981234507,-0.11171917832258789,-0.1357004042196992,25
Nonoalco,2025-04,4002,3883,7885,Benito Juarez,0.0,0.973158678886878,1.0,1.0,9322.714911440162,434153,-0.46532581847125565,-0.15394759295997215,0.32458837199061674,0.5002660981234507,-0.11171917832258789,-0.15942821409430313,28
Nonoalco,2025-06,3865,3740,7605,Benito Juarez,0.0,0.973158678886878,0.0,0.0,9322.714911440162,434153,-0.46795562972002436,0.0,-0.4173499241975349,0.5002660981234507,-0.11171917832258789,-0.21184481039350683,30
Nonoalco,2025-07,3862,3778,7640,Benito Juarez,0.0,0.973158678886878,0.0,0.0,9322.714911440162,434153,-0.4801824133295193,0.0,-0.4173499241975349,0.5002660981234507,-0.11171917832258789,-0.2179582021982543,31
Nonoalco,2025-08,3893,3579,7472,Benito Juarez,0.0,0.973158678886878,3.0,3.0,9322.714911440162,434153,-0.47687476744028506,0.0,1.325719033255323,0.5002660981234507,-0.11171917832258789,-0.04199748350835142,32
Nonoalco,2025-11,3877,3555,7432,Benito Juarez,0.0,0.973158678886878,1.0,0.0,9322.714911440162,434153,-0.4778028565561365,0.0,0.08481804013968136,0.5002660981234507,-0.11171917832258789,-0.1665516273778413,35
Nonoalco,2025-12,3745,3181,6926,Benito Juarez,0.0,0.973158678886878,0.0,0.0,9322.714911440162,434153,-0.47172093776182966,0.0,-0.8021786763538865,0.5002660981234507,-0.11171917832258789,-0.25221033963004463,36
Nonoalco,2026-02,4112,3835,7947,Benito Juarez,0.0,0.973158678886878,0.0,0.0,9322.714911440162,434153,-0.46708221662206284,0.0,0.0,0.5002660981234507,-0.11171917832258789,-0.1696731114247726,38
Nonoalco,2026-03,3915,3748,7663,Benito Juarez,0.0,0.973158678886878,0.0,0.0,9322.714911440162,434153,-0.4884780378662538,0.0,0.0,0.5002660981234507,-0.11171917832258789,-0.1803710220468681,39
Nonoalco,2026-04,3976,3813,7789,Benito Juarez,0.0,0.973158678886878,0.0,0.0,9322.714911440162,434153,-0.47784230369756475,-0.29804219930138437,0.0,0.5002660981234507,-0.11171917832258789,-0.21975948485773122,40
Nonoalco,2026-05,3941,3783,7724,Benito Juarez,0.0,0.973158678886878,0.0,0.0,9322.714911440162,434153,-0.4788093406411051,0.0,0.0,0.5002660981234507,-0.11171917832258789,-0.17553667343429374,41
Nonoalco,2026-06,3508,3361,6869,Benito Juarez,0.0,0.973158678886878,0.0,0.0,9322.714911440162,434153,-0.47158986941701336,0.0,0.0,0.5002660981234507,-0.11171917832258789,-0.17192693782224788,42
Nueva Santa Maria,2023-01,0,0,0,Azcapotzalco,0.0,2.875477552655641,1.0,1.0,9734.375890121548,432205,-0.4578108992635074,0.0,0.3363168726375907,0.007973785511731314,-0.07567634668919994,-0.20164532921015493,1
Nueva Santa Maria,2023-02,0,0,0,Azcapotzalco,0.0,2.875477552655641,0.0,0.0,9734.375890121548,432205,-0.4520498443994171,0.0,-1.6056105699898837,0.007973785511731314,-0.07567634668919994,-0.39295754604085725,2
Nueva Santa Maria,2023-03,0,0,0,Azcapotzalco,0.0,2.875477552655641,0.0,0.0,9734.375890121548,432205,-0.4596991731454731,0.0,-1.2638763846267447,0.007973785511731314,-0.07567634668919994,-0.3626087918775714,3
Nueva Santa Maria,2023-04,0,0,0,Azcapotzalco,0.0,2.875477552655641,0.0,0.0,9734.375890121548,432205,-0.46674837447246836,0.0,-0.7638198663195582,0.007973785511731314,-0.07567634668919994,-0.3161277407103504,4
Nueva Santa Maria,2023-05,0,0,0,Azcapotzalco,0.0,2.875477552655641,0.0,0.0,9734.375890121548,432205,-0.4746345614744004,0.0,-1.0086471000615145,0.007973785511731314,-0.07567634668919994,-0.344553557585512,5
Nueva Santa Maria,2023-06,0,0,0,Azcapotzalco,0.0,2.875477552655641,0.0,0.0,9734.375890121548,432205,-0.48450335550919055,0.0,-1.2210451038201218,0.007973785511731314,-0.07567634668919994,-0.3707277549787678,6
Nueva Santa Maria,2023-07,0,0,0,Azcapotzalco,0.0,2.875477552655641,2.0,1.0,9734.375890121548,432205,-0.48931710150558577,0.0,0.44111322191563745,0.007973785511731314,-0.07567634668919994,-0.20691879540338945,7
Nueva Santa Maria,2023-08,0,0,0,Azcapotzalco,0.0,2.875477552655641,0.0,0.0,9734.375890121548,432205,-0.49578786605561137,0.0,-0.5755432216610669,0.007973785511731314,-0.07567634668919994,-0.3118198220360727,8
Nueva Santa Maria,2023-09,0,0,0,Azcapotzalco,0.0,2.875477552655641,2.0,2.0,9734.375890121548,432205,-0.5101350092220519,0.0,0.6006131477814433,0.007973785511731314,-0.07567634668919994,-0.20137775667504193,9
Nueva Santa Maria,2023-12,1221,1349,2570,Azcapotzalco,0.0,2.875477552655641,2.0,2.0,9734.375890121548,432205,-0.4853795682445482,0.0,0.9484068100713118,0.007973785511731314,-0.07567634668919994,-0.15422066995730324,12
Nueva Santa Maria,2024-02,1741,1943,3684,Azcapotzalco,0.0,2.875477552655641,1.0,1.0,9734.375890121548,432205,-0.5192112371353265,0.0,0.17303730695087127,0.007973785511731314,-0.07567634668919994,-0.24867345471473642,14
Nueva Santa Maria,2024-07,4191,4387,8578,Azcapotzalco,0.0,2.875477552655641,1.0,1.0,9734.375890121548,432205,-0.45830038115148797,0.0,0.7033463676339425,0.007973785511731314,-0.07567634668919994,-0.16518712065451005,19
Nueva Santa Maria,2024-12,4644,4944,9588,Azcapotzalco,0.0,2.875477552655641,1.0,1.0,9734.375890121548,432205,-0.4234552987194353,0.0,0.35962684513945675,0.007973785511731314,-0.07567634668919994,-0.18213653168793228,24
Nueva Santa Maria,2025-01,5689,5942,11631,Azcapotzalco,0.0,2.875477552655641,0.0,0.0,9734.375890121548,432205,-0.4053765863718256,0.0,-0.8202469932994618,0.007973785511731314,-0.07567634668919994,-0.2910845593580193,25
Nueva Santa Maria,2025-04,5371,5987,11358,Azcapotzalco,0.0,2.875477552655641,0.0,0.0,9734.375890121548,432205,-0.3991096324657385,-0.15394759295997215,-1.1225347864675495,0.007973785511731314,-0.07567634668919994,-0.34127200066578034,28
Nueva Santa Maria,2025-06,5357,5465,10822,Azcapotzalco,0.0,2.875477552655641,0.0,0.0,9734.375890121548,432205,-0.3992303436555657,0.0,-0.4173499241975349,0.007973785511731314,-0.07567634668919994,-0.24772173108969667,30
Nueva Santa Maria,2025-07,5735,5926,11661,Azcapotzalco,0.0,2.875477552655641,0.0,0.0,9734.375890121548,432205,-0.3978811630226636,0.0,-0.4173499241975349,0.007973785511731314,-0.07567634668919994,-0.2470471407732456,31
Nueva Santa Maria,2025-08,5709,6003,11712,Azcapotzalco,0.0,2.875477552655641,0.0,0.0,9734.375890121548,432205,-0.38756274728981027,0.0,-0.8678676145537424,0.007973785511731314,-0.07567634668919994,-0.28693970194243973,32
Nueva Santa Maria,2025-11,5990,6204,12194,Azcapotzalco,0.0,2.875477552655641,1.0,1.0,9734.375890121548,432205,-0.3766231449996231,0.0,0.08481804013968136,0.007973785511731314,-0.07567634668919994,-0.18620133532800373,35
Nueva Santa Maria,2025-12,5329,5658,10987,Azcapotzalco,0.0,2.875477552655641,0.0,0.0,9734.375890121548,432205,-0.37633949482497947,0.0,-0.8021786763538865,0.007973785511731314,-0.07567634668919994,-0.27475918189003873,36
Nueva Santa Maria,2026-02,5683,5943,11626,Azcapotzalco,0.0,2.875477552655641,0.0,0.0,9734.375890121548,432205,-0.3837653173151646,0.0,0.0,0.007973785511731314,-0.07567634668919994,-0.19825422549974261,38
Nueva Santa Maria,2026-03,6253,6641,12894,Azcapotzalco,0.0,2.875477552655641,0.0,0.0,9734.375890121548,432205,-0.37853193455652984,0.0,0.0,0.007973785511731314,-0.07567634668919994,-0.19563753412042523,39
Nueva Santa Maria,2026-04,5954,6088,12042,Azcapotzalco,0.0,2.875477552655641,0.0,0.0,9734.375890121548,432205,-0.38552548463461694,-0.29804219930138437,0.0,0.007973785511731314,-0.07567634668919994,-0.24384063905467643,40
Nueva Santa Maria,2026-05,6102,6149,12251,Azcapotzalco,0.0,2.875477552655641,0.0,0.0,9734.375890121548,432205,-0.3823372593538937,0.0,0.0,0.007973785511731314,-0.07567634668919994,-0.19754019651910715,41
Nueva Santa Maria,2026-06,5584,5524,11108,Azcapotzalco,0.0,2.875477552655641,0.0,0.0,9734.375890121548,432205,-0.37664854435078626,0.0,0.0,0.007973785511731314,-0.07567634668919994,-0.19469583901755344,42
Obrera,2023-01,0,0,0,Cuauhtemoc,0.0,6.431290152408508,2.0,1.0,34618.95757482006,545884,-0.4578108992635074,0.0,1.7757530875264789,-0.9122185292910138,2.1030844161157236,0.022145521338814506,1
Obrera,2023-02,0,0,0,Cuauhtemoc,0.0,6.431290152408508,2.0,2.0,34618.95757482006,545884,-0.4520498443994171,0.0,0.26178433206356805,-0.9122185292910138,2.1030844161157236,-0.12637082677543143,2
Obrera,2023-03,0,0,0,Cuauhtemoc,0.0,6.431290152408508,2.0,2.0,34618.95757482006,545884,-0.4596991731454731,0.0,-0.407960098835215,-0.9122185292910138,2.1030844161157236,-0.19716993423833773,3
Obrera,2023-04,0,0,0,Cuauhtemoc,0.0,6.431290152408508,0.0,0.0,34618.95757482006,545884,-0.46674837447246836,0.0,-0.7638198663195582,-0.9122185292910138,2.1030844161157236,-0.23628051165026975,4
Obrera,2023-05,0,0,0,Cuauhtemoc,0.0,6.431290152408508,1.0,1.0,34618.95757482006,545884,-0.4746345614744004,0.0,0.11557414688204855,-0.9122185292910138,2.1030844161157236,-0.15228420383107505,5
Obrera,2023-06,0,0,0,Cuauhtemoc,0.0,6.431290152408508,0.0,0.0,34618.95757482006,545884,-0.48450335550919055,0.0,-1.2210451038201218,-0.9122185292910138,2.1030844161157236,-0.2908805259186872,6
Obrera,2023-07,0,0,0,Cuauhtemoc,0.0,6.431290152408508,4.0,2.0,34618.95757482006,545884,-0.48931710150558577,0.0,2.189228582840571,-0.9122185292910138,2.1030844161157236,0.047739969749184485,7
Obrera,2023-08,0,0,0,Cuauhtemoc,0.0,6.431290152408508,5.0,4.0,34618.95757482006,545884,-0.49578786605561137,0.0,2.3021728866442674,-0.9122185292910138,2.1030844161157236,0.05579901785454139,8
Obrera,2023-09,683,765,1448,Cuauhtemoc,0.0,6.431290152408508,4.0,2.0,34618.95757482006,545884,-0.476914621871281,0.0,2.077983419335798,-0.9122185292910138,2.1030844161157236,0.042816693215859625,9
Obrera,2023-12,8887,9344,18231,Cuauhtemoc,0.0,6.431290152408508,1.0,0.0,34618.95757482006,545884,-0.11244325922465614,0.0,-0.48088232623334126,-0.9122185292910138,2.1030844161157236,-0.030834200017741897,12
Obrera,2024-02,14952,15982,30934,Cuauhtemoc,0.0,6.431290152408508,3.0,1.0,34618.95757482006,545884,-0.015352589831905262,0.0,2.1219838168185787,-0.9122185292910138,2.1030844161157236,0.27799774898382557,14
Obrera,2024-07,18009,19472,37481,Cuauhtemoc,0.0,6.431290152408508,2.0,0.0,34618.95757482006,545884,0.06022506590046694,0.0,2.0472403200773686,-0.9122185292910138,2.1030844161157236,0.30831222717589063,19
Obrera,2024-12,17441,18840,36281,Cuauhtemoc,0.0,6.431290152408508,2.0,0.0,34618.95757482006,545884,0.09443134702518997,0.0,1.7848147129143406,-0.9122185292910138,2.1030844161157236,0.29917280702194937,24
Obrera,2025-01,19484,21308,40792,Cuauhtemoc,0.0,6.431290152408508,5.0,3.0,34618.95757482006,545884,0.12720010114339128,0.0,2.029312366539578,-0.9122185292910138,2.1030844161157236,0.34000694944357374,25
Obrera,2025-04,17774,20625,38399,Cuauhtemoc,1.0,6.431290152408508,2.0,2.0,34618.95757482006,545884,0.11645382442317302,1.49329165171173,1.771711530448783,-0.9122185292910138,2.1030844161157236,0.5328674752311446,28
Obrera,2025-06,17479,18565,36044,Cuauhtemoc,0.0,6.431290152408508,1.0,0.0,34618.95757482006,545884,0.1395912805650674,0.0,2.3736776938734803,-0.9122185292910138,2.1030844161157236,0.38063907188780205,30
Obrera,2025-07,19257,19753,39010,Cuauhtemoc,0.0,6.431290152408508,1.0,1.0,34618.95757482006,545884,0.161894239773207,0.0,2.3736776938734803,-0.9122185292910138,2.1030844161157236,0.3917905514918718,31
Obrera,2025-08,18742,19362,38104,Cuauhtemoc,0.0,6.431290152408508,1.0,1.0,34618.95757482006,545884,0.16836244983550325,0.0,-0.13667206528405393,-0.9122185292910138,2.1030844161157236,0.14398968060726652,32
Obrera,2025-11,17766,19162,36928,Cuauhtemoc,0.0,6.431290152408508,3.0,1.0,34618.95757482006,545884,0.14890793136299801,0.0,2.1016025501276605,-0.9122185292910138,2.1030844161157236,0.35808988291218535,35
Obrera,2025-12,16564,17493,34057,Cuauhtemoc,0.0,6.431290152408508,4.0,3.0,34618.95757482006,545884,0.1655097759342261,0.0,1.5656314855734474,-0.9122185292910138,2.1030844161157236,0.3127936987423781,36
Obrera,2026-02,17094,18066,35160,Cuauhtemoc,0.0,6.431290152408508,0.0,0.0,34618.95757482006,545884,0.14920013750640188,0.0,0.0,-0.9122185292910138,2.1030844161157236,0.14807573097112123,38
Obrera,2026-03,19654,20450,40104,Cuauhtemoc,0.0,6.431290152408508,0.0,0.0,34618.95757482006,545884,0.19337276264430958,0.0,0.0,-0.9122185292910138,2.1030844161157236,0.17016204354007508,39
Obrera,2026-04,19400,20109,39509,Cuauhtemoc,5.0,6.431290152408508,0.0,0.0,34618.95757482006,545884,0.21068097414788658,3.898078238231265,0.0,-0.9122185292910138,2.1030844161157236,0.7635278850265532,40
Obrera,2026-05,20755,20994,41749,Cuauhtemoc,0.0,6.431290152408508,0.0,0.0,34618.95757482006,545884,0.24627627141928113,0.0,0.0,-0.9122185292910138,2.1030844161157236,0.19661379792756084,41
Obrera,2026-06,18853,19030,37883,Cuauhtemoc,0.0,6.431290152408508,0.0,0.0,34618.95757482006,545884,0.22303392289342952,0.0,0.0,-0.9122185292910138,2.1030844161157236,0.18499262366463504,42
Obrero Popular,2023-01,0,0,0,Azcapotzalco,0.0,1.1920263999701008,1.0,1.0,3440.637112539797,432205,-0.4578108992635074,0.0,0.3363168726375907,0.44362633175523153,-0.626722423078371,-0.191402054912547,1
Obrero Popular,2023-02,0,0,0,Azcapotzalco,0.0,1.1920263999701008,0.0,0.0,3440.637112539797,432205,-0.4520498443994171,0.0,-1.6056105699898837,0.44362633175523153,-0.626722423078371,-0.38271427174324923,2
Obrero Popular,2023-03,0,0,0,Azcapotzalco,0.0,1.1920263999701008,0.0,0.0,3440.637112539797,432205,-0.4596991731454731,0.0,-1.2638763846267447,0.44362633175523153,-0.626722423078371,-0.35236551757996337,3
Obrero Popular,2023-04,0,0,0,Azcapotzalco,0.0,1.1920263999701008,0.0,0.0,3440.637112539797,432205,-0.46674837447246836,0.0,-0.7638198663195582,0.44362633175523153,-0.626722423078371,-0.30588446641274236,4
Obrero Popular,2023-05,0,0,0,Azcapotzalco,0.0,1.1920263999701008,0.0,0.0,3440.637112539797,432205,-0.4746345614744004,0.0,-1.0086471000615145,0.44362633175523153,-0.626722423078371,-0.334310283287904,5
Obrero Popular,2023-06,0,0,0,Azcapotzalco,0.0,1.1920263999701008,0.0,0.0,3440.637112539797,432205,-0.48450335550919055,0.0,-1.2210451038201218,0.44362633175523153,-0.626722423078371,-0.3604844806811598,6
Obrero Popular,2023-07,0,0,0,Azcapotzalco,0.0,1.1920263999701008,2.0,1.0,3440.637112539797,432205,-0.48931710150558577,0.0,0.44111322191563745,0.44362633175523153,-0.626722423078371,-0.19667552110578151,7
Obrero Popular,2023-08,0,0,0,Azcapotzalco,0.0,1.1920263999701008,0.0,0.0,3440.637112539797,432205,-0.49578786605561137,0.0,-0.5755432216610669,0.44362633175523153,-0.626722423078371,-0.30157654773846476,8
Obrero Popular,2023-09,0,0,0,Azcapotzalco,0.0,1.1920263999701008,2.0,2.0,3440.637112539797,432205,-0.5101350092220519,0.0,0.6006131477814433,0.44362633175523153,-0.626722423078371,-0.191134482377434,9
Obrero Popular,2023-12,506,588,1094,Azcapotzalco,0.0,1.1920263999701008,2.0,2.0,3440.637112539797,432205,-0.5205276425765424,0.0,0.9484068100713118,0.44362633175523153,-0.626722423078371,-0.1615514328256924,12
Obrero Popular,2024-02,913,954,1867,Azcapotzalco,0.0,1.1920263999701008,1.0,1.0,3440.637112539797,432205,-0.5528079770307509,0.0,0.17303730695087127,0.44362633175523153,-0.626722423078371,-0.2552285503648407,14
Obrero Popular,2024-07,927,990,1917,Azcapotzalco,0.0,1.1920263999701008,1.0,1.0,3440.637112539797,432205,-0.5778000179647278,0.0,0.7033463676339425,0.44362633175523153,-0.626722423078371,-0.214693664763522,19
Obrero Popular,2024-12,965,966,1931,Azcapotzalco,0.0,1.1920263999701008,1.0,1.0,3440.637112539797,432205,-0.572013274460888,0.0,0.35962684513945675,0.44362633175523153,-0.626722423078371,-0.2461722452610507,24
Obrero Popular,2025-01,1089,1120,2209,Azcapotzalco,0.0,1.1920263999701008,0.0,0.0,3440.637112539797,432205,-0.5774535916106163,0.0,-0.8202469932994618,0.44362633175523153,-0.626722423078371,-0.36687978767980667,25
Obrero Popular,2025-04,1018,1096,2114,Azcapotzalco,0.0,1.1920263999701008,0.0,0.0,3440.637112539797,432205,-0.5753556513067982,-0.15394759295997215,-1.1225347864675495,0.44362633175523153,-0.626722423078371,-0.41915173578870224,28
Obrero Popular,2025-06,890,918,1808,Azcapotzalco,0.0,1.1920263999701008,0.0,0.0,3440.637112539797,432205,-0.5917978688607353,0.0,-0.4173499241975349,0.44362633175523153,-0.626722423078371,-0.33376221939467354,30
Obrero Popular,2025-07,1039,1039,2078,Azcapotzalco,0.0,1.1920263999701008,0.0,0.0,3440.637112539797,432205,-0.5940246302424094,0.0,-0.4173499241975349,0.44362633175523153,-0.626722423078371,-0.33487560008551054,31
Obrero Popular,2025-08,1025,1011,2036,Azcapotzalco,0.0,1.1920263999701008,0.0,0.0,3440.637112539797,432205,-0.5913795178030163,0.0,-0.8678676145537424,0.44362633175523153,-0.626722423078371,-0.3786048129014348,32
Obrero Popular,2025-11,1016,1000,2016,Azcapotzalco,0.0,1.1920263999701008,1.0,1.0,3440.637112539797,432205,-0.592878311782948,0.0,0.08481804013968136,0.44362633175523153,-0.626722423078371,-0.28408564442205825,35
Obrero Popular,2025-12,938,917,1855,Azcapotzalco,0.0,1.1920263999701008,0.0,0.0,3440.637112539797,432205,-0.5908244337314843,0.0,-0.8021786763538865,0.44362633175523153,-0.626722423078371,-0.37175837704568315,36
Obrero Popular,2026-02,956,974,1930,Azcapotzalco,0.0,1.1920263999701008,0.0,0.0,3440.637112539797,432205,-0.6033469035287241,0.0,0.0,0.44362633175523153,-0.626722423078371,-0.29780174430891443,38
Obrero Popular,2026-03,1005,1001,2006,Azcapotzalco,0.0,1.1920263999701008,0.0,0.0,3440.637112539797,432205,-0.6073778861597176,0.0,0.0,0.44362633175523153,-0.626722423078371,-0.29981723562441115,39
Obrero Popular,2026-04,1029,1027,2056,Azcapotzalco,0.0,1.1920263999701008,0.0,0.0,3440.637112539797,432205,-0.6022844207179926,-0.29804219930138437,0.0,0.44362633175523153,-0.626722423078371,-0.34197683279875635,40
Obrero Popular,2026-05,998,1019,2017,Azcapotzalco,0.0,1.1920263999701008,0.0,0.0,3440.637112539797,432205,-0.6004276679894849,0.0,0.0,0.44362633175523153,-0.626722423078371,-0.2963421265392948,41
Obrero Popular,2026-06,878,927,1805,Azcapotzalco,0.0,1.1920263999701008,0.0,0.0,3440.637112539797,432205,-0.5850088055187765,0.0,0.0,0.44362633175523153,-0.626722423078371,-0.28863269530394065,42
Parque San Andres,2023-01,0,0,0,Coyoacan,0.0,1.5067941131304357,0.0,0.0,3383.228947907367,614447,-0.4578108992635074,0.0,-1.1031193422512973,0.36216904949623235,-0.6317487746622794,-0.34806690389867656,1
Parque San Andres,2023-02,0,0,0,Coyoacan,0.0,1.5067941131304357,1.0,0.0,3383.228947907367,614447,-0.4520498443994171,0.0,-0.6719131189631579,0.36216904949623235,-0.6317487746622794,-0.30206575413781744,2
Parque San Andres,2023-03,0,0,0,Coyoacan,0.0,1.5067941131304357,1.0,0.0,3383.228947907367,614447,-0.4596991731454731,0.0,-0.8359182417309798,0.36216904949623235,-0.6317487746622794,-0.3222909307876276,3
Parque San Andres,2023-04,0,0,0,Coyoacan,0.0,1.5067941131304357,0.0,0.0,3383.228947907367,614447,-0.46674837447246836,0.0,-0.7638198663195582,0.36216904949623235,-0.6317487746622794,-0.3186056939099831,4
Parque San Andres,2023-05,0,0,0,Coyoacan,0.0,1.5067941131304357,0.0,0.0,3383.228947907367,614447,-0.4746345614744004,0.0,-1.0086471000615145,0.36216904949623235,-0.6317487746622794,-0.34703151078514477,5
Parque San Andres,2023-06,0,0,0,Coyoacan,0.0,1.5067941131304357,1.0,1.0,3383.228947907367,614447,-0.48450335550919055,0.0,0.2306418529438008,0.36216904949623235,-0.6317487746622794,-0.2280370125020083,6
Parque San Andres,2023-07,291,379,670,Coyoacan,0.0,1.5067941131304357,0.0,0.0,3383.228947907367,614447,-0.4717722753266775,0.0,-1.307002139009296,0.36216904949623235,-0.6317487746622794,-0.37543587160606146,7
Parque San Andres,2023-08,758,1016,1774,Coyoacan,0.0,1.5067941131304357,0.0,0.0,3383.228947907367,614447,-0.4533644949046859,0.0,-0.5755432216610669,0.36216904949623235,-0.6317487746622794,-0.29308608966024274,8
Parque San Andres,2023-09,996,1262,2258,Coyoacan,0.0,1.5067941131304357,0.0,0.0,3383.228947907367,614447,-0.458331394140532,0.0,-0.8767571237729115,0.36216904949623235,-0.6317487746622794,-0.32569092948935024,9
Parque San Andres,2023-12,1392,1801,3193,Coyoacan,0.0,1.5067941131304357,0.0,0.0,3383.228947907367,614447,-0.4705440328049599,0.0,-1.9101714625379942,0.36216904949623235,-0.6317487746622794,-0.43513868269807243,12
Parque San Andres,2024-02,3323,3959,7282,Coyoacan,0.0,1.5067941131304357,0.0,0.0,3383.228947907367,614447,-0.4526834054656857,0.0,-0.8014359479829826,0.36216904949623235,-0.6317487746622794,-0.3153348175729342,14
Parque San Andres,2024-07,4533,5136,9669,Coyoacan,0.0,1.5067941131304357,0.0,0.0,3383.228947907367,614447,-0.43872762874745785,0.0,-0.6405475848094834,0.36216904949623235,-0.6317487746622794,-0.2922680928964704,19
Parque San Andres,2024-12,4323,4958,9281,Coyoacan,0.0,1.5067941131304357,1.0,0.0,3383.228947907367,614447,-0.42941158689399794,0.0,0.35962684513945675,0.36216904949623235,-0.6317487746622794,-0.1875926289748464,24
Parque San Andres,2025-01,4594,5386,9980,Coyoacan,0.0,1.5067941131304357,0.0,0.0,3383.228947907367,614447,-0.43552932842757214,0.0,-0.8202469932994618,0.36216904949623235,-0.6317487746622794,-0.3086388835855253,25
Parque San Andres,2025-04,4545,5219,9764,Coyoacan,0.0,1.5067941131304357,1.0,0.0,3383.228947907367,614447,-0.4295008217812566,-0.15394759295997215,0.32458837199061674,0.36216904949623235,-0.6317487746622794,-0.21423323267735556,28
Parque San Andres,2025-06,4105,4867,8972,Coyoacan,0.0,1.5067941131304357,0.0,0.0,3383.228947907367,614447,-0.43875218985365355,0.0,-0.4173499241975349,0.36216904949623235,-0.6317487746622794,-0.26996060738837335,30
Parque San Andres,2025-07,4337,5115,9452,Coyoacan,0.0,1.5067941131304357,0.0,0.0,3383.228947907367,614447,-0.4430946576577902,0.0,-0.4173499241975349,0.36216904949623235,-0.6317487746622794,-0.2721318412904417,31
Parque San Andres,2025-08,4505,5262,9767,Coyoacan,0.0,1.5067941131304357,0.0,0.0,3383.228947907367,614447,-0.42853253011827097,0.0,-0.8678676145537424,0.36216904949623235,-0.6317487746622794,-0.30990254655630284,32
Parque San Andres,2025-11,4436,5212,9648,Coyoacan,0.0,1.5067941131304357,0.0,0.0,3383.228947907367,614447,-0.43071880766717524,0.0,-0.9235742148543081,0.36216904949623235,-0.6317487746622794,-0.3165663453608115,35
Parque San Andres,2025-12,4163,4859,9022,Coyoacan,0.0,1.5067941131304357,0.0,0.0,3383.228947907367,614447,-0.42249180592345537,0.0,-0.8021786763538865,0.36216904949623235,-0.6317487746622794,-0.30031329063890944,36
Parque San Andres,2026-02,4677,5439,10116,Coyoacan,0.0,1.5067941131304357,0.0,0.0,3383.228947907367,614447,-0.41796170708233404,0.0,0.0,0.36216904949623235,-0.6317487746622794,-0.21783037358296015,38
Parque San Andres,2026-03,5310,6093,11403,Coyoacan,0.0,1.5067941131304357,0.0,0.0,3383.228947907367,614447,-0.4098700419996188,0.0,0.0,0.36216904949623235,-0.6317487746622794,-0.2137845410416025,39
Parque San Andres,2026-04,4914,5923,10837,Coyoacan,0.0,1.5067941131304357,0.0,0.0,3383.228947907367,614447,-0.4116815549310788,-0.29804219930138437,0.0,0.36216904949623235,-0.6317487746622794,-0.25939662740254016,40
Parque San Andres,2026-05,4671,5803,10474,Coyoacan,0.0,1.5067941131304357,0.0,0.0,3383.228947907367,614447,-0.42020580109177186,0.0,0.0,0.36216904949623235,-0.6317487746622794,-0.21895242058767905,41
Parque San Andres,2026-06,4589,5469,10058,Coyoacan,0.0,1.5067941131304357,0.0,0.0,3383.228947907367,614447,-0.40016550385055943,0.0,0.0,0.36216904949623235,-0.6317487746622794,-0.2089322719670728,42
Piedad Narvarte,2023-01,0,0,0,Benito Juarez,0.0,0.9846862244474108,1.0,1.0,4740.847301839064,434153,-0.4578108992635074,0.0,0.3363168726375907,0.49728293786520816,-0.512882979050814,-0.17196961959329482,1
Piedad Narvarte,2023-02,0,0,0,Benito Juarez,0.0,0.9846862244474108,3.0,2.0,4740.847301839064,434153,-0.4520498443994171,0.0,1.195481783090294,0.49728293786520816,-0.512882979050814,-0.08317260111597934,2
Piedad Narvarte,2023-03,0,0,0,Benito Juarez,0.0,0.9846862244474108,6.0,4.0,4740.847301839064,434153,-0.4596991731454731,0.0,1.3038724727478443,0.49728293786520816,-0.512882979050814,-0.07615819652325229,3
Piedad Narvarte,2023-04,0,0,0,Benito Juarez,0.0,0.9846862244474108,4.0,1.0,4740.847301839064,434153,-0.46674837447246836,0.0,1.3590041777373958,0.49728293786520816,-0.512882979050814,-0.07416962668779475,4
Piedad Narvarte,2023-05,0,0,0,Benito Juarez,0.0,0.9846862244474108,2.0,2.0,4740.847301839064,434153,-0.4746345614744004,0.0,1.2397953938256114,0.49728293786520816,-0.512882979050814,-0.09003359857993926,5
Piedad Narvarte,2023-06,0,0,0,Benito Juarez,0.0,0.9846862244474108,1.0,1.0,4740.847301839064,434153,-0.48450335550919055,0.0,0.2306418529438008,0.49728293786520816,-0.512882979050814,-0.19588334968551538,6
Piedad Narvarte,2023-07,0,0,0,Benito Juarez,0.0,0.9846862244474108,1.0,1.0,4740.847301839064,434153,-0.48931710150558577,0.0,-0.4329444585468293,0.49728293786520816,-0.512882979050814,-0.264648853832776,7
Piedad Narvarte,2023-08,0,0,0,Benito Juarez,0.0,0.9846862244474108,0.0,0.0,4740.847301839064,434153,-0.49578786605561137,0.0,-0.5755432216610669,0.49728293786520816,-0.512882979050814,-0.28214411241921256,8
Piedad Narvarte,2023-09,0,0,0,Benito Juarez,0.0,0.9846862244474108,1.0,0.0,4740.847301839064,434153,-0.5101350092220519,0.0,-0.1380719879957341,0.49728293786520816,-0.512882979050814,-0.24557056063589955,9
Piedad Narvarte,2023-12,2260,2234,4494,Benito Juarez,0.0,0.9846862244474108,2.0,2.0,4740.847301839064,434153,-0.4395632437088051,0.0,0.9484068100713118,0.49728293786520816,-0.512882979050814,-0.10163679807257155,12
Piedad Narvarte,2024-02,3981,4047,8028,Benito Juarez,0.0,0.9846862244474108,0.0,0.0,4740.847301839064,434153,-0.4388896971762049,0.0,-0.8014359479829826,0.49728293786520816,-0.512882979050814,-0.27628430061170084,14
Piedad Narvarte,2024-07,5589,6208,11797,Benito Juarez,0.0,0.9846862244474108,0.0,0.0,4740.847301839064,434153,-0.400550894452521,0.0,-0.6405475848094834,0.49728293786520816,-0.512882979050814,-0.24102606293250903,19
Piedad Narvarte,2024-12,6117,6457,12574,Benito Juarez,0.0,0.9846862244474108,0.0,0.0,4740.847301839064,434153,-0.3655221505460022,0.0,-1.0655610226354273,0.49728293786520816,-0.512882979050814,-0.266013034761844,24
Piedad Narvarte,2025-01,6002,6443,12445,Benito Juarez,0.0,0.9846862244474108,2.0,1.0,4740.847301839064,434153,-0.3905102435290772,0.0,0.319576750636154,0.49728293786520816,-0.512882979050814,-0.1399933039262234,25
Piedad Narvarte,2025-04,6135,6558,12693,Benito Juarez,0.0,0.9846862244474108,1.0,1.0,4740.847301839064,434153,-0.3736565347642224,-0.15394759295997215,0.32458837199061674,0.49728293786520816,-0.512882979050814,-0.1541574263523455,28
Piedad Narvarte,2025-06,5230,5581,10811,Benito Juarez,0.0,0.9846862244474108,0.0,0.0,4740.847301839064,434153,-0.39946533841674353,0.0,-0.4173499241975349,0.49728293786520816,-0.512882979050814,-0.21816351885342541,30
Piedad Narvarte,2025-07,5683,6094,11777,Benito Juarez,0.0,0.9846862244474108,0.0,0.0,4740.847301839064,434153,-0.39550689168827036,0.0,-0.4173499241975349,0.49728293786520816,-0.512882979050814,-0.21618429548918885,31
Piedad Narvarte,2025-08,5219,5645,10864,Benito Juarez,0.0,0.9846862244474108,3.0,3.0,4740.847301839064,434153,-0.40542515131990525,0.0,1.325719033255323,0.49728293786520816,-0.512882979050814,-0.04683652955972048,32
Piedad Narvarte,2025-11,5200,5772,10972,Benito Juarez,0.0,0.9846862244474108,1.0,0.0,4740.847301839064,434153,-0.4025873632948897,0.0,0.08481804013968136,0.49728293786520816,-0.512882979050814,-0.16950773485877688,35
Piedad Narvarte,2025-12,5268,5608,10876,Benito Juarez,0.0,0.9846862244474108,0.0,0.0,4740.847301839064,434153,-0.3789465719404659,0.0,-0.8021786763538865,0.49728293786520816,-0.512882979050814,-0.24638701083092177,36
Piedad Narvarte,2026-02,5111,5457,10568,Benito Juarez,0.0,0.9846862244474108,0.0,0.0,4740.847301839064,434153,-0.40772543676792306,0.0,0.0,0.49728293786520816,-0.512882979050814,-0.18055857560926172,38
Piedad Narvarte,2026-03,5497,5977,11474,Benito Juarez,0.0,0.9846862244474108,0.0,0.0,4740.847301839064,434153,-0.40837775116899555,0.0,0.0,0.49728293786520816,-0.512882979050814,-0.18088473280979797,39
Piedad Narvarte,2026-04,5244,5794,11038,Benito Juarez,0.0,0.9846862244474108,0.0,0.0,4740.847301839064,434153,-0.40731859216793453,-0.29804219930138437,0.0,0.49728293786520816,-0.512882979050814,-0.22506148320447508,40
Piedad Narvarte,2026-05,3866,4691,8557,Benito Juarez,0.0,0.9846862244474108,0.0,0.0,4740.847301839064,434153,-0.4610577957521616,0.0,0.0,0.49728293786520816,-0.512882979050814,-0.20722475510138097,41
Piedad Narvarte,2026-06,4695,5173,9868,Benito Juarez,0.0,0.9846862244474108,0.0,0.0,4740.847301839064,434153,-0.4044209536648041,0.0,0.0,0.49728293786520816,-0.512882979050814,-0.1789063340577022,42
Plutarco Elias Calles,2023-01,0,0,0,Miguel Hidalgo,0.0,1.446577656516791,0.0,0.0,1215.7573736578108,414470,-0.4578108992635074,0.0,-1.1031193422512973,0.37775218810268757,-0.821520983024285,-0.3647066539439088,1
Plutarco Elias Calles,2023-02,0,0,0,Miguel Hidalgo,0.0,1.446577656516791,1.0,1.0,1215.7573736578108,414470,-0.4520498443994171,0.0,-0.6719131189631579,0.37775218810268757,-0.821520983024285,-0.31870550418304966,2
Plutarco Elias Calles,2023-03,0,0,0,Miguel Hidalgo,0.0,1.446577656516791,2.0,2.0,1215.7573736578108,414470,-0.4596991731454731,0.0,-0.407960098835215,0.37775218810268757,-0.821520983024285,-0.2961348665432834,3
Plutarco Elias Calles,2023-04,0,0,0,Miguel Hidalgo,0.0,1.446577656516791,0.0,0.0,1215.7573736578108,414470,-0.46674837447246836,0.0,-0.7638198663195582,0.37775218810268757,-0.821520983024285,-0.3352454439552154,4
Plutarco Elias Calles,2023-05,0,0,0,Miguel Hidalgo,0.0,1.446577656516791,0.0,0.0,1215.7573736578108,414470,-0.4746345614744004,0.0,-1.0086471000615145,0.37775218810268757,-0.821520983024285,-0.36367126083037704,5
Plutarco Elias Calles,2023-06,1160,1143,2303,Miguel Hidalgo,0.0,1.446577656516791,1.0,1.0,1215.7573736578108,414470,-0.42539765479966046,0.0,0.2306418529438008,0.37775218810268757,-0.821520983024285,-0.2151239121924755,6
Plutarco Elias Calles,2023-07,933,866,1799,Miguel Hidalgo,0.0,1.446577656516791,1.0,1.0,1215.7573736578108,414470,-0.4422079338998305,0.0,-0.4329444585468293,0.37775218810268757,-0.821520983024285,-0.28988768289162353,7
Plutarco Elias Calles,2023-08,1112,1068,2180,Miguel Hidalgo,0.0,1.446577656516791,1.0,1.0,1215.7573736578108,414470,-0.44365542574613137,0.0,0.0,0.37775218810268757,-0.821520983024285,-0.24731698296009105,8
Plutarco Elias Calles,2023-09,2908,3002,5910,Miguel Hidalgo,0.0,1.446577656516791,0.0,0.0,1215.7573736578108,414470,-0.37454627355695763,0.0,-0.8767571237729115,0.37775218810268757,-0.821520983024285,-0.30043811924279534,9
Plutarco Elias Calles,2023-12,2620,2752,5372,Miguel Hidalgo,0.0,1.446577656516791,1.0,1.0,1215.7573736578108,414470,-0.4186553783541365,0.0,-0.48088232623334126,0.37775218810268757,-0.821520983024285,-0.2829051918874278,12
Plutarco Elias Calles,2024-02,4326,4391,8717,Miguel Hidalgo,0.0,1.446577656516791,1.0,1.0,1215.7573736578108,414470,-0.42614993174530374,0.0,0.17303730695087127,0.37775218810268757,-0.821520983024285,-0.22126050526459012,14
Plutarco Elias Calles,2024-07,2972,3063,6035,Miguel Hidalgo,0.0,1.446577656516791,0.0,0.0,1215.7573736578108,414470,-0.503922296241725,0.0,-0.6405475848094834,0.37775218810268757,-0.821520983024285,-0.3415051766888362,19
Plutarco Elias Calles,2024-12,4633,5033,9666,Miguel Hidalgo,0.0,1.446577656516791,1.0,1.0,1215.7573736578108,414470,-0.42194197468811323,0.0,0.35962684513945675,0.37775218810268757,-0.821520983024285,-0.2004975729171363,24
Plutarco Elias Calles,2025-01,4245,4477,8722,Miguel Hidalgo,0.0,1.446577656516791,0.0,0.0,1215.7573736578108,414470,-0.4585045855481833,0.0,-0.8202469932994618,0.37775218810268757,-0.821520983024285,-0.3367662621910632,25
Plutarco Elias Calles,2025-04,5111,5411,10522,Miguel Hidalgo,0.0,1.446577656516791,0.0,0.0,1215.7573736578108,414470,-0.41504880076421596,-0.15394759295997215,-1.1225347864675495,0.37775218810268757,-0.821520983024285,-0.36835928805988416,28
Plutarco Elias Calles,2025-06,5547,6423,11970,Miguel Hidalgo,0.0,1.446577656516791,0.0,0.0,1215.7573736578108,414470,-0.37470543585264415,0.0,-0.4173499241975349,0.37775218810268757,-0.821520983024285,-0.25457698043310095,30
Plutarco Elias Calles,2025-07,3205,3310,6515,Miguel Hidalgo,0.0,1.446577656516791,0.0,0.0,1215.7573736578108,414470,-0.5032087517018676,0.0,-0.4173499241975349,0.37775218810268757,-0.821520983024285,-0.3188286383577127,31
Plutarco Elias Calles,2025-08,3154,3260,6414,Miguel Hidalgo,0.0,1.446577656516791,0.0,0.0,1215.7573736578108,414470,-0.499160644166512,0.0,-0.8678676145537424,0.37775218810268757,-0.821520983024285,-0.3618563536256556,32
Plutarco Elias Calles,2025-11,5284,5566,10850,Miguel Hidalgo,0.0,1.446577656516791,0.0,0.0,1215.7573736578108,414470,-0.4051795356615202,0.0,-0.9235742148543081,0.37775218810268757,-0.821520983024285,-0.3204364594032163,35
Plutarco Elias Calles,2025-12,4036,4223,8259,Miguel Hidalgo,0.0,1.446577656516791,3.0,2.0,1215.7573736578108,414470,-0.440412525194772,0.0,0.9736789450916139,0.37775218810268757,-0.821520983024285,-0.14832763817524997,36
Plutarco Elias Calles,2026-02,5548,5893,11441,Miguel Hidalgo,0.0,1.446577656516791,0.0,0.0,1215.7573736578108,414470,-0.3879549412270364,0.0,0.0,0.37775218810268757,-0.821520983024285,-0.21946674070054356,38
Plutarco Elias Calles,2026-03,5603,5765,11368,Miguel Hidalgo,0.0,1.446577656516791,0.0,0.0,1215.7573736578108,414470,-0.41060567832457395,0.0,0.0,0.37775218810268757,-0.821520983024285,-0.23079210924931234,39
Plutarco Elias Calles,2026-04,4638,4717,9355,Miguel Hidalgo,0.0,1.446577656516791,0.0,0.0,1215.7573736578108,414470,-0.44385026545336626,-0.29804219930138437,0.0,0.37775218810268757,-0.821520983024285,-0.29212073270891614,40
Plutarco Elias Calles,2026-05,4193,4317,8510,Miguel Hidalgo,0.0,1.446577656516791,0.0,0.0,1215.7573736578108,414470,-0.4620593835190048,0.0,0.0,0.37775218810268757,-0.821520983024285,-0.2565189618465278,41
Plutarco Elias Calles,2026-06,3992,3963,7955,Miguel Hidalgo,0.0,1.446577656516791,0.0,0.0,1215.7573736578108,414470,-0.44726661416296226,0.0,0.0,0.37775218810268757,-0.821520983024285,-0.2491225771685065,42
Polanco,2023-01,41322,37009,78331,Miguel Hidalgo,0.0,22.74234618955419,0.0,0.0,31364.847127472596,414470,2.8138014954137636,0.0,-1.1031193422512973,-5.133281363913271,1.8181719249054005,0.7084138013853014,1
Polanco,2023-02,52969,48080,101049,Miguel Hidalgo,0.0,22.74234618955419,1.0,1.0,31364.847127472596,414470,3.2231214375367387,0.0,-0.6719131189631579,-5.133281363913271,1.8181719249054005,0.956194394775603,2
Polanco,2023-03,64679,59239,123918,Miguel Hidalgo,0.0,22.74234618955419,2.0,2.0,31364.847127472596,414470,3.2659545791238767,0.0,-0.407960098835215,-5.133281363913271,1.8181719249054005,1.0040062675819663,3
Polanco,2023-04,62641,57953,120594,Miguel Hidalgo,0.0,22.74234618955419,0.0,0.0,31364.847127472596,414470,3.2345380241529047,0.0,-0.7638198663195582,-5.133281363913271,1.8181719249054005,0.9527120133480459,4
Polanco,2023-05,77625,71071,148696,Miguel Hidalgo,0.0,22.74234618955419,0.0,0.0,31364.847127472596,414470,3.5203608363347745,0.0,-1.0086471000615145,-5.133281363913271,1.8181719249054005,1.0711406960647851,5
Polanco,2023-06,81273,74711,155984,Miguel Hidalgo,0.0,22.74234618955419,1.0,1.0,31364.847127472596,414470,3.518772206573026,0.0,0.2306418529438008,-5.133281363913271,1.8181719249054005,1.1942752764844424,6
Polanco,2023-07,80178,74942,155120,Miguel Hidalgo,0.0,22.74234618955419,1.0,1.0,31364.847127472596,414470,3.572702953527632,0.0,-0.4329444585468293,-5.133281363913271,1.8181719249054005,1.1548820188126825,7
Polanco,2023-08,89361,82554,171915,Miguel Hidalgo,0.0,22.74234618955419,1.0,1.0,31364.847127472596,414470,3.6153811595426713,0.0,0.0,-5.133281363913271,1.8181719249054005,1.219515567674885,8
Polanco,2023-09,94059,87006,181065,Miguel Hidalgo,0.0,22.74234618955419,0.0,0.0,31364.847127472596,414470,3.6439046562940733,0.0,-0.8767571237729115,-5.133281363913271,1.8181719249054005,1.146101603673295,9
Polanco,2023-12,87314,80772,168086,Miguel Hidalgo,0.0,22.74234618955419,1.0,1.0,31364.847127472596,414470,3.4560626208708634,0.0,-0.48088232623334126,-5.133281363913271,1.8181719249054005,1.0917680657156468,12
Polanco,2024-02,113898,103548,217446,Miguel Hidalgo,0.0,22.74234618955419,1.0,1.0,31364.847127472596,414470,3.4332963652453676,0.0,0.17303730695087127,-5.133281363913271,1.8181719249054005,1.1457769012213204,14
Polanco,2024-07,121089,111616,232705,Miguel Hidalgo,0.0,22.74234618955419,0.0,0.0,31364.847127472596,414470,3.5625816335671745,0.0,-0.6405475848094834,-5.133281363913271,1.8181719249054005,1.1290610462061883,19
Polanco,2024-12,108486,100946,209432,Miguel Hidalgo,0.0,22.74234618955419,1.0,1.0,31364.847127472596,414470,3.4538360822489422,0.0,0.35962684513945675,-5.133281363913271,1.8181719249054005,1.1747057135419663,24
Polanco,2025-01,117586,108826,226412,Miguel Hidalgo,0.0,22.74234618955419,0.0,0.0,31364.847127472596,414470,3.517237642262508,0.0,-0.8202469932994618,-5.133281363913271,1.8181719249054005,1.0884191097048572,25
Polanco,2025-04,111849,104418,216267,Miguel Hidalgo,0.0,22.74234618955419,0.0,0.0,31364.847127472596,414470,3.5076834738413494,-0.15394759295997215,-1.1225347864675495,-5.133281363913271,1.8181719249054005,1.0303211072334735,28
Polanco,2025-06,101417,96093,197510,Miguel Hidalgo,0.0,22.74234618955419,0.0,0.0,31364.847127472596,414470,3.5890152904139594,0.0,-0.4173499241975349,-5.133281363913271,1.8181719249054005,1.1645976406907756,30
Polanco,2025-07,107865,101413,209278,Miguel Hidalgo,0.0,22.74234618955419,0.0,0.0,31364.847127472596,414470,3.646915201535878,0.0,-0.4173499241975349,-5.133281363913271,1.8181719249054005,1.193547596251735,31
Polanco,2025-08,100417,93942,194359,Miguel Hidalgo,0.0,22.74234618955419,0.0,0.0,31364.847127472596,414470,3.459742098093152,0.0,-0.8678676145537424,-5.133281363913271,1.8181719249054005,1.0549092754947513,32
Polanco,2025-11,104452,97486,201938,Miguel Hidalgo,0.0,22.74234618955419,0.0,0.0,31364.847127472596,414470,3.6549272938032065,0.0,-0.9235742148543081,-5.133281363913271,1.8181719249054005,1.1469312133197218,35
Polanco,2025-12,95192,87980,183172,Miguel Hidalgo,0.0,22.74234618955419,3.0,2.0,31364.847127472596,414470,3.66780080364376,0.0,0.9736789450916139,-5.133281363913271,1.8181719249054005,1.3430932842345908,36
Polanco,2026-02,100564,94319,194883,Miguel Hidalgo,0.0,22.74234618955419,0.0,0.0,31364.847127472596,414470,3.766385543322033,0.0,0.0,-5.133281363913271,1.8181719249054005,1.2950177595645658,38
Polanco,2026-03,107150,102254,209404,Miguel Hidalgo,0.0,22.74234618955419,0.0,0.0,31364.847127472596,414470,3.7517507573558904,0.0,0.0,-5.133281363913271,1.8181719249054005,1.2877003665814946,39
Polanco,2026-04,101234,97018,198252,Miguel Hidalgo,0.0,22.74234618955419,0.0,0.0,31364.847127472596,414470,3.656401361758873,-0.29804219930138437,0.0,-5.133281363913271,1.8181719249054005,1.195319338887778,40
Polanco,2026-05,106074,100966,207040,Miguel Hidalgo,0.0,22.74234618955419,0.0,0.0,31364.847127472596,414470,3.7686899643824936,0.0,0.0,-5.133281363913271,1.8181719249054005,1.2961699700947962,41
Polanco,2026-06,99771,94453,194224,Miguel Hidalgo,0.0,22.74234618955419,0.0,0.0,31364.847127472596,414470,3.724619603992512,0.0,0.0,-5.133281363913271,1.8181719249054005,1.2741347898998054,42
Polanco Seccion I/ Los Morales,2023-01,1619,1437,3056,Miguel Hidalgo,0.0,,0.0,0.0,,414470,-0.33017244861007844,0.0,-1.1031193422512973,0.0,0.0,-0.27539815853016897,1
Polanco Seccion I/ Los Morales,2023-02,1483,1363,2846,Miguel Hidalgo,0.0,,1.0,1.0,,414470,-0.3485402849936803,0.0,-0.6719131189631579,0.0,0.0,-0.24146145439315592,2
Polanco Seccion I/ Los Morales,2023-03,1617,1533,3150,Miguel Hidalgo,0.0,,2.0,2.0,,414470,-0.3649929212720693,0.0,-0.407960098835215,0.0,0.0,-0.22329247051955614,3
Polanco Seccion I/ Los Morales,2023-04,1395,1271,2666,Miguel Hidalgo,0.0,,0.0,0.0,,414470,-0.3849231631125728,0.0,-0.7638198663195582,0.0,0.0,-0.26884356818824223,4
Polanco Seccion I/ Los Morales,2023-05,1850,1639,3489,Miguel Hidalgo,0.0,,0.0,0.0,,414470,-0.3808960685562573,0.0,-1.0086471000615145,0.0,0.0,-0.2913127442842801,5
Polanco Seccion I/ Los Morales,2023-06,1907,1692,3599,Miguel Hidalgo,0.0,,1.0,1.0,,414470,-0.3921362617820525,0.0,0.2306418529438008,0.0,0.0,-0.17300394559664617,6
Polanco Seccion I/ Los Morales,2023-07,1892,1649,3541,Miguel Hidalgo,0.0,,1.0,1.0,,414470,-0.3965913858346689,0.0,-0.4329444585468293,0.0,0.0,-0.24159013877201738,7
Polanco Seccion I/ Los Morales,2023-08,1990,1740,3730,Miguel Hidalgo,0.0,,1.0,1.0,,414470,-0.40658878240682217,0.0,0.0,0.0,0.0,-0.20329439120341108,8
Polanco Seccion I/ Los Morales,2023-09,2083,1901,3984,Miguel Hidalgo,0.0,,0.0,0.0,,414470,-0.4187330594945163,0.0,-0.8767571237729115,0.0,0.0,-0.2970422421245493,9
Polanco Seccion I/ Los Morales,2023-12,1735,1644,3379,Miguel Hidalgo,0.0,,1.0,1.0,,414470,-0.46611480392572485,0.0,-0.48088232623334126,0.0,0.0,-0.28114563458619657,12
Polanco Seccion I/ Los Morales,2024-02,2519,2149,4668,Miguel Hidalgo,0.0,,1.0,1.0,,414470,-0.5010168551556359,0.0,0.17303730695087127,0.0,0.0,-0.23320469688273082,14
Polanco Seccion I/ Los Morales,2024-07,3197,2246,5443,Miguel Hidalgo,0.0,,0.0,0.0,,414470,-0.5145428914967075,0.0,-0.6405475848094834,0.0,0.0,-0.3213262042293021,19
Polanco Seccion I/ Los Morales,2024-12,2555,1797,4352,Miguel Hidalgo,0.0,,1.0,1.0,,414470,-0.5250420247194675,0.0,0.35962684513945675,0.0,0.0,-0.22655832784578805,24
Polanco Seccion I/ Los Morales,2025-01,2766,2151,4917,Miguel Hidalgo,0.0,,0.0,0.0,,414470,-0.5279965198438316,0.0,-0.8202469932994618,0.0,0.0,-0.346022959251862,25
Polanco Seccion I/ Los Morales,2025-04,2623,2214,4837,Miguel Hidalgo,0.0,,0.0,0.0,,414470,-0.5234389583920205,-0.15394759295997215,-1.1225347864675495,0.0,0.0,-0.397065096786761,28
Polanco Seccion I/ Los Morales,2025-06,2356,1919,4275,Miguel Hidalgo,0.0,,0.0,0.0,,414470,-0.5390949528765825,0.0,-0.4173499241975349,0.0,0.0,-0.3112824688580447,30
Polanco Seccion I/ Los Morales,2025-07,2741,2281,5022,Miguel Hidalgo,0.0,,0.0,0.0,,414470,-0.5337672612040152,0.0,-0.4173499241975349,0.0,0.0,-0.3086186230217611,31
Polanco Seccion I/ Los Morales,2025-08,2311,1959,4270,Miguel Hidalgo,0.0,,0.0,0.0,,414470,-0.5443221939784502,0.0,-0.8678676145537424,0.0,0.0,-0.3589478584445993,32
Polanco Seccion I/ Los Morales,2025-11,1914,1702,3616,Miguel Hidalgo,0.0,,0.0,0.0,,414470,-0.558882608614023,0.0,-0.9235742148543081,0.0,0.0,-0.3717987257924423,35
Polanco Seccion I/ Los Morales,2025-12,1934,1840,3774,Miguel Hidalgo,0.0,,3.0,2.0,,414470,-0.5457525329691559,0.0,0.9736789450916139,0.0,0.0,-0.17550837197541658,36
Polanco Seccion I/ Los Morales,2026-02,2332,1867,4199,Miguel Hidalgo,0.0,,0.0,0.0,,414470,-0.5519617324150106,0.0,0.0,0.0,0.0,-0.2759808662075053,38
Polanco Seccion I/ Los Morales,2026-03,2644,2109,4753,Miguel Hidalgo,0.0,,0.0,0.0,,414470,-0.5496409437410955,0.0,0.0,0.0,0.0,-0.27482047187054776,39
Polanco Seccion I/ Los Morales,2026-04,2214,1922,4136,Miguel Hidalgo,0.0,,0.0,0.0,,414470,-0.5571353533182909,-0.29804219930138437,0.0,0.0,0.0,-0.3232740065543531,40
Polanco Seccion I/ Los Morales,2026-05,2106,1986,4092,Miguel Hidalgo,0.0,,0.0,0.0,,414470,-0.5562086336022608,0.0,0.0,0.0,0.0,-0.2781043168011304,41
Polanco Seccion I/ Los Morales,2026-06,2165,2180,4345,Miguel Hidalgo,0.0,,0.0,0.0,,414470,-0.528120160633611,0.0,0.0,0.0,0.0,-0.2640600803168055,42
Popotla,2023-01,0,0,0,Miguel Hidalgo,0.0,3.057932288634092,0.0,0.0,15253.398928775398,414470,-0.4578108992635074,0.0,-1.1031193422512973,-0.039242832669553966,0.4075397667256916,-0.3043498320847473,1
Popotla,2023-02,0,0,0,Miguel Hidalgo,0.0,3.057932288634092,1.0,1.0,15253.398928775398,414470,-0.4520498443994171,0.0,-0.6719131189631579,-0.039242832669553966,0.4075397667256916,-0.2583486823238883,2
Popotla,2023-03,0,0,0,Miguel Hidalgo,0.0,3.057932288634092,2.0,2.0,15253.398928775398,414470,-0.4596991731454731,0.0,-0.407960098835215,-0.039242832669553966,0.4075397667256916,-0.23577804468412197,3
Popotla,2023-04,0,0,0,Miguel Hidalgo,0.0,3.057932288634092,0.0,0.0,15253.398928775398,414470,-0.46674837447246836,0.0,-0.7638198663195582,-0.039242832669553966,0.4075397667256916,-0.2748886220960539,4
Popotla,2023-05,0,0,0,Miguel Hidalgo,0.0,3.057932288634092,0.0,0.0,15253.398928775398,414470,-0.4746345614744004,0.0,-1.0086471000615145,-0.039242832669553966,0.4075397667256916,-0.30331443897121557,5
Popotla,2023-06,2849,2809,5658,Miguel Hidalgo,0.0,3.057932288634092,1.0,1.0,15253.398928775398,414470,-0.3392927369184301,0.0,0.2306418529438008,-0.039242832669553966,0.4075397667256916,-0.11171463139269888,6
Popotla,2023-07,3908,3813,7721,Miguel Hidalgo,0.0,3.057932288634092,1.0,1.0,15253.398928775398,414470,-0.28713261952446484,0.0,-0.4329444585468293,-0.039242832669553966,0.4075397667256916,-0.15199320384477927,7
Popotla,2023-08,4634,4439,9073,Miguel Hidalgo,0.0,3.057932288634092,1.0,1.0,15253.398928775398,414470,-0.2788164757217067,0.0,0.0,-0.039242832669553966,0.4075397667256916,-0.10454068608871728,8
Popotla,2023-09,5334,5155,10489,Miguel Hidalgo,0.0,3.057932288634092,0.0,0.0,15253.398928775398,414470,-0.26949368123708173,0.0,-0.8767571237729115,-0.039242832669553966,0.4075397667256916,-0.18755500122369595,9
Popotla,2023-12,5013,4652,9665,Miguel Hidalgo,0.0,3.057932288634092,1.0,1.0,15253.398928775398,414470,-0.316425918254373,0.0,-0.48088232623334126,-0.039242832669553966,0.4075397667256916,-0.17143363997838454,12
Popotla,2024-02,8408,8148,16556,Miguel Hidalgo,0.0,3.057932288634092,1.0,1.0,15253.398928775398,414470,-0.28120505335222046,0.0,0.17303730695087127,-0.039242832669553966,0.4075397667256916,-0.08843124420888704,14
Popotla,2024-07,10113,9639,19752,Miguel Hidalgo,0.0,3.057932288634092,0.0,0.0,15253.398928775398,414470,-0.2578366457136945,0.0,-0.6405475848094834,-0.039242832669553966,0.4075397667256916,-0.15810552956565951,19
Popotla,2024-12,9084,8559,17643,Miguel Hidalgo,0.0,3.057932288634092,1.0,1.0,15253.398928775398,414470,-0.26717549010021097,0.0,0.35962684513945675,-0.039242832669553966,0.4075397667256916,-0.06275750876402372,24
Popotla,2025-01,9968,9454,19422,Miguel Hidalgo,0.0,3.057932288634092,0.0,0.0,15253.398928775398,414470,-0.26308705677986877,0.0,-0.8202469932994618,-0.039242832669553966,0.4075397667256916,-0.1787006759477445,25
Popotla,2025-04,8846,8586,17432,Miguel Hidalgo,0.0,3.057932288634092,0.0,0.0,15253.398928775398,414470,-0.28330280442153716,-0.15394759295997215,-1.1225347864675495,-0.039242832669553966,0.4075397667256916,-0.24212946802938326,28
Popotla,2025-06,8989,7980,16969,Miguel Hidalgo,0.0,3.057932288634092,0.0,0.0,15253.398928775398,414470,-0.2679109984773787,0.0,-0.4173499241975349,-0.039242832669553966,0.4075397667256916,-0.14082293988630676,30
Popotla,2025-07,9566,8467,18033,Miguel Hidalgo,0.0,3.057932288634092,0.0,0.0,15253.398928775398,414470,-0.2674599824816827,0.0,-0.4173499241975349,-0.039242832669553966,0.4075397667256916,-0.14059743188845877,31
Popotla,2025-08,9129,8251,17380,Miguel Hidalgo,0.0,3.057932288634092,0.0,0.0,15253.398928775398,414470,-0.26817111280563793,0.0,-0.8678676145537424,-0.039242832669553966,0.4075397667256916,-0.18600476608605712,32
Popotla,2025-11,9384,8782,18166,Miguel Hidalgo,0.0,3.057932288634092,0.0,0.0,15253.398928775398,414470,-0.24973418292161015,0.0,-0.9235742148543081,-0.039242832669553966,0.4075397667256916,-0.1823569611740998,35
Popotla,2025-12,8786,8101,16887,Miguel Hidalgo,0.0,3.057932288634092,3.0,2.0,15253.398928775398,414470,-0.2377651256234488,0.0,0.9736789450916139,-0.039242832669553966,0.4075397667256916,0.01335288346957307,36
Popotla,2026-02,9033,8433,17466,Miguel Hidalgo,0.0,3.057932288634092,0.0,0.0,15253.398928775398,414470,-0.2515090813944563,0.0,0.0,-0.039242832669553966,0.4075397667256916,-0.09088698892509209,38
Popotla,2026-03,10098,9170,19268,Miguel Hidalgo,0.0,3.057932288634092,0.0,0.0,15253.398928775398,414470,-0.2445620506918422,0.0,0.0,-0.039242832669553966,0.4075397667256916,-0.08741347357378504,39
Popotla,2026-04,9709,8668,18377,Miguel Hidalgo,1.0,3.057932288634092,0.0,0.0,15253.398928775398,414470,-0.24801618560716002,0.5411818882051453,0.0,-0.039242832669553966,0.4075397667256916,-0.007963257800672148,40
Popotla,2026-05,8662,8459,17121,Miguel Hidalgo,0.0,3.057932288634092,0.0,0.0,15253.398928775398,414470,-0.27855571840652904,0.0,0.0,-0.039242832669553966,0.4075397667256916,-0.10441030743112845,41
Popotla,2026-06,7553,7371,14924,Miguel Hidalgo,0.0,3.057932288634092,0.0,0.0,15253.398928775398,414470,-0.2911811943973249,0.0,0.0,-0.039242832669553966,0.4075397667256916,-0.11072304542652639,42
Portales,2023-01,0,0,0,Benito Juarez,0.0,6.96023842576016,1.0,1.0,40872.00361785096,434153,-0.4578108992635074,0.0,0.3363168726375907,-1.049102609205743,2.6505676544996595,-0.08758238829889003,1
Portales,2023-02,0,0,0,Benito Juarez,0.0,6.96023842576016,3.0,2.0,40872.00361785096,434153,-0.4520498443994171,0.0,1.195481783090294,-1.049102609205743,2.6505676544996595,0.0012146301784254354,2
Portales,2023-03,0,0,0,Benito Juarez,0.0,6.96023842576016,6.0,4.0,40872.00361785096,434153,-0.4596991731454731,0.0,1.3038724727478443,-1.049102609205743,2.6505676544996595,0.008229034771152388,3
Portales,2023-04,0,0,0,Benito Juarez,0.0,6.96023842576016,4.0,1.0,40872.00361785096,434153,-0.46674837447246836,0.0,1.3590041777373958,-1.049102609205743,2.6505676544996595,0.010217604606609976,4
Portales,2023-05,0,0,0,Benito Juarez,0.0,6.96023842576016,2.0,2.0,40872.00361785096,434153,-0.4746345614744004,0.0,1.2397953938256114,-1.049102609205743,2.6505676544996595,-0.005646367285534526,5
Portales,2023-06,0,0,0,Benito Juarez,0.0,6.96023842576016,1.0,1.0,40872.00361785096,434153,-0.48450335550919055,0.0,0.2306418529438008,-1.049102609205743,2.6505676544996595,-0.11149611839111062,6
Portales,2023-07,0,0,0,Benito Juarez,0.0,6.96023842576016,1.0,1.0,40872.00361785096,434153,-0.48931710150558577,0.0,-0.4329444585468293,-1.049102609205743,2.6505676544996595,-0.1802616225383713,7
Portales,2023-08,0,0,0,Benito Juarez,0.0,6.96023842576016,0.0,0.0,40872.00361785096,434153,-0.49578786605561137,0.0,-0.5755432216610669,-1.049102609205743,2.6505676544996595,-0.19775688112480783,8
Portales,2023-09,1097,1214,2311,Benito Juarez,0.0,6.96023842576016,1.0,0.0,40872.00361785096,434153,-0.4571154545482731,0.0,-0.1380719879957341,-1.049102609205743,2.6505676544996595,-0.13467355200460546,9
Portales,2023-12,7287,7437,14724,Benito Juarez,0.0,6.96023842576016,2.0,2.0,40872.00361785096,434153,-0.19595565535087806,0.0,0.9484068100713118,-1.049102609205743,2.6505676544996595,0.10455422740079667,12
Portales,2024-02,19102,20058,39160,Benito Juarez,0.0,6.96023842576016,0.0,0.0,40872.00361785096,434153,0.13674800586416602,0.0,-0.8014359479829826,-1.049102609205743,2.6505676544996595,0.09592178220288927,14
Portales,2024-07,25008,25591,50599,Benito Juarez,0.0,6.96023842576016,0.0,0.0,40872.00361785096,434153,0.29556453981070274,0.0,-0.6405475848094834,-1.049102609205743,2.6505676544996595,0.19141888549350755,19
Portales,2024-12,23322,23895,47217,Benito Juarez,0.0,6.96023842576016,0.0,0.0,40872.00361785096,434153,0.3066071368526062,0.0,-1.0655610226354273,-1.049102609205743,2.6505676544996595,0.1544388402318649,24
Portales,2025-01,25789,26696,52485,Benito Juarez,0.0,6.96023842576016,2.0,1.0,40872.00361785096,434153,0.34075310711422324,0.0,0.319576750636154,-1.049102609205743,2.6505676544996595,0.31002560268983154,25
Portales,2025-04,24572,25474,50046,Benito Juarez,0.0,6.96023842576016,1.0,1.0,40872.00361785096,434153,0.33851541912696176,-0.15394759295997215,0.32458837199061674,-1.049102609205743,2.6505676544996595,0.2863157818876513,28
Portales,2025-06,23334,23797,47131,Benito Juarez,0.0,6.96023842576016,0.0,0.0,40872.00361785096,434153,0.3764446366722024,0.0,-0.4173499241975349,-1.049102609205743,2.6505676544996595,0.25417869998545223,30
Portales,2025-07,25026,25210,50236,Benito Juarez,0.0,6.96023842576016,0.0,0.0,40872.00361785096,434153,0.3916663949447468,0.0,-0.4173499241975349,-1.049102609205743,2.6505676544996595,0.26178957912172446,31
Portales,2025-08,23980,24371,48351,Benito Juarez,0.0,6.96023842576016,3.0,3.0,40872.00361785096,434153,0.38420685325104914,0.0,1.325719033255323,-1.049102609205743,2.6505676544996595,0.4323667040201614,32
Portales,2025-11,24159,25211,49370,Benito Juarez,0.0,6.96023842576016,1.0,0.0,40872.00361785096,434153,0.41326701813035194,0.0,0.08481804013968136,-1.049102609205743,2.6505676544996595,0.3228066871482486,35
Portales,2025-12,22191,22950,45141,Benito Juarez,0.0,6.96023842576016,0.0,0.0,40872.00361785096,434153,0.42584169258333904,0.0,-0.8021786763538865,-1.049102609205743,2.6505676544996595,0.2403943527253854,36
Portales,2026-02,24636,25793,50429,Benito Juarez,0.0,6.96023842576016,0.0,0.0,40872.00361785096,434153,0.4949913132381304,0.0,0.0,-1.049102609205743,2.6505676544996595,0.3551870306881697,38
Portales,2026-03,26520,27660,54180,Benito Juarez,0.0,6.96023842576016,0.0,0.0,40872.00361785096,434153,0.48922467436055417,0.0,0.0,-1.049102609205743,2.6505676544996595,0.35230371124938165,39
Portales,2026-04,26135,27055,53190,Benito Juarez,0.0,6.96023842576016,0.0,0.0,40872.00361785096,434153,0.5076446237129439,-0.29804219930138437,0.0,-1.049102609205743,2.6505676544996595,0.31680735603036886,40
Portales,2026-05,29029,30226,59255,Benito Juarez,0.0,6.96023842576016,0.0,0.0,40872.00361785096,434153,0.6193357490013273,0.0,0.0,-1.049102609205743,2.6505676544996595,0.41735924856976814,41
Portales,2026-06,24349,25275,49624,Benito Juarez,0.0,6.96023842576016,0.0,0.0,40872.00361785096,434153,0.48599832430946455,0.0,0.0,-1.049102609205743,2.6505676544996595,0.35069053622383684,42
Portales Norte,2023-01,2514,2729,5243,Benito Juarez,0.0,,1.0,1.0,,434153,-0.2388290940357823,0.0,0.3363168726375907,0.0,0.0,-0.08578285975413208,1
Portales Norte,2023-02,2478,2726,5204,Benito Juarez,0.0,,3.0,2.0,,434153,-0.2627793780791591,0.0,1.195481783090294,0.0,0.0,-0.011841510730550134,2
Portales Norte,2023-03,2774,3091,5865,Benito Juarez,0.0,,6.0,4.0,,434153,-0.28336515180023075,0.0,1.3038724727478443,0.0,0.0,-0.011295328625330947,3
Portales Norte,2023-04,2824,3076,5900,Benito Juarez,0.0,,4.0,1.0,,434153,-0.285664823450944,0.0,1.3590041777373958,0.0,0.0,-0.0069319939517324125,4
Portales Norte,2023-05,3068,3313,6381,Benito Juarez,0.0,,2.0,2.0,,434153,-0.30319709420278357,0.0,1.2397953938256114,0.0,0.0,-0.027619007718830635,5
Portales Norte,2023-06,3420,3686,7106,Benito Juarez,0.0,,1.0,1.0,,434153,-0.30213031632468296,0.0,0.2306418529438008,0.0,0.0,-0.1280009728679614,6
Portales Norte,2023-07,3651,3808,7459,Benito Juarez,0.0,,1.0,1.0,,434153,-0.2939934321496499,0.0,-0.4329444585468293,0.0,0.0,-0.19029116192950787,7
Portales Norte,2023-08,3883,3868,7751,Benito Juarez,0.0,,0.0,0.0,,434153,-0.3104307353956207,0.0,-0.5755432216610669,0.0,0.0,-0.21276968986391703,8
Portales Norte,2023-09,4286,4311,8597,Benito Juarez,0.0,,1.0,0.0,,434153,-0.31290043045507804,0.0,-0.1380719879957341,0.0,0.0,-0.17025741402711242,9
Portales Norte,2023-12,3892,3671,7563,Benito Juarez,0.0,,2.0,2.0,,434153,-0.36648096720142703,0.0,0.9484068100713118,0.0,0.0,-0.08839980259358234,12
Portales Norte,2024-02,5270,5012,10282,Benito Juarez,0.0,,0.0,0.0,,434153,-0.3972127286983366,0.0,-0.8014359479829826,0.0,0.0,-0.2787499591474666,14
Portales Norte,2024-07,5629,5048,10677,Benito Juarez,0.0,,0.0,0.0,,434153,-0.4206439125024878,0.0,-0.6405475848094834,0.0,0.0,-0.2743767147321922,19
Portales Norte,2024-12,5110,4494,9604,Benito Juarez,0.0,,0.0,0.0,,434153,-0.42314487327711287,0.0,-1.0655610226354273,0.0,0.0,-0.31812853890209913,24
Portales Norte,2025-01,5861,5145,11006,Benito Juarez,0.0,,2.0,1.0,,434153,-0.4167911616503487,0.0,0.319576750636154,0.0,0.0,-0.17643790576155893,25
Portales Norte,2025-04,5281,4909,10190,Benito Juarez,0.0,,1.0,1.0,,434153,-0.4213787097057166,-0.15394759295997215,0.32458837199061674,0.0,0.0,-0.20132265659779244,28
Portales Norte,2025-06,4935,4549,9484,Benito Juarez,0.0,,0.0,0.0,,434153,-0.4278142518788314,0.0,-0.4173499241975349,0.0,0.0,-0.25564211835916917,30
Portales Norte,2025-07,5343,5017,10360,Benito Juarez,0.0,,0.0,0.0,,434153,-0.42450984410926373,0.0,-0.4173499241975349,0.0,0.0,-0.25398991447438535,31
Portales Norte,2025-08,4727,4580,9307,Benito Juarez,0.0,,3.0,3.0,,434153,-0.43822204173836965,0.0,1.325719033255323,0.0,0.0,-0.08653911754365251,32
Portales Norte,2025-11,5737,5429,11166,Benito Juarez,0.0,,1.0,0.0,,434153,-0.39846538428565753,0.0,0.08481804013968136,0.0,0.0,-0.19075088812886062,35
Portales Norte,2025-12,5852,5552,11404,Benito Juarez,0.0,,0.0,0.0,,434153,-0.36654534025598995,0.0,-0.8021786763538865,0.0,0.0,-0.2634905377633836,36
Portales Norte,2026-02,6423,6124,12547,Benito Juarez,0.0,,0.0,0.0,,434153,-0.36290778421876524,0.0,0.0,0.0,0.0,-0.18145389210938262,38
Portales Norte,2026-03,6797,6329,13126,Benito Juarez,0.0,,0.0,0.0,,434153,-0.3736557166311129,0.0,0.0,0.0,0.0,-0.18682785831555646,39
Portales Norte,2026-04,5895,5581,11476,Benito Juarez,0.0,,0.0,0.0,,434153,-0.3978112404751127,-0.29804219930138437,0.0,0.0,0.0,-0.243611950132764,40
Portales Norte,2026-05,5696,5235,10931,Benito Juarez,0.0,,0.0,0.0,,434153,-0.4104669583375736,0.0,0.0,0.0,0.0,-0.2052334791687868,41
Portales Norte,2026-06,4507,4083,8590,Benito Juarez,0.0,,0.0,0.0,,434153,-0.4330444529416709,0.0,0.0,0.0,0.0,-0.21652222647083544,42
Postal,2023-01,0,0,0,Benito Juarez,0.0,0.5485578509484828,1.0,1.0,4091.5582470496984,434153,-0.4578108992635074,0.0,0.3363168726375907,0.6101465847258518,-0.5697312529827656,-0.16072489995739342,1
Postal,2023-02,0,0,0,Benito Juarez,0.0,0.5485578509484828,3.0,2.0,4091.5582470496984,434153,-0.4520498443994171,0.0,1.195481783090294,0.6101465847258518,-0.5697312529827656,-0.07192788148007795,2
Postal,2023-03,0,0,0,Benito Juarez,0.0,0.5485578509484828,6.0,4.0,4091.5582470496984,434153,-0.4596991731454731,0.0,1.3038724727478443,0.6101465847258518,-0.5697312529827656,-0.06491347688735088,3
Postal,2023-04,0,0,0,Benito Juarez,0.0,0.5485578509484828,4.0,1.0,4091.5582470496984,434153,-0.46674837447246836,0.0,1.3590041777373958,0.6101465847258518,-0.5697312529827656,-0.06292490705189335,4
Postal,2023-05,0,0,0,Benito Juarez,0.0,0.5485578509484828,2.0,2.0,4091.5582470496984,434153,-0.4746345614744004,0.0,1.2397953938256114,0.6101465847258518,-0.5697312529827656,-0.07878887894403785,5
Postal,2023-06,0,0,0,Benito Juarez,0.0,0.5485578509484828,1.0,1.0,4091.5582470496984,434153,-0.48450335550919055,0.0,0.2306418529438008,0.6101465847258518,-0.5697312529827656,-0.18463863004961398,6
Postal,2023-07,0,0,0,Benito Juarez,0.0,0.5485578509484828,1.0,1.0,4091.5582470496984,434153,-0.48931710150558577,0.0,-0.4329444585468293,0.6101465847258518,-0.5697312529827656,-0.2534041341968746,7
Postal,2023-08,0,0,0,Benito Juarez,0.0,0.5485578509484828,0.0,0.0,4091.5582470496984,434153,-0.49578786605561137,0.0,-0.5755432216610669,0.6101465847258518,-0.5697312529827656,-0.27089939278331115,8
Postal,2023-09,896,966,1862,Benito Juarez,0.0,0.5485578509484828,1.0,0.0,4091.5582470496984,434153,-0.467416527697787,0.0,-0.1380719879957341,0.6101465847258518,-0.5697312529827656,-0.21296660023786568,9
Postal,2023-12,2652,2888,5540,Benito Juarez,0.0,0.5485578509484828,2.0,2.0,4091.5582470496984,434153,-0.4146547845277307,0.0,0.9484068100713118,0.6101465847258518,-0.5697312529827656,-0.07793784884613295,12
Postal,2024-02,3226,3423,6649,Benito Juarez,0.0,0.5485578509484828,0.0,0.0,4091.5582470496984,434153,-0.46438771826359637,0.0,-0.8014359479829826,0.6101465847258518,-0.5697312529827656,-0.27778859151949525,14
Postal,2024-07,3927,4090,8017,Benito Juarez,0.0,0.5485578509484828,0.0,0.0,4091.5582470496984,434153,-0.46836483037115884,0.0,-0.6405475848094834,0.6101465847258518,-0.5697312529827656,-0.26368831125592657,19
Postal,2024-12,3724,3944,7668,Benito Juarez,0.0,0.5485578509484828,0.0,0.0,4091.5582470496984,434153,-0.46070635179813313,0.0,-1.0655610226354273,0.6101465847258518,-0.5697312529827656,-0.3023604157520081,24
Postal,2025-01,3937,4177,8114,Benito Juarez,0.0,0.5485578509484828,2.0,1.0,4091.5582470496984,434153,-0.4696086843791305,0.0,0.319576750636154,0.6101465847258518,-0.5697312529827656,-0.16829780471534864,25
Postal,2025-04,3419,3908,7327,Benito Juarez,0.0,0.5485578509484828,1.0,1.0,4091.5582470496984,434153,-0.4759646413307657,-0.15394759295997215,0.32458837199061674,0.6101465847258518,-0.5697312529827656,-0.19406675999971582,28
Postal,2025-06,3302,3437,6739,Benito Juarez,0.0,0.5485578509484828,0.0,0.0,4091.5582470496984,434153,-0.4864561263727509,0.0,-0.4173499241975349,0.6101465847258518,-0.5697312529827656,-0.2504141931955277,30
Postal,2025-07,3786,3906,7692,Benito Juarez,0.0,0.5485578509484828,0.0,0.0,4091.5582470496984,434153,-0.4791180848003085,0.0,-0.4173499241975349,0.6101465847258518,-0.5697312529827656,-0.24674517240930652,31
Postal,2025-08,3633,3616,7249,Benito Juarez,0.0,0.5485578509484828,3.0,3.0,4091.5582470496984,434153,-0.4815720741604633,0.0,1.325719033255323,0.6101465847258518,-0.5697312529827656,-0.07366527134409814,32
Postal,2025-11,3461,3620,7081,Benito Juarez,0.0,0.5485578509484828,1.0,0.0,4091.5582470496984,434153,-0.48526066393881945,0.0,0.08481804013968136,0.6101465847258518,-0.5697312529827656,-0.19959966554484035,35
Postal,2025-12,3221,3378,6599,Benito Juarez,0.0,0.5485578509484828,0.0,0.0,4091.5582470496984,434153,-0.47940124602096534,0.0,-0.8021786763538865,0.6101465847258518,-0.5697312529827656,-0.2853696282352701,36
Postal,2026-02,3600,3814,7414,Benito Juarez,0.0,0.5485578509484828,0.0,0.0,4091.5582470496984,434153,-0.47915286281140146,0.0,0.0,0.6101465847258518,-0.5697312529827656,-0.20502756899509952,38
Postal,2026-03,4043,4286,8329,Benito Juarez,0.0,0.5485578509484828,0.0,0.0,4091.5582470496984,434153,-0.4744799295113932,0.0,0.0,0.6101465847258518,-0.5697312529827656,-0.20269110234509538,39
Postal,2026-04,3925,4189,8114,Benito Juarez,0.0,0.5485578509484828,0.0,0.0,4091.5582470496984,434153,-0.47078776191636135,-0.29804219930138437,0.0,0.6101465847258518,-0.5697312529827656,-0.24555134844278712,40
Postal,2026-05,4151,4154,8305,Benito Juarez,0.0,0.5485578509484828,0.0,0.0,4091.5582470496984,434153,-0.46642801101268233,0.0,0.0,0.6101465847258518,-0.5697312529827656,-0.19866514309573993,41
Postal,2026-06,3595,3776,7371,Benito Juarez,0.0,0.5485578509484828,0.0,0.0,4091.5582470496984,434153,-0.46034652306569324,0.0,0.0,0.6101465847258518,-0.5697312529827656,-0.1956243991222454,42
Residencial Emperadores,2023-01,691,771,1462,Benito Juarez,0.0,0.4684523919364831,1.0,1.0,1609.028237814523,434153,-0.39674826351242326,0.0,0.3363168726375907,0.6308767063756012,-0.7870882913746639,-0.1488197676735788,1
Residencial Emperadores,2023-02,654,670,1324,Benito Juarez,0.0,0.4684523919364831,3.0,2.0,1609.028237814523,434153,-0.4038957134601355,0.0,1.195481783090294,0.6308767063756012,-0.7870882913746639,-0.06647700160216455,2
Residencial Emperadores,2023-03,698,642,1340,Benito Juarez,0.0,0.4684523919364831,6.0,4.0,1609.028237814523,434153,-0.41941143425329497,0.0,1.3038724727478443,0.6308767063756012,-0.7870882913746639,-0.06339579303298927,3
Residencial Emperadores,2023-04,687,664,1351,Benito Juarez,0.0,0.4684523919364831,4.0,1.0,1609.028237814523,434153,-0.42528331050126844,0.0,1.3590041777373958,0.6308767063756012,-0.7870882913746639,-0.06081856065802084,4
Residencial Emperadores,2023-05,757,690,1447,Benito Juarez,0.0,0.4684523919364831,2.0,2.0,1609.028237814523,434153,-0.4357582074323961,0.0,1.2397953938256114,0.6308767063756012,-0.7870882913746639,-0.07797688751476313,5
Residencial Emperadores,2023-06,714,666,1380,Benito Juarez,0.0,0.4684523919364831,1.0,1.0,1609.028237814523,434153,-0.44908613146266363,0.0,0.2306418529438008,0.6308767063756012,-0.7870882913746639,-0.18555620361807795,6
Residencial Emperadores,2023-07,684,643,1327,Benito Juarez,0.0,0.4684523919364831,1.0,1.0,1609.028237814523,434153,-0.4545678711482554,0.0,-0.4329444585468293,0.6308767063756012,-0.7870882913746639,-0.25465570460993686,7
Residencial Emperadores,2023-08,707,666,1373,Benito Juarez,0.0,0.4684523919364831,0.0,0.0,1609.028237814523,434153,-0.46295399424601685,0.0,-0.5755432216610669,0.6308767063756012,-0.7870882913746639,-0.27310864247024136,8
Residencial Emperadores,2023-09,749,687,1436,Benito Juarez,0.0,0.4684523919364831,1.0,0.0,1609.028237814523,434153,-0.47718992894877355,0.0,-0.1380719879957341,0.6308767063756012,-0.7870882913746639,-0.23647948645508637,9
Residencial Emperadores,2023-12,682,642,1324,Benito Juarez,0.0,0.4684523919364831,2.0,2.0,1609.028237814523,434153,-0.5150506391237248,0.0,0.9484068100713118,0.6308767063756012,-0.7870882913746639,-0.14676196173585745,12
Residencial Emperadores,2024-02,1122,1030,2152,Benito Juarez,0.0,0.4684523919364831,0.0,0.0,1609.028237814523,434153,-0.5475382627378527,0.0,-0.8014359479829826,0.6308767063756012,-0.7870882913746639,-0.3379900493483508,14
Residencial Emperadores,2024-07,1114,1144,2258,Benito Juarez,0.0,0.4684523919364831,0.0,0.0,1609.028237814523,434153,-0.5716824115763005,0.0,-0.6405475848094834,0.6308767063756012,-0.7870882913746639,-0.3339732874502248,19
Residencial Emperadores,2024-12,1157,1165,2322,Benito Juarez,0.0,0.4684523919364831,0.0,0.0,1609.028237814523,434153,-0.5644272527141324,0.0,-1.0655610226354273,0.6308767063756012,-0.7870882913746639,-0.37284705180173516,24
Residencial Emperadores,2025-01,1208,1217,2425,Benito Juarez,0.0,0.4684523919364831,2.0,1.0,1609.028237814523,434153,-0.5735087143943587,0.0,0.319576750636154,0.6308767063756012,-0.7870882913746639,-0.23887400531469016,25
Residencial Emperadores,2025-04,1073,1077,2150,Benito Juarez,0.0,0.4684523919364831,1.0,1.0,1609.028237814523,434153,-0.5746692756384427,-0.15394759295997215,0.32458837199061674,0.6308767063756012,-0.7870882913746639,-0.2620452627452817,28
Residencial Emperadores,2025-06,1072,1064,2136,Benito Juarez,0.0,0.4684523919364831,0.0,0.0,1609.028237814523,434153,-0.5847907523456148,0.0,-0.4173499241975349,0.6308767063756012,-0.7870882913746639,-0.31820769177368713,30
Residencial Emperadores,2025-07,1172,1160,2332,Benito Juarez,0.0,0.4684523919364831,0.0,0.0,1609.028237814523,434153,-0.5888257947343414,0.0,-0.4173499241975349,0.6308767063756012,-0.7870882913746639,-0.3202252129680504,31
Residencial Emperadores,2025-08,935,915,1850,Benito Juarez,0.0,0.4684523919364831,3.0,3.0,1609.028237814523,434153,-0.5952974507624476,0.0,1.325719033255323,0.6308767063756012,-0.7870882913746639,-0.1491541452368177,32
Residencial Emperadores,2025-11,970,991,1961,Benito Juarez,0.0,0.4684523919364831,1.0,0.0,1609.028237814523,434153,-0.5940469140793798,0.0,0.08481804013968136,0.6308767063756012,-0.7870882913746639,-0.272618976206848,35
Residencial Emperadores,2025-12,909,921,1830,Benito Juarez,0.0,0.4684523919364831,0.0,0.0,1609.028237814523,434153,-0.5914116132619992,0.0,-0.8021786763538865,0.6308767063756012,-0.7870882913746639,-0.3600009974475145,36
Residencial Emperadores,2026-02,1049,1056,2105,Benito Juarez,0.0,0.4684523919364831,0.0,0.0,1609.028237814523,434153,-0.5993837457742508,0.0,0.0,0.6308767063756012,-0.7870882913746639,-0.28376919606825163,38
Residencial Emperadores,2026-03,1268,1253,2521,Benito Juarez,0.0,0.4684523919364831,0.0,0.0,1609.028237814523,434153,-0.5965535230925205,0.0,0.0,0.6308767063756012,-0.7870882913746639,-0.2823540847273865,39
Residencial Emperadores,2026-04,1033,1028,2061,Benito Juarez,0.0,0.4684523919364831,0.0,0.0,1609.028237814523,434153,-0.6021758893059741,-0.29804219930138437,0.0,0.6308767063756012,-0.7870882913746639,-0.32987159772932095,40
Residencial Emperadores,2026-05,1055,1044,2099,Benito Juarez,0.0,0.4684523919364831,0.0,0.0,1609.028237814523,434153,-0.5986802169920139,0.0,0.0,0.6308767063756012,-0.7870882913746639,-0.2834174316771332,41
Residencial Emperadores,2026-06,1033,931,1964,Benito Juarez,0.0,0.4684523919364831,0.0,0.0,1609.028237814523,434153,-0.5814476659373823,0.0,0.0,0.6308767063756012,-0.7870882913746639,-0.27480115614981737,42
Roma Norte,2023-01,68817,71637,140454,Cuauhtemoc,0.0,18.132130641303046,2.0,1.0,25414.143707893338,545884,5.408462316730178,0.0,1.7757530875264789,-3.940224981420091,1.2971601881623784,2.4204887387209615,1
Roma Norte,2023-02,79900,83666,163566,Cuauhtemoc,0.0,18.132130641303046,2.0,2.0,25414.143707893338,545884,5.496876576457487,0.0,0.26178433206356805,-3.940224981420091,1.2971601881623784,2.313298993038325,2
Roma Norte,2023-03,98236,101988,200224,Cuauhtemoc,0.0,18.132130641303046,2.0,2.0,25414.143707893338,545884,5.560130850695924,0.0,-0.407960098835215,-3.940224981420091,1.2971601881623784,2.277951687067665,3
Roma Norte,2023-04,94208,98572,192780,Cuauhtemoc,0.0,18.132130641303046,0.0,0.0,25414.143707893338,545884,5.450079924837609,0.0,-0.7638198663195582,-3.940224981420091,1.2971601881623784,2.1873402473900727,4
Roma Norte,2023-05,105848,111779,217627,Cuauhtemoc,0.0,18.132130641303046,1.0,1.0,25414.143707893338,545884,5.37232072608557,0.0,0.11557414688204855,-3.940224981420091,1.2971601881623784,2.2364000493342138,5
Roma Norte,2023-06,112621,118457,231078,Cuauhtemoc,0.0,18.132130641303046,0.0,0.0,25414.143707893338,545884,5.446033817116428,0.0,-1.2210451038201218,-3.940224981420091,1.2971601881623784,2.1395946697794264,6
Roma Norte,2023-07,110022,115443,225465,Cuauhtemoc,0.0,18.132130641303046,4.0,2.0,25414.143707893338,545884,5.4147787707743555,0.0,2.189228582840571,-3.940224981420091,1.2971601881623784,2.4649945152744595,7
Roma Norte,2023-08,119764,126277,246041,Cuauhtemoc,0.0,18.132130641303046,5.0,4.0,25414.143707893338,545884,5.388027613845661,0.0,2.3021728866442674,-3.940224981420091,1.2971601881623784,2.462913367190481,8
Roma Norte,2023-09,125635,132621,258256,Cuauhtemoc,0.0,18.132130641303046,4.0,2.0,25414.143707893338,545884,5.414840374521534,0.0,2.077983419335798,-3.940224981420091,1.2971601881623784,2.4539008007975704,9
Roma Norte,2023-12,120551,128851,249402,Cuauhtemoc,0.0,18.132130641303046,1.0,0.0,25414.143707893338,545884,5.392445285085252,0.0,-0.48088232623334126,-3.940224981420091,1.2971601881623784,2.186816681522516,12
Roma Norte,2024-02,156087,166827,322914,Cuauhtemoc,0.0,18.132130641303046,3.0,1.0,25414.143707893338,545884,5.383423477678293,0.0,2.1219838168185787,-3.940224981420091,1.2971601881623784,2.4425923921242285,14
Roma Norte,2024-07,160159,169384,329543,Cuauhtemoc,0.0,18.132130641303046,2.0,0.0,25414.143707893338,545884,5.299874206712427,0.0,2.0472403200773686,-3.940224981420091,1.2971601881623784,2.3933434069671744,19
Roma Norte,2024-12,152258,159057,311315,Cuauhtemoc,0.0,18.132130641303046,2.0,0.0,25414.143707893338,545884,5.43052829100778,0.0,1.7848147129143406,-3.940224981420091,1.2971601881623784,2.432427888398548,24
Roma Norte,2025-01,162725,167942,330667,Cuauhtemoc,0.0,18.132130641303046,5.0,3.0,25414.143707893338,545884,5.42128011532238,0.0,2.029312366539578,-3.940224981420091,1.2971601881623784,2.4522535659183724,25
Roma Norte,2025-04,158887,161975,320862,Cuauhtemoc,0.0,18.132130641303046,2.0,2.0,25414.143707893338,545884,5.501890780275863,-0.15394759295997215,1.771711530448783,-3.940224981420091,1.2971601881623784,2.443706675842038,28
Roma Norte,2025-06,139588,146563,286151,Cuauhtemoc,0.0,18.132130641303046,1.0,0.0,25414.143707893338,545884,5.48266716546515,0.0,2.3736776938734803,-3.940224981420091,1.2971601881623784,2.5173836237231475,30
Roma Norte,2025-07,144024,152644,296668,Cuauhtemoc,0.0,18.132130641303046,1.0,1.0,25414.143707893338,545884,5.435601166299896,0.0,2.3736776938734803,-3.940224981420091,1.2971601881623784,2.49385062414052,31
Roma Norte,2025-08,141358,149453,290811,Cuauhtemoc,0.0,18.132130641303046,1.0,1.0,25414.143707893338,545884,5.491422043270886,0.0,-0.13667206528405393,-3.940224981420091,1.2971601881623784,2.270726086710262,32
Roma Norte,2025-11,143088,149083,292171,Cuauhtemoc,0.0,18.132130641303046,3.0,1.0,25414.143707893338,545884,5.572136221329219,0.0,2.1016025501276605,-3.940224981420091,1.2971601881623784,2.5349106372806,35
Roma Norte,2025-12,125211,132757,257968,Cuauhtemoc,0.0,18.132130641303046,4.0,3.0,25414.143707893338,545884,5.42454801021964,0.0,1.5656314855734474,-3.940224981420091,1.2971601881623784,2.4075194252703893,36
Roma Norte,2026-02,131248,137654,268902,Cuauhtemoc,0.0,18.132130641303046,0.0,0.0,25414.143707893338,545884,5.442665393769791,0.0,0.0,-3.940224981420091,1.2971601881623784,2.26001496848812,38
Roma Norte,2026-03,140713,147424,288137,Cuauhtemoc,0.0,18.132130641303046,0.0,0.0,25414.143707893338,545884,5.406575179432836,0.0,0.0,-3.940224981420091,1.2971601881623784,2.2419698613196424,39
Roma Norte,2026-04,135540,141411,276951,Cuauhtemoc,3.0,18.132130641303046,0.0,0.0,25414.143707893338,545884,5.364664080647876,2.219630063218205,0.0,-3.940224981420091,1.2971601881623784,2.5539588214098927,40
Roma Norte,2026-05,140056,144453,284509,Cuauhtemoc,0.0,18.132130641303046,0.0,0.0,25414.143707893338,545884,5.4195836390542365,0.0,0.0,-3.940224981420091,1.2971601881623784,2.2484740911303422,41
Roma Norte,2026-06,131474,136649,268123,Cuauhtemoc,0.0,18.132130641303046,0.0,0.0,25414.143707893338,545884,5.379743213586548,0.0,0.0,-3.940224981420091,1.2971601881623784,2.2285538783964984,42
Roma Sur,2023-01,18595,19167,37762,Cuauhtemoc,0.0,6.398193686672896,2.0,1.0,19020.550774655458,545884,1.1193760030842619,0.0,1.7757530875264789,-0.9036536478292746,0.7373714164326477,0.6754524047636524,1
Roma Sur,2023-02,21774,22437,44211,Cuauhtemoc,0.0,6.398193686672896,2.0,2.0,19020.550774655458,545884,1.155912604963559,0.0,0.26178433206356805,-0.9036536478292746,0.7373714164326477,0.5423238301570099,2
Roma Sur,2023-03,29277,29867,59144,Cuauhtemoc,0.0,6.398193686672896,2.0,2.0,19020.550774655458,545884,1.3184933858388426,0.0,-0.407960098835215,-0.9036536478292746,0.7373714164326477,0.5566397775047733,3
Roma Sur,2023-04,31142,31511,62653,Cuauhtemoc,0.0,6.398193686672896,0.0,0.0,19020.550774655458,545884,1.456205476739661,0.0,-0.7638198663195582,-0.9036536478292746,0.7373714164326477,0.5899098462067482,4
Roma Sur,2023-05,36628,36692,73320,Cuauhtemoc,0.0,6.398193686672896,1.0,1.0,19020.550774655458,545884,1.4952439999352456,0.0,0.11557414688204855,-0.9036536478292746,0.7373714164326477,0.6973685091247012,5
Roma Sur,2023-06,37309,37492,74801,Cuauhtemoc,0.0,6.398193686672896,0.0,0.0,19020.550774655458,545884,1.4352385110881005,0.0,-1.2210451038201218,-0.9036536478292746,0.7373714164326477,0.5337038396309116,6
Roma Sur,2023-07,36795,37292,74087,Cuauhtemoc,0.0,6.398193686672896,4.0,2.0,19020.550774655458,545884,1.450747879265727,0.0,2.189228582840571,-0.9036536478292746,0.7373714164326477,0.8824858923857941,7
Roma Sur,2023-08,40681,40938,81619,Cuauhtemoc,0.0,6.398193686672896,5.0,4.0,19020.550774655458,545884,1.4560459163386315,0.0,2.3021728866442674,-0.9036536478292746,0.7373714164326477,0.896429341302616,8
Roma Sur,2023-09,44836,44431,89267,Cuauhtemoc,0.0,6.398193686672896,4.0,2.0,19020.550774655458,545884,1.5378513979887725,0.0,2.077983419335798,-0.9036536478292746,0.7373714164326477,0.9149131353968396,9
Roma Sur,2023-12,42366,42312,84678,Cuauhtemoc,0.0,6.398193686672896,1.0,0.0,19020.550774655458,545884,1.4698630382943252,0.0,-0.48088232623334126,-0.9036536478292746,0.7373714164326477,0.625032380992702,12
Roma Sur,2024-02,53331,52933,106264,Cuauhtemoc,0.0,6.398193686672896,3.0,1.0,19020.550774655458,545884,1.3775161037962311,0.0,2.1219838168185787,-0.9036536478292746,0.7373714164326477,0.839145528048847,14
Roma Sur,2024-07,55661,55701,111362,Cuauhtemoc,0.0,6.398193686672896,2.0,0.0,19020.550774655458,545884,1.3856645896054625,0.0,2.0472403200773686,-0.9036536478292746,0.7373714164326477,0.8357454212793417,19
Roma Sur,2024-12,52539,52360,104899,Cuauhtemoc,0.0,6.398193686672896,2.0,0.0,19020.550774655458,545884,1.4257296596054432,0.0,1.7848147129143406,-0.9036536478292746,0.7373714164326477,0.8295353955630292,24
Roma Sur,2025-01,55936,56386,112322,Cuauhtemoc,0.0,6.398193686672896,5.0,3.0,19020.550774655458,545884,1.4335754126197968,0.0,2.029312366539578,-0.9036536478292746,0.7373714164326477,0.8579080374327298,25
Roma Sur,2025-04,55442,54986,110428,Cuauhtemoc,0.0,6.398193686672896,2.0,2.0,19020.550774655458,545884,1.4897580748669956,-0.15394759295997215,1.771711530448783,-0.9036536478292746,0.7373714164326477,0.8371471460032538,28
Roma Sur,2025-06,49930,49743,99673,Cuauhtemoc,0.0,6.398193686672896,1.0,0.0,19020.550774655458,545884,1.498907795018111,0.0,2.3736776938734803,-0.9036536478292746,0.7373714164326477,0.9250107613652772,30
Roma Sur,2025-07,52930,52639,105569,Cuauhtemoc,0.0,6.398193686672896,1.0,1.0,19020.550774655458,545884,1.5242142893066577,0.0,2.3736776938734803,-0.9036536478292746,0.7373714164326477,0.9376640085095505,31
Roma Sur,2025-08,52128,51502,103630,Cuauhtemoc,0.0,6.398193686672896,1.0,1.0,19020.550774655458,545884,1.5486123159628635,0.0,-0.13667206528405393,-0.9036536478292746,0.7373714164326477,0.6988280459219,32
Roma Sur,2025-11,50229,50165,100394,Cuauhtemoc,0.0,6.398193686672896,3.0,1.0,19020.550774655458,545884,1.4973899921873741,0.0,2.1016025501276605,-0.9036536478292746,0.7373714164326477,0.8970443455753266,35
Roma Sur,2025-12,47113,46518,93631,Cuauhtemoc,0.0,6.398193686672896,4.0,3.0,19020.550774655458,545884,1.5647351099701565,0.0,1.5656314855734474,-0.9036536478292746,0.7373714164326477,0.8771197980112966,36
Roma Sur,2026-02,48667,48310,96977,Cuauhtemoc,0.0,6.398193686672896,0.0,0.0,19020.550774655458,545884,1.5491459826965428,0.0,0.0,-0.9036536478292746,0.7373714164326477,0.712762085817145,38
Roma Sur,2026-03,52149,52070,104219,Cuauhtemoc,0.0,6.398193686672896,0.0,0.0,19020.550774655458,545884,1.5409534190585625,0.0,0.0,-0.9036536478292746,0.7373714164326477,0.7086658039981548,39
Roma Sur,2026-04,50775,50374,101149,Cuauhtemoc,1.0,6.398193686672896,0.0,0.0,19020.550774655458,545884,1.5486562215121245,0.5411818882051453,0.0,-0.9036536478292746,0.7373714164326477,0.7936944884557076,40
Roma Sur,2026-05,49834,50289,100123,Cuauhtemoc,0.0,6.398193686672896,0.0,0.0,19020.550774655458,545884,1.4902482778384725,0.0,0.0,-0.9036536478292746,0.7373714164326477,0.6833132333881098,41
Roma Sur,2026-06,45656,46512,92168,Cuauhtemoc,0.0,6.398193686672896,0.0,0.0,19020.550774655458,545884,1.4388607290317024,0.0,0.0,-0.9036536478292746,0.7373714164326477,0.6576194589847247,42
San Alvaro,2023-01,0,0,0,Azcapotzalco,0.0,0.3243558502787198,1.0,1.0,6423.966589900932,432205,-0.4578108992635074,0.0,0.3363168726375907,0.6681667846638504,-0.3655180640840393,-0.13160055107682103,1
San Alvaro,2023-02,0,0,0,Azcapotzalco,0.0,0.3243558502787198,0.0,0.0,6423.966589900932,432205,-0.4520498443994171,0.0,-1.6056105699898837,0.6681667846638504,-0.3655180640840393,-0.3229127679075233,2
San Alvaro,2023-03,0,0,0,Azcapotzalco,0.0,0.3243558502787198,0.0,0.0,6423.966589900932,432205,-0.4596991731454731,0.0,-1.2638763846267447,0.6681667846638504,-0.3655180640840393,-0.2925640137442374,3
San Alvaro,2023-04,0,0,0,Azcapotzalco,0.0,0.3243558502787198,0.0,0.0,6423.966589900932,432205,-0.46674837447246836,0.0,-0.7638198663195582,0.6681667846638504,-0.3655180640840393,-0.2460829625770164,4
San Alvaro,2023-05,0,0,0,Azcapotzalco,0.0,0.3243558502787198,0.0,0.0,6423.966589900932,432205,-0.4746345614744004,0.0,-1.0086471000615145,0.6681667846638504,-0.3655180640840393,-0.27450877945217805,5
San Alvaro,2023-06,0,0,0,Azcapotzalco,0.0,0.3243558502787198,0.0,0.0,6423.966589900932,432205,-0.48450335550919055,0.0,-1.2210451038201218,0.6681667846638504,-0.3655180640840393,-0.3006829768454339,6
San Alvaro,2023-07,0,0,0,Azcapotzalco,0.0,0.3243558502787198,2.0,1.0,6423.966589900932,432205,-0.48931710150558577,0.0,0.44111322191563745,0.6681667846638504,-0.3655180640840393,-0.13687401727005552,7
San Alvaro,2023-08,0,0,0,Azcapotzalco,0.0,0.3243558502787198,0.0,0.0,6423.966589900932,432205,-0.49578786605561137,0.0,-0.5755432216610669,0.6681667846638504,-0.3655180640840393,-0.24177504390273874,8
San Alvaro,2023-09,0,0,0,Azcapotzalco,0.0,0.3243558502787198,2.0,2.0,6423.966589900932,432205,-0.5101350092220519,0.0,0.6006131477814433,0.6681667846638504,-0.3655180640840393,-0.13133297854170803,9
San Alvaro,2023-12,0,0,0,Azcapotzalco,0.0,0.3243558502787198,2.0,2.0,6423.966589900932,432205,-0.5465791285651613,0.0,0.9484068100713118,0.6681667846638504,-0.3655180640840393,-0.11477567198427588,12
San Alvaro,2024-02,452,464,916,Azcapotzalco,0.0,0.3243558502787198,1.0,1.0,6423.966589900932,432205,-0.5703921815660006,0.0,0.17303730695087127,0.6681667846638504,-0.3655180640840393,-0.20421914879673958,14
San Alvaro,2024-07,1920,2006,3926,Azcapotzalco,0.0,0.3243558502787198,1.0,1.0,6423.966589900932,432205,-0.5417581668375999,0.0,0.7033463676339425,0.6681667846638504,-0.3655180640840393,-0.1368712353642321,19
San Alvaro,2024-12,1812,1744,3556,Azcapotzalco,0.0,0.3243558502787198,1.0,1.0,6423.966589900932,432205,-0.5404856904750109,0.0,0.35962684513945675,0.6681667846638504,-0.3655180640840393,-0.1706069494323862,24
San Alvaro,2025-01,1927,1895,3822,Azcapotzalco,0.0,0.3243558502787198,0.0,0.0,6423.966589900932,432205,-0.547994855731804,0.0,-0.8202469932994618,0.6681667846638504,-0.3655180640840393,-0.2923489159046746,25
San Alvaro,2025-04,1818,1869,3687,Azcapotzalco,0.0,0.3243558502787198,0.0,0.0,6423.966589900932,432205,-0.5453648477978209,-0.15394759295997215,-1.1225347864675495,0.6681667846638504,-0.3655180640840393,-0.3443548301984876,28
San Alvaro,2025-06,1881,1813,3694,Azcapotzalco,0.0,0.3243558502787198,0.0,0.0,6423.966589900932,432205,-0.5515069488987927,0.0,-0.4173499241975349,0.6681667846638504,-0.3655180640840393,-0.25381525557797624,30
San Alvaro,2025-07,2038,1895,3933,Azcapotzalco,0.0,0.3243558502787198,0.0,0.0,6423.966589900932,432205,-0.5560567567484483,0.0,-0.4173499241975349,0.6681667846638504,-0.3655180640840393,-0.25609015950280406,31
San Alvaro,2025-08,1972,1812,3784,Azcapotzalco,0.0,0.3243558502787198,0.0,0.0,6423.966589900932,432205,-0.5545593736466413,0.0,-0.8678676145537424,0.6681667846638504,-0.3655180640840393,-0.3003932369875213,32
San Alvaro,2025-11,1872,1748,3620,Azcapotzalco,0.0,0.3243558502787198,1.0,1.0,6423.966589900932,432205,-0.5587976193561006,0.0,0.08481804013968136,0.6681667846638504,-0.3655180640840393,-0.20724379437290857,35
San Alvaro,2025-12,1817,1659,3476,Azcapotzalco,0.0,0.3243558502787198,0.0,0.0,6423.966589900932,432205,-0.5527517129728943,0.0,-0.8021786763538865,0.6681667846638504,-0.3655180640840393,-0.2929205128306622,36
San Alvaro,2026-02,1806,1666,3472,Azcapotzalco,0.0,0.3243558502787198,0.0,0.0,6423.966589900932,432205,-0.5684258220578795,0.0,0.0,0.6681667846638504,-0.3655180640840393,-0.22053969973776616,38
San Alvaro,2026-03,1867,1742,3609,Azcapotzalco,0.0,0.3243558502787198,0.0,0.0,6423.966589900932,432205,-0.5736857424767722,0.0,0.0,0.6681667846638504,-0.3655180640840393,-0.2231696599472125,39
San Alvaro,2026-04,1825,1756,3581,Azcapotzalco,0.0,0.3243558502787198,0.0,0.0,6423.966589900932,432205,-0.5691823400523459,-0.29804219930138437,0.0,0.6681667846638504,-0.3655180640840393,-0.26562428863020704,40
San Alvaro,2026-05,1827,1688,3515,Azcapotzalco,0.0,0.3243558502787198,0.0,0.0,6423.966589900932,432205,-0.5685047217186118,0.0,0.0,0.6681667846638504,-0.3655180640840393,-0.2205791495681323,41
San Alvaro,2026-06,1705,1572,3277,Azcapotzalco,0.0,0.3243558502787198,0.0,0.0,6423.966589900932,432205,-0.5520402680105231,0.0,0.0,0.6681667846638504,-0.3655180640840393,-0.21234692271408795,42
San Angel,2023-01,0,0,0,Alvaro Obregon,0.0,2.577240782557102,0.0,0.0,3739.3219445070185,759137,-0.4578108992635074,0.0,-1.1031193422512973,0.0851531013888791,-0.6005711780793314,-0.3865015364564847,1
San Angel,2023-02,0,0,0,Alvaro Obregon,0.0,2.577240782557102,1.0,1.0,3739.3219445070185,759137,-0.4520498443994171,0.0,-0.6719131189631579,0.0851531013888791,-0.6005711780793314,-0.3405003866956256,2
San Angel,2023-03,0,0,0,Alvaro Obregon,0.0,2.577240782557102,0.0,0.0,3739.3219445070185,759137,-0.4596991731454731,0.0,-1.2638763846267447,0.0851531013888791,-0.6005711780793314,-0.40352137763501233,3
San Angel,2023-04,0,0,0,Alvaro Obregon,0.0,2.577240782557102,1.0,1.0,3739.3219445070185,759137,-0.46674837447246836,0.0,-0.2331138553053197,0.0851531013888791,-0.6005711780793314,-0.3039697253663674,4
San Angel,2023-05,0,0,0,Alvaro Obregon,0.0,2.577240782557102,1.0,0.0,3739.3219445070185,759137,-0.4746345614744004,0.0,0.11557414688204855,0.0851531013888791,-0.6005711780793314,-0.2730440186485966,5
San Angel,2023-06,0,0,0,Alvaro Obregon,0.0,2.577240782557102,3.0,3.0,3739.3219445070185,759137,-0.48450335550919055,0.0,3.134015766471646,0.0851531013888791,-0.6005711780793314,0.02386574629296808,6
San Angel,2023-07,0,0,0,Alvaro Obregon,0.0,2.577240782557102,1.0,1.0,3739.3219445070185,759137,-0.48931710150558577,0.0,-0.4329444585468293,0.0851531013888791,-0.6005711780793314,-0.3352371492070771,7
San Angel,2023-08,0,0,0,Alvaro Obregon,0.0,2.577240782557102,0.0,0.0,3739.3219445070185,759137,-0.49578786605561137,0.0,-0.5755432216610669,0.0851531013888791,-0.6005711780793314,-0.35273240779351367,8
San Angel,2023-09,0,0,0,Alvaro Obregon,0.0,2.577240782557102,0.0,0.0,3739.3219445070185,759137,-0.5101350092220519,0.0,-0.8767571237729115,0.0851531013888791,-0.6005711780793314,-0.3900273695879184,9
San Angel,2023-12,0,0,0,Alvaro Obregon,0.0,2.577240782557102,0.0,0.0,3739.3219445070185,759137,-0.5465791285651613,0.0,-1.9101714625379942,0.0851531013888791,-0.6005711780793314,-0.5115908631359813,12
San Angel,2024-02,1310,1249,2559,Alvaro Obregon,0.0,2.577240782557102,0.0,0.0,3739.3219445070185,759137,-0.5400127409230824,0.0,-0.8014359479829826,0.0851531013888791,-0.6005711780793314,-0.3974341178594407,14
San Angel,2024-07,1807,1721,3528,Alvaro Obregon,0.0,2.577240782557102,1.0,1.0,3739.3219445070185,759137,-0.5488983643232132,0.0,0.7033463676339425,0.0851531013888791,-0.6005711780793314,-0.2513986979978136,19
San Angel,2024-12,1563,1464,3027,Alvaro Obregon,0.0,2.577240782557102,0.0,0.0,3739.3219445070185,759137,-0.550749131661798,0.0,-1.0655610226354273,0.0851531013888791,-0.6005711780793314,-0.429214820694043,24
San Angel,2025-01,1827,1780,3607,Alvaro Obregon,0.0,2.577240782557102,0.0,0.0,3739.3219445070185,759137,-0.5519214696276159,0.0,-0.8202469932994618,0.0851531013888791,-0.6005711780793314,-0.4052695867433554,25
San Angel,2025-04,1893,1883,3776,Alvaro Obregon,1.0,2.577240782557102,1.0,1.0,3739.3219445070185,759137,-0.5436679746177198,1.49329165171173,0.32458837199061674,0.0851531013888791,-0.6005711780793314,-0.06266555495263998,28
San Angel,2025-06,1585,1568,3153,Alvaro Obregon,0.0,2.577240782557102,0.0,0.0,3739.3219445070185,759137,-0.5630644185167201,0.0,-0.4173499241975349,0.0851531013888791,-0.6005711780793314,-0.3705513542777148,30
San Angel,2025-07,1709,1668,3377,Alvaro Obregon,0.0,2.577240782557102,0.0,0.0,3739.3219445070185,759137,-0.5674368848684712,0.0,-0.4173499241975349,0.0851531013888791,-0.6005711780793314,-0.37273758745359037,31
San Angel,2025-08,1518,1521,3039,Alvaro Obregon,0.0,2.577240782557102,0.0,0.0,3739.3219445070185,759137,-0.5702521696400621,0.0,-0.8678676145537424,0.0851531013888791,-0.6005711780793314,-0.41919699887500655,32
San Angel,2025-11,1735,1695,3430,Alvaro Obregon,0.0,2.577240782557102,0.0,0.0,3739.3219445070185,759137,-0.5628346091074105,0.0,-0.9235742148543081,0.0851531013888791,-0.6005711780793314,-0.4210588786387373,35
San Angel,2025-12,1535,1518,3053,Alvaro Obregon,0.0,2.577240782557102,0.0,0.0,3739.3219445070185,759137,-0.5626867906292073,0.0,-0.8021786763538865,0.0851531013888791,-0.6005711780793314,-0.4088454155495936,36
San Angel,2026-02,1502,1479,2981,Alvaro Obregon,0.0,2.577240782557102,0.0,0.0,3739.3219445070185,759137,-0.5795453103861445,0.0,0.0,0.0851531013888791,-0.6005711780793314,-0.33705680779267355,38
San Angel,2026-03,1545,1537,3082,Alvaro Obregon,0.0,2.577240782557102,0.0,0.0,3739.3219445070185,759137,-0.5847623237125252,0.0,0.0,0.0851531013888791,-0.6005711780793314,-0.3396653144558639,39
San Angel,2026-04,1457,1432,2889,Alvaro Obregon,0.0,2.577240782557102,0.0,0.0,3739.3219445070185,759137,-0.5842030874757083,-0.29804219930138437,0.0,0.0851531013888791,-0.6005711780793314,-0.3840920262326631,40
San Angel,2026-05,1580,1539,3119,Alvaro Obregon,0.0,2.577240782557102,0.0,0.0,3739.3219445070185,759137,-0.5769436314137157,0.0,0.0,0.0851531013888791,-0.6005711780793314,-0.33575596830645915,41
San Angel,2026-06,1407,1416,2823,Alvaro Obregon,0.0,2.577240782557102,0.0,0.0,3739.3219445070185,759137,-0.5622085533561393,0.0,0.0,0.0851531013888791,-0.6005711780793314,-0.3283884292776709,42
San Diego Churubusco,2023-01,0,0,0,Coyoacan,0.0,0.4690852998004653,0.0,0.0,2549.473836862634,614447,-0.4578108992635074,0.0,-1.1031193422512973,0.6307129190735213,-0.7047479090157944,-0.3150852368974347,1
San Diego Churubusco,2023-02,0,0,0,Coyoacan,0.0,0.4690852998004653,1.0,0.0,2549.473836862634,614447,-0.4520498443994171,0.0,-0.6719131189631579,0.6307129190735213,-0.7047479090157944,-0.26908408713657556,2
San Diego Churubusco,2023-03,0,0,0,Coyoacan,0.0,0.4690852998004653,1.0,0.0,2549.473836862634,614447,-0.4596991731454731,0.0,-0.8359182417309798,0.6307129190735213,-0.7047479090157944,-0.2893092637863858,3
San Diego Churubusco,2023-04,0,0,0,Coyoacan,0.0,0.4690852998004653,0.0,0.0,2549.473836862634,614447,-0.46674837447246836,0.0,-0.7638198663195582,0.6307129190735213,-0.7047479090157944,-0.2856240269087413,4
San Diego Churubusco,2023-05,0,0,0,Coyoacan,0.0,0.4690852998004653,0.0,0.0,2549.473836862634,614447,-0.4746345614744004,0.0,-1.0086471000615145,0.6307129190735213,-0.7047479090157944,-0.3140498437839029,5
San Diego Churubusco,2023-06,0,0,0,Coyoacan,0.0,0.4690852998004653,1.0,1.0,2549.473836862634,614447,-0.48450335550919055,0.0,0.2306418529438008,0.6307129190735213,-0.7047479090157944,-0.19505534550076645,6
San Diego Churubusco,2023-07,0,0,0,Coyoacan,0.0,0.4690852998004653,0.0,0.0,2549.473836862634,614447,-0.48931710150558577,0.0,-1.307002139009296,0.6307129190735213,-0.7047479090157944,-0.3512266176942737,7
San Diego Churubusco,2023-08,0,0,0,Coyoacan,0.0,0.4690852998004653,0.0,0.0,2549.473836862634,614447,-0.49578786605561137,0.0,-0.5755432216610669,0.6307129190735213,-0.7047479090157944,-0.2813161082344636,8
San Diego Churubusco,2023-09,0,0,0,Coyoacan,0.0,0.4690852998004653,0.0,0.0,2549.473836862634,614447,-0.5101350092220519,0.0,-0.8767571237729115,0.6307129190735213,-0.7047479090157944,-0.31861107002886835,9
San Diego Churubusco,2023-12,590,719,1309,Coyoacan,0.0,0.4690852998004653,0.0,0.0,2549.473836862634,614447,-0.5154078350010826,0.0,-1.9101714625379942,0.6307129190735213,-0.7047479090157944,-0.4245889167948919,12
San Diego Churubusco,2024-02,2038,2229,4267,Coyoacan,0.0,0.4690852998004653,0.0,0.0,2549.473836862634,614447,-0.5084314356168715,0.0,-0.8014359479829826,0.6307129190735213,-0.7047479090157944,-0.31022716564728525,14
San Diego Churubusco,2024-07,2532,3013,5545,Coyoacan,0.0,0.4690852998004653,0.0,0.0,2549.473836862634,614447,-0.5127129916385855,0.0,-0.6405475848094834,0.6307129190735213,-0.7047479090157944,-0.2962791073407923,19
San Diego Churubusco,2024-12,2581,3043,5624,Coyoacan,0.0,0.4690852998004653,1.0,0.0,2549.473836862634,614447,-0.5003632020548302,0.0,0.35962684513945675,0.6307129190735213,-0.7047479090157944,-0.19008676955402065,24
San Diego Churubusco,2025-01,2818,3492,6310,Coyoacan,0.0,0.4690852998004653,0.0,0.0,2549.473836862634,614447,-0.5025557144630595,0.0,-0.8202469932994618,0.6307129190735213,-0.7047479090157944,-0.3091704096020272,25
San Diego Churubusco,2025-04,2992,3554,6546,Coyoacan,0.0,0.4690852998004653,1.0,0.0,2549.473836862634,614447,-0.49085518013592233,-0.15394759295997215,0.32458837199061674,0.6307129190735213,-0.7047479090157944,-0.21192874485344654,28
San Diego Churubusco,2025-06,2720,3241,5961,Coyoacan,0.0,0.4690852998004653,0.0,0.0,2549.473836862634,614447,-0.5030766649360549,0.0,-0.4173499241975349,0.6307129190735213,-0.7047479090157944,-0.26914117792833214,30
San Diego Churubusco,2025-07,2727,3212,5939,Coyoacan,0.0,0.4690852998004653,0.0,0.0,2549.473836862634,614447,-0.5149982369485099,0.0,-0.4173499241975349,0.6307129190735213,-0.7047479090157944,-0.27510196393455966,31
San Diego Churubusco,2025-08,2673,3006,5679,Coyoacan,0.0,0.4690852998004653,0.0,0.0,2549.473836862634,614447,-0.514642798602974,0.0,-0.8678676145537424,0.6307129190735213,-0.7047479090157944,-0.3199760137974125,32
San Diego Churubusco,2025-11,3007,3670,6677,Coyoacan,0.0,0.4690852998004653,0.0,0.0,2549.473836862634,614447,-0.49384457898897305,0.0,-0.9235742148543081,0.6307129190735213,-0.7047479090157944,-0.31514756402046856,35
San Diego Churubusco,2025-12,2374,2922,5296,Coyoacan,0.0,0.4690852998004653,0.0,0.0,2549.473836862634,614447,-0.510005043151405,0.0,-0.8021786763538865,0.6307129190735213,-0.7047479090157944,-0.31108824225164244,36
San Diego Churubusco,2026-02,2927,3466,6393,Coyoacan,0.0,0.4690852998004653,0.0,0.0,2549.473836862634,614447,-0.5022750574817856,0.0,0.0,0.6307129190735213,-0.7047479090157944,-0.22700538178144403,38
San Diego Churubusco,2026-03,3169,4005,7174,Coyoacan,0.0,0.4690852998004653,0.0,0.0,2549.473836862634,614447,-0.4987559282349128,0.0,0.0,0.6307129190735213,-0.7047479090157944,-0.22524581715800768,39
San Diego Churubusco,2026-04,2965,3515,6480,Coyoacan,0.0,0.4690852998004653,0.0,0.0,2549.473836862634,614447,-0.5062558273640116,-0.29804219930138437,0.0,0.6307129190735213,-0.7047479090157944,-0.27370209661776473,40
San Diego Churubusco,2026-05,2884,3481,6365,Coyoacan,0.0,0.4690852998004653,0.0,0.0,2549.473836862634,614447,-0.5077701443674847,0.0,0.0,0.6307129190735213,-0.7047479090157944,-0.22975292522429358,41
San Diego Churubusco,2026-06,2387,2815,5202,Coyoacan,0.0,0.4690852998004653,0.0,0.0,2549.473836862634,614447,-0.508925842260939,0.0,0.0,0.6307129190735213,-0.7047479090157944,-0.2303307741710207,42
San Jose Insurgentes,2023-01,1,2,3,Benito Juarez,0.0,1.925632631520763,1.0,1.0,6844.609186001575,434153,-0.45768559973734235,0.0,0.3363168726375907,0.25377976435985194,-0.3286888501088644,-0.19001303296182076,1
San Jose Insurgentes,2023-02,1645,1567,3212,Benito Juarez,0.0,1.925632631520763,3.0,2.0,6844.609186001575,434153,-0.3352287956252686,0.0,1.195481783090294,0.25377976435985194,-0.3286888501088644,-0.04286813986051353,2
San Jose Insurgentes,2023-03,2723,2506,5229,Benito Juarez,0.0,1.925632631520763,6.0,4.0,6844.609186001575,434153,-0.30248679503562276,0.0,1.3038724727478443,0.25377976435985194,-0.3286888501088644,-0.01565807059993559,3
San Jose Insurgentes,2023-04,3169,3043,6212,Benito Juarez,0.0,1.925632631520763,4.0,1.0,6844.609186001575,434153,-0.2760888797359075,0.0,1.3590041777373958,0.25377976435985194,-0.3286888501088644,0.0030540575488771995,4
San Jose Insurgentes,2023-05,4251,4024,8275,Benito Juarez,0.0,1.925632631520763,2.0,2.0,6844.609186001575,434153,-0.2523112513862278,0.0,1.2397953938256114,0.25377976435985194,-0.3286888501088644,0.0030219933325386153,5
San Jose Insurgentes,2023-06,4640,4381,9021,Benito Juarez,0.0,1.925632631520763,1.0,1.0,6844.609186001575,434153,-0.2529825017963503,0.0,0.2306418529438008,0.25377976435985194,-0.3286888501088644,-0.0982289859607037,6
San Jose Insurgentes,2023-07,5313,5140,10453,Benito Juarez,0.0,1.925632631520763,1.0,1.0,6844.609186001575,434153,-0.2155916268068865,0.0,-0.4329444585468293,0.25377976435985194,-0.3286888501088644,-0.14589217961503484,7
San Jose Insurgentes,2023-08,7288,7300,14588,Benito Juarez,0.0,1.925632631520763,0.0,0.0,6844.609186001575,434153,-0.14693096732410013,0.0,-0.5755432216610669,0.25377976435985194,-0.3286888501088644,-0.1258217261850654,8
San Jose Insurgentes,2023-09,8233,8050,16283,Benito Juarez,0.0,1.925632631520763,1.0,0.0,6844.609186001575,434153,-0.1365662473210823,0.0,-0.1380719879957341,0.25377976435985194,-0.3286888501088644,-0.07689224281702321,9
San Jose Insurgentes,2023-12,8178,7394,15572,Benito Juarez,0.0,1.925632631520763,2.0,2.0,6844.609186001575,434153,-0.17576218175092478,0.0,0.9484068100713118,0.25377976435985194,-0.3286888501088644,0.012157669774760141,12
San Jose Insurgentes,2024-02,11257,9814,21071,Benito Juarez,0.0,1.925632631520763,0.0,0.0,6844.609186001575,434153,-0.19772168481736005,0.0,-0.8014359479829826,0.25377976435985194,-0.3286888501088644,-0.17380635756388693,14
San Jose Insurgentes,2024-07,12778,10747,23525,Benito Juarez,0.0,1.925632631520763,0.0,0.0,6844.609186001575,434153,-0.19014829115786896,0.0,-0.6405475848094834,0.25377976435985194,-0.3286888501088644,-0.15393082441679148,19
San Jose Insurgentes,2024-12,11142,9377,20519,Benito Juarez,0.0,1.925632631520763,0.0,0.0,6844.609186001575,434153,-0.21137651684274486,0.0,-1.0655610226354273,0.25377976435985194,-0.3286888501088644,-0.20704628104182382,24
San Jose Insurgentes,2025-01,11947,10399,22346,Benito Juarez,0.0,1.925632631520763,2.0,1.0,6844.609186001575,434153,-0.20968510779682653,0.0,0.319576750636154,0.25377976435985194,-0.3286888501088644,-0.0676867991917065,25
San Jose Insurgentes,2025-04,11159,9561,20720,Benito Juarez,0.0,1.925632631520763,1.0,1.0,6844.609186001575,434153,-0.22061382671173568,-0.15394759295997215,0.32458837199061674,0.25377976435985194,-0.3286888501088644,-0.09574213545771063,28
San Jose Insurgentes,2025-06,11204,9455,20659,Benito Juarez,0.0,1.925632631520763,0.0,0.0,6844.609186001575,434153,-0.18908093768227383,0.0,-0.4173499241975349,0.25377976435985194,-0.3286888501088644,-0.13107738161779905,30
San Jose Insurgentes,2025-07,11843,9938,21781,Benito Juarez,0.0,1.925632631520763,0.0,0.0,6844.609186001575,434153,-0.1907464569531835,0.0,-0.4173499241975349,0.25377976435985194,-0.3286888501088644,-0.1319101412532539,31
San Jose Insurgentes,2025-08,10214,9011,19225,Benito Juarez,0.0,1.925632631520763,3.0,3.0,6844.609186001575,434153,-0.2293077455467639,0.0,1.325719033255323,0.25377976435985194,-0.3286888501088644,0.023116110195241714,32
San Jose Insurgentes,2025-11,10998,9090,20088,Benito Juarez,0.0,1.925632631520763,1.0,0.0,6844.609186001575,434153,-0.20889684448993884,0.0,0.08481804013968136,0.25377976435985194,-0.3286888501088644,-0.09076853858790992,35
San Jose Insurgentes,2025-12,9853,8372,18225,Benito Juarez,0.0,1.925632631520763,0.0,0.0,6844.609186001575,434153,-0.2063392771502881,0.0,-0.8021786763538865,0.25377976435985194,-0.3286888501088644,-0.17818942656744136,36
San Jose Insurgentes,2026-02,9943,8627,18570,Benito Juarez,0.0,1.925632631520763,0.0,0.0,6844.609186001575,434153,-0.22650721761766493,0.0,0.0,0.25377976435985194,-0.3286888501088644,-0.10805552916574113,38
San Jose Insurgentes,2026-03,10522,9082,19604,Benito Juarez,0.0,1.925632631520763,0.0,0.0,6844.609186001575,434153,-0.23749994197227284,0.0,0.0,0.25377976435985194,-0.3286888501088644,-0.11355189134304508,39
San Jose Insurgentes,2026-04,10123,8910,19033,Benito Juarez,1.0,1.925632631520763,0.0,0.0,6844.609186001575,434153,-0.233776864350331,0.5411818882051453,0.0,0.25377976435985194,-0.3286888501088644,-0.030513069301302348,40
San Jose Insurgentes,2026-05,10542,9133,19675,Benito Juarez,0.0,1.925632631520763,0.0,0.0,6844.609186001575,434153,-0.22412901294871196,0.0,0.0,0.25377976435985194,-0.3286888501088644,-0.10686642683126463,41
San Jose Insurgentes,2026-06,8983,7901,16884,Benito Juarez,0.0,1.925632631520763,0.0,0.0,6844.609186001575,434153,-0.24728286999774834,0.0,0.0,0.25377976435985194,-0.3286888501088644,-0.11844335535578282,42
San Mateo,2023-01,0,0,0,Coyoacan,0.0,0.1966449891211842,0.0,0.0,2531.2450906273116,614447,-0.4578108992635074,0.0,-1.1031193422512973,0.7012164883974421,-0.7063439204559655,-0.3046693026428637,1
San Mateo,2023-02,0,0,0,Coyoacan,0.0,0.1966449891211842,1.0,0.0,2531.2450906273116,614447,-0.4520498443994171,0.0,-0.6719131189631579,0.7012164883974421,-0.7063439204559655,-0.25866815288200457,2
San Mateo,2023-03,0,0,0,Coyoacan,0.0,0.1966449891211842,1.0,0.0,2531.2450906273116,614447,-0.4596991731454731,0.0,-0.8359182417309798,0.7012164883974421,-0.7063439204559655,-0.2788933295318148,3
San Mateo,2023-04,0,0,0,Coyoacan,0.0,0.1966449891211842,0.0,0.0,2531.2450906273116,614447,-0.46674837447246836,0.0,-0.7638198663195582,0.7012164883974421,-0.7063439204559655,-0.2752080926541703,4
San Mateo,2023-05,0,0,0,Coyoacan,0.0,0.1966449891211842,0.0,0.0,2531.2450906273116,614447,-0.4746345614744004,0.0,-1.0086471000615145,0.7012164883974421,-0.7063439204559655,-0.3036339095293319,5
San Mateo,2023-06,0,0,0,Coyoacan,0.0,0.1966449891211842,1.0,1.0,2531.2450906273116,614447,-0.48450335550919055,0.0,0.2306418529438008,0.7012164883974421,-0.7063439204559655,-0.18463941124619543,6
San Mateo,2023-07,0,0,0,Coyoacan,0.0,0.1966449891211842,0.0,0.0,2531.2450906273116,614447,-0.48931710150558577,0.0,-1.307002139009296,0.7012164883974421,-0.7063439204559655,-0.3408106834397028,7
San Mateo,2023-08,0,0,0,Coyoacan,0.0,0.1966449891211842,0.0,0.0,2531.2450906273116,614447,-0.49578786605561137,0.0,-0.5755432216610669,0.7012164883974421,-0.7063439204559655,-0.27090017397989263,8
San Mateo,2023-09,537,511,1048,Coyoacan,0.0,0.1966449891211842,0.0,0.0,2531.2450906273116,614447,-0.4860915244543669,0.0,-0.8767571237729115,0.7012164883974421,-0.7063439204559655,-0.29617339339045484,9
San Mateo,2023-12,1625,1468,3093,Coyoacan,0.0,0.1966449891211842,0.0,0.0,2531.2450906273116,614447,-0.472925338654011,0.0,-1.9101714625379942,0.7012164883974421,-0.7063439204559655,-0.39293173436678513,12
San Mateo,2024-02,2497,2324,4821,Coyoacan,0.0,0.1966449891211842,0.0,0.0,2531.2450906273116,614447,-0.49818785064050114,0.0,-0.8014359479829826,0.7012164883974421,-0.7063439204559655,-0.2946894389045291,14
San Mateo,2024-07,2441,2275,4716,Coyoacan,0.0,0.1966449891211842,0.0,0.0,2531.2450906273116,614447,-0.5275854130344984,0.0,-0.6405475848094834,0.7012164883974421,-0.7063439204559655,-0.29329938378417775,19
San Mateo,2024-12,1995,1902,3897,Coyoacan,0.0,0.1966449891211842,1.0,0.0,2531.2450906273116,614447,-0.533869748235513,0.0,0.35962684513945675,0.7012164883974421,-0.7063439204559655,-0.19642410838979107,24
San Mateo,2025-01,2068,1901,3969,Coyoacan,0.0,0.1966449891211842,0.0,0.0,2531.2450906273116,614447,-0.5453101476262954,0.0,-0.8202469932994618,0.7012164883974421,-0.7063439204559655,-0.3201316919290741,25
San Mateo,2025-04,1893,1816,3709,Coyoacan,0.0,0.1966449891211842,1.0,0.0,2531.2450906273116,614447,-0.5449453960004925,-0.15394759295997215,0.32458837199061674,0.7012164883974421,-0.7063439204559655,-0.22855791853116064,28
San Mateo,2025-06,1918,1805,3723,Coyoacan,0.0,0.1966449891211842,0.0,0.0,2531.2450906273116,614447,-0.5508874172556876,0.0,-0.4173499241975349,0.7012164883974421,-0.7063439204559655,-0.2826306198335775,30
San Mateo,2025-07,1971,1870,3841,Coyoacan,0.0,0.1966449891211842,0.0,0.0,2531.2450906273116,614447,-0.5579397995308982,0.0,-0.4173499241975349,0.7012164883974421,-0.7063439204559655,-0.28615681097118284,31
San Mateo,2025-08,1963,1901,3864,Coyoacan,0.0,0.1966449891211842,0.0,0.0,2531.2450906273116,614447,-0.5528742411909721,0.0,-0.8678676145537424,0.7012164883974421,-0.7063439204559655,-0.3286758008368405,32
San Mateo,2025-11,2111,2007,4118,Coyoacan,0.0,0.1966449891211842,0.0,0.0,2531.2450906273116,614447,-0.5482164567447727,0.0,-0.9235742148543081,0.7012164883974421,-0.7063439204559655,-0.3319175686437974,35
San Mateo,2025-12,2103,1915,4018,Coyoacan,0.0,0.1966449891211842,0.0,0.0,2531.2450906273116,614447,-0.5400216607513298,0.0,-0.8021786763538865,0.7012164883974421,-0.7063439204559655,-0.3156806167970338,36
San Mateo,2026-02,2075,2032,4107,Coyoacan,0.0,0.1966449891211842,0.0,0.0,2531.2450906273116,614447,-0.5540452210630765,0.0,0.0,0.7012164883974421,-0.7063439204559655,-0.2424745293175185,38
San Mateo,2026-03,2406,2351,4757,Coyoacan,0.0,0.1966449891211842,0.0,0.0,2531.2450906273116,614447,-0.5495568710182436,0.0,0.0,0.7012164883974421,-0.7063439204559655,-0.24023035429510203,39
San Mateo,2026-04,2090,2055,4145,Coyoacan,0.0,0.1966449891211842,0.0,0.0,2531.2450906273116,614447,-0.5569399967766576,-0.29804219930138437,0.0,0.7012164883974421,-0.7063439204559655,-0.28862824706951673,40
San Mateo,2026-05,2406,2297,4703,Coyoacan,0.0,0.1966449891211842,0.0,0.0,2531.2450906273116,614447,-0.5431879926332999,0.0,0.0,0.7012164883974421,-0.7063439204559655,-0.23704591510263018,41
San Mateo,2026-06,2227,2249,4476,Coyoacan,0.0,0.1966449891211842,0.0,0.0,2531.2450906273116,614447,-0.5251861399722106,0.0,0.0,0.7012164883974421,-0.7063439204559655,-0.22804498877208557,42
San Miguel Chapultepec,2023-01,8327,8184,16511,Miguel Hidalgo,0.0,5.825950295810988,0.0,0.0,11771.838503104907,414470,0.2317959262400151,0.0,-1.1031193422512973,-0.7555654244779121,0.10271297297454025,-0.09747748747935497,1
San Miguel Chapultepec,2023-02,9467,9167,18634,Miguel Hidalgo,0.0,5.825950295810988,1.0,1.0,11771.838503104907,414470,0.22567226732458143,0.0,-0.6719131189631579,-0.7555654244779121,0.10271297297454025,-0.05741869460825786,2
San Miguel Chapultepec,2023-03,12759,12194,24953,Miguel Hidalgo,0.0,5.825950295810988,2.0,2.0,11771.838503104907,414470,0.29052466907581104,0.0,-0.407960098835215,-0.7555654244779121,0.10271297297454025,0.001402808280151234,3
San Miguel Chapultepec,2023-04,13217,12555,25772,Miguel Hidalgo,0.0,5.825950295810988,0.0,0.0,11771.838503104907,414470,0.3242491300913833,0.0,-0.7638198663195582,-0.7555654244779121,0.10271297297454025,-0.017320937960496975,4
San Miguel Chapultepec,2023-05,15507,14557,30064,Miguel Hidalgo,0.0,5.825950295810988,0.0,0.0,11771.838503104907,414470,0.33309087592630326,0.0,-1.0086471000615145,-0.7555654244779121,0.10271297297454025,-0.0373827884172326,5
San Miguel Chapultepec,2023-06,15944,15125,31069,Miguel Hidalgo,0.0,5.825950295810988,1.0,1.0,11771.838503104907,414470,0.312871813984683,0.0,0.2306418529438008,-0.7555654244779121,0.10271297297454025,0.07643657591248879,6
San Miguel Chapultepec,2023-07,15410,14418,29828,Miguel Hidalgo,0.0,5.825950295810988,1.0,1.0,11771.838503104907,414470,0.29176808545632005,0.0,-0.4329444585468293,-0.7555654244779121,0.10271297297454025,-0.0004739195007556901,7
San Miguel Chapultepec,2023-08,16357,15320,31677,Miguel Hidalgo,0.0,5.825950295810988,1.0,1.0,11771.838503104907,414470,0.2617347539826448,0.0,0.0,-0.7555654244779121,0.10271297297454025,0.027803860617089608,8
San Miguel Chapultepec,2023-09,18027,16742,34769,Miguel Hidalgo,0.0,5.825950295810988,0.0,0.0,11771.838503104907,414470,0.28754430555623295,0.0,-0.8767571237729115,-0.7555654244779121,0.10271297297454025,-0.04696707597340747,9
San Miguel Chapultepec,2023-12,17489,16088,33577,Miguel Hidalgo,0.0,5.825950295810988,1.0,1.0,11771.838503104907,414470,0.252991936370725,0.0,-0.48088232623334126,-0.7555654244779121,0.10271297297454025,-0.024655780812204424,12
San Miguel Chapultepec,2024-02,22341,20531,42872,Miguel Hidalgo,0.0,5.825950295810988,1.0,1.0,11771.838503104907,414470,0.205383723250966,0.0,0.17303730695087127,-0.7555654244779121,0.10271297297454025,0.016932075946337336,14
San Miguel Chapultepec,2024-07,24967,22165,47132,Miguel Hidalgo,0.0,5.825950295810988,0.0,0.0,11771.838503104907,414470,0.2333658848292431,0.0,-0.6405475848094834,-0.7555654244779121,0.10271297297454025,-0.05043533244055958,19
San Miguel Chapultepec,2024-12,26852,23132,49984,Miguel Hidalgo,0.0,5.825950295810988,1.0,1.0,11771.838503104907,414470,0.3602913367842504,0.0,0.35962684513945675,-0.7555654244779121,0.10271297297454025,0.11304483653183808,24
San Miguel Chapultepec,2025-01,29586,25415,55001,Miguel Hidalgo,0.0,5.825950295810988,0.0,0.0,11771.838503104907,414470,0.3867036213554456,0.0,-0.8202469932994618,-0.7555654244779121,0.10271297297454025,0.008263594973543835,25
San Miguel Chapultepec,2025-04,29095,24706,53801,Miguel Hidalgo,0.0,5.825950295810988,0.0,0.0,11771.838503104907,414470,0.41010821453459695,-0.15394759295997215,-1.1225347864675495,-0.7555654244779121,0.10271297297454025,-0.033355026697685065,28
San Miguel Chapultepec,2025-06,25953,22583,48536,Miguel Hidalgo,0.0,5.825950295810988,0.0,0.0,11771.838503104907,414470,0.4064598766226421,0.0,-0.4173499241975349,-0.7555654244779121,0.10271297297454025,0.05843142951733477,30
San Miguel Chapultepec,2025-07,27111,23870,50981,Miguel Hidalgo,0.0,5.825950295810988,0.0,0.0,11771.838503104907,414470,0.40691494791132415,0.0,-0.4173499241975349,-0.7555654244779121,0.10271297297454025,0.0586589651616758,31
San Miguel Chapultepec,2025-08,25432,22557,47989,Miguel Hidalgo,0.0,5.825950295810988,0.0,0.0,11771.838503104907,414470,0.3765816288891454,0.0,-0.8678676145537424,-0.7555654244779121,0.10271297297454025,-0.001559463385034314,32
San Miguel Chapultepec,2025-11,25336,22751,48087,Miguel Hidalgo,0.0,5.825950295810988,0.0,0.0,11771.838503104907,414470,0.38600671365177014,0.0,-0.9235742148543081,-0.7555654244779121,0.10271297297454025,-0.0024175810337785306,35
San Miguel Chapultepec,2025-12,22796,20157,42953,Miguel Hidalgo,0.0,5.825950295810988,3.0,2.0,11771.838503104907,414470,0.3744517400726697,0.0,0.9736789450916139,-0.7555654244779121,0.10271297297454025,0.18153024817126345,36
San Miguel Chapultepec,2026-02,26218,23189,49407,Miguel Hidalgo,0.0,5.825950295810988,0.0,0.0,11771.838503104907,414470,0.47184647195200646,0.0,0.0,-0.7555654244779121,0.10271297297454025,0.13285971960177045,38
San Miguel Chapultepec,2026-03,28759,24971,53730,Miguel Hidalgo,0.0,5.825950295810988,0.0,0.0,11771.838503104907,414470,0.47976649303970237,0.0,0.0,-0.7555654244779121,0.10271297297454025,0.13681973014561838,39
San Miguel Chapultepec,2026-04,28221,24184,52405,Miguel Hidalgo,0.0,5.825950295810988,0.0,0.0,11771.838503104907,414470,0.4906051920260373,-0.29804219930138437,0.0,-0.7555654244779121,0.10271297297454025,0.09753274974357823,40
San Miguel Chapultepec,2026-05,27060,23863,50923,Miguel Hidalgo,0.0,5.825950295810988,0.0,0.0,11771.838503104907,414470,0.44177767935585666,0.0,0.0,-0.7555654244779121,0.10271297297454025,0.11782532330369555,41
San Miguel Chapultepec,2026-06,22780,19731,42511,Miguel Hidalgo,0.0,5.825950295810988,0.0,0.0,11771.838503104907,414470,0.32668772152671544,0.0,0.0,-0.7555654244779121,0.10271297297454025,0.06028034438912493,42
San Pedro de los Pinos,2023-01,7453,7074,14527,Benito Juarez,0.0,2.3872439082131787,1.0,1.0,15584.34031547826,434153,0.14893117293621833,0.0,0.3363168726375907,0.13432151471301554,0.4365152229850113,0.1718970232373217,1
San Pedro de los Pinos,2023-02,7434,7108,14542,Benito Juarez,0.0,2.3872439082131787,3.0,2.0,15584.34031547826,434153,0.07684545176299498,0.0,1.195481783090294,0.13432151471301554,0.4365152229850113,0.22177065369598037,2
San Pedro de los Pinos,2023-03,9219,8557,17776,Benito Juarez,0.0,2.3872439082131787,6.0,4.0,15584.34031547826,434153,0.07474474218837643,0.0,1.3038724727478443,0.13432151471301554,0.4365152229850113,0.23155936787442613,3
San Pedro de los Pinos,2023-04,10715,9589,20304,Benito Juarez,0.0,2.3872439082131787,4.0,1.0,15584.34031547826,434153,0.15642457805990959,0.0,1.3590041777373958,0.13432151471301554,0.4365152229850113,0.27791245630914785,4
San Pedro de los Pinos,2023-05,13126,11661,24787,Benito Juarez,0.0,2.3872439082131787,2.0,2.0,15584.34031547826,434153,0.19131442790995434,0.0,1.2397953938256114,0.13432151471301554,0.4365152229850113,0.28343650284299177,5
San Pedro de los Pinos,2023-06,12955,11771,24726,Benito Juarez,0.0,2.3872439082131787,1.0,1.0,15584.34031547826,434153,0.15008090664618998,0.0,0.2306418529438008,0.13432151471301554,0.4365152229850113,0.16190438812292854,6
San Pedro de los Pinos,2023-07,12568,11085,23653,Benito Juarez,0.0,2.3872439082131787,1.0,1.0,15584.34031547826,434153,0.1300676352253368,0.0,-0.4329444585468293,0.13432151471301554,0.4365152229850113,0.08553912126343893,7
San Pedro de los Pinos,2023-08,14333,12494,26827,Benito Juarez,0.0,2.3872439082131787,0.0,0.0,15584.34031547826,434153,0.14575203127577413,0.0,-0.5755432216610669,0.13432151471301554,0.4365152229850113,0.07912144297723384,8
San Pedro de los Pinos,2023-09,15172,13089,28261,Benito Juarez,0.0,2.3872439082131787,1.0,0.0,15584.34031547826,434153,0.13823610052942523,0.0,-0.1380719879957341,0.13432151471301554,0.4365152229850113,0.11911060097059267,9
San Pedro de los Pinos,2023-12,15209,13093,28302,Benito Juarez,0.0,2.3872439082131787,2.0,2.0,15584.34031547826,434153,0.12737805283327966,0.0,0.9484068100713118,0.13432151471301554,0.4365152229850113,0.22232945692922448,12
San Pedro de los Pinos,2024-02,19360,17143,36503,Benito Juarez,0.0,2.3872439082131787,0.0,0.0,15584.34031547826,434153,0.08761947647388382,0.0,-0.8014359479829826,0.13432151471301554,0.4365152229850113,0.02746589294409712,14
San Pedro de los Pinos,2024-07,19936,17315,37251,Benito Juarez,0.0,2.3872439082131787,0.0,0.0,15584.34031547826,434153,0.05609882112234876,0.0,-0.6405475848094834,0.13432151471301554,0.4365152229850113,0.027794401585679508,19
San Pedro de los Pinos,2024-12,18290,16204,34494,Benito Juarez,0.0,2.3872439082131787,0.0,0.0,15584.34031547826,434153,0.05976070543579779,0.0,-1.0655610226354273,0.13432151471301554,0.4365152229850113,-0.01287600004019037,24
San Pedro de los Pinos,2025-01,19006,17481,36487,Benito Juarez,0.0,2.3872439082131787,2.0,1.0,15584.34031547826,434153,0.04857650662492453,0.0,0.319576750636154,0.13432151471301554,0.4365152229850113,0.12004567788153114,25
San Pedro de los Pinos,2025-04,17223,15766,32989,Benito Juarez,0.0,2.3872439082131787,1.0,1.0,15584.34031547826,434153,0.013306814261972942,-0.15394759295997215,0.32458837199061674,0.13432151471301554,0.4365152229850113,0.07981985489150578,28
San Pedro de los Pinos,2025-06,15742,14026,29768,Benito Juarez,0.0,2.3872439082131787,0.0,0.0,15584.34031547826,434153,0.005516087733067828,0.0,-0.4173499241975349,0.13432151471301554,0.4365152229850113,0.02482280095223388,30
San Pedro de los Pinos,2025-07,17751,15261,33012,Benito Juarez,0.0,2.3872439082131787,0.0,0.0,15584.34031547826,434153,0.0391280375000112,0.0,-0.4173499241975349,0.13432151471301554,0.4365152229850113,0.04162877583570557,31
San Pedro de los Pinos,2025-08,18187,15499,33686,Benito Juarez,0.0,2.3872439082131787,3.0,3.0,15584.34031547826,434153,0.07530100997116423,0.0,1.325719033255323,0.13432151471301554,0.4365152229850113,0.2340221578165679,32
San Pedro de los Pinos,2025-11,18206,15571,33777,Benito Juarez,0.0,2.3872439082131787,1.0,0.0,15584.34031547826,434153,0.08195764343469611,0.0,0.08481804013968136,0.13432151471301554,0.4365152229850113,0.11326037523676966,35
San Pedro de los Pinos,2025-12,16343,13916,30259,Benito Juarez,0.0,2.3872439082131787,0.0,0.0,15584.34031547826,434153,0.07630546165839332,0.0,-0.8021786763538865,0.13432151471301554,0.4365152229850113,0.02173461269926146,36
San Pedro de los Pinos,2026-02,16998,14427,31425,Benito Juarez,0.0,2.3872439082131787,0.0,0.0,15584.34031547826,434153,0.06461502771807219,0.0,0.0,0.13432151471301554,0.4365152229850113,0.09610726336448955,38
San Pedro de los Pinos,2026-03,18154,15323,33477,Benito Juarez,0.0,2.3872439082131787,0.0,0.0,15584.34031547826,434153,0.05408527905923193,0.0,0.0,0.13432151471301554,0.4365152229850113,0.09084238903506943,39
San Pedro de los Pinos,2026-04,17152,14940,32092,Benito Juarez,0.0,2.3872439082131787,0.0,0.0,15584.34031547826,434153,0.049685477559623256,-0.29804219930138437,0.0,0.13432151471301554,0.4365152229850113,0.043936158390057434,40
San Pedro de los Pinos,2026-05,17209,15239,32448,Benito Juarez,0.0,2.3872439082131787,0.0,0.0,15584.34031547826,434153,0.04806844547442728,0.0,0.0,0.13432151471301554,0.4365152229850113,0.08783397224266709,41
San Pedro de los Pinos,2026-06,15210,13254,28464,Benito Juarez,0.0,2.3872439082131787,0.0,0.0,15584.34031547826,434153,0.012075597628321453,0.0,0.0,0.13432151471301554,0.4365152229850113,0.0698375483196142,42
San Rafael,2023-01,19339,18722,38061,Cuauhtemoc,0.0,4.97218850793591,2.0,1.0,21729.96513567864,545884,1.1318641891920416,0.0,1.7757530875264789,-0.5346243557811253,0.9745932341338203,0.760773073394882,1
San Rafael,2023-02,23273,21614,44887,Cuauhtemoc,0.0,4.97218850793591,2.0,2.0,21729.96513567864,545884,1.1804988530866365,0.0,0.26178433206356805,-0.5346243557811253,0.9745932341338203,0.6336935297958883,2
San Rafael,2023-03,29585,27061,56646,Cuauhtemoc,0.0,4.97218850793591,2.0,2.0,21729.96513567864,545884,1.2433898248293942,0.0,-0.407960098835215,-0.5346243557811253,0.9745932341338203,0.5981645725773889,3
San Rafael,2023-04,28806,26355,55161,Cuauhtemoc,0.0,4.97218850793591,0.0,0.0,21729.96513567864,545884,1.2262600590696169,0.0,-0.7638198663195582,-0.5346243557811253,0.9745932341338203,0.5540137129490659,4
San Rafael,2023-05,34140,31315,65455,Cuauhtemoc,0.0,4.97218850793591,1.0,1.0,21729.96513567864,545884,1.2839361046067286,0.0,0.11557414688204855,-0.5346243557811253,0.9745932341338203,0.6707911370377824,5
San Rafael,2023-06,35053,32071,67124,Cuauhtemoc,0.0,4.97218850793591,0.0,0.0,21729.96513567864,545884,1.2382109538379649,0.0,-1.2210451038201218,-0.5346243557811253,0.9745932341338203,0.5142666365831835,6
San Rafael,2023-07,32726,30515,63241,Cuauhtemoc,0.0,4.97218850793591,4.0,2.0,21729.96513567864,545884,1.16673118562925,0.0,2.189228582840571,-0.5346243557811253,0.9745932341338203,0.8195541211448953,7
San Rafael,2023-08,37162,34858,72020,Cuauhtemoc,0.0,4.97218850793591,5.0,4.0,21729.96513567864,545884,1.2264957812328063,0.0,2.3021728866442674,-0.5346243557811253,0.9745932341338203,0.8607308493270431,8
San Rafael,2023-09,40179,36659,76838,Cuauhtemoc,0.0,4.97218850793591,4.0,2.0,21729.96513567864,545884,1.2527020924758356,0.0,2.077983419335798,-0.5346243557811253,0.9745932341338203,0.8514150582177109,9
San Rafael,2023-12,38016,34636,72652,Cuauhtemoc,0.0,4.97218850793591,1.0,0.0,21729.96513567864,545884,1.1834871968874405,0.0,-0.48088232623334126,-0.5346243557811253,0.9745932341338203,0.5609210358665995,12
San Rafael,2024-02,47082,43963,91045,Cuauhtemoc,0.0,4.97218850793591,3.0,1.0,21729.96513567864,545884,1.0961133605554692,0.0,2.1219838168185787,-0.5346243557811253,0.9745932341338203,0.7775207320058057,14
San Rafael,2024-07,48412,44549,92961,Cuauhtemoc,0.0,4.97218850793591,2.0,0.0,21729.96513567864,545884,1.0555470671613207,0.0,2.0472403200773686,-0.5346243557811253,0.9745932341338203,0.7497632356346104,19
San Rafael,2024-12,41761,39338,81099,Cuauhtemoc,0.0,4.97218850793591,2.0,0.0,21729.96513567864,545884,0.9639718141507516,0.0,1.7848147129143406,-0.5346243557811253,0.9745932341338203,0.6777330484130232,24
San Rafael,2025-01,45252,42591,87843,Cuauhtemoc,0.0,4.97218850793591,5.0,3.0,21729.96513567864,545884,0.9865075914310518,0.0,2.029312366539578,-0.5346243557811253,0.9745932341338203,0.7134507024156969,25
San Rafael,2025-04,43875,40801,84676,Cuauhtemoc,0.0,4.97218850793591,2.0,2.0,21729.96513567864,545884,0.9987706801033682,-0.15394759295997215,1.771711530448783,-0.5346243557811253,0.9745932341338203,0.6707300241987798,28
San Rafael,2025-06,40248,37988,78236,Cuauhtemoc,0.0,4.97218850793591,1.0,0.0,21729.96513567864,545884,1.0409457318027548,0.0,2.3736776938734803,-0.5346243557811253,0.9745932341338203,0.7751063053349387,30
San Rafael,2025-07,41407,39328,80735,Cuauhtemoc,0.0,4.97218850793591,1.0,1.0,21729.96513567864,545884,1.0159155451831927,0.0,2.3736776938734803,-0.5346243557811253,0.9745932341338203,0.7625912120251577,31
San Rafael,2025-08,40408,38508,78916,Cuauhtemoc,0.0,4.97218850793591,1.0,1.0,21729.96513567864,545884,1.0280327720952143,0.0,-0.13667206528405393,-0.5346243557811253,0.9745932341338203,0.5176148495654149,32
San Rafael,2025-11,41169,38412,79581,Cuauhtemoc,0.0,4.97218850793591,3.0,1.0,21729.96513567864,545884,1.0551696359030998,0.0,2.1016025501276605,-0.5346243557811253,0.9745932341338203,0.7550107430105292,35
San Rafael,2025-12,38728,36264,74992,Cuauhtemoc,0.0,4.97218850793591,4.0,3.0,21729.96513567864,545884,1.1269575391994224,0.0,1.5656314855734474,-0.5346243557811253,0.9745932341338203,0.7373075882032692,36
San Rafael,2026-02,39843,37567,77410,Cuauhtemoc,0.0,4.97218850793591,0.0,0.0,21729.96513567864,545884,1.1060196525149506,0.0,0.0,-0.5346243557811253,0.9745932341338203,0.5702754963036886,38
San Rafael,2026-03,43665,41337,85002,Cuauhtemoc,0.0,4.97218850793591,0.0,0.0,21729.96513567864,545884,1.137047040296764,0.0,0.0,-0.5346243557811253,0.9745932341338203,0.5857891901945953,39
San Rafael,2026-04,41930,39201,81131,Cuauhtemoc,0.0,4.97218850793591,0.0,0.0,21729.96513567864,545884,1.1141398603548027,-0.29804219930138437,0.0,-0.5346243557811253,0.9745932341338203,0.529629270328407,40
San Rafael,2026-05,42051,39392,81443,Cuauhtemoc,0.0,4.97218850793591,0.0,0.0,21729.96513567864,545884,1.0921704164633654,0.0,0.0,-0.5346243557811253,0.9745932341338203,0.563350878277896,41
San Rafael,2026-06,40904,38120,79024,Cuauhtemoc,0.0,4.97218850793591,0.0,0.0,21729.96513567864,545884,1.1444731903031133,0.0,0.0,-0.5346243557811253,0.9745932341338203,0.5895022651977699,42
San Salvador Xochimanca,2023-01,0,0,0,Azcapotzalco,0.0,1.098436692815504,1.0,1.0,2295.818552063357,432205,-0.4578108992635074,0.0,0.3363168726375907,0.4678459796844517,-0.726956607912212,-0.19779252620654805,1
San Salvador Xochimanca,2023-02,0,0,0,Azcapotzalco,0.0,1.098436692815504,0.0,0.0,2295.818552063357,432205,-0.4520498443994171,0.0,-1.6056105699898837,0.4678459796844517,-0.726956607912212,-0.38910474303725034,2
San Salvador Xochimanca,2023-03,0,0,0,Azcapotzalco,0.0,1.098436692815504,0.0,0.0,2295.818552063357,432205,-0.4596991731454731,0.0,-1.2638763846267447,0.4678459796844517,-0.726956607912212,-0.3587559888739645,3
San Salvador Xochimanca,2023-04,0,0,0,Azcapotzalco,0.0,1.098436692815504,0.0,0.0,2295.818552063357,432205,-0.46674837447246836,0.0,-0.7638198663195582,0.4678459796844517,-0.726956607912212,-0.31227493770674347,4
San Salvador Xochimanca,2023-05,0,0,0,Azcapotzalco,0.0,1.098436692815504,0.0,0.0,2295.818552063357,432205,-0.4746345614744004,0.0,-1.0086471000615145,0.4678459796844517,-0.726956607912212,-0.3407007545819051,5
San Salvador Xochimanca,2023-06,0,0,0,Azcapotzalco,0.0,1.098436692815504,0.0,0.0,2295.818552063357,432205,-0.48450335550919055,0.0,-1.2210451038201218,0.4678459796844517,-0.726956607912212,-0.3668749519751609,6
San Salvador Xochimanca,2023-07,0,0,0,Azcapotzalco,0.0,1.098436692815504,2.0,1.0,2295.818552063357,432205,-0.48931710150558577,0.0,0.44111322191563745,0.4678459796844517,-0.726956607912212,-0.2030659923997826,7
San Salvador Xochimanca,2023-08,0,0,0,Azcapotzalco,0.0,1.098436692815504,0.0,0.0,2295.818552063357,432205,-0.49578786605561137,0.0,-0.5755432216610669,0.4678459796844517,-0.726956607912212,-0.3079670190324658,8
San Salvador Xochimanca,2023-09,0,0,0,Azcapotzalco,0.0,1.098436692815504,2.0,2.0,2295.818552063357,432205,-0.5101350092220519,0.0,0.6006131477814433,0.4678459796844517,-0.726956607912212,-0.19752495367143505,9
San Salvador Xochimanca,2023-12,292,277,569,Azcapotzalco,0.0,1.098436692815504,2.0,2.0,2295.818552063357,432205,-0.5330294982840607,0.0,0.9484068100713118,0.4678459796844517,-0.726956607912212,-0.1741928319734526,12
San Salvador Xochimanca,2024-02,1088,1066,2154,Azcapotzalco,0.0,1.098436692815504,1.0,1.0,2295.818552063357,432205,-0.5475012822866745,0.0,0.17303730695087127,0.4678459796844517,-0.726956607912212,-0.25896567428680356,14
San Salvador Xochimanca,2024-07,2319,2202,4521,Azcapotzalco,0.0,1.098436692815504,1.0,1.0,2295.818552063357,432205,-0.5310837509985551,0.0,0.7033463676339425,0.4678459796844517,-0.726956607912212,-0.19772600257443673,19
San Salvador Xochimanca,2024-12,1911,1774,3685,Azcapotzalco,0.0,1.098436692815504,1.0,1.0,2295.818552063357,432205,-0.5379828853462859,0.0,0.35962684513945675,0.4678459796844517,-0.726956607912212,-0.2355475219977507,24
San Salvador Xochimanca,2025-01,2037,1976,4013,Azcapotzalco,0.0,1.098436692815504,0.0,0.0,2295.818552063357,432205,-0.5445065615266873,0.0,-0.8202469932994618,0.4678459796844517,-0.726956607912212,-0.3567967439318433,25
San Salvador Xochimanca,2025-04,2166,2199,4365,Azcapotzalco,0.0,1.098436692815504,0.0,0.0,2295.818552063357,432205,-0.5324381060437925,-0.15394759295997215,-1.1225347864675495,0.4678459796844517,-0.726956607912212,-0.40408343445120043,28
San Salvador Xochimanca,2025-06,2350,2393,4743,Azcapotzalco,0.0,1.098436692815504,0.0,0.0,2295.818552063357,432205,-0.5290969939464716,0.0,-0.4173499241975349,0.4678459796844517,-0.726956607912212,-0.3088022532315427,30
San Salvador Xochimanca,2025-07,2418,2481,4899,Azcapotzalco,0.0,1.098436692815504,0.0,0.0,2295.818552063357,432205,-0.5362848075327252,0.0,-0.4173499241975349,0.4678459796844517,-0.726956607912212,-0.3123961600246695,31
San Salvador Xochimanca,2025-08,2159,2196,4355,Azcapotzalco,0.0,1.098436692815504,0.0,0.0,2295.818552063357,432205,-0.5425317407443014,0.0,-0.8678676145537424,0.4678459796844517,-0.726956607912212,-0.3605713956660784,32
San Salvador Xochimanca,2025-11,2409,2303,4712,Azcapotzalco,0.0,1.098436692815504,1.0,1.0,2295.818552063357,432205,-0.5355955519433092,0.0,0.08481804013968136,0.4678459796844517,-0.726956607912212,-0.2618347357962399,35
San Salvador Xochimanca,2025-12,2115,1994,4109,Azcapotzalco,0.0,1.098436692815504,0.0,0.0,2295.818552063357,432205,-0.5378843272602555,0.0,-0.8021786763538865,0.4678459796844517,-0.726956607912212,-0.3516787951040698,36
San Salvador Xochimanca,2026-02,2499,2231,4730,Azcapotzalco,0.0,1.098436692815504,0.0,0.0,2295.818552063357,432205,-0.5399363794571517,0.0,0.0,0.4678459796844517,-0.726956607912212,-0.27248695356712926,38
San Salvador Xochimanca,2026-03,2641,2428,5069,Azcapotzalco,0.0,1.098436692815504,0.0,0.0,2295.818552063357,432205,-0.5429991986357863,0.0,0.0,0.4678459796844517,-0.726956607912212,-0.27401836315644656,39
San Salvador Xochimanca,2026-04,2402,2153,4555,Azcapotzalco,0.0,1.098436692815504,0.0,0.0,2295.818552063357,432205,-0.5480404209911395,-0.29804219930138437,0.0,0.4678459796844517,-0.726956607912212,-0.32124530422933084,40
San Salvador Xochimanca,2026-05,1988,1947,3935,Azcapotzalco,0.0,1.098436692815504,0.0,0.0,2295.818552063357,432205,-0.5595543629510773,0.0,0.0,0.4678459796844517,-0.726956607912212,-0.2822959453140921,41
San Salvador Xochimanca,2026-06,2210,2111,4321,Azcapotzalco,0.0,1.098436692815504,0.0,0.0,2295.818552063357,432205,-0.5286576911364629,0.0,0.0,0.4678459796844517,-0.726956607912212,-0.26684760940678487,42
San Simon Ticumac,2023-01,0,0,0,Benito Juarez,0.0,2.163348403377232,1.0,1.0,12278.610656857218,434153,-0.4578108992635074,0.0,0.3363168726375907,0.19226239801019435,0.14708322995806866,-0.1517260796706586,1
San Simon Ticumac,2023-02,0,0,0,Benito Juarez,0.0,2.163348403377232,3.0,2.0,12278.610656857218,434153,-0.4520498443994171,0.0,1.195481783090294,0.19226239801019435,0.14708322995806866,-0.06292906119334313,2
San Simon Ticumac,2023-03,0,0,0,Benito Juarez,0.0,2.163348403377232,6.0,4.0,12278.610656857218,434153,-0.4596991731454731,0.0,1.3038724727478443,0.19226239801019435,0.14708322995806866,-0.055914656600616106,3
San Simon Ticumac,2023-04,0,0,0,Benito Juarez,0.0,2.163348403377232,4.0,1.0,12278.610656857218,434153,-0.46674837447246836,0.0,1.3590041777373958,0.19226239801019435,0.14708322995806866,-0.05392608676515857,4
San Simon Ticumac,2023-05,0,0,0,Benito Juarez,0.0,2.163348403377232,2.0,2.0,12278.610656857218,434153,-0.4746345614744004,0.0,1.2397953938256114,0.19226239801019435,0.14708322995806866,-0.06979005865730305,5
San Simon Ticumac,2023-06,0,0,0,Benito Juarez,0.0,2.163348403377232,1.0,1.0,12278.610656857218,434153,-0.48450335550919055,0.0,0.2306418529438008,0.19226239801019435,0.14708322995806866,-0.17563980976287916,6
San Simon Ticumac,2023-07,0,0,0,Benito Juarez,0.0,2.163348403377232,1.0,1.0,12278.610656857218,434153,-0.48931710150558577,0.0,-0.4329444585468293,0.19226239801019435,0.14708322995806866,-0.2444053139101398,7
San Simon Ticumac,2023-08,0,0,0,Benito Juarez,0.0,2.163348403377232,0.0,0.0,12278.610656857218,434153,-0.49578786605561137,0.0,-0.5755432216610669,0.19226239801019435,0.14708322995806866,-0.26190057249657633,8
San Simon Ticumac,2023-09,970,977,1947,Benito Juarez,0.0,2.163348403377232,1.0,0.0,12278.610656857218,434153,-0.46546643589888126,0.0,-0.1380719879957341,0.19226239801019435,0.14708322995806866,-0.202992734051678,9
San Simon Ticumac,2023-12,3434,3620,7054,Benito Juarez,0.0,2.163348403377232,2.0,2.0,12278.610656857218,434153,-0.37860181397309706,0.0,0.9484068100713118,0.19226239801019435,0.14708322995806866,-0.050912543282081335,12
San Simon Ticumac,2024-02,5303,5961,11264,Benito Juarez,0.0,2.163348403377232,0.0,0.0,12278.610656857218,434153,-0.3790553271698243,0.0,-0.8014359479829826,0.19226239801019435,0.14708322995806866,-0.22612357568587438,14
San Simon Ticumac,2024-07,7156,7645,14801,Benito Juarez,0.0,2.163348403377232,0.0,0.0,12278.610656857218,434153,-0.3466585496113601,0.0,-0.6405475848094834,0.19226239801019435,0.14708322995806866,-0.19383635058929238,19
San Simon Ticumac,2024-12,6386,6889,13275,Benito Juarez,0.0,2.163348403377232,0.0,0.0,12278.610656857218,434153,-0.35192163585424846,0.0,-1.0655610226354273,0.19226239801019435,0.14708322995806866,-0.23896923749333093,24
San Simon Ticumac,2025-01,6718,7516,14234,Benito Juarez,0.0,2.163348403377232,2.0,1.0,12278.610656857218,434153,-0.35783716325183285,0.0,0.319576750636154,0.19226239801019435,0.14708322995806866,-0.103413223864965,25
San Simon Ticumac,2025-04,6617,7528,14145,Benito Juarez,0.0,2.163348403377232,1.0,1.0,12278.610656857218,434153,-0.3459727161405509,-0.15394759295997215,0.32458837199061674,0.19226239801019435,0.14708322995806866,-0.12007197711787358,28
San Simon Ticumac,2025-06,6668,7079,13747,Benito Juarez,0.0,2.163348403377232,0.0,0.0,12278.610656857218,434153,-0.33674310034237276,0.0,-0.4173499241975349,0.19226239801019435,0.14708322995806866,-0.16655885989360386,30
San Simon Ticumac,2025-07,6993,7410,14403,Benito Juarez,0.0,2.163348403377232,0.0,0.0,12278.610656857218,434153,-0.3417583009631266,0.0,-0.4173499241975349,0.19226239801019435,0.14708322995806866,-0.16906646020398075,31
San Simon Ticumac,2025-08,6961,7517,14478,Benito Juarez,0.0,2.163348403377232,3.0,3.0,12278.610656857218,434153,-0.32929929263504304,0.0,1.325719033255323,0.19226239801019435,0.14708322995806866,0.01146993970534681,32
San Simon Ticumac,2025-11,6051,6803,12854,Benito Juarez,0.0,2.163348403377232,1.0,0.0,12278.610656857218,434153,-0.3625999174424415,0.0,0.08481804013968136,0.19226239801019435,0.14708322995806866,-0.1292704720099166,35
San Simon Ticumac,2025-12,5699,6185,11884,Benito Juarez,0.0,2.163348403377232,0.0,0.0,12278.610656857218,434153,-0.3552714932701027,0.0,-0.8021786763538865,0.19226239801019435,0.14708322995806866,-0.21430593157310399,36
San Simon Ticumac,2026-02,6823,7435,14258,Benito Juarez,0.0,2.163348403377232,0.0,0.0,12278.610656857218,434153,-0.3241594246878865,0.0,0.0,0.19226239801019435,0.14708322995806866,-0.11853202964660724,38
San Simon Ticumac,2026-03,7272,8200,15472,Benito Juarez,0.0,2.163348403377232,0.0,0.0,12278.610656857218,434153,-0.32434706467840546,0.0,0.0,0.19226239801019435,0.14708322995806866,-0.11862584964186672,39
San Simon Ticumac,2026-04,7469,8239,15708,Benito Juarez,0.0,2.163348403377232,0.0,0.0,12278.610656857218,434153,-0.30595025334264264,-0.29804219930138437,0.0,0.19226239801019435,0.14708322995806866,-0.15413377386919294,40
San Simon Ticumac,2026-05,8593,9485,18078,Benito Juarez,0.0,2.163348403377232,0.0,0.0,12278.610656857218,434153,-0.2581616866433611,0.0,0.0,0.19226239801019435,0.14708322995806866,-0.08553316062434453,41
San Simon Ticumac,2026-06,7134,7679,14813,Benito Juarez,0.0,2.163348403377232,0.0,0.0,12278.610656857218,434153,-0.2936672729730152,0.0,0.0,0.19226239801019435,0.14708322995806866,-0.10328595378917159,42
Santa Catarina,2023-01,0,0,0,Coyoacan,0.0,0.0,0.0,0.0,3312.528924892983,614447,-0.4578108992635074,0.0,-1.1031193422512973,0.7521053366304337,-0.6379388902135432,-0.2901954723836727,1
Santa Catarina,2023-02,0,0,0,Coyoacan,0.0,0.0,1.0,0.0,3312.528924892983,614447,-0.4520498443994171,0.0,-0.6719131189631579,0.7521053366304337,-0.6379388902135432,-0.24419432262281363,2
Santa Catarina,2023-03,0,0,0,Coyoacan,0.0,0.0,1.0,0.0,3312.528924892983,614447,-0.4596991731454731,0.0,-0.8359182417309798,0.7521053366304337,-0.6379388902135432,-0.2644194992726238,3
Santa Catarina,2023-04,0,0,0,Coyoacan,0.0,0.0,0.0,0.0,3312.528924892983,614447,-0.46674837447246836,0.0,-0.7638198663195582,0.7521053366304337,-0.6379388902135432,-0.2607342623949793,4
Santa Catarina,2023-05,0,0,0,Coyoacan,0.0,0.0,0.0,0.0,3312.528924892983,614447,-0.4746345614744004,0.0,-1.0086471000615145,0.7521053366304337,-0.6379388902135432,-0.289160079270141,5
Santa Catarina,2023-06,0,0,0,Coyoacan,0.0,0.0,1.0,1.0,3312.528924892983,614447,-0.48450335550919055,0.0,0.2306418529438008,0.7521053366304337,-0.6379388902135432,-0.17016558098700446,6
Santa Catarina,2023-07,0,0,0,Coyoacan,0.0,0.0,0.0,0.0,3312.528924892983,614447,-0.48931710150558577,0.0,-1.307002139009296,0.7521053366304337,-0.6379388902135432,-0.32633685318051175,7
Santa Catarina,2023-08,0,0,0,Coyoacan,0.0,0.0,0.0,0.0,3312.528924892983,614447,-0.49578786605561137,0.0,-0.5755432216610669,0.7521053366304337,-0.6379388902135432,-0.2564263437207016,8
Santa Catarina,2023-09,1383,1441,2824,Coyoacan,0.0,0.0,0.0,0.0,3312.528924892983,614447,-0.4453460769854654,0.0,-0.8767571237729115,0.7521053366304337,-0.6379388902135432,-0.2613268393968131,9
Santa Catarina,2023-12,3631,3709,7340,Coyoacan,0.0,0.0,0.0,0.0,3312.528924892983,614447,-0.3717912792448109,0.0,-1.9101714625379942,0.7521053366304337,-0.6379388902135432,-0.32789087440299414,12
Santa Catarina,2024-02,6280,6348,12628,Coyoacan,0.0,0.0,0.0,0.0,3312.528924892983,614447,-0.3538346594662696,0.0,-0.8014359479829826,0.7521053366304337,-0.6379388902135432,-0.20803901305822234,14
Santa Catarina,2024-07,6621,6506,13127,Coyoacan,0.0,0.0,0.0,0.0,3312.528924892983,614447,-0.37669043551818543,0.0,-0.6405475848094834,0.7521053366304337,-0.6379388902135432,-0.20337806476683032,19
Santa Catarina,2024-12,6980,6836,13816,Coyoacan,0.0,0.0,1.0,0.0,3312.528924892983,614447,-0.34142537558571956,0.0,0.35962684513945675,0.7521053366304337,-0.6379388902135432,-0.08572809180570337,24
Santa Catarina,2025-01,7599,7433,15032,Coyoacan,0.0,0.0,0.0,0.0,3312.528924892983,614447,-0.3432630335362146,0.0,-0.8202469932994618,0.7521053366304337,-0.6379388902135432,-0.20463430462484278,25
Santa Catarina,2025-04,7287,7145,14432,Coyoacan,0.0,0.0,1.0,0.0,3312.528924892983,614447,-0.34050077678449464,-0.15394759295997215,0.32458837199061674,0.7521053366304337,-0.6379388902135432,-0.11186177866397073,28
Santa Catarina,2025-06,6667,6608,13275,Coyoacan,0.0,0.0,0.0,0.0,3312.528924892983,614447,-0.3468265119129119,0.0,-0.4173499241975349,0.7521053366304337,-0.6379388902135432,-0.16612633690299872,30
Santa Catarina,2025-07,6958,6824,13782,Coyoacan,0.0,0.0,0.0,0.0,3312.528924892983,614447,-0.35446883974466287,0.0,-0.4173499241975349,0.7521053366304337,-0.6379388902135432,-0.16994750081887422,31
Santa Catarina,2025-08,6786,6612,13398,Coyoacan,0.0,0.0,0.0,0.0,3312.528924892983,614447,-0.3520485807865791,0.0,-0.8678676145537424,0.7521053366304337,-0.6379388902135432,-0.21378914037545307,32
Santa Catarina,2025-11,7061,6931,13992,Coyoacan,0.0,0.0,0.0,0.0,3312.528924892983,614447,-0.33842047356354354,0.0,-0.9235742148543081,0.7521053366304337,-0.6379388902135432,-0.21254574679399188,35
Santa Catarina,2025-12,6126,5998,12124,Coyoacan,0.0,0.0,0.0,0.0,3312.528924892983,614447,-0.34963456977715907,0.0,-0.8021786763538865,0.7521053366304337,-0.6379388902135432,-0.20601324105075747,36
Santa Catarina,2026-02,6451,6262,12713,Coyoacan,0.0,0.0,0.0,0.0,3312.528924892983,614447,-0.3591484460059506,0.0,0.0,0.7521053366304337,-0.6379388902135432,-0.13055231152976457,38
Santa Catarina,2026-03,7173,7043,14216,Coyoacan,0.0,0.0,0.0,0.0,3312.528924892983,614447,-0.3507458996539385,0.0,0.0,0.7521053366304337,-0.6379388902135432,-0.12635103835375852,39
Santa Catarina,2026-04,6772,6733,13505,Coyoacan,0.0,0.0,0.0,0.0,3312.528924892983,614447,-0.35376919347799984,-0.29804219930138437,0.0,0.7521053366304337,-0.6379388902135432,-0.17256901516099685,40
Santa Catarina,2026-05,6948,6896,13844,Coyoacan,0.0,0.0,0.0,0.0,3312.528924892983,614447,-0.3483898271713163,0.0,0.0,0.7521053366304337,-0.6379388902135432,-0.12517300211244742,41
Santa Catarina,2026-06,6056,6112,12168,Coyoacan,0.0,0.0,0.0,0.0,3312.528924892983,614447,-0.3529076138081581,0.0,0.0,0.7521053366304337,-0.6379388902135432,-0.12743189543086833,42
Santa Cruz Atoyac,2023-01,4387,4722,9109,Benito Juarez,0.0,,1.0,1.0,,434153,-0.07735977131779927,0.0,0.3363168726375907,0.0,0.0,-0.005048198395140563,1
Santa Cruz Atoyac,2023-02,4406,4716,9122,Benito Juarez,0.0,,3.0,2.0,,434153,-0.12028097549599784,0.0,1.195481783090294,0.0,0.0,0.059407690561030485,2
Santa Cruz Atoyac,2023-03,5337,5696,11033,Benito Juarez,0.0,,6.0,4.0,,434153,-0.12798676777427812,0.0,1.3038724727478443,0.0,0.0,0.06639386338764537,3
Santa Cruz Atoyac,2023-04,5628,6056,11684,Benito Juarez,0.0,,4.0,1.0,,434153,-0.10814155919526663,0.0,1.3590041777373958,0.0,0.0,0.08182963817610628,4
Santa Cruz Atoyac,2023-05,6810,7300,14110,Benito Juarez,0.0,,2.0,2.0,,434153,-0.09554309255064015,0.0,1.2397953938256114,0.0,0.0,0.07620799310724108,5
Santa Cruz Atoyac,2023-06,7828,8343,16171,Benito Juarez,0.0,,1.0,1.0,,434153,-0.06948021778717087,0.0,0.2306418529438008,0.0,0.0,-0.011675923599205353,6
Santa Cruz Atoyac,2023-07,8244,8641,16885,Benito Juarez,0.0,,1.0,1.0,,434153,-0.0471612954893668,0.0,-0.4329444585468293,0.0,0.0,-0.06687509359936633,7
Santa Cruz Atoyac,2023-08,9076,9374,18450,Benito Juarez,0.0,,0.0,0.0,,434153,-0.05457524050060848,0.0,-0.5755432216610669,0.0,0.0,-0.08484194241641094,8
Santa Cruz Atoyac,2023-09,9819,10013,19832,Benito Juarez,0.0,,1.0,0.0,,434153,-0.055144179152652587,0.0,-0.1380719879957341,0.0,0.0,-0.04137928837589971,9
Santa Cruz Atoyac,2023-12,10151,10184,20335,Benito Juarez,0.0,,2.0,2.0,,434153,-0.062340584160621104,0.0,0.9484068100713118,0.0,0.0,0.06367038892682063,12
Santa Cruz Atoyac,2024-02,14070,14379,28449,Benito Juarez,0.0,,0.0,0.0,,434153,-0.06130080042085945,0.0,-0.8014359479829826,0.0,0.0,-0.11079399500872798,14
Santa Cruz Atoyac,2024-07,15544,15511,31055,Benito Juarez,0.0,,0.0,0.0,,434153,-0.055058625161217394,0.0,-0.6405475848094834,0.0,0.0,-0.09158407106155704,19
Santa Cruz Atoyac,2024-12,13627,13676,27303,Benito Juarez,0.0,,0.0,0.0,,434153,-0.0797561292980126,0.0,-1.0655610226354273,0.0,0.0,-0.146434166912549,24
Santa Cruz Atoyac,2025-01,15022,15333,30355,Benito Juarez,0.0,,2.0,1.0,,434153,-0.06341417434772079,0.0,0.319576750636154,0.0,0.0,0.0002505878897550093,25
Santa Cruz Atoyac,2025-04,14570,14722,29292,Benito Juarez,0.0,,1.0,1.0,,434153,-0.057180153679978384,-0.15394759295997215,0.32458837199061674,0.0,0.0,-0.019223378584923338,28
Santa Cruz Atoyac,2025-06,13582,13696,27278,Benito Juarez,0.0,,0.0,0.0,,434153,-0.047678180933547684,0.0,-0.4173499241975349,0.0,0.0,-0.06557408288652733,30
Santa Cruz Atoyac,2025-07,14430,14605,29035,Benito Juarez,0.0,,0.0,0.0,,434153,-0.04227262712828151,0.0,-0.4173499241975349,0.0,0.0,-0.06287130598389425,31
Santa Cruz Atoyac,2025-08,13604,13787,27391,Benito Juarez,0.0,,3.0,3.0,,434153,-0.05729785013431655,0.0,1.325719033255323,0.0,0.0,0.10392297825837404,32
Santa Cruz Atoyac,2025-11,11819,11788,23607,Benito Juarez,0.0,,1.0,0.0,,434153,-0.13412754483278416,0.0,0.08481804013968136,0.0,0.0,-0.058581968402423946,35
Santa Cruz Atoyac,2025-12,9695,9844,19539,Benito Juarez,0.0,,0.0,0.0,,434153,-0.17547712102642177,0.0,-0.8021786763538865,0.0,0.0,-0.16795642814859954,36
Santa Cruz Atoyac,2026-02,10222,10164,20386,Benito Juarez,0.0,,0.0,0.0,,434153,-0.1853809634341022,0.0,0.0,0.0,0.0,-0.0926904817170511,38
Santa Cruz Atoyac,2026-03,11086,10989,22075,Benito Juarez,0.0,,0.0,0.0,,434153,-0.1855640174304399,0.0,0.0,0.0,0.0,-0.09278200871521995,39
Santa Cruz Atoyac,2026-04,11828,11768,23596,Benito Juarez,0.0,,0.0,0.0,,434153,-0.13473109774223532,-0.29804219930138437,0.0,0.0,0.0,-0.11207187876632532,40
Santa Cruz Atoyac,2026-05,11552,11491,23043,Benito Juarez,0.0,,0.0,0.0,,434153,-0.15235565978429225,0.0,0.0,0.0,0.0,-0.07617782989214612,41
Santa Cruz Atoyac,2026-06,11121,11106,22227,Benito Juarez,0.0,,0.0,0.0,,434153,-0.12761514180033115,0.0,0.0,0.0,0.0,-0.06380757090016557,42
Santa Maria la Ribera,2023-01,2364,2426,4790,Cuauhtemoc,0.0,4.1955649470906895,2.0,1.0,42345.18602760298,545884,-0.25774932248669963,0.0,1.7757530875264789,-0.3336455324780686,2.779551620213487,0.2766089796589365,1
Santa Maria la Ribera,2023-02,7764,7633,15397,Cuauhtemoc,0.0,4.1955649470906895,2.0,2.0,42345.18602760298,545884,0.10794196381215343,0.0,0.26178433206356805,-0.3336455324780686,2.779551620213487,0.3080577472620719,2
Santa Maria la Ribera,2023-03,13098,12857,25955,Cuauhtemoc,0.0,4.1955649470906895,2.0,2.0,42345.18602760298,545884,0.320650276814589,0.0,-0.407960098835215,-0.3336455324780686,2.779551620213487,0.3474374606734114,3
Santa Maria la Ribera,2023-04,13146,13181,26327,Cuauhtemoc,0.0,4.1955649470906895,0.0,0.0,42345.18602760298,545884,0.34128326073832327,0.0,-0.7638198663195582,-0.3336455324780686,2.779551620213487,0.3221679758868442,4
Santa Maria la Ribera,2023-05,15689,15835,31524,Cuauhtemoc,0.0,4.1955649470906895,1.0,1.0,42345.18602760298,545884,0.3723164992167845,0.0,0.11557414688204855,-0.3336455324780686,2.779551620213487,0.4256239964462355,5
Santa Maria la Ribera,2023-06,19473,19471,38944,Cuauhtemoc,0.0,4.1955649470906895,0.0,0.0,42345.18602760298,545884,0.5149809729458422,0.0,-1.2210451038201218,-0.3336455324780686,2.779551620213487,0.3632943082405473,6
Santa Maria la Ribera,2023-07,23233,21695,44928,Cuauhtemoc,0.0,4.1955649470906895,4.0,2.0,42345.18602760298,545884,0.6871813321749997,0.0,2.189228582840571,-0.3336455324780686,2.779551620213487,0.7904218565211953,7
Santa Maria la Ribera,2023-08,28754,26645,55399,Cuauhtemoc,0.0,4.1955649470906895,5.0,4.0,42345.18602760298,545884,0.8290217948181884,0.0,2.3021728866442674,-0.3336455324780686,2.779551620213487,0.8726365182231595,8
Santa Maria la Ribera,2023-09,32178,29696,61874,Cuauhtemoc,0.0,4.1955649470906895,4.0,2.0,42345.18602760298,545884,0.9093941668425918,0.0,2.077983419335798,-0.3336455324780686,2.779551620213487,0.8904037575045141,9
Santa Maria la Ribera,2023-12,36526,34402,70928,Cuauhtemoc,0.0,4.1955649470906895,1.0,0.0,42345.18602760298,545884,1.1424334840497996,0.0,-0.48088232623334126,-0.3336455324780686,2.779551620213487,0.7510368415512041,12
Santa Maria la Ribera,2024-02,48673,46041,94714,Cuauhtemoc,0.0,4.1955649470906895,3.0,1.0,42345.18602760298,545884,1.1639539982419371,0.0,2.1219838168185787,-0.3336455324780686,2.779551620213487,1.022083712952465,14
Santa Maria la Ribera,2024-07,58697,56015,114712,Cuauhtemoc,0.0,4.1955649470906895,2.0,0.0,42345.18602760298,545884,1.4457642418084882,0.0,2.0472403200773686,-0.3336455324780686,2.779551620213487,1.1555144850616195,19
Santa Maria la Ribera,2024-12,62029,66053,128082,Cuauhtemoc,0.0,4.1955649470906895,2.0,0.0,42345.18602760298,545884,1.8755167239405741,0.0,1.7848147129143406,-0.3336455324780686,2.779551620213487,1.3441481654113596,24
Santa Maria la Ribera,2025-01,64098,66924,131022,Cuauhtemoc,0.0,4.1955649470906895,5.0,3.0,42345.18602760298,545884,1.7750995049532063,0.0,2.029312366539578,-0.3336455324780686,2.779551620213487,1.3183893212801994,25
Santa Maria la Ribera,2025-04,56638,57868,114506,Cuauhtemoc,0.0,4.1955649470906895,2.0,2.0,42345.18602760298,545884,1.5675091852990426,-0.15394759295997215,1.771711530448783,-0.3336455324780686,2.779551620213487,1.165741938900042,28
Santa Maria la Ribera,2025-06,55848,55388,111236,Cuauhtemoc,0.0,4.1955649470906895,1.0,0.0,42345.18602760298,545884,1.7459300153362136,0.0,2.3736776938734803,-0.3336455324780686,2.779551620213487,1.3382411092050934,30
Santa Maria la Ribera,2025-07,55351,55095,110446,Cuauhtemoc,0.0,4.1955649470906895,1.0,1.0,42345.18602760298,545884,1.6240360246328291,0.0,2.3736776938734803,-0.3336455324780686,2.779551620213487,1.277294113853401,31
Santa Maria la Ribera,2025-08,55282,54773,110055,Cuauhtemoc,0.0,4.1955649470906895,1.0,1.0,42345.18602760298,545884,1.683949516308807,0.0,-0.13667206528405393,-0.3336455324780686,2.779551620213487,1.0562158837756366,32
Santa Maria la Ribera,2025-11,57607,57304,114911,Cuauhtemoc,0.0,4.1955649470906895,3.0,1.0,42345.18602760298,545884,1.8058372565019278,0.0,2.1016025501276605,-0.3336455324780686,2.779551620213487,1.3409872154133684,35
Santa Maria la Ribera,2025-12,58354,61568,119922,Cuauhtemoc,0.0,4.1955649470906895,4.0,3.0,42345.18602760298,545884,2.1822365914409096,0.0,1.5656314855734474,-0.3336455324780686,2.779551620213487,1.4755897764274382,36
Santa Maria la Ribera,2026-02,52812,52423,105235,Cuauhtemoc,0.0,4.1955649470906895,0.0,0.0,42345.18602760298,545884,1.7361617354762018,0.0,0.0,-0.3336455324780686,2.779551620213487,1.0959891998877394,38
Santa Maria la Ribera,2026-03,57101,58068,115169,Cuauhtemoc,0.0,4.1955649470906895,0.0,0.0,42345.18602760298,545884,1.7711024978659564,0.0,0.0,-0.3336455324780686,2.779551620213487,1.1134595810826167,39
Santa Maria la Ribera,2026-04,56169,56509,112678,Cuauhtemoc,1.0,4.1955649470906895,0.0,0.0,42345.18602760298,545884,1.7989079513444135,0.5411818882051453,0.0,-0.3336455324780686,2.779551620213487,1.2085395910526169,40
Santa Maria la Ribera,2026-05,56689,58927,115616,Cuauhtemoc,0.0,4.1955649470906895,0.0,0.0,42345.18602760298,545884,1.8204099644704066,0.0,0.0,-0.3336455324780686,2.779551620213487,1.1381133143848416,41
Santa Maria la Ribera,2026-06,52957,52497,105454,Cuauhtemoc,0.0,4.1955649470906895,0.0,0.0,42345.18602760298,545884,1.7364286565688323,0.0,0.0,-0.3336455324780686,2.779551620213487,1.0961226604340546,42
Santo Tomas,2023-01,0,0,0,Miguel Hidalgo,0.0,0.5103318015536391,0.0,0.0,493.7821043403027,414470,-0.4578108992635074,0.0,-1.1031193422512973,0.6200389274440395,-0.8847332728041749,-0.334684872020695,1
Santo Tomas,2023-02,0,0,0,Miguel Hidalgo,0.0,0.5103318015536391,1.0,1.0,493.7821043403027,414470,-0.4520498443994171,0.0,-0.6719131189631579,0.6200389274440395,-0.8847332728041749,-0.2886837222598359,2
Santo Tomas,2023-03,0,0,0,Miguel Hidalgo,0.0,0.5103318015536391,2.0,2.0,493.7821043403027,414470,-0.4596991731454731,0.0,-0.407960098835215,0.6200389274440395,-0.8847332728041749,-0.2661130846200696,3
Santo Tomas,2023-04,0,0,0,Miguel Hidalgo,0.0,0.5103318015536391,0.0,0.0,493.7821043403027,414470,-0.46674837447246836,0.0,-0.7638198663195582,0.6200389274440395,-0.8847332728041749,-0.3052236620320016,4
Santo Tomas,2023-05,0,0,0,Miguel Hidalgo,0.0,0.5103318015536391,0.0,0.0,493.7821043403027,414470,-0.4746345614744004,0.0,-1.0086471000615145,0.6200389274440395,-0.8847332728041749,-0.33364947890716323,5
Santo Tomas,2023-06,491,501,992,Miguel Hidalgo,0.0,0.5103318015536391,1.0,1.0,493.7821043403027,414470,-0.45904401764386105,0.0,0.2306418529438008,0.6200389274440395,-0.8847332728041749,-0.20192531169136202,6
Santo Tomas,2023-07,647,565,1212,Miguel Hidalgo,0.0,0.5103318015536391,1.0,1.0,493.7821043403027,414470,-0.45757929653717255,0.0,-0.4329444585468293,0.6200389274440395,-0.8847332728041749,-0.26755158228708076,7
Santo Tomas,2023-08,753,741,1494,Miguel Hidalgo,0.0,0.5103318015536391,1.0,1.0,493.7821043403027,414470,-0.4600604046692063,0.0,0.0,0.6200389274440395,-0.8847332728041749,-0.22549769049841473,8
Santo Tomas,2023-09,1259,1318,2577,Miguel Hidalgo,0.0,0.5103318015536391,0.0,0.0,493.7821043403027,414470,-0.451012814330521,0.0,-0.8767571237729115,0.6200389274440395,-0.8847332728041749,-0.30864960770636324,9
Santo Tomas,2023-12,881,1129,2010,Miguel Hidalgo,0.0,0.5103318015536391,1.0,1.0,493.7821043403027,414470,-0.49871488099923433,0.0,-0.48088232623334126,0.6200389274440395,-0.8847332728041749,-0.29291316128676287,12
Santo Tomas,2024-02,1627,1894,3521,Miguel Hidalgo,0.0,0.5103318015536391,1.0,1.0,493.7821043403027,414470,-0.5222251439063524,0.0,0.17303730695087127,0.6200389274440395,-0.8847332728041749,-0.2392763294219007,14
Santo Tomas,2024-07,1206,1412,2618,Miguel Hidalgo,0.0,0.5103318015536391,0.0,0.0,493.7821043403027,414470,-0.5652239414888112,0.0,-0.6405475848094834,0.6200389274440395,-0.8847332728041749,-0.3421342173891655,19
Santo Tomas,2024-12,1354,1614,2968,Miguel Hidalgo,0.0,0.5103318015536391,1.0,1.0,493.7821043403027,414470,-0.5518938254803621,0.0,0.35962684513945675,0.6200389274440395,-0.8847332728041749,-0.23545171639004697,24
Santo Tomas,2025-01,1506,1562,3068,Miguel Hidalgo,0.0,0.5103318015536391,0.0,0.0,493.7821043403027,414470,-0.5617653993478142,0.0,-0.8202469932994618,0.6200389274440395,-0.8847332728041749,-0.3583748871676649,25
Santo Tomas,2025-04,1935,2022,3957,Miguel Hidalgo,0.0,0.5103318015536391,0.0,0.0,493.7821043403027,414470,-0.5402170302851547,-0.15394759295997215,-1.1225347864675495,0.6200389274440395,-0.8847332728041749,-0.4009216208971397,28
Santo Tomas,2025-06,1916,2208,4124,Miguel Hidalgo,0.0,0.5103318015536391,0.0,0.0,493.7821043403027,414470,-0.5423207900527507,0.0,-0.4173499241975349,0.6200389274440395,-0.8847332728041749,-0.3083628756099404,30
Santo Tomas,2025-07,1335,1466,2801,Miguel Hidalgo,0.0,0.5103318015536391,0.0,0.0,493.7821043403027,414470,-0.5792263701151135,0.0,-0.4173499241975349,0.6200389274440395,-0.8847332728041749,-0.3268156656411218,31
Santo Tomas,2025-08,1237,1393,2630,Miguel Hidalgo,0.0,0.5103318015536391,0.0,0.0,493.7821043403027,414470,-0.5788674093196715,0.0,-0.8678676145537424,0.6200389274440395,-0.8847332728041749,-0.37168795427902157,32
Santo Tomas,2025-11,1209,2086,3295,Miguel Hidalgo,0.0,0.5103318015536391,0.0,0.0,493.7821043403027,414470,-0.5657029965622885,0.0,-0.9235742148543081,0.6200389274440395,-0.8847332728041749,-0.37067640793038664,35
Santo Tomas,2025-12,1179,1671,2850,Miguel Hidalgo,0.0,0.5103318015536391,3.0,2.0,493.7821043403027,414470,-0.5674546884169889,0.0,0.9736789450916139,0.6200389274440395,-0.8847332728041749,-0.18182693786314463,36
Santo Tomas,2026-02,1535,2130,3665,Miguel Hidalgo,0.0,0.5103318015536391,0.0,0.0,493.7821043403027,414470,-0.564055025220089,0.0,0.0,0.6200389274440395,-0.8847332728041749,-0.2774950007738561,38
Santo Tomas,2026-03,1688,2277,3965,Miguel Hidalgo,0.0,0.5103318015536391,0.0,0.0,493.7821043403027,414470,-0.5662032701429427,0.0,0.0,0.6200389274440395,-0.8847332728041749,-0.27856912323528293,39
Santo Tomas,2026-04,1512,1936,3448,Miguel Hidalgo,0.0,0.5103318015536391,0.0,0.0,493.7821043403027,414470,-0.5720692756120385,-0.29804219930138437,0.0,0.6200389274440395,-0.8847332728041749,-0.3262084558650385,40
Santo Tomas,2026-05,1441,1536,2977,Miguel Hidalgo,0.0,0.5103318015536391,0.0,0.0,493.7821043403027,414470,-0.5799697050922631,0.0,0.0,0.6200389274440395,-0.8847332728041749,-0.28545234070994313,41
Santo Tomas,2026-06,849,858,1707,Miguel Hidalgo,0.0,0.5103318015536391,0.0,0.0,493.7821043403027,414470,-0.5872037217387553,0.0,0.0,0.6200389274440395,-0.8847332728041749,-0.28906934903318926,42
Sector Naval,2023-01,0,0,0,Azcapotzalco,0.0,0.3500790733050434,1.0,1.0,826.6849385743901,432205,-0.4578108992635074,0.0,0.3363168726375907,0.6615099906183979,-0.8555860826988344,-0.1816058720451184,1
Sector Naval,2023-02,0,0,0,Azcapotzalco,0.0,0.3500790733050434,0.0,0.0,826.6849385743901,432205,-0.4520498443994171,0.0,-1.6056105699898837,0.6615099906183979,-0.8555860826988344,-0.3729180888758207,2
Sector Naval,2023-03,0,0,0,Azcapotzalco,0.0,0.3500790733050434,0.0,0.0,826.6849385743901,432205,-0.4596991731454731,0.0,-1.2638763846267447,0.6615099906183979,-0.8555860826988344,-0.34256933471253476,3
Sector Naval,2023-04,0,0,0,Azcapotzalco,0.0,0.3500790733050434,0.0,0.0,826.6849385743901,432205,-0.46674837447246836,0.0,-0.7638198663195582,0.6615099906183979,-0.8555860826988344,-0.29608828354531375,4
Sector Naval,2023-05,0,0,0,Azcapotzalco,0.0,0.3500790733050434,0.0,0.0,826.6849385743901,432205,-0.4746345614744004,0.0,-1.0086471000615145,0.6615099906183979,-0.8555860826988344,-0.3245141004204754,5
Sector Naval,2023-06,0,0,0,Azcapotzalco,0.0,0.3500790733050434,0.0,0.0,826.6849385743901,432205,-0.48450335550919055,0.0,-1.2210451038201218,0.6615099906183979,-0.8555860826988344,-0.35068829781373123,6
Sector Naval,2023-07,0,0,0,Azcapotzalco,0.0,0.3500790733050434,2.0,1.0,826.6849385743901,432205,-0.48931710150558577,0.0,0.44111322191563745,0.6615099906183979,-0.8555860826988344,-0.1868793382383529,7
Sector Naval,2023-08,0,0,0,Azcapotzalco,0.0,0.3500790733050434,0.0,0.0,826.6849385743901,432205,-0.49578786605561137,0.0,-0.5755432216610669,0.6615099906183979,-0.8555860826988344,-0.2917803648710361,8
Sector Naval,2023-09,0,0,0,Azcapotzalco,0.0,0.3500790733050434,2.0,2.0,826.6849385743901,432205,-0.5101350092220519,0.0,0.6006131477814433,0.6615099906183979,-0.8555860826988344,-0.1813382995100054,9
Sector Naval,2023-12,0,0,0,Azcapotzalco,0.0,0.3500790733050434,2.0,2.0,826.6849385743901,432205,-0.5465791285651613,0.0,0.9484068100713118,0.6615099906183979,-0.8555860826988344,-0.16478099295257326,12
Sector Naval,2024-02,76,107,183,Azcapotzalco,0.0,0.3500790733050434,1.0,1.0,826.6849385743901,432205,-0.5839455169228228,0.0,0.17303730695087127,0.6615099906183979,-0.8555860826988344,-0.26100113744344805,14
Sector Naval,2024-07,1669,1962,3631,Azcapotzalco,0.0,0.3500790733050434,1.0,1.0,826.6849385743901,432205,-0.5470505242704037,0.0,0.7033463676339425,0.6615099906183979,-0.8555860826988344,-0.18952273504893136,19
Sector Naval,2024-12,1763,2026,3789,Azcapotzalco,0.0,0.3500790733050434,1.0,1.0,826.6849385743901,432205,-0.5359651199711898,0.0,0.35962684513945675,0.6615099906183979,-0.8555860826988344,-0.21835198514877296,24
Sector Naval,2025-01,1758,2306,4064,Azcapotzalco,0.0,0.3500790733050434,0.0,0.0,826.6849385743901,432205,-0.5435751321839598,0.0,-0.8202469932994618,0.6615099906183979,-0.8555860826988344,-0.3401443750990499,25
Sector Naval,2025-04,1698,2294,3992,Azcapotzalco,0.0,0.3500790733050434,0.0,0.0,826.6849385743901,432205,-0.5395497206075869,-0.15394759295997215,-1.1225347864675495,0.6615099906183979,-0.8555860826988344,-0.39145258757166795,28
Sector Naval,2025-06,1749,1983,3732,Azcapotzalco,0.0,0.3500790733050434,0.0,0.0,826.6849385743901,432205,-0.5506951488147239,0.0,-0.4173499241975349,0.6615099906183979,-0.8555860826988344,-0.3034146765042392,30
Sector Naval,2025-07,1848,2158,4006,Azcapotzalco,0.0,0.3500790733050434,0.0,0.0,826.6849385743901,432205,-0.554562603236287,0.0,-0.4173499241975349,0.6615099906183979,-0.8555860826988344,-0.30534840371502076,31
Sector Naval,2025-08,1755,2087,3842,Azcapotzalco,0.0,0.3500790733050434,0.0,0.0,826.6849385743901,432205,-0.5533376526162811,0.0,-0.8678676145537424,0.6615099906183979,-0.8555860826988344,-0.34978769744063853,32
Sector Naval,2025-11,1750,2094,3844,Azcapotzalco,0.0,0.3500790733050434,1.0,1.0,826.6849385743901,432205,-0.554038220912451,0.0,0.08481804013968136,0.6615099906183979,-0.8555860826988344,-0.25486941611938113,35
Sector Naval,2025-12,1687,1996,3683,Azcapotzalco,0.0,0.3500790733050434,0.0,0.0,826.6849385743901,432205,-0.5478898664602303,0.0,-0.8021786763538865,0.6615099906183979,-0.8555860826988344,-0.34049491054262754,36
Sector Naval,2026-02,1765,1912,3677,Azcapotzalco,0.0,0.3500790733050434,0.0,0.0,826.6849385743901,432205,-0.5637832658312109,0.0,0.0,0.6615099906183979,-0.8555860826988344,-0.2682237425927292,38
Sector Naval,2026-03,2095,2362,4457,Azcapotzalco,0.0,0.3500790733050434,0.0,0.0,826.6849385743901,432205,-0.5558623252321447,0.0,0.0,0.6615099906183979,-0.8555860826988344,-0.2642632722931961,39
Sector Naval,2026-04,1768,2121,3889,Azcapotzalco,0.0,0.3500790733050434,0.0,0.0,826.6849385743901,432205,-0.5624968050720055,-0.29804219930138437,0.0,0.6615099906183979,-0.8555860826988344,-0.3122868421083342,40
Sector Naval,2026-05,2021,2192,4213,Azcapotzalco,0.0,0.3500790733050434,0.0,0.0,826.6849385743901,432205,-0.5536300778620901,0.0,0.0,0.6615099906183979,-0.8555860826988344,-0.2631471486081688,41
Sector Naval,2026-06,1881,1933,3814,Azcapotzalco,0.0,0.3500790733050434,0.0,0.0,826.6849385743901,432205,-0.5400130230092105,0.0,0.0,0.6615099906183979,-0.8555860826988344,-0.256338621181729,42
Tabacalera,2023-01,15891,15725,31616,Cuauhtemoc,0.0,5.865490295769558,2.0,1.0,4173.904472831688,545884,0.8626790404808672,0.0,1.7757530875264789,-0.7657977983920226,-0.5625214582603896,0.4377930134082392,1
Tabacalera,2023-02,16923,16794,33717,Cuauhtemoc,0.0,5.865490295769558,2.0,2.0,4173.904472831688,545884,0.7742438360233617,0.0,0.26178433206356805,-0.7657977983920226,-0.5625214582603896,0.24217853563319533,2
Tabacalera,2023-03,17304,16738,34042,Cuauhtemoc,0.0,5.865490295769558,2.0,2.0,4173.904472831688,545884,0.5637897875765626,0.0,-0.407960098835215,-0.7657977983920226,-0.5625214582603896,0.06997706831991748,3
Tabacalera,2023-04,17659,17369,35028,Cuauhtemoc,0.0,5.865490295769558,0.0,0.0,4173.904472831688,545884,0.608335460304134,0.0,-0.7638198663195582,-0.7657977983920226,-0.5625214582603896,0.05666392793526884,4
Tabacalera,2023-05,19477,19141,38618,Cuauhtemoc,0.0,5.865490295769558,1.0,1.0,4173.904472831688,545884,0.5629100414240953,0.0,0.11557414688204855,-0.7657977983920226,-0.5625214582603896,0.12189061981541019,5
Tabacalera,2023-06,19597,19207,38804,Cuauhtemoc,0.0,5.865490295769558,0.0,0.0,4173.904472831688,545884,0.5113879212309771,0.0,-1.2210451038201218,-0.7657977983920226,-0.5625214582603896,-0.03753236535136596,6
Tabacalera,2023-07,19545,19145,38690,Cuauhtemoc,0.0,5.865490295769558,4.0,2.0,4173.904472831688,545884,0.5238311445570445,0.0,2.189228582840571,-0.7657977983920226,-0.5625214582603896,0.30971661497773706,7
Tabacalera,2023-08,21783,21007,42790,Cuauhtemoc,0.0,5.865490295769558,5.0,4.0,4173.904472831688,545884,0.5274906297437693,0.0,2.3021728866442674,-0.7657977983920226,-0.5625214582603896,0.3228407879514691,8
Tabacalera,2023-09,23253,23044,46297,Cuauhtemoc,0.0,5.865490295769558,4.0,2.0,4173.904472831688,545884,0.5520226380007689,0.0,2.077983419335798,-0.7657977983920226,-0.5625214582603896,0.312687845349122,9
Tabacalera,2023-12,22980,23383,46363,Cuauhtemoc,0.0,5.865490295769558,1.0,0.0,4173.904472831688,545884,0.557465702230398,0.0,-0.48088232623334126,-0.7657977983920226,-0.5625214582603896,0.05952280290702257,12
Tabacalera,2024-02,30474,29842,60316,Cuauhtemoc,0.0,5.865490295769558,3.0,1.0,4173.904472831688,545884,0.527927218427512,0.0,2.1219838168185787,-0.7657977983920226,-0.5625214582603896,0.30504017531077154,14
Tabacalera,2024-07,31595,31723,63318,Cuauhtemoc,0.0,5.865490295769558,2.0,0.0,4173.904472831688,545884,0.5237458760406378,0.0,2.0472403200773686,-0.7657977983920226,-0.5625214582603896,0.2954751544432135,19
Tabacalera,2024-12,31784,31894,63678,Cuauhtemoc,0.0,5.865490295769558,2.0,0.0,4173.904472831688,545884,0.6259767122320045,0.0,1.7848147129143406,-0.7657977983920226,-0.5625214582603896,0.320348011822594,24
Tabacalera,2025-01,30309,30898,61207,Cuauhtemoc,0.0,5.865490295769558,5.0,3.0,4173.904472831688,545884,0.500045788041068,0.0,2.029312366539578,-0.7657977983920226,-0.5625214582603896,0.28183231508964945,25
Tabacalera,2025-04,27577,27664,55241,Cuauhtemoc,0.0,5.865490295769558,2.0,2.0,4173.904472831688,545884,0.43756324126881657,-0.15394759295997215,1.771711530448783,-0.7657977983920226,-0.5625214582603896,0.20173881915044842,28
Tabacalera,2025-06,28212,26369,54581,Cuauhtemoc,0.0,5.865490295769558,1.0,0.0,4173.904472831688,545884,0.5356001794699075,0.0,2.3736776938734803,-0.7657977983920226,-0.5625214582603896,0.3340460435374595,30
Tabacalera,2025-07,28727,28869,57596,Cuauhtemoc,0.0,5.865490295769558,1.0,1.0,4173.904472831688,545884,0.5423098175407324,0.0,2.3736776938734803,-0.7657977983920226,-0.5625214582603896,0.33740086257287194,31
Tabacalera,2025-08,28261,27901,56162,Cuauhtemoc,0.0,5.865490295769558,1.0,1.0,4173.904472831688,545884,0.5487389733914638,0.0,-0.13667206528405393,-0.7657977983920226,-0.5625214582603896,0.0895804645824842,32
Tabacalera,2025-11,25933,25424,51357,Cuauhtemoc,0.0,5.865490295769558,3.0,1.0,4173.904472831688,545884,0.4554854320032608,0.0,2.1016025501276605,-0.7657977983920226,-0.5625214582603896,0.26678115542955416,35
Tabacalera,2025-12,25224,25564,50788,Cuauhtemoc,0.0,5.865490295769558,4.0,3.0,4173.904472831688,545884,0.5584738049360584,0.0,1.5656314855734474,-0.7657977983920226,-0.5625214582603896,0.2646782354405316,36
Tabacalera,2026-02,24992,25018,50010,Cuauhtemoc,0.0,5.865490295769558,0.0,0.0,4173.904472831688,545884,0.4855023812431344,0.0,0.0,-0.7657977983920226,-0.5625214582603896,0.07162937503672487,38
Tabacalera,2026-03,27306,27322,54628,Cuauhtemoc,0.0,5.865490295769558,0.0,0.0,4173.904472831688,545884,0.49864081931997994,0.0,0.0,-0.7657977983920226,-0.5625214582603896,0.07819859407514765,39
Tabacalera,2026-04,26558,26359,52917,Cuauhtemoc,0.0,5.865490295769558,0.0,0.0,4173.904472831688,545884,0.5017188086167331,-0.29804219930138437,0.0,-0.7657977983920226,-0.5625214582603896,0.03503125882831658,40
Tabacalera,2026-05,26408,26426,52834,Cuauhtemoc,0.0,5.865490295769558,0.0,0.0,4173.904472831688,545884,0.4825018117481388,0.0,0.0,-0.7657977983920226,-0.5625214582603896,0.07012909028922706,41
Tabacalera,2026-06,24443,24895,49338,Cuauhtemoc,0.0,5.865490295769558,0.0,0.0,4173.904472831688,545884,0.479592752483812,0.0,0.0,-0.7657977983920226,-0.5625214582603896,0.06867456065706366,42
Tacuba,2023-01,0,0,0,Miguel Hidalgo,0.0,1.4069478055899691,0.0,0.0,13195.032242363868,414470,-0.4578108992635074,0.0,-1.1031193422512973,0.38800781413375973,0.2273201982940529,-0.25828419190741414,1
Tacuba,2023-02,0,0,0,Miguel Hidalgo,0.0,1.4069478055899691,1.0,1.0,13195.032242363868,414470,-0.4520498443994171,0.0,-0.6719131189631579,0.38800781413375973,0.2273201982940529,-0.2122830421465551,2
Tacuba,2023-03,0,0,0,Miguel Hidalgo,0.0,1.4069478055899691,2.0,2.0,13195.032242363868,414470,-0.4596991731454731,0.0,-0.407960098835215,0.38800781413375973,0.2273201982940529,-0.1897124045067888,3
Tacuba,2023-04,0,0,0,Miguel Hidalgo,0.0,1.4069478055899691,0.0,0.0,13195.032242363868,414470,-0.46674837447246836,0.0,-0.7638198663195582,0.38800781413375973,0.2273201982940529,-0.22882298191872077,4
Tacuba,2023-05,0,0,0,Miguel Hidalgo,0.0,1.4069478055899691,0.0,0.0,13195.032242363868,414470,-0.4746345614744004,0.0,-1.0086471000615145,0.38800781413375973,0.2273201982940529,-0.2572487987938824,5
Tacuba,2023-06,593,823,1416,Miguel Hidalgo,0.0,1.4069478055899691,1.0,1.0,13195.032242363868,414470,-0.44816220387884115,0.0,0.2306418529438008,0.38800781413375973,0.2273201982940529,-0.12008372469557124,6
Tacuba,2023-07,1167,1351,2518,Miguel Hidalgo,0.0,1.4069478055899691,1.0,1.0,13195.032242363868,414470,-0.4233799786421662,0.0,-0.4329444585468293,0.38800781413375973,0.2273201982940529,-0.17405124322629678,7
Tacuba,2023-08,1433,1614,3047,Miguel Hidalgo,0.0,1.4069478055899691,1.0,1.0,13195.032242363868,414470,-0.4229220194395629,0.0,0.0,0.38800781413375973,0.2273201982940529,-0.13052781777031222,8
Tacuba,2023-09,1798,1879,3677,Miguel Hidalgo,0.0,1.4069478055899691,0.0,0.0,13195.032242363868,414470,-0.4257763322270347,0.0,-0.8767571237729115,0.38800781413375973,0.2273201982940529,-0.21963068654133927,9
Tacuba,2023-12,1919,2007,3926,Miguel Hidalgo,0.0,1.4069478055899691,1.0,1.0,13195.032242363868,414470,-0.4530890609314153,0.0,-0.48088232623334126,0.38800781413375973,0.2273201982940529,-0.19369957113957256,12
Tacuba,2024-02,2811,2949,5760,Miguel Hidalgo,0.0,1.4069478055899691,1.0,1.0,13195.032242363868,414470,-0.4808255288123208,0.0,0.17303730695087127,0.38800781413375973,0.2273201982940529,-0.14217584176160405,14
Tacuba,2024-07,3618,3646,7264,Miguel Hidalgo,0.0,1.4069478055899691,0.0,0.0,13195.032242363868,414470,-0.481873796970824,0.0,-0.6405475848094834,0.38800781413375973,0.2273201982940529,-0.2240584650168911,19
Tacuba,2024-12,3445,3374,6819,Miguel Hidalgo,0.0,1.4069478055899691,1.0,1.0,13195.032242363868,414470,-0.47717830183136983,0.0,0.35962684513945675,0.38800781413375973,0.2273201982940529,-0.12169327445226999,24
Tacuba,2025-01,3721,3614,7335,Miguel Hidalgo,0.0,1.4069478055899691,0.0,0.0,13195.032242363868,414470,-0.48383581100628165,0.0,-0.8202469932994618,0.38800781413375973,0.2273201982940529,-0.2430094128836178,25
Tacuba,2025-04,3857,3660,7517,Miguel Hidalgo,0.0,1.4069478055899691,0.0,0.0,13195.032242363868,414470,-0.47234210308111174,-0.15394759295997215,-1.1225347864675495,0.38800781413375973,0.2273201982940529,-0.2905834771818374,28
Tacuba,2025-06,3618,3562,7180,Miguel Hidalgo,0.0,1.4069478055899691,0.0,0.0,13195.032242363868,414470,-0.47703497276553103,0.0,-0.4173499241975349,0.38800781413375973,0.2273201982940529,-0.19931928685304975,30
Tacuba,2025-07,3904,3786,7690,Miguel Hidalgo,0.0,1.4069478055899691,0.0,0.0,13195.032242363868,414470,-0.47915902051297043,0.0,-0.4173499241975349,0.38800781413375973,0.2273201982940529,-0.20038131072676948,31
Tacuba,2025-08,3793,3751,7544,Miguel Hidalgo,0.0,1.4069478055899691,0.0,0.0,13195.032242363868,414470,-0.47535814823018263,0.0,-0.8678676145537424,0.38800781413375973,0.2273201982940529,-0.24353264362099633,32
Tacuba,2025-11,3389,3535,6924,Miguel Hidalgo,0.0,1.4069478055899691,0.0,0.0,13195.032242363868,414470,-0.48859649231227026,0.0,-0.9235742148543081,0.38800781413375973,0.2273201982940529,-0.25572247569209666,35
Tacuba,2025-12,3017,3269,6286,Miguel Hidalgo,0.0,1.4069478055899691,3.0,2.0,13195.032242363868,414470,-0.48675273374301264,0.0,0.9736789450916139,0.38800781413375973,0.2273201982940529,-0.06507528041287569,36
Tacuba,2026-02,3459,3419,6878,Miguel Hidalgo,0.0,1.4069478055899691,0.0,0.0,13195.032242363868,414470,-0.4912914488479596,0.0,0.0,0.38800781413375973,0.2273201982940529,-0.16471253247451056,38
Tacuba,2026-03,3885,3668,7553,Miguel Hidalgo,0.0,1.4069478055899691,0.0,0.0,13195.032242363868,414470,-0.49079003774468427,0.0,0.0,0.38800781413375973,0.2273201982940529,-0.1644618269228729,39
Tacuba,2026-04,3761,3618,7379,Miguel Hidalgo,1.0,1.4069478055899691,0.0,0.0,13195.032242363868,414470,-0.4867418794830829,0.5411818882051453,0.0,0.38800781413375973,0.2273201982940529,-0.08126046456130043,40
Tacuba,2026-05,3725,3550,7275,Miguel Hidalgo,0.0,1.4069478055899691,0.0,0.0,13195.032242363868,414470,-0.48837770037115985,0.0,0.0,0.38800781413375973,0.2273201982940529,-0.16325565823611068,41
Tacuba,2026-06,3521,3422,6943,Miguel Hidalgo,0.0,1.4069478055899691,0.0,0.0,13195.032242363868,414470,-0.4699324836998865,0.0,0.0,0.38800781413375973,0.2273201982940529,-0.154033049900474,42
Tlacoquemecatl del Valle,2023-01,4831,4570,9401,Benito Juarez,0.0,3.2942193128411565,1.0,1.0,7661.651665990737,434153,-0.06516395077107112,0.0,0.3363168726375907,-0.10039046001584964,-0.2571529842662886,-0.03972415555078279,1
Tlacoquemecatl del Valle,2023-02,4767,4367,9134,Benito Juarez,0.0,3.2942193128411565,3.0,2.0,7661.651665990737,434153,-0.11984453322162368,0.0,1.195481783090294,-0.10039046001584964,-0.2571529842662886,0.01885204426921126,2
Tlacoquemecatl del Valle,2023-03,5583,5184,10767,Benito Juarez,0.0,3.2942193128411565,6.0,4.0,7661.651665990737,434153,-0.13598418459914333,0.0,1.3038724727478443,-0.10039046001584964,-0.2571529842662886,0.02162128754620647,3
Tlacoquemecatl del Valle,2023-04,5675,5215,10890,Benito Juarez,0.0,3.2942193128411565,4.0,1.0,7661.651665990737,434153,-0.13251110826494295,0.0,1.3590041777373958,-0.10039046001584964,-0.2571529842662886,0.028870996212261812,4
Tlacoquemecatl del Valle,2023-05,6902,6447,13349,Benito Juarez,0.0,3.2942193128411565,2.0,2.0,7661.651665990737,434153,-0.1159887770191718,0.0,1.2397953938256114,-0.10039046001584964,-0.2571529842662886,0.025211283443968942,5
Tlacoquemecatl del Valle,2023-06,7736,7213,14949,Benito Juarez,0.0,3.2942193128411565,1.0,1.0,7661.651665990737,434153,-0.10084242632692153,0.0,0.2306418529438008,-0.10039046001584964,-0.2571529842662886,-0.068130895298087,6
Tlacoquemecatl del Valle,2023-07,7537,7152,14689,Benito Juarez,0.0,3.2942193128411565,1.0,1.0,7661.651665990737,434153,-0.10466642726381849,0.0,-0.4329444585468293,-0.10039046001584964,-0.2571529842662886,-0.13640152691559848,7
Tlacoquemecatl del Valle,2023-08,8269,7777,16046,Benito Juarez,0.0,3.2942193128411565,0.0,0.0,7661.651665990737,434153,-0.11206440862170479,0.0,-0.5755432216610669,-0.10039046001584964,-0.2571529842662886,-0.1543603939059654,8
Tlacoquemecatl del Valle,2023-09,8687,8226,16913,Benito Juarez,0.0,3.2942193128411565,1.0,0.0,7661.651665990737,434153,-0.12211262575272201,0.0,-0.1380719879957341,-0.10039046001584964,-0.2571529842662886,-0.11563737910494072,9
Tlacoquemecatl del Valle,2023-12,7972,7637,15609,Benito Juarez,0.0,3.2942193128411565,2.0,2.0,7661.651665990737,434153,-0.17488109858677586,0.0,0.9484068100713118,-0.10039046001584964,-0.2571529842662886,-0.03337373571526306,12
Tlacoquemecatl del Valle,2024-02,11268,10477,21745,Benito Juarez,0.0,3.2942193128411565,0.0,0.0,7661.651665990737,434153,-0.1852592727702956,0.0,-0.8014359479829826,-0.10039046001584964,-0.2571529842662886,-0.21354709861245239,14
Tlacoquemecatl del Valle,2024-07,11847,10700,22547,Benito Juarez,0.0,3.2942193128411565,0.0,0.0,7661.651665990737,434153,-0.20769380156221495,0.0,-0.6405475848094834,-0.10039046001584964,-0.2571529842662886,-0.20867552669106212,19
Tlacoquemecatl del Valle,2024-12,11006,10110,21116,Benito Juarez,0.0,3.2942193128411565,0.0,0.0,7661.651665990737,434153,-0.19979376752608724,0.0,-1.0655610226354273,-0.10039046001584964,-0.2571529842662886,-0.24722685345559267,24
Tlacoquemecatl del Valle,2025-01,12686,11644,24330,Benito Juarez,0.0,3.2942193128411565,2.0,1.0,7661.651665990737,434153,-0.17345068003268296,0.0,0.319576750636154,-0.10039046001584964,-0.2571529842662886,-0.09554153238173237,25
Tlacoquemecatl del Valle,2025-04,11642,10559,22201,Benito Juarez,0.0,3.2942193128411565,1.0,1.0,7661.651665990737,434153,-0.19237709435522232,-0.15394759295997215,0.32458837199061674,-0.10039046001584964,-0.2571529842662886,-0.12759571635155162,28
Tlacoquemecatl del Valle,2025-06,11628,10459,22087,Benito Juarez,0.0,3.2942193128411565,0.0,0.0,7661.651665990737,434153,-0.15857434504937143,0.0,-0.4173499241975349,-0.10039046001584964,-0.2571529842662886,-0.1617960323734455,30
Tlacoquemecatl del Valle,2025-07,12174,11053,23227,Benito Juarez,0.0,3.2942193128411565,0.0,0.0,7661.651665990737,434153,-0.16114993669859182,0.0,-0.4173499241975349,-0.10039046001584964,-0.2571529842662886,-0.1630838281980557,31
Tlacoquemecatl del Valle,2025-08,11768,10824,22592,Benito Juarez,0.0,3.2942193128411565,3.0,3.0,7661.651665990737,434153,-0.15838473331878078,0.0,1.325719033255323,-0.10039046001584964,-0.2571529842662886,0.012605669237135613,32
Tlacoquemecatl del Valle,2025-11,11004,10245,21249,Benito Juarez,0.0,3.2942193128411565,1.0,0.0,7661.651665990737,434153,-0.18422871237798755,0.0,0.08481804013968136,-0.10039046001584964,-0.2571529842662886,-0.12440641960403194,35
Tlacoquemecatl del Valle,2025-12,10020,9363,19383,Benito Juarez,0.0,3.2942193128411565,0.0,0.0,7661.651665990737,434153,-0.17914112129683513,0.0,-0.8021786763538865,-0.10039046001584964,-0.2571529842662886,-0.21056229571281254,36
Tlacoquemecatl del Valle,2026-02,10333,9892,20225,Benito Juarez,0.0,3.2942193128411565,0.0,0.0,7661.651665990737,434153,-0.18902706856821763,0.0,0.0,-0.10039046001584964,-0.2571529842662886,-0.13528740171311512,38
Tlacoquemecatl del Valle,2026-03,10959,10308,21267,Benito Juarez,0.0,3.2942193128411565,0.0,0.0,7661.651665990737,434153,-0.20254670744654715,0.0,0.0,-0.10039046001584964,-0.2571529842662886,-0.14204722115227988,39
Tlacoquemecatl del Valle,2026-04,10875,10420,21295,Benito Juarez,0.0,3.2942193128411565,0.0,0.0,7661.651665990737,434153,-0.18467725355315537,-0.29804219930138437,0.0,-0.10039046001584964,-0.2571529842662886,-0.17781882410079167,40
Tlacoquemecatl del Valle,2026-05,10487,10078,20565,Benito Juarez,0.0,3.2942193128411565,0.0,0.0,7661.651665990737,434153,-0.20516277651274595,0.0,0.0,-0.10039046001584964,-0.2571529842662886,-0.1433552556853793,41
Tlacoquemecatl del Valle,2026-06,9129,8696,17825,Benito Juarez,0.0,3.2942193128411565,0.0,0.0,7661.651665990737,434153,-0.22620719486509447,0.0,0.0,-0.10039046001584964,-0.2571529842662886,-0.15387746486155354,42
Tlatilco,2023-01,0,0,0,Azcapotzalco,0.0,1.1939827884784224,1.0,1.0,6231.427611218678,432205,-0.4578108992635074,0.0,0.3363168726375907,0.4431200470116961,-0.3823757463781876,-0.16704332995405896,1
Tlatilco,2023-02,0,0,0,Azcapotzalco,0.0,1.1939827884784224,0.0,0.0,6231.427611218678,432205,-0.4520498443994171,0.0,-1.6056105699898837,0.4431200470116961,-0.3823757463781876,-0.3583555467847612,2
Tlatilco,2023-03,0,0,0,Azcapotzalco,0.0,1.1939827884784224,0.0,0.0,6231.427611218678,432205,-0.4596991731454731,0.0,-1.2638763846267447,0.4431200470116961,-0.3823757463781876,-0.32800679262147536,3
Tlatilco,2023-04,0,0,0,Azcapotzalco,0.0,1.1939827884784224,0.0,0.0,6231.427611218678,432205,-0.46674837447246836,0.0,-0.7638198663195582,0.4431200470116961,-0.3823757463781876,-0.28152574145425435,4
Tlatilco,2023-05,0,0,0,Azcapotzalco,0.0,1.1939827884784224,0.0,0.0,6231.427611218678,432205,-0.4746345614744004,0.0,-1.0086471000615145,0.4431200470116961,-0.3823757463781876,-0.309951558329416,5
Tlatilco,2023-06,0,0,0,Azcapotzalco,0.0,1.1939827884784224,0.0,0.0,6231.427611218678,432205,-0.48450335550919055,0.0,-1.2210451038201218,0.4431200470116961,-0.3823757463781876,-0.3361257557226718,6
Tlatilco,2023-07,0,0,0,Azcapotzalco,0.0,1.1939827884784224,2.0,1.0,6231.427611218678,432205,-0.48931710150558577,0.0,0.44111322191563745,0.4431200470116961,-0.3823757463781876,-0.1723167961472935,7
Tlatilco,2023-08,0,0,0,Azcapotzalco,0.0,1.1939827884784224,0.0,0.0,6231.427611218678,432205,-0.49578786605561137,0.0,-0.5755432216610669,0.4431200470116961,-0.3823757463781876,-0.27721782277997675,8
Tlatilco,2023-09,0,0,0,Azcapotzalco,0.0,1.1939827884784224,2.0,2.0,6231.427611218678,432205,-0.5101350092220519,0.0,0.6006131477814433,0.4431200470116961,-0.3823757463781876,-0.16677575741894596,9
Tlatilco,2023-12,0,0,0,Azcapotzalco,0.0,1.1939827884784224,2.0,2.0,6231.427611218678,432205,-0.5465791285651613,0.0,0.9484068100713118,0.4431200470116961,-0.3823757463781876,-0.1502184508615138,12
Tlatilco,2024-02,1519,1571,3090,Azcapotzalco,0.0,1.1939827884784224,1.0,1.0,6231.427611218678,432205,-0.5301944311352615,0.0,0.17303730695087127,0.4431200470116961,-0.3823757463781876,-0.219563052458608,14
Tlatilco,2024-07,2568,2627,5195,Azcapotzalco,0.0,1.1939827884784224,1.0,1.0,6231.427611218678,432205,-0.5189920597792002,0.0,0.7033463676339425,0.4431200470116961,-0.3823757463781876,-0.16093096071227014,19
Tlatilco,2024-12,3059,3176,6235,Azcapotzalco,0.0,1.1939827884784224,1.0,1.0,6231.427611218678,432205,-0.4885088304761404,0.0,0.35962684513945675,0.4431200470116961,-0.3823757463781876,-0.18006129831018888,24
Tlatilco,2025-01,3174,3317,6491,Azcapotzalco,0.0,1.1939827884784224,0.0,0.0,6231.427611218678,432205,-0.49925005346239915,0.0,-0.8202469932994618,0.4431200470116961,-0.3823757463781876,-0.3034192936472101,25
Tlatilco,2025-04,2934,2965,5899,Azcapotzalco,0.0,1.1939827884784224,0.0,0.0,6231.427611218678,432205,-0.5031908761755335,-0.15394759295997215,-1.1225347864675495,0.4431200470116961,-0.3823757463781876,-0.3587106232645818,28
Tlatilco,2025-06,3111,3005,6116,Azcapotzalco,0.0,1.1939827884784224,0.0,0.0,6231.427611218678,432205,-0.4997653751194583,0.0,-0.4173499241975349,0.4431200470116961,-0.3823757463781876,-0.263387247565547,30
Tlatilco,2025-07,3185,3125,6310,Azcapotzalco,0.0,1.1939827884784224,0.0,0.0,6231.427611218678,432205,-0.5074046622497177,0.0,-0.4173499241975349,0.4431200470116961,-0.3823757463781876,-0.26720689113067664,31
Tlatilco,2025-08,3116,3071,6187,Azcapotzalco,0.0,1.1939827884784224,0.0,0.0,6231.427611218678,432205,-0.5039422075094737,0.0,-0.8678676145537424,0.4431200470116961,-0.3823757463781876,-0.31052743279617545,32
Tlatilco,2025-11,3346,3293,6639,Azcapotzalco,0.0,1.1939827884784224,1.0,1.0,6231.427611218678,432205,-0.494651976939235,0.0,0.08481804013968136,0.4431200470116961,-0.3823757463781876,-0.2106137520417137,35
Tlatilco,2025-12,3149,3113,6262,Azcapotzalco,0.0,1.1939827884784224,0.0,0.0,6231.427611218678,432205,-0.487316426092307,0.0,-0.8021786763538865,0.4431200470116961,-0.3823757463781876,-0.29564564826760653,36
Tlatilco,2026-02,3093,2997,6090,Azcapotzalco,0.0,1.1939827884784224,0.0,0.0,6231.427611218678,432205,-0.5091369820509593,0.0,0.0,0.4431200470116961,-0.3823757463781876,-0.22633805861154396,38
Tlatilco,2026-03,3532,3472,7004,Azcapotzalco,0.0,1.1939827884784224,0.0,0.0,6231.427611218678,432205,-0.5023290189561235,0.0,0.0,0.4431200470116961,-0.3823757463781876,-0.22293407706412607,39
Tlatilco,2026-04,3297,3270,6567,Azcapotzalco,0.0,1.1939827884784224,0.0,0.0,6231.427611218678,432205,-0.5043673807948895,-0.29804219930138437,0.0,0.4431200470116961,-0.3823757463781876,-0.2686595878787168,40
Tlatilco,2026-05,3463,3450,6913,Azcapotzalco,0.0,1.1939827884784224,0.0,0.0,6231.427611218678,432205,-0.4960920572136539,0.0,0.0,0.4431200470116961,-0.3823757463781876,-0.2198155961928913,41
Tlatilco,2026-06,3369,3326,6695,Azcapotzalco,0.0,1.1939827884784224,0.0,0.0,6231.427611218678,432205,-0.47548696556269004,0.0,0.0,0.4431200470116961,-0.3823757463781876,-0.2095130503674094,42
Tlaxpana,2023-01,0,0,0,Miguel Hidalgo,0.0,0.3701088006902779,0.0,0.0,8311.187275791783,414470,-0.4578108992635074,0.0,-1.1031193422512973,0.6563265900059,-0.20028312329734643,-0.26079670768573304,1
Tlaxpana,2023-02,0,0,0,Miguel Hidalgo,0.0,0.3701088006902779,1.0,1.0,8311.187275791783,414470,-0.4520498443994171,0.0,-0.6719131189631579,0.6563265900059,-0.20028312329734643,-0.21479555792487395,2
Tlaxpana,2023-03,0,0,0,Miguel Hidalgo,0.0,0.3701088006902779,2.0,2.0,8311.187275791783,414470,-0.4596991731454731,0.0,-0.407960098835215,0.6563265900059,-0.20028312329734643,-0.1922249202851077,3
Tlaxpana,2023-04,0,0,0,Miguel Hidalgo,0.0,0.3701088006902779,0.0,0.0,8311.187275791783,414470,-0.46674837447246836,0.0,-0.7638198663195582,0.6563265900059,-0.20028312329734643,-0.23133549769703968,4
Tlaxpana,2023-05,0,0,0,Miguel Hidalgo,0.0,0.3701088006902779,0.0,0.0,8311.187275791783,414470,-0.4746345614744004,0.0,-1.0086471000615145,0.6563265900059,-0.20028312329734643,-0.25976131457220125,5
Tlaxpana,2023-06,439,410,849,Miguel Hidalgo,0.0,0.3701088006902779,1.0,1.0,8311.187275791783,414470,-0.46271406332404463,0.0,0.2306418529438008,0.6563265900059,-0.20028312329734643,-0.12987217019649186,6
Tlaxpana,2023-07,1081,916,1997,Miguel Hidalgo,0.0,0.3701088006902779,1.0,1.0,8311.187275791783,414470,-0.43702304496934713,0.0,-0.4329444585468293,0.6563265900059,-0.20028312329734643,-0.18338529216820615,7
Tlaxpana,2023-08,1349,1226,2575,Miguel Hidalgo,0.0,0.3701088006902779,1.0,1.0,8311.187275791783,414470,-0.43420941018546866,0.0,0.0,0.6563265900059,-0.20028312329734643,-0.13868402892158396,8
Tlaxpana,2023-09,1896,1710,3606,Miguel Hidalgo,0.0,0.3701088006902779,0.0,0.0,8311.187275791783,414470,-0.42740523243553247,0.0,-0.8767571237729115,0.6563265900059,-0.20028312329734643,-0.22295765242390705,9
Tlaxpana,2023-12,5324,4804,10128,Miguel Hidalgo,0.0,0.3701088006902779,1.0,1.0,8311.187275791783,414470,-0.30540047217326644,0.0,-0.48088232623334126,0.6563265900059,-0.20028312329734643,-0.122367792538817,12
Tlaxpana,2024-02,7972,7013,14985,Miguel Hidalgo,0.0,0.3701088006902779,1.0,1.0,8311.187275791783,414470,-0.3102531977527223,0.0,0.17303730695087127,0.6563265900059,-0.20028312329734643,-0.05940219201012367,14
Tlaxpana,2024-07,9848,9608,19456,Miguel Hidalgo,0.0,0.3701088006902779,0.0,0.0,8311.187275791783,414470,-0.26314694334118577,0.0,-0.6405475848094834,0.6563265900059,-0.20028312329734643,-0.11720755398039087,19
Tlaxpana,2024-12,9711,9074,18785,Miguel Hidalgo,0.0,0.3701088006902779,1.0,1.0,8311.187275791783,414470,-0.24501887415444382,0.0,0.35962684513945675,0.6563265900059,-0.20028312329734643,-0.008126076392125873,24
Tlaxpana,2025-01,9262,8950,18212,Miguel Hidalgo,0.0,0.3701088006902779,0.0,0.0,8311.187275791783,414470,-0.2851856745190894,0.0,-0.8202469932994618,0.6563265900059,-0.20028312329734643,-0.14619686041834054,25
Tlaxpana,2025-04,9708,8881,18589,Miguel Hidalgo,0.0,0.3701088006902779,0.0,0.0,8311.187275791783,414470,-0.2612434530802232,-0.15394759295997215,-1.1225347864675495,0.6563265900059,-0.20028312329734643,-0.187546667959712,28
Tlaxpana,2025-06,10166,8950,19116,Miguel Hidalgo,0.0,0.3701088006902779,0.0,0.0,8311.187275791783,414470,-0.22204429372748977,0.0,-0.4173499241975349,0.6563265900059,-0.20028312329734643,-0.07433646311234803,30
Tlaxpana,2025-07,10593,9356,19949,Miguel Hidalgo,0.0,0.3701088006902779,0.0,0.0,8311.187275791783,414470,-0.2282435697515321,0.0,-0.4173499241975349,0.6563265900059,-0.20028312329734643,-0.07743610112436919,31
Tlaxpana,2025-08,10312,9067,19379,Miguel Hidalgo,0.0,0.3701088006902779,0.0,0.0,8311.187275791783,414470,-0.22606386556960043,0.0,-0.8678676145537424,0.6563265900059,-0.20028312329734643,-0.1213980180690241,32
Tlaxpana,2025-11,10202,9471,19673,Miguel Hidalgo,0.0,0.3701088006902779,0.0,0.0,8311.187275791783,414470,-0.2177144799993788,0.0,-0.9235742148543081,0.6563265900059,-0.20028312329734643,-0.12279398531396986,35
Tlaxpana,2025-12,9817,8752,18569,Miguel Hidalgo,0.0,0.3701088006902779,3.0,2.0,8311.187275791783,414470,-0.19825968681040224,0.0,0.9736789450916139,0.6563265900059,-0.20028312329734643,0.07665872727511062,36
Tlaxpana,2026-02,10269,9138,19407,Miguel Hidalgo,0.0,0.3701088006902779,0.0,0.0,8311.187275791783,414470,-0.20755200024341272,0.0,0.0,0.6563265900059,-0.20028312329734643,-0.025355323950556004,38
Tlaxpana,2026-03,11004,9896,20900,Miguel Hidalgo,0.0,0.3701088006902779,0.0,0.0,8311.187275791783,414470,-0.21026037976821962,0.0,0.0,0.6563265900059,-0.20028312329734643,-0.026709513712959456,39
Tlaxpana,2026-04,10188,9208,19396,Miguel Hidalgo,0.0,0.3701088006902779,0.0,0.0,8311.187275791783,414470,-0.2258974838377869,-0.29804219930138437,0.0,0.6563265900059,-0.20028312329734643,-0.07923439564295075,40
Tlaxpana,2026-05,10167,9109,19276,Miguel Hidalgo,0.0,0.3701088006902779,0.0,0.0,8311.187275791783,414470,-0.23263185377786977,0.0,0.0,0.6563265900059,-0.20028312329734643,-0.03789525071778453,41
Tlaxpana,2026-06,9184,8409,17593,Miguel Hidalgo,0.0,0.3701088006902779,0.0,0.0,8311.187275791783,414470,-0.23140332305933006,0.0,0.0,0.6563265900059,-0.20028312329734643,-0.03728098535851468,42
Un Hogar para Nosotros,2023-01,0,0,0,Miguel Hidalgo,0.0,1.423447140441596,0.0,0.0,931.0023952670608,414470,-0.4578108992635074,0.0,-1.1031193422512973,0.38373802749458774,-0.8464526046119857,-0.36630194019389384,1
Un Hogar para Nosotros,2023-02,0,0,0,Miguel Hidalgo,0.0,1.423447140441596,1.0,1.0,931.0023952670608,414470,-0.4520498443994171,0.0,-0.6719131189631579,0.38373802749458774,-0.8464526046119857,-0.3203007904330348,2
Un Hogar para Nosotros,2023-03,0,0,0,Miguel Hidalgo,0.0,1.423447140441596,2.0,2.0,931.0023952670608,414470,-0.4596991731454731,0.0,-0.407960098835215,0.38373802749458774,-0.8464526046119857,-0.2977301527932685,3
Un Hogar para Nosotros,2023-04,0,0,0,Miguel Hidalgo,0.0,1.423447140441596,0.0,0.0,931.0023952670608,414470,-0.46674837447246836,0.0,-0.7638198663195582,0.38373802749458774,-0.8464526046119857,-0.33684073020520044,4
Un Hogar para Nosotros,2023-05,0,0,0,Miguel Hidalgo,0.0,1.423447140441596,0.0,0.0,931.0023952670608,414470,-0.4746345614744004,0.0,-1.0086471000615145,0.38373802749458774,-0.8464526046119857,-0.3652665470803621,5
Un Hogar para Nosotros,2023-06,940,880,1820,Miguel Hidalgo,0.0,1.423447140441596,1.0,1.0,931.0023952670608,414470,-0.43779368321594486,0.0,0.2306418529438008,0.38373802749458774,-0.8464526046119857,-0.22291721265060277,6
Un Hogar para Nosotros,2023-07,1030,988,2018,Miguel Hidalgo,0.0,1.423447140441596,1.0,1.0,931.0023952670608,414470,-0.43647313250702313,0.0,-0.4329444585468293,0.38373802749458774,-0.8464526046119857,-0.2886155684452049,7
Un Hogar para Nosotros,2023-08,1389,1232,2621,Miguel Hidalgo,0.0,1.423447140441596,1.0,1.0,931.0023952670608,414470,-0.43310936786701176,0.0,0.0,0.38373802749458774,-0.8464526046119857,-0.2436392402705163,8
Un Hogar para Nosotros,2023-09,1739,1645,3384,Miguel Hidalgo,0.0,1.423447140441596,0.0,0.0,931.0023952670608,414470,-0.4324984133691452,0.0,-0.8767571237729115,0.38373802749458774,-0.8464526046119857,-0.33100947539887415,9
Un Hogar para Nosotros,2023-12,1393,1274,2667,Miguel Hidalgo,0.0,1.423447140441596,1.0,1.0,931.0023952670608,414470,-0.4830697015709686,0.0,-0.48088232623334126,0.38373802749458774,-0.8464526046119857,-0.3167076397458289,12
Un Hogar para Nosotros,2024-02,1895,1957,3852,Miguel Hidalgo,0.0,1.423447140441596,1.0,1.0,931.0023952670608,414470,-0.5161048792363548,0.0,0.17303730695087127,0.38373802749458774,-0.8464526046119857,-0.26783326526010076,14
Un Hogar para Nosotros,2024-07,1702,1657,3359,Miguel Hidalgo,0.0,1.423447140441596,0.0,0.0,931.0023952670608,414470,-0.5519302572253957,0.0,-0.6405475848094834,0.38373802749458774,-0.8464526046119857,-0.3671044434306566,19
Un Hogar para Nosotros,2024-12,1927,1807,3734,Miguel Hidalgo,0.0,1.423447140441596,1.0,1.0,931.0023952670608,414470,-0.5370322074291733,0.0,0.35962684513945675,0.38373802749458774,-0.8464526046119857,-0.25963797553765144,24
Un Hogar para Nosotros,2025-01,1947,1739,3686,Miguel Hidalgo,0.0,1.423447140441596,0.0,0.0,931.0023952670608,414470,-0.5504786673124106,0.0,-0.8202469932994618,0.38373802749458774,-0.8464526046119857,-0.3843485893231619,25
Un Hogar para Nosotros,2025-04,1975,1813,3788,Miguel Hidalgo,0.0,1.423447140441596,0.0,0.0,931.0023952670608,414470,-0.543439182728268,-0.15394759295997215,-1.1225347864675495,0.38373802749458774,-0.8464526046119857,-0.4341497652918952,28
Un Hogar para Nosotros,2025-06,2012,1845,3857,Miguel Hidalgo,0.0,1.423447140441596,0.0,0.0,931.0023952670608,414470,-0.5480247538013396,0.0,-0.4173499241975349,0.38373802749458774,-0.8464526046119857,-0.34283192565743376,30
Un Hogar para Nosotros,2025-07,1612,1511,3123,Miguel Hidalgo,0.0,1.423447140441596,0.0,0.0,931.0023952670608,414470,-0.5726357203765392,0.0,-0.4173499241975349,0.38373802749458774,-0.8464526046119857,-0.35513740894503354,31
Un Hogar para Nosotros,2025-08,1643,1605,3248,Miguel Hidalgo,0.0,1.423447140441596,0.0,0.0,931.0023952670608,414470,-0.5658497610996259,0.0,-0.8678676145537424,0.38373802749458774,-0.8464526046119857,-0.39679619834219765,32
Un Hogar para Nosotros,2025-11,1930,1853,3783,Miguel Hidalgo,0.0,1.423447140441596,0.0,0.0,931.0023952670608,414470,-0.5553343070957664,0.0,-0.9235742148543081,0.38373802749458774,-0.8464526046119857,-0.39710913137032444,35
Un Hogar para Nosotros,2025-12,1663,1524,3187,Miguel Hidalgo,0.0,1.423447140441596,3.0,2.0,931.0023952670608,414470,-0.5595395083456471,0.0,0.9736789450916139,0.38373802749458774,-0.8464526046119857,-0.2094864160006726,36
Un Hogar para Nosotros,2026-02,2020,1806,3826,Miguel Hidalgo,0.0,1.423447140441596,0.0,0.0,931.0023952670608,414470,-0.5604089200859735,0.0,0.0,0.38373802749458774,-0.8464526046119857,-0.30728901637999717,38
Un Hogar para Nosotros,2026-03,2054,1763,3817,Miguel Hidalgo,0.0,1.423447140441596,0.0,0.0,931.0023952670608,414470,-0.5693139608884673,0.0,0.0,0.38373802749458774,-0.8464526046119857,-0.31174153678124406,39
Un Hogar para Nosotros,2026-04,1765,1700,3465,Miguel Hidalgo,0.0,1.423447140441596,0.0,0.0,931.0023952670608,414470,-0.5717002688111754,-0.29804219930138437,0.0,0.38373802749458774,-0.8464526046119857,-0.3576410206378058,40
Un Hogar para Nosotros,2026-05,1910,1907,3817,Miguel Hidalgo,0.0,1.423447140441596,0.0,0.0,931.0023952670608,414470,-0.5620689875571941,0.0,0.0,0.38373802749458774,-0.8464526046119857,-0.3081190501156075,41
Un Hogar para Nosotros,2026-06,1605,1612,3217,Miguel Hidalgo,0.0,1.423447140441596,0.0,0.0,931.0023952670608,414470,-0.553384094267653,0.0,0.0,0.38373802749458774,-0.8464526046119857,-0.3037766034708369,42
Unidad Habitacional Cuitláhuac,2023-01,0,0,0,Azcapotzalco,0.0,,1.0,1.0,,432205,-0.4578108992635074,0.0,0.3363168726375907,0.0,0.0,-0.19527376236799462,1
Unidad Habitacional Cuitláhuac,2023-02,0,0,0,Azcapotzalco,0.0,,0.0,0.0,,432205,-0.4520498443994171,0.0,-1.6056105699898837,0.0,0.0,-0.3865859791986969,2
Unidad Habitacional Cuitláhuac,2023-03,0,0,0,Azcapotzalco,0.0,,0.0,0.0,,432205,-0.4596991731454731,0.0,-1.2638763846267447,0.0,0.0,-0.356237225035411,3
Unidad Habitacional Cuitláhuac,2023-04,0,0,0,Azcapotzalco,0.0,,0.0,0.0,,432205,-0.46674837447246836,0.0,-0.7638198663195582,0.0,0.0,-0.30975617386819,4
Unidad Habitacional Cuitláhuac,2023-05,0,0,0,Azcapotzalco,0.0,,0.0,0.0,,432205,-0.4746345614744004,0.0,-1.0086471000615145,0.0,0.0,-0.33818199074335165,5
Unidad Habitacional Cuitláhuac,2023-06,0,0,0,Azcapotzalco,0.0,,0.0,0.0,,432205,-0.48450335550919055,0.0,-1.2210451038201218,0.0,0.0,-0.3643561881366075,6
Unidad Habitacional Cuitláhuac,2023-07,0,0,0,Azcapotzalco,0.0,,2.0,1.0,,432205,-0.48931710150558577,0.0,0.44111322191563745,0.0,0.0,-0.20054722856122914,7
Unidad Habitacional Cuitláhuac,2023-08,0,0,0,Azcapotzalco,0.0,,0.0,0.0,,432205,-0.49578786605561137,0.0,-0.5755432216610669,0.0,0.0,-0.3054482551939124,8
Unidad Habitacional Cuitláhuac,2023-09,0,0,0,Azcapotzalco,0.0,,2.0,2.0,,432205,-0.5101350092220519,0.0,0.6006131477814433,0.0,0.0,-0.19500618983288162,9
Unidad Habitacional Cuitláhuac,2023-12,0,0,0,Azcapotzalco,0.0,,2.0,2.0,,432205,-0.5465791285651613,0.0,0.9484068100713118,0.0,0.0,-0.1784488832754495,12
Unidad Habitacional Cuitláhuac,2024-02,928,1051,1979,Azcapotzalco,0.0,,1.0,1.0,,432205,-0.5507370717647698,0.0,0.17303730695087127,0.0,0.0,-0.2580648051872978,14
Unidad Habitacional Cuitláhuac,2024-07,1250,1500,2750,Azcapotzalco,0.0,,1.0,1.0,,432205,-0.562855835790065,0.0,0.7033463676339425,0.0,0.0,-0.21109328113163828,19
Unidad Habitacional Cuitláhuac,2024-12,1368,1508,2876,Azcapotzalco,0.0,,1.0,1.0,,432205,-0.5536787717737164,0.0,0.35962684513945675,0.0,0.0,-0.2408767013729125,24
Unidad Habitacional Cuitláhuac,2025-01,1353,1597,2950,Azcapotzalco,0.0,,0.0,0.0,,432205,-0.5639204711603993,0.0,-0.8202469932994618,0.0,0.0,-0.36398493491014583,25
Unidad Habitacional Cuitláhuac,2025-04,1307,1619,2926,Azcapotzalco,0.0,,0.0,0.0,,432205,-0.5598740667872244,-0.15394759295997215,-1.1225347864675495,0.0,0.0,-0.41528265098436296,28
Unidad Habitacional Cuitláhuac,2025-06,1249,1405,2654,Azcapotzalco,0.0,,0.0,0.0,,432205,-0.5737246354101503,0.0,-0.4173499241975349,0.0,0.0,-0.3285973101248286,30
Unidad Habitacional Cuitláhuac,2025-07,1330,1503,2833,Azcapotzalco,0.0,,0.0,0.0,,432205,-0.5785713987125223,0.0,-0.4173499241975349,0.0,0.0,-0.3310206917760146,31
Unidad Habitacional Cuitláhuac,2025-08,1359,1466,2825,Azcapotzalco,0.0,,0.0,0.0,,432205,-0.5747598989589775,0.0,-0.8678676145537424,0.0,0.0,-0.374166710934863,32
Unidad Habitacional Cuitláhuac,2025-11,1455,1515,2970,Azcapotzalco,0.0,,1.0,1.0,,432205,-0.5726083737684764,0.0,0.08481804013968136,0.0,0.0,-0.27782238287027006,35
Unidad Habitacional Cuitláhuac,2025-12,1462,1476,2938,Azcapotzalco,0.0,,0.0,0.0,,432205,-0.5653878164695761,0.0,-0.8021786763538865,0.0,0.0,-0.36291177587017676,36
Unidad Habitacional Cuitláhuac,2026-02,1295,1345,2640,Azcapotzalco,0.0,,0.0,0.0,,432205,-0.5872678063534325,0.0,0.0,0.0,0.0,-0.2936339031767162,38
Unidad Habitacional Cuitláhuac,2026-03,1631,1649,3280,Azcapotzalco,0.0,,0.0,0.0,,432205,-0.5806007239313504,0.0,0.0,0.0,0.0,-0.2903003619656752,39
Unidad Habitacional Cuitláhuac,2026-04,1485,1573,3058,Azcapotzalco,0.0,,0.0,0.0,,432205,-0.5805347257494825,-0.29804219930138437,0.0,0.0,0.0,-0.3349736927699489,40
Unidad Habitacional Cuitláhuac,2026-05,1522,1587,3109,Azcapotzalco,0.0,,0.0,0.0,,432205,-0.5771567351938951,0.0,0.0,0.0,0.0,-0.28857836759694755,41
Unidad Habitacional Cuitláhuac,2026-06,1375,1464,2839,Azcapotzalco,0.0,,0.0,0.0,,432205,-0.5618501996875713,0.0,0.0,0.0,0.0,-0.28092509984378566,42
Veronica Anzures,2023-01,3069,3057,6126,Miguel Hidalgo,0.0,0.0,0.0,0.0,3412.661028456114,414470,-0.20194926683454614,0.0,-1.1031193422512973,0.7521053366304337,-0.6291718592421277,-0.16138795307205053,1
Veronica Anzures,2023-02,3053,3036,6089,Miguel Hidalgo,0.0,0.0,1.0,1.0,3412.661028456114,414470,-0.23059176034406523,0.0,-0.6719131189631579,0.7521053366304337,-0.6291718592421277,-0.13258857749799613,2
Veronica Anzures,2023-03,3850,3775,7625,Miguel Hidalgo,0.0,0.0,2.0,2.0,3412.661028456114,414470,-0.23044991265826548,0.0,-0.407960098835215,0.7521053366304337,-0.6291718592421277,-0.10612235164230197,3
Veronica Anzures,2023-04,3404,3380,6784,Miguel Hidalgo,0.0,0.0,0.0,0.0,3412.661028456114,414470,-0.25853298292500715,0.0,-0.7638198663195582,0.7521053366304337,-0.6291718592421277,-0.15574986352410713,4
Veronica Anzures,2023-05,4173,4233,8406,Miguel Hidalgo,0.0,0.0,0.0,0.0,3412.661028456114,414470,-0.24879169203619145,0.0,-1.0086471000615145,0.7521053366304337,-0.6291718592421277,-0.1753619414538949,5
Veronica Anzures,2023-06,4999,4671,9670,Miguel Hidalgo,0.0,0.0,1.0,1.0,3412.661028456114,414470,-0.23632614063244017,0.0,0.2306418529438008,0.7521053366304337,-0.6291718592421277,-0.04520027045148774,6
Veronica Anzures,2023-07,4831,4643,9474,Miguel Hidalgo,0.0,0.0,1.0,1.0,3412.661028456114,414470,-0.2412280220742764,0.0,-0.4329444585468293,0.7521053366304337,-0.6291718592421277,-0.11400984232146885,7
Veronica Anzures,2023-08,5886,5513,11399,Miguel Hidalgo,0.0,0.0,1.0,1.0,3412.661028456114,414470,-0.2231925967492982,0.0,0.0,0.7521053366304337,-0.6291718592421277,-0.06169768380429683,8
Veronica Anzures,2023-09,5977,5825,11802,Miguel Hidalgo,0.0,0.0,0.0,0.0,3412.661028456114,414470,-0.23937049850810221,0.0,-0.8767571237729115,0.7521053366304337,-0.6291718592421277,-0.15746234706099,9
Veronica Anzures,2023-12,5644,5200,10844,Miguel Hidalgo,0.0,0.0,1.0,1.0,3412.661028456114,414470,-0.28835032229406055,0.0,-0.48088232623334126,0.7521053366304337,-0.6291718592421277,-0.14236477920001211,12
Veronica Anzures,2024-02,8484,7594,16078,Miguel Hidalgo,0.0,0.0,1.0,1.0,3412.661028456114,414470,-0.2900433811838181,0.0,0.17303730695087127,0.7521053366304337,-0.6291718592421277,-0.07781934532646965,14
Veronica Anzures,2024-07,9321,8928,18249,Miguel Hidalgo,0.0,0.0,0.0,0.0,3412.661028456114,414470,-0.28480075832896246,0.0,-0.6405475848094834,0.7521053366304337,-0.6291718592421277,-0.15655652307507728,19
Veronica Anzures,2024-12,7291,7073,14364,Miguel Hidalgo,0.0,0.0,1.0,1.0,3412.661028456114,414470,-0.33079330418617453,0.0,0.35962684513945675,0.7521053366304337,-0.6291718592421277,-0.0795353530087893,24
Veronica Anzures,2025-01,8918,8539,17457,Miguel Hidalgo,0.0,0.0,0.0,0.0,3412.661028456114,414470,-0.29897448145554517,0.0,-0.8202469932994618,0.7521053366304337,-0.6291718592421277,-0.1816133254873665,25
Veronica Anzures,2025-04,8243,7775,16018,Miguel Hidalgo,0.0,0.0,0.0,0.0,3412.661028456114,414470,-0.31026211539527776,-0.15394759295997215,-1.1225347864675495,0.7521053366304337,-0.6291718592421277,-0.24057806071803736,28
Veronica Anzures,2025-06,7885,7615,15500,Miguel Hidalgo,0.0,0.0,0.0,0.0,3412.661028456114,414470,-0.29929348067467115,0.0,-0.4173499241975349,0.7521053366304337,-0.6291718592421277,-0.1414831181867368,30
Veronica Anzures,2025-07,7554,7188,14742,Miguel Hidalgo,0.0,0.0,0.0,0.0,3412.661028456114,414470,-0.33481969766692565,0.0,-0.4173499241975349,0.7521053366304337,-0.6291718592421277,-0.15924622668286403,31
Veronica Anzures,2025-08,7027,6642,13669,Miguel Hidalgo,0.0,0.0,0.0,0.0,3412.661028456114,414470,-0.3463401945929992,0.0,-0.8678676145537424,0.7521053366304337,-0.6291718592421277,-0.21005824418152155,32
Veronica Anzures,2025-11,7788,6793,14581,Miguel Hidalgo,0.0,0.0,0.0,0.0,3412.661028456114,414470,-0.325905805334483,0.0,-0.9235742148543081,0.7521053366304337,-0.6291718592421277,-0.20541170958232005,35
Veronica Anzures,2025-12,6614,5933,12547,Miguel Hidalgo,0.0,0.0,3.0,2.0,3412.661028456114,414470,-0.33969949212084594,0.0,0.9736789450916139,0.7521053366304337,-0.6291718592421277,-0.022583236980909305,36
Veronica Anzures,2026-02,6798,6536,13334,Miguel Hidalgo,0.0,0.0,0.0,0.0,3412.661028456114,414470,-0.3450848976315054,0.0,0.0,0.7521053366304337,-0.6291718592421277,-0.12264383424540043,38
Veronica Anzures,2026-03,7688,7251,14939,Miguel Hidalgo,0.0,0.0,0.0,0.0,3412.661028456114,414470,-0.3355497549984366,0.0,0.0,0.7521053366304337,-0.6291718592421277,-0.11787626292886602,39
Veronica Anzures,2026-04,7428,6672,14100,Miguel Hidalgo,0.0,0.0,0.0,0.0,3412.661028456114,414470,-0.3408539554477967,-0.29804219930138437,0.0,0.7521053366304337,-0.6291718592421277,-0.1652346930487537,40
Veronica Anzures,2026-05,7025,6862,13887,Miguel Hidalgo,0.0,0.0,0.0,0.0,3412.661028456114,414470,-0.3474734809165449,0.0,0.0,0.7521053366304337,-0.6291718592421277,-0.12383812588792018,41
Veronica Anzures,2026-06,7002,6717,13719,Miguel Hidalgo,0.0,0.0,0.0,0.0,3412.661028456114,414470,-0.31816970506135034,0.0,0.0,0.7521053366304337,-0.6291718592421277,-0.1091862379603229,42
Vertiz Narvarte,2023-01,0,0,0,Benito Juarez,0.0,0.6028232032461439,1.0,1.0,7125.904919317074,434153,-0.4578108992635074,0.0,0.3363168726375907,0.5961035049111727,-0.30406010150228835,-0.13626424678154758,1
Vertiz Narvarte,2023-02,0,0,0,Benito Juarez,0.0,0.6028232032461439,3.0,2.0,7125.904919317074,434153,-0.4520498443994171,0.0,1.195481783090294,0.5961035049111727,-0.30406010150228835,-0.0474672283042321,2
Vertiz Narvarte,2023-03,0,0,0,Benito Juarez,0.0,0.6028232032461439,6.0,4.0,7125.904919317074,434153,-0.4596991731454731,0.0,1.3038724727478443,0.5961035049111727,-0.30406010150228835,-0.04045282371150505,3
Vertiz Narvarte,2023-04,0,0,0,Benito Juarez,0.0,0.6028232032461439,4.0,1.0,7125.904919317074,434153,-0.46674837447246836,0.0,1.3590041777373958,0.5961035049111727,-0.30406010150228835,-0.038464253876047516,4
Vertiz Narvarte,2023-05,0,0,0,Benito Juarez,0.0,0.6028232032461439,2.0,2.0,7125.904919317074,434153,-0.4746345614744004,0.0,1.2397953938256114,0.5961035049111727,-0.30406010150228835,-0.05432822576819202,5
Vertiz Narvarte,2023-06,0,0,0,Benito Juarez,0.0,0.6028232032461439,1.0,1.0,7125.904919317074,434153,-0.48450335550919055,0.0,0.2306418529438008,0.5961035049111727,-0.30406010150228835,-0.16017797687376814,6
Vertiz Narvarte,2023-07,0,0,0,Benito Juarez,0.0,0.6028232032461439,1.0,1.0,7125.904919317074,434153,-0.48931710150558577,0.0,-0.4329444585468293,0.5961035049111727,-0.30406010150228835,-0.22894348102102874,7
Vertiz Narvarte,2023-08,0,0,0,Benito Juarez,0.0,0.6028232032461439,0.0,0.0,7125.904919317074,434153,-0.49578786605561137,0.0,-0.5755432216610669,0.5961035049111727,-0.30406010150228835,-0.2464387396074653,8
Vertiz Narvarte,2023-09,1415,1404,2819,Benito Juarez,0.0,0.6028232032461439,1.0,0.0,7125.904919317074,434153,-0.445460788267754,0.0,-0.1380719879957341,0.5961035049111727,-0.30406010150228835,-0.17752807734700332,9
Vertiz Narvarte,2023-12,3425,3379,6804,Benito Juarez,0.0,0.6028232032461439,2.0,2.0,7125.904919317074,434153,-0.3845550785957248,0.0,0.9484068100713118,0.5961035049111727,-0.30406010150228835,-0.03842734270428416,12
Vertiz Narvarte,2024-02,7184,7147,14331,Benito Juarez,0.0,0.6028232032461439,0.0,0.0,7125.904919317074,434153,-0.3223458052880044,0.0,-0.8014359479829826,0.5961035049111727,-0.30406010150228835,-0.1823069818558534,14
Vertiz Narvarte,2024-07,8477,8362,16839,Benito Juarez,0.0,0.6028232032461439,0.0,0.0,7125.904919317074,434153,-0.3100964328382956,0.0,-0.6405475848094834,0.5961035049111727,-0.30406010150228835,-0.16009345931364907,19
Vertiz Narvarte,2024-12,7969,7932,15901,Benito Juarez,0.0,0.6028232032461439,0.0,0.0,7125.904919317074,434153,-0.3009730601330711,0.0,-1.0655610226354273,0.5961035049111727,-0.30406010150228835,-0.19803311674363125,24
Vertiz Narvarte,2025-01,9055,9029,18084,Benito Juarez,0.0,0.6028232032461439,2.0,1.0,7125.904919317074,434153,-0.2875233795361309,0.0,0.319576750636154,0.5961035049111727,-0.30406010150228835,-0.05279449911800298,25
Vertiz Narvarte,2025-04,8794,9026,17820,Benito Juarez,0.0,0.6028232032461439,1.0,1.0,7125.904919317074,434153,-0.27590519999592794,-0.15394759295997215,0.32458837199061674,0.5961035049111727,-0.30406010150228835,-0.06957638615645105,28
Vertiz Narvarte,2025-06,8350,8344,16694,Benito Juarez,0.0,0.6028232032461439,0.0,0.0,7125.904919317074,434153,-0.2737858675068242,0.0,-0.4173499241975349,0.5961035049111727,-0.30406010150228835,-0.11961841058671854,30
Vertiz Narvarte,2025-07,8552,8522,17074,Benito Juarez,0.0,0.6028232032461439,0.0,0.0,7125.904919317074,434153,-0.2870886567030889,0.0,-0.4173499241975349,0.5961035049111727,-0.30406010150228835,-0.1262698051848509,31
Vertiz Narvarte,2025-08,8704,8603,17307,Benito Juarez,0.0,0.6028232032461439,3.0,3.0,7125.904919317074,434153,-0.26970879617143617,0.0,1.325719033255323,0.5961035049111727,-0.30406010150228835,0.056727020826261285,32
Vertiz Narvarte,2025-11,8270,8377,16647,Benito Juarez,0.0,0.6028232032461439,1.0,0.0,7125.904919317074,434153,-0.2820088536176084,0.0,0.08481804013968136,0.5961035049111727,-0.30406010150228835,-0.07351310720838901,35
Vertiz Narvarte,2025-12,7479,7630,15109,Benito Juarez,0.0,0.6028232032461439,0.0,0.0,7125.904919317074,434153,-0.2795253338336728,0.0,-0.8021786763538865,0.5961035049111727,-0.30406010150228835,-0.160971018965778,36
Vertiz Narvarte,2026-02,8042,8175,16217,Benito Juarez,0.0,0.6028232032461439,0.0,0.0,7125.904919317074,434153,-0.2797947044535256,0.0,0.0,0.5961035049111727,-0.30406010150228835,-0.08088783664031575,38
Vertiz Narvarte,2026-03,8404,8472,16876,Benito Juarez,0.0,0.6028232032461439,0.0,0.0,7125.904919317074,434153,-0.2948375389573478,0.0,0.0,0.5961035049111727,-0.30406010150228835,-0.08840925389222686,39
Vertiz Narvarte,2026-04,8293,8191,16484,Benito Juarez,0.0,0.6028232032461439,0.0,0.0,7125.904919317074,434153,-0.28910617819736933,-0.29804219930138437,0.0,0.5961035049111727,-0.30406010150228835,-0.13024990340744524,40
Vertiz Narvarte,2026-05,8377,8334,16711,Benito Juarez,0.0,0.6028232032461439,0.0,0.0,7125.904919317074,434153,-0.2872929733938842,0.0,0.0,0.5961035049111727,-0.30406010150228835,-0.08463697111049505,41
Vertiz Narvarte,2026-06,7720,7647,15367,Benito Juarez,0.0,0.6028232032461439,0.0,0.0,7125.904919317074,434153,-0.2812592771988492,0.0,0.0,0.5961035049111727,-0.30406010150228835,-0.08162012301297754,42
Victoria de las Democracias,2023-01,0,0,0,Azcapotzalco,0.0,0.0,1.0,1.0,3681.8672614835145,432205,-0.4578108992635074,0.0,0.3363168726375907,0.7521053366304337,-0.605601602564545,-0.14301812212988407,1
Victoria de las Democracias,2023-02,0,0,0,Azcapotzalco,0.0,0.0,0.0,0.0,3681.8672614835145,432205,-0.4520498443994171,0.0,-1.6056105699898837,0.7521053366304337,-0.605601602564545,-0.3343303389605864,2
Victoria de las Democracias,2023-03,0,0,0,Azcapotzalco,0.0,0.0,0.0,0.0,3681.8672614835145,432205,-0.4596991731454731,0.0,-1.2638763846267447,0.7521053366304337,-0.605601602564545,-0.3039815847973005,3
Victoria de las Democracias,2023-04,0,0,0,Azcapotzalco,0.0,0.0,0.0,0.0,3681.8672614835145,432205,-0.46674837447246836,0.0,-0.7638198663195582,0.7521053366304337,-0.605601602564545,-0.25750053363007946,4
Victoria de las Democracias,2023-05,0,0,0,Azcapotzalco,0.0,0.0,0.0,0.0,3681.8672614835145,432205,-0.4746345614744004,0.0,-1.0086471000615145,0.7521053366304337,-0.605601602564545,-0.2859263505052411,5
Victoria de las Democracias,2023-06,0,0,0,Azcapotzalco,0.0,0.0,0.0,0.0,3681.8672614835145,432205,-0.48450335550919055,0.0,-1.2210451038201218,0.7521053366304337,-0.605601602564545,-0.3121005478984969,6
Victoria de las Democracias,2023-07,0,0,0,Azcapotzalco,0.0,0.0,2.0,1.0,3681.8672614835145,432205,-0.48931710150558577,0.0,0.44111322191563745,0.7521053366304337,-0.605601602564545,-0.1482915883231186,7
Victoria de las Democracias,2023-08,0,0,0,Azcapotzalco,0.0,0.0,0.0,0.0,3681.8672614835145,432205,-0.49578786605561137,0.0,-0.5755432216610669,0.7521053366304337,-0.605601602564545,-0.2531926149558018,8
Victoria de las Democracias,2023-09,0,0,0,Azcapotzalco,0.0,0.0,2.0,2.0,3681.8672614835145,432205,-0.5101350092220519,0.0,0.6006131477814433,0.7521053366304337,-0.605601602564545,-0.14275054959477107,9
Victoria de las Democracias,2023-12,0,0,0,Azcapotzalco,0.0,0.0,2.0,2.0,3681.8672614835145,432205,-0.5465791285651613,0.0,0.9484068100713118,0.7521053366304337,-0.605601602564545,-0.12619324303733892,12
Victoria de las Democracias,2024-02,1177,1223,2400,Azcapotzalco,0.0,0.0,1.0,1.0,3681.8672614835145,432205,-0.5429526867917519,0.0,0.17303730695087127,0.7521053366304337,-0.605601602564545,-0.20191697246267828,14
Victoria de las Democracias,2024-07,1584,1736,3320,Azcapotzalco,0.0,0.0,1.0,1.0,3681.8672614835145,432205,-0.5526299248182069,0.0,0.7033463676339425,0.7521053366304337,-0.605601602564545,-0.15372468540759865,19
Victoria de las Democracias,2024-12,1912,1972,3884,Azcapotzalco,0.0,0.0,1.0,1.0,3681.8672614835145,432205,-0.5341219689074,0.0,0.35962684513945675,0.7521053366304337,-0.605601602564545,-0.17884265970164379,24
Victoria de las Democracias,2025-01,1921,2246,4167,Azcapotzalco,0.0,0.0,0.0,0.0,3681.8672614835145,432205,-0.5416940101780593,0.0,-0.8202469932994618,0.7521053366304337,-0.605601602564545,-0.3006160641808653,25
Victoria de las Democracias,2025-04,1654,1952,3606,Azcapotzalco,0.0,0.0,0.0,0.0,3681.8672614835145,432205,-0.5469091930516208,-0.15394759295997215,-1.1225347864675495,0.7521053366304337,-0.605601602564545,-0.3565445738784506,28
Victoria de las Democracias,2025-06,1550,1835,3385,Azcapotzalco,0.0,0.0,0.0,0.0,3681.8672614835145,432205,-0.5581081653718788,0.0,-0.4173499241975349,0.7521053366304337,-0.605601602564545,-0.26853343486758235,30
Victoria de las Democracias,2025-07,1589,1776,3365,Azcapotzalco,0.0,0.0,0.0,0.0,3681.8672614835145,432205,-0.5676824991444429,0.0,-0.4173499241975349,0.7521053366304337,-0.605601602564545,-0.2733206017538644,31
Victoria de las Democracias,2025-08,1759,1918,3677,Azcapotzalco,0.0,0.0,0.0,0.0,3681.8672614835145,432205,-0.5568132383060991,0.0,-0.8678676145537424,0.7521053366304337,-0.605601602564545,-0.31293774037031324,32
Victoria de las Democracias,2025-11,1873,1871,3744,Azcapotzalco,0.0,0.0,1.0,1.0,3681.8672614835145,432205,-0.5561629523605089,0.0,0.08481804013968136,0.7521053366304337,-0.605601602564545,-0.21734403192817578,35
Victoria de las Democracias,2025-12,1915,2012,3927,Azcapotzalco,0.0,0.0,0.0,0.0,3681.8672614835145,432205,-0.5421589942424043,0.0,-0.8021786763538865,0.7521053366304337,-0.605601602564545,-0.29904172451848027,36
Victoria de las Democracias,2026-02,1841,1827,3668,Azcapotzalco,0.0,0.0,0.0,0.0,3681.8672614835145,432205,-0.5639870853728695,0.0,0.0,0.7521053366304337,-0.605601602564545,-0.22973790244832418,38
Victoria de las Democracias,2026-03,2043,2036,4079,Azcapotzalco,0.0,0.0,0.0,0.0,3681.8672614835145,432205,-0.5638071975416603,0.0,0.0,0.7521053366304337,-0.605601602564545,-0.2296479585327196,39
Victoria de las Democracias,2026-04,1918,1930,3848,Azcapotzalco,0.0,0.0,0.0,0.0,3681.8672614835145,432205,-0.5633867626505573,-0.29804219930138437,0.0,0.7521053366304337,-0.605601602564545,-0.2741440709823758,40
Victoria de las Democracias,2026-05,1958,2024,3982,Azcapotzalco,0.0,0.0,0.0,0.0,3681.8672614835145,432205,-0.5585527751842341,0.0,0.0,0.7521053366304337,-0.605601602564545,-0.22702074735400649,41
Victoria de las Democracias,2026-06,1823,1925,3748,Azcapotzalco,0.0,0.0,0.0,0.0,3681.8672614835145,432205,-0.5414912318920534,0.0,0.0,0.7521053366304337,-0.605601602564545,-0.21848997570791615,42
Villa Coyoacan,2023-01,0,0,0,Coyoacan,0.0,0.0,0.0,0.0,2296.916059758132,614447,-0.4578108992635074,0.0,-1.1031193422512973,0.7521053366304337,-0.7268605160135193,-0.2990876349636703,1
Villa Coyoacan,2023-02,0,0,0,Coyoacan,0.0,0.0,1.0,0.0,2296.916059758132,614447,-0.4520498443994171,0.0,-0.6719131189631579,0.7521053366304337,-0.7268605160135193,-0.25308648520281124,2
Villa Coyoacan,2023-03,0,0,0,Coyoacan,0.0,0.0,1.0,0.0,2296.916059758132,614447,-0.4596991731454731,0.0,-0.8359182417309798,0.7521053366304337,-0.7268605160135193,-0.2733116618526214,3
Villa Coyoacan,2023-04,0,0,0,Coyoacan,0.0,0.0,0.0,0.0,2296.916059758132,614447,-0.46674837447246836,0.0,-0.7638198663195582,0.7521053366304337,-0.7268605160135193,-0.2696264249749769,4
Villa Coyoacan,2023-05,0,0,0,Coyoacan,0.0,0.0,0.0,0.0,2296.916059758132,614447,-0.4746345614744004,0.0,-1.0086471000615145,0.7521053366304337,-0.7268605160135193,-0.29805224185013857,5
Villa Coyoacan,2023-06,0,0,0,Coyoacan,0.0,0.0,1.0,1.0,2296.916059758132,614447,-0.48450335550919055,0.0,0.2306418529438008,0.7521053366304337,-0.7268605160135193,-0.17905774356700208,6
Villa Coyoacan,2023-07,0,0,0,Coyoacan,0.0,0.0,0.0,0.0,2296.916059758132,614447,-0.48931710150558577,0.0,-1.307002139009296,0.7521053366304337,-0.7268605160135193,-0.3352290157605094,7
Villa Coyoacan,2023-08,0,0,0,Coyoacan,0.0,0.0,0.0,0.0,2296.916059758132,614447,-0.49578786605561137,0.0,-0.5755432216610669,0.7521053366304337,-0.7268605160135193,-0.26531850630069925,8
Villa Coyoacan,2023-09,0,0,0,Coyoacan,0.0,0.0,0.0,0.0,2296.916059758132,614447,-0.5101350092220519,0.0,-0.8767571237729115,0.7521053366304337,-0.7268605160135193,-0.302613468095104,9
Villa Coyoacan,2023-12,1002,1156,2158,Coyoacan,0.0,0.0,0.0,0.0,2296.916059758132,614447,-0.4951905483426387,0.0,-1.9101714625379942,0.7521053366304337,-0.7268605160135193,-0.3984826715319057,12
Villa Coyoacan,2024-02,2104,2279,4383,Coyoacan,0.0,0.0,0.0,0.0,2296.916059758132,614447,-0.5062865694485341,0.0,-0.8014359479829826,0.7521053366304337,-0.7268605160135193,-0.2931571306293522,14
Villa Coyoacan,2024-07,2461,3019,5480,Coyoacan,0.0,0.0,0.0,0.0,2296.916059758132,614447,-0.5138791042932711,0.0,-0.6405475848094834,0.7521053366304337,-0.7268605160135193,-0.2808645617343708,19
Villa Coyoacan,2024-12,2582,2992,5574,Coyoacan,0.0,0.0,1.0,0.0,2296.916059758132,614447,-0.5013332815620879,0.0,0.35962684513945675,0.7521053366304337,-0.7268605160135193,-0.17457420737388513,24
Villa Coyoacan,2025-01,2808,3118,5926,Coyoacan,0.0,0.0,0.0,0.0,2296.916059758132,614447,-0.509568829514184,0.0,-0.8202469932994618,0.7521053366304337,-0.7268605160135193,-0.2966793651938251,25
Villa Coyoacan,2025-04,2669,2971,5640,Coyoacan,0.0,0.0,1.0,0.0,2296.916059758132,614447,-0.5081289677895355,-0.15394759295997215,0.32458837199061674,0.7521053366304337,-0.7268605160135193,-0.20456803674648877,28
Villa Coyoacan,2025-06,2225,2454,4679,Coyoacan,0.0,0.0,0.0,0.0,2296.916059758132,614447,-0.5304642361933244,0.0,-0.4173499241975349,0.7521053366304337,-0.7268605160135193,-0.2668373616232026,30
Villa Coyoacan,2025-07,2399,2759,5158,Coyoacan,0.0,0.0,0.0,0.0,2296.916059758132,614447,-0.5309836327430024,0.0,-0.4173499241975349,0.7521053366304337,-0.7268605160135193,-0.2670970598980416,31
Villa Coyoacan,2025-08,2371,2681,5052,Coyoacan,0.0,0.0,0.0,0.0,2296.916059758132,614447,-0.5278500242242824,0.0,-0.8678676145537424,0.7521053366304337,-0.7268605160135193,-0.31058202467430235,32
Villa Coyoacan,2025-11,2583,2903,5486,Coyoacan,0.0,0.0,0.0,0.0,2296.916059758132,614447,-0.5191501305353416,0.0,-0.9235742148543081,0.7521053366304337,-0.7268605160135193,-0.31180273785988855,35
Villa Coyoacan,2025-12,2251,2477,4728,Coyoacan,0.0,0.0,0.0,0.0,2296.916059758132,614447,-0.523345762084705,0.0,-0.8021786763538865,0.7521053366304337,-0.7268605160135193,-0.30176099978452803,36
Villa Coyoacan,2026-02,2542,2827,5369,Coyoacan,0.0,0.0,0.0,0.0,2296.916059758132,614447,-0.5254651919993892,0.0,0.0,0.7521053366304337,-0.7268605160135193,-0.22260284710648148,38
Villa Coyoacan,2026-03,2918,3201,6119,Coyoacan,0.0,0.0,0.0,0.0,2296.916059758132,614447,-0.5209301088871321,0.0,0.0,0.7521053366304337,-0.7268605160135193,-0.2203353055503529,39
Villa Coyoacan,2026-04,2792,2988,5780,Coyoacan,0.0,0.0,0.0,0.0,2296.916059758132,614447,-0.5214502250466035,-0.29804219930138437,0.0,0.7521053366304337,-0.7268605160135193,-0.2653016935252963,40
Villa Coyoacan,2026-05,2672,2954,5626,Coyoacan,0.0,0.0,0.0,0.0,2296.916059758132,614447,-0.5235185137227418,0.0,0.0,0.7521053366304337,-0.7268605160135193,-0.22162950796815778,41
Villa Coyoacan,2026-06,2395,2594,4989,Coyoacan,0.0,0.0,0.0,0.0,2296.916059758132,614447,-0.51369642547375,0.0,0.0,0.7521053366304337,-0.7268605160135193,-0.2167184638436619,42
Xoco,2023-01,0,0,0,Benito Juarez,0.0,0.5389930024546307,1.0,1.0,5448.491814157558,434153,-0.4578108992635074,0.0,0.3363168726375907,0.6126218276778868,-0.4509254136398671,-0.14847302958029832,1
Xoco,2023-02,0,0,0,Benito Juarez,0.0,0.5389930024546307,3.0,2.0,5448.491814157558,434153,-0.4520498443994171,0.0,1.195481783090294,0.6126218276778868,-0.4509254136398671,-0.05967601110298283,2
Xoco,2023-03,0,0,0,Benito Juarez,0.0,0.5389930024546307,6.0,4.0,5448.491814157558,434153,-0.4596991731454731,0.0,1.3038724727478443,0.6126218276778868,-0.4509254136398671,-0.05266160651025584,3
Xoco,2023-04,0,0,0,Benito Juarez,0.0,0.5389930024546307,4.0,1.0,5448.491814157558,434153,-0.46674837447246836,0.0,1.3590041777373958,0.6126218276778868,-0.4509254136398671,-0.050673036674798305,4
Xoco,2023-05,189,172,361,Benito Juarez,0.0,0.5389930024546307,2.0,2.0,5448.491814157558,434153,-0.46493562311284997,0.0,1.2397953938256114,0.6126218276778868,-0.4509254136398671,-0.06168753938616753,5
Xoco,2023-06,1363,1313,2676,Benito Juarez,0.0,0.5389930024546307,1.0,1.0,5448.491814157558,434153,-0.4158247384450557,0.0,0.2306418529438008,0.6126218276778868,-0.4509254136398671,-0.13804745114045147,6
Xoco,2023-07,1671,1621,3292,Benito Juarez,0.0,0.5389930024546307,1.0,1.0,5448.491814157558,434153,-0.40311177645936763,0.0,-0.4329444585468293,0.6126218276778868,-0.4509254136398671,-0.19804960129667046,7
Xoco,2023-08,1932,1998,3930,Benito Juarez,0.0,0.5389930024546307,0.0,0.0,5448.491814157558,434153,-0.40180598971787906,0.0,-0.5755432216610669,0.6126218276778868,-0.4509254136398671,-0.21165658423734993,8
Xoco,2023-09,2141,2304,4445,Benito Juarez,0.0,0.5389930024546307,1.0,0.0,5448.491814157558,434153,-0.40815667926750976,0.0,-0.1380719879957341,0.6126218276778868,-0.4509254136398671,-0.171084805645632,9
Xoco,2023-12,2399,2463,4862,Benito Juarez,0.0,0.5389930024546307,2.0,2.0,5448.491814157558,434153,-0.4308000381842971,0.0,0.9484068100713118,0.6126218276778868,-0.4509254136398671,-0.07375860529732106,12
Xoco,2024-02,3665,3797,7462,Benito Juarez,0.0,0.5389930024546307,0.0,0.0,5448.491814157558,434153,-0.4493551648596448,0.0,-0.8014359479829826,0.6126218276778868,-0.4509254136398671,-0.2580204444404243,14
Xoco,2024-07,3308,3328,6636,Benito Juarez,0.0,0.5389930024546307,0.0,0.0,5448.491814157558,434153,-0.49314023923455536,0.0,-0.6405475848094834,0.6126218276778868,-0.4509254136398671,-0.2638241453105297,19
Xoco,2024-12,3418,3552,6970,Benito Juarez,0.0,0.5389930024546307,0.0,0.0,5448.491814157558,434153,-0.4742486617194514,0.0,-1.0655610226354273,0.6126218276778868,-0.4509254136398671,-0.29687970033557215,24
Xoco,2025-01,3512,3692,7204,Benito Juarez,0.0,0.5389930024546307,2.0,1.0,5448.491814157558,434153,-0.48622830598466005,0.0,0.319576750636154,0.6126218276778868,-0.4509254136398671,-0.1643557451410183,25
Xoco,2025-04,3278,3270,6548,Benito Juarez,0.0,0.5389930024546307,1.0,1.0,5448.491814157558,434153,-0.49081704815434707,-0.15394759295997215,0.32458837199061674,0.6126218276778868,-0.4509254136398671,-0.1892410930344114,28
Xoco,2025-06,2948,2966,5914,Benito Juarez,0.0,0.5389930024546307,0.0,0.0,5448.491814157558,434153,-0.5040807334610874,0.0,-0.4173499241975349,0.6126218276778868,-0.4509254136398671,-0.24697462636260087,30
Xoco,2025-07,3198,3228,6426,Benito Juarez,0.0,0.5389930024546307,0.0,0.0,5448.491814157558,434153,-0.5050303909153244,0.0,-0.4173499241975349,0.6126218276778868,-0.4509254136398671,-0.24744945508971938,31
Xoco,2025-08,2865,2968,5833,Benito Juarez,0.0,0.5389930024546307,3.0,3.0,5448.491814157558,434153,-0.5113989186258106,0.0,1.325719033255323,0.6126218276778868,-0.4509254136398671,-0.07632682319967665,32
Xoco,2025-11,3407,3541,6948,Benito Juarez,0.0,0.5389930024546307,1.0,0.0,5448.491814157558,434153,-0.48808655676473633,0.0,0.08481804013968136,0.6126218276778868,-0.4509254136398671,-0.18876074158070372,35
Xoco,2025-12,3134,3252,6386,Benito Juarez,0.0,0.5389930024546307,0.0,0.0,5448.491814157558,434153,-0.4844040156209528,0.0,-0.8021786763538865,0.6126218276778868,-0.4509254136398671,-0.2756191426581688,36
Xoco,2026-02,2888,3045,5933,Benito Juarez,0.0,0.5389930024546307,0.0,0.0,5448.491814157558,434153,-0.5126925007221154,0.0,0.0,0.6126218276778868,-0.4509254136398671,-0.20954551757336137,38
Xoco,2026-03,3323,3432,6755,Benito Juarez,0.0,0.5389930024546307,0.0,0.0,5448.491814157558,434153,-0.5075625459536615,0.0,0.0,0.6126218276778868,-0.4509254136398671,-0.20698054018913442,39
Xoco,2026-04,3253,3377,6630,Benito Juarez,0.0,0.5389930024546307,0.0,0.0,5448.491814157558,434153,-0.5029998850034563,-0.29804219930138437,0.0,0.6126218276778868,-0.4509254136398671,-0.2494055396092395,40
Xoco,2026-05,3224,3398,6622,Benito Juarez,0.0,0.5389930024546307,0.0,0.0,5448.491814157558,434153,-0.5022933772168743,0.0,0.0,0.6126218276778868,-0.4509254136398671,-0.20434595582074083,41
Xoco,2026-06,2828,2850,5678,Benito Juarez,0.0,0.5389930024546307,0.0,0.0,5448.491814157558,434153,-0.49826482062104177,0.0,0.0,0.6126218276778868,-0.4509254136398671,-0.2023316775228246,42
