station_id,zone_id_catalog,zone_id_spatial,inside_catalog_polygon,distance_to_catalog_polygon_m,possible_zone_candidate,candidate_basis,n_covering_polygons,status,assignment_changed
001,col_76cd2cc2efb657e1a3779dc11ff63e1d,col_76cd2cc2efb657e1a3779dc11ff63e1d,True,0.0,"[""col_76cd2cc2efb657e1a3779dc11ff63e1d""]",covers,1,inside,False
002,col_76cd2cc2efb657e1a3779dc11ff63e1d,col_76cd2cc2efb657e1a3779dc11ff63e1d,True,0.0,"[""col_76cd2cc2efb657e1a3779dc11ff63e1d""]",covers,1,inside,False
003,col_0f6878a834535080af77fae943ae9b95,col_0f6878a834535080af77fae943ae9b95,True,0.0,"[""col_0f6878a834535080af77fae943ae9b95""]",covers,1,inside,False
004,col_76cd2cc2efb657e1a3779dc11ff63e1d,col_76cd2cc2efb657e1a3779dc11ff63e1d,True,0.0,"[""col_76cd2cc2efb657e1a3779dc11ff63e1d""]",covers,1,inside,False
005,col_76cd2cc2efb657e1a3779dc11ff63e1d,col_76cd2cc2efb657e1a3779dc11ff63e1d,True,0.0,"[""col_76cd2cc2efb657e1a3779dc11ff63e1d""]",covers,1,inside,False
006,col_76cd2cc2efb657e1a3779dc11ff63e1d,col_76cd2cc2efb657e1a3779dc11ff63e1d,True,0.0,"[""col_76cd2cc2efb657e1a3779dc11ff63e1d""]",covers,1,inside,False
007,col_76cd2cc2efb657e1a3779dc11ff63e1d,col_76cd2cc2efb657e1a3779dc11ff63e1d,True,0.0,"[""col_76cd2cc2efb657e1a3779dc11ff63e1d""]",covers,1,inside,False
008,col_0f6878a834535080af77fae943ae9b95,col_b9647cb13b4b5ebebd069fd56e70a36f,False,25.643504882114986,"[""col_b9647cb13b4b5ebebd069fd56e70a36f""]",covers,1,outside,False
009,col_76cd2cc2efb657e1a3779dc11ff63e1d,col_76cd2cc2efb657e1a3779dc11ff63e1d,True,0.0,"[""col_76cd2cc2efb657e1a3779dc11ff63e1d""]",covers,1,inside,False
010,col_0f6878a834535080af77fae943ae9b95,col_0f6878a834535080af77fae943ae9b95,True,0.0,"[""col_0f6878a834535080af77fae943ae9b95""]",covers,1,inside,False
011,col_76cd2cc2efb657e1a3779dc11ff63e1d,col_76cd2cc2efb657e1a3779dc11ff63e1d,True,0.0,"[""col_76cd2cc2efb657e1a3779dc11ff63e1d""]",covers,1,inside,False
012,col_76cd2cc2efb657e1a3779dc11ff63e1d,col_76cd2cc2efb657e1a3779dc11ff63e1d,True,0.0,"[""col_76cd2cc2efb657e1a3779dc11ff63e1d""]",covers,1,inside,False
013,col_76cd2cc2efb657e1a3779dc11ff63e1d,col_76cd2cc2efb657e1a3779dc11ff63e1d,True,0.0,"[""col_76cd2cc2efb657e1a3779dc11ff63e1d""]",covers,1,inside,False
014,col_76cd2cc2efb657e1a3779dc11ff63e1d,col_76cd2cc2efb657e1a3779dc11ff63e1d,True,0.0,"[""col_76cd2cc2efb657e1a3779dc11ff63e1d""]",covers,1,inside,False
015,col_76cd2cc2efb657e1a3779dc11ff63e1d,col_76cd2cc2efb657e1a3779dc11ff63e1d,True,0.0,"[""col_76cd2cc2efb657e1a3779dc11ff63e1d""]",covers,1,inside,False
016,col_76cd2cc2efb657e1a3779dc11ff63e1d,col_76cd2cc2efb657e1a3779dc11ff63e1d,True,0.0,"[""col_76cd2cc2efb657e1a3779dc11ff63e1d""]",covers,1,inside,False
017,col_76cd2cc2efb657e1a3779dc11ff63e1d,col_76cd2cc2efb657e1a3779dc11ff63e1d,True,0.0,"[""col_76cd2cc2efb657e1a3779dc11ff63e1d""]",covers,1,inside,False
018,col_76cd2cc2efb657e1a3779dc11ff63e1d,col_76cd2cc2efb657e1a3779dc11ff63e1d,True,0.0,"[""col_76cd2cc2efb657e1a3779dc11ff63e1d""]",covers,1,inside,False
019,col_76cd2cc2efb657e1a3779dc11ff63e1d,col_76cd2cc2efb657e1a3779dc11ff63e1d,True,0.0,"[""col_76cd2cc2efb657e1a3779dc11ff63e1d""]",covers,1,inside,False
020,col_76cd2cc2efb657e1a3779dc11ff63e1d,col_76cd2cc2efb657e1a3779dc11ff63e1d,True,0.0,"[""col_76cd2cc2efb657e1a3779dc11ff63e1d""]",covers,1,inside,False
021,col_b9647cb13b4b5ebebd069fd56e70a36f,col_76cd2cc2efb657e1a3779dc11ff63e1d,False,31.704138990558818,"[""col_76cd2cc2efb657e1a3779dc11ff63e1d""]",covers,1,outside,False
022,col_b9647cb13b4b5ebebd069fd56e70a36f,col_76cd2cc2efb657e1a3779dc11ff63e1d,False,31.704138990558818,"[""col_76cd2cc2efb657e1a3779dc11ff63e1d""]",covers,1,outside,False
023,col_b9647cb13b4b5ebebd069fd56e70a36f,col_b9647cb13b4b5ebebd069fd56e70a36f,True,0.0,"[""col_b9647cb13b4b5ebebd069fd56e70a36f""]",covers,1,inside,False
024,col_b9647cb13b4b5ebebd069fd56e70a36f,col_b9647cb13b4b5ebebd069fd56e70a36f,True,0.0,"[""col_b9647cb13b4b5ebebd069fd56e70a36f""]",covers,1,inside,False
025,col_b9647cb13b4b5ebebd069fd56e70a36f,col_b9647cb13b4b5ebebd069fd56e70a36f,True,0.0,"[""col_b9647cb13b4b5ebebd069fd56e70a36f""]",covers,1,inside,False
026,col_b9647cb13b4b5ebebd069fd56e70a36f,col_b9647cb13b4b5ebebd069fd56e70a36f,True,0.0,"[""col_b9647cb13b4b5ebebd069fd56e70a36f""]",covers,1,inside,False
027,col_b9647cb13b4b5ebebd069fd56e70a36f,col_b9647cb13b4b5ebebd069fd56e70a36f,True,0.0,"[""col_b9647cb13b4b5ebebd069fd56e70a36f""]",covers,1,inside,False
028,col_b9647cb13b4b5ebebd069fd56e70a36f,col_b9647cb13b4b5ebebd069fd56e70a36f,True,0.0,"[""col_b9647cb13b4b5ebebd069fd56e70a36f""]",covers,1,inside,False
029,col_e56a7334b36e5ca6841813031c3b8d2b,col_b9647cb13b4b5ebebd069fd56e70a36f,False,989.4844513447828,"[""col_b9647cb13b4b5ebebd069fd56e70a36f""]",covers,1,outside,False
030,col_b9647cb13b4b5ebebd069fd56e70a36f,col_b9647cb13b4b5ebebd069fd56e70a36f,True,0.0,"[""col_b9647cb13b4b5ebebd069fd56e70a36f""]",covers,1,inside,False
031,col_b9647cb13b4b5ebebd069fd56e70a36f,col_b9647cb13b4b5ebebd069fd56e70a36f,True,0.0,"[""col_b9647cb13b4b5ebebd069fd56e70a36f""]",covers,1,inside,False
032,col_b9647cb13b4b5ebebd069fd56e70a36f,col_b9647cb13b4b5ebebd069fd56e70a36f,True,0.0,"[""col_b9647cb13b4b5ebebd069fd56e70a36f""]",covers,1,inside,False
033,col_b9647cb13b4b5ebebd069fd56e70a36f,col_b9647cb13b4b5ebebd069fd56e70a36f,True,0.0,"[""col_b9647cb13b4b5ebebd069fd56e70a36f""]",covers,1,inside,False
034,col_b9647cb13b4b5ebebd069fd56e70a36f,col_b9647cb13b4b5ebebd069fd56e70a36f,True,0.0,"[""col_b9647cb13b4b5ebebd069fd56e70a36f""]",covers,1,inside,False
035,col_b9647cb13b4b5ebebd069fd56e70a36f,col_b9647cb13b4b5ebebd069fd56e70a36f,True,0.0,"[""col_b9647cb13b4b5ebebd069fd56e70a36f""]",covers,1,inside,False
036,col_9b8d9872383b59f7a23d22ab97fc79d8,col_9b8d9872383b59f7a23d22ab97fc79d8,True,0.0,"[""col_9b8d9872383b59f7a23d22ab97fc79d8""]",covers,1,inside,False
037,col_9b8d9872383b59f7a23d22ab97fc79d8,col_9b8d9872383b59f7a23d22ab97fc79d8,True,0.0,"[""col_9b8d9872383b59f7a23d22ab97fc79d8""]",covers,1,inside,False
038,col_9b8d9872383b59f7a23d22ab97fc79d8,col_9b8d9872383b59f7a23d22ab97fc79d8,True,0.0,"[""col_9b8d9872383b59f7a23d22ab97fc79d8""]",covers,1,inside,False
039,col_9b8d9872383b59f7a23d22ab97fc79d8,col_9b8d9872383b59f7a23d22ab97fc79d8,True,0.0,"[""col_9b8d9872383b59f7a23d22ab97fc79d8""]",covers,1,inside,False
040,col_9b8d9872383b59f7a23d22ab97fc79d8,col_9b8d9872383b59f7a23d22ab97fc79d8,True,0.0,"[""col_9b8d9872383b59f7a23d22ab97fc79d8""]",covers,1,inside,False
041,col_0f6878a834535080af77fae943ae9b95,col_0f6878a834535080af77fae943ae9b95,True,0.0,"[""col_0f6878a834535080af77fae943ae9b95""]",covers,1,inside,False
042,col_9b8d9872383b59f7a23d22ab97fc79d8,col_9b8d9872383b59f7a23d22ab97fc79d8,True,0.0,"[""col_9b8d9872383b59f7a23d22ab97fc79d8""]",covers,1,inside,False
043,col_e56a7334b36e5ca6841813031c3b8d2b,,False,555.006410340053,"[""col_0f6878a834535080af77fae943ae9b95""]",nearest_available_polygon_not_assignment,0,outside,False
044,col_9b8d9872383b59f7a23d22ab97fc79d8,col_9b8d9872383b59f7a23d22ab97fc79d8,True,0.0,"[""col_9b8d9872383b59f7a23d22ab97fc79d8""]",covers,1,inside,False
045,col_9b8d9872383b59f7a23d22ab97fc79d8,col_9b8d9872383b59f7a23d22ab97fc79d8,True,0.0,"[""col_9b8d9872383b59f7a23d22ab97fc79d8""]",covers,1,inside,False
046,col_9b8d9872383b59f7a23d22ab97fc79d8,col_9b8d9872383b59f7a23d22ab97fc79d8,True,0.0,"[""col_9b8d9872383b59f7a23d22ab97fc79d8""]",covers,1,inside,False
047,col_9b8d9872383b59f7a23d22ab97fc79d8,col_9b8d9872383b59f7a23d22ab97fc79d8,True,0.0,"[""col_9b8d9872383b59f7a23d22ab97fc79d8""]",covers,1,inside,False
048,col_e56a7334b36e5ca6841813031c3b8d2b,,False,592.2784005636663,"[""col_0f6878a834535080af77fae943ae9b95""]",nearest_available_polygon_not_assignment,0,outside,False
049,col_5176ae04e5c95d57b5192bbca17b2436,col_5176ae04e5c95d57b5192bbca17b2436,True,0.0,"[""col_5176ae04e5c95d57b5192bbca17b2436""]",covers,1,inside,False
050,col_5176ae04e5c95d57b5192bbca17b2436,col_5176ae04e5c95d57b5192bbca17b2436,True,0.0,"[""col_5176ae04e5c95d57b5192bbca17b2436""]",covers,1,inside,False
051,col_9b8d9872383b59f7a23d22ab97fc79d8,col_9b8d9872383b59f7a23d22ab97fc79d8,True,0.0,"[""col_9b8d9872383b59f7a23d22ab97fc79d8""]",covers,1,inside,False
052,col_e56a7334b36e5ca6841813031c3b8d2b,,False,142.5825368203842,"[""col_e56a7334b36e5ca6841813031c3b8d2b""]",nearest_available_polygon_not_assignment,0,outside,False
053,col_5176ae04e5c95d57b5192bbca17b2436,col_5176ae04e5c95d57b5192bbca17b2436,True,0.0,"[""col_5176ae04e5c95d57b5192bbca17b2436""]",covers,1,inside,False
054,col_5176ae04e5c95d57b5192bbca17b2436,col_5176ae04e5c95d57b5192bbca17b2436,True,0.0,"[""col_5176ae04e5c95d57b5192bbca17b2436""]",covers,1,inside,False
055,col_e56a7334b36e5ca6841813031c3b8d2b,col_e56a7334b36e5ca6841813031c3b8d2b,True,0.0,"[""col_e56a7334b36e5ca6841813031c3b8d2b""]",covers,1,inside,False
056,col_9b8d9872383b59f7a23d22ab97fc79d8,col_9b8d9872383b59f7a23d22ab97fc79d8,True,0.0,"[""col_9b8d9872383b59f7a23d22ab97fc79d8""]",covers,1,inside,False
057,col_5176ae04e5c95d57b5192bbca17b2436,col_5176ae04e5c95d57b5192bbca17b2436,True,0.0,"[""col_5176ae04e5c95d57b5192bbca17b2436""]",covers,1,inside,False
058,col_5176ae04e5c95d57b5192bbca17b2436,col_5176ae04e5c95d57b5192bbca17b2436,True,0.0,"[""col_5176ae04e5c95d57b5192bbca17b2436""]",covers,1,inside,False
059,col_5322fef4c1c650588d41946f956ec97e,col_5322fef4c1c650588d41946f956ec97e,True,0.0,"[""col_5322fef4c1c650588d41946f956ec97e""]",covers,1,inside,False
060,col_5176ae04e5c95d57b5192bbca17b2436,col_5176ae04e5c95d57b5192bbca17b2436,True,0.0,"[""col_5176ae04e5c95d57b5192bbca17b2436""]",covers,1,inside,False
061,col_5322fef4c1c650588d41946f956ec97e,col_5322fef4c1c650588d41946f956ec97e,True,0.0,"[""col_5322fef4c1c650588d41946f956ec97e""]",covers,1,inside,False
062,col_5176ae04e5c95d57b5192bbca17b2436,col_5176ae04e5c95d57b5192bbca17b2436,True,0.0,"[""col_5176ae04e5c95d57b5192bbca17b2436""]",covers,1,inside,False
063,col_5322fef4c1c650588d41946f956ec97e,col_5322fef4c1c650588d41946f956ec97e,True,0.0,"[""col_5322fef4c1c650588d41946f956ec97e""]",covers,1,inside,False
064,col_5322fef4c1c650588d41946f956ec97e,col_5322fef4c1c650588d41946f956ec97e,True,0.0,"[""col_5322fef4c1c650588d41946f956ec97e""]",covers,1,inside,False
065,col_e56a7334b36e5ca6841813031c3b8d2b,col_e56a7334b36e5ca6841813031c3b8d2b,True,0.0,"[""col_e56a7334b36e5ca6841813031c3b8d2b""]",covers,1,inside,False
066,col_5176ae04e5c95d57b5192bbca17b2436,col_5176ae04e5c95d57b5192bbca17b2436,True,0.0,"[""col_5176ae04e5c95d57b5192bbca17b2436""]",covers,1,inside,False
067,col_5176ae04e5c95d57b5192bbca17b2436,col_5176ae04e5c95d57b5192bbca17b2436,True,0.0,"[""col_5176ae04e5c95d57b5192bbca17b2436""]",covers,1,inside,False
068,col_5176ae04e5c95d57b5192bbca17b2436,col_5176ae04e5c95d57b5192bbca17b2436,True,0.0,"[""col_5176ae04e5c95d57b5192bbca17b2436""]",covers,1,inside,False
069,col_5322fef4c1c650588d41946f956ec97e,col_5322fef4c1c650588d41946f956ec97e,True,0.0,"[""col_5322fef4c1c650588d41946f956ec97e""]",covers,1,inside,False
070,col_5322fef4c1c650588d41946f956ec97e,col_5322fef4c1c650588d41946f956ec97e,True,0.0,"[""col_5322fef4c1c650588d41946f956ec97e""]",covers,1,inside,False
071,col_5322fef4c1c650588d41946f956ec97e,col_5322fef4c1c650588d41946f956ec97e,True,0.0,"[""col_5322fef4c1c650588d41946f956ec97e""]",covers,1,inside,False
072,col_77126fcee0bf5162978113f718dc8420,col_77126fcee0bf5162978113f718dc8420,True,0.0,"[""col_77126fcee0bf5162978113f718dc8420""]",covers,1,inside,False
073,col_77126fcee0bf5162978113f718dc8420,col_77126fcee0bf5162978113f718dc8420,True,0.0,"[""col_77126fcee0bf5162978113f718dc8420""]",covers,1,inside,False
074,col_5322fef4c1c650588d41946f956ec97e,col_5322fef4c1c650588d41946f956ec97e,True,0.0,"[""col_5322fef4c1c650588d41946f956ec97e""]",covers,1,inside,False
075,col_77126fcee0bf5162978113f718dc8420,col_77126fcee0bf5162978113f718dc8420,True,0.0,"[""col_77126fcee0bf5162978113f718dc8420""]",covers,1,inside,False
076,col_5322fef4c1c650588d41946f956ec97e,col_5322fef4c1c650588d41946f956ec97e,True,0.0,"[""col_5322fef4c1c650588d41946f956ec97e""]",covers,1,inside,False
077,col_5322fef4c1c650588d41946f956ec97e,col_5322fef4c1c650588d41946f956ec97e,True,0.0,"[""col_5322fef4c1c650588d41946f956ec97e""]",covers,1,inside,False
078,col_5322fef4c1c650588d41946f956ec97e,col_5322fef4c1c650588d41946f956ec97e,True,0.0,"[""col_5322fef4c1c650588d41946f956ec97e""]",covers,1,inside,False
079,col_5322fef4c1c650588d41946f956ec97e,col_5322fef4c1c650588d41946f956ec97e,True,0.0,"[""col_5322fef4c1c650588d41946f956ec97e""]",covers,1,inside,False
080,col_5322fef4c1c650588d41946f956ec97e,col_5322fef4c1c650588d41946f956ec97e,True,0.0,"[""col_5322fef4c1c650588d41946f956ec97e""]",covers,1,inside,False
081,col_5322fef4c1c650588d41946f956ec97e,col_5322fef4c1c650588d41946f956ec97e,True,0.0,"[""col_5322fef4c1c650588d41946f956ec97e""]",covers,1,inside,False
082,col_e56a7334b36e5ca6841813031c3b8d2b,,False,313.8436378042671,"[""col_e56a7334b36e5ca6841813031c3b8d2b""]",nearest_available_polygon_not_assignment,0,outside,False
083,col_5322fef4c1c650588d41946f956ec97e,col_5322fef4c1c650588d41946f956ec97e,True,0.0,"[""col_5322fef4c1c650588d41946f956ec97e""]",covers,1,inside,False
084,col_5322fef4c1c650588d41946f956ec97e,col_5322fef4c1c650588d41946f956ec97e,True,0.0,"[""col_5322fef4c1c650588d41946f956ec97e""]",covers,1,inside,False
085,col_ffeedd6a32945225b84ecc416148dd76,col_ffeedd6a32945225b84ecc416148dd76,True,0.0,"[""col_ffeedd6a32945225b84ecc416148dd76""]",covers,1,inside,False
086,col_ffeedd6a32945225b84ecc416148dd76,col_ffeedd6a32945225b84ecc416148dd76,True,0.0,"[""col_ffeedd6a32945225b84ecc416148dd76""]",covers,1,inside,False
087,col_e56a7334b36e5ca6841813031c3b8d2b,col_e56a7334b36e5ca6841813031c3b8d2b,True,0.0,"[""col_e56a7334b36e5ca6841813031c3b8d2b""]",covers,1,inside,False
088,col_e56a7334b36e5ca6841813031c3b8d2b,col_e56a7334b36e5ca6841813031c3b8d2b,True,0.0,"[""col_e56a7334b36e5ca6841813031c3b8d2b""]",covers,1,inside,False
089,col_e56a7334b36e5ca6841813031c3b8d2b,col_e56a7334b36e5ca6841813031c3b8d2b,True,0.0,"[""col_e56a7334b36e5ca6841813031c3b8d2b""]",covers,1,inside,False
090,col_e56a7334b36e5ca6841813031c3b8d2b,col_e56a7334b36e5ca6841813031c3b8d2b,True,0.0,"[""col_e56a7334b36e5ca6841813031c3b8d2b""]",covers,1,inside,False
091,col_e56a7334b36e5ca6841813031c3b8d2b,col_e56a7334b36e5ca6841813031c3b8d2b,True,0.0,"[""col_e56a7334b36e5ca6841813031c3b8d2b""]",covers,1,inside,False
092,col_e56a7334b36e5ca6841813031c3b8d2b,col_e56a7334b36e5ca6841813031c3b8d2b,True,0.0,"[""col_e56a7334b36e5ca6841813031c3b8d2b""]",covers,1,inside,False
093,col_e56a7334b36e5ca6841813031c3b8d2b,col_e56a7334b36e5ca6841813031c3b8d2b,True,0.0,"[""col_e56a7334b36e5ca6841813031c3b8d2b""]",covers,1,inside,False
094,col_e56a7334b36e5ca6841813031c3b8d2b,col_e56a7334b36e5ca6841813031c3b8d2b,True,0.0,"[""col_e56a7334b36e5ca6841813031c3b8d2b""]",covers,1,inside,False
095,col_e56a7334b36e5ca6841813031c3b8d2b,col_e56a7334b36e5ca6841813031c3b8d2b,True,0.0,"[""col_e56a7334b36e5ca6841813031c3b8d2b""]",covers,1,inside,False
096,col_e56a7334b36e5ca6841813031c3b8d2b,,False,110.23226176932779,"[""col_e56a7334b36e5ca6841813031c3b8d2b""]",nearest_available_polygon_not_assignment,0,outside,False
097,col_e56a7334b36e5ca6841813031c3b8d2b,col_e56a7334b36e5ca6841813031c3b8d2b,True,0.0,"[""col_e56a7334b36e5ca6841813031c3b8d2b""]",covers,1,inside,False
098,col_e56a7334b36e5ca6841813031c3b8d2b,,False,743.0231033726785,"[""col_b9647cb13b4b5ebebd069fd56e70a36f""]",nearest_available_polygon_not_assignment,0,outside,False
099,col_e56a7334b36e5ca6841813031c3b8d2b,,False,457.3893020661972,"[""col_eb93b25ca61954fa8e9ee2ca2ca57f16""]",nearest_available_polygon_not_assignment,0,outside,False
100,col_e56a7334b36e5ca6841813031c3b8d2b,col_e56a7334b36e5ca6841813031c3b8d2b,True,0.0,"[""col_e56a7334b36e5ca6841813031c3b8d2b""]",covers,1,inside,False
102,col_e56a7334b36e5ca6841813031c3b8d2b,col_e56a7334b36e5ca6841813031c3b8d2b,True,0.0,"[""col_e56a7334b36e5ca6841813031c3b8d2b""]",covers,1,inside,False
103,col_ffeedd6a32945225b84ecc416148dd76,col_ffeedd6a32945225b84ecc416148dd76,True,0.0,"[""col_ffeedd6a32945225b84ecc416148dd76""]",covers,1,inside,False
104,col_e56a7334b36e5ca6841813031c3b8d2b,col_e56a7334b36e5ca6841813031c3b8d2b,True,0.0,"[""col_e56a7334b36e5ca6841813031c3b8d2b""]",covers,1,inside,False
105,col_e56a7334b36e5ca6841813031c3b8d2b,,False,4.942641754483416,"[""col_e56a7334b36e5ca6841813031c3b8d2b""]",nearest_available_polygon_not_assignment,0,outside,False
106,col_e56a7334b36e5ca6841813031c3b8d2b,,False,14.92167188814344,"[""col_e56a7334b36e5ca6841813031c3b8d2b""]",nearest_available_polygon_not_assignment,0,outside,False
107-108,col_e56a7334b36e5ca6841813031c3b8d2b,,False,837.715304666304,"[""col_eb93b25ca61954fa8e9ee2ca2ca57f16""]",nearest_available_polygon_not_assignment,0,outside,False
109,col_e56a7334b36e5ca6841813031c3b8d2b,,False,118.24238109717291,"[""col_e56a7334b36e5ca6841813031c3b8d2b""]",nearest_available_polygon_not_assignment,0,outside,False
110,col_eb93b25ca61954fa8e9ee2ca2ca57f16,col_eb93b25ca61954fa8e9ee2ca2ca57f16,True,0.0,"[""col_eb93b25ca61954fa8e9ee2ca2ca57f16""]",covers,1,inside,False
111,col_ffeedd6a32945225b84ecc416148dd76,col_ffeedd6a32945225b84ecc416148dd76,True,0.0,"[""col_ffeedd6a32945225b84ecc416148dd76""]",covers,1,inside,False
112,col_b9647cb13b4b5ebebd069fd56e70a36f,col_b9647cb13b4b5ebebd069fd56e70a36f,True,0.0,"[""col_b9647cb13b4b5ebebd069fd56e70a36f""]",covers,1,inside,False
113,col_b9647cb13b4b5ebebd069fd56e70a36f,col_b9647cb13b4b5ebebd069fd56e70a36f,True,0.0,"[""col_b9647cb13b4b5ebebd069fd56e70a36f""]",covers,1,inside,False
114,col_b9647cb13b4b5ebebd069fd56e70a36f,col_b9647cb13b4b5ebebd069fd56e70a36f,True,0.0,"[""col_b9647cb13b4b5ebebd069fd56e70a36f""]",covers,1,inside,False
115,col_b9647cb13b4b5ebebd069fd56e70a36f,col_b9647cb13b4b5ebebd069fd56e70a36f,True,0.0,"[""col_b9647cb13b4b5ebebd069fd56e70a36f""]",covers,1,inside,False
116,col_b9647cb13b4b5ebebd069fd56e70a36f,col_b9647cb13b4b5ebebd069fd56e70a36f,True,0.0,"[""col_b9647cb13b4b5ebebd069fd56e70a36f""]",covers,1,inside,False
117,col_b9647cb13b4b5ebebd069fd56e70a36f,col_b9647cb13b4b5ebebd069fd56e70a36f,True,0.0,"[""col_b9647cb13b4b5ebebd069fd56e70a36f""]",covers,1,inside,False
118,col_b9647cb13b4b5ebebd069fd56e70a36f,col_b9647cb13b4b5ebebd069fd56e70a36f,True,0.0,"[""col_b9647cb13b4b5ebebd069fd56e70a36f""]",covers,1,inside,False
119,col_b9647cb13b4b5ebebd069fd56e70a36f,col_b9647cb13b4b5ebebd069fd56e70a36f,True,0.0,"[""col_b9647cb13b4b5ebebd069fd56e70a36f""]",covers,1,inside,False
120,col_b9647cb13b4b5ebebd069fd56e70a36f,col_b9647cb13b4b5ebebd069fd56e70a36f,True,0.0,"[""col_b9647cb13b4b5ebebd069fd56e70a36f""]",covers,1,inside,False
121,col_b9647cb13b4b5ebebd069fd56e70a36f,col_b9647cb13b4b5ebebd069fd56e70a36f,True,0.0,"[""col_b9647cb13b4b5ebebd069fd56e70a36f""]",covers,1,inside,False
122,col_eb93b25ca61954fa8e9ee2ca2ca57f16,col_eb93b25ca61954fa8e9ee2ca2ca57f16,True,0.0,"[""col_eb93b25ca61954fa8e9ee2ca2ca57f16""]",covers,1,inside,False
123,col_eb93b25ca61954fa8e9ee2ca2ca57f16,col_eb93b25ca61954fa8e9ee2ca2ca57f16,True,0.0,"[""col_eb93b25ca61954fa8e9ee2ca2ca57f16""]",covers,1,inside,False
124,col_eb93b25ca61954fa8e9ee2ca2ca57f16,col_eb93b25ca61954fa8e9ee2ca2ca57f16,True,0.0,"[""col_eb93b25ca61954fa8e9ee2ca2ca57f16""]",covers,1,inside,False
125,col_9b8d9872383b59f7a23d22ab97fc79d8,col_9b8d9872383b59f7a23d22ab97fc79d8,True,0.0,"[""col_9b8d9872383b59f7a23d22ab97fc79d8""]",covers,1,inside,False
126,col_9b8d9872383b59f7a23d22ab97fc79d8,col_9b8d9872383b59f7a23d22ab97fc79d8,True,0.0,"[""col_9b8d9872383b59f7a23d22ab97fc79d8""]",covers,1,inside,False
127,col_9b8d9872383b59f7a23d22ab97fc79d8,col_9b8d9872383b59f7a23d22ab97fc79d8,True,0.0,"[""col_9b8d9872383b59f7a23d22ab97fc79d8""]",covers,1,inside,False
128,col_9b8d9872383b59f7a23d22ab97fc79d8,col_9b8d9872383b59f7a23d22ab97fc79d8,True,0.0,"[""col_9b8d9872383b59f7a23d22ab97fc79d8""]",covers,1,inside,False
129,col_9b8d9872383b59f7a23d22ab97fc79d8,col_9b8d9872383b59f7a23d22ab97fc79d8,True,0.0,"[""col_9b8d9872383b59f7a23d22ab97fc79d8""]",covers,1,inside,False
130,col_9b8d9872383b59f7a23d22ab97fc79d8,col_9b8d9872383b59f7a23d22ab97fc79d8,True,0.0,"[""col_9b8d9872383b59f7a23d22ab97fc79d8""]",covers,1,inside,False
131,col_9b8d9872383b59f7a23d22ab97fc79d8,col_9b8d9872383b59f7a23d22ab97fc79d8,True,0.0,"[""col_9b8d9872383b59f7a23d22ab97fc79d8""]",covers,1,inside,False
132,col_9b8d9872383b59f7a23d22ab97fc79d8,col_9b8d9872383b59f7a23d22ab97fc79d8,True,0.0,"[""col_9b8d9872383b59f7a23d22ab97fc79d8""]",covers,1,inside,False
133,col_9b8d9872383b59f7a23d22ab97fc79d8,col_9b8d9872383b59f7a23d22ab97fc79d8,True,0.0,"[""col_9b8d9872383b59f7a23d22ab97fc79d8""]",covers,1,inside,False
134,col_9b8d9872383b59f7a23d22ab97fc79d8,col_9b8d9872383b59f7a23d22ab97fc79d8,True,0.0,"[""col_9b8d9872383b59f7a23d22ab97fc79d8""]",covers,1,inside,False
135,col_9b8d9872383b59f7a23d22ab97fc79d8,col_9b8d9872383b59f7a23d22ab97fc79d8,True,0.0,"[""col_9b8d9872383b59f7a23d22ab97fc79d8""]",covers,1,inside,False
136,col_9b8d9872383b59f7a23d22ab97fc79d8,col_9b8d9872383b59f7a23d22ab97fc79d8,True,0.0,"[""col_9b8d9872383b59f7a23d22ab97fc79d8""]",covers,1,inside,False
137,col_9b8d9872383b59f7a23d22ab97fc79d8,col_9b8d9872383b59f7a23d22ab97fc79d8,True,0.0,"[""col_9b8d9872383b59f7a23d22ab97fc79d8""]",covers,1,inside,False
138,col_9b8d9872383b59f7a23d22ab97fc79d8,col_9b8d9872383b59f7a23d22ab97fc79d8,True,0.0,"[""col_9b8d9872383b59f7a23d22ab97fc79d8""]",covers,1,inside,False
139,col_9b8d9872383b59f7a23d22ab97fc79d8,col_9b8d9872383b59f7a23d22ab97fc79d8,True,0.0,"[""col_9b8d9872383b59f7a23d22ab97fc79d8""]",covers,1,inside,False
140,col_9b8d9872383b59f7a23d22ab97fc79d8,col_9b8d9872383b59f7a23d22ab97fc79d8,True,0.0,"[""col_9b8d9872383b59f7a23d22ab97fc79d8""]",covers,1,inside,False
141,col_9b8d9872383b59f7a23d22ab97fc79d8,col_9b8d9872383b59f7a23d22ab97fc79d8,True,0.0,"[""col_9b8d9872383b59f7a23d22ab97fc79d8""]",covers,1,inside,False
142,col_9b8d9872383b59f7a23d22ab97fc79d8,col_9b8d9872383b59f7a23d22ab97fc79d8,True,0.0,"[""col_9b8d9872383b59f7a23d22ab97fc79d8""]",covers,1,inside,False
143,col_9b8d9872383b59f7a23d22ab97fc79d8,col_9b8d9872383b59f7a23d22ab97fc79d8,True,0.0,"[""col_9b8d9872383b59f7a23d22ab97fc79d8""]",covers,1,inside,False
144,col_9b8d9872383b59f7a23d22ab97fc79d8,col_9b8d9872383b59f7a23d22ab97fc79d8,True,0.0,"[""col_9b8d9872383b59f7a23d22ab97fc79d8""]",covers,1,inside,False
145,col_9b8d9872383b59f7a23d22ab97fc79d8,col_9b8d9872383b59f7a23d22ab97fc79d8,True,0.0,"[""col_9b8d9872383b59f7a23d22ab97fc79d8""]",covers,1,inside,False
146,col_9b8d9872383b59f7a23d22ab97fc79d8,col_a20da3b32dc95373bfc155a68e4197fa,False,3.30009467036707,"[""col_a20da3b32dc95373bfc155a68e4197fa""]",covers,1,outside,False
147,col_9b8d9872383b59f7a23d22ab97fc79d8,col_9b8d9872383b59f7a23d22ab97fc79d8,True,0.0,"[""col_9b8d9872383b59f7a23d22ab97fc79d8""]",covers,1,inside,False
148,col_9b8d9872383b59f7a23d22ab97fc79d8,col_9b8d9872383b59f7a23d22ab97fc79d8,True,0.0,"[""col_9b8d9872383b59f7a23d22ab97fc79d8""]",covers,1,inside,False
149,col_a20da3b32dc95373bfc155a68e4197fa,col_9b8d9872383b59f7a23d22ab97fc79d8,False,20.297515461491603,"[""col_9b8d9872383b59f7a23d22ab97fc79d8""]",covers,1,outside,False
150,col_a20da3b32dc95373bfc155a68e4197fa,col_a20da3b32dc95373bfc155a68e4197fa,True,0.0,"[""col_a20da3b32dc95373bfc155a68e4197fa""]",covers,1,inside,False
151,col_a20da3b32dc95373bfc155a68e4197fa,col_a20da3b32dc95373bfc155a68e4197fa,True,0.0,"[""col_a20da3b32dc95373bfc155a68e4197fa""]",covers,1,inside,False
152,col_a20da3b32dc95373bfc155a68e4197fa,col_a20da3b32dc95373bfc155a68e4197fa,True,0.0,"[""col_a20da3b32dc95373bfc155a68e4197fa""]",covers,1,inside,False
153,col_a20da3b32dc95373bfc155a68e4197fa,col_a20da3b32dc95373bfc155a68e4197fa,True,0.0,"[""col_a20da3b32dc95373bfc155a68e4197fa""]",covers,1,inside,False
154,col_a20da3b32dc95373bfc155a68e4197fa,col_a20da3b32dc95373bfc155a68e4197fa,True,0.0,"[""col_a20da3b32dc95373bfc155a68e4197fa""]",covers,1,inside,False
155,col_a20da3b32dc95373bfc155a68e4197fa,col_a20da3b32dc95373bfc155a68e4197fa,True,0.0,"[""col_a20da3b32dc95373bfc155a68e4197fa""]",covers,1,inside,False
156,col_a20da3b32dc95373bfc155a68e4197fa,col_a20da3b32dc95373bfc155a68e4197fa,True,0.0,"[""col_a20da3b32dc95373bfc155a68e4197fa""]",covers,1,inside,False
157,col_a20da3b32dc95373bfc155a68e4197fa,col_a20da3b32dc95373bfc155a68e4197fa,True,0.0,"[""col_a20da3b32dc95373bfc155a68e4197fa""]",covers,1,inside,False
158-159,col_a20da3b32dc95373bfc155a68e4197fa,col_a20da3b32dc95373bfc155a68e4197fa,True,0.0,"[""col_a20da3b32dc95373bfc155a68e4197fa""]",covers,1,inside,False
160,col_ffeedd6a32945225b84ecc416148dd76,col_ffeedd6a32945225b84ecc416148dd76,True,0.0,"[""col_ffeedd6a32945225b84ecc416148dd76""]",covers,1,inside,False
161,col_a20da3b32dc95373bfc155a68e4197fa,col_a20da3b32dc95373bfc155a68e4197fa,True,0.0,"[""col_a20da3b32dc95373bfc155a68e4197fa""]",covers,1,inside,False
162,col_a20da3b32dc95373bfc155a68e4197fa,col_a20da3b32dc95373bfc155a68e4197fa,True,0.0,"[""col_a20da3b32dc95373bfc155a68e4197fa""]",covers,1,inside,False
163,col_a20da3b32dc95373bfc155a68e4197fa,col_a20da3b32dc95373bfc155a68e4197fa,True,0.0,"[""col_a20da3b32dc95373bfc155a68e4197fa""]",covers,1,inside,False
164,col_a20da3b32dc95373bfc155a68e4197fa,col_a20da3b32dc95373bfc155a68e4197fa,True,0.0,"[""col_a20da3b32dc95373bfc155a68e4197fa""]",covers,1,inside,False
165,col_a20da3b32dc95373bfc155a68e4197fa,col_a20da3b32dc95373bfc155a68e4197fa,True,0.0,"[""col_a20da3b32dc95373bfc155a68e4197fa""]",covers,1,inside,False
166,col_f1b446f58ae65b7f8a814bab39bf17dc,col_f1b446f58ae65b7f8a814bab39bf17dc,True,0.0,"[""col_f1b446f58ae65b7f8a814bab39bf17dc""]",covers,1,inside,False
167,col_f1b446f58ae65b7f8a814bab39bf17dc,col_f1b446f58ae65b7f8a814bab39bf17dc,True,0.0,"[""col_f1b446f58ae65b7f8a814bab39bf17dc""]",covers,1,inside,False
168,col_f1b446f58ae65b7f8a814bab39bf17dc,col_f1b446f58ae65b7f8a814bab39bf17dc,True,0.0,"[""col_f1b446f58ae65b7f8a814bab39bf17dc""]",covers,1,inside,False
169,col_f1b446f58ae65b7f8a814bab39bf17dc,col_f1b446f58ae65b7f8a814bab39bf17dc,True,0.0,"[""col_f1b446f58ae65b7f8a814bab39bf17dc""]",covers,1,inside,False
170,col_f1b446f58ae65b7f8a814bab39bf17dc,col_f1b446f58ae65b7f8a814bab39bf17dc,True,0.0,"[""col_f1b446f58ae65b7f8a814bab39bf17dc""]",covers,1,inside,False
171,col_f1b446f58ae65b7f8a814bab39bf17dc,col_f1b446f58ae65b7f8a814bab39bf17dc,True,0.0,"[""col_f1b446f58ae65b7f8a814bab39bf17dc""]",covers,1,inside,False
172,col_f1b446f58ae65b7f8a814bab39bf17dc,col_f1b446f58ae65b7f8a814bab39bf17dc,True,0.0,"[""col_f1b446f58ae65b7f8a814bab39bf17dc""]",covers,1,inside,False
173,col_f1b446f58ae65b7f8a814bab39bf17dc,col_f1b446f58ae65b7f8a814bab39bf17dc,True,0.0,"[""col_f1b446f58ae65b7f8a814bab39bf17dc""]",covers,1,inside,False
174,col_ffeedd6a32945225b84ecc416148dd76,col_ffeedd6a32945225b84ecc416148dd76,True,0.0,"[""col_ffeedd6a32945225b84ecc416148dd76""]",covers,1,inside,False
175,col_f1b446f58ae65b7f8a814bab39bf17dc,col_f1b446f58ae65b7f8a814bab39bf17dc,True,0.0,"[""col_f1b446f58ae65b7f8a814bab39bf17dc""]",covers,1,inside,False
176,col_af634a3d6a0956f8930194b36da1dbde,col_af634a3d6a0956f8930194b36da1dbde,True,0.0,"[""col_af634a3d6a0956f8930194b36da1dbde""]",covers,1,inside,False
177,col_77126fcee0bf5162978113f718dc8420,col_77126fcee0bf5162978113f718dc8420,True,0.0,"[""col_77126fcee0bf5162978113f718dc8420""]",covers,1,inside,False
178,col_77126fcee0bf5162978113f718dc8420,col_77126fcee0bf5162978113f718dc8420,True,0.0,"[""col_77126fcee0bf5162978113f718dc8420""]",covers,1,inside,False
179,col_5322fef4c1c650588d41946f956ec97e,col_5322fef4c1c650588d41946f956ec97e,True,0.0,"[""col_5322fef4c1c650588d41946f956ec97e""]",covers,1,inside,False
180,col_5322fef4c1c650588d41946f956ec97e,col_5322fef4c1c650588d41946f956ec97e,True,0.0,"[""col_5322fef4c1c650588d41946f956ec97e""]",covers,1,inside,False
181,col_5322fef4c1c650588d41946f956ec97e,col_5322fef4c1c650588d41946f956ec97e,True,0.0,"[""col_5322fef4c1c650588d41946f956ec97e""]",covers,1,inside,False
182,col_f1b446f58ae65b7f8a814bab39bf17dc,col_f1b446f58ae65b7f8a814bab39bf17dc,True,0.0,"[""col_f1b446f58ae65b7f8a814bab39bf17dc""]",covers,1,inside,False
183,col_ffeedd6a32945225b84ecc416148dd76,col_ffeedd6a32945225b84ecc416148dd76,True,0.0,"[""col_ffeedd6a32945225b84ecc416148dd76""]",covers,1,inside,False
184,col_62bb8f5cf8d25a898a34208ad6dee465,col_62bb8f5cf8d25a898a34208ad6dee465,True,0.0,"[""col_62bb8f5cf8d25a898a34208ad6dee465""]",covers,1,inside,False
185,col_62bb8f5cf8d25a898a34208ad6dee465,col_62bb8f5cf8d25a898a34208ad6dee465,True,0.0,"[""col_62bb8f5cf8d25a898a34208ad6dee465""]",covers,1,inside,False
186,col_62bb8f5cf8d25a898a34208ad6dee465,col_62bb8f5cf8d25a898a34208ad6dee465,True,0.0,"[""col_62bb8f5cf8d25a898a34208ad6dee465""]",covers,1,inside,False
187,col_62bb8f5cf8d25a898a34208ad6dee465,col_62bb8f5cf8d25a898a34208ad6dee465,True,0.0,"[""col_62bb8f5cf8d25a898a34208ad6dee465""]",covers,1,inside,False
188,col_62bb8f5cf8d25a898a34208ad6dee465,col_62bb8f5cf8d25a898a34208ad6dee465,True,0.0,"[""col_62bb8f5cf8d25a898a34208ad6dee465""]",covers,1,inside,False
189,col_62bb8f5cf8d25a898a34208ad6dee465,col_62bb8f5cf8d25a898a34208ad6dee465,True,0.0,"[""col_62bb8f5cf8d25a898a34208ad6dee465""]",covers,1,inside,False
190,col_62bb8f5cf8d25a898a34208ad6dee465,col_62bb8f5cf8d25a898a34208ad6dee465,True,0.0,"[""col_62bb8f5cf8d25a898a34208ad6dee465""]",covers,1,inside,False
191,col_62bb8f5cf8d25a898a34208ad6dee465,col_62bb8f5cf8d25a898a34208ad6dee465,True,0.0,"[""col_62bb8f5cf8d25a898a34208ad6dee465""]",covers,1,inside,False
192-193,col_a4784e1d94d556b3b35e2f91d799fbf4,col_43db8a95c872541680d0688e731fe141,,,"[""col_43db8a95c872541680d0688e731fe141""]",covers,1,missing_catalog_polygon,False
194,col_a4784e1d94d556b3b35e2f91d799fbf4,col_43db8a95c872541680d0688e731fe141,,,"[""col_43db8a95c872541680d0688e731fe141""]",covers,1,missing_catalog_polygon,False
195,col_a4784e1d94d556b3b35e2f91d799fbf4,col_43db8a95c872541680d0688e731fe141,,,"[""col_43db8a95c872541680d0688e731fe141""]",covers,1,missing_catalog_polygon,False
196,col_b0d667d100335a2cbd38dd885b4a49ae,col_b0d667d100335a2cbd38dd885b4a49ae,True,0.0,"[""col_b0d667d100335a2cbd38dd885b4a49ae""]",covers,1,inside,False
197,col_2d383baad6155258af666ad388181e00,col_b0d667d100335a2cbd38dd885b4a49ae,,,"[""col_b0d667d100335a2cbd38dd885b4a49ae""]",covers,1,missing_catalog_polygon,False
198,col_43db8a95c872541680d0688e731fe141,col_43db8a95c872541680d0688e731fe141,True,0.0,"[""col_43db8a95c872541680d0688e731fe141""]",covers,1,inside,False
199,col_43db8a95c872541680d0688e731fe141,col_43db8a95c872541680d0688e731fe141,True,0.0,"[""col_43db8a95c872541680d0688e731fe141""]",covers,1,inside,False
200,col_43db8a95c872541680d0688e731fe141,col_43db8a95c872541680d0688e731fe141,True,0.0,"[""col_43db8a95c872541680d0688e731fe141""]",covers,1,inside,False
201,col_43db8a95c872541680d0688e731fe141,col_43db8a95c872541680d0688e731fe141,True,0.0,"[""col_43db8a95c872541680d0688e731fe141""]",covers,1,inside,False
202,col_43db8a95c872541680d0688e731fe141,col_43db8a95c872541680d0688e731fe141,True,0.0,"[""col_43db8a95c872541680d0688e731fe141""]",covers,1,inside,False
203,col_43db8a95c872541680d0688e731fe141,col_43db8a95c872541680d0688e731fe141,True,0.0,"[""col_43db8a95c872541680d0688e731fe141""]",covers,1,inside,False
204,col_43db8a95c872541680d0688e731fe141,col_43db8a95c872541680d0688e731fe141,True,0.0,"[""col_43db8a95c872541680d0688e731fe141""]",covers,1,inside,False
205,col_43db8a95c872541680d0688e731fe141,col_43db8a95c872541680d0688e731fe141,True,0.0,"[""col_43db8a95c872541680d0688e731fe141""]",covers,1,inside,False
206,col_43db8a95c872541680d0688e731fe141,col_43db8a95c872541680d0688e731fe141,True,0.0,"[""col_43db8a95c872541680d0688e731fe141""]",covers,1,inside,False
207,col_43db8a95c872541680d0688e731fe141,col_43db8a95c872541680d0688e731fe141,True,0.0,"[""col_43db8a95c872541680d0688e731fe141""]",covers,1,inside,False
208,col_43db8a95c872541680d0688e731fe141,col_43db8a95c872541680d0688e731fe141,True,0.0,"[""col_43db8a95c872541680d0688e731fe141""]",covers,1,inside,False
209,col_43db8a95c872541680d0688e731fe141,col_43db8a95c872541680d0688e731fe141,True,0.0,"[""col_43db8a95c872541680d0688e731fe141""]",covers,1,inside,False
210,col_43db8a95c872541680d0688e731fe141,col_43db8a95c872541680d0688e731fe141,True,0.0,"[""col_43db8a95c872541680d0688e731fe141""]",covers,1,inside,False
211,col_43db8a95c872541680d0688e731fe141,col_43db8a95c872541680d0688e731fe141,True,0.0,"[""col_43db8a95c872541680d0688e731fe141""]",covers,1,inside,False
212,col_43db8a95c872541680d0688e731fe141,col_43db8a95c872541680d0688e731fe141,True,0.0,"[""col_43db8a95c872541680d0688e731fe141""]",covers,1,inside,False
213,col_43db8a95c872541680d0688e731fe141,col_43db8a95c872541680d0688e731fe141,True,0.0,"[""col_43db8a95c872541680d0688e731fe141""]",covers,1,inside,False
214,col_43db8a95c872541680d0688e731fe141,col_43db8a95c872541680d0688e731fe141,True,0.0,"[""col_43db8a95c872541680d0688e731fe141""]",covers,1,inside,False
215,col_43db8a95c872541680d0688e731fe141,col_43db8a95c872541680d0688e731fe141,True,0.0,"[""col_43db8a95c872541680d0688e731fe141""]",covers,1,inside,False
216,col_43db8a95c872541680d0688e731fe141,col_43db8a95c872541680d0688e731fe141,True,0.0,"[""col_43db8a95c872541680d0688e731fe141""]",covers,1,inside,False
217,col_43db8a95c872541680d0688e731fe141,col_43db8a95c872541680d0688e731fe141,True,0.0,"[""col_43db8a95c872541680d0688e731fe141""]",covers,1,inside,False
218,col_43db8a95c872541680d0688e731fe141,col_43db8a95c872541680d0688e731fe141,True,0.0,"[""col_43db8a95c872541680d0688e731fe141""]",covers,1,inside,False
219,col_43db8a95c872541680d0688e731fe141,col_43db8a95c872541680d0688e731fe141,True,0.0,"[""col_43db8a95c872541680d0688e731fe141""]",covers,1,inside,False
220,col_43db8a95c872541680d0688e731fe141,col_43db8a95c872541680d0688e731fe141,True,0.0,"[""col_43db8a95c872541680d0688e731fe141""]",covers,1,inside,False
221,col_43db8a95c872541680d0688e731fe141,col_43db8a95c872541680d0688e731fe141,True,0.0,"[""col_43db8a95c872541680d0688e731fe141""]",covers,1,inside,False
222,col_43db8a95c872541680d0688e731fe141,col_43db8a95c872541680d0688e731fe141,True,0.0,"[""col_43db8a95c872541680d0688e731fe141""]",covers,1,inside,False
223,col_43db8a95c872541680d0688e731fe141,col_43db8a95c872541680d0688e731fe141,True,0.0,"[""col_43db8a95c872541680d0688e731fe141""]",covers,1,inside,False
224,col_43db8a95c872541680d0688e731fe141,col_43db8a95c872541680d0688e731fe141,True,0.0,"[""col_43db8a95c872541680d0688e731fe141""]",covers,1,inside,False
225,col_43db8a95c872541680d0688e731fe141,col_43db8a95c872541680d0688e731fe141,True,0.0,"[""col_43db8a95c872541680d0688e731fe141""]",covers,1,inside,False
226,col_43db8a95c872541680d0688e731fe141,col_43db8a95c872541680d0688e731fe141,True,0.0,"[""col_43db8a95c872541680d0688e731fe141""]",covers,1,inside,False
227,col_43db8a95c872541680d0688e731fe141,col_43db8a95c872541680d0688e731fe141,True,0.0,"[""col_43db8a95c872541680d0688e731fe141""]",covers,1,inside,False
228,col_43db8a95c872541680d0688e731fe141,col_43db8a95c872541680d0688e731fe141,True,0.0,"[""col_43db8a95c872541680d0688e731fe141""]",covers,1,inside,False
229,col_43db8a95c872541680d0688e731fe141,col_43db8a95c872541680d0688e731fe141,True,0.0,"[""col_43db8a95c872541680d0688e731fe141""]",covers,1,inside,False
230,col_43db8a95c872541680d0688e731fe141,col_43db8a95c872541680d0688e731fe141,True,0.0,"[""col_43db8a95c872541680d0688e731fe141""]",covers,1,inside,False
231,col_43db8a95c872541680d0688e731fe141,col_43db8a95c872541680d0688e731fe141,True,0.0,"[""col_43db8a95c872541680d0688e731fe141""]",covers,1,inside,False
232,col_43db8a95c872541680d0688e731fe141,col_43db8a95c872541680d0688e731fe141,True,0.0,"[""col_43db8a95c872541680d0688e731fe141""]",covers,1,inside,False
233,col_43db8a95c872541680d0688e731fe141,col_43db8a95c872541680d0688e731fe141,True,0.0,"[""col_43db8a95c872541680d0688e731fe141""]",covers,1,inside,False
234,col_43db8a95c872541680d0688e731fe141,col_43db8a95c872541680d0688e731fe141,True,0.0,"[""col_43db8a95c872541680d0688e731fe141""]",covers,1,inside,False
235-236,col_43db8a95c872541680d0688e731fe141,col_43db8a95c872541680d0688e731fe141,True,0.0,"[""col_43db8a95c872541680d0688e731fe141""]",covers,1,inside,False
237-238,col_43db8a95c872541680d0688e731fe141,col_43db8a95c872541680d0688e731fe141,True,0.0,"[""col_43db8a95c872541680d0688e731fe141""]",covers,1,inside,False
239,col_43db8a95c872541680d0688e731fe141,,False,21.170453476685502,"[""col_43db8a95c872541680d0688e731fe141""]",nearest_available_polygon_not_assignment,0,outside,False
240,col_43db8a95c872541680d0688e731fe141,col_d230756d48c258b4b050767d29182a80,False,10.312558332649196,"[""col_d230756d48c258b4b050767d29182a80""]",covers,1,outside,False
241,col_43db8a95c872541680d0688e731fe141,col_d230756d48c258b4b050767d29182a80,False,11.782642268388898,"[""col_d230756d48c258b4b050767d29182a80""]",covers,1,outside,False
242,col_43db8a95c872541680d0688e731fe141,col_b0d667d100335a2cbd38dd885b4a49ae,False,217.79973539076394,"[""col_b0d667d100335a2cbd38dd885b4a49ae""]",covers,1,outside,False
243,col_b0d667d100335a2cbd38dd885b4a49ae,col_b0d667d100335a2cbd38dd885b4a49ae,True,0.0,"[""col_b0d667d100335a2cbd38dd885b4a49ae""]",covers,1,inside,False
244,col_b0d667d100335a2cbd38dd885b4a49ae,col_b0d667d100335a2cbd38dd885b4a49ae,True,0.0,"[""col_b0d667d100335a2cbd38dd885b4a49ae""]",covers,1,inside,False
245,col_b0d667d100335a2cbd38dd885b4a49ae,col_b0d667d100335a2cbd38dd885b4a49ae,True,0.0,"[""col_b0d667d100335a2cbd38dd885b4a49ae""]",covers,1,inside,False
246,col_926ff32000a751399a54daad7479254d,col_926ff32000a751399a54daad7479254d,True,0.0,"[""col_926ff32000a751399a54daad7479254d""]",covers,1,inside,False
247,col_926ff32000a751399a54daad7479254d,col_926ff32000a751399a54daad7479254d,True,0.0,"[""col_926ff32000a751399a54daad7479254d""]",covers,1,inside,False
248,col_926ff32000a751399a54daad7479254d,col_926ff32000a751399a54daad7479254d,True,0.0,"[""col_926ff32000a751399a54daad7479254d""]",covers,1,inside,False
249,col_926ff32000a751399a54daad7479254d,col_926ff32000a751399a54daad7479254d,True,0.0,"[""col_926ff32000a751399a54daad7479254d""]",covers,1,inside,False
250,col_926ff32000a751399a54daad7479254d,col_926ff32000a751399a54daad7479254d,True,0.0,"[""col_926ff32000a751399a54daad7479254d""]",covers,1,inside,False
251,col_926ff32000a751399a54daad7479254d,col_926ff32000a751399a54daad7479254d,True,0.0,"[""col_926ff32000a751399a54daad7479254d""]",covers,1,inside,False
252,col_926ff32000a751399a54daad7479254d,col_926ff32000a751399a54daad7479254d,True,0.0,"[""col_926ff32000a751399a54daad7479254d""]",covers,1,inside,False
253,col_926ff32000a751399a54daad7479254d,col_926ff32000a751399a54daad7479254d,True,0.0,"[""col_926ff32000a751399a54daad7479254d""]",covers,1,inside,False
254,col_ffeedd6a32945225b84ecc416148dd76,col_ffeedd6a32945225b84ecc416148dd76,True,0.0,"[""col_ffeedd6a32945225b84ecc416148dd76""]",covers,1,inside,False
255,col_ffeedd6a32945225b84ecc416148dd76,col_ffeedd6a32945225b84ecc416148dd76,True,0.0,"[""col_ffeedd6a32945225b84ecc416148dd76""]",covers,1,inside,False
256,col_ffeedd6a32945225b84ecc416148dd76,col_ffeedd6a32945225b84ecc416148dd76,True,0.0,"[""col_ffeedd6a32945225b84ecc416148dd76""]",covers,1,inside,False
257,col_ffeedd6a32945225b84ecc416148dd76,col_76cd2cc2efb657e1a3779dc11ff63e1d,False,119.998592215639,"[""col_76cd2cc2efb657e1a3779dc11ff63e1d""]",covers,1,outside,False
258,col_5176ae04e5c95d57b5192bbca17b2436,col_5176ae04e5c95d57b5192bbca17b2436,True,0.0,"[""col_5176ae04e5c95d57b5192bbca17b2436""]",covers,1,inside,False
259,col_0f6878a834535080af77fae943ae9b95,col_0f6878a834535080af77fae943ae9b95,True,0.0,"[""col_0f6878a834535080af77fae943ae9b95""]",covers,1,inside,False
260,col_e56a7334b36e5ca6841813031c3b8d2b,,False,735.2643543523974,"[""col_0f6878a834535080af77fae943ae9b95""]",nearest_available_polygon_not_assignment,0,outside,False
261,col_76cd2cc2efb657e1a3779dc11ff63e1d,col_76cd2cc2efb657e1a3779dc11ff63e1d,True,0.0,"[""col_76cd2cc2efb657e1a3779dc11ff63e1d""]",covers,1,inside,False
262,col_e56a7334b36e5ca6841813031c3b8d2b,col_e56a7334b36e5ca6841813031c3b8d2b,True,0.0,"[""col_e56a7334b36e5ca6841813031c3b8d2b""]",covers,1,inside,False
263,col_ffeedd6a32945225b84ecc416148dd76,col_ffeedd6a32945225b84ecc416148dd76,True,0.0,"[""col_ffeedd6a32945225b84ecc416148dd76""]",covers,1,inside,False
264-275,col_af634a3d6a0956f8930194b36da1dbde,col_af634a3d6a0956f8930194b36da1dbde,True,0.0,"[""col_af634a3d6a0956f8930194b36da1dbde""]",covers,1,inside,False
265,col_af634a3d6a0956f8930194b36da1dbde,col_af634a3d6a0956f8930194b36da1dbde,True,0.0,"[""col_af634a3d6a0956f8930194b36da1dbde""]",covers,1,inside,False
266-267,col_af634a3d6a0956f8930194b36da1dbde,col_af634a3d6a0956f8930194b36da1dbde,True,0.0,"[""col_af634a3d6a0956f8930194b36da1dbde""]",covers,1,inside,False
268-269,col_af634a3d6a0956f8930194b36da1dbde,col_af634a3d6a0956f8930194b36da1dbde,True,0.0,"[""col_af634a3d6a0956f8930194b36da1dbde""]",covers,1,inside,False
270,col_0f6878a834535080af77fae943ae9b95,col_0f6878a834535080af77fae943ae9b95,True,0.0,"[""col_0f6878a834535080af77fae943ae9b95""]",covers,1,inside,False
271-272,col_af634a3d6a0956f8930194b36da1dbde,col_af634a3d6a0956f8930194b36da1dbde,True,0.0,"[""col_af634a3d6a0956f8930194b36da1dbde""]",covers,1,inside,False
273-274,col_af634a3d6a0956f8930194b36da1dbde,col_af634a3d6a0956f8930194b36da1dbde,True,0.0,"[""col_af634a3d6a0956f8930194b36da1dbde""]",covers,1,inside,False
276,col_99820d9ec1005837855fcf0d7f8dcaf0,col_ee0096c66b1754fb83cf4c4170f93dd6,,,"[""col_ee0096c66b1754fb83cf4c4170f93dd6""]",covers,1,missing_catalog_polygon,False
277,col_99820d9ec1005837855fcf0d7f8dcaf0,col_ee0096c66b1754fb83cf4c4170f93dd6,,,"[""col_ee0096c66b1754fb83cf4c4170f93dd6""]",covers,1,missing_catalog_polygon,False
278,col_cbe1b970a3525757af7647d6463839ff,,,,"[""col_a20da3b32dc95373bfc155a68e4197fa""]",nearest_available_polygon_not_assignment,0,missing_catalog_polygon,False
279,col_cbe1b970a3525757af7647d6463839ff,,,,"[""col_a20da3b32dc95373bfc155a68e4197fa""]",nearest_available_polygon_not_assignment,0,missing_catalog_polygon,False
280,col_99820d9ec1005837855fcf0d7f8dcaf0,col_fff7ee1276da58efb088edf2d4f0141e,,,"[""col_fff7ee1276da58efb088edf2d4f0141e""]",covers,1,missing_catalog_polygon,False
281,col_99820d9ec1005837855fcf0d7f8dcaf0,col_fff7ee1276da58efb088edf2d4f0141e,,,"[""col_fff7ee1276da58efb088edf2d4f0141e""]",covers,1,missing_catalog_polygon,False
282,col_cbe1b970a3525757af7647d6463839ff,,,,"[""col_fff7ee1276da58efb088edf2d4f0141e""]",nearest_available_polygon_not_assignment,0,missing_catalog_polygon,False
283,col_cbe1b970a3525757af7647d6463839ff,,,,"[""col_a20da3b32dc95373bfc155a68e4197fa""]",nearest_available_polygon_not_assignment,0,missing_catalog_polygon,False
284,col_6bf10fd8943e5967b7603760fb6cd344,col_6bf10fd8943e5967b7603760fb6cd344,True,0.0,"[""col_6bf10fd8943e5967b7603760fb6cd344""]",covers,1,inside,False
285,col_f1b446f58ae65b7f8a814bab39bf17dc,col_f1b446f58ae65b7f8a814bab39bf17dc,True,0.0,"[""col_f1b446f58ae65b7f8a814bab39bf17dc""]",covers,1,inside,False
286,col_f1b446f58ae65b7f8a814bab39bf17dc,col_f1b446f58ae65b7f8a814bab39bf17dc,True,0.0,"[""col_f1b446f58ae65b7f8a814bab39bf17dc""]",covers,1,inside,False
287,col_f1b446f58ae65b7f8a814bab39bf17dc,col_f1b446f58ae65b7f8a814bab39bf17dc,True,0.0,"[""col_f1b446f58ae65b7f8a814bab39bf17dc""]",covers,1,inside,False
288,col_7d88ca5b0c8d519c962986381a6c0a11,col_7d88ca5b0c8d519c962986381a6c0a11,True,0.0,"[""col_7d88ca5b0c8d519c962986381a6c0a11""]",covers,1,inside,False
290,col_6bf10fd8943e5967b7603760fb6cd344,col_6bf10fd8943e5967b7603760fb6cd344,True,0.0,"[""col_6bf10fd8943e5967b7603760fb6cd344""]",covers,1,inside,False
291,col_cbe1b970a3525757af7647d6463839ff,,,,"[""col_6bf10fd8943e5967b7603760fb6cd344""]",nearest_available_polygon_not_assignment,0,missing_catalog_polygon,False
292,col_cbe1b970a3525757af7647d6463839ff,,,,"[""col_a20da3b32dc95373bfc155a68e4197fa""]",nearest_available_polygon_not_assignment,0,missing_catalog_polygon,False
293,col_cbe1b970a3525757af7647d6463839ff,,,,"[""col_fff7ee1276da58efb088edf2d4f0141e""]",nearest_available_polygon_not_assignment,0,missing_catalog_polygon,False
294,col_99820d9ec1005837855fcf0d7f8dcaf0,col_fff7ee1276da58efb088edf2d4f0141e,,,"[""col_fff7ee1276da58efb088edf2d4f0141e""]",covers,1,missing_catalog_polygon,False
295,col_99820d9ec1005837855fcf0d7f8dcaf0,col_fff7ee1276da58efb088edf2d4f0141e,,,"[""col_fff7ee1276da58efb088edf2d4f0141e""]",covers,1,missing_catalog_polygon,False
296,col_99820d9ec1005837855fcf0d7f8dcaf0,col_fff7ee1276da58efb088edf2d4f0141e,,,"[""col_fff7ee1276da58efb088edf2d4f0141e""]",covers,1,missing_catalog_polygon,False
297,col_99820d9ec1005837855fcf0d7f8dcaf0,col_fff7ee1276da58efb088edf2d4f0141e,,,"[""col_fff7ee1276da58efb088edf2d4f0141e""]",covers,1,missing_catalog_polygon,False
298,col_cbe1b970a3525757af7647d6463839ff,,,,"[""col_fff7ee1276da58efb088edf2d4f0141e""]",nearest_available_polygon_not_assignment,0,missing_catalog_polygon,False
299,col_cbe1b970a3525757af7647d6463839ff,,,,"[""col_fff7ee1276da58efb088edf2d4f0141e""]",nearest_available_polygon_not_assignment,0,missing_catalog_polygon,False
300,col_cbe1b970a3525757af7647d6463839ff,,,,"[""col_6bf10fd8943e5967b7603760fb6cd344""]",nearest_available_polygon_not_assignment,0,missing_catalog_polygon,False
301,col_cbe1b970a3525757af7647d6463839ff,,,,"[""col_6bf10fd8943e5967b7603760fb6cd344""]",nearest_available_polygon_not_assignment,0,missing_catalog_polygon,False
302,col_cbe1b970a3525757af7647d6463839ff,,,,"[""col_6bf10fd8943e5967b7603760fb6cd344""]",nearest_available_polygon_not_assignment,0,missing_catalog_polygon,False
303,col_6bf10fd8943e5967b7603760fb6cd344,col_6bf10fd8943e5967b7603760fb6cd344,True,0.0,"[""col_6bf10fd8943e5967b7603760fb6cd344""]",covers,1,inside,False
304,col_6bf10fd8943e5967b7603760fb6cd344,col_6bf10fd8943e5967b7603760fb6cd344,True,0.0,"[""col_6bf10fd8943e5967b7603760fb6cd344""]",covers,1,inside,False
305,col_6bf10fd8943e5967b7603760fb6cd344,col_6bf10fd8943e5967b7603760fb6cd344,True,0.0,"[""col_6bf10fd8943e5967b7603760fb6cd344""]",covers,1,inside,False
306,col_6bf10fd8943e5967b7603760fb6cd344,col_6bf10fd8943e5967b7603760fb6cd344,True,0.0,"[""col_6bf10fd8943e5967b7603760fb6cd344""]",covers,1,inside,False
307,col_6bf10fd8943e5967b7603760fb6cd344,col_6bf10fd8943e5967b7603760fb6cd344,True,0.0,"[""col_6bf10fd8943e5967b7603760fb6cd344""]",covers,1,inside,False
308,col_6bf10fd8943e5967b7603760fb6cd344,col_6bf10fd8943e5967b7603760fb6cd344,True,0.0,"[""col_6bf10fd8943e5967b7603760fb6cd344""]",covers,1,inside,False
309,col_6bf10fd8943e5967b7603760fb6cd344,col_6bf10fd8943e5967b7603760fb6cd344,True,0.0,"[""col_6bf10fd8943e5967b7603760fb6cd344""]",covers,1,inside,False
310,col_7d88ca5b0c8d519c962986381a6c0a11,col_7d88ca5b0c8d519c962986381a6c0a11,True,0.0,"[""col_7d88ca5b0c8d519c962986381a6c0a11""]",covers,1,inside,False
312,col_7d88ca5b0c8d519c962986381a6c0a11,col_7d88ca5b0c8d519c962986381a6c0a11,True,0.0,"[""col_7d88ca5b0c8d519c962986381a6c0a11""]",covers,1,inside,False
313,col_6bf10fd8943e5967b7603760fb6cd344,col_6bf10fd8943e5967b7603760fb6cd344,True,0.0,"[""col_6bf10fd8943e5967b7603760fb6cd344""]",covers,1,inside,False
314,col_6bf10fd8943e5967b7603760fb6cd344,col_6bf10fd8943e5967b7603760fb6cd344,True,0.0,"[""col_6bf10fd8943e5967b7603760fb6cd344""]",covers,1,inside,False
315,col_6bf10fd8943e5967b7603760fb6cd344,col_6bf10fd8943e5967b7603760fb6cd344,True,0.0,"[""col_6bf10fd8943e5967b7603760fb6cd344""]",covers,1,inside,False
316,col_cbe1b970a3525757af7647d6463839ff,,,,"[""col_6bf10fd8943e5967b7603760fb6cd344""]",nearest_available_polygon_not_assignment,0,missing_catalog_polygon,False
317,col_cbe1b970a3525757af7647d6463839ff,,,,"[""col_fff7ee1276da58efb088edf2d4f0141e""]",nearest_available_polygon_not_assignment,0,missing_catalog_polygon,False
318,col_cbe1b970a3525757af7647d6463839ff,,,,"[""col_fff7ee1276da58efb088edf2d4f0141e""]",nearest_available_polygon_not_assignment,0,missing_catalog_polygon,False
319,col_cbe1b970a3525757af7647d6463839ff,,,,"[""col_fff7ee1276da58efb088edf2d4f0141e""]",nearest_available_polygon_not_assignment,0,missing_catalog_polygon,False
320,col_99820d9ec1005837855fcf0d7f8dcaf0,col_fff7ee1276da58efb088edf2d4f0141e,,,"[""col_fff7ee1276da58efb088edf2d4f0141e""]",covers,1,missing_catalog_polygon,False
321,col_99820d9ec1005837855fcf0d7f8dcaf0,col_fff7ee1276da58efb088edf2d4f0141e,,,"[""col_fff7ee1276da58efb088edf2d4f0141e""]",covers,1,missing_catalog_polygon,False
322,col_99820d9ec1005837855fcf0d7f8dcaf0,col_fff7ee1276da58efb088edf2d4f0141e,,,"[""col_fff7ee1276da58efb088edf2d4f0141e""]",covers,1,missing_catalog_polygon,False
323,col_cbe1b970a3525757af7647d6463839ff,,,,"[""col_fff7ee1276da58efb088edf2d4f0141e""]",nearest_available_polygon_not_assignment,0,missing_catalog_polygon,False
324,col_058b0a95e3e35746bf806f626cc29e3c,,,,"[""col_fff7ee1276da58efb088edf2d4f0141e""]",nearest_available_polygon_not_assignment,0,missing_catalog_polygon,False
325,col_058b0a95e3e35746bf806f626cc29e3c,,,,"[""col_64a29c6aaaf85a42bb0e87a40667ac42""]",nearest_available_polygon_not_assignment,0,missing_catalog_polygon,False
326,col_f8e6271a3b155d19906933df376c56d8,col_6bf10fd8943e5967b7603760fb6cd344,,,"[""col_6bf10fd8943e5967b7603760fb6cd344""]",covers,1,missing_catalog_polygon,False
327,col_6bf10fd8943e5967b7603760fb6cd344,col_6bf10fd8943e5967b7603760fb6cd344,True,0.0,"[""col_6bf10fd8943e5967b7603760fb6cd344""]",covers,1,inside,False
328,col_7d88ca5b0c8d519c962986381a6c0a11,col_7d88ca5b0c8d519c962986381a6c0a11,True,0.0,"[""col_7d88ca5b0c8d519c962986381a6c0a11""]",covers,1,inside,False
329,col_7d88ca5b0c8d519c962986381a6c0a11,col_7d88ca5b0c8d519c962986381a6c0a11,True,0.0,"[""col_7d88ca5b0c8d519c962986381a6c0a11""]",covers,1,inside,False
330,col_7d88ca5b0c8d519c962986381a6c0a11,col_7d88ca5b0c8d519c962986381a6c0a11,True,0.0,"[""col_7d88ca5b0c8d519c962986381a6c0a11""]",covers,1,inside,False
331,col_7d88ca5b0c8d519c962986381a6c0a11,col_7d88ca5b0c8d519c962986381a6c0a11,True,0.0,"[""col_7d88ca5b0c8d519c962986381a6c0a11""]",covers,1,inside,False
332,col_7d88ca5b0c8d519c962986381a6c0a11,col_7d88ca5b0c8d519c962986381a6c0a11,True,0.0,"[""col_7d88ca5b0c8d519c962986381a6c0a11""]",covers,1,inside,False
333,col_f8e6271a3b155d19906933df376c56d8,col_6bf10fd8943e5967b7603760fb6cd344,,,"[""col_6bf10fd8943e5967b7603760fb6cd344""]",covers,1,missing_catalog_polygon,False
334,col_f8e6271a3b155d19906933df376c56d8,col_6bf10fd8943e5967b7603760fb6cd344,,,"[""col_6bf10fd8943e5967b7603760fb6cd344""]",covers,1,missing_catalog_polygon,False
335,col_058b0a95e3e35746bf806f626cc29e3c,,,,"[""col_64a29c6aaaf85a42bb0e87a40667ac42""]",nearest_available_polygon_not_assignment,0,missing_catalog_polygon,False
336,col_058b0a95e3e35746bf806f626cc29e3c,,,,"[""col_64a29c6aaaf85a42bb0e87a40667ac42""]",nearest_available_polygon_not_assignment,0,missing_catalog_polygon,False
337,col_058b0a95e3e35746bf806f626cc29e3c,,,,"[""col_64a29c6aaaf85a42bb0e87a40667ac42""]",nearest_available_polygon_not_assignment,0,missing_catalog_polygon,False
338,col_058b0a95e3e35746bf806f626cc29e3c,,,,"[""col_fff7ee1276da58efb088edf2d4f0141e""]",nearest_available_polygon_not_assignment,0,missing_catalog_polygon,False
339,col_99820d9ec1005837855fcf0d7f8dcaf0,col_fff7ee1276da58efb088edf2d4f0141e,,,"[""col_fff7ee1276da58efb088edf2d4f0141e""]",covers,1,missing_catalog_polygon,False
340,col_99820d9ec1005837855fcf0d7f8dcaf0,col_fff7ee1276da58efb088edf2d4f0141e,,,"[""col_fff7ee1276da58efb088edf2d4f0141e""]",covers,1,missing_catalog_polygon,False
341,col_99820d9ec1005837855fcf0d7f8dcaf0,col_fff7ee1276da58efb088edf2d4f0141e,,,"[""col_fff7ee1276da58efb088edf2d4f0141e""]",covers,1,missing_catalog_polygon,False
342,col_99820d9ec1005837855fcf0d7f8dcaf0,col_fff7ee1276da58efb088edf2d4f0141e,,,"[""col_fff7ee1276da58efb088edf2d4f0141e""]",covers,1,missing_catalog_polygon,False
343,col_058b0a95e3e35746bf806f626cc29e3c,,,,"[""col_fff7ee1276da58efb088edf2d4f0141e""]",nearest_available_polygon_not_assignment,0,missing_catalog_polygon,False
345,col_64a29c6aaaf85a42bb0e87a40667ac42,col_64a29c6aaaf85a42bb0e87a40667ac42,True,0.0,"[""col_64a29c6aaaf85a42bb0e87a40667ac42""]",covers,1,inside,False
346,col_64a29c6aaaf85a42bb0e87a40667ac42,col_64a29c6aaaf85a42bb0e87a40667ac42,True,0.0,"[""col_64a29c6aaaf85a42bb0e87a40667ac42""]",covers,1,inside,False
347,col_9bbea60acc995fa7b9c482efc14ebb94,col_9bbea60acc995fa7b9c482efc14ebb94,True,0.0,"[""col_9bbea60acc995fa7b9c482efc14ebb94""]",covers,1,inside,False
348,col_9bbea60acc995fa7b9c482efc14ebb94,col_9bbea60acc995fa7b9c482efc14ebb94,True,0.0,"[""col_9bbea60acc995fa7b9c482efc14ebb94""]",covers,1,inside,False
349,col_f8e6271a3b155d19906933df376c56d8,col_6bf10fd8943e5967b7603760fb6cd344,,,"[""col_6bf10fd8943e5967b7603760fb6cd344""]",covers,1,missing_catalog_polygon,False
351,col_7d88ca5b0c8d519c962986381a6c0a11,col_7d88ca5b0c8d519c962986381a6c0a11,True,0.0,"[""col_7d88ca5b0c8d519c962986381a6c0a11""]",covers,1,inside,False
352,col_f685e6afce2f59ffb8b623a8882cd0ef,col_f685e6afce2f59ffb8b623a8882cd0ef,True,0.0,"[""col_f685e6afce2f59ffb8b623a8882cd0ef""]",covers,1,inside,False
353,col_9bbea60acc995fa7b9c482efc14ebb94,col_9bbea60acc995fa7b9c482efc14ebb94,True,0.0,"[""col_9bbea60acc995fa7b9c482efc14ebb94""]",covers,1,inside,False
354,col_a11503ab8f7b52ecba6e146f1cd2bcae,col_a11503ab8f7b52ecba6e146f1cd2bcae,True,0.0,"[""col_a11503ab8f7b52ecba6e146f1cd2bcae""]",covers,1,inside,False
355,col_64a29c6aaaf85a42bb0e87a40667ac42,col_64a29c6aaaf85a42bb0e87a40667ac42,True,0.0,"[""col_64a29c6aaaf85a42bb0e87a40667ac42""]",covers,1,inside,False
356,col_058b0a95e3e35746bf806f626cc29e3c,,,,"[""col_64a29c6aaaf85a42bb0e87a40667ac42""]",nearest_available_polygon_not_assignment,0,missing_catalog_polygon,False
357,col_058b0a95e3e35746bf806f626cc29e3c,,,,"[""col_8e89f7e8963258c3b4c0ec85deb35ae9""]",nearest_available_polygon_not_assignment,0,missing_catalog_polygon,False
358,col_058b0a95e3e35746bf806f626cc29e3c,,,,"[""col_81ad18034e5855e38b63dfffe608d3d3""]",nearest_available_polygon_not_assignment,0,missing_catalog_polygon,False
359,col_058b0a95e3e35746bf806f626cc29e3c,,,,"[""col_81ad18034e5855e38b63dfffe608d3d3""]",nearest_available_polygon_not_assignment,0,missing_catalog_polygon,False
360,col_058b0a95e3e35746bf806f626cc29e3c,,,,"[""col_81ad18034e5855e38b63dfffe608d3d3""]",nearest_available_polygon_not_assignment,0,missing_catalog_polygon,False
361,col_058b0a95e3e35746bf806f626cc29e3c,,,,"[""col_64a29c6aaaf85a42bb0e87a40667ac42""]",nearest_available_polygon_not_assignment,0,missing_catalog_polygon,False
362,col_9bbea60acc995fa7b9c482efc14ebb94,col_9bbea60acc995fa7b9c482efc14ebb94,True,0.0,"[""col_9bbea60acc995fa7b9c482efc14ebb94""]",covers,1,inside,False
363,col_9bbea60acc995fa7b9c482efc14ebb94,col_9bbea60acc995fa7b9c482efc14ebb94,True,0.0,"[""col_9bbea60acc995fa7b9c482efc14ebb94""]",covers,1,inside,False
365,col_f685e6afce2f59ffb8b623a8882cd0ef,col_f685e6afce2f59ffb8b623a8882cd0ef,True,0.0,"[""col_f685e6afce2f59ffb8b623a8882cd0ef""]",covers,1,inside,False
366,col_84c2fef5059c546e9a59e6816fb7e72b,col_84c2fef5059c546e9a59e6816fb7e72b,True,0.0,"[""col_84c2fef5059c546e9a59e6816fb7e72b""]",covers,1,inside,False
367,col_a11503ab8f7b52ecba6e146f1cd2bcae,col_a11503ab8f7b52ecba6e146f1cd2bcae,True,0.0,"[""col_a11503ab8f7b52ecba6e146f1cd2bcae""]",covers,1,inside,False
369,col_84c2fef5059c546e9a59e6816fb7e72b,col_84c2fef5059c546e9a59e6816fb7e72b,True,0.0,"[""col_84c2fef5059c546e9a59e6816fb7e72b""]",covers,1,inside,False
370,col_8e89f7e8963258c3b4c0ec85deb35ae9,col_8e89f7e8963258c3b4c0ec85deb35ae9,True,0.0,"[""col_8e89f7e8963258c3b4c0ec85deb35ae9""]",covers,1,inside,False
371,col_8e89f7e8963258c3b4c0ec85deb35ae9,col_8e89f7e8963258c3b4c0ec85deb35ae9,True,0.0,"[""col_8e89f7e8963258c3b4c0ec85deb35ae9""]",covers,1,inside,False
372,col_b311567e717b53408adc7485d395fbd0,,,,"[""col_8e89f7e8963258c3b4c0ec85deb35ae9""]",nearest_available_polygon_not_assignment,0,missing_catalog_polygon,False
373,col_058b0a95e3e35746bf806f626cc29e3c,,,,"[""col_8e89f7e8963258c3b4c0ec85deb35ae9""]",nearest_available_polygon_not_assignment,0,missing_catalog_polygon,False
374,col_058b0a95e3e35746bf806f626cc29e3c,,,,"[""col_81ad18034e5855e38b63dfffe608d3d3""]",nearest_available_polygon_not_assignment,0,missing_catalog_polygon,False
375,col_81ad18034e5855e38b63dfffe608d3d3,col_81ad18034e5855e38b63dfffe608d3d3,True,0.0,"[""col_81ad18034e5855e38b63dfffe608d3d3""]",covers,1,inside,False
377,col_b311567e717b53408adc7485d395fbd0,,,,"[""col_81ad18034e5855e38b63dfffe608d3d3""]",nearest_available_polygon_not_assignment,0,missing_catalog_polygon,False
378,col_b311567e717b53408adc7485d395fbd0,,,,"[""col_8e89f7e8963258c3b4c0ec85deb35ae9""]",nearest_available_polygon_not_assignment,0,missing_catalog_polygon,False
380,col_8e89f7e8963258c3b4c0ec85deb35ae9,col_8e89f7e8963258c3b4c0ec85deb35ae9,True,0.0,"[""col_8e89f7e8963258c3b4c0ec85deb35ae9""]",covers,1,inside,False
381,col_8e89f7e8963258c3b4c0ec85deb35ae9,col_8e89f7e8963258c3b4c0ec85deb35ae9,True,0.0,"[""col_8e89f7e8963258c3b4c0ec85deb35ae9""]",covers,1,inside,False
384,col_a069943804255517b1a44551a37b7d8e,col_a069943804255517b1a44551a37b7d8e,True,0.0,"[""col_a069943804255517b1a44551a37b7d8e""]",covers,1,inside,False
385,col_a069943804255517b1a44551a37b7d8e,col_a069943804255517b1a44551a37b7d8e,True,0.0,"[""col_a069943804255517b1a44551a37b7d8e""]",covers,1,inside,False
386,col_a069943804255517b1a44551a37b7d8e,col_a069943804255517b1a44551a37b7d8e,True,0.0,"[""col_a069943804255517b1a44551a37b7d8e""]",covers,1,inside,False
387,col_a069943804255517b1a44551a37b7d8e,col_a069943804255517b1a44551a37b7d8e,True,0.0,"[""col_a069943804255517b1a44551a37b7d8e""]",covers,1,inside,False
389,col_a069943804255517b1a44551a37b7d8e,col_a069943804255517b1a44551a37b7d8e,True,0.0,"[""col_a069943804255517b1a44551a37b7d8e""]",covers,1,inside,False
390-391,col_9f7b23fc019150a58f8d3fa8ecb0545b,col_9f7b23fc019150a58f8d3fa8ecb0545b,True,0.0,"[""col_9f7b23fc019150a58f8d3fa8ecb0545b""]",covers,1,inside,False
392,col_8e89f7e8963258c3b4c0ec85deb35ae9,col_8e89f7e8963258c3b4c0ec85deb35ae9,True,0.0,"[""col_8e89f7e8963258c3b4c0ec85deb35ae9""]",covers,1,inside,False
393,col_8e89f7e8963258c3b4c0ec85deb35ae9,col_8e89f7e8963258c3b4c0ec85deb35ae9,True,0.0,"[""col_8e89f7e8963258c3b4c0ec85deb35ae9""]",covers,1,inside,False
394,col_b311567e717b53408adc7485d395fbd0,,,,"[""col_e72f76ae560a556e957e54c180d9d323""]",nearest_available_polygon_not_assignment,0,missing_catalog_polygon,False
395,col_b311567e717b53408adc7485d395fbd0,,,,"[""col_e72f76ae560a556e957e54c180d9d323""]",nearest_available_polygon_not_assignment,0,missing_catalog_polygon,False
396,col_b311567e717b53408adc7485d395fbd0,,,,"[""col_e72f76ae560a556e957e54c180d9d323""]",nearest_available_polygon_not_assignment,0,missing_catalog_polygon,False
397,col_b311567e717b53408adc7485d395fbd0,,,,"[""col_e72f76ae560a556e957e54c180d9d323""]",nearest_available_polygon_not_assignment,0,missing_catalog_polygon,False
398,col_b311567e717b53408adc7485d395fbd0,,,,"[""col_81ad18034e5855e38b63dfffe608d3d3""]",nearest_available_polygon_not_assignment,0,missing_catalog_polygon,False
399,col_b311567e717b53408adc7485d395fbd0,,,,"[""col_81ad18034e5855e38b63dfffe608d3d3""]",nearest_available_polygon_not_assignment,0,missing_catalog_polygon,False
401,col_6e124db5b88b5695a72b6c82db5754cd,,,,"[""col_81ad18034e5855e38b63dfffe608d3d3""]",nearest_available_polygon_not_assignment,0,missing_catalog_polygon,False
402,col_6e124db5b88b5695a72b6c82db5754cd,,,,"[""col_4a6ce89e87ac5037b13cd12239825b31""]",nearest_available_polygon_not_assignment,0,missing_catalog_polygon,False
404,col_588e4e85b75a566e85b1e464fdd27b30,col_e426afce41e3549e9144c6ee8c8047dc,,,"[""col_e426afce41e3549e9144c6ee8c8047dc""]",covers,1,missing_catalog_polygon,False
405,col_588e4e85b75a566e85b1e464fdd27b30,,,,"[""col_e426afce41e3549e9144c6ee8c8047dc""]",nearest_available_polygon_not_assignment,0,missing_catalog_polygon,False
407,col_4a6ce89e87ac5037b13cd12239825b31,col_4a6ce89e87ac5037b13cd12239825b31,True,0.0,"[""col_4a6ce89e87ac5037b13cd12239825b31""]",covers,1,inside,False
409,col_6e124db5b88b5695a72b6c82db5754cd,,,,"[""col_e426afce41e3549e9144c6ee8c8047dc""]",nearest_available_polygon_not_assignment,0,missing_catalog_polygon,False
412,col_6e124db5b88b5695a72b6c82db5754cd,,,,"[""col_8694171d7ed551d78020504424e7148c""]",nearest_available_polygon_not_assignment,0,missing_catalog_polygon,False
413,col_e72f76ae560a556e957e54c180d9d323,col_e72f76ae560a556e957e54c180d9d323,True,0.0,"[""col_e72f76ae560a556e957e54c180d9d323""]",covers,1,inside,False
414,col_b311567e717b53408adc7485d395fbd0,,,,"[""col_e72f76ae560a556e957e54c180d9d323""]",nearest_available_polygon_not_assignment,0,missing_catalog_polygon,False
415,col_9f7b23fc019150a58f8d3fa8ecb0545b,col_9f7b23fc019150a58f8d3fa8ecb0545b,True,0.0,"[""col_9f7b23fc019150a58f8d3fa8ecb0545b""]",covers,1,inside,False
416,col_b311567e717b53408adc7485d395fbd0,col_9f7b23fc019150a58f8d3fa8ecb0545b,,,"[""col_9f7b23fc019150a58f8d3fa8ecb0545b""]",covers,1,missing_catalog_polygon,False
417,col_a069943804255517b1a44551a37b7d8e,col_a069943804255517b1a44551a37b7d8e,True,0.0,"[""col_a069943804255517b1a44551a37b7d8e""]",covers,1,inside,False
419,col_a069943804255517b1a44551a37b7d8e,col_a069943804255517b1a44551a37b7d8e,True,0.0,"[""col_a069943804255517b1a44551a37b7d8e""]",covers,1,inside,False
420,col_9f7b23fc019150a58f8d3fa8ecb0545b,col_9f7b23fc019150a58f8d3fa8ecb0545b,True,0.0,"[""col_9f7b23fc019150a58f8d3fa8ecb0545b""]",covers,1,inside,False
421,col_9f7b23fc019150a58f8d3fa8ecb0545b,col_9f7b23fc019150a58f8d3fa8ecb0545b,True,0.0,"[""col_9f7b23fc019150a58f8d3fa8ecb0545b""]",covers,1,inside,False
422,col_9f7b23fc019150a58f8d3fa8ecb0545b,col_9f7b23fc019150a58f8d3fa8ecb0545b,True,0.0,"[""col_9f7b23fc019150a58f8d3fa8ecb0545b""]",covers,1,inside,False
423,col_4d16bf4016d1531fac1806d04420e1fc,col_4d16bf4016d1531fac1806d04420e1fc,True,0.0,"[""col_4d16bf4016d1531fac1806d04420e1fc""]",covers,1,inside,False
424,col_b311567e717b53408adc7485d395fbd0,,,,"[""col_e72f76ae560a556e957e54c180d9d323""]",nearest_available_polygon_not_assignment,0,missing_catalog_polygon,False
425,col_b311567e717b53408adc7485d395fbd0,,,,"[""col_8694171d7ed551d78020504424e7148c""]",nearest_available_polygon_not_assignment,0,missing_catalog_polygon,False
427,col_6e124db5b88b5695a72b6c82db5754cd,,,,"[""col_8694171d7ed551d78020504424e7148c""]",nearest_available_polygon_not_assignment,0,missing_catalog_polygon,False
428,col_21faee63d17e537f90a501b5c0313a20,col_21faee63d17e537f90a501b5c0313a20,True,0.0,"[""col_21faee63d17e537f90a501b5c0313a20""]",covers,1,inside,False
429,col_6e124db5b88b5695a72b6c82db5754cd,,,,"[""col_21faee63d17e537f90a501b5c0313a20""]",nearest_available_polygon_not_assignment,0,missing_catalog_polygon,False
430,col_6e124db5b88b5695a72b6c82db5754cd,,,,"[""col_21faee63d17e537f90a501b5c0313a20""]",nearest_available_polygon_not_assignment,0,missing_catalog_polygon,False
432,col_21faee63d17e537f90a501b5c0313a20,col_21faee63d17e537f90a501b5c0313a20,True,0.0,"[""col_21faee63d17e537f90a501b5c0313a20""]",covers,1,inside,False
433,col_b311567e717b53408adc7485d395fbd0,,,,"[""col_4d16bf4016d1531fac1806d04420e1fc""]",nearest_available_polygon_not_assignment,0,missing_catalog_polygon,False
434,col_b311567e717b53408adc7485d395fbd0,,,,"[""col_4d16bf4016d1531fac1806d04420e1fc""]",nearest_available_polygon_not_assignment,0,missing_catalog_polygon,False
436,col_9f7b23fc019150a58f8d3fa8ecb0545b,col_9f7b23fc019150a58f8d3fa8ecb0545b,True,0.0,"[""col_9f7b23fc019150a58f8d3fa8ecb0545b""]",covers,1,inside,False
437,col_4d16bf4016d1531fac1806d04420e1fc,col_4d16bf4016d1531fac1806d04420e1fc,True,0.0,"[""col_4d16bf4016d1531fac1806d04420e1fc""]",covers,1,inside,False
438,col_4d16bf4016d1531fac1806d04420e1fc,col_4d16bf4016d1531fac1806d04420e1fc,True,0.0,"[""col_4d16bf4016d1531fac1806d04420e1fc""]",covers,1,inside,False
439,col_4d16bf4016d1531fac1806d04420e1fc,col_4d16bf4016d1531fac1806d04420e1fc,True,0.0,"[""col_4d16bf4016d1531fac1806d04420e1fc""]",covers,1,inside,False
440,col_4d16bf4016d1531fac1806d04420e1fc,col_4d16bf4016d1531fac1806d04420e1fc,True,0.0,"[""col_4d16bf4016d1531fac1806d04420e1fc""]",covers,1,inside,False
441,col_8694171d7ed551d78020504424e7148c,col_8694171d7ed551d78020504424e7148c,True,0.0,"[""col_8694171d7ed551d78020504424e7148c""]",covers,1,inside,False
442,col_8694171d7ed551d78020504424e7148c,col_8694171d7ed551d78020504424e7148c,True,0.0,"[""col_8694171d7ed551d78020504424e7148c""]",covers,1,inside,False
443,col_21faee63d17e537f90a501b5c0313a20,col_21faee63d17e537f90a501b5c0313a20,True,0.0,"[""col_21faee63d17e537f90a501b5c0313a20""]",covers,1,inside,False
444,col_21faee63d17e537f90a501b5c0313a20,col_21faee63d17e537f90a501b5c0313a20,True,0.0,"[""col_21faee63d17e537f90a501b5c0313a20""]",covers,1,inside,False
445-446,col_21faee63d17e537f90a501b5c0313a20,col_21faee63d17e537f90a501b5c0313a20,True,0.0,"[""col_21faee63d17e537f90a501b5c0313a20""]",covers,1,inside,False
447,col_5176ae04e5c95d57b5192bbca17b2436,col_5176ae04e5c95d57b5192bbca17b2436,True,0.0,"[""col_5176ae04e5c95d57b5192bbca17b2436""]",covers,1,inside,False
448,col_eb93b25ca61954fa8e9ee2ca2ca57f16,col_eb93b25ca61954fa8e9ee2ca2ca57f16,True,0.0,"[""col_eb93b25ca61954fa8e9ee2ca2ca57f16""]",covers,1,inside,False
449,col_9b8d9872383b59f7a23d22ab97fc79d8,col_9b8d9872383b59f7a23d22ab97fc79d8,True,0.0,"[""col_9b8d9872383b59f7a23d22ab97fc79d8""]",covers,1,inside,False
450,col_0f6878a834535080af77fae943ae9b95,col_0f6878a834535080af77fae943ae9b95,True,0.0,"[""col_0f6878a834535080af77fae943ae9b95""]",covers,1,inside,False
451,col_43db8a95c872541680d0688e731fe141,col_43db8a95c872541680d0688e731fe141,True,0.0,"[""col_43db8a95c872541680d0688e731fe141""]",covers,1,inside,False
452,col_926ff32000a751399a54daad7479254d,col_926ff32000a751399a54daad7479254d,True,0.0,"[""col_926ff32000a751399a54daad7479254d""]",covers,1,inside,False
453,col_bbdf83c90b8d5945967637dfe673bde4,,,,"[""col_d40150e91a0457b18f3ac9b3be178bdc""]",nearest_available_polygon_not_assignment,0,missing_catalog_polygon,False
454,col_bbdf83c90b8d5945967637dfe673bde4,,,,"[""col_d40150e91a0457b18f3ac9b3be178bdc""]",nearest_available_polygon_not_assignment,0,missing_catalog_polygon,False
455,col_d40150e91a0457b18f3ac9b3be178bdc,col_d40150e91a0457b18f3ac9b3be178bdc,True,0.0,"[""col_d40150e91a0457b18f3ac9b3be178bdc""]",covers,1,inside,False
456,col_333380f5322950cf9a22ac2947f13767,,,,"[""col_43db8a95c872541680d0688e731fe141""]",nearest_available_polygon_not_assignment,0,missing_catalog_polygon,False
457,col_333380f5322950cf9a22ac2947f13767,,,,"[""col_43db8a95c872541680d0688e731fe141""]",nearest_available_polygon_not_assignment,0,missing_catalog_polygon,False
458,col_296d6268c64b5552821a2eebfad2256f,,,,"[""col_43db8a95c872541680d0688e731fe141""]",nearest_available_polygon_not_assignment,0,missing_catalog_polygon,False
459,col_296d6268c64b5552821a2eebfad2256f,,,,"[""col_43db8a95c872541680d0688e731fe141""]",nearest_available_polygon_not_assignment,0,missing_catalog_polygon,False
460,col_cda58c28c9e35bd7b4c277287cc632da,col_43db8a95c872541680d0688e731fe141,,,"[""col_43db8a95c872541680d0688e731fe141""]",covers,1,missing_catalog_polygon,False
461,col_d230756d48c258b4b050767d29182a80,col_d230756d48c258b4b050767d29182a80,True,0.0,"[""col_d230756d48c258b4b050767d29182a80""]",covers,1,inside,False
462,col_d230756d48c258b4b050767d29182a80,col_d230756d48c258b4b050767d29182a80,True,0.0,"[""col_d230756d48c258b4b050767d29182a80""]",covers,1,inside,False
463,col_2d383baad6155258af666ad388181e00,col_b0d667d100335a2cbd38dd885b4a49ae,,,"[""col_b0d667d100335a2cbd38dd885b4a49ae""]",covers,1,missing_catalog_polygon,False
464,col_2d383baad6155258af666ad388181e00,col_b0d667d100335a2cbd38dd885b4a49ae,,,"[""col_b0d667d100335a2cbd38dd885b4a49ae""]",covers,1,missing_catalog_polygon,False
465,col_6e932760ad7e5318b2922fea188ea3f8,col_6e932760ad7e5318b2922fea188ea3f8,True,0.0,"[""col_6e932760ad7e5318b2922fea188ea3f8""]",covers,1,inside,False
466,col_76d47b3676925748aa9d3dee653c6562,,False,217.86014625562038,"[""col_b0d667d100335a2cbd38dd885b4a49ae""]",nearest_available_polygon_not_assignment,0,outside,False
467,col_b0d667d100335a2cbd38dd885b4a49ae,col_b0d667d100335a2cbd38dd885b4a49ae,True,0.0,"[""col_b0d667d100335a2cbd38dd885b4a49ae""]",covers,1,inside,False
468,col_3d725e14185a5c38a7d3e1cda93adc73,col_49351caf73a652ba8bcc7655ce37dd18,,,"[""col_49351caf73a652ba8bcc7655ce37dd18""]",covers,1,missing_catalog_polygon,False
469,col_6f85f8cb1357503bae86559c4ab47194,col_6f85f8cb1357503bae86559c4ab47194,True,0.0,"[""col_6f85f8cb1357503bae86559c4ab47194""]",covers,1,inside,False
470,col_6f85f8cb1357503bae86559c4ab47194,col_6f85f8cb1357503bae86559c4ab47194,True,0.0,"[""col_6f85f8cb1357503bae86559c4ab47194""]",covers,1,inside,False
471,col_6f85f8cb1357503bae86559c4ab47194,col_6f85f8cb1357503bae86559c4ab47194,True,0.0,"[""col_6f85f8cb1357503bae86559c4ab47194""]",covers,1,inside,False
472,col_6f85f8cb1357503bae86559c4ab47194,col_6f85f8cb1357503bae86559c4ab47194,True,0.0,"[""col_6f85f8cb1357503bae86559c4ab47194""]",covers,1,inside,False
473,col_6f85f8cb1357503bae86559c4ab47194,col_6f85f8cb1357503bae86559c4ab47194,True,0.0,"[""col_6f85f8cb1357503bae86559c4ab47194""]",covers,1,inside,False
474,col_3d725e14185a5c38a7d3e1cda93adc73,col_49351caf73a652ba8bcc7655ce37dd18,,,"[""col_49351caf73a652ba8bcc7655ce37dd18""]",covers,1,missing_catalog_polygon,False
475,col_3d725e14185a5c38a7d3e1cda93adc73,col_49351caf73a652ba8bcc7655ce37dd18,,,"[""col_49351caf73a652ba8bcc7655ce37dd18""]",covers,1,missing_catalog_polygon,False
476,col_b0d667d100335a2cbd38dd885b4a49ae,,False,34.83427217041548,"[""col_b0d667d100335a2cbd38dd885b4a49ae""]",nearest_available_polygon_not_assignment,0,outside,False
477,col_3d725e14185a5c38a7d3e1cda93adc73,col_49351caf73a652ba8bcc7655ce37dd18,,,"[""col_49351caf73a652ba8bcc7655ce37dd18""]",covers,1,missing_catalog_polygon,False
478,col_3d725e14185a5c38a7d3e1cda93adc73,col_49351caf73a652ba8bcc7655ce37dd18,,,"[""col_49351caf73a652ba8bcc7655ce37dd18""]",covers,1,missing_catalog_polygon,False
479,col_7f4389bc274355ffaf821a5f6d5a33f1,,,,"[""col_49351caf73a652ba8bcc7655ce37dd18""]",nearest_available_polygon_not_assignment,0,missing_catalog_polygon,False
480,col_7f4389bc274355ffaf821a5f6d5a33f1,,,,"[""col_49351caf73a652ba8bcc7655ce37dd18""]",nearest_available_polygon_not_assignment,0,missing_catalog_polygon,False
481,col_92cd6e3f23155eedb10936246b2da76c,col_92cd6e3f23155eedb10936246b2da76c,True,0.0,"[""col_92cd6e3f23155eedb10936246b2da76c""]",covers,1,inside,False
482,col_49351caf73a652ba8bcc7655ce37dd18,col_49351caf73a652ba8bcc7655ce37dd18,True,0.0,"[""col_49351caf73a652ba8bcc7655ce37dd18""]",covers,1,inside,False
483,col_49351caf73a652ba8bcc7655ce37dd18,col_49351caf73a652ba8bcc7655ce37dd18,True,0.0,"[""col_49351caf73a652ba8bcc7655ce37dd18""]",covers,1,inside,False
484,col_49351caf73a652ba8bcc7655ce37dd18,col_49351caf73a652ba8bcc7655ce37dd18,True,0.0,"[""col_49351caf73a652ba8bcc7655ce37dd18""]",covers,1,inside,False
485,col_49351caf73a652ba8bcc7655ce37dd18,col_39b7c034d6a15d22952ae31d1eab536a,False,3.2594978222108946,"[""col_39b7c034d6a15d22952ae31d1eab536a""]",covers,1,outside,False
486,col_39b7c034d6a15d22952ae31d1eab536a,col_39b7c034d6a15d22952ae31d1eab536a,True,0.0,"[""col_39b7c034d6a15d22952ae31d1eab536a""]",covers,1,inside,False
487,col_39b7c034d6a15d22952ae31d1eab536a,col_39b7c034d6a15d22952ae31d1eab536a,True,0.0,"[""col_39b7c034d6a15d22952ae31d1eab536a""]",covers,1,inside,False
488,col_49351caf73a652ba8bcc7655ce37dd18,col_49351caf73a652ba8bcc7655ce37dd18,True,0.0,"[""col_49351caf73a652ba8bcc7655ce37dd18""]",covers,1,inside,False
489,col_49351caf73a652ba8bcc7655ce37dd18,col_49351caf73a652ba8bcc7655ce37dd18,True,0.0,"[""col_49351caf73a652ba8bcc7655ce37dd18""]",covers,1,inside,False
490,col_49351caf73a652ba8bcc7655ce37dd18,col_49351caf73a652ba8bcc7655ce37dd18,True,0.0,"[""col_49351caf73a652ba8bcc7655ce37dd18""]",covers,1,inside,False
491,col_49351caf73a652ba8bcc7655ce37dd18,col_49351caf73a652ba8bcc7655ce37dd18,True,0.0,"[""col_49351caf73a652ba8bcc7655ce37dd18""]",covers,1,inside,False
492,col_49351caf73a652ba8bcc7655ce37dd18,col_49351caf73a652ba8bcc7655ce37dd18,True,0.0,"[""col_49351caf73a652ba8bcc7655ce37dd18""]",covers,1,inside,False
493,col_49351caf73a652ba8bcc7655ce37dd18,col_49351caf73a652ba8bcc7655ce37dd18,True,0.0,"[""col_49351caf73a652ba8bcc7655ce37dd18""]",covers,1,inside,False
494,col_39b7c034d6a15d22952ae31d1eab536a,col_39b7c034d6a15d22952ae31d1eab536a,True,0.0,"[""col_39b7c034d6a15d22952ae31d1eab536a""]",covers,1,inside,False
495,col_e38591c35bd05184a3caa0318add5f06,col_e38591c35bd05184a3caa0318add5f06,True,0.0,"[""col_e38591c35bd05184a3caa0318add5f06""]",covers,1,inside,False
496,col_fb144842ece557ce8e184ba17ea11743,col_fb144842ece557ce8e184ba17ea11743,True,0.0,"[""col_fb144842ece557ce8e184ba17ea11743""]",covers,1,inside,False
497,col_c84c8cba11e05de082c7496795578d88,col_c84c8cba11e05de082c7496795578d88,True,0.0,"[""col_c84c8cba11e05de082c7496795578d88""]",covers,1,inside,False
498,col_2006d9e5f6975534a01a4ae3d0063ec1,col_2006d9e5f6975534a01a4ae3d0063ec1,True,0.0,"[""col_2006d9e5f6975534a01a4ae3d0063ec1""]",covers,1,inside,False
499,col_e38591c35bd05184a3caa0318add5f06,col_e38591c35bd05184a3caa0318add5f06,True,0.0,"[""col_e38591c35bd05184a3caa0318add5f06""]",covers,1,inside,False
500,col_2006d9e5f6975534a01a4ae3d0063ec1,col_2006d9e5f6975534a01a4ae3d0063ec1,True,0.0,"[""col_2006d9e5f6975534a01a4ae3d0063ec1""]",covers,1,inside,False
501,col_19663fbe37bd50ee8eff60a93705eb35,col_19663fbe37bd50ee8eff60a93705eb35,True,0.0,"[""col_19663fbe37bd50ee8eff60a93705eb35""]",covers,1,inside,False
502,col_92cd6e3f23155eedb10936246b2da76c,col_92cd6e3f23155eedb10936246b2da76c,True,0.0,"[""col_92cd6e3f23155eedb10936246b2da76c""]",covers,1,inside,False
503,col_19663fbe37bd50ee8eff60a93705eb35,col_19663fbe37bd50ee8eff60a93705eb35,True,0.0,"[""col_19663fbe37bd50ee8eff60a93705eb35""]",covers,1,inside,False
504,col_92cd6e3f23155eedb10936246b2da76c,col_92cd6e3f23155eedb10936246b2da76c,True,0.0,"[""col_92cd6e3f23155eedb10936246b2da76c""]",covers,1,inside,False
505,col_92cd6e3f23155eedb10936246b2da76c,col_92cd6e3f23155eedb10936246b2da76c,True,0.0,"[""col_92cd6e3f23155eedb10936246b2da76c""]",covers,1,inside,False
506,col_de2ee5e1ae0955e6845ef669ea127a75,col_de2ee5e1ae0955e6845ef669ea127a75,True,0.0,"[""col_de2ee5e1ae0955e6845ef669ea127a75""]",covers,1,inside,False
507,col_de2ee5e1ae0955e6845ef669ea127a75,col_de2ee5e1ae0955e6845ef669ea127a75,True,0.0,"[""col_de2ee5e1ae0955e6845ef669ea127a75""]",covers,1,inside,False
508,col_0d7a0b5c2d6b5f31bd586ed063d99183,col_0d7a0b5c2d6b5f31bd586ed063d99183,True,0.0,"[""col_0d7a0b5c2d6b5f31bd586ed063d99183""]",covers,1,inside,False
509,col_0d7a0b5c2d6b5f31bd586ed063d99183,col_0d7a0b5c2d6b5f31bd586ed063d99183,True,0.0,"[""col_0d7a0b5c2d6b5f31bd586ed063d99183""]",covers,1,inside,False
510,col_46ef3d6067b85bc580fd6f574f0e5a26,col_46ef3d6067b85bc580fd6f574f0e5a26,True,0.0,"[""col_46ef3d6067b85bc580fd6f574f0e5a26""]",covers,1,inside,False
511,col_46ef3d6067b85bc580fd6f574f0e5a26,col_46ef3d6067b85bc580fd6f574f0e5a26,True,0.0,"[""col_46ef3d6067b85bc580fd6f574f0e5a26""]",covers,1,inside,False
512,col_46ef3d6067b85bc580fd6f574f0e5a26,col_46ef3d6067b85bc580fd6f574f0e5a26,True,0.0,"[""col_46ef3d6067b85bc580fd6f574f0e5a26""]",covers,1,inside,False
513,col_175c1726756a5dda90d2345c13795848,col_175c1726756a5dda90d2345c13795848,True,0.0,"[""col_175c1726756a5dda90d2345c13795848""]",covers,1,inside,False
514,col_175c1726756a5dda90d2345c13795848,col_175c1726756a5dda90d2345c13795848,True,0.0,"[""col_175c1726756a5dda90d2345c13795848""]",covers,1,inside,False
515,col_218c753a6a38548aa02718260c2caef7,col_218c753a6a38548aa02718260c2caef7,True,0.0,"[""col_218c753a6a38548aa02718260c2caef7""]",covers,1,inside,False
516,col_46ef3d6067b85bc580fd6f574f0e5a26,col_46ef3d6067b85bc580fd6f574f0e5a26,True,0.0,"[""col_46ef3d6067b85bc580fd6f574f0e5a26""]",covers,1,inside,False
517,col_46ef3d6067b85bc580fd6f574f0e5a26,col_46ef3d6067b85bc580fd6f574f0e5a26,True,0.0,"[""col_46ef3d6067b85bc580fd6f574f0e5a26""]",covers,1,inside,False
518,col_46ef3d6067b85bc580fd6f574f0e5a26,col_46ef3d6067b85bc580fd6f574f0e5a26,True,0.0,"[""col_46ef3d6067b85bc580fd6f574f0e5a26""]",covers,1,inside,False
519,col_075ade1e8b735efcac21da8802b37c0a,col_075ade1e8b735efcac21da8802b37c0a,True,0.0,"[""col_075ade1e8b735efcac21da8802b37c0a""]",covers,1,inside,False
520,col_a8d3b136a1115b0380f6f041ad7b12a8,col_a8d3b136a1115b0380f6f041ad7b12a8,True,0.0,"[""col_a8d3b136a1115b0380f6f041ad7b12a8""]",covers,1,inside,False
521,col_a21a9068f97957a2a0828f64e9102bde,,False,18.610855975747743,"[""col_a21a9068f97957a2a0828f64e9102bde""]",nearest_available_polygon_not_assignment,0,outside,False
522,col_b0071da2a8ad5c38b1d137c8dd21a966,,,,"[""col_a21a9068f97957a2a0828f64e9102bde""]",nearest_available_polygon_not_assignment,0,missing_catalog_polygon,False
523,col_321ef9a198015257a1d0afd095d56686,col_321ef9a198015257a1d0afd095d56686,True,0.0,"[""col_321ef9a198015257a1d0afd095d56686""]",covers,1,inside,False
524,col_debb68f1d0525506bae6ef15b9e39d2f,,,,"[""col_a21a9068f97957a2a0828f64e9102bde""]",nearest_available_polygon_not_assignment,0,missing_catalog_polygon,False
525,col_debb68f1d0525506bae6ef15b9e39d2f,,,,"[""col_321ef9a198015257a1d0afd095d56686""]",nearest_available_polygon_not_assignment,0,missing_catalog_polygon,False
526,col_d24f94824377561c8616923a56c96081,col_321ef9a198015257a1d0afd095d56686,False,2.1152580872366955,"[""col_321ef9a198015257a1d0afd095d56686""]",covers,1,outside,False
527,col_a21a9068f97957a2a0828f64e9102bde,col_a21a9068f97957a2a0828f64e9102bde,True,0.0,"[""col_a21a9068f97957a2a0828f64e9102bde""]",covers,1,inside,False
528,col_145462232cb0506eac0d954b79bb4e67,col_145462232cb0506eac0d954b79bb4e67,True,0.0,"[""col_145462232cb0506eac0d954b79bb4e67""]",covers,1,inside,False
529,col_a21a9068f97957a2a0828f64e9102bde,col_a21a9068f97957a2a0828f64e9102bde,True,0.0,"[""col_a21a9068f97957a2a0828f64e9102bde""]",covers,1,inside,False
530,col_a21a9068f97957a2a0828f64e9102bde,col_a21a9068f97957a2a0828f64e9102bde,True,0.0,"[""col_a21a9068f97957a2a0828f64e9102bde""]",covers,1,inside,False
531,col_ba378e9f675c57f6b84cd80ba4906921,col_ba378e9f675c57f6b84cd80ba4906921,True,0.0,"[""col_ba378e9f675c57f6b84cd80ba4906921""]",covers,1,inside,False
532,col_ba378e9f675c57f6b84cd80ba4906921,col_ba378e9f675c57f6b84cd80ba4906921,True,0.0,"[""col_ba378e9f675c57f6b84cd80ba4906921""]",covers,1,inside,False
533,col_a21a9068f97957a2a0828f64e9102bde,col_a21a9068f97957a2a0828f64e9102bde,True,0.0,"[""col_a21a9068f97957a2a0828f64e9102bde""]",covers,1,inside,False
534,col_145462232cb0506eac0d954b79bb4e67,col_145462232cb0506eac0d954b79bb4e67,True,0.0,"[""col_145462232cb0506eac0d954b79bb4e67""]",covers,1,inside,False
535,col_145462232cb0506eac0d954b79bb4e67,col_145462232cb0506eac0d954b79bb4e67,True,0.0,"[""col_145462232cb0506eac0d954b79bb4e67""]",covers,1,inside,False
536,col_8dd63c1e84435db49a927bcd4b149776,col_8dd63c1e84435db49a927bcd4b149776,True,0.0,"[""col_8dd63c1e84435db49a927bcd4b149776""]",covers,1,inside,False
537,col_8dd63c1e84435db49a927bcd4b149776,col_8dd63c1e84435db49a927bcd4b149776,True,0.0,"[""col_8dd63c1e84435db49a927bcd4b149776""]",covers,1,inside,False
538,col_bd478b6a570f533f803bd0118bf3f055,col_bd478b6a570f533f803bd0118bf3f055,True,0.0,"[""col_bd478b6a570f533f803bd0118bf3f055""]",covers,1,inside,False
539,col_8dd63c1e84435db49a927bcd4b149776,col_8dd63c1e84435db49a927bcd4b149776,True,0.0,"[""col_8dd63c1e84435db49a927bcd4b149776""]",covers,1,inside,False
540,col_bd478b6a570f533f803bd0118bf3f055,col_bd478b6a570f533f803bd0118bf3f055,True,0.0,"[""col_bd478b6a570f533f803bd0118bf3f055""]",covers,1,inside,False
541,col_bd478b6a570f533f803bd0118bf3f055,col_bd478b6a570f533f803bd0118bf3f055,True,0.0,"[""col_bd478b6a570f533f803bd0118bf3f055""]",covers,1,inside,False
542,col_bd478b6a570f533f803bd0118bf3f055,col_bd478b6a570f533f803bd0118bf3f055,True,0.0,"[""col_bd478b6a570f533f803bd0118bf3f055""]",covers,1,inside,False
543,col_bd478b6a570f533f803bd0118bf3f055,col_bd478b6a570f533f803bd0118bf3f055,True,0.0,"[""col_bd478b6a570f533f803bd0118bf3f055""]",covers,1,inside,False
544,col_bd478b6a570f533f803bd0118bf3f055,col_bd478b6a570f533f803bd0118bf3f055,True,0.0,"[""col_bd478b6a570f533f803bd0118bf3f055""]",covers,1,inside,False
545,col_bd478b6a570f533f803bd0118bf3f055,col_bd478b6a570f533f803bd0118bf3f055,True,0.0,"[""col_bd478b6a570f533f803bd0118bf3f055""]",covers,1,inside,False
546,col_bd478b6a570f533f803bd0118bf3f055,col_bd478b6a570f533f803bd0118bf3f055,True,0.0,"[""col_bd478b6a570f533f803bd0118bf3f055""]",covers,1,inside,False
547,col_bd478b6a570f533f803bd0118bf3f055,col_bd478b6a570f533f803bd0118bf3f055,True,0.0,"[""col_bd478b6a570f533f803bd0118bf3f055""]",covers,1,inside,False
548,col_bd478b6a570f533f803bd0118bf3f055,col_bd478b6a570f533f803bd0118bf3f055,True,0.0,"[""col_bd478b6a570f533f803bd0118bf3f055""]",covers,1,inside,False
549,col_bd478b6a570f533f803bd0118bf3f055,col_bd478b6a570f533f803bd0118bf3f055,True,0.0,"[""col_bd478b6a570f533f803bd0118bf3f055""]",covers,1,inside,False
550,col_bd478b6a570f533f803bd0118bf3f055,col_bd478b6a570f533f803bd0118bf3f055,True,0.0,"[""col_bd478b6a570f533f803bd0118bf3f055""]",covers,1,inside,False
551,col_bd478b6a570f533f803bd0118bf3f055,col_bd478b6a570f533f803bd0118bf3f055,True,0.0,"[""col_bd478b6a570f533f803bd0118bf3f055""]",covers,1,inside,False
552,col_bd478b6a570f533f803bd0118bf3f055,col_bd478b6a570f533f803bd0118bf3f055,True,0.0,"[""col_bd478b6a570f533f803bd0118bf3f055""]",covers,1,inside,False
553,col_bd478b6a570f533f803bd0118bf3f055,col_bd478b6a570f533f803bd0118bf3f055,True,0.0,"[""col_bd478b6a570f533f803bd0118bf3f055""]",covers,1,inside,False
554,col_bd478b6a570f533f803bd0118bf3f055,col_bd478b6a570f533f803bd0118bf3f055,True,0.0,"[""col_bd478b6a570f533f803bd0118bf3f055""]",covers,1,inside,False
555,col_bd478b6a570f533f803bd0118bf3f055,col_bd478b6a570f533f803bd0118bf3f055,True,0.0,"[""col_bd478b6a570f533f803bd0118bf3f055""]",covers,1,inside,False
556,col_e56a7334b36e5ca6841813031c3b8d2b,,False,410.1774222968454,"[""col_df8f37e24dff550bb52ef711568f9cb7""]",nearest_available_polygon_not_assignment,0,outside,False
557,col_df8f37e24dff550bb52ef711568f9cb7,col_df8f37e24dff550bb52ef711568f9cb7,True,0.0,"[""col_df8f37e24dff550bb52ef711568f9cb7""]",covers,1,inside,False
558,col_e56a7334b36e5ca6841813031c3b8d2b,,False,474.697286578526,"[""col_df8f37e24dff550bb52ef711568f9cb7""]",nearest_available_polygon_not_assignment,0,outside,False
559,col_df8f37e24dff550bb52ef711568f9cb7,col_df8f37e24dff550bb52ef711568f9cb7,True,0.0,"[""col_df8f37e24dff550bb52ef711568f9cb7""]",covers,1,inside,False
560,col_eb93b25ca61954fa8e9ee2ca2ca57f16,col_eb93b25ca61954fa8e9ee2ca2ca57f16,True,0.0,"[""col_eb93b25ca61954fa8e9ee2ca2ca57f16""]",covers,1,inside,False
561,col_eb93b25ca61954fa8e9ee2ca2ca57f16,col_eb93b25ca61954fa8e9ee2ca2ca57f16,True,0.0,"[""col_eb93b25ca61954fa8e9ee2ca2ca57f16""]",covers,1,inside,False
562,col_eb93b25ca61954fa8e9ee2ca2ca57f16,col_eb93b25ca61954fa8e9ee2ca2ca57f16,True,0.0,"[""col_eb93b25ca61954fa8e9ee2ca2ca57f16""]",covers,1,inside,False
563,col_eb93b25ca61954fa8e9ee2ca2ca57f16,col_eb93b25ca61954fa8e9ee2ca2ca57f16,True,0.0,"[""col_eb93b25ca61954fa8e9ee2ca2ca57f16""]",covers,1,inside,False
564,col_eb93b25ca61954fa8e9ee2ca2ca57f16,col_eb93b25ca61954fa8e9ee2ca2ca57f16,True,0.0,"[""col_eb93b25ca61954fa8e9ee2ca2ca57f16""]",covers,1,inside,False
565,col_eb93b25ca61954fa8e9ee2ca2ca57f16,col_eb93b25ca61954fa8e9ee2ca2ca57f16,True,0.0,"[""col_eb93b25ca61954fa8e9ee2ca2ca57f16""]",covers,1,inside,False
566,col_eb93b25ca61954fa8e9ee2ca2ca57f16,col_eb93b25ca61954fa8e9ee2ca2ca57f16,True,0.0,"[""col_eb93b25ca61954fa8e9ee2ca2ca57f16""]",covers,1,inside,False
567,col_eb93b25ca61954fa8e9ee2ca2ca57f16,col_eb93b25ca61954fa8e9ee2ca2ca57f16,True,0.0,"[""col_eb93b25ca61954fa8e9ee2ca2ca57f16""]",covers,1,inside,False
568,col_eb93b25ca61954fa8e9ee2ca2ca57f16,col_eb93b25ca61954fa8e9ee2ca2ca57f16,True,0.0,"[""col_eb93b25ca61954fa8e9ee2ca2ca57f16""]",covers,1,inside,False
569,col_df8f37e24dff550bb52ef711568f9cb7,col_df8f37e24dff550bb52ef711568f9cb7,True,0.0,"[""col_df8f37e24dff550bb52ef711568f9cb7""]",covers,1,inside,False
570,col_df8f37e24dff550bb52ef711568f9cb7,col_df8f37e24dff550bb52ef711568f9cb7,True,0.0,"[""col_df8f37e24dff550bb52ef711568f9cb7""]",covers,1,inside,False
571,col_df8f37e24dff550bb52ef711568f9cb7,col_df8f37e24dff550bb52ef711568f9cb7,True,0.0,"[""col_df8f37e24dff550bb52ef711568f9cb7""]",covers,1,inside,False
572,col_df8f37e24dff550bb52ef711568f9cb7,col_df8f37e24dff550bb52ef711568f9cb7,True,0.0,"[""col_df8f37e24dff550bb52ef711568f9cb7""]",covers,1,inside,False
573,col_df8f37e24dff550bb52ef711568f9cb7,col_df8f37e24dff550bb52ef711568f9cb7,True,0.0,"[""col_df8f37e24dff550bb52ef711568f9cb7""]",covers,1,inside,False
574,col_df8f37e24dff550bb52ef711568f9cb7,col_df8f37e24dff550bb52ef711568f9cb7,True,0.0,"[""col_df8f37e24dff550bb52ef711568f9cb7""]",covers,1,inside,False
575,col_df8f37e24dff550bb52ef711568f9cb7,col_df8f37e24dff550bb52ef711568f9cb7,True,0.0,"[""col_df8f37e24dff550bb52ef711568f9cb7""]",covers,1,inside,False
576,col_eb93b25ca61954fa8e9ee2ca2ca57f16,col_eb93b25ca61954fa8e9ee2ca2ca57f16,True,0.0,"[""col_eb93b25ca61954fa8e9ee2ca2ca57f16""]",covers,1,inside,False
577,col_eb93b25ca61954fa8e9ee2ca2ca57f16,col_eb93b25ca61954fa8e9ee2ca2ca57f16,True,0.0,"[""col_eb93b25ca61954fa8e9ee2ca2ca57f16""]",covers,1,inside,False
578,col_eb93b25ca61954fa8e9ee2ca2ca57f16,col_eb93b25ca61954fa8e9ee2ca2ca57f16,True,0.0,"[""col_eb93b25ca61954fa8e9ee2ca2ca57f16""]",covers,1,inside,False
579,col_eb93b25ca61954fa8e9ee2ca2ca57f16,col_eb93b25ca61954fa8e9ee2ca2ca57f16,True,0.0,"[""col_eb93b25ca61954fa8e9ee2ca2ca57f16""]",covers,1,inside,False
580,col_df8f37e24dff550bb52ef711568f9cb7,col_df8f37e24dff550bb52ef711568f9cb7,True,0.0,"[""col_df8f37e24dff550bb52ef711568f9cb7""]",covers,1,inside,False
581,col_df8f37e24dff550bb52ef711568f9cb7,col_df8f37e24dff550bb52ef711568f9cb7,True,0.0,"[""col_df8f37e24dff550bb52ef711568f9cb7""]",covers,1,inside,False
582,col_df8f37e24dff550bb52ef711568f9cb7,col_df8f37e24dff550bb52ef711568f9cb7,True,0.0,"[""col_df8f37e24dff550bb52ef711568f9cb7""]",covers,1,inside,False
583,col_df8f37e24dff550bb52ef711568f9cb7,col_df8f37e24dff550bb52ef711568f9cb7,True,0.0,"[""col_df8f37e24dff550bb52ef711568f9cb7""]",covers,1,inside,False
584,col_6954f4d5482a5e07b5721c81d464cd43,col_6954f4d5482a5e07b5721c81d464cd43,True,0.0,"[""col_6954f4d5482a5e07b5721c81d464cd43""]",covers,1,inside,False
585,col_6954f4d5482a5e07b5721c81d464cd43,col_6954f4d5482a5e07b5721c81d464cd43,True,0.0,"[""col_6954f4d5482a5e07b5721c81d464cd43""]",covers,1,inside,False
586,col_6954f4d5482a5e07b5721c81d464cd43,col_6954f4d5482a5e07b5721c81d464cd43,True,0.0,"[""col_6954f4d5482a5e07b5721c81d464cd43""]",covers,1,inside,False
587,col_6954f4d5482a5e07b5721c81d464cd43,col_6954f4d5482a5e07b5721c81d464cd43,True,0.0,"[""col_6954f4d5482a5e07b5721c81d464cd43""]",covers,1,inside,False
588,col_479170cdfd5b53c484ffa7a376547b3a,col_479170cdfd5b53c484ffa7a376547b3a,True,0.0,"[""col_479170cdfd5b53c484ffa7a376547b3a""]",covers,1,inside,False
589,col_479170cdfd5b53c484ffa7a376547b3a,col_479170cdfd5b53c484ffa7a376547b3a,True,0.0,"[""col_479170cdfd5b53c484ffa7a376547b3a""]",covers,1,inside,False
590,col_479170cdfd5b53c484ffa7a376547b3a,col_479170cdfd5b53c484ffa7a376547b3a,True,0.0,"[""col_479170cdfd5b53c484ffa7a376547b3a""]",covers,1,inside,False
591,col_479170cdfd5b53c484ffa7a376547b3a,col_479170cdfd5b53c484ffa7a376547b3a,True,0.0,"[""col_479170cdfd5b53c484ffa7a376547b3a""]",covers,1,inside,False
592,col_479170cdfd5b53c484ffa7a376547b3a,col_479170cdfd5b53c484ffa7a376547b3a,True,0.0,"[""col_479170cdfd5b53c484ffa7a376547b3a""]",covers,1,inside,False
593,col_fff7ee1276da58efb088edf2d4f0141e,col_fff7ee1276da58efb088edf2d4f0141e,True,0.0,"[""col_fff7ee1276da58efb088edf2d4f0141e""]",covers,1,inside,False
594,col_ee0096c66b1754fb83cf4c4170f93dd6,col_ee0096c66b1754fb83cf4c4170f93dd6,True,0.0,"[""col_ee0096c66b1754fb83cf4c4170f93dd6""]",covers,1,inside,False
595,col_fff7ee1276da58efb088edf2d4f0141e,col_fff7ee1276da58efb088edf2d4f0141e,True,0.0,"[""col_fff7ee1276da58efb088edf2d4f0141e""]",covers,1,inside,False
596,col_fff7ee1276da58efb088edf2d4f0141e,col_fff7ee1276da58efb088edf2d4f0141e,True,0.0,"[""col_fff7ee1276da58efb088edf2d4f0141e""]",covers,1,inside,False
597,col_fff7ee1276da58efb088edf2d4f0141e,col_fff7ee1276da58efb088edf2d4f0141e,True,0.0,"[""col_fff7ee1276da58efb088edf2d4f0141e""]",covers,1,inside,False
598,col_fff7ee1276da58efb088edf2d4f0141e,col_fff7ee1276da58efb088edf2d4f0141e,True,0.0,"[""col_fff7ee1276da58efb088edf2d4f0141e""]",covers,1,inside,False
599,col_fff7ee1276da58efb088edf2d4f0141e,col_fff7ee1276da58efb088edf2d4f0141e,True,0.0,"[""col_fff7ee1276da58efb088edf2d4f0141e""]",covers,1,inside,False
600,col_fff7ee1276da58efb088edf2d4f0141e,col_fff7ee1276da58efb088edf2d4f0141e,True,0.0,"[""col_fff7ee1276da58efb088edf2d4f0141e""]",covers,1,inside,False
601,col_479170cdfd5b53c484ffa7a376547b3a,col_479170cdfd5b53c484ffa7a376547b3a,True,0.0,"[""col_479170cdfd5b53c484ffa7a376547b3a""]",covers,1,inside,False
602,col_aeb67b70520e58b895caf170c4cc2b7b,col_aeb67b70520e58b895caf170c4cc2b7b,True,0.0,"[""col_aeb67b70520e58b895caf170c4cc2b7b""]",covers,1,inside,False
603,col_479170cdfd5b53c484ffa7a376547b3a,col_479170cdfd5b53c484ffa7a376547b3a,True,0.0,"[""col_479170cdfd5b53c484ffa7a376547b3a""]",covers,1,inside,False
604,col_aeb67b70520e58b895caf170c4cc2b7b,col_aeb67b70520e58b895caf170c4cc2b7b,True,0.0,"[""col_aeb67b70520e58b895caf170c4cc2b7b""]",covers,1,inside,False
605,col_479170cdfd5b53c484ffa7a376547b3a,col_479170cdfd5b53c484ffa7a376547b3a,True,0.0,"[""col_479170cdfd5b53c484ffa7a376547b3a""]",covers,1,inside,False
606,col_479170cdfd5b53c484ffa7a376547b3a,col_479170cdfd5b53c484ffa7a376547b3a,True,0.0,"[""col_479170cdfd5b53c484ffa7a376547b3a""]",covers,1,inside,False
607,col_aeb67b70520e58b895caf170c4cc2b7b,col_aeb67b70520e58b895caf170c4cc2b7b,True,0.0,"[""col_aeb67b70520e58b895caf170c4cc2b7b""]",covers,1,inside,False
608,col_eadac3374f095a63b927c12303b7218a,col_eadac3374f095a63b927c12303b7218a,True,0.0,"[""col_eadac3374f095a63b927c12303b7218a""]",covers,1,inside,False
609,col_49f6b5a0ab625bda9ca00f7acd601c17,,,,"[""col_5481a24d7414578eb3d8dcf5c715fb23""]",nearest_available_polygon_not_assignment,0,missing_catalog_polygon,False
610,col_5481a24d7414578eb3d8dcf5c715fb23,col_5481a24d7414578eb3d8dcf5c715fb23,True,0.0,"[""col_5481a24d7414578eb3d8dcf5c715fb23""]",covers,1,inside,False
611,col_5481a24d7414578eb3d8dcf5c715fb23,col_5481a24d7414578eb3d8dcf5c715fb23,True,0.0,"[""col_5481a24d7414578eb3d8dcf5c715fb23""]",covers,1,inside,False
612,col_fff7ee1276da58efb088edf2d4f0141e,,False,163.78391753722155,"[""col_5481a24d7414578eb3d8dcf5c715fb23""]",nearest_available_polygon_not_assignment,0,outside,False
613,col_fff7ee1276da58efb088edf2d4f0141e,col_fff7ee1276da58efb088edf2d4f0141e,True,0.0,"[""col_fff7ee1276da58efb088edf2d4f0141e""]",covers,1,inside,False
614,col_99820d9ec1005837855fcf0d7f8dcaf0,col_fff7ee1276da58efb088edf2d4f0141e,,,"[""col_fff7ee1276da58efb088edf2d4f0141e""]",covers,1,missing_catalog_polygon,False
615,col_fff7ee1276da58efb088edf2d4f0141e,col_fff7ee1276da58efb088edf2d4f0141e,True,0.0,"[""col_fff7ee1276da58efb088edf2d4f0141e""]",covers,1,inside,False
616,col_c4ce45851ad35a61b8fb1e683c4b52a5,,False,17.4369381130225,"[""col_c4ce45851ad35a61b8fb1e683c4b52a5""]",nearest_available_polygon_not_assignment,0,outside,False
617,col_fff7ee1276da58efb088edf2d4f0141e,,False,255.18454398447562,"[""col_c4ce45851ad35a61b8fb1e683c4b52a5""]",nearest_available_polygon_not_assignment,0,outside,False
618,col_c4ce45851ad35a61b8fb1e683c4b52a5,,False,17.35865695121425,"[""col_c4ce45851ad35a61b8fb1e683c4b52a5""]",nearest_available_polygon_not_assignment,0,outside,False
619,col_347bf8c118ae5cde8343a717c911525d,col_347bf8c118ae5cde8343a717c911525d,True,0.0,"[""col_347bf8c118ae5cde8343a717c911525d""]",covers,1,inside,False
620,col_49f6b5a0ab625bda9ca00f7acd601c17,,,,"[""col_347bf8c118ae5cde8343a717c911525d""]",nearest_available_polygon_not_assignment,0,missing_catalog_polygon,False
621,col_49f6b5a0ab625bda9ca00f7acd601c17,,,,"[""col_347bf8c118ae5cde8343a717c911525d""]",nearest_available_polygon_not_assignment,0,missing_catalog_polygon,False
622,col_abad05146e545e0cb59abdc228f8373c,col_abad05146e545e0cb59abdc228f8373c,True,0.0,"[""col_abad05146e545e0cb59abdc228f8373c""]",covers,1,inside,False
623,col_abad05146e545e0cb59abdc228f8373c,col_abad05146e545e0cb59abdc228f8373c,True,0.0,"[""col_abad05146e545e0cb59abdc228f8373c""]",covers,1,inside,False
624,col_abad05146e545e0cb59abdc228f8373c,col_abad05146e545e0cb59abdc228f8373c,True,0.0,"[""col_abad05146e545e0cb59abdc228f8373c""]",covers,1,inside,False
625,col_347bf8c118ae5cde8343a717c911525d,col_347bf8c118ae5cde8343a717c911525d,True,0.0,"[""col_347bf8c118ae5cde8343a717c911525d""]",covers,1,inside,False
626,col_c4ce45851ad35a61b8fb1e683c4b52a5,col_c4ce45851ad35a61b8fb1e683c4b52a5,True,0.0,"[""col_c4ce45851ad35a61b8fb1e683c4b52a5""]",covers,1,inside,False
627,col_c4ce45851ad35a61b8fb1e683c4b52a5,col_c4ce45851ad35a61b8fb1e683c4b52a5,True,0.0,"[""col_c4ce45851ad35a61b8fb1e683c4b52a5""]",covers,1,inside,False
628,col_81ad18034e5855e38b63dfffe608d3d3,col_81ad18034e5855e38b63dfffe608d3d3,True,0.0,"[""col_81ad18034e5855e38b63dfffe608d3d3""]",covers,1,inside,False
629,col_81ad18034e5855e38b63dfffe608d3d3,col_81ad18034e5855e38b63dfffe608d3d3,True,0.0,"[""col_81ad18034e5855e38b63dfffe608d3d3""]",covers,1,inside,False
630,col_81ad18034e5855e38b63dfffe608d3d3,col_81ad18034e5855e38b63dfffe608d3d3,True,0.0,"[""col_81ad18034e5855e38b63dfffe608d3d3""]",covers,1,inside,False
631,col_e426afce41e3549e9144c6ee8c8047dc,col_e426afce41e3549e9144c6ee8c8047dc,True,0.0,"[""col_e426afce41e3549e9144c6ee8c8047dc""]",covers,1,inside,False
632,col_e426afce41e3549e9144c6ee8c8047dc,col_e426afce41e3549e9144c6ee8c8047dc,True,0.0,"[""col_e426afce41e3549e9144c6ee8c8047dc""]",covers,1,inside,False
633,col_abad05146e545e0cb59abdc228f8373c,col_abad05146e545e0cb59abdc228f8373c,True,0.0,"[""col_abad05146e545e0cb59abdc228f8373c""]",covers,1,inside,False
634,col_e426afce41e3549e9144c6ee8c8047dc,col_e426afce41e3549e9144c6ee8c8047dc,True,0.0,"[""col_e426afce41e3549e9144c6ee8c8047dc""]",covers,1,inside,False
635,col_e426afce41e3549e9144c6ee8c8047dc,col_e426afce41e3549e9144c6ee8c8047dc,True,0.0,"[""col_e426afce41e3549e9144c6ee8c8047dc""]",covers,1,inside,False
636,col_e426afce41e3549e9144c6ee8c8047dc,col_e426afce41e3549e9144c6ee8c8047dc,True,0.0,"[""col_e426afce41e3549e9144c6ee8c8047dc""]",covers,1,inside,False
637,col_e426afce41e3549e9144c6ee8c8047dc,col_e426afce41e3549e9144c6ee8c8047dc,True,0.0,"[""col_e426afce41e3549e9144c6ee8c8047dc""]",covers,1,inside,False
638,col_e426afce41e3549e9144c6ee8c8047dc,col_e426afce41e3549e9144c6ee8c8047dc,True,0.0,"[""col_e426afce41e3549e9144c6ee8c8047dc""]",covers,1,inside,False
639,col_e426afce41e3549e9144c6ee8c8047dc,col_e426afce41e3549e9144c6ee8c8047dc,True,0.0,"[""col_e426afce41e3549e9144c6ee8c8047dc""]",covers,1,inside,False
640,col_e426afce41e3549e9144c6ee8c8047dc,col_e426afce41e3549e9144c6ee8c8047dc,True,0.0,"[""col_e426afce41e3549e9144c6ee8c8047dc""]",covers,1,inside,False
641,col_e426afce41e3549e9144c6ee8c8047dc,col_e426afce41e3549e9144c6ee8c8047dc,True,0.0,"[""col_e426afce41e3549e9144c6ee8c8047dc""]",covers,1,inside,False
642,col_e426afce41e3549e9144c6ee8c8047dc,col_e426afce41e3549e9144c6ee8c8047dc,True,0.0,"[""col_e426afce41e3549e9144c6ee8c8047dc""]",covers,1,inside,False
643,col_e426afce41e3549e9144c6ee8c8047dc,col_e426afce41e3549e9144c6ee8c8047dc,True,0.0,"[""col_e426afce41e3549e9144c6ee8c8047dc""]",covers,1,inside,False
644,col_e426afce41e3549e9144c6ee8c8047dc,col_e426afce41e3549e9144c6ee8c8047dc,True,0.0,"[""col_e426afce41e3549e9144c6ee8c8047dc""]",covers,1,inside,False
645,col_e426afce41e3549e9144c6ee8c8047dc,col_e426afce41e3549e9144c6ee8c8047dc,True,0.0,"[""col_e426afce41e3549e9144c6ee8c8047dc""]",covers,1,inside,False
646,col_e426afce41e3549e9144c6ee8c8047dc,col_e426afce41e3549e9144c6ee8c8047dc,True,0.0,"[""col_e426afce41e3549e9144c6ee8c8047dc""]",covers,1,inside,False
647,col_e426afce41e3549e9144c6ee8c8047dc,col_e426afce41e3549e9144c6ee8c8047dc,True,0.0,"[""col_e426afce41e3549e9144c6ee8c8047dc""]",covers,1,inside,False
648,col_3c107741e9aa5999ac5f00ed40d5deea,col_3c107741e9aa5999ac5f00ed40d5deea,True,0.0,"[""col_3c107741e9aa5999ac5f00ed40d5deea""]",covers,1,inside,False
649,col_aaef3bfb4fb259e8ab32bf1eb9404368,col_aaef3bfb4fb259e8ab32bf1eb9404368,True,0.0,"[""col_aaef3bfb4fb259e8ab32bf1eb9404368""]",covers,1,inside,False
650,col_3c107741e9aa5999ac5f00ed40d5deea,col_3c107741e9aa5999ac5f00ed40d5deea,True,0.0,"[""col_3c107741e9aa5999ac5f00ed40d5deea""]",covers,1,inside,False
651,col_aaef3bfb4fb259e8ab32bf1eb9404368,col_aaef3bfb4fb259e8ab32bf1eb9404368,True,0.0,"[""col_aaef3bfb4fb259e8ab32bf1eb9404368""]",covers,1,inside,False
652,col_6573c9286c5a50288130ecf1765ab3b5,col_6573c9286c5a50288130ecf1765ab3b5,True,0.0,"[""col_6573c9286c5a50288130ecf1765ab3b5""]",covers,1,inside,False
653,col_6573c9286c5a50288130ecf1765ab3b5,col_6573c9286c5a50288130ecf1765ab3b5,True,0.0,"[""col_6573c9286c5a50288130ecf1765ab3b5""]",covers,1,inside,False
654,col_6573c9286c5a50288130ecf1765ab3b5,col_6573c9286c5a50288130ecf1765ab3b5,True,0.0,"[""col_6573c9286c5a50288130ecf1765ab3b5""]",covers,1,inside,False
655,col_6573c9286c5a50288130ecf1765ab3b5,col_6573c9286c5a50288130ecf1765ab3b5,True,0.0,"[""col_6573c9286c5a50288130ecf1765ab3b5""]",covers,1,inside,False
656,col_6573c9286c5a50288130ecf1765ab3b5,col_6573c9286c5a50288130ecf1765ab3b5,True,0.0,"[""col_6573c9286c5a50288130ecf1765ab3b5""]",covers,1,inside,False
657,col_6573c9286c5a50288130ecf1765ab3b5,col_6573c9286c5a50288130ecf1765ab3b5,True,0.0,"[""col_6573c9286c5a50288130ecf1765ab3b5""]",covers,1,inside,False
658,col_6573c9286c5a50288130ecf1765ab3b5,col_6573c9286c5a50288130ecf1765ab3b5,True,0.0,"[""col_6573c9286c5a50288130ecf1765ab3b5""]",covers,1,inside,False
659,col_6573c9286c5a50288130ecf1765ab3b5,col_6573c9286c5a50288130ecf1765ab3b5,True,0.0,"[""col_6573c9286c5a50288130ecf1765ab3b5""]",covers,1,inside,False
660,col_6573c9286c5a50288130ecf1765ab3b5,col_6573c9286c5a50288130ecf1765ab3b5,True,0.0,"[""col_6573c9286c5a50288130ecf1765ab3b5""]",covers,1,inside,False
661,col_6573c9286c5a50288130ecf1765ab3b5,col_6573c9286c5a50288130ecf1765ab3b5,True,0.0,"[""col_6573c9286c5a50288130ecf1765ab3b5""]",covers,1,inside,False
662,col_d4e474286fa85c0aa9cd393c8e2880c1,col_d4e474286fa85c0aa9cd393c8e2880c1,True,0.0,"[""col_d4e474286fa85c0aa9cd393c8e2880c1""]",covers,1,inside,False
663,col_d4e474286fa85c0aa9cd393c8e2880c1,col_543d04998daf5e4ab3306049617a67b4,False,26.825426438500056,"[""col_543d04998daf5e4ab3306049617a67b4""]",covers,1,outside,False
664,col_543d04998daf5e4ab3306049617a67b4,col_543d04998daf5e4ab3306049617a67b4,True,0.0,"[""col_543d04998daf5e4ab3306049617a67b4""]",covers,1,inside,False
665,col_543d04998daf5e4ab3306049617a67b4,col_543d04998daf5e4ab3306049617a67b4,True,0.0,"[""col_543d04998daf5e4ab3306049617a67b4""]",covers,1,inside,False
666,col_543d04998daf5e4ab3306049617a67b4,col_543d04998daf5e4ab3306049617a67b4,True,0.0,"[""col_543d04998daf5e4ab3306049617a67b4""]",covers,1,inside,False
667,col_81496637921a5e749f117e8ef4f2ee99,col_81496637921a5e749f117e8ef4f2ee99,True,0.0,"[""col_81496637921a5e749f117e8ef4f2ee99""]",covers,1,inside,False
668,col_506a1cf0beec53eb97a74f9abc9cfe66,col_506a1cf0beec53eb97a74f9abc9cfe66,True,0.0,"[""col_506a1cf0beec53eb97a74f9abc9cfe66""]",covers,1,inside,False
669,col_506a1cf0beec53eb97a74f9abc9cfe66,col_506a1cf0beec53eb97a74f9abc9cfe66,True,0.0,"[""col_506a1cf0beec53eb97a74f9abc9cfe66""]",covers,1,inside,False
670,col_506a1cf0beec53eb97a74f9abc9cfe66,col_506a1cf0beec53eb97a74f9abc9cfe66,True,0.0,"[""col_506a1cf0beec53eb97a74f9abc9cfe66""]",covers,1,inside,False
671,col_506a1cf0beec53eb97a74f9abc9cfe66,col_506a1cf0beec53eb97a74f9abc9cfe66,True,0.0,"[""col_506a1cf0beec53eb97a74f9abc9cfe66""]",covers,1,inside,False
672,col_506a1cf0beec53eb97a74f9abc9cfe66,col_506a1cf0beec53eb97a74f9abc9cfe66,True,0.0,"[""col_506a1cf0beec53eb97a74f9abc9cfe66""]",covers,1,inside,False
673,col_506a1cf0beec53eb97a74f9abc9cfe66,col_506a1cf0beec53eb97a74f9abc9cfe66,True,0.0,"[""col_506a1cf0beec53eb97a74f9abc9cfe66""]",covers,1,inside,False
674,col_cbef3a463b0b5bc2ac31e747b6721178,col_cbef3a463b0b5bc2ac31e747b6721178,True,0.0,"[""col_cbef3a463b0b5bc2ac31e747b6721178""]",covers,1,inside,False
675,col_cbef3a463b0b5bc2ac31e747b6721178,col_cbef3a463b0b5bc2ac31e747b6721178,True,0.0,"[""col_cbef3a463b0b5bc2ac31e747b6721178""]",covers,1,inside,False
676,col_cbef3a463b0b5bc2ac31e747b6721178,col_cbef3a463b0b5bc2ac31e747b6721178,True,0.0,"[""col_cbef3a463b0b5bc2ac31e747b6721178""]",covers,1,inside,False
677,col_cbef3a463b0b5bc2ac31e747b6721178,col_cbef3a463b0b5bc2ac31e747b6721178,True,0.0,"[""col_cbef3a463b0b5bc2ac31e747b6721178""]",covers,1,inside,False
678,col_543d04998daf5e4ab3306049617a67b4,col_543d04998daf5e4ab3306049617a67b4,True,0.0,"[""col_543d04998daf5e4ab3306049617a67b4""]",covers,1,inside,False
679,col_543d04998daf5e4ab3306049617a67b4,col_543d04998daf5e4ab3306049617a67b4,True,0.0,"[""col_543d04998daf5e4ab3306049617a67b4""]",covers,1,inside,False
680,col_506a1cf0beec53eb97a74f9abc9cfe66,col_506a1cf0beec53eb97a74f9abc9cfe66,True,0.0,"[""col_506a1cf0beec53eb97a74f9abc9cfe66""]",covers,1,inside,False
681,col_cbef3a463b0b5bc2ac31e747b6721178,col_cbef3a463b0b5bc2ac31e747b6721178,True,0.0,"[""col_cbef3a463b0b5bc2ac31e747b6721178""]",covers,1,inside,False
682,col_cbef3a463b0b5bc2ac31e747b6721178,col_cbef3a463b0b5bc2ac31e747b6721178,True,0.0,"[""col_cbef3a463b0b5bc2ac31e747b6721178""]",covers,1,inside,False
683,col_47716220585b527aaf095e5cd827326f,col_47716220585b527aaf095e5cd827326f,True,0.0,"[""col_47716220585b527aaf095e5cd827326f""]",covers,1,inside,False
684,col_f884dc870afb59218eed6bb359ce0e0f,col_543d04998daf5e4ab3306049617a67b4,,,"[""col_543d04998daf5e4ab3306049617a67b4""]",covers,1,missing_catalog_polygon,False
685,col_f884dc870afb59218eed6bb359ce0e0f,,,,"[""col_47716220585b527aaf095e5cd827326f""]",nearest_available_polygon_not_assignment,0,missing_catalog_polygon,False
686,col_1fd836f8991b530f861257d28b0cb970,col_543d04998daf5e4ab3306049617a67b4,,,"[""col_543d04998daf5e4ab3306049617a67b4""]",covers,1,missing_catalog_polygon,False
687,col_4b057d99c17f5783822af98b43744780,col_4b057d99c17f5783822af98b43744780,True,0.0,"[""col_4b057d99c17f5783822af98b43744780""]",covers,1,inside,False
688,col_4b057d99c17f5783822af98b43744780,col_4b057d99c17f5783822af98b43744780,True,0.0,"[""col_4b057d99c17f5783822af98b43744780""]",covers,1,inside,False
689,col_4b057d99c17f5783822af98b43744780,col_6573c9286c5a50288130ecf1765ab3b5,False,0.9038829833337407,"[""col_6573c9286c5a50288130ecf1765ab3b5""]",covers,1,outside,False
690,col_4b057d99c17f5783822af98b43744780,col_4b057d99c17f5783822af98b43744780,True,0.0,"[""col_4b057d99c17f5783822af98b43744780""]",covers,1,inside,False
691,col_4b057d99c17f5783822af98b43744780,col_4b057d99c17f5783822af98b43744780,True,0.0,"[""col_4b057d99c17f5783822af98b43744780""]",covers,1,inside,False
692,col_4b057d99c17f5783822af98b43744780,col_4b057d99c17f5783822af98b43744780,True,0.0,"[""col_4b057d99c17f5783822af98b43744780""]",covers,1,inside,False
693,col_6573c9286c5a50288130ecf1765ab3b5,col_6573c9286c5a50288130ecf1765ab3b5,True,0.0,"[""col_6573c9286c5a50288130ecf1765ab3b5""]",covers,1,inside,False
694,col_6573c9286c5a50288130ecf1765ab3b5,col_6573c9286c5a50288130ecf1765ab3b5,True,0.0,"[""col_6573c9286c5a50288130ecf1765ab3b5""]",covers,1,inside,False
695,col_6573c9286c5a50288130ecf1765ab3b5,col_6573c9286c5a50288130ecf1765ab3b5,True,0.0,"[""col_6573c9286c5a50288130ecf1765ab3b5""]",covers,1,inside,False
696,col_6573c9286c5a50288130ecf1765ab3b5,col_6573c9286c5a50288130ecf1765ab3b5,True,0.0,"[""col_6573c9286c5a50288130ecf1765ab3b5""]",covers,1,inside,False
697,col_34ef10debc6452f7a37e4eb02f41010f,col_6573c9286c5a50288130ecf1765ab3b5,False,5.068808612346716,"[""col_6573c9286c5a50288130ecf1765ab3b5""]",covers,1,outside,False
698,col_34ef10debc6452f7a37e4eb02f41010f,col_34ef10debc6452f7a37e4eb02f41010f,True,0.0,"[""col_34ef10debc6452f7a37e4eb02f41010f""]",covers,1,inside,False
699,col_34ef10debc6452f7a37e4eb02f41010f,col_34ef10debc6452f7a37e4eb02f41010f,True,0.0,"[""col_34ef10debc6452f7a37e4eb02f41010f""]",covers,1,inside,False
700,col_6573c9286c5a50288130ecf1765ab3b5,col_6573c9286c5a50288130ecf1765ab3b5,True,0.0,"[""col_6573c9286c5a50288130ecf1765ab3b5""]",covers,1,inside,False
701,col_6573c9286c5a50288130ecf1765ab3b5,col_6573c9286c5a50288130ecf1765ab3b5,True,0.0,"[""col_6573c9286c5a50288130ecf1765ab3b5""]",covers,1,inside,False
702,col_bed54b5fa7b155169b5367f26e64ee77,,,,"[""col_34ef10debc6452f7a37e4eb02f41010f""]",nearest_available_polygon_not_assignment,0,missing_catalog_polygon,False
703,col_6573c9286c5a50288130ecf1765ab3b5,col_6573c9286c5a50288130ecf1765ab3b5,True,0.0,"[""col_6573c9286c5a50288130ecf1765ab3b5""]",covers,1,inside,False
704,col_bed54b5fa7b155169b5367f26e64ee77,,,,"[""col_34ef10debc6452f7a37e4eb02f41010f""]",nearest_available_polygon_not_assignment,0,missing_catalog_polygon,False
705,col_96af67dbdc945131a7e1fb18aab974fa,,False,51.444710831233344,"[""col_96af67dbdc945131a7e1fb18aab974fa""]",nearest_available_polygon_not_assignment,0,outside,False
706,col_c00d00bb38f656119c21216810bac6c9,,,,"[""col_96af67dbdc945131a7e1fb18aab974fa""]",nearest_available_polygon_not_assignment,0,missing_catalog_polygon,False
707,col_96af67dbdc945131a7e1fb18aab974fa,col_96af67dbdc945131a7e1fb18aab974fa,True,0.0,"[""col_96af67dbdc945131a7e1fb18aab974fa""]",covers,1,inside,False
708,col_96af67dbdc945131a7e1fb18aab974fa,col_96af67dbdc945131a7e1fb18aab974fa,True,0.0,"[""col_96af67dbdc945131a7e1fb18aab974fa""]",covers,1,inside,False
709,col_96af67dbdc945131a7e1fb18aab974fa,col_96af67dbdc945131a7e1fb18aab974fa,True,0.0,"[""col_96af67dbdc945131a7e1fb18aab974fa""]",covers,1,inside,False
710,col_62bb8f5cf8d25a898a34208ad6dee465,col_62bb8f5cf8d25a898a34208ad6dee465,True,0.0,"[""col_62bb8f5cf8d25a898a34208ad6dee465""]",covers,1,inside,False
711,col_62bb8f5cf8d25a898a34208ad6dee465,col_62bb8f5cf8d25a898a34208ad6dee465,True,0.0,"[""col_62bb8f5cf8d25a898a34208ad6dee465""]",covers,1,inside,False
