{
"type": "FeatureCollection",
"name": "zonas_geometria",
"crs": { "type": "name", "properties": { "name": "urn:ogc:def:crs:OGC:1.3:CRS84" } },
"features": [
{ "type": "Feature", "properties": { "colonia": "Acacias", "alcaldia": "Benito Juarez" }, "geometry": { "type": "Polygon", "coordinates": [ [ [ -99.17434138821541, 19.365414077567799 ], [ -99.172603851605601, 19.365021910545703 ], [ -99.172785296582305, 19.364316959948397 ], [ -99.172806831029504, 19.364233293835298 ], [ -99.171364150233103, 19.363720467622702 ], [ -99.170640495437596, 19.363456384438695 ], [ -99.169895767204494, 19.3631814678747 ], [ -99.170322077911806, 19.362684042682293 ], [ -99.170733011507195, 19.3618436584817 ], [ -99.170927885474796, 19.3614001418408 ], [ -99.171088184700494, 19.361035312433302 ], [ -99.171343744226419, 19.360516706119302 ], [ -99.171736275452702, 19.359781107311605 ], [ -99.171755200493195, 19.359729985764801 ], [ -99.171782753580899, 19.359655557517303 ], [ -99.171802919858195, 19.359601082971999 ], [ -99.172438415153991, 19.359983009320896 ], [ -99.172956785354899, 19.360307675800801 ], [ -99.173324296580205, 19.360644205564999 ], [ -99.173475195204404, 19.360786447532497 ], [ -99.17364189696471, 19.360984212082901 ], [ -99.173732210082903, 19.361091353655798 ], [ -99.174379561542807, 19.362049055304201 ], [ -99.174527869734206, 19.362223205429093 ], [ -99.174764907929799, 19.362425212376699 ], [ -99.176573867055893, 19.3641584816753 ], [ -99.17711080977088, 19.3646729444011 ], [ -99.177573560637001, 19.365116319391301 ], [ -99.177801797365603, 19.365364292739997 ], [ -99.177361106050995, 19.365848904764395 ], [ -99.177281833351898, 19.366087756009399 ], [ -99.177008089576091, 19.3672345208584 ], [ -99.1767343420385, 19.368381285181702 ], [ -99.176001152682986, 19.368211030166197 ], [ -99.175257434143404, 19.368038327399901 ], [ -99.174521374878992, 19.367867400527501 ], [ -99.173788510356218, 19.367697214594596 ], [ -99.17434138821541, 19.365414077567799 ] ] ] } },
{ "type": "Feature", "properties": { "colonia": "Actipan", "alcaldia": "Benito Juarez" }, "geometry": { "type": "Polygon", "coordinates": [ [ [ -99.179599160223702, 19.371621300943598 ], [ -99.178884774800693, 19.373689836590202 ], [ -99.178233759209505, 19.373547529032603 ], [ -99.177635587183488, 19.373416773517302 ], [ -99.177410892456393, 19.3733676565233 ], [ -99.17707254442702, 19.373293693706195 ], [ -99.176677639173391, 19.3732073693707 ], [ -99.176349923766409, 19.373135730624 ], [ -99.176252966660996, 19.3731145356283 ], [ -99.1755884222774, 19.372969263502299 ], [ -99.176138640244005, 19.370766359965199 ], [ -99.1767343420385, 19.368381285181702 ], [ -99.177008089576091, 19.3672345208584 ], [ -99.177281833351898, 19.366087756009399 ], [ -99.177361106050995, 19.365848904764395 ], [ -99.177801797365603, 19.365364292739997 ], [ -99.178768554663705, 19.366414638102398 ], [ -99.179392865584703, 19.367066743670303 ], [ -99.179812021987686, 19.367357915259596 ], [ -99.180201690650406, 19.367560343450698 ], [ -99.180771108974696, 19.367848681600204 ], [ -99.180925605575098, 19.367926815961297 ], [ -99.180791405843706, 19.368416184041596 ], [ -99.180558090647509, 19.369112236704598 ], [ -99.180221721810298, 19.370197180046198 ], [ -99.180048377444791, 19.370139792917904 ], [ -99.180016704980403, 19.370242627903298 ], [ -99.179599160223702, 19.371621300943598 ] ] ] } },
{ "type": "Feature", "properties": { "colonia": "Agricultura", "alcaldia": "Miguel Hidalgo" }, "geometry": { "type": "Polygon", "coordinates": [ [ [ -99.165630207291599, 19.456711213286603 ], [ -99.165525967388817, 19.4566932859498 ], [ -99.165154488813897, 19.456632640296899 ], [ -99.164951948280702, 19.456599574246603 ], [ -99.164325535005091, 19.456494057305299 ], [ -99.164008455264707, 19.456442303063795 ], [ -99.163814027791815, 19.456410568022491 ], [ -99.163739159296782, 19.456400017904596 ], [ -99.163719756909614, 19.456397283805799 ], [ -99.163681673894615, 19.456391917308896 ], [ -99.163605187623006, 19.456381139162797 ], [ -99.163741800842402, 19.455777763039801 ], [ -99.163859000698494, 19.455081406233898 ], [ -99.163898674994698, 19.454823432842396 ], [ -99.163979861361781, 19.4542443527816 ], [ -99.164056985537087, 19.453682503716099 ], [ -99.164079638302596, 19.453517477755398 ], [ -99.1641385973914, 19.452947071938997 ], [ -99.164170617104006, 19.452648534196104 ], [ -99.164194627759485, 19.452424668685996 ], [ -99.164207593844097, 19.452291697393697 ], [ -99.164253551982895, 19.451820380470195 ], [ -99.164233325892297, 19.450087321944903 ], [ -99.164237048566093, 19.450034791361297 ], [ -99.164240771237615, 19.449982260777197 ], [ -99.1644211810965, 19.449172700701386 ], [ -99.164643107497596, 19.448258648019898 ], [ -99.165024140221618, 19.446689256659901 ], [ -99.165318323730304, 19.445169382631196 ], [ -99.165600781368809, 19.443693109866597 ], [ -99.165652500564903, 19.443719213774902 ], [ -99.165704219777396, 19.443745317668295 ], [ -99.165768684748599, 19.443781279224901 ], [ -99.165860627620006, 19.443834067273801 ], [ -99.166210650009617, 19.444032677627497 ], [ -99.166707081470705, 19.444314361686903 ], [ -99.166821739458399, 19.444379420339096 ], [ -99.167073460941708, 19.4445222504235 ], [ -99.167124915290813, 19.444551446224501 ], [ -99.167241993905606, 19.4446467265089 ], [ -99.16715801275501, 19.445650711880599 ], [ -99.167118397874901, 19.446124299267598 ], [ -99.167039504881217, 19.447067440194292 ], [ -99.166994799716804, 19.447601871718003 ], [ -99.166917928936996, 19.448520821832901 ], [ -99.166796880338595, 19.449815332359201 ], [ -99.166748431886901, 19.450301386371198 ], [ -99.166598093407899, 19.450595343038096 ], [ -99.166521417779606, 19.451263041446602 ], [ -99.166416027783299, 19.452180778482298 ], [ -99.166397873819406, 19.452338862343698 ], [ -99.16614405653641, 19.454544830427199 ], [ -99.165955197408493, 19.456186198536201 ], [ -99.165713745976518, 19.456140622544797 ], [ -99.165630207291599, 19.456711213286603 ] ] ] } },
{ "type": "Feature", "properties": { "colonia": "Alamos", "alcaldia": "Benito Juarez" }, "geometry": { "type": "Polygon", "coordinates": [ [ [ -99.13779453747739, 19.395077363146196 ], [ -99.1379611457713, 19.393999304228299 ], [ -99.138196744551905, 19.392370320889299 ], [ -99.138207272716699, 19.392297526021096 ], [ -99.138279388927913, 19.391798891317901 ], [ -99.139577148662696, 19.391974197436202 ], [ -99.140627624146802, 19.392116092429902 ], [ -99.141414873818917, 19.392222427547296 ], [ -99.141837932598307, 19.392279569330697 ], [ -99.142317580512582, 19.392356282986604 ], [ -99.142738264714509, 19.392413445378697 ], [ -99.143148424237907, 19.392466199305499 ], [ -99.143549604151602, 19.392517697071401 ], [ -99.1439910649609, 19.392580982341201 ], [ -99.144431328101803, 19.392641655731605 ], [ -99.144814499192506, 19.392660850785301 ], [ -99.1451842014487, 19.392641742541691 ], [ -99.145746264820303, 19.3926064729161 ], [ -99.146421564212602, 19.392564095383701 ], [ -99.146213316903811, 19.394158286770701 ], [ -99.146078209284994, 19.3951922816814 ], [ -99.146009969889903, 19.395713943004498 ], [ -99.145886155569102, 19.396631837434093 ], [ -99.145699681784194, 19.398085922933305 ], [ -99.145673501402101, 19.398286054278902 ], [ -99.145507572514617, 19.399677083037098 ], [ -99.145319182784803, 19.401122787003199 ], [ -99.145172867724895, 19.402245590724803 ], [ -99.145164375802082, 19.4023107562249 ], [ -99.1451515323281, 19.402409313418296 ], [ -99.145097618622799, 19.4028563533764 ], [ -99.145070410131709, 19.4030821557526 ], [ -99.145045610754096, 19.403323767412001 ], [ -99.14502611020599, 19.403496593254697 ], [ -99.145007392685699, 19.403702406368499 ], [ -99.144997041052406, 19.403809269463999 ], [ -99.144990198857499, 19.403879818545498 ], [ -99.144719962469097, 19.403863702347298 ], [ -99.144140779874505, 19.403832446325001 ], [ -99.1433838072833, 19.403791892841696 ], [ -99.142739055241719, 19.403757063534297 ], [ -99.14269098958998, 19.403754449696699 ], [ -99.140904385477995, 19.403665768854996 ], [ -99.140156115082704, 19.403623370555895 ], [ -99.140078861908705, 19.403618993080201 ], [ -99.139086212534707, 19.403562685668195 ], [ -99.138296757644795, 19.403520416542694 ], [ -99.138199124473701, 19.403515188811301 ], [ -99.137342401499595, 19.403458093165192 ], [ -99.136612361817598, 19.403428826224502 ], [ -99.136500978877805, 19.403424360677004 ], [ -99.136548184470499, 19.403110222707998 ], [ -99.136581388210189, 19.402890847868395 ], [ -99.136811763286204, 19.401368759345498 ], [ -99.136944929937997, 19.400453864351103 ], [ -99.137022109274298, 19.399923614414899 ], [ -99.137148908060283, 19.399052453505696 ], [ -99.137227276518587, 19.398616590230599 ], [ -99.137252209193221, 19.3984779212341 ], [ -99.137480516182706, 19.397051869209196 ], [ -99.137736436233695, 19.395453310872 ], [ -99.13779453747739, 19.395077363146196 ] ] ] } },
{ "type": "Feature", "properties": { "colonia": "Algarin", "alcaldia": "Cuauhtemoc" }, "geometry": { "type": "Polygon", "coordinates": [ [ [ -99.135778452931106, 19.408110001500201 ], [ -99.135916049950183, 19.407215541266396 ], [ -99.136096275669203, 19.4060433822285 ], [ -99.136101528834104, 19.406006132734202 ], [ -99.136106781996503, 19.405968883239602 ], [ -99.136317013985007, 19.404607830096101 ], [ -99.136492587056907, 19.403479922587401 ], [ -99.136500978877805, 19.403424360677004 ], [ -99.136612361817598, 19.403428826224502 ], [ -99.137342401499595, 19.403458093165192 ], [ -99.137770762915395, 19.403486641493597 ], [ -99.138199124473701, 19.403515188811301 ], [ -99.138296757644795, 19.403520416542694 ], [ -99.139086212534707, 19.403562685668195 ], [ -99.140078861908705, 19.403618993080201 ], [ -99.140156115082704, 19.403623370555895 ], [ -99.140904385477995, 19.403665768854996 ], [ -99.142386563497894, 19.403739340288201 ], [ -99.14269098958998, 19.403754449696791 ], [ -99.142739055241719, 19.403757063534297 ], [ -99.1433838072833, 19.403791892841696 ], [ -99.144140779874505, 19.403832446325001 ], [ -99.144719962469097, 19.403863702347298 ], [ -99.144990198857499, 19.403879818545498 ], [ -99.144979084027398, 19.403973879689495 ], [ -99.144967969184805, 19.404067940832004 ], [ -99.14488695914271, 19.404819771492996 ], [ -99.144816122192097, 19.405609518798101 ], [ -99.144676487196108, 19.406897072881595 ], [ -99.144643798231797, 19.407198490217795 ], [ -99.144568208965197, 19.407195440356599 ], [ -99.144492619701197, 19.407192390463901 ], [ -99.14376973769302, 19.407212702294597 ], [ -99.14301482255928, 19.407270460882696 ], [ -99.142234128823802, 19.407318466689993 ], [ -99.141331206718107, 19.407417714951901 ], [ -99.140467297228994, 19.407494484884403 ], [ -99.140006802159704, 19.407514232628802 ], [ -99.139546306971098, 19.407533979206899 ], [ -99.138623611947494, 19.4076256186741 ], [ -99.13766747322002, 19.407682326259099 ], [ -99.136865698592118, 19.407746482255696 ], [ -99.136593607719092, 19.407766511009097 ], [ -99.136321516776619, 19.407786539355499 ], [ -99.135887234661695, 19.408045208666202 ], [ -99.135832843807194, 19.408077605091293 ], [ -99.135778452931106, 19.408110001500201 ] ] ] } },
{ "type": "Feature", "properties": { "colonia": "Anahuac", "alcaldia": "Miguel Hidalgo" }, "geometry": { "type": "Polygon", "coordinates": [ [ [ -99.169856819106201, 19.442860072180192 ], [ -99.170103187529804, 19.442560094868895 ], [ -99.170369514541207, 19.442208749887097 ], [ -99.170581232618204, 19.441929444963101 ], [ -99.171096392290991, 19.441983575699002 ], [ -99.171178980120686, 19.441493363595995 ], [ -99.171316324634489, 19.440800971913095 ], [ -99.171698552020104, 19.440213332894196 ], [ -99.171779342125106, 19.4400997517264 ], [ -99.171814005744011, 19.440051018789099 ], [ -99.171865147851406, 19.440109810808398 ], [ -99.17217583502719, 19.4401557128439 ], [ -99.172486522373305, 19.440201614345998 ], [ -99.172642405807281, 19.439103994329397 ], [ -99.172746742938997, 19.438369318488895 ], [ -99.172756299865185, 19.438198576310391 ], [ -99.173396615068015, 19.438621101153192 ], [ -99.174129519703499, 19.439104717488799 ], [ -99.175357880583604, 19.439921170564805 ], [ -99.176103215045131, 19.440539163950199 ], [ -99.176288948891894, 19.440561382826999 ], [ -99.177170131863207, 19.439366549425692 ], [ -99.178049935579082, 19.438313127568598 ], [ -99.1785322932746, 19.437584125668394 ], [ -99.1787785924123, 19.437124977170996 ], [ -99.179307337631812, 19.436234013563297 ], [ -99.179735428094304, 19.436445623909595 ], [ -99.180527431285, 19.436837116628702 ], [ -99.18055332586782, 19.436849916411497 ], [ -99.181390061459993, 19.437148834845196 ], [ -99.182240860677709, 19.437555734401691 ], [ -99.182538542691105, 19.437817718854401 ], [ -99.18291055090539, 19.438059791339398 ], [ -99.183454100570501, 19.438264325401398 ], [ -99.183603866182395, 19.438320680810104 ], [ -99.183618059912902, 19.4384884078341 ], [ -99.183675835773997, 19.439171140212995 ], [ -99.1836776931343, 19.439554210546898 ], [ -99.183678315893616, 19.4396826504274 ], [ -99.183679004228395, 19.439824614361896 ], [ -99.183504821898694, 19.439777563446395 ], [ -99.183246661838709, 19.4414760615843 ], [ -99.183238532646399, 19.441529544959401 ], [ -99.183227773990694, 19.441662551709101 ], [ -99.182959125454616, 19.443583809092402 ], [ -99.182004774808803, 19.443454955249596 ], [ -99.180895335422903, 19.4433051551696 ], [ -99.179827201477991, 19.443160925604101 ], [ -99.179199149637796, 19.443076117034895 ], [ -99.178745469051904, 19.443014853164598 ], [ -99.178116245139805, 19.442929882414202 ], [ -99.178639074028496, 19.443556061680994 ], [ -99.179097735845403, 19.444105384363503 ], [ -99.179596840785521, 19.4447031387223 ], [ -99.179980066634684, 19.445162106224895 ], [ -99.1805368782546, 19.445828961273996 ], [ -99.181462413081604, 19.446936711151093 ], [ -99.181507091251106, 19.4469909014405 ], [ -99.181799803316395, 19.447341453032397 ], [ -99.182318476618292, 19.447962610587197 ], [ -99.182268421316195, 19.448285265611499 ], [ -99.1821004601521, 19.449367929168496 ], [ -99.181820667388095, 19.451171418249004 ], [ -99.181732700018586, 19.451150643194904 ], [ -99.181295952688984, 19.4510474968571 ], [ -99.1809253060038, 19.450959960536196 ], [ -99.18060236276439, 19.450883689731398 ], [ -99.179833542348405, 19.450702111710498 ], [ -99.179089511956306, 19.450536170979397 ], [ -99.178435792406503, 19.4503903694259 ], [ -99.177652564385497, 19.450215679651603 ], [ -99.177554662601096, 19.450193843548202 ], [ -99.176588844540305, 19.449975158030401 ], [ -99.176137435285099, 19.449872945643602 ], [ -99.175513597134398, 19.449731688197197 ], [ -99.174450676470187, 19.449491002528294 ], [ -99.173387758890101, 19.4492503106006 ], [ -99.172306696550507, 19.449005502754297 ], [ -99.171631212431095, 19.4488525349228 ], [ -99.17130793827738, 19.448438137833701 ], [ -99.171211906865111, 19.448287258000597 ], [ -99.171079348476397, 19.448078988228403 ], [ -99.1709284944655, 19.447841972422296 ], [ -99.1707477832026, 19.447581831005497 ], [ -99.170404858118488, 19.447088173197592 ], [ -99.170132219334306, 19.4466800784508 ], [ -99.169870291031899, 19.446293051535999 ], [ -99.169753726601016, 19.446083598425496 ], [ -99.169521125915921, 19.445786845853103 ], [ -99.169394536975702, 19.445666998804004 ], [ -99.169323908969901, 19.445600132197999 ], [ -99.168585331927304, 19.445184484997593 ], [ -99.168715766174401, 19.444786715865302 ], [ -99.168919769799487, 19.444164587277903 ], [ -99.168993869453899, 19.443938612062396 ], [ -99.169084754965297, 19.443758542858699 ], [ -99.169545982226381, 19.443236299522997 ], [ -99.169704394890985, 19.4430490425184 ], [ -99.169856819106201, 19.442860072180192 ] ], [ [ -99.179294574717005, 19.445066399544 ], [ -99.179027609445399, 19.445020411131001 ], [ -99.178920930670301, 19.446000860995095 ], [ -99.178820337719017, 19.446868003387603 ], [ -99.178809986518118, 19.446957233435199 ], [ -99.178680028726902, 19.447962294208395 ], [ -99.178764739828097, 19.4479725523003 ], [ -99.179783250635595, 19.448095881422699 ], [ -99.17990251087592, 19.447298037684998 ], [ -99.180306686414895, 19.447370157356097 ], [ -99.180364359435686, 19.446877298579199 ], [ -99.180433580575794, 19.446285801863397 ], [ -99.180447337611099, 19.446168242284898 ], [ -99.179561540135694, 19.445112387562901 ], [ -99.179294574717005, 19.445066399544 ] ] ] } },
{ "type": "Feature", "properties": { "colonia": "Angel Zimbron", "alcaldia": "Azcapotzalco" }, "geometry": { "type": "Polygon", "coordinates": [ [ [ -99.190435707620296, 19.471439656457697 ], [ -99.190312834752817, 19.471424360291696 ], [ -99.189960809014295, 19.471380536923995 ], [ -99.189652580801607, 19.471342149773999 ], [ -99.189562595915817, 19.471330942834701 ], [ -99.189519632413379, 19.471325592038003 ], [ -99.189432014055711, 19.471313310545899 ], [ -99.189398843174502, 19.471308676497898 ], [ -99.189344395710791, 19.471301029011297 ], [ -99.189256458374501, 19.471288702719001 ], [ -99.189198604664597, 19.471280593263799 ], [ -99.188874266208003, 19.471235129820801 ], [ -99.188457525619384, 19.471190483903197 ], [ -99.187951930273101, 19.471126181650401 ], [ -99.187818025497293, 19.4711114418912 ], [ -99.187684120744905, 19.471096702032799 ], [ -99.187340639739915, 19.471058892145098 ], [ -99.187372525690421, 19.470733186191605 ], [ -99.187374411066813, 19.4707139275658 ], [ -99.187417220054115, 19.470276643808795 ], [ -99.187443644256504, 19.470006725654098 ], [ -99.187458471579021, 19.469714374966195 ], [ -99.187469646645582, 19.469597563093988 ], [ -99.187480821696894, 19.469480751219901 ], [ -99.187508422041802, 19.469202199724897 ], [ -99.187554666194515, 19.468735486905697 ], [ -99.187592118498017, 19.468357502735699 ], [ -99.187653495350602, 19.467709352524704 ], [ -99.187739123025295, 19.466813483229792 ], [ -99.187774741412099, 19.466440827327901 ], [ -99.187835617273919, 19.465723150719196 ], [ -99.187856969473401, 19.465478904295196 ], [ -99.187935496851296, 19.464580628685997 ], [ -99.1880046952041, 19.463811597363197 ], [ -99.189143282025796, 19.464155045928599 ], [ -99.189825018186397, 19.464360683827596 ], [ -99.189873016538115, 19.464375161863597 ], [ -99.189963551536081, 19.464402470446405 ], [ -99.189998623839301, 19.464413286538299 ], [ -99.190042850025804, 19.4644263896528 ], [ -99.190118887641304, 19.464449325225896 ], [ -99.190175470748898, 19.464468166953694 ], [ -99.190773299366896, 19.4646672378095 ], [ -99.1907089241721, 19.465849643977997 ], [ -99.190705571562404, 19.465946968197699 ], [ -99.190681272179305, 19.466652361458895 ], [ -99.190594127549787, 19.467924280182903 ], [ -99.1905564900473, 19.469072318129896 ], [ -99.190498237275804, 19.470284272267094 ], [ -99.190494689112313, 19.470358091595198 ], [ -99.190483959579424, 19.470577278854901 ], [ -99.190435707620296, 19.471439656457697 ] ] ] } },
{ "type": "Feature", "properties": { "colonia": "Anzures", "alcaldia": "Miguel Hidalgo" }, "geometry": { "type": "Polygon", "coordinates": [ [ [ -99.183603866182395, 19.438320680810104 ], [ -99.183454100570501, 19.438264325401398 ], [ -99.18291055090539, 19.438059791339398 ], [ -99.182538542691105, 19.437817718854401 ], [ -99.182240860677709, 19.437555734401691 ], [ -99.181390061459993, 19.437148834845196 ], [ -99.18055332586782, 19.436849916411497 ], [ -99.180527431285, 19.436837116628702 ], [ -99.179735428094304, 19.436445623909595 ], [ -99.179307337631812, 19.436234013563297 ], [ -99.178757709618907, 19.435965583443501 ], [ -99.178182992104411, 19.435684897243799 ], [ -99.177635318166907, 19.435417416244498 ], [ -99.177030773123704, 19.435122156748104 ], [ -99.176537008895295, 19.434881000245198 ], [ -99.175985240665213, 19.434611511899096 ], [ -99.17550617278161, 19.434367393776004 ], [ -99.175088291518819, 19.434084835676899 ], [ -99.174647303177906, 19.433786651180196 ], [ -99.174205353590807, 19.433487814528299 ], [ -99.173932666578509, 19.433303428438499 ], [ -99.173792148898713, 19.433202759289397 ], [ -99.173714168409219, 19.433146892698094 ], [ -99.173615967613799, 19.433076539821904 ], [ -99.172508671201399, 19.432371847918198 ], [ -99.172411680935994, 19.432310318949998 ], [ -99.172329378352401, 19.432258107518798 ], [ -99.173021752607596, 19.430967441339103 ], [ -99.173552742811779, 19.429977598219999 ], [ -99.174000874279301, 19.429219462596198 ], [ -99.174778751235806, 19.428054470027501 ], [ -99.174847453354701, 19.427951922265002 ], [ -99.175596508168894, 19.426877753295791 ], [ -99.176735877109095, 19.425110727155197 ], [ -99.177030832067118, 19.424601287462995 ], [ -99.177588200592098, 19.423716318977299 ], [ -99.17768761250521, 19.423727051599293 ], [ -99.17809299823891, 19.423726576738797 ], [ -99.178145990120612, 19.4238597838897 ], [ -99.178270751229917, 19.4241733983859 ], [ -99.178546957048113, 19.424867697797396 ], [ -99.179881338014496, 19.428207982585899 ], [ -99.179902269739301, 19.428260378668 ], [ -99.180035651284186, 19.428594257141601 ], [ -99.180063329280202, 19.428663540055794 ], [ -99.180377866661914, 19.429641704229596 ], [ -99.180796457865682, 19.430609428354195 ], [ -99.181067665875602, 19.431236416452798 ], [ -99.181137614229002, 19.4313981246233 ], [ -99.181779296344004, 19.432881563203392 ], [ -99.181868797311694, 19.4330884688768 ], [ -99.182714293199894, 19.435193616784698 ], [ -99.182794102262505, 19.435392325365694 ], [ -99.1834870889397, 19.437117701148999 ], [ -99.183523189286902, 19.4374111781393 ], [ -99.183593283188998, 19.438201375138199 ], [ -99.183603866182395, 19.438320680810104 ] ] ] } },
{ "type": "Feature", "properties": { "colonia": "Atlampa", "alcaldia": "Cuauhtemoc" }, "geometry": { "type": "Polygon", "coordinates": [ [ [ -99.153629568963396, 19.463301257819499 ], [ -99.153643550133296, 19.463242284836099 ], [ -99.153662908715617, 19.463160629697697 ], [ -99.153789596145202, 19.462440182381599 ], [ -99.153924954052599, 19.461670420669094 ], [ -99.154052048603006, 19.460948283300599 ], [ -99.154215725238217, 19.460101048856096 ], [ -99.153001910343519, 19.459908320416698 ], [ -99.152374720279994, 19.459808732373396 ], [ -99.151592132670487, 19.459684466394705 ], [ -99.149526991882396, 19.459299474079 ], [ -99.149018654479903, 19.459163639796 ], [ -99.14806804144942, 19.458909619339398 ], [ -99.147991031290701, 19.458889040622097 ], [ -99.1476492615556, 19.458811505205496 ], [ -99.147303360834698, 19.458733031882197 ], [ -99.147159190778012, 19.458700324292799 ], [ -99.147386338865715, 19.4583658194171 ], [ -99.147426220686015, 19.458308145549204 ], [ -99.147471314222301, 19.458253761230996 ], [ -99.147615305721899, 19.458123539088302 ], [ -99.148026219671095, 19.457829375574395 ], [ -99.148902766115995, 19.457201870179201 ], [ -99.150625237094303, 19.455925659413296 ], [ -99.150849718524697, 19.455767582523599 ], [ -99.150954652488906, 19.455690718346801 ], [ -99.151026795372118, 19.455638782023797 ], [ -99.151090199331307, 19.455599303255095 ], [ -99.151147042378199, 19.455561904982801 ], [ -99.151212626187188, 19.455514124152995 ], [ -99.151278209957795, 19.455466343299602 ], [ -99.151348157340621, 19.455406108478495 ], [ -99.151411549578498, 19.455354179304795 ], [ -99.1514596324443, 19.455306412995895 ], [ -99.151505519978201, 19.4552503483064 ], [ -99.151547039996899, 19.455202587456501 ], [ -99.151579811535896, 19.455156908959598 ], [ -99.151601648936605, 19.455115389697902 ], [ -99.151616929326508, 19.455080101066603 ], [ -99.151645317919801, 19.455026126019796 ], [ -99.151669333236597, 19.454974229676097 ], [ -99.151686785760504, 19.454922338818196 ], [ -99.151706408503017, 19.454851770688595 ], [ -99.151719480032483, 19.454793658340002 ], [ -99.151736888142707, 19.454694041351598 ], [ -99.151758644391805, 19.454565370014496 ], [ -99.151780435347902, 19.454474049554602 ], [ -99.151802203116318, 19.454357828503497 ], [ -99.151817431269805, 19.454266513530197 ], [ -99.151832676782703, 19.454193873996001 ], [ -99.151845713461199, 19.454098410752199 ], [ -99.1518558805368, 19.454032409742002 ], [ -99.152475125588396, 19.454118576139198 ], [ -99.153030372725411, 19.454195835509097 ], [ -99.154139912778106, 19.454350216155795 ], [ -99.155264918543082, 19.454515457733496 ], [ -99.1559070835455, 19.454612583301699 ], [ -99.156627999540305, 19.4547153842705 ], [ -99.157748523756297, 19.454884619548789 ], [ -99.158838487640807, 19.455055956753192 ], [ -99.1593967121253, 19.455143704340497 ], [ -99.1599564596726, 19.455204903528703 ], [ -99.161035413109005, 19.455359910527303 ], [ -99.162044977146195, 19.455515787065593 ], [ -99.162927894564689, 19.4556521045258 ], [ -99.163337946289403, 19.455715412653198 ], [ -99.163588778147599, 19.4557541382495 ], [ -99.163680129729087, 19.455768241807601 ], [ -99.163695547506705, 19.455770622117605 ], [ -99.163710965284807, 19.455773002426302 ], [ -99.163741800842402, 19.455777763039801 ], [ -99.163605187623006, 19.456381139162797 ], [ -99.163514094375699, 19.456771719240599 ], [ -99.1634642469851, 19.457001711901498 ], [ -99.163388881194507, 19.457349443577396 ], [ -99.163360669224303, 19.457479935911898 ], [ -99.163292126068285, 19.457796976216496 ], [ -99.163228420761897, 19.4581035818487 ], [ -99.163131554856704, 19.458524465165102 ], [ -99.163073418843695, 19.458760753882995 ], [ -99.163056223835511, 19.458809018815398 ], [ -99.162995806788018, 19.4589786041149 ], [ -99.162929784216914, 19.459111546435004 ], [ -99.162852105481903, 19.459262955168501 ], [ -99.162766610463706, 19.459381150138395 ], [ -99.1626733286422, 19.4594956608593 ], [ -99.162582237448902, 19.459594168509895 ], [ -99.1625605965353, 19.459617571357899 ], [ -99.162452180365506, 19.459716950823005 ], [ -99.162313711076081, 19.459843878149499 ], [ -99.162144573566394, 19.4599879860342 ], [ -99.162029893850999, 19.460082169543895 ], [ -99.161987095640995, 19.4601173185699 ], [ -99.16172852400598, 19.460333484219298 ], [ -99.161565356471897, 19.4604749955245 ], [ -99.161546819500614, 19.460491072172093 ], [ -99.161528282525694, 19.460507148817801 ], [ -99.161372747547205, 19.460634633490997 ], [ -99.1612036138565, 19.460784277282702 ], [ -99.161062680721798, 19.460920976690296 ], [ -99.161002425703202, 19.460985626091901 ], [ -99.160891646189299, 19.461116761796898 ], [ -99.160773116156406, 19.461281125047101 ], [ -99.160702639197609, 19.461389823529597 ], [ -99.16067014661742, 19.461439937639696 ], [ -99.160580777318188, 19.461578436564199 ], [ -99.160506984975598, 19.461727995234103 ], [ -99.160422058390793, 19.461877930428795 ], [ -99.16038461336791, 19.461944038330298 ], [ -99.16026612937452, 19.462156386711101 ], [ -99.160224595558901, 19.462233840315598 ], [ -99.1601146355856, 19.462438896834591 ], [ -99.160033084081817, 19.462589483081597 ], [ -99.160013637625781, 19.462625391248796 ], [ -99.159916512920702, 19.462793426223399 ], [ -99.159811597617804, 19.462954085625899 ], [ -99.1597047272802, 19.463105518706197 ], [ -99.159684909201601, 19.463128983209 ], [ -99.159586171140802, 19.463245888430691 ], [ -99.159418995140896, 19.463412139185699 ], [ -99.159292622894711, 19.463519294854905 ], [ -99.159144844888587, 19.463624623631304 ], [ -99.158983444288083, 19.463728118637697 ], [ -99.158835647918806, 19.4638149912149 ], [ -99.158697560651106, 19.463881553613398 ], [ -99.158557518495897, 19.463938889634999 ], [ -99.158221608219293, 19.4640347822153 ], [ -99.157868599853899, 19.464095876977101 ], [ -99.157581994348718, 19.464096126329796 ], [ -99.157060833922699, 19.464034795551896 ], [ -99.156357205760401, 19.463887124482198 ], [ -99.155966274196601, 19.463776251751899 ], [ -99.155021573533006, 19.463559276790196 ], [ -99.153629568963396, 19.463301257819499 ] ], [ [ -99.156182182091896, 19.4576586945965 ], [ -99.157067909403992, 19.457807054258002 ], [ -99.15712813825138, 19.457780432508798 ], [ -99.157152145933694, 19.457748680930798 ], [ -99.157166169036202, 19.4577220171909 ], [ -99.157424172274503, 19.456274809311104 ], [ -99.158064153987112, 19.456397276477396 ], [ -99.158195924537409, 19.4555880876689 ], [ -99.157648192923986, 19.455491837029403 ], [ -99.157565881532904, 19.455477372631695 ], [ -99.157576628557095, 19.455419629930393 ], [ -99.156633472433299, 19.455268866020997 ], [ -99.156367503385994, 19.4566773257399 ], [ -99.156182182091896, 19.4576586945965 ] ] ] } },
{ "type": "Feature", "properties": { "colonia": "Axotla", "alcaldia": "Alvaro Obregon" }, "geometry": { "type": "Polygon", "coordinates": [ [ [ -99.178116464456494, 19.3579119188025 ], [ -99.178062105046905, 19.358168381627198 ], [ -99.177628554489303, 19.360210038959998 ], [ -99.175651966602899, 19.359785422458696 ], [ -99.175114513982095, 19.362280752865196 ], [ -99.174763078218007, 19.361947879246596 ], [ -99.174186338990111, 19.3613759919707 ], [ -99.173778846672704, 19.361160348997394 ], [ -99.173732210082804, 19.361091353655798 ], [ -99.17364189696471, 19.360984212082901 ], [ -99.173475195204404, 19.360786447532497 ], [ -99.173324296580205, 19.360644205564999 ], [ -99.172956785354899, 19.360307675800801 ], [ -99.172438415153991, 19.359983009320896 ], [ -99.171802919858095, 19.359601082971999 ], [ -99.171854293503614, 19.359449264947489 ], [ -99.172450567117707, 19.357934376741099 ], [ -99.172763727654399, 19.3571940130957 ], [ -99.173018893378199, 19.356779497076804 ], [ -99.173584799359105, 19.356148294411003 ], [ -99.174216603173406, 19.355476562995392 ], [ -99.174799971981002, 19.354842703568401 ], [ -99.1749605511136, 19.354899411582299 ], [ -99.175461066743694, 19.355076165932303 ], [ -99.175356402571893, 19.355504716434901 ], [ -99.175869785271601, 19.355633343266902 ], [ -99.176859419336196, 19.355861282760401 ], [ -99.176458824672693, 19.357111805166298 ], [ -99.177102185644088, 19.357345947582001 ], [ -99.177745414903995, 19.357456835221797 ], [ -99.177776034079827, 19.3576874006887 ], [ -99.177782822617303, 19.357738518964698 ], [ -99.178036407308198, 19.357785224617697 ], [ -99.178116464456494, 19.3579119188025 ] ] ] } },
{ "type": "Feature", "properties": { "colonia": "Buenavista", "alcaldia": "Cuauhtemoc" }, "geometry": { "type": "Polygon", "coordinates": [ [ [ -99.147637932987095, 19.444361073399108 ], [ -99.147845001740293, 19.443443359421099 ], [ -99.148045509243985, 19.442554714456005 ], [ -99.148247905531107, 19.441657688487396 ], [ -99.148729367895996, 19.440052589464191 ], [ -99.148755097328802, 19.4399668117719 ], [ -99.148870727714893, 19.439137682329996 ], [ -99.148888884970603, 19.439007484694095 ], [ -99.148917860406598, 19.438799714254504 ], [ -99.149000807501196, 19.438357944797797 ], [ -99.149108637039106, 19.437890641843197 ], [ -99.150552144773599, 19.438229713839 ], [ -99.151177434270394, 19.438349103241496 ], [ -99.152296475795694, 19.438609816020197 ], [ -99.153415520844703, 19.438870521867095 ], [ -99.15359387871689, 19.438945663698501 ], [ -99.155648017317915, 19.439776759132698 ], [ -99.154750015407501, 19.441914920406596 ], [ -99.154552853581194, 19.4427185643172 ], [ -99.154371928105121, 19.443497947561902 ], [ -99.153307945631781, 19.445948925837293 ], [ -99.1532453678319, 19.446353450067196 ], [ -99.152969449460898, 19.447801773912197 ], [ -99.152916437473706, 19.448080036316398 ], [ -99.152590453698807, 19.449890957938099 ], [ -99.152422171917905, 19.450766032780205 ], [ -99.1522404741457, 19.451710860948793 ], [ -99.151988104595503, 19.453071461289099 ], [ -99.151927466166711, 19.453398377950197 ], [ -99.151811019406907, 19.454026167342395 ], [ -99.150255466344106, 19.453758885300804 ], [ -99.149995603775906, 19.453712666832303 ], [ -99.149048303759301, 19.453418240974401 ], [ -99.14880104241972, 19.4533417542564 ], [ -99.147155617579401, 19.4528327554385 ], [ -99.145818636266199, 19.452423916773004 ], [ -99.145968348744915, 19.451723197923897 ], [ -99.146062178498099, 19.451306769077298 ], [ -99.146166478351304, 19.450843870011095 ], [ -99.146371592138905, 19.449962907897405 ], [ -99.146587386871502, 19.448990199925699 ], [ -99.146795342761294, 19.448052814894801 ], [ -99.147011748236196, 19.447097721189699 ], [ -99.147228151217703, 19.4461426271424 ], [ -99.147407901473485, 19.445365576998 ], [ -99.147637932987095, 19.444361073399108 ] ] ] } },
{ "type": "Feature", "properties": { "colonia": "Centro", "alcaldia": "Cuauhtemoc" }, "geometry": { "type": "Polygon", "coordinates": [ [ [ -99.134166713873796, 19.426700089196398 ], [ -99.135154968791397, 19.426816636007999 ], [ -99.136139659894184, 19.426932701486201 ], [ -99.136141442179905, 19.426903260061199 ], [ -99.137163913382594, 19.427027028277593 ], [ -99.137220607193299, 19.427033890782699 ], [ -99.137310906587899, 19.426374468295396 ], [ -99.139276463930713, 19.426557129886994 ], [ -99.139381156493812, 19.426566858483099 ], [ -99.141343616545782, 19.426709370709201 ], [ -99.141405489789804, 19.426735994608499 ], [ -99.141501131848784, 19.426799933074992 ], [ -99.141605196549506, 19.426850528886401 ], [ -99.141678000923491, 19.426875133060999 ], [ -99.141766104279782, 19.426890489573498 ], [ -99.141867117517705, 19.426903477388397 ], [ -99.142003185548901, 19.426913247452894 ], [ -99.141894003608797, 19.427439537964897 ], [ -99.141888968298005, 19.427466553527697 ], [ -99.14185053173199, 19.4276727739589 ], [ -99.141795285101679, 19.427969183078499 ], [ -99.141640085974501, 19.429049194222902 ], [ -99.141227673474305, 19.43201313122 ], [ -99.141097632899999, 19.432833331790292 ], [ -99.140891049288001, 19.4341362928112 ], [ -99.140877931259396, 19.434211560128201 ], [ -99.140776718047704, 19.434792288869001 ], [ -99.140573857337998, 19.436106814615702 ], [ -99.140563635232098, 19.436260895946202 ], [ -99.140459214456101, 19.436930212683897 ], [ -99.140313951551008, 19.437790782539395 ], [ -99.140183806166817, 19.438665959699897 ], [ -99.140046799081901, 19.439503913717196 ], [ -99.140016418456, 19.439689724604303 ], [ -99.140001264394016, 19.439770485394 ], [ -99.139983632146794, 19.439905188940401 ], [ -99.1398877839422, 19.440484910625898 ], [ -99.139855769865903, 19.440738576961898 ], [ -99.139844317900497, 19.440829317423798 ], [ -99.139846904826513, 19.440957738617296 ], [ -99.139799071987497, 19.440951584778205 ], [ -99.139751239151906, 19.440945430926501 ], [ -99.139710339463505, 19.441200075595695 ], [ -99.139447416378502, 19.4428370364203 ], [ -99.139112948780905, 19.443355860444498 ], [ -99.138946018736604, 19.4436147998086 ], [ -99.138778889550593, 19.443874047100199 ], [ -99.138769464285303, 19.443919297458997 ], [ -99.138764751650797, 19.443941922638203 ], [ -99.138760039014997, 19.443964547817103 ], [ -99.137862743336797, 19.443885300078101 ], [ -99.13696544849978, 19.443806047895595 ], [ -99.135208484352589, 19.443650431104 ], [ -99.133959819069304, 19.443528965737599 ], [ -99.133246146531093, 19.443459538468698 ], [ -99.132727917541899, 19.443409122480301 ], [ -99.132148601157198, 19.443354060742898 ], [ -99.1315692851514, 19.443298997153299 ], [ -99.130793330955584, 19.4432252402801 ], [ -99.129649236177187, 19.443173494431601 ], [ -99.128752247294599, 19.443132919776701 ], [ -99.127378977231601, 19.4430707922482 ], [ -99.125699765852815, 19.442917606745599 ], [ -99.124733053760593, 19.442835252458501 ], [ -99.124404297187908, 19.4428148841547 ], [ -99.124003559624995, 19.4427777652397 ], [ -99.123795071351907, 19.442758453345199 ], [ -99.123572744078899, 19.442738895425794 ], [ -99.123222130039593, 19.442671455010196 ], [ -99.123022078755895, 19.442634809433599 ], [ -99.123167123419591, 19.441574947678703 ], [ -99.123254847313319, 19.440860170343001 ], [ -99.123335453311, 19.440200007646297 ], [ -99.123409973493082, 19.439598729520501 ], [ -99.123613074307301, 19.438639563848895 ], [ -99.123785897090698, 19.437490342844402 ], [ -99.123951136332295, 19.436429526786 ], [ -99.124082747705202, 19.435591142687596 ], [ -99.124219499626321, 19.434731159432193 ], [ -99.124366682995003, 19.433953507115799 ], [ -99.124537863526996, 19.432817391404502 ], [ -99.1246267022143, 19.432826766694696 ], [ -99.125167711697202, 19.432883859336702 ], [ -99.125629489181506, 19.4329325893309 ], [ -99.126091266933997, 19.432981318148499 ], [ -99.126064491884804, 19.433167535465095 ], [ -99.125937316898202, 19.434052016756702 ], [ -99.125927498846806, 19.434120299305796 ], [ -99.126816137683306, 19.434231590111398 ], [ -99.127201720065386, 19.434279878039295 ], [ -99.127645355983489, 19.434335435179495 ], [ -99.127634555820919, 19.434424506520298 ], [ -99.127544507239293, 19.435167153442098 ], [ -99.127949014640294, 19.435217529636201 ], [ -99.128765995892408, 19.435319271296496 ], [ -99.129582978138998, 19.435421009272599 ], [ -99.129702584068099, 19.434589391182701 ], [ -99.129875124015413, 19.4333897088699 ], [ -99.129981060599718, 19.432653115703896 ], [ -99.130143909903694, 19.431449000313798 ], [ -99.130275605822305, 19.430475221627297 ], [ -99.130386574011808, 19.4296546978237 ], [ -99.130497541112916, 19.428834173884592 ], [ -99.131669818537318, 19.428995020407697 ], [ -99.132090228924611, 19.429052702397399 ], [ -99.132565735106596, 19.429117942527096 ], [ -99.132635320544708, 19.428638061272505 ], [ -99.1326867727619, 19.428283230136195 ], [ -99.132811586360006, 19.427422468808697 ], [ -99.132937338775406, 19.426555223918296 ], [ -99.134166713873796, 19.426700089196398 ] ], [ [ -99.137025364848014, 19.428675322293493 ], [ -99.137065172724604, 19.428672378994399 ], [ -99.136985556969819, 19.428678265584001 ], [ -99.137025364848014, 19.428675322293493 ] ] ] } },
{ "type": "Feature", "properties": { "colonia": "Centro Urbano Presidente Aleman", "alcaldia": "Benito Juarez" }, "geometry": { "type": "Polygon", "coordinates": [ [ [ -99.1710152452617, 19.371987727237698 ], [ -99.17103814778342, 19.371874298742192 ], [ -99.171049532346913, 19.371829287993201 ], [ -99.171207879792505, 19.371203232641999 ], [ -99.171552578336701, 19.369626692092798 ], [ -99.172336608191003, 19.369795465399292 ], [ -99.172820449203286, 19.369918586983495 ], [ -99.173115965541996, 19.369979247733998 ], [ -99.173167573955894, 19.3699899539745 ], [ -99.172557511229698, 19.372318755015094 ], [ -99.1710152452617, 19.371987727237698 ] ] ] } },
{ "type": "Feature", "properties": { "colonia": "Ciudad de los Deportes", "alcaldia": "Benito Juarez" }, "geometry": { "type": "Polygon", "coordinates": [ [ [ -99.174846704948806, 19.386118608018801 ], [ -99.174958857868887, 19.385789838500099 ], [ -99.175163139683491, 19.385190979253604 ], [ -99.17543774542591, 19.384321951883901 ], [ -99.175741630233205, 19.383446155003099 ], [ -99.175807044289598, 19.383170146020401 ], [ -99.17604233498939, 19.383081925932803 ], [ -99.176639346089019, 19.382827574269406 ], [ -99.177712307244391, 19.382417859510596 ], [ -99.178190444046095, 19.382245834107795 ], [ -99.178739098156399, 19.382048435797898 ], [ -99.178825056013309, 19.382001493076594 ], [ -99.179061125753506, 19.381872571925499 ], [ -99.179240973807197, 19.3816656031027 ], [ -99.179502699782901, 19.381521189314704 ], [ -99.179797146582104, 19.381351800961905 ], [ -99.180344458232, 19.3810616856038 ], [ -99.180886913093602, 19.3807749117972 ], [ -99.181547902401803, 19.380436161866005 ], [ -99.181887259078806, 19.380552637496997 ], [ -99.181982228430201, 19.380567480872703 ], [ -99.182346370046801, 19.380613362388797 ], [ -99.183059116492103, 19.380702494089501 ], [ -99.183786208526584, 19.380780569749099 ], [ -99.184803168627212, 19.380889766642895 ], [ -99.18440277117891, 19.381893107944304 ], [ -99.1840092644197, 19.382879169337997 ], [ -99.183628743525887, 19.3838326782971 ], [ -99.18358102183322, 19.383952264930105 ], [ -99.183092068070195, 19.385177459093299 ], [ -99.183071766053601, 19.385228330645901 ], [ -99.1826423542729, 19.385223079794599 ], [ -99.182462041337018, 19.385218335283898 ], [ -99.181939485926094, 19.385219097619196 ], [ -99.181752343384701, 19.385216980443602 ], [ -99.180835779462825, 19.385217677655199 ], [ -99.180622364550402, 19.385237428991001 ], [ -99.180210129120994, 19.385298760561398 ], [ -99.179944197380621, 19.385345188422402 ], [ -99.179158795257479, 19.385474201469599 ], [ -99.178664334393986, 19.385556712195104 ], [ -99.178388717843404, 19.385602703732896 ], [ -99.177873711678501, 19.385688640510697 ], [ -99.177681794482694, 19.3857206644802 ], [ -99.177336020355014, 19.385769201069099 ], [ -99.176734086638092, 19.385853693347702 ], [ -99.175996275375994, 19.385957215875504 ], [ -99.175063085036115, 19.386088237742495 ], [ -99.174846704948806, 19.386118608018801 ] ] ] } },
{ "type": "Feature", "properties": { "colonia": "Claveria", "alcaldia": "Azcapotzalco" }, "geometry": { "type": "Polygon", "coordinates": [ [ [ -99.187480821696894, 19.469480751219901 ], [ -99.186355746583104, 19.469374068655 ], [ -99.185523616902501, 19.469263739148399 ], [ -99.184978824566301, 19.469222332605899 ], [ -99.184365570805994, 19.469172720119797 ], [ -99.184239711563507, 19.469121324183796 ], [ -99.18415679421571, 19.469118696664996 ], [ -99.184065342388621, 19.469154042766196 ], [ -99.183999456220306, 19.469251578069802 ], [ -99.183955821973001, 19.469262575252003 ], [ -99.182904728126502, 19.4695157429184 ], [ -99.181798392863598, 19.4697822086695 ], [ -99.181355188091487, 19.4698885300391 ], [ -99.180931514356004, 19.469990164923598 ], [ -99.180500658376999, 19.470093521608398 ], [ -99.179979839807899, 19.470218457595095 ], [ -99.179651441981903, 19.470297234077599 ], [ -99.179353746766907, 19.470365252105999 ], [ -99.178822797290991, 19.470486563204602 ], [ -99.178798904483813, 19.470492022181801 ], [ -99.178746261539402, 19.470504049915895 ], [ -99.17827337945738, 19.470017061426301 ], [ -99.177736719579684, 19.469509494532794 ], [ -99.176531596105391, 19.468369684760994 ], [ -99.176395117434211, 19.468240601254895 ], [ -99.176266988794893, 19.468119415047301 ], [ -99.176489535118804, 19.4678261074083 ], [ -99.1770564308448, 19.466798196795501 ], [ -99.177149710077103, 19.466519989585194 ], [ -99.177221153420021, 19.466241803669696 ], [ -99.177286103702997, 19.465729888200201 ], [ -99.177354757219121, 19.464866204481002 ], [ -99.177491416951796, 19.463400794546899 ], [ -99.177609261489707, 19.462136504882398 ], [ -99.177611616703118, 19.462111252434099 ], [ -99.177619011813903, 19.462029982069495 ], [ -99.177626406917611, 19.461948711703993 ], [ -99.17773766509832, 19.460726002328201 ], [ -99.177753065323614, 19.460640405341298 ], [ -99.177775505047293, 19.460515681503704 ], [ -99.177840258827999, 19.4603435676778 ], [ -99.178005660473602, 19.460058778904099 ], [ -99.178394524590686, 19.459427311396102 ], [ -99.178569147536919, 19.459143743343596 ], [ -99.178709804017998, 19.458915332176996 ], [ -99.178835642177816, 19.458935904478693 ], [ -99.178964786028104, 19.458956351564701 ], [ -99.178925641824307, 19.459016890013004 ], [ -99.17851573189651, 19.459650832795699 ], [ -99.179008758193916, 19.460420565521797 ], [ -99.179034625518895, 19.460460950401298 ], [ -99.179297867782097, 19.460871931115598 ], [ -99.179619864141003, 19.461374636875298 ], [ -99.179793223418287, 19.461624293435797 ], [ -99.180390560266289, 19.461982542686297 ], [ -99.181242830276204, 19.462493680415101 ], [ -99.181661329471794, 19.4627440677157 ], [ -99.182079829947099, 19.462994454032799 ], [ -99.182383095567914, 19.463175894936807 ], [ -99.1829463585741, 19.463512887338595 ], [ -99.183412829110779, 19.463816035971199 ], [ -99.183902203877594, 19.463841173493901 ], [ -99.184555906346006, 19.463874712423195 ], [ -99.185291338255311, 19.4639125213745 ], [ -99.185695567731997, 19.463933281152503 ], [ -99.186330631755908, 19.463965893934098 ], [ -99.186462533432405, 19.463566617534301 ], [ -99.186628182784801, 19.4631432564622 ], [ -99.186680661743608, 19.463009132007304 ], [ -99.188028912245898, 19.463665081615304 ], [ -99.1880046952041, 19.463811597363197 ], [ -99.187935496851296, 19.464580628685997 ], [ -99.187856969473401, 19.465478904295196 ], [ -99.187835617273919, 19.465723150719196 ], [ -99.187774741412099, 19.466440827327901 ], [ -99.187739123025295, 19.466813483229792 ], [ -99.187653495350602, 19.467709352524704 ], [ -99.187592118498017, 19.468357502735699 ], [ -99.187554666194515, 19.468735486905697 ], [ -99.187508422041802, 19.469202199724897 ], [ -99.187480821696894, 19.469480751219901 ] ] ] } },
{ "type": "Feature", "properties": { "colonia": "Condesa", "alcaldia": "Cuauhtemoc" }, "geometry": { "type": "Polygon", "coordinates": [ [ [ -99.179875939589209, 19.415609968931495 ], [ -99.179837373114495, 19.415677863242497 ], [ -99.178913031322907, 19.417013787625091 ], [ -99.178831629952697, 19.416985170150998 ], [ -99.178817126386207, 19.417008533805404 ], [ -99.178247940544097, 19.418018954959699 ], [ -99.177511095479005, 19.419237681863699 ], [ -99.1771571183303, 19.420049501802598 ], [ -99.177126009557995, 19.420120847012399 ], [ -99.177094900758803, 19.4201921922166 ], [ -99.1767847182183, 19.420253394642796 ], [ -99.176624266781005, 19.420273850826895 ], [ -99.176563480497705, 19.4203285992287 ], [ -99.176561921739804, 19.420308835747001 ], [ -99.1765603629824, 19.420289072265305 ], [ -99.176557245468615, 19.420249545301701 ], [ -99.176538801310983, 19.420169691498501 ], [ -99.176518381534606, 19.420130915843497 ], [ -99.176497961768007, 19.420092140185805 ], [ -99.176170660259416, 19.419673744973199 ], [ -99.175541412276402, 19.418933583378099 ], [ -99.175009077275902, 19.418241253840602 ], [ -99.174834491698107, 19.418030128367395 ], [ -99.174716517267115, 19.417949236166589 ], [ -99.173644994998995, 19.4172145121453 ], [ -99.17321168698281, 19.416906911844997 ], [ -99.172487400871503, 19.416352724347096 ], [ -99.1718982457691, 19.415974231413497 ], [ -99.171826481858616, 19.415967922456598 ], [ -99.1717510329986, 19.4159515705709 ], [ -99.171684912323613, 19.415917432945804 ], [ -99.171637881222594, 19.415856811617001 ], [ -99.171531344610699, 19.415912711370705 ], [ -99.171144107212086, 19.416115893962104 ], [ -99.171003614730509, 19.416168557740004 ], [ -99.170863122157684, 19.4162212214096 ], [ -99.170556516124705, 19.4162695913842 ], [ -99.17043234367631, 19.4162901984458 ], [ -99.170339132530302, 19.416194376653408 ], [ -99.170012638809197, 19.415858737258102 ], [ -99.1706843475597, 19.4148111864403 ], [ -99.170886885938998, 19.414507864591801 ], [ -99.170970021207808, 19.414337942877903 ], [ -99.171515866025899, 19.413222270854597 ], [ -99.171527074233083, 19.413227653697898 ], [ -99.171538282441006, 19.413233036540493 ], [ -99.171640531166901, 19.413282125908701 ], [ -99.171666951794009, 19.413294810374197 ], [ -99.171717239684497, 19.4133189822231 ], [ -99.172094089613793, 19.4134999666121 ], [ -99.172138307962896, 19.413521202655595 ], [ -99.172874049982113, 19.412699757353696 ], [ -99.173276346363096, 19.412250594522703 ], [ -99.174082154174698, 19.411468708987396 ], [ -99.174162292402599, 19.411466375859099 ], [ -99.174774647352194, 19.411448546710897 ], [ -99.174978918780781, 19.411414146432605 ], [ -99.175314434862997, 19.411396976253894 ], [ -99.175861869322404, 19.4114332267464 ], [ -99.176880641195282, 19.411431930559196 ], [ -99.177497730974011, 19.411402766288905 ], [ -99.177817395971502, 19.411393938727599 ], [ -99.177923156188399, 19.411391867575496 ], [ -99.178034017416593, 19.411362589346503 ], [ -99.178655992940179, 19.411342484338199 ], [ -99.178887562390102, 19.411340946786201 ], [ -99.179365460749011, 19.411407603951595 ], [ -99.179800660166805, 19.411414783309901 ], [ -99.180334192127702, 19.411419942393099 ], [ -99.180796291052701, 19.411424409475195 ], [ -99.181140279224508, 19.411427734024695 ], [ -99.180885075247303, 19.410763323797301 ], [ -99.181105465322204, 19.4109467672214 ], [ -99.1811374076985, 19.410973354654399 ], [ -99.181902407180402, 19.411322184599801 ], [ -99.182013824861997, 19.411368457670001 ], [ -99.182349158741204, 19.411387984313802 ], [ -99.182195017713198, 19.411527565805493 ], [ -99.181172553623497, 19.413327526208299 ], [ -99.179875939589209, 19.415609968931495 ] ] ] } },
{ "type": "Feature", "properties": { "colonia": "Credito Constructor", "alcaldia": "Benito Juarez" }, "geometry": { "type": "Polygon", "coordinates": [ [ [ -99.180925605575098, 19.367926815961297 ], [ -99.180771108974696, 19.367848681600204 ], [ -99.180201690650406, 19.367560343450698 ], [ -99.179812021987686, 19.367357915259596 ], [ -99.179392865584703, 19.367066743670303 ], [ -99.178768554663705, 19.366414638102398 ], [ -99.177801797365603, 19.365364292739997 ], [ -99.177573560637001, 19.365116319391301 ], [ -99.177680400524096, 19.365024896916697 ], [ -99.177821908675881, 19.3649038086898 ], [ -99.178259956740504, 19.364528970053701 ], [ -99.178682500450407, 19.364124743142597 ], [ -99.178856848672794, 19.363930263657302 ], [ -99.179037659423798, 19.363733732298801 ], [ -99.179212640594599, 19.363467524276398 ], [ -99.179253074111102, 19.363399904667499 ], [ -99.179385761919505, 19.363252673620604 ], [ -99.179454029122397, 19.363182171123299 ], [ -99.1795254548218, 19.363107203567196 ], [ -99.179688715207405, 19.362957903062192 ], [ -99.179803928423695, 19.362883134027395 ], [ -99.179923472940999, 19.362827791471897 ], [ -99.180073196993419, 19.362780600397699 ], [ -99.180229393959195, 19.362740561521495 ], [ -99.180604038898693, 19.362760461307104 ], [ -99.181254982629, 19.362749749383706 ], [ -99.181525585484493, 19.362677913417798 ], [ -99.182539903702207, 19.362348258853203 ], [ -99.182675460846994, 19.362229166968199 ], [ -99.182809364078295, 19.3621147038311 ], [ -99.182708751228404, 19.3624977847177 ], [ -99.182667599027894, 19.362647133848604 ], [ -99.182143260342315, 19.3643069682674 ], [ -99.182096304101094, 19.364434934375403 ], [ -99.181957527942686, 19.364912303426202 ], [ -99.181642742854294, 19.365872281995003 ], [ -99.181202336927882, 19.3671764228617 ], [ -99.181168148376997, 19.367301104071796 ], [ -99.181001982060295, 19.367764087944792 ], [ -99.180925605575098, 19.367926815961297 ] ] ] } },
{ "type": "Feature", "properties": { "colonia": "Cuauhtemoc", "alcaldia": "Cuauhtemoc" }, "geometry": { "type": "Polygon", "coordinates": [ [ [ -99.169430163748501, 19.436166983249603 ], [ -99.169161926526897, 19.436025807588504 ], [ -99.168742606448404, 19.435848431292399 ], [ -99.168661340512699, 19.435814031575198 ], [ -99.168135790029893, 19.435628995264199 ], [ -99.168038317585399, 19.435594676859402 ], [ -99.167689222538797, 19.435471765827305 ], [ -99.165918627772101, 19.434848353216594 ], [ -99.164793250097205, 19.434542860221502 ], [ -99.163686407811781, 19.434215266750599 ], [ -99.162537600947815, 19.433780920610403 ], [ -99.161985004688802, 19.433559368841699 ], [ -99.160917239467096, 19.433089581551201 ], [ -99.159980694793006, 19.432699329598801 ], [ -99.159053753789493, 19.432378819399499 ], [ -99.159358388145293, 19.431774039098098 ], [ -99.1596377366767, 19.431219453508103 ], [ -99.1597108635751, 19.431078740252101 ], [ -99.159783990348217, 19.430938026965396 ], [ -99.159909119313298, 19.4307496852459 ], [ -99.160217232657203, 19.430594808030495 ], [ -99.160498725244096, 19.430465339124392 ], [ -99.161579249965001, 19.4299683596759 ], [ -99.162639948147103, 19.429402444858898 ], [ -99.163447713386205, 19.429108951277499 ], [ -99.163436895899821, 19.428863042764601 ], [ -99.16364982492432, 19.428670288552496 ], [ -99.163731014108009, 19.428670215356895 ], [ -99.163781766997019, 19.428679797703495 ], [ -99.163913738056195, 19.428718191094902 ], [ -99.164134179933896, 19.428618658386295 ], [ -99.16435462154142, 19.428519125410901 ], [ -99.165006837487127, 19.428223072576696 ], [ -99.165853022392497, 19.427840152242599 ], [ -99.166322981059693, 19.4276092897802 ], [ -99.166749352547683, 19.4274184928782 ], [ -99.167173427454799, 19.427235687854601 ], [ -99.167271393966203, 19.427203513939304 ], [ -99.167248977926306, 19.427069669802901 ], [ -99.167254052349307, 19.426925072703099 ], [ -99.167294632290293, 19.426815653836101 ], [ -99.167346530843005, 19.426721237672801 ], [ -99.167428909950999, 19.426648968496696 ], [ -99.167500731839297, 19.426623665650094 ], [ -99.167572553705085, 19.426598362775305 ], [ -99.167732540155001, 19.426599046624098 ], [ -99.167979451359798, 19.426658455936998 ], [ -99.168090338298185, 19.426769879536497 ], [ -99.168120370812005, 19.426751979170792 ], [ -99.168150403319103, 19.426734078800095 ], [ -99.168943856048713, 19.426376777021396 ], [ -99.169838826012082, 19.425973754717692 ], [ -99.170294101979394, 19.4257687326797 ], [ -99.171460068336614, 19.425243661619504 ], [ -99.1714576694106, 19.425229166018497 ], [ -99.171455270484898, 19.425214670417397 ], [ -99.171450472635001, 19.425185679215094 ], [ -99.171451677623097, 19.425159964516897 ], [ -99.171473747455295, 19.4250594270321 ], [ -99.17148358228431, 19.425039548175391 ], [ -99.171505733022514, 19.425016151292205 ], [ -99.171554954954104, 19.424962340080096 ], [ -99.171577111806087, 19.424944787173605 ], [ -99.171468520681501, 19.424667282374102 ], [ -99.171514371353297, 19.424651798113302 ], [ -99.171560222016382, 19.424636313840896 ], [ -99.171606072670698, 19.424620829557 ], [ -99.171651923316304, 19.424605345261593 ], [ -99.171687436089414, 19.424608119138103 ], [ -99.171722948863604, 19.424610893007699 ], [ -99.171782123054385, 19.424602414699102 ], [ -99.171856084142604, 19.424585500035295 ], [ -99.171889820759404, 19.424569647880201 ], [ -99.171934906908405, 19.424551782091299 ], [ -99.172270386879603, 19.424387011719503 ], [ -99.172775404310499, 19.424162638793099 ], [ -99.174146277319807, 19.423521443411701 ], [ -99.174764115583116, 19.423244411489392 ], [ -99.174929131199903, 19.423170419776596 ], [ -99.1749794603749, 19.423192830873393 ], [ -99.175137923291899, 19.423188002113601 ], [ -99.175184478753096, 19.423212754798897 ], [ -99.175231034228403, 19.423237507472098 ], [ -99.175301242990983, 19.423358325182196 ], [ -99.175328866078203, 19.423405859905802 ], [ -99.175342056028498, 19.423428557597699 ], [ -99.175426698130707, 19.423574212282098 ], [ -99.175798454646795, 19.423533594273493 ], [ -99.175947038383782, 19.423498572709494 ], [ -99.176125937002794, 19.423498399298605 ], [ -99.176515531626094, 19.4234552444467 ], [ -99.177456041874393, 19.423684153547295 ], [ -99.177522121226801, 19.423700236274399 ], [ -99.177555160907787, 19.423708277628901 ], [ -99.177588200592098, 19.423716318977299 ], [ -99.177030832067118, 19.424601287462995 ], [ -99.176735877109095, 19.425110727155197 ], [ -99.176368433589317, 19.425680593443499 ], [ -99.175635598728604, 19.4268171292236 ], [ -99.175596508168894, 19.426877753295791 ], [ -99.174847453354701, 19.427951922265002 ], [ -99.17481310230599, 19.428003196149501 ], [ -99.174778751235706, 19.428054470027501 ], [ -99.174000874279301, 19.429219462596198 ], [ -99.173776809062701, 19.429598530550201 ], [ -99.173552742811779, 19.429977598219999 ], [ -99.173021752607596, 19.430967441339103 ], [ -99.172329378352401, 19.432258107518798 ], [ -99.171370331353486, 19.4337130907392 ], [ -99.171079708553904, 19.434157147358 ], [ -99.169530625522498, 19.4362198570185 ], [ -99.169430163748501, 19.436166983249603 ] ] ] } },
{ "type": "Feature", "properties": { "colonia": "Cuauhtemoc Pensil", "alcaldia": "Miguel Hidalgo" }, "geometry": { "type": "Polygon", "coordinates": [ [ [ -99.195432350032007, 19.447155069664401 ], [ -99.195133369072295, 19.447115133556999 ], [ -99.194589379398579, 19.447042469319399 ], [ -99.193998715562998, 19.446963568587101 ], [ -99.193447092418012, 19.446892813438197 ], [ -99.192354989484997, 19.446747475937798 ], [ -99.191600886369002, 19.446647115595599 ], [ -99.191459866753704, 19.446628347539001 ], [ -99.191510211330112, 19.446285044073999 ], [ -99.191691614968491, 19.445048027172092 ], [ -99.191727680036706, 19.444802092201702 ], [ -99.191995975464096, 19.442840820397691 ], [ -99.192058583505698, 19.442526827882695 ], [ -99.192261427937112, 19.4426502008636 ], [ -99.192639632265994, 19.442873711042502 ], [ -99.193089997138699, 19.4430077012358 ], [ -99.194171790339212, 19.443156355460498 ], [ -99.195245083409787, 19.443274604855102 ], [ -99.195800391442816, 19.443347089448196 ], [ -99.196353538680299, 19.443453031131906 ], [ -99.196236846267297, 19.444364233694696 ], [ -99.196091035352083, 19.445318178130297 ], [ -99.196084931603224, 19.445402497509995 ], [ -99.195922383399207, 19.445409333349296 ], [ -99.195569349812999, 19.446667013914396 ], [ -99.195432350032007, 19.447155069664401 ] ] ] } },
{ "type": "Feature", "properties": { "colonia": "Del Carmen", "alcaldia": "Coyoacan" }, "geometry": { "type": "Polygon", "coordinates": [ [ [ -99.1625807782858, 19.351150008947197 ], [ -99.162766623690999, 19.350395206140803 ], [ -99.163895534433379, 19.350705074217899 ], [ -99.164138600497708, 19.349730273076698 ], [ -99.164268838039007, 19.349207958762101 ], [ -99.165909711323096, 19.349266328431199 ], [ -99.167450398898296, 19.349321638428499 ], [ -99.168485360197309, 19.3493587857389 ], [ -99.168938948441706, 19.349375064279396 ], [ -99.169270904401003, 19.349393618681596 ], [ -99.170030979108404, 19.349436100130301 ], [ -99.170218215624686, 19.3494465645039 ], [ -99.170390517466913, 19.349456194029205 ], [ -99.169842813359494, 19.350812929381199 ], [ -99.169751717607497, 19.351006869205698 ], [ -99.169719538336196, 19.351075374207795 ], [ -99.169687359038306, 19.351143879203995 ], [ -99.173289935891304, 19.351195669607005 ], [ -99.174107312184503, 19.3511732076506 ], [ -99.174533151194098, 19.351216465385701 ], [ -99.176541995762619, 19.351654800537503 ], [ -99.1774656499272, 19.351877163653 ], [ -99.177528404576208, 19.351892271192298 ], [ -99.177480989155896, 19.351966645022394 ], [ -99.177415873808002, 19.352068782083197 ], [ -99.177303342798794, 19.352245292903195 ], [ -99.177237472789599, 19.352361287852197 ], [ -99.177171226197984, 19.3524779457615 ], [ -99.177104979512805, 19.352594603645905 ], [ -99.176064713881601, 19.353431805425 ], [ -99.175585349673213, 19.353872608226599 ], [ -99.175481041146995, 19.353982734047001 ], [ -99.175255797468196, 19.354257516955695 ], [ -99.174983308633912, 19.354643497714889 ], [ -99.174216603173406, 19.355476562995392 ], [ -99.173584799359105, 19.356148294411003 ], [ -99.173018893378199, 19.356779497076804 ], [ -99.172763727654399, 19.3571940130957 ], [ -99.172450567117707, 19.357934376741099 ], [ -99.171854293503614, 19.3594492649476 ], [ -99.171802919858195, 19.359601082971999 ], [ -99.171663334064903, 19.3595246559569 ], [ -99.171031058229204, 19.359127124566001 ], [ -99.170579079672194, 19.358886609436595 ], [ -99.170464691935294, 19.358830359523999 ], [ -99.170295817961502, 19.358756224473598 ], [ -99.1700849672727, 19.358692818465801 ], [ -99.169641388851716, 19.358618064952704 ], [ -99.169303869555094, 19.3585987199092 ], [ -99.168815073477404, 19.358576046419493 ], [ -99.168472875012, 19.358560172280296 ], [ -99.167571457492784, 19.358504549491499 ], [ -99.167272666838997, 19.358486111348604 ], [ -99.163469755932184, 19.358278932181797 ], [ -99.161859226069993, 19.358195211780199 ], [ -99.157142475782507, 19.357925019386904 ], [ -99.156697246124693, 19.357899508674393 ], [ -99.153208300948307, 19.357709413213193 ], [ -99.152993783856317, 19.357698620051895 ], [ -99.152978269267592, 19.357630336422595 ], [ -99.152936794213105, 19.357479439266999 ], [ -99.152441252687495, 19.355676506165796 ], [ -99.152272058087505, 19.355060914363197 ], [ -99.151976672832106, 19.354012168566499 ], [ -99.151935711911193, 19.353879306944897 ], [ -99.151765789414696, 19.353328140658995 ], [ -99.151252227452204, 19.351561594504101 ], [ -99.151343833005612, 19.351562024810999 ], [ -99.151435438559204, 19.351562455071797 ], [ -99.151622078807804, 19.351504914106393 ], [ -99.152674212525412, 19.3512966997307 ], [ -99.153215281040502, 19.351174628244301 ], [ -99.15497359967749, 19.350827026903495 ], [ -99.155748329707279, 19.350673864970393 ], [ -99.156100313117804, 19.350601952692298 ], [ -99.157344859766596, 19.350347231122502 ], [ -99.157889845749906, 19.3502356858273 ], [ -99.158675568263021, 19.350074864521098 ], [ -99.159080940457201, 19.349991891688095 ], [ -99.159999074117181, 19.349834256229894 ], [ -99.161782180801694, 19.349528098453298 ], [ -99.161816674490396, 19.349626014661798 ], [ -99.161729329083585, 19.3499868141223 ], [ -99.161622758311623, 19.350427026005793 ], [ -99.161549842204508, 19.3505271955753 ], [ -99.161721006463793, 19.351335583225897 ], [ -99.1625807782858, 19.351150008947197 ] ] ] } },
{ "type": "Feature", "properties": { "colonia": "Del Recreo", "alcaldia": "Azcapotzalco" }, "geometry": { "type": "Polygon", "coordinates": [ [ [ -99.187176632632898, 19.477293129380396 ], [ -99.185663302267187, 19.477482540257096 ], [ -99.185383243686005, 19.477478247564701 ], [ -99.1853375958203, 19.477470241803701 ], [ -99.184738187438796, 19.477365115915902 ], [ -99.184690894275803, 19.477357364915395 ], [ -99.184633313081605, 19.477341825171596 ], [ -99.184569540089711, 19.477304843875601 ], [ -99.184429568697013, 19.477150951907898 ], [ -99.184166040326403, 19.476813903892896 ], [ -99.183935540541398, 19.476595759991099 ], [ -99.183564509068404, 19.476156327297993 ], [ -99.183348429438794, 19.475900411014095 ], [ -99.183128046987008, 19.475639397527498 ], [ -99.182931283545699, 19.475406356648705 ], [ -99.182112659549205, 19.474436792698999 ], [ -99.182092040936894, 19.474412372175799 ], [ -99.181948604823106, 19.474242487292695 ], [ -99.181481460194803, 19.4736892006784 ], [ -99.181203527372304, 19.473356071722698 ], [ -99.180881483469307, 19.472970069170099 ], [ -99.180537884999495, 19.4725689657031 ], [ -99.180194288223518, 19.472167861553203 ], [ -99.179772439321781, 19.4716754046771 ], [ -99.179036447217712, 19.470816214524795 ], [ -99.178939596311807, 19.470703150793696 ], [ -99.178842928866615, 19.470603600381605 ], [ -99.178746261539402, 19.470504049915895 ], [ -99.178798904483813, 19.470492022181801 ], [ -99.178822797290991, 19.470486563204602 ], [ -99.179353746766907, 19.470365252105999 ], [ -99.179651441981903, 19.470297234077599 ], [ -99.179979839807899, 19.470218457595095 ], [ -99.180500658376999, 19.470093521608398 ], [ -99.180931514356004, 19.469990164923598 ], [ -99.181355188091487, 19.4698885300391 ], [ -99.181798392863598, 19.4697822086695 ], [ -99.182904728126502, 19.4695157429184 ], [ -99.183955821973001, 19.469262575252003 ], [ -99.183999456220306, 19.469251578069802 ], [ -99.184065342388621, 19.469154042766196 ], [ -99.18415679421571, 19.469118696664996 ], [ -99.184239711563507, 19.469121324183796 ], [ -99.184365570805994, 19.469172720119797 ], [ -99.184978824566301, 19.469222332605899 ], [ -99.185523616902501, 19.469263739148399 ], [ -99.186355746583104, 19.469374068655 ], [ -99.187480821696894, 19.469480751219901 ], [ -99.187469646645582, 19.469597563093988 ], [ -99.187458471579021, 19.469714374966195 ], [ -99.187443644256504, 19.470006725654098 ], [ -99.187417220054115, 19.470276643808795 ], [ -99.187374411066813, 19.4707139275658 ], [ -99.187372525690421, 19.470733186191605 ], [ -99.187340639739915, 19.471058892145098 ], [ -99.187304491453901, 19.471484701740895 ], [ -99.187282027389799, 19.471749316646395 ], [ -99.187249298011395, 19.472134850102897 ], [ -99.187229496853021, 19.472368781311499 ], [ -99.187186568088805, 19.474263852262805 ], [ -99.187157258708595, 19.475899305598901 ], [ -99.187156571113505, 19.4761956764874 ], [ -99.187156837467128, 19.476237672851202 ], [ -99.187161591814998, 19.476987291598192 ], [ -99.187176632632898, 19.477293129380396 ] ] ] } },
{ "type": "Feature", "properties": { "colonia": "Doctores", "alcaldia": "Cuauhtemoc" }, "geometry": { "type": "Polygon", "coordinates": [ [ [ -99.1439408338194, 19.414180869181695 ], [ -99.143979195804519, 19.413768572043402 ], [ -99.144037020606618, 19.4132237519832 ], [ -99.144109988070099, 19.412603156554198 ], [ -99.144170061192895, 19.411991246309999 ], [ -99.144228102743511, 19.411436548303499 ], [ -99.144250645753502, 19.411128666755403 ], [ -99.144280883014801, 19.410883953211403 ], [ -99.144335243165102, 19.410328989546805 ], [ -99.1443838819918, 19.409864636222995 ], [ -99.14438942680539, 19.409803981827395 ], [ -99.144446828643595, 19.409176063866603 ], [ -99.144520466059006, 19.408485122536693 ], [ -99.144580938521599, 19.407847739878399 ], [ -99.144643798231797, 19.407198490217795 ], [ -99.144606003598199, 19.407196965291096 ], [ -99.149767802540907, 19.406849411986396 ], [ -99.150702357196295, 19.406803802743397 ], [ -99.150926233909118, 19.406792807042297 ], [ -99.15100987130009, 19.406788643197501 ], [ -99.151048134929596, 19.406786738249298 ], [ -99.151500201421001, 19.406757761112704 ], [ -99.154704392390002, 19.406530680797495 ], [ -99.155027572502107, 19.406541762292594 ], [ -99.15519102190882, 19.4065842806571 ], [ -99.155123367271599, 19.4075149613797 ], [ -99.154801175185895, 19.411802520061904 ], [ -99.154748006487495, 19.412945920649396 ], [ -99.154649471548197, 19.41389532166589 ], [ -99.154642863585906, 19.413964474345995 ], [ -99.154616313718492, 19.414242319562799 ], [ -99.154528035506502, 19.415101107413395 ], [ -99.154501386064197, 19.415533610974606 ], [ -99.154474736489604, 19.415966114512294 ], [ -99.154442850918599, 19.416878106948097 ], [ -99.154354419690719, 19.417803660285802 ], [ -99.154286515627902, 19.418558180559195 ], [ -99.154283221753403, 19.418611487775095 ], [ -99.154247226896786, 19.419194017096498 ], [ -99.154228622996385, 19.419420214835796 ], [ -99.154197507746801, 19.419800027357301 ], [ -99.154078797564196, 19.421246928940199 ], [ -99.153954138407599, 19.422581817571 ], [ -99.153843022744297, 19.423555848406103 ], [ -99.15380893967729, 19.423914101048396 ], [ -99.15379189809002, 19.424093227362203 ], [ -99.15377485646691, 19.424272353671196 ], [ -99.153735704569598, 19.424945528714996 ], [ -99.15371612850798, 19.4252821162159 ], [ -99.153696552370889, 19.425618703702696 ], [ -99.153682395964481, 19.425694273728105 ], [ -99.153668239545183, 19.425769843751798 ], [ -99.153564096262798, 19.425835826646097 ], [ -99.153443908519193, 19.425879134218302 ], [ -99.153323720711313, 19.425922441711197 ], [ -99.151176502917693, 19.426470673011895 ], [ -99.150946492379504, 19.426529397971297 ], [ -99.150741111235817, 19.426582387566899 ], [ -99.149011897957607, 19.427063219506501 ], [ -99.148879201813216, 19.427096162137005 ], [ -99.148226754081307, 19.427231284020703 ], [ -99.147810272841298, 19.427211806616505 ], [ -99.147393791693716, 19.427192328256197 ], [ -99.146163489519495, 19.427114196145801 ], [ -99.146077414905108, 19.427108729538499 ], [ -99.145736866136915, 19.427070754571297 ], [ -99.144369927465618, 19.426918319126898 ], [ -99.142985216469, 19.426783131214599 ], [ -99.142595328301795, 19.426741824329397 ], [ -99.142066175247706, 19.426600905460692 ], [ -99.142074407007399, 19.426558111860103 ], [ -99.142082638762886, 19.426515318259003 ], [ -99.142099102261099, 19.426429731055197 ], [ -99.142213077930094, 19.425983758539303 ], [ -99.142369033454287, 19.425393910031605 ], [ -99.142524923405006, 19.424804138503802 ], [ -99.142560697738602, 19.424652568125904 ], [ -99.142585971686117, 19.424539665671698 ], [ -99.142611367177196, 19.424441538025196 ], [ -99.142868710960002, 19.423438076675701 ], [ -99.143021305330905, 19.422844084210102 ], [ -99.143056621287101, 19.4226432237095 ], [ -99.143094422797901, 19.422385839464205 ], [ -99.143104816841287, 19.422295661175703 ], [ -99.143117099858401, 19.422227079585401 ], [ -99.143151486588195, 19.421879204474902 ], [ -99.14318587317689, 19.421531329345395 ], [ -99.143242704816416, 19.420913751107697 ], [ -99.143305458796604, 19.420321926025203 ], [ -99.143399568380303, 19.4193660743618 ], [ -99.143456408579198, 19.418886013528798 ], [ -99.143514216757396, 19.418318344696296 ], [ -99.143574565926997, 19.417757889353201 ], [ -99.143607153941602, 19.417339361718994 ], [ -99.143639832645619, 19.417024256872189 ], [ -99.143652258409105, 19.416973990967602 ], [ -99.143664684165088, 19.416923725061896 ], [ -99.143763144194708, 19.415994740809499 ], [ -99.143796056334821, 19.415594071750498 ], [ -99.143838475396194, 19.415176918726601 ], [ -99.143881177920392, 19.414730723307901 ], [ -99.143921644059901, 19.414297763765802 ], [ -99.1439408338194, 19.414180869181695 ] ], [ [ -99.147062398226197, 19.421913672919995 ], [ -99.14696941781618, 19.421903558955695 ], [ -99.147015908019796, 19.421908615943799 ], [ -99.147062398226197, 19.421913672919995 ] ] ] } },
{ "type": "Feature", "properties": { "colonia": "Escandon", "alcaldia": "Miguel Hidalgo" }, "geometry": { "type": "Polygon", "coordinates": [ [ [ -99.170911368251893, 19.402313967850901 ], [ -99.170818544179994, 19.401932748476604 ], [ -99.170772829231097, 19.401755954180803 ], [ -99.170495171612814, 19.400449268306701 ], [ -99.170461584801203, 19.400291203762997 ], [ -99.170411594864689, 19.400055943074396 ], [ -99.170348554858691, 19.399824701817703 ], [ -99.170498325102699, 19.399786333853893 ], [ -99.170535273127712, 19.399775236660801 ], [ -99.170577219172998, 19.3997626383211 ], [ -99.170611848237101, 19.399752237600904 ], [ -99.170697072074205, 19.399722251722501 ], [ -99.170723054751434, 19.399713109746592 ], [ -99.171644182291502, 19.399389008995993 ], [ -99.172161398483397, 19.399218613932401 ], [ -99.172872423243206, 19.399012710868892 ], [ -99.175149201086995, 19.3983236220351 ], [ -99.175336172408606, 19.398249294391796 ], [ -99.175436261898298, 19.398223889151797 ], [ -99.175535615694102, 19.398226739276701 ], [ -99.175641125262089, 19.398243048408695 ], [ -99.17584350424751, 19.398321162515799 ], [ -99.176041148733106, 19.398393985170198 ], [ -99.176195116630097, 19.398462903243598 ], [ -99.176403178801706, 19.398553475547693 ], [ -99.176359427601, 19.398480504071298 ], [ -99.17634272880241, 19.398423293140297 ], [ -99.176350945330498, 19.398328564404402 ], [ -99.176384121789098, 19.398237758152099 ], [ -99.176471379474194, 19.398156766153601 ], [ -99.176581081853001, 19.398125900910202 ], [ -99.177666472207903, 19.397920967247998 ], [ -99.177752046934103, 19.397903863390198 ], [ -99.178128410082408, 19.397817556631193 ], [ -99.178475128013403, 19.397738534429198 ], [ -99.178877251986506, 19.397644604971301 ], [ -99.179496196213094, 19.397491977159195 ], [ -99.179615005384505, 19.397435654961601 ], [ -99.180140718731394, 19.397313279976803 ], [ -99.180926897179404, 19.397143497187095 ], [ -99.1812029644435, 19.397102371525399 ], [ -99.181450487735404, 19.397056033381503 ], [ -99.182230294980201, 19.396918519026197 ], [ -99.182335082596197, 19.396900040082997 ], [ -99.182436961997979, 19.396795601653299 ], [ -99.183461305008393, 19.396427475785398 ], [ -99.184075099677585, 19.396190226498501 ], [ -99.184353947989806, 19.396144469213102 ], [ -99.185098584624001, 19.396022276722498 ], [ -99.185314779144505, 19.3959563867101 ], [ -99.185194874149005, 19.397035363400501 ], [ -99.185117492125983, 19.397689217861 ], [ -99.185078079351712, 19.398022241807599 ], [ -99.185038651589906, 19.398593567797096 ], [ -99.184966977392818, 19.399632149480695 ], [ -99.184923710457596, 19.3998697250159 ], [ -99.184898485222192, 19.400022973129495 ], [ -99.184891803000298, 19.400115806439199 ], [ -99.184856335465597, 19.400608540365898 ], [ -99.184795804599588, 19.4014494609788 ], [ -99.184740783930295, 19.402213824486996 ], [ -99.184707205280418, 19.402680305757499 ], [ -99.184660569965118, 19.403328168636495 ], [ -99.18460154351429, 19.404034022357198 ], [ -99.184504265875006, 19.405197281067196 ], [ -99.184409586841099, 19.406329450113397 ], [ -99.184405786059614, 19.4063748994311 ], [ -99.184296812087297, 19.407677987664698 ], [ -99.184291699288096, 19.407739124973098 ], [ -99.184276666032403, 19.407918887848592 ], [ -99.182509134712916, 19.407311054804701 ], [ -99.181209547475319, 19.406864128264804 ], [ -99.180702152052703, 19.406687781815101 ], [ -99.178952415276299, 19.406079642916001 ], [ -99.177812220924807, 19.405680401247398 ], [ -99.177115600050811, 19.405441215917197 ], [ -99.174398244917498, 19.404549116244997 ], [ -99.1734935920461, 19.404257992253495 ], [ -99.172580789406979, 19.403964239969302 ], [ -99.171690391854099, 19.403677761233102 ], [ -99.171306728594686, 19.403554318795305 ], [ -99.171176613728306, 19.403512346113896 ], [ -99.171145525771408, 19.403371891772299 ], [ -99.1709956562934, 19.402694782968201 ], [ -99.170911368251893, 19.402313967850901 ] ] ] } },
{ "type": "Feature", "properties": { "colonia": "Extremadura Insurgentes", "alcaldia": "Benito Juarez" }, "geometry": { "type": "Polygon", "coordinates": [ [ [ -99.176776039680519, 19.380163727428389 ], [ -99.177218091223693, 19.378846503736497 ], [ -99.177547605226906, 19.377864598028204 ], [ -99.177851884574196, 19.376957877147998 ], [ -99.177960017374502, 19.376635650098098 ], [ -99.178285415607206, 19.375665981541797 ], [ -99.178438325679807, 19.375154434933098 ], [ -99.178884774800693, 19.373689836590202 ], [ -99.179085265320012, 19.373736971729901 ], [ -99.178922900919204, 19.3742378580544 ], [ -99.179936768115198, 19.374496554057398 ], [ -99.180520344854486, 19.374660441029704 ], [ -99.181055334465, 19.3747991166024 ], [ -99.18163419196739, 19.374936614106304 ], [ -99.182141387081316, 19.3750570877515 ], [ -99.182848458625898, 19.375225035221199 ], [ -99.182653812085306, 19.376062217887405 ], [ -99.182625948806404, 19.376182058271201 ], [ -99.182359819288806, 19.377326676406398 ], [ -99.182329637665404, 19.377453951998696 ], [ -99.182215538982405, 19.377903217113701 ], [ -99.182092641623896, 19.378387124324092 ], [ -99.181986196139803, 19.378423795434895 ], [ -99.181455223313705, 19.378606717599297 ], [ -99.1808025208327, 19.378831573414299 ], [ -99.180255030322115, 19.3790127161611 ], [ -99.179639357404596, 19.379216415299496 ], [ -99.179079053304605, 19.379401793078401 ], [ -99.178494536371502, 19.379595179439704 ], [ -99.177884472650717, 19.379797015422 ], [ -99.177451751856097, 19.379940175780995 ], [ -99.177027984256398, 19.380080372846898 ], [ -99.176776039680519, 19.380163727428389 ] ] ] } },
{ "type": "Feature", "properties": { "colonia": "Florida", "alcaldia": "Alvaro Obregon" }, "geometry": { "type": "Polygon", "coordinates": [ [ [ -99.178116464456494, 19.3579119188025 ], [ -99.178036407308198, 19.357785224617697 ], [ -99.177782822617303, 19.357738518964698 ], [ -99.177776034079827, 19.3576874006887 ], [ -99.177745414903995, 19.357456835221797 ], [ -99.177102185644088, 19.357345947582001 ], [ -99.176458824672693, 19.357111805166298 ], [ -99.176859419336196, 19.355861282760401 ], [ -99.175869785271601, 19.355633343266902 ], [ -99.175356402571893, 19.355504716434901 ], [ -99.175461066743694, 19.355076165932303 ], [ -99.1749605511136, 19.354899411582299 ], [ -99.174799971981002, 19.354842703568401 ], [ -99.174983308633912, 19.354643497714889 ], [ -99.175255797468196, 19.354257516955695 ], [ -99.175481041146995, 19.353982734047001 ], [ -99.175585349673213, 19.353872608226599 ], [ -99.176064713881601, 19.353431805425 ], [ -99.176584848025797, 19.353013205277094 ], [ -99.177104979512805, 19.352594603645905 ], [ -99.177171226197984, 19.352477945761404 ], [ -99.177237472789599, 19.352361287852197 ], [ -99.177303342798794, 19.352245292903195 ], [ -99.177415873808002, 19.352068782083197 ], [ -99.177480989155896, 19.351966645022394 ], [ -99.177805188219494, 19.351921142182199 ], [ -99.178342104633401, 19.351848361859403 ], [ -99.178508244962316, 19.351828552029804 ], [ -99.178646559492606, 19.351821748682298 ], [ -99.178673024808603, 19.351820119223493 ], [ -99.179904718274898, 19.351642585057892 ], [ -99.180685955287501, 19.351523754314002 ], [ -99.180984187953797, 19.351473293605199 ], [ -99.181108159077809, 19.351452317645698 ], [ -99.182245832122604, 19.351259818765399 ], [ -99.182841749914218, 19.351168987927199 ], [ -99.183437667029011, 19.351078155144201 ], [ -99.183810671237907, 19.351004959087099 ], [ -99.183984991613698, 19.350966477459597 ], [ -99.184162895701306, 19.350927204528901 ], [ -99.185346079586495, 19.3506660077806 ], [ -99.186020377858483, 19.3505139250273 ], [ -99.186507887818294, 19.350413938127495 ], [ -99.186570365593496, 19.350399853093201 ], [ -99.186632843357799, 19.350385768037501 ], [ -99.186615303736914, 19.350440239082499 ], [ -99.186597764104505, 19.350494710125595 ], [ -99.186334979657403, 19.351310808414496 ], [ -99.186000858274795, 19.352348437120096 ], [ -99.185983313855601, 19.352402921711299 ], [ -99.185732405875015, 19.353182118013699 ], [ -99.185261090948899, 19.354609353935793 ], [ -99.184789767927185, 19.356036588482599 ], [ -99.184321836536995, 19.357472772712203 ], [ -99.184308667572793, 19.357513190777301 ], [ -99.183876594038907, 19.358839295436795 ], [ -99.183828309387394, 19.358987487577799 ], [ -99.183430410827626, 19.360208681581394 ], [ -99.182809364078196, 19.3621147038311 ], [ -99.182675460846994, 19.362229166968199 ], [ -99.182539903702207, 19.362348258853203 ], [ -99.181525585484493, 19.362677913417798 ], [ -99.181254982629, 19.362749749383706 ], [ -99.180604038898693, 19.362760461307104 ], [ -99.180229393959195, 19.362740561521495 ], [ -99.180073196993419, 19.362780600397699 ], [ -99.179923472940999, 19.362827791471897 ], [ -99.179803928423695, 19.362883134027395 ], [ -99.179688715207405, 19.362957903062192 ], [ -99.1795254548218, 19.363107203567196 ], [ -99.179454029122397, 19.363182171123299 ], [ -99.179385761919406, 19.363252673620497 ], [ -99.179253074111102, 19.363399904667499 ], [ -99.179212640594599, 19.363467524276398 ], [ -99.179037659423798, 19.363733732298801 ], [ -99.178856848672794, 19.363930263657302 ], [ -99.178728789486001, 19.364073109366196 ], [ -99.178682500450407, 19.364124743142597 ], [ -99.178259956740405, 19.364528970053701 ], [ -99.177821908675881, 19.3649038086898 ], [ -99.177680400523997, 19.365024896916697 ], [ -99.177573560637001, 19.365116319391301 ], [ -99.177110809833792, 19.3646729444614 ], [ -99.176573867055893, 19.3641584816753 ], [ -99.174764907929799, 19.3624252123766 ], [ -99.174646023672182, 19.362323897810896 ], [ -99.174527869734206, 19.362223205429093 ], [ -99.174379561542807, 19.362049055304201 ], [ -99.174055884864302, 19.361570204787601 ], [ -99.173778846672704, 19.361160348997394 ], [ -99.174186338990111, 19.3613759919707 ], [ -99.174763078218007, 19.361947879246596 ], [ -99.175114513982095, 19.362280752865196 ], [ -99.175651966602899, 19.359785422458696 ], [ -99.177628554489303, 19.360210038959998 ], [ -99.178062105046905, 19.358168381627198 ], [ -99.178116464456494, 19.3579119188025 ] ] ] } },
{ "type": "Feature", "properties": { "colonia": "General Pedro Maria Anaya", "alcaldia": "Benito Juarez" }, "geometry": { "type": "Polygon", "coordinates": [ [ [ -99.162695311763102, 19.364665930742895 ], [ -99.161837290902497, 19.3643043909467 ], [ -99.161671869777592, 19.3642346876542 ], [ -99.161032911055003, 19.363965448437899 ], [ -99.160331054587402, 19.363669702260097 ], [ -99.160266641862719, 19.363642560028893 ], [ -99.160202229159111, 19.363615417774696 ], [ -99.160106508218504, 19.363575082782393 ], [ -99.159339292275106, 19.363251789959197 ], [ -99.158593517595719, 19.362927873237499 ], [ -99.156929014483595, 19.362201547922705 ], [ -99.156817577538504, 19.362184460926301 ], [ -99.15639137528099, 19.362119109257701 ], [ -99.155681168021687, 19.362004797194103 ], [ -99.154970961731493, 19.361890482352099 ], [ -99.154346740536695, 19.361790005252701 ], [ -99.154149526156999, 19.361758260378995 ], [ -99.15381873185531, 19.360593051554599 ], [ -99.153079515867503, 19.357989131352301 ], [ -99.153055511421798, 19.357904573188197 ], [ -99.153027771912605, 19.357806853771596 ], [ -99.152993783856317, 19.357698620051895 ], [ -99.153208300948307, 19.357709413213193 ], [ -99.156697246124693, 19.357899508674393 ], [ -99.157142475782507, 19.357925019386904 ], [ -99.161859226069993, 19.358195211780199 ], [ -99.163469755932184, 19.358278932181797 ], [ -99.16346152213508, 19.358505517449405 ], [ -99.163388685590107, 19.359040223284001 ], [ -99.163339589600199, 19.359400643604101 ], [ -99.163105518267898, 19.361339121095792 ], [ -99.163000500562404, 19.362110048132092 ], [ -99.162963412184098, 19.362454384409201 ], [ -99.162695311763102, 19.364665930742895 ] ] ] } },
{ "type": "Feature", "properties": { "colonia": "Granada", "alcaldia": "Miguel Hidalgo" }, "geometry": { "type": "Polygon", "coordinates": [ [ [ -99.190956559890196, 19.442345013563699 ], [ -99.189914639333097, 19.442449895617596 ], [ -99.187599863068698, 19.442682884298097 ], [ -99.187054505907199, 19.442737771624405 ], [ -99.186518261978406, 19.442947600012292 ], [ -99.186645392639804, 19.442119488547501 ], [ -99.186652636010109, 19.442072305989594 ], [ -99.186524289796679, 19.442057553084297 ], [ -99.185504315510798, 19.441940307623 ], [ -99.184484452168903, 19.441815879952696 ], [ -99.184436208378486, 19.441809993858005 ], [ -99.183403509654596, 19.441683993890297 ], [ -99.183227773990694, 19.441662551709101 ], [ -99.183238532646399, 19.441529544959401 ], [ -99.183246661838709, 19.4414760615843 ], [ -99.183504821898694, 19.439777563446395 ], [ -99.183679004228395, 19.439824614361896 ], [ -99.183678315893616, 19.4396826504274 ], [ -99.1836776931343, 19.439554210546898 ], [ -99.183675835773997, 19.439171140212995 ], [ -99.183618059912902, 19.4384884078341 ], [ -99.183603866182395, 19.438320680810104 ], [ -99.183593283188998, 19.438201375138199 ], [ -99.183523189286902, 19.4374111781393 ], [ -99.1834870889397, 19.437117701148999 ], [ -99.18375806197011, 19.437085290060701 ], [ -99.183997690762098, 19.437325632516099 ], [ -99.1841899850819, 19.437485736372601 ], [ -99.185507230036507, 19.437537980047399 ], [ -99.186228653476604, 19.437570245835499 ], [ -99.187189802176604, 19.4376132289004 ], [ -99.187989171745102, 19.437648973223297 ], [ -99.188736298144505, 19.437682378260597 ], [ -99.189588934823121, 19.437720497029904 ], [ -99.190476579982118, 19.437760176644399 ], [ -99.191284982582999, 19.437796310153299 ], [ -99.192146223084194, 19.437834801398996 ], [ -99.192976094363701, 19.437875143389199 ], [ -99.193751215326998, 19.437912820390899 ], [ -99.194714081599116, 19.437959618661001 ], [ -99.19546788926661, 19.437992641812794 ], [ -99.196398359733195, 19.4380333999516 ], [ -99.197279742393505, 19.438072003437895 ], [ -99.198042826441295, 19.438105422115697 ], [ -99.198798341332306, 19.438138506132397 ], [ -99.199566650252194, 19.438172147159197 ], [ -99.20028452269068, 19.438203576830801 ], [ -99.200992496622902, 19.4382374821597 ], [ -99.202361975725779, 19.438295218615298 ], [ -99.203151738470012, 19.438330172362399 ], [ -99.203888374640314, 19.438360044759303 ], [ -99.204656799595696, 19.438391203069898 ], [ -99.205399777053287, 19.438421326421796 ], [ -99.205909122936703, 19.438441975627402 ], [ -99.206021331872407, 19.438446524455998 ], [ -99.206103748144088, 19.438449865478002 ], [ -99.206037712714405, 19.438570285441894 ], [ -99.205942983967304, 19.438743029212596 ], [ -99.205527587026793, 19.439431369080797 ], [ -99.205292638038998, 19.440170995361598 ], [ -99.205203687166602, 19.440215092511302 ], [ -99.205139202486805, 19.440247060571501 ], [ -99.205136018243394, 19.440315743185199 ], [ -99.204840617862615, 19.446430789478995 ], [ -99.204819910994601, 19.446525369313903 ], [ -99.204788878288298, 19.446598323859597 ], [ -99.204675930996402, 19.446863850169098 ], [ -99.204277340669421, 19.446677932534399 ], [ -99.203764239975499, 19.446461454131196 ], [ -99.203239999406406, 19.446228290704202 ], [ -99.202711330443208, 19.446004596192299 ], [ -99.202216857942091, 19.445762963689198 ], [ -99.201781089301704, 19.445549230985591 ], [ -99.200264331648995, 19.444938615717199 ], [ -99.1998316865524, 19.444786408456398 ], [ -99.19946347015761, 19.444650425661401 ], [ -99.199132351279303, 19.444495381071601 ], [ -99.198787878034594, 19.444341299983797 ], [ -99.198450004887206, 19.4441883825329 ], [ -99.198112782671004, 19.444028768507199 ], [ -99.197784317020208, 19.443904532172493 ], [ -99.1974369012148, 19.443803100244196 ], [ -99.196353538680299, 19.443453031131906 ], [ -99.195800391442816, 19.443347089448196 ], [ -99.195245083409787, 19.443274604855102 ], [ -99.194171790339212, 19.443156355460498 ], [ -99.193089997138699, 19.4430077012358 ], [ -99.192639632265994, 19.442873711042502 ], [ -99.192261427937112, 19.4426502008636 ], [ -99.192058583505698, 19.442526827882695 ], [ -99.191855037126302, 19.442279936802592 ], [ -99.190956559890196, 19.442345013563699 ] ] ] } },
{ "type": "Feature", "properties": { "colonia": "Guadalupe Inn", "alcaldia": "Alvaro Obregon" }, "geometry": { "type": "Polygon", "coordinates": [ [ [ -99.190461693182201, 19.351580992160695 ], [ -99.19041561317492, 19.351890752580399 ], [ -99.190114889037204, 19.353912261151002 ], [ -99.190093150982221, 19.354271720859099 ], [ -99.189992586633593, 19.354262064715492 ], [ -99.189860192949098, 19.3557992277631 ], [ -99.189672736699421, 19.357308813863693 ], [ -99.189555696708595, 19.358251323716804 ], [ -99.189484370923395, 19.358825697032994 ], [ -99.189377512627601, 19.359676695996495 ], [ -99.189321054755183, 19.360262039073302 ], [ -99.189313096411226, 19.360344549147399 ], [ -99.189168253032818, 19.361846234261801 ], [ -99.189098954371801, 19.3625646889883 ], [ -99.189068268530889, 19.362824420379404 ], [ -99.189052925575496, 19.362954286070504 ], [ -99.189037582596697, 19.363084151758695 ], [ -99.189010126079495, 19.363082667540304 ], [ -99.188982669562705, 19.363081183317693 ], [ -99.188992073889494, 19.362939803862201 ], [ -99.188129538994517, 19.362925983530602 ], [ -99.188005000976233, 19.3628619849834 ], [ -99.18788429450592, 19.362779593464495 ], [ -99.187581149744602, 19.362572672951103 ], [ -99.186893619955299, 19.362113982157101 ], [ -99.186720322711807, 19.362047972468797 ], [ -99.186676631096105, 19.362021340889097 ], [ -99.186220695368107, 19.361831338078595 ], [ -99.186060566062395, 19.361764606764492 ], [ -99.185797792283395, 19.361692491260197 ], [ -99.185535018732295, 19.361620375374294 ], [ -99.185131306890895, 19.361644009902999 ], [ -99.184975776186519, 19.361653114906698 ], [ -99.184735354721596, 19.361698931699998 ], [ -99.184054917652603, 19.361594523488499 ], [ -99.183591960429396, 19.361731152680996 ], [ -99.182809364078196, 19.3621147038311 ], [ -99.183430410827626, 19.360208681581394 ], [ -99.183828309387394, 19.358987487577799 ], [ -99.183876594038907, 19.358839295436795 ], [ -99.184308667572793, 19.357513190777301 ], [ -99.184321836536995, 19.357472772712203 ], [ -99.184789767927185, 19.356036588482599 ], [ -99.185261090948899, 19.354609353935793 ], [ -99.185732405875015, 19.353182118013699 ], [ -99.185983313855601, 19.352402921711299 ], [ -99.186000858274795, 19.352348437120096 ], [ -99.186334979657403, 19.351310808414496 ], [ -99.186615303736914, 19.350440239082499 ], [ -99.186649056336506, 19.350335416978901 ], [ -99.189418311544216, 19.350626736817599 ], [ -99.190421051136596, 19.350718567773697 ], [ -99.190345488685608, 19.351559010929996 ], [ -99.190461693182201, 19.351580992160695 ] ] ] } },
{ "type": "Feature", "properties": { "colonia": "Hipodromo", "alcaldia": "Cuauhtemoc" }, "geometry": { "type": "Polygon", "coordinates": [ [ [ -99.168093189942013, 19.4070423984824 ], [ -99.168480736474095, 19.4059299328169 ], [ -99.168914117293184, 19.404588103823897 ], [ -99.169141945955602, 19.403855606623402 ], [ -99.169220169697596, 19.403604106092295 ], [ -99.169555659703605, 19.402549283894899 ], [ -99.169684322047601, 19.402143873421295 ], [ -99.169854916526404, 19.401620769971899 ], [ -99.170026220559606, 19.401099532950898 ], [ -99.170317556510284, 19.400309507396003 ], [ -99.170364575723497, 19.400182725241898 ], [ -99.170411594864689, 19.400055943074396 ], [ -99.170461584801203, 19.400291203762997 ], [ -99.170495171612814, 19.400449268306701 ], [ -99.170772829231097, 19.401755954180803 ], [ -99.170818544179994, 19.401932748476604 ], [ -99.170911368251794, 19.402313967850901 ], [ -99.1709956562934, 19.402694782968201 ], [ -99.171145525771408, 19.403371891772398 ], [ -99.171176613728306, 19.403512346113896 ], [ -99.171306728594686, 19.4035543187954 ], [ -99.171690391854099, 19.403677761233102 ], [ -99.172580789406979, 19.403964239969401 ], [ -99.1734935920461, 19.404257992253495 ], [ -99.174398244917498, 19.404549116244997 ], [ -99.177115600050698, 19.405441215917197 ], [ -99.177812220924707, 19.405680401247398 ], [ -99.178952415276299, 19.406079642916094 ], [ -99.180702152052703, 19.406687781815101 ], [ -99.180621459196985, 19.406708902159597 ], [ -99.180540766320206, 19.406730022468398 ], [ -99.180288481379307, 19.406796054497399 ], [ -99.179663780433202, 19.406825151614999 ], [ -99.17878740320279, 19.4070314374102 ], [ -99.178539378135397, 19.407139891297103 ], [ -99.177973659825696, 19.407471667932896 ], [ -99.177608984558816, 19.407685537273302 ], [ -99.177437890393193, 19.407562529825995 ], [ -99.177327363759304, 19.4076784293052 ], [ -99.176588481278614, 19.408486655425705 ], [ -99.176417788518307, 19.4086750422812 ], [ -99.175820255390704, 19.409335029514295 ], [ -99.175231698303605, 19.4099624387737 ], [ -99.1751542152399, 19.410054094304101 ], [ -99.174252544376515, 19.411062171085799 ], [ -99.173900652134733, 19.411457392365101 ], [ -99.174082154174698, 19.411468708987396 ], [ -99.173276346363096, 19.412250594522703 ], [ -99.172874049982113, 19.412699757353696 ], [ -99.172138307962896, 19.413521202655595 ], [ -99.172094089613793, 19.4134999666121 ], [ -99.171717239684497, 19.4133189822231 ], [ -99.171666951794009, 19.413294810374197 ], [ -99.171640531166901, 19.413282125908701 ], [ -99.171538282441006, 19.413233036540493 ], [ -99.171527074233083, 19.413227653697898 ], [ -99.171515866025899, 19.413222270854597 ], [ -99.170970021207808, 19.414337942877903 ], [ -99.170886885938998, 19.414507864591801 ], [ -99.1706843475597, 19.4148111864403 ], [ -99.170012638809197, 19.415858737258102 ], [ -99.169938168717295, 19.415950700097699 ], [ -99.169775458235705, 19.416100832360797 ], [ -99.169612747455105, 19.4162509644779 ], [ -99.168958376333606, 19.416397691796899 ], [ -99.168649464467094, 19.416466957100997 ], [ -99.167693985671093, 19.4166739150374 ], [ -99.1674557951293, 19.416725506551696 ], [ -99.167414371754987, 19.416734478722599 ], [ -99.167237471664109, 19.416632215381394 ], [ -99.167060571793598, 19.416529951865101 ], [ -99.165721013152819, 19.415738177661595 ], [ -99.165478031067806, 19.415594556114399 ], [ -99.165341475438296, 19.415514581409798 ], [ -99.165353477133607, 19.415471733207905 ], [ -99.165359477978996, 19.415450309106497 ], [ -99.165365478822693, 19.415428885004999 ], [ -99.165374013520605, 19.415398414574302 ], [ -99.165406551557396, 19.415282247731799 ], [ -99.165582541214491, 19.414737942736902 ], [ -99.16590430243248, 19.413736116482305 ], [ -99.166204480665201, 19.412811402493904 ], [ -99.166275078057808, 19.412623253442899 ], [ -99.166362517370899, 19.412368926189291 ], [ -99.166489601647498, 19.411973570923401 ], [ -99.166616685316782, 19.411578215556005 ], [ -99.166972921240813, 19.410476125859095 ], [ -99.167338688580699, 19.409358400114595 ], [ -99.167734812289297, 19.408195187938592 ], [ -99.168093189942013, 19.4070423984824 ] ], [ [ -99.172981690246104, 19.410249146971402 ], [ -99.1729886049269, 19.410232430997105 ], [ -99.172974775563901, 19.410265862945497 ], [ -99.172981690246104, 19.410249146971402 ] ] ] } },
{ "type": "Feature", "properties": { "colonia": "Hipodromo Condesa", "alcaldia": "Cuauhtemoc" }, "geometry": { "type": "Polygon", "coordinates": [ [ [ -99.182349158741204, 19.411387984313802 ], [ -99.182124217534394, 19.411374885954196 ], [ -99.182013824861997, 19.411368457670001 ], [ -99.181902407180402, 19.411322184599801 ], [ -99.1811374076985, 19.410973354654399 ], [ -99.181105465322204, 19.4109467672214 ], [ -99.180885075247303, 19.410763323797301 ], [ -99.181140279224508, 19.411427734024695 ], [ -99.180796291052701, 19.411424409475195 ], [ -99.180334192127702, 19.411419942393099 ], [ -99.179800660166805, 19.411414783309901 ], [ -99.179365460749011, 19.411407603951595 ], [ -99.178887562390102, 19.411340946786201 ], [ -99.178655992940179, 19.411342484338199 ], [ -99.178034017416593, 19.411362589346503 ], [ -99.177923156188399, 19.411391867575496 ], [ -99.177817395971502, 19.411393938727599 ], [ -99.177497730974011, 19.411402766288905 ], [ -99.176880641195282, 19.411431930559196 ], [ -99.175861869322404, 19.4114332267464 ], [ -99.175314434862997, 19.411396976253894 ], [ -99.174978918780781, 19.411414146432605 ], [ -99.174774647352194, 19.411448546710897 ], [ -99.174162292402599, 19.411466375859099 ], [ -99.174082154174698, 19.411468708987396 ], [ -99.173900652134733, 19.411457392365101 ], [ -99.174252544376515, 19.411062171085799 ], [ -99.1751542152399, 19.410054094304101 ], [ -99.175231698303605, 19.4099624387737 ], [ -99.175820255390704, 19.409335029514295 ], [ -99.176417788518307, 19.4086750422812 ], [ -99.176588481278614, 19.408486655425705 ], [ -99.177327363759304, 19.4076784293052 ], [ -99.177437890393193, 19.407562529825995 ], [ -99.177608984558816, 19.407685537273302 ], [ -99.177973659825696, 19.407471667932896 ], [ -99.178539378135397, 19.407139891297103 ], [ -99.17878740320279, 19.4070314374102 ], [ -99.179663780433202, 19.406825151614999 ], [ -99.180288481379307, 19.406796054497399 ], [ -99.180540766320206, 19.406730022468398 ], [ -99.180621459196985, 19.406708902159597 ], [ -99.180702152052703, 19.406687781815101 ], [ -99.181209547475319, 19.406864128264804 ], [ -99.182509134712916, 19.407311054804701 ], [ -99.184149088096007, 19.407875016040698 ], [ -99.184276666032403, 19.407918887848592 ], [ -99.183471942478519, 19.409407632766293 ], [ -99.182899188123002, 19.410467214158199 ], [ -99.182349158741204, 19.411387984313802 ] ] ] } },
{ "type": "Feature", "properties": { "colonia": "Ignacio Allende", "alcaldia": "Azcapotzalco" }, "geometry": { "type": "Polygon", "coordinates": [ [ [ -99.163932851994701, 19.4687229823613 ], [ -99.163680298822086, 19.468855629257195 ], [ -99.163660256318096, 19.468866156029797 ], [ -99.163428788196612, 19.4689836515476 ], [ -99.162947817618502, 19.469232640170503 ], [ -99.162592767977799, 19.4694164407952 ], [ -99.162542612499109, 19.469434668997 ], [ -99.162492457009108, 19.469452897184897 ], [ -99.162392145995113, 19.4694893535194 ], [ -99.162212722983199, 19.469093306791599 ], [ -99.162099623453898, 19.468843657121795 ], [ -99.161961214316506, 19.468589088727398 ], [ -99.161370879377998, 19.4675962236057 ], [ -99.160708957184497, 19.466720288070892 ], [ -99.160520511653601, 19.4664709119516 ], [ -99.159453784235993, 19.465161733779798 ], [ -99.159687683371402, 19.465155727107302 ], [ -99.159789223733696, 19.465153119394795 ], [ -99.160556627630712, 19.4650874021373 ], [ -99.161251595555086, 19.465034642997392 ], [ -99.161346770039202, 19.4650271076815 ], [ -99.161626664800011, 19.4648022252968 ], [ -99.161681017838902, 19.464897525481298 ], [ -99.161757129466181, 19.464898079919298 ], [ -99.161972291483806, 19.465273703470601 ], [ -99.1622563588421, 19.465769616859401 ], [ -99.162525381689505, 19.466239262903898 ], [ -99.162760824952883, 19.466650284876003 ], [ -99.163002007209698, 19.467071323115892 ], [ -99.163234616243983, 19.467477392453798 ], [ -99.163443407734206, 19.467841881113497 ], [ -99.163470499967502, 19.4678891760617 ], [ -99.163694693270401, 19.468307923822998 ], [ -99.163932851994701, 19.4687229823613 ] ] ] } },
{ "type": "Feature", "properties": { "colonia": "Independencia", "alcaldia": "Benito Juarez" }, "geometry": { "type": "Polygon", "coordinates": [ [ [ -99.148255304249304, 19.3818187520835 ], [ -99.148330051844795, 19.381436840467192 ], [ -99.147681419065407, 19.381392873666396 ], [ -99.147024978906089, 19.381356326606191 ], [ -99.14635290366931, 19.381312374007496 ], [ -99.146297014706519, 19.381309299229802 ], [ -99.146220052859405, 19.381305065081605 ], [ -99.145717831898295, 19.381343761629498 ], [ -99.145404929165608, 19.3812810891983 ], [ -99.145096889848006, 19.381218786994996 ], [ -99.14447683126248, 19.381103033611598 ], [ -99.144274968160019, 19.381067607396499 ], [ -99.143793265416207, 19.3809893757476 ], [ -99.143431444255512, 19.380925662112698 ], [ -99.143186478607404, 19.380532233993399 ], [ -99.142835159528119, 19.379987940385895 ], [ -99.142678953352103, 19.379721106329296 ], [ -99.142192722774197, 19.379004409226198 ], [ -99.1415484204569, 19.378099970138202 ], [ -99.142498094567785, 19.378274314419901 ], [ -99.142845664178807, 19.378343141539599 ], [ -99.143450255153397, 19.378457408570394 ], [ -99.143615531436481, 19.378488446014895 ], [ -99.144181489514494, 19.378597583040701 ], [ -99.145168257117902, 19.378782595732908 ], [ -99.146183679057984, 19.378979289618989 ], [ -99.146360855652304, 19.378123868082696 ], [ -99.146546234340704, 19.377273616994596 ], [ -99.147035575834295, 19.3773596461984 ], [ -99.147837471237096, 19.377516483156995 ], [ -99.14849610312919, 19.377645520623492 ], [ -99.149113199150392, 19.377768540858 ], [ -99.149763660454397, 19.377883812772897 ], [ -99.150410090333409, 19.378021478672 ], [ -99.151050376770598, 19.378114239932497 ], [ -99.151702172384489, 19.378241439612502 ], [ -99.152154513482401, 19.378329713711796 ], [ -99.152574255038104, 19.378411624936302 ], [ -99.153355820879696, 19.378587804862605 ], [ -99.1532190715821, 19.3794196710157 ], [ -99.153083844473699, 19.380217344822398 ], [ -99.152636031103896, 19.380147601135302 ], [ -99.152185644112507, 19.380081002348405 ], [ -99.151992385886999, 19.380887509399098 ], [ -99.151802791716506, 19.381678717724501 ], [ -99.151619802928195, 19.3824675013581 ], [ -99.150850457095203, 19.382321941628199 ], [ -99.149550825028314, 19.382081103923195 ], [ -99.148255304249304, 19.3818187520835 ] ] ] } },
{ "type": "Feature", "properties": { "colonia": "Insurgentes Mixcoac", "alcaldia": "Benito Juarez" }, "geometry": { "type": "Polygon", "coordinates": [ [ [ -99.180925605575098, 19.367926815961297 ], [ -99.1818067256078, 19.368577834254697 ], [ -99.182464058713592, 19.369181844119698 ], [ -99.183341851465912, 19.3697294305945 ], [ -99.1841896681062, 19.3702116624439 ], [ -99.185223151166511, 19.370855381092898 ], [ -99.186060935874593, 19.371398329139495 ], [ -99.18674989474728, 19.371912434779301 ], [ -99.187267802713905, 19.372641971114398 ], [ -99.187578750588003, 19.372450973786901 ], [ -99.1880889972322, 19.37246436046 ], [ -99.188044848553318, 19.372634786124699 ], [ -99.188036482407199, 19.372712260925297 ], [ -99.188001872861804, 19.3730327622998 ], [ -99.187891147536519, 19.374058124978191 ], [ -99.187862668418134, 19.374321851475898 ], [ -99.187826146863898, 19.374660052508002 ], [ -99.187801777447305, 19.3748857201861 ], [ -99.187755640969584, 19.375276028259499 ], [ -99.187684984518015, 19.375873768327796 ], [ -99.187662181089621, 19.376066676531188 ], [ -99.187620200557305, 19.376421814474796 ], [ -99.186622611098102, 19.376171625352093 ], [ -99.185471185920903, 19.375882847431399 ], [ -99.184394362263205, 19.3756127720652 ], [ -99.182848458625898, 19.375225035221199 ], [ -99.182141387081316, 19.3750570877515 ], [ -99.18163419196739, 19.374936614106304 ], [ -99.181055334465, 19.3747991166024 ], [ -99.180520344854486, 19.374660441029704 ], [ -99.179936768115198, 19.374496554057398 ], [ -99.178922900919204, 19.3742378580544 ], [ -99.179085265320012, 19.373736971729901 ], [ -99.178884774800693, 19.373689836590202 ], [ -99.179599160223702, 19.371621300943598 ], [ -99.180016704980403, 19.370242627903298 ], [ -99.180048377444791, 19.370139792917904 ], [ -99.180221721810298, 19.370197180046198 ], [ -99.180558090647509, 19.369112236704598 ], [ -99.180791405843706, 19.368416184041596 ], [ -99.180925605575098, 19.367926815961297 ] ] ] } },
{ "type": "Feature", "properties": { "colonia": "Insurgentes San Borja", "alcaldia": "Benito Juarez" }, "geometry": { "type": "Polygon", "coordinates": [ [ [ -99.17234913637418, 19.386495194225805 ], [ -99.172267151405293, 19.386386018461895 ], [ -99.171617386668402, 19.386094562591296 ], [ -99.171851648776197, 19.385124409159602 ], [ -99.172096625271394, 19.384098156654499 ], [ -99.172190640663118, 19.383888644581798 ], [ -99.172642510726206, 19.381815325559401 ], [ -99.172770931654384, 19.381682530708598 ], [ -99.172895673102701, 19.381638753132705 ], [ -99.172883644400201, 19.381467888455099 ], [ -99.173952872278406, 19.381123425589898 ], [ -99.174372676420006, 19.380988184741103 ], [ -99.175300474425399, 19.380689279528294 ], [ -99.175958624508695, 19.380477242251199 ], [ -99.176776039680519, 19.380163727428389 ], [ -99.176435428489, 19.381204308884005 ], [ -99.176235803136194, 19.381803456029992 ], [ -99.17606135002211, 19.382393089388504 ], [ -99.175807044289598, 19.383170146020401 ], [ -99.175741630233205, 19.383446155003099 ], [ -99.17543774542591, 19.384321951883901 ], [ -99.175163139683491, 19.385190979253604 ], [ -99.174958857868887, 19.385789838500099 ], [ -99.174846704948806, 19.386118608018801 ], [ -99.174390669433805, 19.3862058202049 ], [ -99.173670305645118, 19.386322833074399 ], [ -99.173502713797333, 19.3863503442624 ], [ -99.172868723612808, 19.386463085289396 ], [ -99.17234913637418, 19.386495194225805 ] ] ] } },
{ "type": "Feature", "properties": { "colonia": "Irrigacion", "alcaldia": "Miguel Hidalgo" }, "geometry": { "type": "Polygon", "coordinates": [ [ [ -99.211578770207097, 19.4484045237907 ], [ -99.210981665247999, 19.448302957784701 ], [ -99.210785235615688, 19.448269545155 ], [ -99.210648815620488, 19.449050079075594 ], [ -99.210673323573204, 19.449063559693698 ], [ -99.210698504507505, 19.449077410480101 ], [ -99.210998876693907, 19.449242629908095 ], [ -99.210990563238099, 19.449352303343197 ], [ -99.210879148210495, 19.449478207349998 ], [ -99.210187043104582, 19.448900547442495 ], [ -99.20943528331442, 19.448527994823603 ], [ -99.209123001944505, 19.448373234864505 ], [ -99.208689748308501, 19.448158522254698 ], [ -99.208216882787994, 19.4479241768774 ], [ -99.2069199741549, 19.447281437688098 ], [ -99.206144472012397, 19.447926199743801 ], [ -99.205978028447319, 19.447792425369602 ], [ -99.205764924934101, 19.4479637828025 ], [ -99.205489490957405, 19.447633755200105 ], [ -99.205253131207812, 19.447279692069792 ], [ -99.204919036322707, 19.446975458389797 ], [ -99.204675930996402, 19.446863850169098 ], [ -99.204788878288298, 19.446598323859597 ], [ -99.204819910994601, 19.446525369313903 ], [ -99.204840617862615, 19.446430789478995 ], [ -99.205136018243394, 19.440315743185302 ], [ -99.205139202486805, 19.440247060571398 ], [ -99.205203687166602, 19.440215092511202 ], [ -99.205292638038998, 19.440170995361598 ], [ -99.205527587026793, 19.439431369080797 ], [ -99.205942983967304, 19.4387430292125 ], [ -99.206037712714405, 19.438570285441795 ], [ -99.206103748144088, 19.438449865478002 ], [ -99.207944854812695, 19.438524289839499 ], [ -99.208618594643099, 19.438562590797797 ], [ -99.209328553592485, 19.438597316047897 ], [ -99.209951588782204, 19.438622167306104 ], [ -99.210863870928193, 19.438672401369995 ], [ -99.211686515981498, 19.438712627787201 ], [ -99.212423709621604, 19.438747656265498 ], [ -99.212575533468907, 19.438753740234802 ], [ -99.213970764336295, 19.438824305293604 ], [ -99.214019384577597, 19.438926986023993 ], [ -99.214091285486703, 19.439047957859099 ], [ -99.2141966611903, 19.439046471001802 ], [ -99.214311477420907, 19.439043162903303 ], [ -99.214459980301598, 19.439038884113199 ], [ -99.215846625482214, 19.441744130217199 ], [ -99.215988244533079, 19.441926949925701 ], [ -99.215915425976107, 19.442002767474499 ], [ -99.215841252655395, 19.4420791861472 ], [ -99.215739781586706, 19.4421837287519 ], [ -99.215833839707102, 19.442289403448395 ], [ -99.216091904482795, 19.442537373674099 ], [ -99.216783267777402, 19.443305319587303 ], [ -99.217245468912083, 19.444298514435804 ], [ -99.217343726361406, 19.444517063724305 ], [ -99.21740799354869, 19.444660009765798 ], [ -99.217421984520499, 19.444703316472602 ], [ -99.217443102603298, 19.444768683909896 ], [ -99.214546055672415, 19.444689909517695 ], [ -99.212568754955484, 19.444590854482701 ], [ -99.211416857161296, 19.444539312787299 ], [ -99.211394426363697, 19.444431177885704 ], [ -99.211362686120481, 19.444350755022501 ], [ -99.211316974631899, 19.444233254222404 ], [ -99.211169870319509, 19.444115146079596 ], [ -99.211041042965704, 19.444085678569699 ], [ -99.210910572442017, 19.444055835102596 ], [ -99.21072168789928, 19.444099564708996 ], [ -99.210449504767794, 19.444251658432496 ], [ -99.210289204773687, 19.444383331372997 ], [ -99.210214056106679, 19.444505187224198 ], [ -99.210174759275802, 19.444717944524196 ], [ -99.210212565638997, 19.444871202814898 ], [ -99.210333902035302, 19.444979461533197 ], [ -99.210065727025281, 19.445154679576898 ], [ -99.210170974723809, 19.445394639532896 ], [ -99.210449463407102, 19.445944748228399 ], [ -99.210771181249399, 19.446238099281899 ], [ -99.210762136413209, 19.446299448149198 ], [ -99.210630123370905, 19.447206695801995 ], [ -99.212229515989506, 19.447540688222198 ], [ -99.211677135504701, 19.448385091258796 ], [ -99.211578770207097, 19.4484045237907 ] ] ] } },
{ "type": "Feature", "properties": { "colonia": "Josefa Ortiz de Dominguez", "alcaldia": "Benito Juarez" }, "geometry": { "type": "Polygon", "coordinates": [ [ [ -99.142367952647305, 19.388779448932201 ], [ -99.141797215578507, 19.388698558067798 ], [ -99.141622992144605, 19.388673864915901 ], [ -99.141151356449001, 19.388607017854895 ], [ -99.140771218305701, 19.388553138224896 ], [ -99.140412788246394, 19.388502334671799 ], [ -99.140246857451302, 19.388478815540392 ], [ -99.140080926702794, 19.388455296257298 ], [ -99.139915376937694, 19.388429336724592 ], [ -99.138795611709313, 19.388297309428495 ], [ -99.138851991519815, 19.387926065421297 ], [ -99.138930585479613, 19.387411399990093 ], [ -99.138969619605305, 19.387156184072989 ], [ -99.139077080572903, 19.386459478248696 ], [ -99.140201553203596, 19.386675837261304 ], [ -99.140549275890493, 19.386740994284899 ], [ -99.140675396770803, 19.386764624445398 ], [ -99.141092681292321, 19.386842671200792 ], [ -99.141498625515084, 19.386913889263901 ], [ -99.141950869481406, 19.386993228921899 ], [ -99.142365729812994, 19.387066009104 ], [ -99.142623503969588, 19.387111230681001 ], [ -99.142480349351288, 19.388111956935397 ], [ -99.142367952647305, 19.388779448932201 ] ] ] } },
{ "type": "Feature", "properties": { "colonia": "Juarez", "alcaldia": "Cuauhtemoc" }, "geometry": { "type": "Polygon", "coordinates": [ [ [ -99.175231034228403, 19.423237507472098 ], [ -99.175184478753096, 19.423212754798897 ], [ -99.175137923291899, 19.423188002113601 ], [ -99.1749794603749, 19.423192830873393 ], [ -99.174929131199903, 19.423170419776596 ], [ -99.174764115583116, 19.423244411489392 ], [ -99.174146277319807, 19.423521443411701 ], [ -99.172775404310499, 19.424162638793099 ], [ -99.172270386879603, 19.424387011719503 ], [ -99.171934906908405, 19.424551782091299 ], [ -99.171889820759404, 19.424569647880201 ], [ -99.171856084142604, 19.424585500035295 ], [ -99.171782123054385, 19.424602414699102 ], [ -99.171722948863604, 19.424610893007699 ], [ -99.171687436089414, 19.424608119138103 ], [ -99.171651923316304, 19.424605345261593 ], [ -99.171606072670698, 19.424620829557 ], [ -99.171560222016382, 19.424636313840896 ], [ -99.171514371353297, 19.424651798113302 ], [ -99.171468520681501, 19.424667282374102 ], [ -99.171577111806087, 19.424944787173605 ], [ -99.171554954954104, 19.424962340080096 ], [ -99.171505733022514, 19.425016151292205 ], [ -99.17148358228431, 19.425039548175391 ], [ -99.171473747455295, 19.4250594270321 ], [ -99.171451677623097, 19.425159964516897 ], [ -99.171450472635001, 19.425185679215094 ], [ -99.171455270484898, 19.425214670417397 ], [ -99.1714576694106, 19.425229166018497 ], [ -99.171460068336614, 19.425243661619504 ], [ -99.170294101979394, 19.4257687326797 ], [ -99.169838826012082, 19.425973754717692 ], [ -99.168943856048713, 19.426376777021396 ], [ -99.168150403319103, 19.426734078800095 ], [ -99.168120370812005, 19.426751979170792 ], [ -99.168090338298185, 19.426769879536497 ], [ -99.167979451359798, 19.426658455936998 ], [ -99.167732540155001, 19.426599046624098 ], [ -99.167572553705085, 19.426598362775305 ], [ -99.167500731839297, 19.426623665650094 ], [ -99.167428909950999, 19.426648968496696 ], [ -99.167346530843005, 19.426721237672801 ], [ -99.167294632290293, 19.426815653836101 ], [ -99.167254052349307, 19.426925072703099 ], [ -99.167248977926306, 19.427069669802901 ], [ -99.167271393966203, 19.427203513939304 ], [ -99.167173427454799, 19.427235687854601 ], [ -99.166749352547683, 19.4274184928782 ], [ -99.166322981059693, 19.4276092897802 ], [ -99.165853022392497, 19.427840152242599 ], [ -99.165006837487127, 19.428223072576696 ], [ -99.16435462154142, 19.428519125410901 ], [ -99.164134179933896, 19.428618658386295 ], [ -99.163913738056195, 19.428718191094902 ], [ -99.163781766997019, 19.428679797703495 ], [ -99.163731014108009, 19.428670215356895 ], [ -99.16364982492432, 19.428670288552496 ], [ -99.163436895899821, 19.428863042764601 ], [ -99.163447713386205, 19.429108951277499 ], [ -99.162639948147103, 19.429402444858898 ], [ -99.161579249965001, 19.4299683596759 ], [ -99.160498725244096, 19.430465339124392 ], [ -99.160217232657203, 19.430594808030495 ], [ -99.159909119313298, 19.4307496852459 ], [ -99.159796232394015, 19.430795712775204 ], [ -99.159753963697113, 19.430813116962995 ], [ -99.159658090096926, 19.430852380981101 ], [ -99.15954159310742, 19.430904140568298 ], [ -99.158430857662907, 19.431389624498699 ], [ -99.158263325528907, 19.4314628491592 ], [ -99.157575713712205, 19.4317722695124 ], [ -99.156786560454407, 19.432127709692995 ], [ -99.155237592403097, 19.432825361333801 ], [ -99.154967982314602, 19.432633889759199 ], [ -99.154616195565495, 19.432598689362898 ], [ -99.154466533540798, 19.432620116984999 ], [ -99.154309508069886, 19.432769352032892 ], [ -99.154242218054705, 19.432840409934698 ], [ -99.154197440657711, 19.432975349333695 ], [ -99.1541451857547, 19.433117395140901 ], [ -99.154164770001998, 19.433194963963 ], [ -99.154173246223479, 19.433228536355795 ], [ -99.154181722448513, 19.433262108748096 ], [ -99.153818976447496, 19.433431781037793 ], [ -99.153456229688899, 19.433601452604595 ], [ -99.153174515898399, 19.433733220978802 ], [ -99.151757871830384, 19.434399981838997 ], [ -99.150270117349393, 19.435100193922704 ], [ -99.150182023916386, 19.435141654552197 ], [ -99.150093930438501, 19.435183115139001 ], [ -99.1499177433477, 19.4352660361847 ], [ -99.149838506561395, 19.435292890632198 ], [ -99.149868744588417, 19.4351484840175 ], [ -99.150064778496898, 19.434683978615396 ], [ -99.150627142253498, 19.433351433111696 ], [ -99.150915562268906, 19.432641008321305 ], [ -99.151280063811299, 19.431743173038598 ], [ -99.151458988673781, 19.431284905409797 ], [ -99.15152051273553, 19.431209376927498 ], [ -99.151582077396995, 19.431177673828895 ], [ -99.151643642034514, 19.431145970709601 ], [ -99.151707748197879, 19.431087483232901 ], [ -99.151735000244599, 19.431005645002298 ], [ -99.151725527721098, 19.430887819150591 ], [ -99.151729464928096, 19.430770551080698 ], [ -99.151733620320897, 19.430644568405995 ], [ -99.152130031636901, 19.429684367860204 ], [ -99.152562095851394, 19.428666025095705 ], [ -99.153032966230398, 19.4275562035238 ], [ -99.1532299373564, 19.427060753189402 ], [ -99.153360429242298, 19.426761618453497 ], [ -99.153472206807194, 19.426491505503591 ], [ -99.153610214435417, 19.426126190006599 ], [ -99.153647952945519, 19.425963974968496 ], [ -99.153658096251206, 19.425866909360895 ], [ -99.153668239545183, 19.425769843751798 ], [ -99.1552724684759, 19.425428122645904 ], [ -99.155327366380007, 19.425416168988296 ], [ -99.156257277368596, 19.425213684201101 ], [ -99.156425984529605, 19.425176948257395 ], [ -99.157349539958688, 19.424961489726805 ], [ -99.158110718409404, 19.424777796750597 ], [ -99.158826444003793, 19.424579270210401 ], [ -99.159969863897004, 19.424273030696501 ], [ -99.161183497219596, 19.424012206059498 ], [ -99.162180349486789, 19.423810265068301 ], [ -99.162339389394305, 19.423740083620597 ], [ -99.162338637011004, 19.4236245871618 ], [ -99.162354843103017, 19.423524987540596 ], [ -99.162401460533303, 19.423427442455001 ], [ -99.162440264735196, 19.423368688089099 ], [ -99.162490085483114, 19.423294403992699 ], [ -99.162550743471598, 19.4232234381425 ], [ -99.162620757472794, 19.423165759813397 ], [ -99.162695460486304, 19.423125805148796 ], [ -99.162816868806715, 19.423076944641501 ], [ -99.162952308972294, 19.423045799355602 ], [ -99.163003702282396, 19.423053509187895 ], [ -99.163029398939202, 19.4230573640986 ], [ -99.163042247268095, 19.423059291552601 ], [ -99.163055095597201, 19.423061219005703 ], [ -99.163211325014203, 19.4231025395882 ], [ -99.16326537794582, 19.423129725667597 ], [ -99.163319139107898, 19.423169565085203 ], [ -99.163372900296196, 19.423209404486595 ], [ -99.16344429583441, 19.423262311660597 ], [ -99.163503810896003, 19.423320085995201 ], [ -99.163515504971812, 19.423335587371298 ], [ -99.16352719904981, 19.423351088746699 ], [ -99.164092294606618, 19.423204323934595 ], [ -99.165566522472901, 19.4228885247202 ], [ -99.167049613035303, 19.422574190717199 ], [ -99.167219465016402, 19.422542838927995 ], [ -99.168798620291113, 19.422209454460596 ], [ -99.170063305656015, 19.421931603153702 ], [ -99.170248652516193, 19.421875003863999 ], [ -99.171459069611501, 19.421642622326498 ], [ -99.171581184042708, 19.4215859337342 ], [ -99.173083775515906, 19.421264421792504 ], [ -99.173995381112121, 19.421040956906698 ], [ -99.174548080302486, 19.420919222021805 ], [ -99.175423670204495, 19.420717509530999 ], [ -99.175562852982495, 19.420786356602793 ], [ -99.175661952353906, 19.420795332734802 ], [ -99.175711502043598, 19.420799820780502 ], [ -99.175761051735805, 19.420804308812695 ], [ -99.175967981076994, 19.420698272630698 ], [ -99.176363281081706, 19.420487613376796 ], [ -99.176421197633587, 19.420456748959801 ], [ -99.176563480497705, 19.4203285992287 ], [ -99.176624266781005, 19.420273850826895 ], [ -99.1767847182183, 19.420253394642796 ], [ -99.177094900758803, 19.4201921922166 ], [ -99.177126009557995, 19.420120847012399 ], [ -99.1771571183303, 19.420049501802598 ], [ -99.177511095479005, 19.419237681863699 ], [ -99.178247940544097, 19.418018954959699 ], [ -99.178831629952697, 19.416985170150998 ], [ -99.178913031322907, 19.417013787625091 ], [ -99.177860737083591, 19.418945882025795 ], [ -99.177813131898304, 19.419088841077496 ], [ -99.177758421370896, 19.4194548898985 ], [ -99.177733003385995, 19.419730282632997 ], [ -99.177718554024096, 19.419956865258502 ], [ -99.177689530170795, 19.420295003540595 ], [ -99.177678743269198, 19.420511125560193 ], [ -99.177682655861503, 19.420730718862895 ], [ -99.177679497140701, 19.421204772883002 ], [ -99.177680537003198, 19.423058029423899 ], [ -99.177456041874393, 19.423684153547295 ], [ -99.176515531626094, 19.4234552444467 ], [ -99.176125937002794, 19.423498399298605 ], [ -99.175947038383782, 19.423498572709494 ], [ -99.175798454646795, 19.423533594273493 ], [ -99.175426698130707, 19.423574212282098 ], [ -99.175342056028498, 19.423428557597699 ], [ -99.175328866078203, 19.423405859905802 ], [ -99.175301242990983, 19.423358325182196 ], [ -99.175231034228403, 19.423237507472098 ] ] ] } },
{ "type": "Feature", "properties": { "colonia": "Letran Valle", "alcaldia": "Benito Juarez" }, "geometry": { "type": "Polygon", "coordinates": [ [ [ -99.159304044607694, 19.379673317635497 ], [ -99.159333948717716, 19.379868060272699 ], [ -99.159014160843114, 19.379672772197704 ], [ -99.158898497041093, 19.379580398182696 ], [ -99.158816823638332, 19.379485843844595 ], [ -99.158748699345409, 19.379341814241499 ], [ -99.158703487859583, 19.379335002458998 ], [ -99.158536050627617, 19.379309796247099 ], [ -99.158181935769889, 19.379256400354599 ], [ -99.157570684610207, 19.379164339477999 ], [ -99.156785666105904, 19.379046104236295 ], [ -99.156055707563212, 19.378968081604505 ], [ -99.155425418367003, 19.378885522564897 ], [ -99.154800375148398, 19.378792961237497 ], [ -99.154075832645105, 19.378691454371999 ], [ -99.153518850086613, 19.378612222885696 ], [ -99.153355820879696, 19.378587804862605 ], [ -99.152574255038104, 19.378411624936302 ], [ -99.152154513482401, 19.378329713711796 ], [ -99.151702172384489, 19.378241439612502 ], [ -99.151050376770598, 19.378114239932497 ], [ -99.150410090333409, 19.378021478672 ], [ -99.149763660454397, 19.377883812772897 ], [ -99.149113199150392, 19.377768540858 ], [ -99.14849610312919, 19.377645520623492 ], [ -99.149143755925493, 19.374436533540397 ], [ -99.149423664072415, 19.372987508911198 ], [ -99.150211464403498, 19.373102132499394 ], [ -99.150610628949096, 19.373154155392797 ], [ -99.151040636014585, 19.373210196956901 ], [ -99.151500317282697, 19.373254291550897 ], [ -99.151959998789494, 19.373298384981904 ], [ -99.152465108924801, 19.3733468296608 ], [ -99.152809774957987, 19.373379885462001 ], [ -99.152970219348106, 19.373395272935603 ], [ -99.153849894985299, 19.373512352595 ], [ -99.154286763405196, 19.373570072621195 ], [ -99.154461985481902, 19.373590507975596 ], [ -99.155063773326404, 19.373659490084503 ], [ -99.155761779294807, 19.373739498975795 ], [ -99.156429173970395, 19.373815996470199 ], [ -99.157187370373919, 19.373897524442601 ], [ -99.157640325713984, 19.373945436445201 ], [ -99.157844303836498, 19.373963495785304 ], [ -99.157980235303199, 19.373975525530497 ], [ -99.158747204937981, 19.374066089953295 ], [ -99.159535850977207, 19.374147255828298 ], [ -99.160412080864305, 19.374224901160794 ], [ -99.161073283379082, 19.374350546571904 ], [ -99.161743964611603, 19.374489836230399 ], [ -99.162229746905098, 19.374592294910393 ], [ -99.162414454029602, 19.374631252003596 ], [ -99.161294059528984, 19.376373634278998 ], [ -99.161019515833686, 19.376800584388995 ], [ -99.160149364233504, 19.378128992496304 ], [ -99.1599910691926, 19.378370649249803 ], [ -99.159866811479702, 19.378440571777094 ], [ -99.159798385002517, 19.378516543298201 ], [ -99.159703535127079, 19.3787159761368 ], [ -99.159598550147393, 19.378948318451801 ], [ -99.159514122258201, 19.379152425368304 ], [ -99.159411453505399, 19.379415153411799 ], [ -99.159345946421197, 19.379597662866797 ], [ -99.159304044607694, 19.379673317635497 ] ] ] } },
{ "type": "Feature", "properties": { "colonia": "Modelo Pensil", "alcaldia": "Miguel Hidalgo" }, "geometry": { "type": "Polygon", "coordinates": [ [ [ -99.191125030404393, 19.448397960161195 ], [ -99.190672570351211, 19.448319344869496 ], [ -99.190130193269994, 19.448225104832698 ], [ -99.18999484367788, 19.4482039723874 ], [ -99.189959029734396, 19.448332895212403 ], [ -99.189373785395404, 19.448290139005703 ], [ -99.188996253251602, 19.448262556618296 ], [ -99.188732143132015, 19.4482346059579 ], [ -99.188625789591001, 19.448223350496896 ], [ -99.188489995453807, 19.448208979226496 ], [ -99.188243550458594, 19.4481828973652 ], [ -99.187928133709804, 19.448149515557599 ], [ -99.188201673421005, 19.446213426431999 ], [ -99.188308463552104, 19.445488848611998 ], [ -99.188386222414906, 19.444961245798797 ], [ -99.188474352971696, 19.444363265783497 ], [ -99.189553461727698, 19.444504514742295 ], [ -99.190666240543706, 19.444656820182502 ], [ -99.191727680036706, 19.444802092201702 ], [ -99.191691614968491, 19.445048027172092 ], [ -99.191510211330112, 19.446285044073999 ], [ -99.191459866753704, 19.446628347539001 ], [ -99.191309804630706, 19.447421431727797 ], [ -99.191240339794106, 19.447788553498199 ], [ -99.191125030404393, 19.448397960161195 ] ] ] } },
{ "type": "Feature", "properties": { "colonia": "Molino del Rey", "alcaldia": "Miguel Hidalgo" }, "geometry": { "type": "Polygon", "coordinates": [ [ [ -99.203081851079787, 19.422298451013503 ], [ -99.203361485417204, 19.422390955637599 ], [ -99.203841409080084, 19.422456715845598 ], [ -99.20427052078071, 19.4225405302406 ], [ -99.204200332334906, 19.422622058210298 ], [ -99.203902784726793, 19.423108579506092 ], [ -99.203698409051896, 19.423594995820299 ], [ -99.203591798784217, 19.424028263736801 ], [ -99.203583075910032, 19.424505620673798 ], [ -99.203551527237593, 19.425358693028798 ], [ -99.203572664949405, 19.425497895570498 ], [ -99.203380333984612, 19.4261305035416 ], [ -99.203626428757005, 19.426677891731799 ], [ -99.203906570453199, 19.4272064279589 ], [ -99.203994292069893, 19.427415650839308 ], [ -99.203921779990196, 19.4274277495646 ], [ -99.203714179209115, 19.427521489232099 ], [ -99.203506578187898, 19.427615228663303 ], [ -99.2034872309506, 19.427747044383299 ], [ -99.203150944749893, 19.427937894994496 ], [ -99.202698042354285, 19.427946166533896 ], [ -99.202496125761499, 19.427933449535303 ], [ -99.202335090114502, 19.427884448332101 ], [ -99.202127640018318, 19.427809614067399 ], [ -99.201996588018702, 19.427737283047904 ], [ -99.201865536134505, 19.427664951932098 ], [ -99.201584276589699, 19.427473718410791 ], [ -99.201282393655006, 19.427304646370295 ], [ -99.201172237913894, 19.427287355572702 ], [ -99.200405151777716, 19.4271669465342 ], [ -99.19836689045411, 19.426846985268703 ], [ -99.197577056881499, 19.426722992630399 ], [ -99.197163521441894, 19.426658071999295 ], [ -99.191908655519214, 19.425833027699401 ], [ -99.191859197355114, 19.425825261718597 ], [ -99.191968723179187, 19.425779131081601 ], [ -99.192002713680282, 19.425674801086696 ], [ -99.192287027835903, 19.425715273414898 ], [ -99.192244112491593, 19.425593856399995 ], [ -99.192247026972098, 19.425578739307902 ], [ -99.192458689212799, 19.424480862868204 ], [ -99.192602380617288, 19.4236710129647 ], [ -99.192683994770121, 19.423211029118303 ], [ -99.192663597087503, 19.4227531926418 ], [ -99.192661001963316, 19.4226949435396 ], [ -99.192657172679901, 19.422608992916597 ], [ -99.19280737638482, 19.421243020153696 ], [ -99.192582070827498, 19.421131718163402 ], [ -99.192590149383307, 19.421095528464999 ], [ -99.192624986171808, 19.4209394690915 ], [ -99.192627303292198, 19.420933861421201 ], [ -99.193099717922294, 19.420869627925597 ], [ -99.19341745185649, 19.420822904601099 ], [ -99.193722976705203, 19.4207877900554 ], [ -99.193979679663101, 19.420810708699101 ], [ -99.19422416693449, 19.420839438197998 ], [ -99.194981998479093, 19.420861818849801 ], [ -99.195128628693908, 19.420826872449098 ], [ -99.195238584002894, 19.420786167202003 ], [ -99.195287398374504, 19.420722335017292 ], [ -99.195330018266404, 19.420588931619296 ], [ -99.195482554825603, 19.420523387146297 ], [ -99.195523653170397, 19.420497026234493 ], [ -99.195462121373097, 19.420315860435597 ], [ -99.195401190758503, 19.419946480551502 ], [ -99.195413847580795, 19.419613827656693 ], [ -99.195424611712596, 19.419330918453298 ], [ -99.195425437527319, 19.419309213872005 ], [ -99.19542684867082, 19.419272125302797 ], [ -99.195428413704505, 19.419016575041798 ], [ -99.195430011864005, 19.418755615584899 ], [ -99.195369051937689, 19.418361127705399 ], [ -99.195232499185806, 19.417981068446 ], [ -99.195035493228801, 19.417629768779992 ], [ -99.193580645628117, 19.414984229100298 ], [ -99.19344404051958, 19.414553952437192 ], [ -99.193405879875598, 19.414252697533996 ], [ -99.193428087329494, 19.413850946501597 ], [ -99.193547201638296, 19.413047506188096 ], [ -99.193619383588896, 19.412560626477397 ], [ -99.193542147349206, 19.412323473811696 ], [ -99.193757632344102, 19.410967358322694 ], [ -99.197893977435598, 19.408707689395101 ], [ -99.198575997771812, 19.408333953166597 ], [ -99.199275770097515, 19.407950484699899 ], [ -99.199991130558203, 19.407558469445899 ], [ -99.200053754741901, 19.407524151369401 ], [ -99.200080626288809, 19.407509425740496 ], [ -99.200340434530503, 19.407367050277205 ], [ -99.200499056306995, 19.407280124905597 ], [ -99.2007940285568, 19.407118478312796 ], [ -99.201310504576497, 19.406835444381901 ], [ -99.201703664206306, 19.4066199874045 ], [ -99.202339115680104, 19.406271748111397 ], [ -99.202357300734505, 19.406261782306998 ], [ -99.202382451940395, 19.406247998895399 ], [ -99.202900541537588, 19.405964073160899 ], [ -99.202954431615794, 19.406136883677398 ], [ -99.202954462744913, 19.406161979494996 ], [ -99.202954793344205, 19.406428501336499 ], [ -99.202977004693906, 19.406636775140999 ], [ -99.202823824529602, 19.407032713511494 ], [ -99.202868970343488, 19.408032496346305 ], [ -99.203069470515615, 19.410386046001502 ], [ -99.203062704933714, 19.410891071510306 ], [ -99.203121981159299, 19.411969669070498 ], [ -99.203520148148598, 19.413719342527102 ], [ -99.203759169698003, 19.4148631965483 ], [ -99.203882637895305, 19.415534502395296 ], [ -99.203963362337007, 19.4157432694102 ], [ -99.204087474647494, 19.415895446413799 ], [ -99.204591048373985, 19.416374756703792 ], [ -99.204688642658596, 19.416520158561799 ], [ -99.205119069049488, 19.417486843572799 ], [ -99.2051243733723, 19.417641972694597 ], [ -99.205076001319796, 19.417777770532798 ], [ -99.20482835323692, 19.418062092216797 ], [ -99.203943926652997, 19.418875382525897 ], [ -99.203925071798807, 19.4188867242535 ], [ -99.2036870426126, 19.419029905230801 ], [ -99.203416489970905, 19.4191868403312 ], [ -99.20337726176588, 19.419209594743997 ], [ -99.203120314277101, 19.419313900849701 ], [ -99.203090553192808, 19.419318641100496 ], [ -99.202802811006279, 19.419364471494795 ], [ -99.2024952351276, 19.419415272175097 ], [ -99.202424894309004, 19.419476085339699 ], [ -99.202050668987098, 19.419515957333498 ], [ -99.201456852651688, 19.419775106374395 ], [ -99.201366756580185, 19.419814425210802 ], [ -99.201355346598717, 19.419821780865103 ], [ -99.20102677570992, 19.420033599538499 ], [ -99.200664141352988, 19.420277906196393 ], [ -99.20052863016241, 19.420346020123695 ], [ -99.200463894539297, 19.420378559059895 ], [ -99.200116178908488, 19.4204578531523 ], [ -99.200108102497794, 19.4204700570779 ], [ -99.19978598833022, 19.420956788519195 ], [ -99.200299202937998, 19.421130272221198 ], [ -99.200737329863102, 19.421306583848295 ], [ -99.200956448006195, 19.421438938031404 ], [ -99.200975470173802, 19.421456193037596 ], [ -99.201292244437894, 19.421743538099395 ], [ -99.201604754364894, 19.422052583259699 ], [ -99.201795927791011, 19.422189387306098 ], [ -99.201991705573406, 19.422281987201899 ], [ -99.202181777905594, 19.422335036775497 ], [ -99.202196757142715, 19.422339217500998 ], [ -99.202401710352021, 19.422316889795699 ], [ -99.202525552217594, 19.422281217461897 ], [ -99.202802211571907, 19.422201526079004 ], [ -99.203081851079787, 19.422298451013503 ] ] ] } },
{ "type": "Feature", "properties": { "colonia": "Napoles", "alcaldia": "Benito Juarez" }, "geometry": { "type": "Polygon", "coordinates": [ [ [ -99.173564687107998, 19.390127771192297 ], [ -99.173710551012306, 19.389655151527904 ], [ -99.173819887918697, 19.389300791803397 ], [ -99.173940495664183, 19.388897795118396 ], [ -99.174129598047102, 19.388406601480501 ], [ -99.174192243495298, 19.388206728242 ], [ -99.174846704948806, 19.386118608018801 ], [ -99.175063085036115, 19.386088237742495 ], [ -99.175996275375994, 19.385957215875504 ], [ -99.176734086638092, 19.385853693347702 ], [ -99.177336020355014, 19.385769201069099 ], [ -99.177681794482694, 19.3857206644802 ], [ -99.177873711678501, 19.385688640510697 ], [ -99.178388717843404, 19.385602703732896 ], [ -99.178664334393986, 19.385556712195104 ], [ -99.179158795257479, 19.385474201469599 ], [ -99.179944197380621, 19.385345188422402 ], [ -99.180210129120994, 19.385298760561398 ], [ -99.180622364550402, 19.385237428991001 ], [ -99.180835779462825, 19.385217677655199 ], [ -99.181752343384701, 19.385216980443602 ], [ -99.181939485926094, 19.385219097619196 ], [ -99.182462041337018, 19.385218335283898 ], [ -99.1826423542729, 19.385223079794599 ], [ -99.183071766053601, 19.385228330645901 ], [ -99.182777965356294, 19.385346671499001 ], [ -99.182527387969202, 19.385489326542398 ], [ -99.182339062040612, 19.385680132246502 ], [ -99.182209490410415, 19.385838566776798 ], [ -99.182110359806302, 19.385988176035397 ], [ -99.181929362578003, 19.386335119804794 ], [ -99.181809135868107, 19.3865639023361 ], [ -99.181739153989696, 19.386733584431095 ], [ -99.181667909312793, 19.386958548757296 ], [ -99.181598067807897, 19.387255125669903 ], [ -99.181299986643694, 19.388755560174104 ], [ -99.181254469497901, 19.389024460152601 ], [ -99.181225583760906, 19.389243100111596 ], [ -99.181211329922206, 19.389523288397992 ], [ -99.181213805561285, 19.390083692782003 ], [ -99.181237370296088, 19.391440085076997 ], [ -99.181252373178793, 19.392303640081398 ], [ -99.181218745661596, 19.392635348618796 ], [ -99.181148955220394, 19.392980924181892 ], [ -99.181060708814385, 19.393399388442703 ], [ -99.180922326821502, 19.393978719867697 ], [ -99.180848540816896, 19.394204979979701 ], [ -99.180787410224994, 19.3941815198501 ], [ -99.180835312436813, 19.393727733220199 ], [ -99.180555627081986, 19.394461760269099 ], [ -99.180465794858193, 19.394672380401701 ], [ -99.180391898817703, 19.394728242118301 ], [ -99.180367652800996, 19.3947799644349 ], [ -99.1803581960164, 19.394800145569302 ], [ -99.180332476351296, 19.394855017302298 ], [ -99.180325628847896, 19.395055391095795 ], [ -99.179943965332498, 19.395921395452099 ], [ -99.179754376289594, 19.396359092362392 ], [ -99.179612464361583, 19.396627673623097 ], [ -99.179361070675697, 19.396901577450208 ], [ -99.179162366555701, 19.397018742579899 ], [ -99.178466836333811, 19.397165502639201 ], [ -99.177710569721995, 19.397344210770495 ], [ -99.177760992707803, 19.397720859000302 ], [ -99.177752046934103, 19.397903863390198 ], [ -99.177666472207903, 19.397920967247998 ], [ -99.176581081853001, 19.398125900910202 ], [ -99.176471379474194, 19.398156766153601 ], [ -99.176384121789098, 19.398237758152099 ], [ -99.176350945330498, 19.398328564404402 ], [ -99.17634272880241, 19.398423293140297 ], [ -99.176359427601, 19.398480504071298 ], [ -99.176403178801706, 19.398553475547693 ], [ -99.176195116630097, 19.398462903243598 ], [ -99.176041148733106, 19.398393985170198 ], [ -99.17584350424751, 19.398321162515799 ], [ -99.175641125262089, 19.398243048408695 ], [ -99.175535615694102, 19.398226739276701 ], [ -99.175436261898298, 19.398223889151797 ], [ -99.175336172408606, 19.398249294391896 ], [ -99.175149201086995, 19.3983236220351 ], [ -99.172872423243206, 19.399012710868892 ], [ -99.172161398483397, 19.399218613932401 ], [ -99.171644182291502, 19.399389008996099 ], [ -99.170723054751434, 19.399713109746699 ], [ -99.170697072074205, 19.399722251722501 ], [ -99.170611848237101, 19.399752237601 ], [ -99.170577219172898, 19.3997626383211 ], [ -99.170535273127712, 19.399775236660801 ], [ -99.170498325102699, 19.399786333853893 ], [ -99.170866358830196, 19.398383264542495 ], [ -99.17125504784282, 19.397231320156699 ], [ -99.171608112245295, 19.396091323227299 ], [ -99.172264264490707, 19.394012167785998 ], [ -99.172682885879496, 19.392707956111195 ], [ -99.172922052545005, 19.391954470366603 ], [ -99.173044453462893, 19.391572074452196 ], [ -99.1731850217122, 19.391158073990905 ], [ -99.173395673106697, 19.3905901518185 ], [ -99.173510414272315, 19.390266360562098 ], [ -99.173564687107998, 19.390127771192297 ] ] ] } },
{ "type": "Feature", "properties": { "colonia": "Narvarte", "alcaldia": "Benito Juarez" }, "geometry": { "type": "Polygon", "coordinates": [ [ [ -99.152926939081894, 19.389344586953008 ], [ -99.153250724542602, 19.388860761593499 ], [ -99.152976801449597, 19.388824435822702 ], [ -99.152329489195395, 19.388738592079001 ], [ -99.151689841011986, 19.388643087594197 ], [ -99.151533832361906, 19.388618082357201 ], [ -99.151932868628009, 19.386463341384097 ], [ -99.152076501846807, 19.386493942243895 ], [ -99.152698618761704, 19.386626483426898 ], [ -99.153323176385399, 19.386759541960501 ], [ -99.153950358825782, 19.386893157315402 ], [ -99.1543702503769, 19.386982609950994 ], [ -99.154750330377794, 19.386302774850698 ], [ -99.155567919704382, 19.384846498916303 ], [ -99.1557382708923, 19.384553187662995 ], [ -99.156869384127305, 19.382607233637302 ], [ -99.157804251955383, 19.380981718011199 ], [ -99.158460261699403, 19.379841048983398 ], [ -99.158639662138796, 19.379530539511894 ], [ -99.158663190974096, 19.379489816225398 ], [ -99.158748699345409, 19.379341814241499 ], [ -99.158816823638332, 19.379485843844595 ], [ -99.158898497041093, 19.379580398182696 ], [ -99.159014160843114, 19.379672772197704 ], [ -99.159333948717716, 19.379868060272699 ], [ -99.1596067339634, 19.380763003485598 ], [ -99.159782967301624, 19.381428852890696 ], [ -99.159880575254107, 19.381797637758897 ], [ -99.159945006000811, 19.3820250735176 ], [ -99.160354426608095, 19.383404446961393 ], [ -99.160750520080498, 19.384653312904902 ], [ -99.160789332140681, 19.384856642952297 ], [ -99.160927400016192, 19.385428591427697 ], [ -99.161125717379207, 19.386065320912696 ], [ -99.1612115086009, 19.386448668508695 ], [ -99.161447514231199, 19.387254695051897 ], [ -99.161630454383697, 19.387569804157895 ], [ -99.161774913824217, 19.387792859111396 ], [ -99.161912486757998, 19.387972868346605 ], [ -99.162023233579617, 19.388115630708196 ], [ -99.162135986518393, 19.388215630102096 ], [ -99.162208943452086, 19.388282637084401 ], [ -99.162106018790496, 19.388698753661995 ], [ -99.161860854972815, 19.389689923645204 ], [ -99.161718462581106, 19.390265594595792 ], [ -99.161583500006998, 19.3908138302188 ], [ -99.161396501135215, 19.391573590245095 ], [ -99.161108215480695, 19.392762923530796 ], [ -99.161150962607394, 19.392916126900701 ], [ -99.161186602607415, 19.393043850966301 ], [ -99.161109414940796, 19.394106628760699 ], [ -99.160983513401803, 19.396271847341296 ], [ -99.160781796511102, 19.398535913749601 ], [ -99.160768994237799, 19.398679585846399 ], [ -99.160647040368602, 19.400461172297195 ], [ -99.160586930839401, 19.401294435627296 ], [ -99.159900097955997, 19.4013705143404 ], [ -99.159176243763, 19.401450690925401 ], [ -99.158505920050601, 19.401489879031796 ], [ -99.15781046809299, 19.401530533540996 ], [ -99.157109062517321, 19.401579970205901 ], [ -99.156415968246705, 19.401628818384296 ], [ -99.155574613332107, 19.401688112147898 ], [ -99.1547551034853, 19.401744312933705 ], [ -99.154078494021803, 19.401790321575099 ], [ -99.154084060134394, 19.401888775020193 ], [ -99.154085308138704, 19.402000119973096 ], [ -99.1532573599616, 19.402044497696298 ], [ -99.152565311369216, 19.4020806458661 ], [ -99.151925731091595, 19.402109747502497 ], [ -99.151273654134286, 19.402139415425395 ], [ -99.150604395535396, 19.402169985723098 ], [ -99.150441846214505, 19.402179211414293 ], [ -99.149870754422295, 19.402211623287197 ], [ -99.148858343426298, 19.402269077450295 ], [ -99.147781073395507, 19.402328727735 ], [ -99.146977334638109, 19.402341501163399 ], [ -99.146169396583801, 19.402376452388793 ], [ -99.1451515323281, 19.402409313418296 ], [ -99.145164375802082, 19.4023107562249 ], [ -99.145172867724895, 19.402245590724803 ], [ -99.145319182784803, 19.401122787003199 ], [ -99.145507572514617, 19.399677083037098 ], [ -99.145673501402101, 19.398286054278902 ], [ -99.145699681784194, 19.398085922933305 ], [ -99.145886155569102, 19.396631837434093 ], [ -99.146009969889903, 19.395713943004498 ], [ -99.146078209284994, 19.3951922816814 ], [ -99.146213316903811, 19.394158286770701 ], [ -99.146421564212602, 19.392564095383701 ], [ -99.146642533033202, 19.390808839957003 ], [ -99.146819987468604, 19.389402035173099 ], [ -99.147456430237, 19.389497781061998 ], [ -99.147918425414517, 19.389567279542696 ], [ -99.148762785751899, 19.389694296805395 ], [ -99.149412092495794, 19.389783430446794 ], [ -99.149621807401999, 19.389812218562597 ], [ -99.150097231236799, 19.3898774828588 ], [ -99.150744740796299, 19.389966366076898 ], [ -99.151367088929305, 19.390051793135402 ], [ -99.1515202922062, 19.390072822351296 ], [ -99.152205871652683, 19.3901669257266 ], [ -99.15239123873512, 19.390192368949599 ], [ -99.152926939081894, 19.389344586953008 ] ], [ [ -99.160307121494895, 19.396216764324695 ], [ -99.159600791997107, 19.396157089259901 ], [ -99.160307121494895, 19.396216764324802 ], [ -99.160983513401803, 19.396271847341296 ], [ -99.160307121494895, 19.396216764324695 ] ], [ [ -99.152841081290603, 19.3902613871143 ], [ -99.15255484980338, 19.390217471502794 ], [ -99.152841081290603, 19.3902613871144 ], [ -99.153484134978015, 19.390360047120602 ], [ -99.152841081290603, 19.3902613871143 ] ], [ [ -99.156080503027198, 19.395320501787399 ], [ -99.156158502311982, 19.393977307998401 ], [ -99.156080503027198, 19.395320501787296 ], [ -99.156074410091804, 19.395425424861301 ], [ -99.156080503027198, 19.395320501787399 ] ] ] } },
{ "type": "Feature", "properties": { "colonia": "Nextitla", "alcaldia": "Miguel Hidalgo" }, "geometry": { "type": "Polygon", "coordinates": [ [ [ -99.176012001685805, 19.454906758731596 ], [ -99.175779594322719, 19.455241629169798 ], [ -99.1754031464299, 19.455791132435792 ], [ -99.174865458015304, 19.456522474618698 ], [ -99.173995347445214, 19.4577619071407 ], [ -99.173961348973094, 19.4577553951247 ], [ -99.1731181350805, 19.457593857795001 ], [ -99.17304482115, 19.457579392403098 ], [ -99.172998311108302, 19.457570215604001 ], [ -99.1725755209346, 19.457492978307002 ], [ -99.17125718711489, 19.457252132072405 ], [ -99.171235637163207, 19.4571898210061 ], [ -99.171101158995285, 19.457154629290596 ], [ -99.170958874830902, 19.457130280885298 ], [ -99.17153607941718, 19.455147431854002 ], [ -99.17155719762161, 19.455074884344391 ], [ -99.171688141046999, 19.4549740364542 ], [ -99.173210949243, 19.453757807807303 ], [ -99.174274430880814, 19.452936630560899 ], [ -99.174824195853901, 19.453754171249905 ], [ -99.175133264451205, 19.454119870518795 ], [ -99.175385568408814, 19.454401926004699 ], [ -99.176012001685805, 19.454906758731596 ] ] ] } },
{ "type": "Feature", "properties": { "colonia": "Niños Heroes de Chapultepec", "alcaldia": "Benito Juarez" }, "geometry": { "type": "Polygon", "coordinates": [ [ [ -99.146819987468604, 19.389402035173099 ], [ -99.1459115015181, 19.389278398873095 ], [ -99.145471308507396, 19.389207128454501 ], [ -99.144996109818507, 19.389141745764601 ], [ -99.144537459895005, 19.389073646494495 ], [ -99.144125446740105, 19.389005803498296 ], [ -99.1437138516213, 19.388944553109496 ], [ -99.143277537141913, 19.388892223960301 ], [ -99.142887745214395, 19.388849098879898 ], [ -99.142367952647305, 19.388779448932201 ], [ -99.142480349351288, 19.388111956935397 ], [ -99.142623503969588, 19.387111230681001 ], [ -99.142365729812994, 19.387066009104 ], [ -99.141950869481406, 19.386993228921899 ], [ -99.141498625515084, 19.386913889263901 ], [ -99.141092681292321, 19.386842671200792 ], [ -99.140675396770803, 19.386764624445398 ], [ -99.140549275890493, 19.386740994284899 ], [ -99.140201553203596, 19.386675837261304 ], [ -99.139077080572903, 19.386459478248696 ], [ -99.139260159701607, 19.385252996881693 ], [ -99.139362518991902, 19.384582638496099 ], [ -99.140508346433734, 19.384784259004597 ], [ -99.141031000744306, 19.384876225691499 ], [ -99.141452439895303, 19.384950510242394 ], [ -99.141879489921308, 19.385030009259395 ], [ -99.142305549085407, 19.385109322740899 ], [ -99.142939102133198, 19.385226999279794 ], [ -99.143320689489016, 19.383359372404698 ], [ -99.143737324361197, 19.3834328426097 ], [ -99.144964543650616, 19.383622675752004 ], [ -99.145134584408694, 19.383640959682602 ], [ -99.145579971489695, 19.383707296184493 ], [ -99.145893635012001, 19.383754012929295 ], [ -99.146750250969689, 19.383885844733292 ], [ -99.147471626867997, 19.3839968600136 ], [ -99.147250828468714, 19.385843817009796 ], [ -99.147162601768997, 19.386644729000796 ], [ -99.147141823339879, 19.386888921174297 ], [ -99.147099143003501, 19.387204118089908 ], [ -99.147019595096197, 19.387895909600498 ], [ -99.1469622794896, 19.388322618716096 ], [ -99.146911302005307, 19.3887127446412 ], [ -99.146819987468604, 19.389402035173099 ] ] ] } },
{ "type": "Feature", "properties": { "colonia": "Noche Buena", "alcaldia": "Benito Juarez" }, "geometry": { "type": "Polygon", "coordinates": [ [ [ -99.175807044289598, 19.383170146020401 ], [ -99.17606135002211, 19.382393089388504 ], [ -99.176235803136194, 19.381803456029992 ], [ -99.176435428489, 19.381204308884005 ], [ -99.176776039680519, 19.380163727428389 ], [ -99.177027984256398, 19.380080372846898 ], [ -99.177451751856097, 19.379940175780995 ], [ -99.177884472650717, 19.379797015422 ], [ -99.178494536371502, 19.379595179439704 ], [ -99.179079053304605, 19.379401793078401 ], [ -99.179639357404596, 19.379216415299496 ], [ -99.180255030322115, 19.3790127161611 ], [ -99.1808025208327, 19.378831573414299 ], [ -99.181455223313705, 19.378606717599297 ], [ -99.181986196139803, 19.378423795434895 ], [ -99.181915618650194, 19.378737202626301 ], [ -99.181777040668379, 19.3794734670821 ], [ -99.181547902401803, 19.380436161866005 ], [ -99.180886913093602, 19.3807749117972 ], [ -99.180344458232, 19.3810616856038 ], [ -99.179797146582104, 19.381351800961905 ], [ -99.179502699782901, 19.381521189314704 ], [ -99.179240973807197, 19.3816656031027 ], [ -99.179061125753506, 19.381872571925499 ], [ -99.178825056013309, 19.382001493076594 ], [ -99.178739098156399, 19.382048435797898 ], [ -99.178190444046095, 19.382245834107795 ], [ -99.177712307244391, 19.382417859510596 ], [ -99.176639346089019, 19.382827574269406 ], [ -99.17604233498939, 19.383081925932803 ], [ -99.175807044289598, 19.383170146020401 ] ] ] } },
{ "type": "Feature", "properties": { "colonia": "Nonoalco", "alcaldia": "Benito Juarez" }, "geometry": { "type": "Polygon", "coordinates": [ [ [ -99.188731207279403, 19.385310077492196 ], [ -99.187876206652106, 19.385270835332204 ], [ -99.187651273986589, 19.385256132486202 ], [ -99.186538118057101, 19.3851865296255 ], [ -99.186003665617903, 19.385186235339003 ], [ -99.185649663435782, 19.385212167883303 ], [ -99.184917522830702, 19.3852519159257 ], [ -99.184615054977002, 19.385239060589502 ], [ -99.184273608459179, 19.385236687760393 ], [ -99.184093504015607, 19.385235435894597 ], [ -99.183973792399598, 19.385237216896002 ], [ -99.183071766053601, 19.385228330645901 ], [ -99.183092068070195, 19.385177459093299 ], [ -99.18358102183322, 19.383952264930105 ], [ -99.183628743525887, 19.3838326782971 ], [ -99.1840092644197, 19.382879169337997 ], [ -99.18440277117891, 19.381893107944304 ], [ -99.184803168627212, 19.380889766642895 ], [ -99.185548990497907, 19.380966892454001 ], [ -99.185990343845717, 19.3810125315477 ], [ -99.187004933626099, 19.381117443228799 ], [ -99.187141382414097, 19.380076108472 ], [ -99.187211713773706, 19.3795393563178 ], [ -99.187282983502001, 19.378995439238498 ], [ -99.187317551301703, 19.378731623057895 ], [ -99.187361243523284, 19.378398169487401 ], [ -99.187620200557305, 19.376421814474796 ], [ -99.188645135128496, 19.376742780552199 ], [ -99.189600797520797, 19.377042047158191 ], [ -99.189464069276596, 19.377384112113099 ], [ -99.190719726641206, 19.377808564004905 ], [ -99.191392063527601, 19.377967942438897 ], [ -99.191412411880606, 19.377972703842701 ], [ -99.191452838425192, 19.377981434434698 ], [ -99.191474597144079, 19.377985865056097 ], [ -99.191508718814887, 19.3779923055945 ], [ -99.19154784598669, 19.3779996952061 ], [ -99.191607518665634, 19.378013467587699 ], [ -99.191628205474004, 19.378264569696096 ], [ -99.19168511795958, 19.378955384678196 ], [ -99.191719227273396, 19.379640531268898 ], [ -99.191743956930594, 19.380137266711696 ], [ -99.191746039246098, 19.380179093259201 ], [ -99.191747112051601, 19.3802006422166 ], [ -99.191753336899708, 19.3803256777991 ], [ -99.19174894384291, 19.380921349798399 ], [ -99.191745272554286, 19.381419153161698 ], [ -99.191743654692303, 19.381622121393601 ], [ -99.191726496598704, 19.382759079819404 ], [ -99.191696764918902, 19.382979673845799 ], [ -99.191599668376497, 19.3832963903156 ], [ -99.190961728990018, 19.384734765938703 ], [ -99.190930136285516, 19.384806457875005 ], [ -99.190915426597599, 19.384840115660399 ], [ -99.190890450188604, 19.384897265078802 ], [ -99.190813249997802, 19.384908329367196 ], [ -99.190766234520282, 19.384915171059902 ], [ -99.190740708953314, 19.384918886509304 ], [ -99.19046769962128, 19.384977706334997 ], [ -99.189913186632694, 19.385096192657503 ], [ -99.18946154154942, 19.385206187223599 ], [ -99.188984906479419, 19.385296070598393 ], [ -99.188731207279403, 19.385310077492196 ] ] ] } },
{ "type": "Feature", "properties": { "colonia": "Nueva Santa Maria", "alcaldia": "Azcapotzalco" }, "geometry": { "type": "Polygon", "coordinates": [ [ [ -99.164990316344998, 19.461513728469097 ], [ -99.164955486650612, 19.461507618870002 ], [ -99.164971135462395, 19.461259605207001 ], [ -99.164555938491603, 19.461219766397505 ], [ -99.164427948749704, 19.461233829838097 ], [ -99.164925903063306, 19.460099443123099 ], [ -99.164988597064095, 19.4599495081718 ], [ -99.165291665911795, 19.459224703969891 ], [ -99.1654693970724, 19.4587996478473 ], [ -99.165512536104501, 19.458697820384305 ], [ -99.165582975341394, 19.458531551899405 ], [ -99.165531667908482, 19.458525651693201 ], [ -99.1655399665581, 19.458436274600992 ], [ -99.165546410079486, 19.458251330743796 ], [ -99.165541504196895, 19.4580720319105 ], [ -99.165532585576884, 19.457969805548899 ], [ -99.165522964388103, 19.457880632657801 ], [ -99.165503253719905, 19.457772020194099 ], [ -99.165472387849405, 19.457674284021799 ], [ -99.165432293492586, 19.457578015431697 ], [ -99.165387587142916, 19.457484669376495 ], [ -99.165289384649299, 19.457316168981997 ], [ -99.165205769817987, 19.457194460412698 ], [ -99.165112229583102, 19.457070129287988 ], [ -99.165086758630693, 19.457039979335391 ], [ -99.165076532507697, 19.457027874674804 ], [ -99.165024511457901, 19.456969813592597 ], [ -99.164976332357099, 19.456924719631605 ], [ -99.164915912567196, 19.456871089108599 ], [ -99.164937465870921, 19.456708693588695 ], [ -99.164944153111193, 19.456658307844101 ], [ -99.164940888794206, 19.456597711338002 ], [ -99.164951948280702, 19.456599574246603 ], [ -99.165154488813897, 19.456632640296899 ], [ -99.165525967388817, 19.4566932859498 ], [ -99.165630207291599, 19.456711213286603 ], [ -99.166059245748997, 19.456784999298595 ], [ -99.1667769529369, 19.456905015357897 ], [ -99.167328326557211, 19.457002876739789 ], [ -99.16749148490679, 19.457029542284495 ], [ -99.167601313851193, 19.457046128451299 ], [ -99.167669228919209, 19.457056384826 ], [ -99.167731946710703, 19.457065596657497 ], [ -99.167887930760799, 19.457089121802102 ], [ -99.168043920949202, 19.457118564178302 ], [ -99.168129600645898, 19.457129372606392 ], [ -99.168166181640103, 19.457191274252999 ], [ -99.168211074002215, 19.457267240159201 ], [ -99.16848428393881, 19.457729558446498 ], [ -99.16865424273621, 19.458017156462205 ], [ -99.168666171137303, 19.458037341218304 ], [ -99.169055948179206, 19.4586969028766 ], [ -99.169310050293291, 19.459126878678799 ], [ -99.169357982158687, 19.459207985703298 ], [ -99.169551920962704, 19.459537837631697 ], [ -99.170309482483006, 19.460826286428201 ], [ -99.170347769549494, 19.460891403838396 ], [ -99.170364351303306, 19.460921158162801 ], [ -99.170479159667593, 19.461127170122097 ], [ -99.170565466372807, 19.461282038349697 ], [ -99.170867146309305, 19.461788807850297 ], [ -99.17134231434531, 19.462590692653894 ], [ -99.171668489644702, 19.463148332444899 ], [ -99.171789888442305, 19.463355878595301 ], [ -99.172059153983128, 19.4638162188892 ], [ -99.172171347307994, 19.463997554698196 ], [ -99.172326437798901, 19.464248223541599 ], [ -99.172571673582695, 19.464690953450695 ], [ -99.173098543619503, 19.465484871853199 ], [ -99.173000450674095, 19.4658554339441 ], [ -99.172965091535602, 19.466025808358602 ], [ -99.1729528786516, 19.466084654815301 ], [ -99.17281182264388, 19.466739642941501 ], [ -99.17271286206352, 19.467457256596195 ], [ -99.172258584076914, 19.467382267477397 ], [ -99.1717837017395, 19.467304110372897 ], [ -99.171345964092197, 19.4672320654469 ], [ -99.171180615072501, 19.467204851233397 ], [ -99.170726631786508, 19.467130157697497 ], [ -99.170259180772007, 19.467053217726097 ], [ -99.169802591433083, 19.4669779853302 ], [ -99.169668861238193, 19.466956011808602 ], [ -99.169189653274799, 19.466877136893295 ], [ -99.168724044535693, 19.4668004990444 ], [ -99.168278793667497, 19.466727333768603 ], [ -99.168129188876705, 19.466702655987401 ], [ -99.167662939433697, 19.466626033989201 ], [ -99.167185368991099, 19.466547405647798 ], [ -99.166753368884386, 19.466476166709896 ], [ -99.166589374299505, 19.466449822455004 ], [ -99.166029646797995, 19.466357022186298 ], [ -99.165472057135915, 19.466265035053802 ], [ -99.165278272623198, 19.466233322122601 ], [ -99.165239438357105, 19.466226928678498 ], [ -99.164925228636704, 19.466175198722294 ], [ -99.164771632145516, 19.466149911134398 ], [ -99.164612286665118, 19.466123676906996 ], [ -99.164318364047006, 19.466075285251002 ], [ -99.164023201226996, 19.466026571116291 ], [ -99.16393757115722, 19.466020088957691 ], [ -99.163843860521197, 19.4658851177057 ], [ -99.1636789298812, 19.465647567746995 ], [ -99.163429382510003, 19.465288142502896 ], [ -99.163367028353306, 19.465198332964597 ], [ -99.163178838149705, 19.464927279319795 ], [ -99.163048497406294, 19.464733692794397 ], [ -99.162760104459309, 19.464305131057191 ], [ -99.162658205666204, 19.464153985850395 ], [ -99.162927376409698, 19.464193730361099 ], [ -99.163579050014121, 19.4642942026124 ], [ -99.163814275381, 19.463771556817601 ], [ -99.164181106942607, 19.463202580544301 ], [ -99.164193025603311, 19.4631051693801 ], [ -99.164362841604003, 19.462981363088993 ], [ -99.164422913730206, 19.462937566737505 ], [ -99.164713973171217, 19.462981311957702 ], [ -99.164758945902719, 19.462470453549795 ], [ -99.165212732428699, 19.462531437607002 ], [ -99.165332111275916, 19.461570013577202 ], [ -99.165133844710979, 19.461537364097801 ], [ -99.164990316344998, 19.461513728469097 ] ] ] } },
{ "type": "Feature", "properties": { "colonia": "Obrera", "alcaldia": "Cuauhtemoc" }, "geometry": { "type": "Polygon", "coordinates": [ [ [ -99.135066432676794, 19.412607232789696 ], [ -99.135127647744213, 19.412210758354295 ], [ -99.135194258674701, 19.411780723602298 ], [ -99.135260771382107, 19.4113506562766 ], [ -99.135347151963003, 19.410814942310495 ], [ -99.135433842849494, 19.410279512963804 ], [ -99.135486958652095, 19.409949867515696 ], [ -99.135494683084502, 19.409901928301203 ], [ -99.135562888595402, 19.409480836734101 ], [ -99.135643144477115, 19.408984121621497 ], [ -99.135726766514708, 19.408466034440401 ], [ -99.135746716445084, 19.408343095464499 ], [ -99.135778452931106, 19.408110001500201 ], [ -99.135832843807194, 19.408077605091293 ], [ -99.135887234661695, 19.408045208666202 ], [ -99.136321516776619, 19.407786539355499 ], [ -99.136593607719092, 19.407766511009097 ], [ -99.136865698592118, 19.407746482255696 ], [ -99.13766747322002, 19.407682326259099 ], [ -99.138623611947494, 19.4076256186741 ], [ -99.139546306971098, 19.407533979206899 ], [ -99.140006802159704, 19.407514232628802 ], [ -99.140467297228994, 19.407494484884403 ], [ -99.141331206718107, 19.407417714951901 ], [ -99.142128423321395, 19.407330085967196 ], [ -99.142234128823802, 19.407318466689993 ], [ -99.14301482255928, 19.407270460882696 ], [ -99.14376973769302, 19.407212702294597 ], [ -99.144492619701197, 19.407192390463901 ], [ -99.144568208965197, 19.407195440356599 ], [ -99.144624900914906, 19.407197727755396 ], [ -99.144643798231797, 19.407198490217795 ], [ -99.144580938521599, 19.407847739878399 ], [ -99.144520466059006, 19.408485122536693 ], [ -99.144446828643595, 19.409176063866603 ], [ -99.14438942680539, 19.409803981827395 ], [ -99.144386654399099, 19.4098343090253 ], [ -99.1443838819918, 19.409864636222995 ], [ -99.144335243165102, 19.410328989546805 ], [ -99.144280883014801, 19.410883953211403 ], [ -99.144250645753502, 19.411128666755403 ], [ -99.144228102743511, 19.411436548303499 ], [ -99.144170061192895, 19.411991246309999 ], [ -99.144109988070099, 19.412603156554198 ], [ -99.144037020606618, 19.4132237519832 ], [ -99.143664684165088, 19.416923725061896 ], [ -99.143652258409105, 19.416973990967602 ], [ -99.143639832645619, 19.417024256872189 ], [ -99.143607153941602, 19.417339361718994 ], [ -99.143574565926997, 19.417757889353201 ], [ -99.143514216757396, 19.418318344696296 ], [ -99.143456408579198, 19.418886013528798 ], [ -99.143399568380303, 19.4193660743618 ], [ -99.143305458796604, 19.420321926025203 ], [ -99.143242704816416, 19.420913751107697 ], [ -99.143194071757705, 19.421442237262102 ], [ -99.14318587317689, 19.421531329345395 ], [ -99.143151486588195, 19.421879204474902 ], [ -99.143117099858401, 19.422227079585401 ], [ -99.142038782530506, 19.422279886240901 ], [ -99.141543947601519, 19.422302680124599 ], [ -99.140936893437697, 19.422330641381802 ], [ -99.140023883701105, 19.422372691287499 ], [ -99.140032036264401, 19.4223193497171 ], [ -99.140040188822496, 19.422266008146099 ], [ -99.139886321979915, 19.422271270234095 ], [ -99.138930024437201, 19.422303971698195 ], [ -99.138445821540614, 19.422320527531802 ], [ -99.137779879316795, 19.422343295270696 ], [ -99.137758946048706, 19.422518873140501 ], [ -99.137102343872698, 19.422552505258597 ], [ -99.135768374720996, 19.42258097421189 ], [ -99.135693151109209, 19.4225212327263 ], [ -99.133761171556003, 19.422294060982797 ], [ -99.133699270323703, 19.422286781978102 ], [ -99.1336683197095, 19.422283142467794 ], [ -99.133637369096704, 19.422279502952197 ], [ -99.133754400052581, 19.421488128468095 ], [ -99.133788985073295, 19.421173154064192 ], [ -99.133851256304894, 19.420606031425699 ], [ -99.133934045259295, 19.419975535727797 ], [ -99.133979466022481, 19.419472322685195 ], [ -99.133990932969695, 19.419362161912797 ], [ -99.134109368188518, 19.418702685222399 ], [ -99.134224797567882, 19.418011512696093 ], [ -99.134292730199505, 19.417537567851095 ], [ -99.134354517284194, 19.417161034620996 ], [ -99.134370086712707, 19.417059881900599 ], [ -99.134993911717814, 19.4130692876228 ], [ -99.135066432676794, 19.412607232789696 ] ], [ [ -99.141001278258486, 19.415777696452505 ], [ -99.140835046909501, 19.416710058569297 ], [ -99.140918162816504, 19.416243877540403 ], [ -99.141001278258486, 19.415777696452505 ] ] ] } },
{ "type": "Feature", "properties": { "colonia": "Obrero Popular", "alcaldia": "Azcapotzalco" }, "geometry": { "type": "Polygon", "coordinates": [ [ [ -99.17606695846429, 19.468383046324593 ], [ -99.175985961970923, 19.468303968453398 ], [ -99.175513932032601, 19.467843117555898 ], [ -99.17324962648631, 19.4656323834134 ], [ -99.173098543619503, 19.465484871853096 ], [ -99.172571673582695, 19.464690953450695 ], [ -99.172326437798901, 19.464248223541599 ], [ -99.172171347307994, 19.463997554698196 ], [ -99.172059153983128, 19.4638162188892 ], [ -99.171789888442305, 19.463355878595301 ], [ -99.171668489644702, 19.463148332444899 ], [ -99.17134231434531, 19.462590692653894 ], [ -99.170867146309305, 19.4617888078504 ], [ -99.170565466372807, 19.461282038349697 ], [ -99.170479159667593, 19.461127170122097 ], [ -99.170364351303306, 19.460921158162801 ], [ -99.170347769549494, 19.460891403838396 ], [ -99.1705103272337, 19.460846135024902 ], [ -99.170664018952706, 19.460803335034704 ], [ -99.170745576434598, 19.460780622887398 ], [ -99.171576011342097, 19.460925966741197 ], [ -99.1719479310906, 19.460991059324698 ], [ -99.1724410000093, 19.461077353913097 ], [ -99.173069384855509, 19.461187328774699 ], [ -99.174043264680293, 19.461357764783205 ], [ -99.175202370093402, 19.461545722577 ], [ -99.176325636501105, 19.4617278613051 ], [ -99.176994856490595, 19.461847146629403 ], [ -99.177626406917611, 19.461948711703993 ], [ -99.177619011813903, 19.462029982069495 ], [ -99.177611616703118, 19.462111252434099 ], [ -99.177609261489707, 19.462136504882398 ], [ -99.177491416951796, 19.463400794546899 ], [ -99.177354757219121, 19.464866204481002 ], [ -99.177286103702997, 19.465729888200201 ], [ -99.177221153420021, 19.466241803669696 ], [ -99.177149710077103, 19.466519989585194 ], [ -99.1770564308448, 19.466798196795501 ], [ -99.176489535118804, 19.4678261074083 ], [ -99.176266988794893, 19.468119415047301 ], [ -99.176166973710195, 19.468251230713797 ], [ -99.17606695846429, 19.468383046324593 ] ] ] } },
{ "type": "Feature", "properties": { "colonia": "Parque San Andres", "alcaldia": "Coyoacan" }, "geometry": { "type": "Polygon", "coordinates": [ [ [ -99.14813357634138, 19.349542350163201 ], [ -99.147496271639596, 19.349436133663303 ], [ -99.1468747210793, 19.3493253794481 ], [ -99.145592745176302, 19.349096585596701 ], [ -99.145462318895511, 19.349085284428892 ], [ -99.145443024694615, 19.348978765894596 ], [ -99.144777888417096, 19.346174672832593 ], [ -99.144677868634602, 19.345716613810392 ], [ -99.144554937623511, 19.345153260670497 ], [ -99.144226409080403, 19.343660215488601 ], [ -99.144010974591694, 19.342835625187398 ], [ -99.144094407891899, 19.342822450048597 ], [ -99.144250064935406, 19.342771589760201 ], [ -99.144376534740204, 19.3427196683345 ], [ -99.144761283448588, 19.3424746576225 ], [ -99.14491498714078, 19.342402324282599 ], [ -99.145057026501803, 19.342357200289896 ], [ -99.145365164269307, 19.342333139638804 ], [ -99.145638813710605, 19.342363125802205 ], [ -99.1462287610874, 19.342425878578503 ], [ -99.147069726279, 19.342528866579499 ], [ -99.147696822129305, 19.342617809889095 ], [ -99.148779052472804, 19.342771321741001 ], [ -99.148862205688502, 19.342782446464799 ], [ -99.148945358915114, 19.342793571150601 ], [ -99.150163811271696, 19.342956577728899 ], [ -99.151492266266104, 19.343134290978199 ], [ -99.152391008240315, 19.343254515741801 ], [ -99.154363623042087, 19.343518417127704 ], [ -99.155668556558595, 19.343702618023901 ], [ -99.155367180639203, 19.343969552220297 ], [ -99.154775748756606, 19.3440787659578 ], [ -99.154337100044216, 19.344193028731404 ], [ -99.153205560369116, 19.344494916809296 ], [ -99.151761001357102, 19.3448803047749 ], [ -99.151030437670912, 19.345156875119901 ], [ -99.151118651336589, 19.345673245286296 ], [ -99.151131217946613, 19.346237375300699 ], [ -99.151131408058006, 19.346443890390102 ], [ -99.151007866444388, 19.347281056283197 ], [ -99.150681670231293, 19.348854964291796 ], [ -99.15057817063871, 19.348876750017702 ], [ -99.150513451353604, 19.348890372807595 ], [ -99.150815237947597, 19.349981565537099 ], [ -99.149502261757803, 19.349769802004801 ], [ -99.14813357634138, 19.349542350163201 ] ] ] } },
{ "type": "Feature", "properties": { "colonia": "Piedad Narvarte", "alcaldia": "Benito Juarez" }, "geometry": { "type": "Polygon", "coordinates": [ [ [ -99.150293688765004, 19.404044073641501 ], [ -99.150303272835501, 19.403977091609399 ], [ -99.150329539819879, 19.403834968497101 ], [ -99.150490826527388, 19.402857952384103 ], [ -99.150604395535396, 19.402169985723098 ], [ -99.151273654134286, 19.402139415425395 ], [ -99.151925731091595, 19.402109747502497 ], [ -99.152565311369216, 19.4020806458661 ], [ -99.1532573599616, 19.402044497696298 ], [ -99.154085308138704, 19.402000119973096 ], [ -99.154084060134394, 19.401888775020193 ], [ -99.154078494021803, 19.401790321575099 ], [ -99.1547551034853, 19.401744312933705 ], [ -99.155574613332107, 19.401688112147898 ], [ -99.156415968246705, 19.401628818384296 ], [ -99.157109062517321, 19.401579970205901 ], [ -99.15781046809299, 19.401530533540996 ], [ -99.158505920050601, 19.401489879031796 ], [ -99.159176243763, 19.401450690925401 ], [ -99.159900097955997, 19.4013705143404 ], [ -99.160586930839401, 19.401294435627296 ], [ -99.1611342629581, 19.4012230450743 ], [ -99.162163205875103, 19.401088831616793 ], [ -99.162118770459998, 19.401257701555497 ], [ -99.162540261479279, 19.4012028371925 ], [ -99.1626241191437, 19.401838451418701 ], [ -99.162701292510206, 19.402065182294503 ], [ -99.162713676805623, 19.402101559958201 ], [ -99.162719792197521, 19.4021195332029 ], [ -99.162733131526096, 19.4021587232805 ], [ -99.16276054713191, 19.402236345906502 ], [ -99.162278204806995, 19.402405062547903 ], [ -99.162212849135301, 19.402425798597598 ], [ -99.162191051163518, 19.402432714652395 ], [ -99.162168509872018, 19.402439866544192 ], [ -99.161295381241317, 19.4027168898082 ], [ -99.160500206860902, 19.402953888087094 ], [ -99.160478195720898, 19.4029604483529 ], [ -99.160450989522502, 19.402968556964801 ], [ -99.16028723990982, 19.4030173612576 ], [ -99.1602541921566, 19.403027210860795 ], [ -99.160222549431893, 19.403036641700492 ], [ -99.160202725333804, 19.403042550097602 ], [ -99.160179497287118, 19.403049473008203 ], [ -99.159701977840427, 19.403191792601998 ], [ -99.159137302050993, 19.403353735901195 ], [ -99.157682609222206, 19.403785542129697 ], [ -99.157147196807102, 19.403944839530499 ], [ -99.156678855169915, 19.404027298585405 ], [ -99.156236199979602, 19.404053207897899 ], [ -99.155585952304904, 19.4040553172578 ], [ -99.155548259647105, 19.404055439458904 ], [ -99.155508257222394, 19.404055569139896 ], [ -99.155392991374882, 19.404055942762501 ], [ -99.155291706758831, 19.404056309403998 ], [ -99.155263686572098, 19.404056410824701 ], [ -99.155226332096319, 19.404056546024702 ], [ -99.152419175673302, 19.404066684216801 ], [ -99.150406417622506, 19.404045273456695 ], [ -99.150372491703493, 19.404044912377895 ], [ -99.150321834274507, 19.4040443732112 ], [ -99.150293688765004, 19.404044073641501 ] ] ] } },
{ "type": "Feature", "properties": { "colonia": "Plutarco Elias Calles", "alcaldia": "Miguel Hidalgo" }, "geometry": { "type": "Polygon", "coordinates": [ [ [ -99.172998311108302, 19.457570215604001 ], [ -99.17304482115, 19.457579392403098 ], [ -99.172925625409491, 19.457926475347197 ], [ -99.171124950716504, 19.457622774097 ], [ -99.170303608398001, 19.457484240423998 ], [ -99.168933878241404, 19.457264506776905 ], [ -99.168744174300897, 19.457234073394304 ], [ -99.168611520480596, 19.457211474241397 ], [ -99.168524029641503, 19.457196569081795 ], [ -99.168343231642396, 19.457165767736996 ], [ -99.168129600645898, 19.4571293726063 ], [ -99.168043920949202, 19.457118564178302 ], [ -99.167887930760799, 19.457089121802102 ], [ -99.167731946710703, 19.457065596657497 ], [ -99.167669228919209, 19.457056384826 ], [ -99.167601313851193, 19.457046128451299 ], [ -99.16749148490679, 19.457029542284495 ], [ -99.16732832655731, 19.457002876739899 ], [ -99.1667769529369, 19.456905015357897 ], [ -99.166059245748997, 19.456784999298595 ], [ -99.165630207291599, 19.456711213286603 ], [ -99.165713745976518, 19.456140622544797 ], [ -99.165955197408493, 19.456186198536201 ], [ -99.16614405653641, 19.454544830427199 ], [ -99.166397873819406, 19.452338862343698 ], [ -99.166416027783299, 19.452180778482298 ], [ -99.1665935255471, 19.452210740395191 ], [ -99.168482455354109, 19.452487096709799 ], [ -99.168840197040595, 19.452539433108097 ], [ -99.171540723982105, 19.452934487174101 ], [ -99.1735568222213, 19.453177686146301 ], [ -99.173876849107003, 19.452923891285103 ], [ -99.17413182793922, 19.452735359665901 ], [ -99.174191124349989, 19.452824495547905 ], [ -99.174274430880814, 19.452936630560899 ], [ -99.17327611127692, 19.453710374601702 ], [ -99.172158374028001, 19.454604768086899 ], [ -99.17155719762161, 19.455074884344391 ], [ -99.17153607941718, 19.455147431854002 ], [ -99.170958874830902, 19.457130280885298 ], [ -99.171101158995285, 19.457154629290596 ], [ -99.171235637163207, 19.4571898210061 ], [ -99.17125718711489, 19.457252132072405 ], [ -99.1725755209346, 19.457492978307002 ], [ -99.172998311108302, 19.457570215604001 ] ] ] } },
{ "type": "Feature", "properties": { "colonia": "Polanco", "alcaldia": "Miguel Hidalgo" }, "geometry": { "type": "Polygon", "coordinates": [ [ [ -99.181931075329516, 19.4290965565433 ], [ -99.181829867293501, 19.4290135194165 ], [ -99.181772461817999, 19.428917647843999 ], [ -99.181715056410198, 19.428821776251802 ], [ -99.181662705798686, 19.428701892087798 ], [ -99.181586650066095, 19.428527722277703 ], [ -99.181492069927799, 19.4283423539942 ], [ -99.181390798697493, 19.4282017592367 ], [ -99.181242383247806, 19.428099583109997 ], [ -99.181026572248797, 19.428010264607298 ], [ -99.180770393374999, 19.427991334022597 ], [ -99.180642321631694, 19.427997856754999 ], [ -99.180386241643092, 19.428068459326898 ], [ -99.180150405569194, 19.428158227267804 ], [ -99.180029123979693, 19.428209509729999 ], [ -99.179902269739301, 19.428260378668 ], [ -99.179881338014496, 19.428207982585899 ], [ -99.178546957048113, 19.424867697797396 ], [ -99.178270751229917, 19.4241733983859 ], [ -99.178145990120612, 19.4238597838897 ], [ -99.17809299823891, 19.423726576738797 ], [ -99.17768761250521, 19.423727051599293 ], [ -99.177588200592098, 19.423716318977299 ], [ -99.177437666838415, 19.4236836851784 ], [ -99.177559951315899, 19.4233803120697 ], [ -99.177707960529006, 19.423382674792101 ], [ -99.177914123339306, 19.423392502921999 ], [ -99.177998245224416, 19.422976175971094 ], [ -99.178027006538898, 19.422690293099098 ], [ -99.17803625743602, 19.422337751171295 ], [ -99.178026728493819, 19.4213136837717 ], [ -99.178012750852815, 19.421033943474001 ], [ -99.1780025412979, 19.420829614775101 ], [ -99.177974403370996, 19.420369063426598 ], [ -99.178115719298304, 19.420328994700601 ], [ -99.178236266520017, 19.420294814632204 ], [ -99.178429298036221, 19.420290158154302 ], [ -99.178509342389802, 19.4202945464572 ], [ -99.178568155917304, 19.4202587530194 ], [ -99.178626969418914, 19.420222959562604 ], [ -99.178791624615599, 19.420102189819598 ], [ -99.178880570694702, 19.419966191895696 ], [ -99.179031341674204, 19.419735663521404 ], [ -99.179497370328505, 19.418704340090098 ], [ -99.179642301675301, 19.418337321887005 ], [ -99.180199002922393, 19.416927538128004 ], [ -99.180179164091086, 19.416740120492697 ], [ -99.180359729426698, 19.416694734623995 ], [ -99.180827979062499, 19.416577037124497 ], [ -99.180984151170605, 19.416537781974203 ], [ -99.182290787489293, 19.416307720820797 ], [ -99.182628302537495, 19.416248292476997 ], [ -99.182976389192504, 19.416146542603798 ], [ -99.183718062994387, 19.415862056398801 ], [ -99.183882698030402, 19.4157989062642 ], [ -99.185016760608718, 19.415355794808402 ], [ -99.185578126120291, 19.415136449360595 ], [ -99.185829055641804, 19.415009686965099 ], [ -99.186389537083912, 19.414726545859804 ], [ -99.187170216553412, 19.414332161745197 ], [ -99.187242410859895, 19.414295690317498 ], [ -99.187737605679303, 19.414045524475501 ], [ -99.187797032633, 19.414015502626103 ], [ -99.187889447905008, 19.416435913532304 ], [ -99.187886887339999, 19.416480596350798 ], [ -99.187875364489003, 19.416681674140804 ], [ -99.189208527687398, 19.417081727978196 ], [ -99.189850565415213, 19.417394158693003 ], [ -99.189978319198502, 19.417486422168299 ], [ -99.190266652874101, 19.417845979714794 ], [ -99.190323636077096, 19.417960985856997 ], [ -99.190450421419897, 19.418216869257396 ], [ -99.190603796824618, 19.418726946271601 ], [ -99.190653247921716, 19.419208141444397 ], [ -99.190617121122401, 19.419672031933999 ], [ -99.190483159339607, 19.420089639767998 ], [ -99.190263665520604, 19.420530529732901 ], [ -99.189817970597204, 19.420902078085795 ], [ -99.189705958104994, 19.420971647506196 ], [ -99.189610168665112, 19.421031140909999 ], [ -99.189466823195403, 19.4211063403657 ], [ -99.1901180155334, 19.4214091029313 ], [ -99.192452078029504, 19.421006571976104 ], [ -99.192515556977, 19.420980231112399 ], [ -99.192624986171808, 19.4209394690915 ], [ -99.192590149383307, 19.421095528464999 ], [ -99.192582070827498, 19.421131718163402 ], [ -99.19280737638482, 19.421243020153696 ], [ -99.192657172679901, 19.422608992916597 ], [ -99.192661001963316, 19.4226949435396 ], [ -99.192663597087503, 19.4227531926418 ], [ -99.192683994770121, 19.423211029118303 ], [ -99.192602380617288, 19.4236710129647 ], [ -99.192458689212799, 19.424480862868204 ], [ -99.192247026972098, 19.425578739307902 ], [ -99.192244112491593, 19.425593856399995 ], [ -99.192287027835903, 19.425715273414898 ], [ -99.192002713680282, 19.425674801086696 ], [ -99.191968723179187, 19.425779131081601 ], [ -99.191859361861987, 19.425825287549667 ], [ -99.191908655519214, 19.425833027699401 ], [ -99.197163521441894, 19.426658071999295 ], [ -99.197577056881499, 19.426722992630399 ], [ -99.19836689045411, 19.426846985268703 ], [ -99.200405151777716, 19.4271669465342 ], [ -99.201172237913894, 19.427287355572702 ], [ -99.201282393655006, 19.427304646370295 ], [ -99.201584276589699, 19.427473718410791 ], [ -99.201865536134505, 19.427664951932098 ], [ -99.201996588018702, 19.427737283047904 ], [ -99.202127640018318, 19.427809614067399 ], [ -99.202335090114502, 19.427884448332101 ], [ -99.202496125761499, 19.427933449535303 ], [ -99.202698042354285, 19.427946166533896 ], [ -99.203150944749893, 19.427937894994496 ], [ -99.203178702119814, 19.427921952573399 ], [ -99.203199603434498, 19.427909947916898 ], [ -99.203259498542494, 19.427875547177202 ], [ -99.203305303561706, 19.427909710905894 ], [ -99.203467553499721, 19.428030725007705 ], [ -99.204143442510002, 19.428655052086899 ], [ -99.204250531162216, 19.428753970529101 ], [ -99.205417652112502, 19.429643727397298 ], [ -99.206504633685114, 19.430491508559893 ], [ -99.207400399034711, 19.4311531326466 ], [ -99.207727976202506, 19.431282181002995 ], [ -99.208284591295808, 19.431291897091199 ], [ -99.208582641499206, 19.431341122157303 ], [ -99.20870446088901, 19.431365306345498 ], [ -99.208727992419398, 19.431369977931197 ], [ -99.208782601051595, 19.431380819070398 ], [ -99.208801933977796, 19.431384657121395 ], [ -99.208839835457297, 19.431392181470297 ], [ -99.208864039995902, 19.431396986644799 ], [ -99.208935867010396, 19.431411245988595 ], [ -99.209149970861901, 19.431653286215901 ], [ -99.209398913023307, 19.432162925305295 ], [ -99.209742083336394, 19.432894021243797 ], [ -99.209892263611195, 19.433162812593402 ], [ -99.209871144966996, 19.433264806461395 ], [ -99.209860705028305, 19.433315226778497 ], [ -99.20985701230191, 19.4333330610168 ], [ -99.209845727587094, 19.433387561184297 ], [ -99.210334124031704, 19.433777041159896 ], [ -99.210809387569697, 19.434169935220496 ], [ -99.211347499188193, 19.434632643152099 ], [ -99.212134995100001, 19.435358230159995 ], [ -99.212251357206114, 19.435556062559396 ], [ -99.212417764510917, 19.435786503609201 ], [ -99.213077941049306, 19.436802618247295 ], [ -99.213137967692901, 19.4369385428428 ], [ -99.213970764336295, 19.438824305293604 ], [ -99.212575533468907, 19.438753740234901 ], [ -99.212423709621604, 19.438747656265601 ], [ -99.211686515981498, 19.438712627787201 ], [ -99.210863870928193, 19.438672401369995 ], [ -99.209951588782204, 19.4386221673062 ], [ -99.209328553592485, 19.438597316047996 ], [ -99.208618594643099, 19.438562590797897 ], [ -99.207944854812695, 19.438524289839602 ], [ -99.206103748144088, 19.438449865478002 ], [ -99.200992496622902, 19.4382374821597 ], [ -99.20028452269068, 19.438203576830801 ], [ -99.199566650252194, 19.438172147159197 ], [ -99.198798341332306, 19.438138506132397 ], [ -99.198042826441295, 19.438105422115697 ], [ -99.197279742393505, 19.438072003437895 ], [ -99.196398359733195, 19.4380333999516 ], [ -99.19546788926661, 19.437992641812794 ], [ -99.194714081599116, 19.437959618661001 ], [ -99.193751215326998, 19.437912820390899 ], [ -99.192976094363701, 19.437875143389199 ], [ -99.192146223084194, 19.437834801398996 ], [ -99.191284982582999, 19.437796310153299 ], [ -99.190476579982118, 19.437760176644399 ], [ -99.189588934823121, 19.437720497029904 ], [ -99.188736298144505, 19.437682378260597 ], [ -99.187989171745102, 19.437648973223297 ], [ -99.187189802176604, 19.4376132289004 ], [ -99.186228653476604, 19.437570245835499 ], [ -99.185507230036507, 19.437537980047399 ], [ -99.1841899850819, 19.437485736372601 ], [ -99.183997690762098, 19.437325632516099 ], [ -99.18375806197011, 19.437085290060701 ], [ -99.1834870889397, 19.437117701148999 ], [ -99.182794102262505, 19.435392325365694 ], [ -99.182714293199894, 19.435193616784698 ], [ -99.181868797311694, 19.4330884688768 ], [ -99.181779296344004, 19.432881563203392 ], [ -99.181137614229002, 19.4313981246233 ], [ -99.181067665875602, 19.431236416452798 ], [ -99.180796457865682, 19.430609428354195 ], [ -99.181030110044318, 19.430507341614199 ], [ -99.182794636044818, 19.429728820870103 ], [ -99.182639681510906, 19.429694168359699 ], [ -99.182538411429405, 19.429671521233399 ], [ -99.182140289776996, 19.429313785962002 ], [ -99.181931075329516, 19.4290965565433 ] ], [ [ -99.202658758759, 19.429491360094801 ], [ -99.202823641429205, 19.428770113760304 ], [ -99.202645039630895, 19.429551371393199 ], [ -99.202658758759, 19.429491360094801 ] ], [ [ -99.191859199324526, 19.425825356149378 ], [ -99.191859199324526, 19.425825356149382 ], [ -99.191863788108407, 19.426045381942799 ], [ -99.191859199324526, 19.425825356149378 ] ], [ [ -99.191859197355114, 19.425825261718597 ], [ -99.191848146654806, 19.425830020976498 ], [ -99.191859199324526, 19.425825356149382 ], [ -99.191859197355114, 19.425825261718597 ] ] ] } },
{ "type": "Feature", "properties": { "colonia": "Popotla", "alcaldia": "Miguel Hidalgo" }, "geometry": { "type": "Polygon", "coordinates": [ [ [ -99.1742136430085, 19.452112481984202 ], [ -99.17413681489208, 19.452060706626792 ], [ -99.173589599021497, 19.451691929605605 ], [ -99.173303226593191, 19.4514897725217 ], [ -99.173090213978995, 19.451339401245392 ], [ -99.172933889397115, 19.451113120195693 ], [ -99.171709566308095, 19.449299329452401 ], [ -99.171194894535518, 19.448536846964402 ], [ -99.17130793827738, 19.448438137833701 ], [ -99.171631212431095, 19.4488525349228 ], [ -99.172306696550507, 19.449005502754297 ], [ -99.173387758890101, 19.4492503106006 ], [ -99.174450676470187, 19.449491002528294 ], [ -99.175513597134398, 19.449731688197197 ], [ -99.176137435285099, 19.449872945643602 ], [ -99.176588844540305, 19.449975158030401 ], [ -99.177554662601096, 19.450193843548202 ], [ -99.177652564385497, 19.450215679651603 ], [ -99.178435792406503, 19.4503903694259 ], [ -99.179089511956306, 19.450536170979397 ], [ -99.179833542348405, 19.450702111710498 ], [ -99.18060236276439, 19.450883689731398 ], [ -99.1809253060038, 19.450959960536196 ], [ -99.181295952688984, 19.4510474968571 ], [ -99.181732700018586, 19.451150643194904 ], [ -99.181820667388095, 19.451171418249004 ], [ -99.1821004601521, 19.449367929168496 ], [ -99.182268421316195, 19.448285265611499 ], [ -99.182318476618292, 19.447962610587197 ], [ -99.182464913837194, 19.4481442379786 ], [ -99.183365334748615, 19.449261026442198 ], [ -99.183603606599917, 19.4495565507181 ], [ -99.184294158027797, 19.4504027290068 ], [ -99.185246941915096, 19.451570219075702 ], [ -99.185558476534595, 19.451951952048301 ], [ -99.185207950454199, 19.451896273311899 ], [ -99.18478393285578, 19.451790121805601 ], [ -99.184095447222205, 19.451649396298702 ], [ -99.183897467581602, 19.452736115138794 ], [ -99.183724670114998, 19.453721344497993 ], [ -99.183551870614508, 19.4547065736026 ], [ -99.183345112406499, 19.455885405209099 ], [ -99.183263159499305, 19.456347033579295 ], [ -99.183280154673113, 19.456792916305698 ], [ -99.182973959354314, 19.458015410408496 ], [ -99.182925598836604, 19.458004124921096 ], [ -99.182877238325503, 19.457992839420797 ], [ -99.182851707089299, 19.458180056857099 ], [ -99.182790726953897, 19.458163090577095 ], [ -99.18263505620962, 19.458779867656101 ], [ -99.182347410591404, 19.4586862722688 ], [ -99.182072965438806, 19.459396247251998 ], [ -99.182008854009894, 19.459464785083203 ], [ -99.181147312340002, 19.459320892151201 ], [ -99.180995040102502, 19.4592954594997 ], [ -99.179930632541385, 19.459117677354001 ], [ -99.178964786028104, 19.458956351564701 ], [ -99.178835642177816, 19.458935904478597 ], [ -99.178709804017998, 19.458915332176996 ], [ -99.177989771544219, 19.458787965576398 ], [ -99.177733424852192, 19.458742619650302 ], [ -99.177085637402001, 19.458628028877502 ], [ -99.176877217257598, 19.458592882867205 ], [ -99.175770210070297, 19.458406203323499 ], [ -99.174613645495512, 19.458211159007096 ], [ -99.172925625409491, 19.457926475347197 ], [ -99.17304482115, 19.457579392403098 ], [ -99.1731181350805, 19.457593857795001 ], [ -99.173961348973094, 19.4577553951247 ], [ -99.173995347445214, 19.4577619071407 ], [ -99.174865458015304, 19.456522474618698 ], [ -99.1754031464299, 19.455791132435792 ], [ -99.175779594322719, 19.455241629169798 ], [ -99.176012001685805, 19.454906758731596 ], [ -99.175385568408814, 19.454401926004699 ], [ -99.175133264451205, 19.454119870518795 ], [ -99.174824195853901, 19.453754171249905 ], [ -99.174788728976793, 19.453701429713899 ], [ -99.174266325957191, 19.452925720912098 ], [ -99.174274430880814, 19.452936630560899 ], [ -99.174191124349989, 19.452824495547905 ], [ -99.174485764211809, 19.452578213359899 ], [ -99.174684033228715, 19.452429481962799 ], [ -99.1742136430085, 19.452112481984202 ] ], [ [ -99.180408106984999, 19.456461102109699 ], [ -99.180343716683197, 19.456427827731801 ], [ -99.180408106984999, 19.456461102109799 ], [ -99.180532967259296, 19.456334879215404 ], [ -99.180408106984999, 19.456461102109699 ] ] ] } },
{ "type": "Feature", "properties": { "colonia": "Portales", "alcaldia": "Benito Juarez" }, "geometry": { "type": "Polygon", "coordinates": [ [ [ -99.143493725124415, 19.358931658284398 ], [ -99.1436352135308, 19.358267946999003 ], [ -99.143652988767698, 19.358184564338799 ], [ -99.143771509528307, 19.357628587767302 ], [ -99.143830258272502, 19.357352998134001 ], [ -99.143850438793393, 19.357258331343495 ], [ -99.144017627510408, 19.357266367667499 ], [ -99.146266779885806, 19.357365495212996 ], [ -99.14964365729908, 19.357501947431601 ], [ -99.152993783856317, 19.357698620051796 ], [ -99.153027771912605, 19.357806853771596 ], [ -99.153055511421798, 19.357904573188197 ], [ -99.153079515867503, 19.357989131352301 ], [ -99.15381873185531, 19.360593051554599 ], [ -99.154149526156999, 19.361758260378995 ], [ -99.154618155401309, 19.363359589495101 ], [ -99.15466438310888, 19.363519327197903 ], [ -99.155018553900803, 19.364743137016401 ], [ -99.155448348374904, 19.3662282283635 ], [ -99.155482682447101, 19.366346868024898 ], [ -99.155684644038601, 19.367049087114601 ], [ -99.155800507193192, 19.367451939641004 ], [ -99.156240098874619, 19.368980366928191 ], [ -99.156595880589705, 19.370314071631398 ], [ -99.157640325713984, 19.373945436445201 ], [ -99.157187370373919, 19.373897524442601 ], [ -99.156429173970395, 19.373815996470199 ], [ -99.155761779294807, 19.373739498975795 ], [ -99.155063773326404, 19.373659490084503 ], [ -99.154461985481902, 19.373590507975596 ], [ -99.154286763405196, 19.373570072621195 ], [ -99.153849894985299, 19.373512352595 ], [ -99.152970219348106, 19.373395272935603 ], [ -99.152809774957987, 19.373379885462001 ], [ -99.152465108924801, 19.3733468296608 ], [ -99.151959998789494, 19.373298384981904 ], [ -99.151500317282697, 19.373254291550897 ], [ -99.151040636014585, 19.373210196956901 ], [ -99.150610628949096, 19.373154155392797 ], [ -99.150211464403498, 19.373102132499394 ], [ -99.149423664072415, 19.372987508911198 ], [ -99.148640607231002, 19.372817891369497 ], [ -99.148319340024798, 19.372743314729895 ], [ -99.147840778892899, 19.372632223838696 ], [ -99.147475527524804, 19.372491127954998 ], [ -99.147104712396015, 19.372325192274399 ], [ -99.146331655410421, 19.372055883649502 ], [ -99.145553216046494, 19.371817869053096 ], [ -99.144777540105594, 19.371551473112 ], [ -99.143968923710517, 19.371302078066496 ], [ -99.143235810056183, 19.371082299659502 ], [ -99.142923532775399, 19.370973734166895 ], [ -99.142470134399304, 19.370761244212595 ], [ -99.142296690316201, 19.370637876707299 ], [ -99.141741267415497, 19.370219758917095 ], [ -99.141551399738603, 19.370110666684898 ], [ -99.141586178640296, 19.369884763658501 ], [ -99.141674596304085, 19.369310452395201 ], [ -99.141781176645196, 19.368641838004102 ], [ -99.141870089452794, 19.368085186661798 ], [ -99.141877930470997, 19.368036096665602 ], [ -99.141884512064209, 19.3679949094977 ], [ -99.141990155565097, 19.367333969757599 ], [ -99.142090706125515, 19.366728289181797 ], [ -99.142189678525199, 19.3661321105137 ], [ -99.142294443832995, 19.365501032464397 ], [ -99.142401425682721, 19.364894155375801 ], [ -99.142492530953902, 19.364345644053696 ], [ -99.142498741287213, 19.364308247074099 ], [ -99.142510703071594, 19.364235980653802 ], [ -99.142602670347202, 19.3636803967178 ], [ -99.142708278932403, 19.3630565774696 ], [ -99.142876386319799, 19.362095536229898 ], [ -99.142968462533204, 19.361569147452201 ], [ -99.143137609637293, 19.360602144723298 ], [ -99.143450397369705, 19.359134904378791 ], [ -99.143493725124415, 19.358931658284398 ] ], [ [ -99.144376268232421, 19.360432691123297 ], [ -99.14443868808192, 19.360498014334699 ], [ -99.144443333882194, 19.360359115619698 ], [ -99.14443868808192, 19.360498014334595 ], [ -99.144376268232421, 19.360432691123297 ] ] ] } },
{ "type": "Feature", "properties": { "colonia": "Postal", "alcaldia": "Benito Juarez" }, "geometry": { "type": "Polygon", "coordinates": [ [ [ -99.1451842014487, 19.392641742541691 ], [ -99.144814499192506, 19.392660850785301 ], [ -99.144431328101803, 19.392641655731502 ], [ -99.1439910649609, 19.392580982341201 ], [ -99.143549604151602, 19.392517697071401 ], [ -99.143148424237907, 19.392466199305499 ], [ -99.142738264714509, 19.392413445378697 ], [ -99.142317580512582, 19.392356282986604 ], [ -99.141837932598307, 19.392279569330697 ], [ -99.141414873818917, 19.392222427547296 ], [ -99.140627624146802, 19.392116092429902 ], [ -99.139577148662696, 19.391974197436202 ], [ -99.138279388927913, 19.391798891317901 ], [ -99.138426423167402, 19.3908065114862 ], [ -99.138454817744005, 19.390614866274799 ], [ -99.138473128330901, 19.390491281300001 ], [ -99.138574819801221, 19.389804924294101 ], [ -99.138657421855513, 19.389247405289694 ], [ -99.138745906219697, 19.388639050541205 ], [ -99.138795611709313, 19.388297309428495 ], [ -99.139915376937694, 19.388429336724592 ], [ -99.140080926702794, 19.388455296257298 ], [ -99.140246857451302, 19.388478815540392 ], [ -99.140412788246394, 19.388502334671799 ], [ -99.140771218305701, 19.388553138224896 ], [ -99.141151356449001, 19.388607017854895 ], [ -99.141622992144605, 19.388673864915901 ], [ -99.141797215578507, 19.388698558067798 ], [ -99.142367952647305, 19.388779448932201 ], [ -99.142211007653984, 19.389754320207903 ], [ -99.142167925970213, 19.389963797571298 ], [ -99.142122637289006, 19.390264670140901 ], [ -99.143031506395104, 19.390397423863501 ], [ -99.143137204062398, 19.389887584133298 ], [ -99.1435421265804, 19.389943462536404 ], [ -99.143966019070803, 19.389995048986396 ], [ -99.143880767847307, 19.390501520125195 ], [ -99.144303769022514, 19.390561952440301 ], [ -99.144746086675696, 19.390622259905197 ], [ -99.145193955027295, 19.390671125772599 ], [ -99.145617231134295, 19.390711096747001 ], [ -99.146077361518195, 19.390758497438195 ], [ -99.146642533033202, 19.390808839957003 ], [ -99.146421564212602, 19.392564095383701 ], [ -99.145746264820303, 19.392606472916199 ], [ -99.1451842014487, 19.392641742541691 ] ] ] } },
{ "type": "Feature", "properties": { "colonia": "Residencial Emperadores", "alcaldia": "Benito Juarez" }, "geometry": { "type": "Polygon", "coordinates": [ [ [ -99.158699775886603, 19.370630035235799 ], [ -99.157981003825185, 19.370509874528501 ], [ -99.156817664371999, 19.370345424028603 ], [ -99.156595880589705, 19.370314071631398 ], [ -99.156240098874619, 19.368980366928191 ], [ -99.155800507193192, 19.367451939641004 ], [ -99.155684644038601, 19.367049087114601 ], [ -99.155482682447101, 19.366346868024898 ], [ -99.155650303019797, 19.366376299007296 ], [ -99.156854619247895, 19.366587749994096 ], [ -99.157837793474698, 19.366760367069897 ], [ -99.15863065441502, 19.367056990679892 ], [ -99.159060030171901, 19.3673173969548 ], [ -99.159277580262312, 19.367476943419796 ], [ -99.159406139649604, 19.367571225784303 ], [ -99.159344555216705, 19.367764512956903 ], [ -99.159317933480807, 19.367882827035793 ], [ -99.158699775886603, 19.370630035235799 ] ] ] } },
{ "type": "Feature", "properties": { "colonia": "Roma Norte", "alcaldia": "Cuauhtemoc" }, "geometry": { "type": "Polygon", "coordinates": [ [ [ -99.154283221753403, 19.418611487775095 ], [ -99.154286515627902, 19.418558180559195 ], [ -99.154354419690719, 19.417803660285802 ], [ -99.154442850918599, 19.416878106948097 ], [ -99.154474736489604, 19.415966114512294 ], [ -99.154501386064197, 19.415533610974606 ], [ -99.154528035506502, 19.415101107413395 ], [ -99.154616313718492, 19.414242319562799 ], [ -99.154642863585906, 19.413964474345995 ], [ -99.154649471548197, 19.41389532166589 ], [ -99.154748006487495, 19.412945920649396 ], [ -99.154801175185895, 19.411802520061904 ], [ -99.154834087598601, 19.411806169702601 ], [ -99.154867000012715, 19.411809819337304 ], [ -99.154932824845204, 19.411817118588797 ], [ -99.15561916886972, 19.411809215002503 ], [ -99.156850615806107, 19.4117664591374 ], [ -99.158068748480318, 19.411693277366595 ], [ -99.158584481031099, 19.411664621616797 ], [ -99.158762285685299, 19.41165474188 ], [ -99.159421491698509, 19.411988304743097 ], [ -99.159634978477982, 19.412125674779993 ], [ -99.159643445605781, 19.412015943923301 ], [ -99.159651912722893, 19.411906213064896 ], [ -99.161032995232915, 19.411627496983105 ], [ -99.161231169791719, 19.411583658589596 ], [ -99.162518928946298, 19.4112987862583 ], [ -99.164376812304198, 19.410989923303003 ], [ -99.165993260806999, 19.410721181183099 ], [ -99.166972921240813, 19.410476125859095 ], [ -99.166616685316782, 19.411578215556005 ], [ -99.166489601647498, 19.411973570923401 ], [ -99.166362517370899, 19.412368926189291 ], [ -99.166275078057808, 19.412623253442899 ], [ -99.166204480665201, 19.412811402493904 ], [ -99.16590430243248, 19.413736116482305 ], [ -99.165582541214491, 19.414737942736902 ], [ -99.165406551557396, 19.415282247731799 ], [ -99.165374013520605, 19.415398414574302 ], [ -99.165365478822693, 19.415428885004999 ], [ -99.165353477133607, 19.415471733207905 ], [ -99.165341475438296, 19.415514581409798 ], [ -99.165478031067806, 19.415594556114399 ], [ -99.165721013152819, 19.415738177661595 ], [ -99.167060571793598, 19.416529951865101 ], [ -99.167237471664109, 19.416632215381394 ], [ -99.167414371754987, 19.416734478722599 ], [ -99.1674557951293, 19.416725506551696 ], [ -99.167693985671093, 19.4166739150374 ], [ -99.168649464467094, 19.416466957100997 ], [ -99.168958376333606, 19.416397691796899 ], [ -99.169612747455105, 19.4162509644779 ], [ -99.169775458235705, 19.416100832360797 ], [ -99.169938168717295, 19.415950700097699 ], [ -99.170012638809197, 19.415858737258102 ], [ -99.170339132530302, 19.416194376653408 ], [ -99.17043234367631, 19.4162901984458 ], [ -99.170556516124705, 19.4162695913842 ], [ -99.170863122157684, 19.4162212214096 ], [ -99.171003614730509, 19.416168557740004 ], [ -99.171144107212086, 19.416115893962104 ], [ -99.171531344610699, 19.415912711370705 ], [ -99.171637881222594, 19.415856811617001 ], [ -99.171684912323613, 19.415917432945804 ], [ -99.1717510329986, 19.4159515705709 ], [ -99.171826481858616, 19.415967922456598 ], [ -99.1718982457691, 19.415974231413497 ], [ -99.172487400871503, 19.416352724347096 ], [ -99.17321168698281, 19.416906911844997 ], [ -99.173644994998995, 19.4172145121453 ], [ -99.174716517267115, 19.417949236166589 ], [ -99.174834491698107, 19.418030128367395 ], [ -99.175009077275902, 19.418241253840602 ], [ -99.175541412276402, 19.418933583378099 ], [ -99.176170660259416, 19.419673744973199 ], [ -99.176497961768007, 19.420092140185805 ], [ -99.176518381534606, 19.420130915843401 ], [ -99.176538801310983, 19.420169691498501 ], [ -99.176557245468615, 19.420249545301701 ], [ -99.1765603629824, 19.420289072265305 ], [ -99.176561921739804, 19.420308835747001 ], [ -99.176563480497705, 19.4203285992287 ], [ -99.176421197633587, 19.420456748959801 ], [ -99.176363281081706, 19.420487613376796 ], [ -99.175967981076994, 19.420698272630698 ], [ -99.175761051735805, 19.420804308812695 ], [ -99.175711502043598, 19.420799820780502 ], [ -99.175661952353906, 19.420795332734802 ], [ -99.175562852982495, 19.420786356602793 ], [ -99.175423670204495, 19.420717509530999 ], [ -99.174548080302486, 19.420919222021805 ], [ -99.173995381112121, 19.421040956906698 ], [ -99.173083775515906, 19.421264421792504 ], [ -99.171581184042708, 19.4215859337342 ], [ -99.171459069611501, 19.421642622326498 ], [ -99.170248652516193, 19.421875003863999 ], [ -99.170063305656015, 19.421931603153702 ], [ -99.168798620291113, 19.422209454460596 ], [ -99.167219465016402, 19.422542838927995 ], [ -99.167049613035303, 19.422574190717199 ], [ -99.165566522472901, 19.4228885247202 ], [ -99.164092294606618, 19.423204323934595 ], [ -99.16352719904981, 19.423351088746699 ], [ -99.163515504971812, 19.423335587371298 ], [ -99.163503810896003, 19.423320085995201 ], [ -99.16344429583441, 19.423262311660597 ], [ -99.163372900296196, 19.423209404486595 ], [ -99.163319139107898, 19.423169565085203 ], [ -99.16326537794582, 19.423129725667597 ], [ -99.163211325014203, 19.4231025395882 ], [ -99.163055095597201, 19.423061219005703 ], [ -99.163042247268095, 19.423059291552601 ], [ -99.163029398939202, 19.4230573640986 ], [ -99.163003702282396, 19.423053509187895 ], [ -99.162952308972294, 19.423045799355602 ], [ -99.162816868806715, 19.423076944641501 ], [ -99.162695460486304, 19.423125805148796 ], [ -99.162620757472794, 19.423165759813397 ], [ -99.162550743471598, 19.4232234381425 ], [ -99.162490085483114, 19.423294403992699 ], [ -99.162440264735196, 19.423368688089099 ], [ -99.162401460533303, 19.423427442455001 ], [ -99.162354843103017, 19.423524987540596 ], [ -99.162338637011004, 19.4236245871618 ], [ -99.162339389394305, 19.423740083620597 ], [ -99.162180349486789, 19.423810265068301 ], [ -99.161183497219596, 19.424012206059498 ], [ -99.159969863897004, 19.424273030696501 ], [ -99.158826444003793, 19.424579270210401 ], [ -99.158110718409404, 19.424777796750597 ], [ -99.157349539958688, 19.424961489726805 ], [ -99.156425984529605, 19.425176948257395 ], [ -99.156257277368596, 19.425213684201101 ], [ -99.155327366380007, 19.425416168988296 ], [ -99.1552724684759, 19.425428122645904 ], [ -99.153668239545183, 19.425769843751798 ], [ -99.153682395964481, 19.425694273728105 ], [ -99.153696552370889, 19.425618703702696 ], [ -99.15371612850798, 19.4252821162159 ], [ -99.153735704569598, 19.424945528714996 ], [ -99.15377485646691, 19.424272353671196 ], [ -99.15379189809002, 19.424093227362203 ], [ -99.15380893967729, 19.423914101048396 ], [ -99.153843022744297, 19.423555848406103 ], [ -99.153954138407599, 19.422581817571 ], [ -99.154078797564196, 19.421246928940199 ], [ -99.154197507746801, 19.419800027357301 ], [ -99.154228622996385, 19.419420214835796 ], [ -99.154247226896786, 19.419194017096498 ], [ -99.154283221753403, 19.418611487775095 ] ] ] } },
{ "type": "Feature", "properties": { "colonia": "Roma Sur", "alcaldia": "Cuauhtemoc" }, "geometry": { "type": "Polygon", "coordinates": [ [ [ -99.15519102190882, 19.4065842806571 ], [ -99.155192600318401, 19.406553299467898 ], [ -99.155194178727399, 19.406522318278697 ], [ -99.155197335543903, 19.406460355899899 ], [ -99.155228821711106, 19.405869152928997 ], [ -99.155288362814005, 19.405337343912702 ], [ -99.155372218695405, 19.4042361369393 ], [ -99.155379971159903, 19.404134329789095 ], [ -99.155386481268906, 19.404095136275998 ], [ -99.155392991374882, 19.404055942762501 ], [ -99.155508257222394, 19.404055569139896 ], [ -99.1555282584347, 19.404055504300498 ], [ -99.155548259647105, 19.404055439458904 ], [ -99.155585952304904, 19.4040553172578 ], [ -99.156236199979503, 19.404053207897899 ], [ -99.156457527593318, 19.404040253376301 ], [ -99.156678855169915, 19.404027298585405 ], [ -99.157147196807102, 19.403944839530499 ], [ -99.157682609222206, 19.403785542129697 ], [ -99.159137302050993, 19.403353735901195 ], [ -99.159701977840427, 19.403191792601998 ], [ -99.160179497287118, 19.403049473008203 ], [ -99.160202725333804, 19.403042550097602 ], [ -99.160222549431893, 19.403036641700492 ], [ -99.1602541921566, 19.403027210860795 ], [ -99.16028723990982, 19.403017361257508 ], [ -99.160450989522502, 19.402968556964801 ], [ -99.160478195720799, 19.4029604483529 ], [ -99.160500206860902, 19.402953888087094 ], [ -99.161295381241317, 19.4027168898082 ], [ -99.162168509872018, 19.402439866544192 ], [ -99.162191051163518, 19.402432714652395 ], [ -99.162212849135301, 19.402425798597598 ], [ -99.162278204806995, 19.402405062547903 ], [ -99.16276054713191, 19.402236345906502 ], [ -99.163035433021832, 19.402140193914903 ], [ -99.165284044864705, 19.4013144988145 ], [ -99.167910849566894, 19.400397900925203 ], [ -99.17017233206262, 19.399867395982195 ], [ -99.170231317385003, 19.399853171478796 ], [ -99.170280204111293, 19.399841299956204 ], [ -99.170348554858691, 19.399824701817703 ], [ -99.170411594864689, 19.400055943074396 ], [ -99.170364575723497, 19.400182725241898 ], [ -99.170317556510284, 19.400309507396003 ], [ -99.170026220559606, 19.401099532950898 ], [ -99.169854916526404, 19.401620769971899 ], [ -99.169684322047601, 19.402143873421295 ], [ -99.169555659703605, 19.402549283894899 ], [ -99.169220169697596, 19.403604106092295 ], [ -99.168914117293184, 19.404588103823897 ], [ -99.168480736474095, 19.4059299328169 ], [ -99.168093189942013, 19.4070423984824 ], [ -99.167734812289297, 19.408195187938592 ], [ -99.167338688580699, 19.409358400114595 ], [ -99.166972921240813, 19.410476125859095 ], [ -99.165993260806999, 19.410721181183099 ], [ -99.164376812304198, 19.410989923303003 ], [ -99.162518928946298, 19.4112987862583 ], [ -99.161231169791719, 19.411583658589596 ], [ -99.161032995232915, 19.411627496983105 ], [ -99.159651912722893, 19.411906213064896 ], [ -99.159643445605781, 19.412015943923301 ], [ -99.159634978477982, 19.412125674779993 ], [ -99.159421491698509, 19.411988304743097 ], [ -99.158762285685299, 19.41165474188 ], [ -99.158584481031099, 19.411664621616797 ], [ -99.158068748480318, 19.411693277366595 ], [ -99.156850615806107, 19.4117664591374 ], [ -99.15561916886972, 19.411809215002503 ], [ -99.154932824845204, 19.411817118588797 ], [ -99.154867000012715, 19.411809819337304 ], [ -99.154834087598601, 19.411806169702601 ], [ -99.154801175185895, 19.411802520061904 ], [ -99.155123367271599, 19.4075149613797 ], [ -99.15519102190882, 19.4065842806571 ] ] ] } },
{ "type": "Feature", "properties": { "colonia": "San Alvaro", "alcaldia": "Azcapotzalco" }, "geometry": { "type": "Polygon", "coordinates": [ [ [ -99.188028912245898, 19.463665081615304 ], [ -99.186680661743608, 19.463009132007304 ], [ -99.186628182784801, 19.4631432564622 ], [ -99.186462533432405, 19.463566617534301 ], [ -99.186330631755908, 19.463965893934098 ], [ -99.185695567731997, 19.463933281152503 ], [ -99.185291338255311, 19.4639125213745 ], [ -99.184555906346006, 19.463874712423195 ], [ -99.183902203877594, 19.463841173493901 ], [ -99.183412829110779, 19.463816035971199 ], [ -99.1829463585741, 19.463512887338595 ], [ -99.182383095567914, 19.463175894936807 ], [ -99.182079829947099, 19.462994454032799 ], [ -99.181661329471794, 19.4627440677157 ], [ -99.181242830276204, 19.462493680415101 ], [ -99.180390560266289, 19.461982542686297 ], [ -99.179793223418287, 19.461624293435797 ], [ -99.179619864141003, 19.461374636875298 ], [ -99.179297867782097, 19.460871931115598 ], [ -99.179034625518895, 19.460460950401298 ], [ -99.179008758193916, 19.460420565521797 ], [ -99.17851573189651, 19.459650832795699 ], [ -99.178925641824307, 19.459016890013004 ], [ -99.178964786028104, 19.458956351564701 ], [ -99.179930632541385, 19.459117677354001 ], [ -99.180995040102502, 19.4592954594997 ], [ -99.181147312340002, 19.459320892151201 ], [ -99.182008854009894, 19.459464785083203 ], [ -99.182082313087406, 19.459477053866898 ], [ -99.183154741492913, 19.459657203951803 ], [ -99.184164140640888, 19.459826760002297 ], [ -99.184227172211294, 19.459837347670998 ], [ -99.185292468968399, 19.460016286361501 ], [ -99.185443136012111, 19.460049246112298 ], [ -99.1872833161015, 19.460451790603603 ], [ -99.187332559299719, 19.460464109536101 ], [ -99.1885376653035, 19.460765580308497 ], [ -99.188259140441403, 19.462352970610105 ], [ -99.188028912245898, 19.463665081615304 ] ] ] } },
{ "type": "Feature", "properties": { "colonia": "San Angel", "alcaldia": "Alvaro Obregon" }, "geometry": { "type": "Polygon", "coordinates": [ [ [ -99.191983191827418, 19.341928777632297 ], [ -99.192110014692602, 19.341766746189695 ], [ -99.192470066519491, 19.341672448120292 ], [ -99.193286623241519, 19.341676536601501 ], [ -99.193308272593413, 19.341672727322695 ], [ -99.193336476909593, 19.341667764670998 ], [ -99.193950536438294, 19.341559717515402 ], [ -99.194062575483997, 19.341616537316192 ], [ -99.194684928733594, 19.341932157331598 ], [ -99.194859001908199, 19.342061841553392 ], [ -99.195890686311188, 19.341914277645795 ], [ -99.195929504447491, 19.341909940516498 ], [ -99.196402921479589, 19.3418570452049 ], [ -99.19781100501541, 19.3416997112991 ], [ -99.1979784595013, 19.343009927608296 ], [ -99.198215978911918, 19.343019063331699 ], [ -99.198453498345899, 19.343028198745294 ], [ -99.199246427427994, 19.342493699849101 ], [ -99.199244093757699, 19.343976700685797 ], [ -99.199349956750794, 19.344045009823304 ], [ -99.199416176547999, 19.344059420400203 ], [ -99.200246371240382, 19.3442394996225 ], [ -99.200451674147899, 19.344284003434296 ], [ -99.200656977164485, 19.344328507013696 ], [ -99.201243832805019, 19.3449858237177 ], [ -99.201348326830612, 19.345102863101001 ], [ -99.201216857790683, 19.345738168813199 ], [ -99.201003234814223, 19.346778292597197 ], [ -99.200620614149585, 19.346658652828804 ], [ -99.200237994035703, 19.346539012250293 ], [ -99.20016539977712, 19.346524581197002 ], [ -99.200092805531099, 19.346510150114597 ], [ -99.198480769037801, 19.346189683648902 ], [ -99.198344867788293, 19.346162666308203 ], [ -99.197992829668195, 19.346128199771599 ], [ -99.197111263501199, 19.346041886372792 ], [ -99.1966708830914, 19.345990118643897 ], [ -99.196107251039408, 19.345900546230599 ], [ -99.195605417585398, 19.345820793298891 ], [ -99.195277295266493, 19.345690962589199 ], [ -99.195167542238707, 19.346361620676998 ], [ -99.195159147835895, 19.346392430696593 ], [ -99.19475879812201, 19.347861822557498 ], [ -99.194689828531892, 19.348070322739702 ], [ -99.1946208587689, 19.348278822892595 ], [ -99.194412357463321, 19.348743959703995 ], [ -99.194206909923096, 19.349563114107994 ], [ -99.194180386581394, 19.349668333142304 ], [ -99.19415386320631, 19.349773552171904 ], [ -99.193929303780422, 19.350626863922493 ], [ -99.193734717490912, 19.351366272308695 ], [ -99.193699585068913, 19.351499771263999 ], [ -99.193674597632295, 19.3515062065531 ], [ -99.193649610193617, 19.351512641838788 ], [ -99.192688416119097, 19.351438974959802 ], [ -99.191558060296998, 19.351352336775697 ], [ -99.190586164006007, 19.351228678286205 ], [ -99.190515441847893, 19.351219679795896 ], [ -99.190461693182201, 19.351580992160695 ], [ -99.190345488685608, 19.351559010929996 ], [ -99.190421051136596, 19.350718567773697 ], [ -99.189418311544216, 19.350626736817599 ], [ -99.186649056336506, 19.350335416978901 ], [ -99.186675907645807, 19.350254828050097 ], [ -99.186698247954411, 19.350187777940398 ], [ -99.1869712799366, 19.3493683207044 ], [ -99.187029588255015, 19.349193317485998 ], [ -99.187725250584307, 19.347242546798196 ], [ -99.188493931834088, 19.345124710587196 ], [ -99.188826596265599, 19.344208150565393 ], [ -99.1890258191127, 19.343659244828995 ], [ -99.189256935333091, 19.343022460511897 ], [ -99.189394273388999, 19.342644056565199 ], [ -99.190723079077912, 19.342295898939895 ], [ -99.191804324881304, 19.342441360870403 ], [ -99.191904688647, 19.342135314276593 ], [ -99.191983191827418, 19.341928777632297 ] ] ] } },
{ "type": "Feature", "properties": { "colonia": "San Diego Churubusco", "alcaldia": "Coyoacan" }, "geometry": { "type": "Polygon", "coordinates": [ [ [ -99.151765789414696, 19.353328140658995 ], [ -99.151935711911193, 19.353879306944897 ], [ -99.151976672832106, 19.354012168566499 ], [ -99.152272058087505, 19.355060914363197 ], [ -99.152441252687495, 19.355676506165796 ], [ -99.152936794213105, 19.357479439266999 ], [ -99.152978269267592, 19.357630336422595 ], [ -99.152993783856317, 19.357698620051895 ], [ -99.14964365729908, 19.357501947431601 ], [ -99.146266779885806, 19.357365495212996 ], [ -99.144017627510408, 19.357266367667499 ], [ -99.143850438793393, 19.357258331343495 ], [ -99.144090282614101, 19.356310194100001 ], [ -99.144427590339006, 19.355116233958498 ], [ -99.144665547599899, 19.3543397857268 ], [ -99.144870483591006, 19.353677084217498 ], [ -99.144932850250996, 19.353477318437399 ], [ -99.145062578202001, 19.353512451349498 ], [ -99.147824859653895, 19.354266063028 ], [ -99.148165437978321, 19.354358976962203 ], [ -99.148243516564705, 19.354345242618596 ], [ -99.148337940151507, 19.354167861930492 ], [ -99.148364804182307, 19.354117396068297 ], [ -99.148472976305001, 19.354073801539098 ], [ -99.148503888468483, 19.354061343588498 ], [ -99.148657292731201, 19.354117933087799 ], [ -99.149580961795891, 19.354595293027302 ], [ -99.150785179445293, 19.353879470199399 ], [ -99.151765789414696, 19.353328140658995 ] ] ] } },
{ "type": "Feature", "properties": { "colonia": "San Jose Insurgentes", "alcaldia": "Benito Juarez" }, "geometry": { "type": "Polygon", "coordinates": [ [ [ -99.187267802713905, 19.372641971114398 ], [ -99.18674989474728, 19.371912434779301 ], [ -99.186060935874593, 19.371398329139495 ], [ -99.185223151166511, 19.370855381092898 ], [ -99.1841896681062, 19.3702116624439 ], [ -99.183341851465912, 19.3697294305945 ], [ -99.182464058713592, 19.369181844119698 ], [ -99.1818067256078, 19.368577834254697 ], [ -99.180925605575098, 19.367926815961297 ], [ -99.181001982060295, 19.367764087944792 ], [ -99.181168148376997, 19.367301104071796 ], [ -99.181202336927882, 19.3671764228617 ], [ -99.181642742854294, 19.365872281995003 ], [ -99.181957527942686, 19.364912303426202 ], [ -99.182096304101094, 19.364434934375403 ], [ -99.182143260342315, 19.3643069682674 ], [ -99.182667599027894, 19.362647133848604 ], [ -99.182708751228404, 19.3624977847177 ], [ -99.182809364078295, 19.3621147038311 ], [ -99.183591960429396, 19.361731152680996 ], [ -99.184054917652603, 19.361594523488499 ], [ -99.184735354721596, 19.361698931699998 ], [ -99.184975776186519, 19.361653114906698 ], [ -99.185131306890995, 19.361644009902999 ], [ -99.185535018732409, 19.361620375374294 ], [ -99.185797792283495, 19.361692491260197 ], [ -99.186060566062395, 19.361764606764492 ], [ -99.186220695368206, 19.361831338078595 ], [ -99.186676631096205, 19.362021340889196 ], [ -99.186720322711807, 19.362047972468797 ], [ -99.186893619955299, 19.362113982157101 ], [ -99.187581149744602, 19.362572672951103 ], [ -99.188005000976233, 19.3628619849834 ], [ -99.188129538994616, 19.362925983530602 ], [ -99.188992073889494, 19.362939803862201 ], [ -99.188982669562805, 19.363081183317693 ], [ -99.189037582596697, 19.363084151758695 ], [ -99.18908102954201, 19.363086501219598 ], [ -99.189147733809094, 19.363089422195099 ], [ -99.189214438078395, 19.363092343146199 ], [ -99.189026208385116, 19.364652385321996 ], [ -99.188902148561297, 19.365680573662996 ], [ -99.188777210639415, 19.366717859757401 ], [ -99.188678146053206, 19.367648428537699 ], [ -99.188574479277193, 19.3686303868928 ], [ -99.188516282667209, 19.3691816351486 ], [ -99.188430817506884, 19.369838252545001 ], [ -99.188337463963293, 19.37055546944449 ], [ -99.188300114755094, 19.370842414336501 ], [ -99.188166838468518, 19.371866335640906 ], [ -99.1880889972322, 19.37246436046 ], [ -99.187578750588003, 19.372450973786901 ], [ -99.187267802713905, 19.372641971114398 ] ] ] } },
{ "type": "Feature", "properties": { "colonia": "San Mateo", "alcaldia": "Coyoacan" }, "geometry": { "type": "Polygon", "coordinates": [ [ [ -99.150978494316007, 19.350556347120797 ], [ -99.151252227452204, 19.351561594504101 ], [ -99.151460238856302, 19.352277115258996 ], [ -99.151555707381306, 19.352588524238602 ], [ -99.151765789414696, 19.353328140658995 ], [ -99.150785179445293, 19.353879470199292 ], [ -99.149580961795891, 19.354595293027302 ], [ -99.148657292731201, 19.354117933087799 ], [ -99.148503888468483, 19.354061343588498 ], [ -99.148472976305001, 19.354073801539098 ], [ -99.148364804182307, 19.354117396068297 ], [ -99.148337940151507, 19.354167861930492 ], [ -99.148243516564705, 19.354345242618596 ], [ -99.148165437978321, 19.354358976962203 ], [ -99.147824859653895, 19.354266063028 ], [ -99.145062578202001, 19.353512451349498 ], [ -99.144932850250996, 19.353477318437399 ], [ -99.1449999647281, 19.3532617159252 ], [ -99.145299463506305, 19.352307316575903 ], [ -99.145416512024696, 19.3517838529147 ], [ -99.145481236974007, 19.351424026210303 ], [ -99.145536906300592, 19.351114541344597 ], [ -99.145549869156213, 19.351017095010601 ], [ -99.145586860422895, 19.350393436129199 ], [ -99.145590308240401, 19.350047764530299 ], [ -99.145537259746305, 19.349499013052593 ], [ -99.145462318895511, 19.349085284428892 ], [ -99.145592745176302, 19.349096585596701 ], [ -99.1468747210793, 19.349325379448199 ], [ -99.147496271639596, 19.349436133663303 ], [ -99.14813357634138, 19.349542350163201 ], [ -99.149502261757803, 19.349769802004694 ], [ -99.150815237947597, 19.349981565537099 ], [ -99.150978494316007, 19.350556347120797 ] ] ] } },
{ "type": "Feature", "properties": { "colonia": "San Miguel Chapultepec", "alcaldia": "Miguel Hidalgo" }, "geometry": { "type": "Polygon", "coordinates": [ [ [ -99.177680537003198, 19.423058029423899 ], [ -99.177685173246502, 19.420382297186297 ], [ -99.177718554024096, 19.419956865258502 ], [ -99.1777555974178, 19.419485486238298 ], [ -99.177813131898304, 19.419088841077496 ], [ -99.177860737083591, 19.418945882025795 ], [ -99.178231741903801, 19.4182646941032 ], [ -99.178691867853615, 19.417419865316891 ], [ -99.178913031322907, 19.417013787625091 ], [ -99.179875939589209, 19.415609968931495 ], [ -99.180420256262593, 19.414651811694497 ], [ -99.181172553623497, 19.413327526208299 ], [ -99.182179083982604, 19.411555616120101 ], [ -99.182349158741204, 19.411387984313802 ], [ -99.183120944604994, 19.410056971991001 ], [ -99.184276666032403, 19.407918887848592 ], [ -99.184381843650414, 19.407710886500595 ], [ -99.184652124204007, 19.407203003890796 ], [ -99.185031940339798, 19.406478803475796 ], [ -99.185410372782002, 19.405775962591999 ], [ -99.185683954571701, 19.405267850570901 ], [ -99.1863481165949, 19.4040190592406 ], [ -99.186413320052296, 19.403805837983498 ], [ -99.186678705935407, 19.4033106996567 ], [ -99.186734786406802, 19.403307511703698 ], [ -99.186796130746501, 19.403304024500596 ], [ -99.1869340430422, 19.403090860943596 ], [ -99.187027035790095, 19.402861357214697 ], [ -99.18708273403719, 19.402751820287005 ], [ -99.187723809184106, 19.403801624338996 ], [ -99.187786373278882, 19.4039040764332 ], [ -99.188249617858119, 19.404940143922804 ], [ -99.188552148743014, 19.405616760083298 ], [ -99.188608663265484, 19.405743155213795 ], [ -99.188897091235404, 19.4063201757427 ], [ -99.189249970178608, 19.407026128725203 ], [ -99.189609044907016, 19.407744469618702 ], [ -99.189749932311301, 19.408017875456501 ], [ -99.190016694417295, 19.408535550656001 ], [ -99.190293197947497, 19.409172730588399 ], [ -99.190575347208494, 19.409822914987597 ], [ -99.190766635708215, 19.410218783848695 ], [ -99.190942470763503, 19.410665637111499 ], [ -99.190990211723616, 19.410790311729496 ], [ -99.191500691627994, 19.4121234074486 ], [ -99.1917763653815, 19.412840580497001 ], [ -99.192201652013395, 19.413216942222995 ], [ -99.192730426827907, 19.413884322677596 ], [ -99.192864029780395, 19.413959036309702 ], [ -99.193015744282718, 19.413953117086304 ], [ -99.193118873966711, 19.413918458844499 ], [ -99.193247158164382, 19.413819868695104 ], [ -99.193418606275301, 19.412890299984802 ], [ -99.193489531782106, 19.412526637217393 ], [ -99.193542147349206, 19.412323473811696 ], [ -99.193619383588896, 19.412560626477397 ], [ -99.193547201638296, 19.413047506188096 ], [ -99.193428087329494, 19.413850946501597 ], [ -99.193405879875598, 19.414252697533996 ], [ -99.19344404051958, 19.414553952437192 ], [ -99.193580645628117, 19.414984229100298 ], [ -99.195035493228801, 19.417629768779992 ], [ -99.195232499185806, 19.417981068446 ], [ -99.195369051937689, 19.418361127705399 ], [ -99.195430011864005, 19.418755615584899 ], [ -99.195428413704505, 19.419016575041798 ], [ -99.19542684867082, 19.419272125302797 ], [ -99.195425437527319, 19.419309213872005 ], [ -99.195424611712596, 19.419330918453298 ], [ -99.195413847580795, 19.419613827656693 ], [ -99.195401190758503, 19.419946480551502 ], [ -99.195462121373097, 19.420315860435597 ], [ -99.195523653170397, 19.420497026234493 ], [ -99.195482554825603, 19.420523387146297 ], [ -99.195330018266404, 19.420588931619296 ], [ -99.195287398374504, 19.420722335017292 ], [ -99.195238584002894, 19.420786167202003 ], [ -99.195128628693908, 19.420826872449098 ], [ -99.194981998479093, 19.420861818849801 ], [ -99.19422416693449, 19.420839438197998 ], [ -99.193979679663101, 19.420810708699101 ], [ -99.193722976705203, 19.4207877900554 ], [ -99.19341745185649, 19.420822904601099 ], [ -99.193099717922294, 19.420869627925597 ], [ -99.192627303292198, 19.420933861421201 ], [ -99.192515556977, 19.420980231112399 ], [ -99.192452078029504, 19.421006571976104 ], [ -99.1901180155334, 19.4214091029313 ], [ -99.189466823195403, 19.4211063403657 ], [ -99.189610168665112, 19.421031140909999 ], [ -99.189705958104994, 19.420971647506196 ], [ -99.189817970597204, 19.420902078085795 ], [ -99.190263665520604, 19.420530529732901 ], [ -99.190483159339607, 19.420089639767998 ], [ -99.190617121122401, 19.419672031933999 ], [ -99.190653247921716, 19.419208141444397 ], [ -99.190603796824618, 19.418726946271601 ], [ -99.190450421419897, 19.418216869257396 ], [ -99.190323636077096, 19.417960985856997 ], [ -99.190266652874101, 19.417845979714794 ], [ -99.189978319198502, 19.417486422168299 ], [ -99.189850565415213, 19.417394158693003 ], [ -99.189208527687398, 19.417081727978196 ], [ -99.187875364489003, 19.416681674140804 ], [ -99.187886887339999, 19.416480596350798 ], [ -99.187889447905008, 19.416435913532304 ], [ -99.187797032633, 19.414015502626103 ], [ -99.187737605679303, 19.414045524475501 ], [ -99.187242410859895, 19.414295690317498 ], [ -99.187170216553412, 19.414332161745197 ], [ -99.186389537083912, 19.414726545859804 ], [ -99.185829055641804, 19.415009686965099 ], [ -99.185578126120291, 19.415136449360595 ], [ -99.185016760608718, 19.415355794808402 ], [ -99.183882698030402, 19.4157989062642 ], [ -99.183718062994387, 19.415862056398801 ], [ -99.182976389192504, 19.416146542603798 ], [ -99.182628302537495, 19.416248292476997 ], [ -99.182290787489293, 19.416307720820797 ], [ -99.180984151170605, 19.416537781974203 ], [ -99.180827979062499, 19.416577037124497 ], [ -99.180359729426698, 19.416694734623995 ], [ -99.180179164091086, 19.416740120492697 ], [ -99.180199002922393, 19.416927538128004 ], [ -99.179642301675301, 19.418337321887005 ], [ -99.179497370328505, 19.418704340090098 ], [ -99.179031341674204, 19.419735663521404 ], [ -99.178880570694702, 19.419966191895696 ], [ -99.178791624615599, 19.420102189819598 ], [ -99.178626969418914, 19.420222959562604 ], [ -99.178568155917304, 19.4202587530194 ], [ -99.178509342389802, 19.4202945464572 ], [ -99.178429298036221, 19.420290158154302 ], [ -99.178236266520017, 19.420294814632204 ], [ -99.178115719298304, 19.420328994700601 ], [ -99.177974403370996, 19.420369063426598 ], [ -99.1780025412979, 19.420829614775101 ], [ -99.178012750852815, 19.421033943474001 ], [ -99.178026728493819, 19.4213136837717 ], [ -99.17803625743602, 19.422337751171295 ], [ -99.178027006538898, 19.422690293099098 ], [ -99.177998245224416, 19.422976175971094 ], [ -99.177914123339306, 19.423392502921999 ], [ -99.177707960529006, 19.423382674792101 ], [ -99.177559951315899, 19.4233803120697 ], [ -99.177680537003198, 19.423058029423899 ] ] ] } },
{ "type": "Feature", "properties": { "colonia": "San Pedro de los Pinos", "alcaldia": "Benito Juarez" }, "geometry": { "type": "Polygon", "coordinates": [ [ [ -99.177752046934103, 19.397903863390198 ], [ -99.177760992707803, 19.397720859000302 ], [ -99.177710569721995, 19.397344210770495 ], [ -99.178466836333811, 19.397165502639201 ], [ -99.179162366555701, 19.397018742579899 ], [ -99.179361070675697, 19.396901577450208 ], [ -99.179612464361583, 19.396627673623097 ], [ -99.179754376289594, 19.396359092362392 ], [ -99.179943965332498, 19.395921395452099 ], [ -99.180325628847896, 19.395055391095795 ], [ -99.180332476351296, 19.394855017302298 ], [ -99.1803581960164, 19.394800145569302 ], [ -99.180367652800996, 19.3947799644349 ], [ -99.180391898817703, 19.394728242118301 ], [ -99.180465794858193, 19.394672380401701 ], [ -99.180555627081986, 19.394461760269099 ], [ -99.180835312436813, 19.393727733220199 ], [ -99.180787410224994, 19.3941815198501 ], [ -99.180848540816896, 19.394204979979701 ], [ -99.180922326821502, 19.393978719867697 ], [ -99.181060708814385, 19.393399388442703 ], [ -99.181148955220394, 19.392980924181892 ], [ -99.181218745661596, 19.392635348618796 ], [ -99.181252373178793, 19.392303640081398 ], [ -99.181237370296088, 19.391440085076997 ], [ -99.181213805561285, 19.390083692782003 ], [ -99.181211329922206, 19.389523288397992 ], [ -99.181225583760906, 19.389243100111596 ], [ -99.181254469497901, 19.389024460152601 ], [ -99.181299986643694, 19.388755560174104 ], [ -99.181598067807897, 19.387255125669903 ], [ -99.181667909312793, 19.386958548757296 ], [ -99.181739153989696, 19.386733584431095 ], [ -99.181809135868107, 19.3865639023361 ], [ -99.181929362578003, 19.386335119804794 ], [ -99.182110359806302, 19.385988176035397 ], [ -99.182209490410415, 19.385838566776798 ], [ -99.182339062040612, 19.385680132246502 ], [ -99.182527387969202, 19.385489326542398 ], [ -99.182777965356294, 19.385346671499001 ], [ -99.183071766053601, 19.385228330645901 ], [ -99.183973792399598, 19.385237216896002 ], [ -99.184093504015607, 19.385235435894597 ], [ -99.184273608459179, 19.385236687760393 ], [ -99.184615054977002, 19.385239060589502 ], [ -99.184917522830702, 19.3852519159257 ], [ -99.185649663435782, 19.385212167883303 ], [ -99.186003665617903, 19.385186235339003 ], [ -99.186538118057101, 19.3851865296255 ], [ -99.187651273986589, 19.385256132486202 ], [ -99.187876206652106, 19.385270835332204 ], [ -99.188731207279403, 19.385310077492196 ], [ -99.188984906479419, 19.385296070598393 ], [ -99.18946154154942, 19.385206187223599 ], [ -99.189913186632694, 19.385096192657503 ], [ -99.19046769962128, 19.384977706334997 ], [ -99.190740708953314, 19.384918886509304 ], [ -99.190766234520282, 19.384915171059902 ], [ -99.190813249997802, 19.384908329367196 ], [ -99.190890450188604, 19.384897265078802 ], [ -99.190363268995497, 19.386103517232801 ], [ -99.190037316724712, 19.387364388599696 ], [ -99.1900324708499, 19.387383133602 ], [ -99.189832144053298, 19.388158041722704 ], [ -99.189028476735899, 19.391127687637901 ], [ -99.188799899733297, 19.392075714448701 ], [ -99.188714721103096, 19.392319085678505 ], [ -99.188653335801305, 19.392320796746898 ], [ -99.188609392179899, 19.392322013010304 ], [ -99.188580208386014, 19.392322820189701 ], [ -99.1884757827752, 19.392323512267399 ], [ -99.1882386929733, 19.392322871553702 ], [ -99.187941738964412, 19.392333141708395 ], [ -99.186868204086295, 19.392370265857995 ], [ -99.185724463612601, 19.392397514896697 ], [ -99.185568608591495, 19.393607764082596 ], [ -99.185428845688023, 19.394828938864194 ], [ -99.185314779144505, 19.3959563867101 ], [ -99.185098584624001, 19.396022276722498 ], [ -99.184353947989806, 19.396144469213102 ], [ -99.184075099677585, 19.396190226498501 ], [ -99.183461305008393, 19.396427475785398 ], [ -99.182436961997979, 19.396795601653402 ], [ -99.182335082596197, 19.396900040082997 ], [ -99.182230294980201, 19.396918519026197 ], [ -99.181450487735404, 19.397056033381503 ], [ -99.1812029644435, 19.397102371525399 ], [ -99.180926897179404, 19.397143497187095 ], [ -99.180140718731394, 19.397313279976803 ], [ -99.179615005384406, 19.397435654961601 ], [ -99.179496196213094, 19.397491977159195 ], [ -99.178877251986506, 19.397644604971301 ], [ -99.178475128013403, 19.397738534429198 ], [ -99.178128410082408, 19.397817556631193 ], [ -99.177752046934103, 19.397903863390198 ] ] ] } },
{ "type": "Feature", "properties": { "colonia": "San Rafael", "alcaldia": "Cuauhtemoc" }, "geometry": { "type": "Polygon", "coordinates": [ [ [ -99.159598311881993, 19.441351515773505 ], [ -99.158921172562287, 19.441067343733501 ], [ -99.158648101864401, 19.440952744370698 ], [ -99.158517828056802, 19.440898072262897 ], [ -99.157816743935598, 19.440603615784603 ], [ -99.157790380426306, 19.440592254092092 ], [ -99.156724775832402, 19.440120320640496 ], [ -99.155830074843607, 19.439724137753103 ], [ -99.156495920656297, 19.438172868821596 ], [ -99.157116282749911, 19.436765038542102 ], [ -99.157140231647418, 19.436710216843196 ], [ -99.158142574916795, 19.434415705459998 ], [ -99.159053753789493, 19.432378819399499 ], [ -99.159980694793006, 19.432699329598801 ], [ -99.160917239467096, 19.433089581551201 ], [ -99.161985004688802, 19.433559368841699 ], [ -99.162537600947815, 19.433780920610403 ], [ -99.163686407811781, 19.434215266750599 ], [ -99.164793250097205, 19.434542860221502 ], [ -99.165918627772101, 19.434848353216594 ], [ -99.167689222538797, 19.435471765827305 ], [ -99.168038317585399, 19.435594676859402 ], [ -99.168135790029893, 19.435628995264199 ], [ -99.168661340512699, 19.435814031575198 ], [ -99.168742606448404, 19.435848431292399 ], [ -99.169161926526897, 19.436025807588504 ], [ -99.169430163748501, 19.436166983249603 ], [ -99.169530625522498, 19.4362198570185 ], [ -99.168758153639615, 19.437629955962596 ], [ -99.168494111051004, 19.438144523247793 ], [ -99.168188182878296, 19.438740712801199 ], [ -99.167630305824602, 19.439916657050997 ], [ -99.167384144414811, 19.44033579816659 ], [ -99.165998726896319, 19.4427136870586 ], [ -99.165584515694121, 19.443424611188597 ], [ -99.165532335070012, 19.4433926906209 ], [ -99.165112240420527, 19.443135538942698 ], [ -99.164954343699421, 19.443039112837599 ], [ -99.164781471972802, 19.442999130903896 ], [ -99.163714441570008, 19.442752575869399 ], [ -99.162633331987806, 19.442513947416398 ], [ -99.162591469861695, 19.4425031182606 ], [ -99.162549607741013, 19.4424922890951 ], [ -99.161540383498718, 19.442116926192597 ], [ -99.160531163858195, 19.441741557628099 ], [ -99.159598311881993, 19.441351515773505 ] ] ] } },
{ "type": "Feature", "properties": { "colonia": "San Salvador Xochimanca", "alcaldia": "Azcapotzalco" }, "geometry": { "type": "Polygon", "coordinates": [ [ [ -99.177626406917611, 19.461948711703993 ], [ -99.176994856490595, 19.461847146629403 ], [ -99.176325636501105, 19.4617278613051 ], [ -99.175202370093402, 19.461545722577 ], [ -99.174043264680293, 19.461357764783205 ], [ -99.173069384855509, 19.461187328774699 ], [ -99.1724410000093, 19.461077353913097 ], [ -99.1719479310906, 19.460991059324698 ], [ -99.171576011342097, 19.460925966741197 ], [ -99.170745576434598, 19.460780622887398 ], [ -99.170664018952706, 19.460803335034704 ], [ -99.1705103272337, 19.460846135024902 ], [ -99.170347769549494, 19.460891403838396 ], [ -99.170309482483006, 19.460826286428201 ], [ -99.169551920962704, 19.459537837631697 ], [ -99.169357982158687, 19.459207985703298 ], [ -99.169310050293291, 19.459126878678799 ], [ -99.169055948179206, 19.4586969028766 ], [ -99.168666171137303, 19.458037341218304 ], [ -99.16865424273621, 19.458017156462205 ], [ -99.16848428393881, 19.457729558446601 ], [ -99.168211074002215, 19.457267240159201 ], [ -99.168166181640103, 19.457191274252999 ], [ -99.168129600645898, 19.4571293726063 ], [ -99.168343231642396, 19.457165767736996 ], [ -99.168524029641603, 19.457196569081901 ], [ -99.168611520480596, 19.457211474241397 ], [ -99.168744174300897, 19.457234073394304 ], [ -99.168933878241404, 19.457264506776905 ], [ -99.170303608398001, 19.457484240423998 ], [ -99.171124950716418, 19.457622774097 ], [ -99.174613645495512, 19.458211159007096 ], [ -99.175770210070297, 19.458406203323499 ], [ -99.176877217257598, 19.458592882867297 ], [ -99.177085637402001, 19.458628028877502 ], [ -99.177733424852192, 19.458742619650398 ], [ -99.177989771544219, 19.458787965576398 ], [ -99.178709804017998, 19.458915332176996 ], [ -99.178569147536919, 19.459143743343596 ], [ -99.178394524590686, 19.459427311396102 ], [ -99.178005660473602, 19.460058778904099 ], [ -99.177840258827999, 19.4603435676778 ], [ -99.177775505047293, 19.460515681503704 ], [ -99.177753065323614, 19.460640405341298 ], [ -99.17773766509832, 19.460726002328201 ], [ -99.177626406917611, 19.461948711703993 ] ] ] } },
{ "type": "Feature", "properties": { "colonia": "San Simon Ticumac", "alcaldia": "Benito Juarez" }, "geometry": { "type": "Polygon", "coordinates": [ [ [ -99.146183679057984, 19.378979289618989 ], [ -99.145168257117902, 19.378782595732908 ], [ -99.144181489514494, 19.378597583040701 ], [ -99.143615531436481, 19.378488446014895 ], [ -99.143450255153397, 19.378457408570394 ], [ -99.142845664178807, 19.378343141539599 ], [ -99.142498094567785, 19.378274314419901 ], [ -99.1415484204569, 19.378099970138202 ], [ -99.141374259620306, 19.377812105515197 ], [ -99.141165779770304, 19.377509758255805 ], [ -99.140885611045306, 19.377147583057997 ], [ -99.140675389140497, 19.376964744500302 ], [ -99.140534615841204, 19.376946326320802 ], [ -99.140640488948321, 19.376260441031103 ], [ -99.140700260037903, 19.3758732191971 ], [ -99.140866823040497, 19.374794145571798 ], [ -99.140925137609798, 19.374372365880401 ], [ -99.141021878183594, 19.373759165300896 ], [ -99.141169019909697, 19.372836335690799 ], [ -99.1412779006601, 19.372132822540696 ], [ -99.141377014843002, 19.371399654418603 ], [ -99.141461169283389, 19.370777141507201 ], [ -99.141551399738603, 19.370110666684898 ], [ -99.141741267415497, 19.370219758917095 ], [ -99.142296690316201, 19.370637876707299 ], [ -99.142470134399304, 19.370761244212595 ], [ -99.142923532775399, 19.370973734166895 ], [ -99.143235810056183, 19.371082299659502 ], [ -99.143968923710517, 19.371302078066496 ], [ -99.144777540105594, 19.371551473112 ], [ -99.145553216046494, 19.371817869053096 ], [ -99.146331655410421, 19.372055883649594 ], [ -99.147104712396015, 19.372325192274399 ], [ -99.147475527524804, 19.372491127954998 ], [ -99.147840778892899, 19.372632223838696 ], [ -99.148319340024798, 19.372743314729895 ], [ -99.148640607231002, 19.372817891369497 ], [ -99.149423664072415, 19.372987508911198 ], [ -99.149143755925493, 19.374436533540397 ], [ -99.14849610312919, 19.377645520623492 ], [ -99.147837471237096, 19.377516483156995 ], [ -99.147035575834295, 19.3773596461984 ], [ -99.146546234340704, 19.377273616994596 ], [ -99.146360855652304, 19.378123868082696 ], [ -99.146183679057984, 19.378979289618989 ] ] ] } },
{ "type": "Feature", "properties": { "colonia": "Santa Catarina", "alcaldia": "Coyoacan" }, "geometry": { "type": "Polygon", "coordinates": [ [ [ -99.165909711323096, 19.349266328431199 ], [ -99.166169442667993, 19.348136708868697 ], [ -99.166107251841211, 19.348112633596099 ], [ -99.16624043738679, 19.347572154127498 ], [ -99.166519637364487, 19.347646389995695 ], [ -99.166742065237898, 19.347039484704293 ], [ -99.166836193050898, 19.347071296587004 ], [ -99.166960273891206, 19.346815998581498 ], [ -99.1670406575914, 19.346551171136795 ], [ -99.167301137445904, 19.346663924449505 ], [ -99.167530708689398, 19.346668275101095 ], [ -99.167535013995803, 19.346035406432495 ], [ -99.167671198747598, 19.345462539667004 ], [ -99.167784253365596, 19.345175648765 ], [ -99.1677943260256, 19.3450832272658 ], [ -99.167803920998495, 19.344995230140796 ], [ -99.167886520660502, 19.345005357260398 ], [ -99.168419024496984, 19.345070643886398 ], [ -99.168917741046982, 19.345131786625895 ], [ -99.169450245678803, 19.345197070231304 ], [ -99.169974303784102, 19.345261316743798 ], [ -99.170201154794498, 19.345289126890599 ], [ -99.170515256174198, 19.345327632762796 ], [ -99.171057114461505, 19.345394058171106 ], [ -99.1711832879257, 19.345409526916693 ], [ -99.172507412575186, 19.345571857875498 ], [ -99.173860037251998, 19.345737672513195 ], [ -99.173946576214789, 19.345747298928796 ], [ -99.174326927012515, 19.345789864803901 ], [ -99.176639676167994, 19.346046852679301 ], [ -99.176792313457909, 19.346065157178796 ], [ -99.177811965422705, 19.346187432027897 ], [ -99.177834399815296, 19.346191121379697 ], [ -99.178729770997407, 19.346338363413096 ], [ -99.178813791862893, 19.346352180239599 ], [ -99.179670639239006, 19.346600484347498 ], [ -99.180412127538915, 19.346829243280105 ], [ -99.180489985233294, 19.346767444295189 ], [ -99.180619933427394, 19.3467241161209 ], [ -99.180650159855603, 19.346730087817793 ], [ -99.180734075743999, 19.346749716893399 ], [ -99.180818665562384, 19.346814664471498 ], [ -99.180868543078915, 19.346901245064501 ], [ -99.180871971214202, 19.347000472497601 ], [ -99.180830592080596, 19.3471443609047 ], [ -99.180731155942695, 19.347213249726895 ], [ -99.180613420696005, 19.347230361484598 ], [ -99.1801447592443, 19.349294712157494 ], [ -99.180141843239198, 19.349340466373096 ], [ -99.180134979352601, 19.349448165590005 ], [ -99.180112108047794, 19.349508176913098 ], [ -99.180014634818079, 19.349649589561501 ], [ -99.179980341903104, 19.349687903585703 ], [ -99.179834213330594, 19.349872060988702 ], [ -99.179609222922096, 19.350079130850997 ], [ -99.178319599117913, 19.351156609652595 ], [ -99.177722919054006, 19.351675953454901 ], [ -99.177601378003104, 19.3517778079941 ], [ -99.177528404576208, 19.351892271192298 ], [ -99.1774656499272, 19.351877163653 ], [ -99.176541995762619, 19.351654800537503 ], [ -99.174533151194098, 19.351216465385701 ], [ -99.174107312184503, 19.3511732076506 ], [ -99.173289935891304, 19.351195669607005 ], [ -99.169687359038306, 19.351143879203995 ], [ -99.169719538336196, 19.351075374207795 ], [ -99.169751717607497, 19.351006869205698 ], [ -99.169842813359494, 19.350812929381199 ], [ -99.170390517466913, 19.349456194029205 ], [ -99.170218215624686, 19.3494465645039 ], [ -99.170030979108404, 19.349436100130301 ], [ -99.169270904401003, 19.349393618681596 ], [ -99.168938948441706, 19.349375064279396 ], [ -99.168485360197309, 19.3493587857389 ], [ -99.167450398898296, 19.349321638428499 ], [ -99.165909711323096, 19.349266328431199 ] ] ] } },
{ "type": "Feature", "properties": { "colonia": "Santa Maria la Ribera", "alcaldia": "Cuauhtemoc" }, "geometry": { "type": "Polygon", "coordinates": [ [ [ -99.153307945631781, 19.445948925837293 ], [ -99.154371928105121, 19.443497947561902 ], [ -99.154552853581194, 19.4427185643172 ], [ -99.154750015407501, 19.441914920406596 ], [ -99.155648017317915, 19.439776759132698 ], [ -99.155830074843607, 19.439724137753103 ], [ -99.156724775832402, 19.440120320640496 ], [ -99.157790380426306, 19.440592254092092 ], [ -99.157816743935598, 19.440603615784603 ], [ -99.158517828056802, 19.440898072262897 ], [ -99.158648101864401, 19.440952744370698 ], [ -99.158921172562287, 19.441067343733501 ], [ -99.159598311881993, 19.441351515773505 ], [ -99.160531163858195, 19.441741557628099 ], [ -99.161540383498718, 19.442116926192597 ], [ -99.162549607741013, 19.4424922890951 ], [ -99.162591469861695, 19.4425031182606 ], [ -99.162633331987806, 19.442513947416398 ], [ -99.163714441570008, 19.442752575869399 ], [ -99.164781471972802, 19.442999130903896 ], [ -99.164954343699421, 19.443039112837599 ], [ -99.165112240420527, 19.443135538942698 ], [ -99.165532335070012, 19.4433926906209 ], [ -99.165584515694121, 19.443424611188597 ], [ -99.165590730758296, 19.443526596992896 ], [ -99.165595756060796, 19.443609853430193 ], [ -99.165600781368809, 19.443693109866597 ], [ -99.165318323730304, 19.445169382631196 ], [ -99.165024140221618, 19.446689256659901 ], [ -99.164865259188204, 19.447343656998399 ], [ -99.164643107497596, 19.448258648019898 ], [ -99.1644211810965, 19.449172700701386 ], [ -99.164240771237516, 19.449982260777197 ], [ -99.164237048566008, 19.450034791361297 ], [ -99.164235187229508, 19.450061056653102 ], [ -99.164233325892297, 19.450087321944903 ], [ -99.164253551982895, 19.451820380470195 ], [ -99.164207593844097, 19.452291697393697 ], [ -99.164194627759485, 19.452424668685996 ], [ -99.164170617104006, 19.452648534196104 ], [ -99.1641385973914, 19.452947071938997 ], [ -99.164079638302596, 19.453517477755398 ], [ -99.164056985537087, 19.453682503716099 ], [ -99.163979861361781, 19.4542443527816 ], [ -99.163898674994599, 19.454823432842396 ], [ -99.163859000698494, 19.455081406233898 ], [ -99.163741800842402, 19.455777763039801 ], [ -99.163710965284807, 19.455773002426302 ], [ -99.163695547506705, 19.455770622117605 ], [ -99.163680129729087, 19.455768241807601 ], [ -99.163588778147599, 19.4557541382495 ], [ -99.163337946289403, 19.455715412653198 ], [ -99.162927894564689, 19.4556521045258 ], [ -99.162044977146195, 19.455515787065593 ], [ -99.161035413109005, 19.455359910527303 ], [ -99.1599564596726, 19.455204903528703 ], [ -99.1593967121253, 19.455143704340497 ], [ -99.158838487640807, 19.455055956753192 ], [ -99.157748523756297, 19.454884619548789 ], [ -99.156627999540305, 19.4547153842705 ], [ -99.1559070835455, 19.454612583301699 ], [ -99.155264918543082, 19.454515457733496 ], [ -99.154139912778106, 19.454350216155795 ], [ -99.153030372725411, 19.454195835509097 ], [ -99.152475125588396, 19.454118576139198 ], [ -99.1518558805368, 19.454032409742002 ], [ -99.151811019406907, 19.454026167342395 ], [ -99.151927466166711, 19.453398377950197 ], [ -99.151988104595503, 19.453071461289099 ], [ -99.1522404741457, 19.451710860948793 ], [ -99.152422171917905, 19.450766032780205 ], [ -99.152590453698807, 19.449890957938099 ], [ -99.152916437473706, 19.448080036316398 ], [ -99.152969449460898, 19.447801773912197 ], [ -99.1532453678319, 19.446353450067196 ], [ -99.153245407755193, 19.446353191990095 ], [ -99.153307945631781, 19.445948925837293 ] ] ] } },
{ "type": "Feature", "properties": { "colonia": "Santo Tomas", "alcaldia": "Miguel Hidalgo" }, "geometry": { "type": "Polygon", "coordinates": [ [ [ -99.173876849107003, 19.452923891285103 ], [ -99.1735568222213, 19.453177686146301 ], [ -99.171540723982105, 19.452934487174101 ], [ -99.168840197040595, 19.452539433108097 ], [ -99.168482455354109, 19.452487096709799 ], [ -99.1665935255471, 19.452210740395191 ], [ -99.166416027783299, 19.452180778482298 ], [ -99.166521417779606, 19.451263041446602 ], [ -99.166598093407899, 19.450595343038096 ], [ -99.166748431886901, 19.450301386371198 ], [ -99.167231572755895, 19.450356654030394 ], [ -99.167444942523602, 19.450380697789999 ], [ -99.167492043295596, 19.450390113773196 ], [ -99.168058260859013, 19.450503306098202 ], [ -99.168477918647113, 19.450587198472995 ], [ -99.168728549085415, 19.4506373006543 ], [ -99.168871877707318, 19.450536914722001 ], [ -99.168951135489692, 19.450529680022001 ], [ -99.169030393264805, 19.450522445287401 ], [ -99.169130087868908, 19.450580109445593 ], [ -99.169166358081981, 19.450601088403701 ], [ -99.169272434581316, 19.4506791912106 ], [ -99.169302345313099, 19.450701214085296 ], [ -99.169570410972398, 19.450752018332299 ], [ -99.170054218645291, 19.4508437092774 ], [ -99.170526796890499, 19.450933270679688 ], [ -99.171144687102981, 19.451050369095796 ], [ -99.171764728016996, 19.451149994180099 ], [ -99.172662319071719, 19.451299562176398 ], [ -99.172933889397115, 19.451113120195693 ], [ -99.173090213978995, 19.451339401245392 ], [ -99.173303226593191, 19.4514897725217 ], [ -99.173589599021497, 19.451691929605605 ], [ -99.17413681489208, 19.452060706626792 ], [ -99.174684033228715, 19.452429481962799 ], [ -99.174485764211809, 19.452578213359899 ], [ -99.174191124349989, 19.452824495547905 ], [ -99.17413182793922, 19.452735359665901 ], [ -99.173876849107003, 19.452923891285103 ] ] ] } },
{ "type": "Feature", "properties": { "colonia": "Sector Naval", "alcaldia": "Azcapotzalco" }, "geometry": { "type": "Polygon", "coordinates": [ [ [ -99.178939596311807, 19.470703150793696 ], [ -99.1787491097611, 19.470744862951705 ], [ -99.178558623111101, 19.470786574909997 ], [ -99.178050710876207, 19.470883468972101 ], [ -99.177583759068199, 19.470970077153599 ], [ -99.177131711018703, 19.471053919818505 ], [ -99.176489512869495, 19.471174943592199 ], [ -99.175923461784521, 19.471263708894295 ], [ -99.175852194216006, 19.471261892785197 ], [ -99.175870411291896, 19.471124002008001 ], [ -99.175888628337916, 19.470986111227202 ], [ -99.1762124894381, 19.468512601173192 ], [ -99.176143733424809, 19.468451393110495 ], [ -99.17606695846429, 19.468383046324593 ], [ -99.176166973710195, 19.468251230713797 ], [ -99.176266988794893, 19.468119415047301 ], [ -99.176395117434211, 19.468240601254895 ], [ -99.176531596105391, 19.468369684760994 ], [ -99.177736719579684, 19.469509494532794 ], [ -99.17827337945738, 19.470017061426301 ], [ -99.178746261539402, 19.470504049915895 ], [ -99.178842928866615, 19.470603600381605 ], [ -99.178939596311807, 19.470703150793696 ] ] ] } },
{ "type": "Feature", "properties": { "colonia": "Tabacalera", "alcaldia": "Cuauhtemoc" }, "geometry": { "type": "Polygon", "coordinates": [ [ [ -99.155830074843607, 19.439724137753103 ], [ -99.155648017317915, 19.439776759132698 ], [ -99.15359387871689, 19.438945663698501 ], [ -99.153415520844703, 19.438870521867095 ], [ -99.152296475795694, 19.438609816020197 ], [ -99.151177434270394, 19.438349103241496 ], [ -99.150552144773599, 19.438229713839 ], [ -99.149108637039106, 19.437890641843197 ], [ -99.149010518461012, 19.437865487392799 ], [ -99.148256357496507, 19.437672142721201 ], [ -99.147646332952107, 19.437507287592204 ], [ -99.146651533523993, 19.4374233007755 ], [ -99.146404137942994, 19.4373683447131 ], [ -99.146436764958906, 19.437334447406695 ], [ -99.146469391961404, 19.437300550094502 ], [ -99.147017394298601, 19.436954864702404 ], [ -99.147896552149618, 19.436399698840603 ], [ -99.148329287114919, 19.436111869382202 ], [ -99.149117570594811, 19.435566255533899 ], [ -99.149327629968198, 19.435420860828696 ], [ -99.149622821995905, 19.435251475013601 ], [ -99.149838506561395, 19.435292890632198 ], [ -99.149838506561395, 19.435292890632198 ], [ -99.1499177433477, 19.4352660361847 ], [ -99.150093930438501, 19.435183115139001 ], [ -99.150182023916386, 19.435141654552197 ], [ -99.150270117349393, 19.435100193922704 ], [ -99.151757871830384, 19.434399981838997 ], [ -99.153174515898399, 19.433733220978802 ], [ -99.153456229688899, 19.433601452604595 ], [ -99.153818976447496, 19.433431781037793 ], [ -99.154181722448513, 19.433262108748096 ], [ -99.154173246223479, 19.433228536355795 ], [ -99.154164770001998, 19.433194963963 ], [ -99.1541451857547, 19.433117395140901 ], [ -99.154197440657711, 19.432975349333695 ], [ -99.154242218054705, 19.432840409934698 ], [ -99.154309508069886, 19.432769352032892 ], [ -99.154466533540798, 19.432620116984999 ], [ -99.154616195565495, 19.432598689362898 ], [ -99.154967982314602, 19.432633889759199 ], [ -99.155237592403097, 19.432825361333801 ], [ -99.156786560454407, 19.432127709692995 ], [ -99.157575713712205, 19.4317722695124 ], [ -99.158263325528907, 19.4314628491592 ], [ -99.158430857662907, 19.431389624498699 ], [ -99.15954159310742, 19.430904140568298 ], [ -99.159658090096926, 19.430852380981101 ], [ -99.159753963697113, 19.430813116962995 ], [ -99.159796232394015, 19.430795712775204 ], [ -99.159909119313298, 19.4307496852459 ], [ -99.159783990348217, 19.430938026965396 ], [ -99.1597108635751, 19.431078740252101 ], [ -99.1596377366767, 19.431219453508103 ], [ -99.159358388145293, 19.431774039098098 ], [ -99.159053753789493, 19.432378819399499 ], [ -99.158142574916795, 19.434415705459998 ], [ -99.157140231647418, 19.436710216843196 ], [ -99.157116282749911, 19.436765038542102 ], [ -99.156495920656297, 19.438172868821596 ], [ -99.155830074843607, 19.439724137753103 ] ] ] } },
{ "type": "Feature", "properties": { "colonia": "Tacuba", "alcaldia": "Miguel Hidalgo" }, "geometry": { "type": "Polygon", "coordinates": [ [ [ -99.190249729307396, 19.461755269562495 ], [ -99.190038780794495, 19.461479074208601 ], [ -99.189914094217926, 19.461315821235203 ], [ -99.189772201420212, 19.4611967242829 ], [ -99.189553391879613, 19.461077427052995 ], [ -99.189197462646206, 19.4609688191114 ], [ -99.1888749269866, 19.460891814951697 ], [ -99.1886191208132, 19.460828802707098 ], [ -99.1885376653035, 19.460765580308497 ], [ -99.187332559299719, 19.460464109536101 ], [ -99.1872833161015, 19.460451790603603 ], [ -99.185443136012111, 19.460049246112298 ], [ -99.185292468968399, 19.460016286361501 ], [ -99.184227172211294, 19.459837347670998 ], [ -99.184164140640888, 19.459826760002297 ], [ -99.183154741492913, 19.459657203951803 ], [ -99.182082313087406, 19.459477053866898 ], [ -99.182008854009894, 19.459464785083203 ], [ -99.182072965438806, 19.459396247251998 ], [ -99.182347410591404, 19.4586862722688 ], [ -99.18263505620962, 19.458779867656101 ], [ -99.182790726953897, 19.458163090577095 ], [ -99.182851707089299, 19.458180056857099 ], [ -99.182877238325503, 19.457992839420797 ], [ -99.182925598836604, 19.458004124921096 ], [ -99.182973959354314, 19.458015410408496 ], [ -99.183280154673113, 19.456792916305698 ], [ -99.183263159499305, 19.456347033579295 ], [ -99.183345112406499, 19.455885405209099 ], [ -99.183551870614508, 19.4547065736026 ], [ -99.183724670114998, 19.453721344497993 ], [ -99.183897467581602, 19.452736115138794 ], [ -99.184095447222205, 19.451649396298702 ], [ -99.18478393285578, 19.451790121805601 ], [ -99.185207950454199, 19.451896273311899 ], [ -99.185558476534595, 19.451951952048301 ], [ -99.1862420707631, 19.452099675466698 ], [ -99.187981453336789, 19.452475539888706 ], [ -99.188509263388298, 19.452589591088397 ], [ -99.189077910744999, 19.452731066540299 ], [ -99.189174358348581, 19.452751645126796 ], [ -99.189970826181906, 19.452953115421398 ], [ -99.190073831613404, 19.452977315975197 ], [ -99.190167622426387, 19.452997126030692 ], [ -99.191242185109303, 19.4532191448987 ], [ -99.191842094040297, 19.453349577314704 ], [ -99.1917779642732, 19.453558168685795 ], [ -99.191520550502403, 19.454544698261298 ], [ -99.191373778075516, 19.455164389346201 ], [ -99.191212011834693, 19.455803500739595 ], [ -99.191047172388295, 19.456470386608 ], [ -99.190882331618695, 19.457137272289 ], [ -99.190654459854997, 19.458072533179205 ], [ -99.19050704294601, 19.458794382114501 ], [ -99.190300607589521, 19.45894201266 ], [ -99.189820474782906, 19.459285373741601 ], [ -99.189720874425504, 19.459313264971399 ], [ -99.189746463304999, 19.459415625628299 ], [ -99.189774725660797, 19.459500640131797 ], [ -99.189801136365489, 19.459580084694998 ], [ -99.189827547096201, 19.459659529253397 ], [ -99.18996673629178, 19.460000299114899 ], [ -99.190075245430805, 19.460433430549799 ], [ -99.190122196085298, 19.460847693116197 ], [ -99.190251371256309, 19.4616395982946 ], [ -99.190249729307396, 19.461755269562495 ] ] ] } },
{ "type": "Feature", "properties": { "colonia": "Tlacoquemecatl del Valle", "alcaldia": "Benito Juarez" }, "geometry": { "type": "Polygon", "coordinates": [ [ [ -99.176250024784295, 19.380273388441498 ], [ -99.175687523310103, 19.380148305948399 ], [ -99.174944834922215, 19.379968075616901 ], [ -99.174527218654603, 19.379866729270901 ], [ -99.173753741376302, 19.379679026257296 ], [ -99.173222571036703, 19.379550118606002 ], [ -99.172493840580302, 19.379375091655795 ], [ -99.171887029535597, 19.379229404783498 ], [ -99.170978352707721, 19.379013185693495 ], [ -99.170847336802495, 19.378938052689502 ], [ -99.170804783653494, 19.378806832055204 ], [ -99.170875785855003, 19.378510175570394 ], [ -99.171015944673115, 19.377924562551105 ], [ -99.171263247633306, 19.377968848479298 ], [ -99.17143631928252, 19.377239276328996 ], [ -99.171582597135398, 19.376630674644399 ], [ -99.172160714425203, 19.3743219467299 ], [ -99.172622112129005, 19.372332620433507 ], [ -99.173371678322198, 19.372493500927494 ], [ -99.174121245961402, 19.372654378320195 ], [ -99.174856992489595, 19.372812286012696 ], [ -99.1755884222774, 19.372969263502299 ], [ -99.176252966660996, 19.3731145356283 ], [ -99.176349923766409, 19.373135730624 ], [ -99.176677639173391, 19.3732073693707 ], [ -99.17707254442702, 19.373293693706195 ], [ -99.177410892456393, 19.3733676565233 ], [ -99.177635587183488, 19.373416773517302 ], [ -99.178233759209505, 19.373547529032603 ], [ -99.178884774800693, 19.373689836590202 ], [ -99.178438325679807, 19.375154434933098 ], [ -99.178285415607206, 19.375665981541797 ], [ -99.177960017374502, 19.376635650098098 ], [ -99.177851884574196, 19.376957877147998 ], [ -99.177547605226906, 19.377864598028204 ], [ -99.177218091223693, 19.378846503736497 ], [ -99.176776039680519, 19.380163727428389 ], [ -99.176250024784295, 19.380273388441498 ] ] ] } },
{ "type": "Feature", "properties": { "colonia": "Tlatilco", "alcaldia": "Azcapotzalco" }, "geometry": { "type": "Polygon", "coordinates": [ [ [ -99.162363934933808, 19.464191840506597 ], [ -99.162252698842394, 19.464281208008796 ], [ -99.162003840886797, 19.464488137317002 ], [ -99.161626664800011, 19.4648022252968 ], [ -99.161346770039202, 19.4650271076815 ], [ -99.161251595555086, 19.465034642997392 ], [ -99.160556627630712, 19.4650874021373 ], [ -99.159789223733696, 19.465153119394795 ], [ -99.159687683371402, 19.465155727107302 ], [ -99.159453784235993, 19.465161733779798 ], [ -99.159216084578503, 19.464844500180902 ], [ -99.158675606639591, 19.464101276497395 ], [ -99.158652020240609, 19.464068842102296 ], [ -99.158639204008907, 19.4640512180946 ], [ -99.158624957219402, 19.464031626875393 ], [ -99.158598361238305, 19.463995053869603 ], [ -99.158557518495897, 19.463938889634999 ], [ -99.158697560651206, 19.463881553613398 ], [ -99.158835647918806, 19.4638149912149 ], [ -99.158983444288083, 19.463728118637697 ], [ -99.159144844888587, 19.463624623631304 ], [ -99.159292622894711, 19.463519294854905 ], [ -99.159418995140896, 19.463412139185699 ], [ -99.159586171140802, 19.463245888430691 ], [ -99.159684909201601, 19.463128983209 ], [ -99.1597047272803, 19.463105518706197 ], [ -99.159811597617804, 19.462954085625899 ], [ -99.159916512920702, 19.462793426223399 ], [ -99.160013637625781, 19.462625391248796 ], [ -99.160033084081817, 19.462589483081597 ], [ -99.1601146355856, 19.462438896834591 ], [ -99.160224595559015, 19.462233840315598 ], [ -99.16026612937452, 19.462156386711101 ], [ -99.16038461336791, 19.461944038330298 ], [ -99.160422058390793, 19.461877930428795 ], [ -99.160506984975598, 19.461727995234103 ], [ -99.160580777318188, 19.461578436564199 ], [ -99.16067014661742, 19.461439937639696 ], [ -99.160702639197709, 19.461389823529597 ], [ -99.160773116156506, 19.461281125047098 ], [ -99.160891646189299, 19.461116761796898 ], [ -99.161002425703202, 19.460985626091901 ], [ -99.161062680721798, 19.460920976690296 ], [ -99.1612036138566, 19.460784277282702 ], [ -99.161372747547205, 19.460634633490997 ], [ -99.161528282525694, 19.460507148817801 ], [ -99.161546819500614, 19.460491072172093 ], [ -99.161565356471897, 19.4604749955245 ], [ -99.16172852400608, 19.460333484219298 ], [ -99.161987095640995, 19.4601173185699 ], [ -99.162029893850999, 19.460082169543895 ], [ -99.162144573566394, 19.4599879860342 ], [ -99.162313711076081, 19.459843878149499 ], [ -99.162452180365506, 19.459716950823005 ], [ -99.1625605965353, 19.459617571357899 ], [ -99.162582237448902, 19.459594168509895 ], [ -99.162673328642299, 19.4594956608593 ], [ -99.162766610463706, 19.459381150138395 ], [ -99.162852105481903, 19.459262955168501 ], [ -99.162929784216914, 19.459111546435004 ], [ -99.162995806788018, 19.4589786041149 ], [ -99.163056223835511, 19.458809018815398 ], [ -99.163073418843695, 19.458760753882995 ], [ -99.163131554856704, 19.458524465165102 ], [ -99.163228420761897, 19.4581035818487 ], [ -99.163292126068399, 19.457796976216496 ], [ -99.163360669224303, 19.457479935911898 ], [ -99.163388881194507, 19.457349443577396 ], [ -99.1634642469851, 19.457001711901498 ], [ -99.163514094375699, 19.456771719240599 ], [ -99.163605187623006, 19.456381139162797 ], [ -99.163681673894715, 19.456391917308896 ], [ -99.163719756909614, 19.456397283805799 ], [ -99.163739159296782, 19.456400017904596 ], [ -99.163814027791815, 19.456410568022491 ], [ -99.164008455264707, 19.456442303063795 ], [ -99.164325535005091, 19.456494057305299 ], [ -99.164940888794206, 19.456597711338002 ], [ -99.164944153111193, 19.456658307844101 ], [ -99.164937465870921, 19.456708693588695 ], [ -99.164915912567196, 19.456871089108599 ], [ -99.164976332357099, 19.456924719631605 ], [ -99.165024511457901, 19.456969813592597 ], [ -99.165076532507697, 19.457027874674804 ], [ -99.165086758630693, 19.457039979335391 ], [ -99.165112229583102, 19.457070129287988 ], [ -99.165205769817987, 19.457194460412698 ], [ -99.165289384649299, 19.457316168981997 ], [ -99.165387587142916, 19.457484669376495 ], [ -99.165432293492586, 19.457578015431697 ], [ -99.165472387849405, 19.457674284021799 ], [ -99.165503253719905, 19.457772020194099 ], [ -99.165522964388103, 19.457880632657801 ], [ -99.165532585576884, 19.457969805548899 ], [ -99.165541504196895, 19.4580720319105 ], [ -99.165546410079486, 19.458251330743796 ], [ -99.1655399665581, 19.458436274600992 ], [ -99.165531667908482, 19.458525651693201 ], [ -99.165582975341394, 19.458531551899405 ], [ -99.165512536104501, 19.458697820384305 ], [ -99.1654693970724, 19.4587996478473 ], [ -99.165291665911795, 19.459224703969891 ], [ -99.164988597064095, 19.4599495081718 ], [ -99.164925903063306, 19.460099443123099 ], [ -99.164427948749704, 19.461233829838097 ], [ -99.164555938491603, 19.461219766397505 ], [ -99.164566072685304, 19.461220738801099 ], [ -99.164971135462395, 19.461259605207001 ], [ -99.164955486650612, 19.461507618870002 ], [ -99.164990316344998, 19.461513728469097 ], [ -99.165133844710979, 19.461537364097801 ], [ -99.165332111275916, 19.461570013577202 ], [ -99.165212732428699, 19.462531437607002 ], [ -99.164758945902719, 19.462470453549795 ], [ -99.164713973171217, 19.462981311957702 ], [ -99.164422913730206, 19.462937566737505 ], [ -99.164362841604003, 19.462981363088993 ], [ -99.164193025603311, 19.4631051693801 ], [ -99.164181106942607, 19.463202580544301 ], [ -99.163814275381, 19.463771556817601 ], [ -99.163579050014121, 19.4642942026124 ], [ -99.162927376409698, 19.464193730361099 ], [ -99.162658205666204, 19.464153985850395 ], [ -99.16245196816331, 19.464121795015899 ], [ -99.162363934933808, 19.464191840506597 ] ], [ [ -99.16229762168031, 19.463922332402895 ], [ -99.162304182244497, 19.463955875624698 ], [ -99.16229762168031, 19.463922332402799 ], [ -99.162294388952304, 19.463891288529904 ], [ -99.16229762168031, 19.463922332402895 ] ] ] } },
{ "type": "Feature", "properties": { "colonia": "Tlaxpana", "alcaldia": "Miguel Hidalgo" }, "geometry": { "type": "Polygon", "coordinates": [ [ [ -99.165652500564903, 19.443719213774902 ], [ -99.165600781368809, 19.443693109866597 ], [ -99.165590730758396, 19.443526596992896 ], [ -99.165584515694235, 19.443424611188593 ], [ -99.167384144414811, 19.44033579816659 ], [ -99.167630305824702, 19.439916657050997 ], [ -99.168188182878396, 19.438740712801199 ], [ -99.168494111051004, 19.438144523247793 ], [ -99.1687581536397, 19.437629955962596 ], [ -99.169530625522498, 19.4362198570185 ], [ -99.169701372813293, 19.436294639537596 ], [ -99.169850824933704, 19.436360095181001 ], [ -99.170246651403801, 19.436542491159795 ], [ -99.172756299865185, 19.438198576310391 ], [ -99.172746742938997, 19.438369318488895 ], [ -99.172642405807281, 19.439103994329397 ], [ -99.172486522373305, 19.440201614345998 ], [ -99.17217583502719, 19.4401557128439 ], [ -99.171865147851406, 19.440109810808398 ], [ -99.171814005744011, 19.440051018789099 ], [ -99.171779342125106, 19.4400997517265 ], [ -99.171698552020104, 19.440213332894196 ], [ -99.171316324634489, 19.440800971913095 ], [ -99.171178980120686, 19.441493363595995 ], [ -99.171096392290991, 19.441983575699002 ], [ -99.170581232618204, 19.441929444963101 ], [ -99.170369514541207, 19.442208749887097 ], [ -99.170103187529804, 19.442560094868998 ], [ -99.169856819106201, 19.442860072180299 ], [ -99.169704394890985, 19.4430490425184 ], [ -99.169545982226381, 19.443236299522997 ], [ -99.169084754965297, 19.443758542858699 ], [ -99.168993869453899, 19.443938612062396 ], [ -99.168919769799487, 19.444164587277903 ], [ -99.168715766174401, 19.444786715865302 ], [ -99.168585331927304, 19.445184484997593 ], [ -99.167996170994797, 19.444842496283201 ], [ -99.167923302960816, 19.4448001985307 ], [ -99.167179783216497, 19.444368604219999 ], [ -99.167124915290813, 19.444551446224501 ], [ -99.167073460941708, 19.4445222504235 ], [ -99.166821739458399, 19.444379420339096 ], [ -99.166707081470705, 19.444314361686903 ], [ -99.166210650009617, 19.444032677627497 ], [ -99.165860627620006, 19.443834067273801 ], [ -99.165768684748599, 19.443781279224901 ], [ -99.165704219777396, 19.443745317668295 ], [ -99.165652500564903, 19.443719213774902 ] ] ] } },
{ "type": "Feature", "properties": { "colonia": "Un Hogar para Nosotros", "alcaldia": "Miguel Hidalgo" }, "geometry": { "type": "Polygon", "coordinates": [ [ [ -99.172933889397115, 19.451113120195693 ], [ -99.172662319071719, 19.451299562176398 ], [ -99.171764728016996, 19.451149994180099 ], [ -99.171144687102981, 19.451050369095796 ], [ -99.170526796890499, 19.450933270679688 ], [ -99.170054218645291, 19.4508437092774 ], [ -99.169570410972398, 19.450752018332299 ], [ -99.169302345313099, 19.450701214085296 ], [ -99.169272434581316, 19.4506791912106 ], [ -99.169166358081981, 19.450601088403701 ], [ -99.169130087868908, 19.450580109445593 ], [ -99.169030393264805, 19.450522445287401 ], [ -99.168951135489692, 19.450529680022001 ], [ -99.168871877707318, 19.450536914722001 ], [ -99.168728549085415, 19.4506373006543 ], [ -99.168477918647113, 19.450587198472995 ], [ -99.168058260859013, 19.450503306098202 ], [ -99.167492043295596, 19.450390113773196 ], [ -99.167444942523602, 19.450380697789999 ], [ -99.167231572755895, 19.450356654030394 ], [ -99.166748431886901, 19.450301386371198 ], [ -99.166796880338595, 19.449815332359201 ], [ -99.166917928936996, 19.448520821832901 ], [ -99.166994799716804, 19.447601871718003 ], [ -99.167039504881217, 19.447067440194292 ], [ -99.167118397874901, 19.446124299267598 ], [ -99.16715801275501, 19.445650711880599 ], [ -99.167241993905606, 19.4446467265089 ], [ -99.167124915290813, 19.444551446224501 ], [ -99.167179783216497, 19.444368604219999 ], [ -99.167923302960816, 19.4448001985307 ], [ -99.167996170994797, 19.444842496283201 ], [ -99.168585331927304, 19.445184484997593 ], [ -99.169323908969901, 19.445600132197999 ], [ -99.169394536975702, 19.445666998804004 ], [ -99.169521125915921, 19.445786845853103 ], [ -99.169753726601016, 19.446083598425496 ], [ -99.169870291031899, 19.446293051535999 ], [ -99.170132219334306, 19.4466800784508 ], [ -99.170404858118488, 19.447088173197592 ], [ -99.1707477832026, 19.447581831005497 ], [ -99.1709284944655, 19.447841972422296 ], [ -99.171079348476397, 19.448078988228403 ], [ -99.171211906865111, 19.448287258000597 ], [ -99.17130793827738, 19.448438137833701 ], [ -99.171194894535518, 19.448536846964402 ], [ -99.171709566308095, 19.449299329452401 ], [ -99.172933889397115, 19.451113120195693 ] ] ] } },
{ "type": "Feature", "properties": { "colonia": "Veronica Anzures", "alcaldia": "Miguel Hidalgo" }, "geometry": { "type": "Polygon", "coordinates": [ [ [ -99.176103215045131, 19.440539163950199 ], [ -99.175357880583604, 19.439921170564805 ], [ -99.174129519703499, 19.439104717488799 ], [ -99.173396615068015, 19.438621101153192 ], [ -99.172756299865185, 19.438198576310391 ], [ -99.170246651403801, 19.436542491159795 ], [ -99.169850824933704, 19.436360095181001 ], [ -99.169701372813293, 19.436294639537596 ], [ -99.169530625522498, 19.4362198570185 ], [ -99.171079708553904, 19.434157147358 ], [ -99.171370331353486, 19.4337130907392 ], [ -99.172329378352401, 19.432258107518798 ], [ -99.172411680935994, 19.432310318949998 ], [ -99.172508671201399, 19.432371847918198 ], [ -99.173615967613799, 19.433076539821904 ], [ -99.173714168409219, 19.433146892698094 ], [ -99.173792148898713, 19.433202759289397 ], [ -99.173932666578509, 19.433303428438499 ], [ -99.174205353590807, 19.433487814528299 ], [ -99.174647303177906, 19.433786651180196 ], [ -99.175088291518819, 19.434084835676899 ], [ -99.17550617278161, 19.434367393776004 ], [ -99.175985240665213, 19.434611511899096 ], [ -99.176537008895295, 19.434881000245198 ], [ -99.177030773123704, 19.435122156748104 ], [ -99.177635318166907, 19.435417416244498 ], [ -99.178182992104411, 19.435684897243799 ], [ -99.178757709618907, 19.435965583443501 ], [ -99.179307337631812, 19.436234013563297 ], [ -99.1787785924123, 19.437124977170996 ], [ -99.1785322932746, 19.437584125668394 ], [ -99.178049935579082, 19.438313127568598 ], [ -99.177170131863207, 19.439366549425799 ], [ -99.176288948891894, 19.440561382826999 ], [ -99.176103215045131, 19.440539163950199 ] ] ] } },
{ "type": "Feature", "properties": { "colonia": "Vertiz Narvarte", "alcaldia": "Benito Juarez" }, "geometry": { "type": "Polygon", "coordinates": [ [ [ -99.147907448431184, 19.384064770432598 ], [ -99.148102850349602, 19.382604721084501 ], [ -99.148112241668599, 19.382534548202095 ], [ -99.148255304249304, 19.3818187520835 ], [ -99.149550825028314, 19.382081103923195 ], [ -99.150850457095203, 19.382321941628199 ], [ -99.151619802928195, 19.3824675013581 ], [ -99.151802791716506, 19.381678717724501 ], [ -99.151992385886999, 19.380887509399098 ], [ -99.152185644112507, 19.380081002348405 ], [ -99.152636031103896, 19.380147601135302 ], [ -99.153083844473699, 19.380217344822398 ], [ -99.1532190715821, 19.3794196710157 ], [ -99.153355820879696, 19.378587804862605 ], [ -99.153518850086613, 19.378612222885696 ], [ -99.154075832645105, 19.378691454371999 ], [ -99.154800375148398, 19.378792961237497 ], [ -99.155425418367003, 19.378885522564897 ], [ -99.156055707563212, 19.378968081604505 ], [ -99.156785666105904, 19.379046104236295 ], [ -99.157570684610207, 19.379164339477999 ], [ -99.158181935769889, 19.379256400354599 ], [ -99.158536050627617, 19.379309796247099 ], [ -99.158703487859583, 19.379335002458998 ], [ -99.158748699345409, 19.379341814241499 ], [ -99.158663190974096, 19.379489816225497 ], [ -99.158639662138796, 19.379530539511894 ], [ -99.158460261699403, 19.379841048983302 ], [ -99.157804251955383, 19.380981718011199 ], [ -99.156869384127305, 19.382607233637302 ], [ -99.1557382708923, 19.384553187662995 ], [ -99.155567919704382, 19.384846498916303 ], [ -99.154954779915514, 19.384789181186097 ], [ -99.154286464538714, 19.384729387928093 ], [ -99.153681010682504, 19.384676322234696 ], [ -99.153044659173418, 19.384618673619894 ], [ -99.152404018852891, 19.384557694973704 ], [ -99.152273874095414, 19.384547149633299 ], [ -99.151701739640998, 19.3844982577581 ], [ -99.151158618734712, 19.384455427950702 ], [ -99.150578938800507, 19.384397493254902 ], [ -99.149936793524304, 19.3843333134066 ], [ -99.149083631811294, 19.384248039723197 ], [ -99.147907448431184, 19.384064770432598 ] ] ] } },
{ "type": "Feature", "properties": { "colonia": "Victoria de las Democracias", "alcaldia": "Azcapotzalco" }, "geometry": { "type": "Polygon", "coordinates": [ [ [ -99.166072753007697, 19.471595188718997 ], [ -99.164073691450724, 19.472218169364801 ], [ -99.163781898901306, 19.472309100347196 ], [ -99.163594658364005, 19.472369705773996 ], [ -99.163547030202807, 19.472408968460996 ], [ -99.163507250809019, 19.472316120468999 ], [ -99.163467471461004, 19.472223272466803 ], [ -99.163154987406898, 19.471493907032698 ], [ -99.163043131099798, 19.4711720519933 ], [ -99.163020333252092, 19.471106453359297 ], [ -99.162392145995113, 19.4694893535194 ], [ -99.162492457009108, 19.469452897184897 ], [ -99.162542612499109, 19.469434668997 ], [ -99.162592767977799, 19.4694164407952 ], [ -99.162947817618502, 19.469232640170503 ], [ -99.163428788196612, 19.4689836515476 ], [ -99.163660256318096, 19.468866156029797 ], [ -99.163680298822086, 19.468855629257195 ], [ -99.163932851994701, 19.4687229823613 ], [ -99.163694693270401, 19.468307923822998 ], [ -99.163470499967502, 19.4678891760617 ], [ -99.163443407734206, 19.467841881113497 ], [ -99.163234616243983, 19.467477392453695 ], [ -99.163002007209698, 19.4670713231158 ], [ -99.162760824952883, 19.466650284875897 ], [ -99.162525381689505, 19.466239262903898 ], [ -99.1622563588421, 19.465769616859305 ], [ -99.161972291483806, 19.465273703470601 ], [ -99.161757129466181, 19.464898079919298 ], [ -99.161681017838902, 19.464897525481298 ], [ -99.161626664800011, 19.4648022252968 ], [ -99.162003840886797, 19.464488137317002 ], [ -99.162252698842394, 19.4642812080087 ], [ -99.162363934933808, 19.464191840506597 ], [ -99.16245196816331, 19.464121795015899 ], [ -99.162658205666204, 19.464153985850395 ], [ -99.162760104459309, 19.464305131057191 ], [ -99.163048497406294, 19.464733692794397 ], [ -99.163178838149705, 19.464927279319795 ], [ -99.163367028353306, 19.465198332964597 ], [ -99.163429382510003, 19.465288142502896 ], [ -99.1636789298812, 19.465647567746995 ], [ -99.163843860521197, 19.4658851177057 ], [ -99.16393757115722, 19.466020088957691 ], [ -99.164223125442305, 19.466411685014805 ], [ -99.164268873097484, 19.466474421032395 ], [ -99.164508681102802, 19.466803280595194 ], [ -99.164660474772504, 19.467011441257895 ], [ -99.164778782976583, 19.467189534844497 ], [ -99.164795411804505, 19.467214566778299 ], [ -99.165051884047102, 19.467600641883497 ], [ -99.165136875960002, 19.467728582184694 ], [ -99.165275197830596, 19.467936800788202 ], [ -99.165306926731603, 19.467984562828995 ], [ -99.1655664180945, 19.468375178204301 ], [ -99.165757265915502, 19.468662462202797 ], [ -99.165846598286606, 19.468796934160199 ], [ -99.166301814333607, 19.469482166376 ], [ -99.166094190745795, 19.471379544678495 ], [ -99.166081067351001, 19.471510286348494 ], [ -99.166072753007697, 19.471595188718997 ] ] ] } },
{ "type": "Feature", "properties": { "colonia": "Villa Coyoacan", "alcaldia": "Coyoacan" }, "geometry": { "type": "Polygon", "coordinates": [ [ [ -99.161782180801694, 19.349528098453298 ], [ -99.159999074117181, 19.349834256229894 ], [ -99.159080940457201, 19.349991891688095 ], [ -99.159469530456803, 19.347830958864499 ], [ -99.159500985607593, 19.347656035587999 ], [ -99.159721365045513, 19.347224947859196 ], [ -99.159885391779596, 19.34680025039 ], [ -99.159909152946696, 19.346738727861901 ], [ -99.159604726216898, 19.346671526351297 ], [ -99.159631063709298, 19.346575707494395 ], [ -99.159675112267806, 19.346413266019098 ], [ -99.159764599575709, 19.346114112459503 ], [ -99.160283271129117, 19.346167951552495 ], [ -99.160488266225983, 19.345219425576698 ], [ -99.160495244758692, 19.345195871934397 ], [ -99.160551299965292, 19.345005790737098 ], [ -99.1607336458585, 19.344344217895195 ], [ -99.161410334587487, 19.344421233941102 ], [ -99.161531205785806, 19.344434990395204 ], [ -99.161931085054206, 19.344480500406899 ], [ -99.163555963659604, 19.344665417536895 ], [ -99.164064336850885, 19.344724322557195 ], [ -99.164582000807584, 19.3447843025927 ], [ -99.165071583499113, 19.344841027548298 ], [ -99.166006119678997, 19.3449493027816 ], [ -99.166389492943793, 19.345004713721099 ], [ -99.167784253365596, 19.345175648765 ], [ -99.167671198747598, 19.345462539667004 ], [ -99.167535013995803, 19.346035406432495 ], [ -99.167530708689398, 19.346668275101095 ], [ -99.167301137445904, 19.346663924449505 ], [ -99.1670406575914, 19.346551171136795 ], [ -99.166960273891206, 19.346815998581498 ], [ -99.166836193050898, 19.347071296587004 ], [ -99.166742065237898, 19.347039484704293 ], [ -99.166519637364487, 19.347646389995695 ], [ -99.16624043738679, 19.347572154127498 ], [ -99.166107251841211, 19.348112633596099 ], [ -99.166169442667993, 19.348136708868697 ], [ -99.165909711323096, 19.349266328431199 ], [ -99.164268838039007, 19.349207958762101 ], [ -99.164138600497708, 19.349730273076698 ], [ -99.163895534433379, 19.350705074217899 ], [ -99.162766623690999, 19.350395206140803 ], [ -99.1625807782858, 19.351150008947197 ], [ -99.161721006463793, 19.351335583225897 ], [ -99.161549842204508, 19.3505271955753 ], [ -99.161622758311623, 19.350427026005793 ], [ -99.161729329083585, 19.3499868141223 ], [ -99.161816674490396, 19.349626014661798 ], [ -99.161782180801694, 19.349528098453298 ] ] ] } },
{ "type": "Feature", "properties": { "colonia": "Xoco", "alcaldia": "Benito Juarez" }, "geometry": { "type": "Polygon", "coordinates": [ [ [ -99.167655044261195, 19.366336181831002 ], [ -99.167498353441502, 19.366283419097098 ], [ -99.165955335812214, 19.365763804695398 ], [ -99.164697160849997, 19.365340099486701 ], [ -99.163793666933415, 19.3650358305465 ], [ -99.163732805583905, 19.365015334114698 ], [ -99.162931496724909, 19.364745472903397 ], [ -99.162695311763102, 19.364665930742895 ], [ -99.162963412184098, 19.362454384409201 ], [ -99.163000500562404, 19.362110048132092 ], [ -99.163105518267898, 19.361339121095792 ], [ -99.163339589600199, 19.359400643604101 ], [ -99.163388685590107, 19.359040223284001 ], [ -99.16346152213508, 19.358505517449405 ], [ -99.163469755932184, 19.358278932181797 ], [ -99.167272666839096, 19.358486111348604 ], [ -99.167571457492784, 19.358504549491499 ], [ -99.168472875012, 19.358560172280296 ], [ -99.168815073477404, 19.358576046419493 ], [ -99.169303869555094, 19.3585987199092 ], [ -99.169641388851716, 19.358618064952704 ], [ -99.1700849672728, 19.358692818465801 ], [ -99.170295817961502, 19.358756224473598 ], [ -99.170464691935294, 19.358830359523999 ], [ -99.170579079672194, 19.358886609436595 ], [ -99.171031058229204, 19.359127124566001 ], [ -99.171663334064903, 19.3595246559569 ], [ -99.171802919858195, 19.359601082971999 ], [ -99.171782753580899, 19.359655557517303 ], [ -99.171755200493195, 19.359729985764801 ], [ -99.171736275452702, 19.359781107311605 ], [ -99.171343744226419, 19.360516706119302 ], [ -99.171088184700494, 19.361035312433302 ], [ -99.170927885474796, 19.3614001418408 ], [ -99.170733011507195, 19.3618436584817 ], [ -99.170322077911806, 19.362684042682293 ], [ -99.169895767204494, 19.3631814678747 ], [ -99.16906394369451, 19.364253847318 ], [ -99.167655044261195, 19.366336181831002 ] ] ] } }
]
}
